trial_id,model,scenario,client,operation,key,version_written,version_observed,read_cl,write_cl,target_node,success,violation,latency_ms,timestamp,error
c8b0068e-a8f3-46d1-9679-3c07382694f5:ONE:ONE:1,RYW,node_failure,A,WRITE,0f2deec2-0ada-4046-ad03-693baec26ef0,1,,ONE,ONE,node1,True,,9.151,2026-09-16T20:48:07.565862+08:00,
c8b0068e-a8f3-46d1-9679-3c07382694f5:ONE:ONE:1,RYW,node_failure,A,READ,0f2deec2-0ada-4046-ad03-693baec26ef0,1,1,ONE,ONE,node2,True,False,15.655,2026-09-16T20:48:07.575482+08:00,
c8b0068e-a8f3-46d1-9679-3c07382694f5:ONE:ONE:2,RYW,node_failure,A,WRITE,9d4c93f2-c7a0-46aa-aab4-51c4c4996c44,1,,ONE,ONE,node1,True,,14.085,2026-09-16T20:48:07.591088+08:00,
c8b0068e-a8f3-46d1-9679-3c07382694f5:ONE:ONE:2,RYW,node_failure,A,READ,9d4c93f2-c7a0-46aa-aab4-51c4c4996c44,1,1,ONE,ONE,node2,True,False,16.239,2026-09-16T20:48:07.605434+08:00,
c8b0068e-a8f3-46d1-9679-3c07382694f5:ONE:ONE:3,RYW,node_failure,A,WRITE,eacb30b8-d031-4450-87a2-77305d6fc9ea,1,,ONE,ONE,node1,True,,13.973,2026-09-16T20:48:07.621471+08:00,
c8b0068e-a8f3-46d1-9679-3c07382694f5:ONE:ONE:3,RYW,node_failure,A,READ,eacb30b8-d031-4450-87a2-77305d6fc9ea,1,1,ONE,ONE,node2,True,False,17.336,2026-09-16T20:48:07.635922+08:00,
c8b0068e-a8f3-46d1-9679-3c07382694f5:ONE:ONE:4,RYW,node_failure,A,WRITE,8052ee69-e104-47a7-a971-e47b62789834,1,,ONE,ONE,node1,True,,13.855,2026-09-16T20:48:07.653047+08:00,
c8b0068e-a8f3-46d1-9679-3c07382694f5:ONE:ONE:4,RYW,node_failure,A,READ,8052ee69-e104-47a7-a971-e47b62789834,1,1,ONE,ONE,node2,True,False,15.483,2026-09-16T20:48:07.666692+08:00,
c8b0068e-a8f3-46d1-9679-3c07382694f5:ONE:ONE:5,RYW,node_failure,A,WRITE,3d858cf2-12ae-4c4e-a155-48a953dc7c5e,1,,ONE,ONE,node1,True,,15.667,2026-09-16T20:48:07.682695+08:00,
c8b0068e-a8f3-46d1-9679-3c07382694f5:ONE:ONE:5,RYW,node_failure,A,READ,3d858cf2-12ae-4c4e-a155-48a953dc7c5e,1,1,ONE,ONE,node2,True,False,17.086,2026-09-16T20:48:07.698535+08:00,
c8b0068e-a8f3-46d1-9679-3c07382694f5:ONE:ONE:6,RYW,node_failure,A,WRITE,f4bf6b6c-10b7-4240-b944-c9293cbfe7dc,1,,ONE,ONE,node1,True,,14.807,2026-09-16T20:48:07.715606+08:00,
c8b0068e-a8f3-46d1-9679-3c07382694f5:ONE:ONE:6,RYW,node_failure,A,READ,f4bf6b6c-10b7-4240-b944-c9293cbfe7dc,1,1,ONE,ONE,node2,True,False,16.125,2026-09-16T20:48:07.730251+08:00,
c8b0068e-a8f3-46d1-9679-3c07382694f5:ONE:ONE:7,RYW,node_failure,A,WRITE,17bc83da-9503-480d-8d2b-f5f8cf90602b,1,,ONE,ONE,node1,True,,14.925,2026-09-16T20:48:07.746667+08:00,
c8b0068e-a8f3-46d1-9679-3c07382694f5:ONE:ONE:7,RYW,node_failure,A,READ,17bc83da-9503-480d-8d2b-f5f8cf90602b,1,1,ONE,ONE,node2,True,False,17.635,2026-09-16T20:48:07.761441+08:00,
c8b0068e-a8f3-46d1-9679-3c07382694f5:ONE:ONE:8,RYW,node_failure,A,WRITE,8cb86610-71d1-4b2c-ae31-3557cad5b45f,1,,ONE,ONE,node1,True,,15.063,2026-09-16T20:48:07.779397+08:00,
c8b0068e-a8f3-46d1-9679-3c07382694f5:ONE:ONE:8,RYW,node_failure,A,READ,8cb86610-71d1-4b2c-ae31-3557cad5b45f,1,1,ONE,ONE,node2,True,False,15.783,2026-09-16T20:48:07.794798+08:00,
c8b0068e-a8f3-46d1-9679-3c07382694f5:ONE:ONE:9,RYW,node_failure,A,WRITE,fb5abee0-8850-4b5d-85b0-44045e572efe,1,,ONE,ONE,node1,True,,14.81,2026-09-16T20:48:07.810585+08:00,
c8b0068e-a8f3-46d1-9679-3c07382694f5:ONE:ONE:9,RYW,node_failure,A,READ,fb5abee0-8850-4b5d-85b0-44045e572efe,1,1,ONE,ONE,node2,True,False,15.804,2026-09-16T20:48:07.825702+08:00,
c8b0068e-a8f3-46d1-9679-3c07382694f5:ONE:ONE:10,RYW,node_failure,A,WRITE,de37094f-a649-42eb-a4cb-96d608b296cb,1,,ONE,ONE,node1,True,,15.235,2026-09-16T20:48:07.841426+08:00,
c8b0068e-a8f3-46d1-9679-3c07382694f5:ONE:ONE:10,RYW,node_failure,A,READ,de37094f-a649-42eb-a4cb-96d608b296cb,1,1,ONE,ONE,node2,True,False,15.778,2026-09-16T20:48:07.857006+08:00,
c8b0068e-a8f3-46d1-9679-3c07382694f5:ONE:ONE:11,RYW,node_failure,A,WRITE,8b3d453a-b532-45b2-b34d-2db0a0d0c15c,1,,ONE,ONE,node1,True,,15.593,2026-09-16T20:48:07.872603+08:00,
c8b0068e-a8f3-46d1-9679-3c07382694f5:ONE:ONE:11,RYW,node_failure,A,READ,8b3d453a-b532-45b2-b34d-2db0a0d0c15c,1,1,ONE,ONE,node2,True,False,17.701,2026-09-16T20:48:07.888021+08:00,
c8b0068e-a8f3-46d1-9679-3c07382694f5:ONE:ONE:12,RYW,node_failure,A,WRITE,56479dc3-3896-4827-85be-ce514fec2c18,1,,ONE,ONE,node1,True,,14.055,2026-09-16T20:48:07.906093+08:00,
c8b0068e-a8f3-46d1-9679-3c07382694f5:ONE:ONE:12,RYW,node_failure,A,READ,56479dc3-3896-4827-85be-ce514fec2c18,1,1,ONE,ONE,node2,True,False,16.434,2026-09-16T20:48:07.920570+08:00,
c8b0068e-a8f3-46d1-9679-3c07382694f5:ONE:ONE:13,RYW,node_failure,A,WRITE,a92055a3-e0cb-4dc4-b9a0-874508b4a0a5,1,,ONE,ONE,node1,True,,13.581,2026-09-16T20:48:07.936749+08:00,
c8b0068e-a8f3-46d1-9679-3c07382694f5:ONE:ONE:13,RYW,node_failure,A,READ,a92055a3-e0cb-4dc4-b9a0-874508b4a0a5,1,1,ONE,ONE,node2,True,False,16.396,2026-09-16T20:48:07.950805+08:00,
c8b0068e-a8f3-46d1-9679-3c07382694f5:ONE:ONE:14,RYW,node_failure,A,WRITE,3237a565-5eeb-4d68-affe-4bba342c95ce,1,,ONE,ONE,node1,True,,15.601,2026-09-16T20:48:07.967071+08:00,
c8b0068e-a8f3-46d1-9679-3c07382694f5:ONE:ONE:14,RYW,node_failure,A,READ,3237a565-5eeb-4d68-affe-4bba342c95ce,1,1,ONE,ONE,node2,True,False,17.568,2026-09-16T20:48:07.982934+08:00,
c8b0068e-a8f3-46d1-9679-3c07382694f5:ONE:ONE:15,RYW,node_failure,A,WRITE,f7c3d45c-f4fa-47d0-b409-2aa088496710,1,,ONE,ONE,node1,True,,13.915,2026-09-16T20:48:08.000321+08:00,
c8b0068e-a8f3-46d1-9679-3c07382694f5:ONE:ONE:15,RYW,node_failure,A,READ,f7c3d45c-f4fa-47d0-b409-2aa088496710,1,1,ONE,ONE,node2,True,False,16.031,2026-09-16T20:48:08.014199+08:00,
c8b0068e-a8f3-46d1-9679-3c07382694f5:ONE:ONE:16,RYW,node_failure,A,WRITE,257a1a32-70a2-4a6e-82ea-fc58b52d0af0,1,,ONE,ONE,node1,True,,15.146,2026-09-16T20:48:08.030538+08:00,
c8b0068e-a8f3-46d1-9679-3c07382694f5:ONE:ONE:16,RYW,node_failure,A,READ,257a1a32-70a2-4a6e-82ea-fc58b52d0af0,1,1,ONE,ONE,node2,True,False,17.413,2026-09-16T20:48:08.045554+08:00,
c8b0068e-a8f3-46d1-9679-3c07382694f5:ONE:ONE:17,RYW,node_failure,A,WRITE,958bbc31-017c-486c-9b2f-8802585f7738,1,,ONE,ONE,node1,True,,14.849,2026-09-16T20:48:08.063300+08:00,
c8b0068e-a8f3-46d1-9679-3c07382694f5:ONE:ONE:17,RYW,node_failure,A,READ,958bbc31-017c-486c-9b2f-8802585f7738,1,1,ONE,ONE,node2,True,False,16.738,2026-09-16T20:48:08.077879+08:00,
c8b0068e-a8f3-46d1-9679-3c07382694f5:ONE:ONE:18,RYW,node_failure,A,WRITE,88bea035-a3be-4e45-91e2-3a43c1b8983d,1,,ONE,ONE,node1,True,,13.689,2026-09-16T20:48:08.095065+08:00,
c8b0068e-a8f3-46d1-9679-3c07382694f5:ONE:ONE:18,RYW,node_failure,A,READ,88bea035-a3be-4e45-91e2-3a43c1b8983d,1,1,ONE,ONE,node2,True,False,16.04,2026-09-16T20:48:08.109078+08:00,
c8b0068e-a8f3-46d1-9679-3c07382694f5:ONE:ONE:19,RYW,node_failure,A,WRITE,2fc137a5-4729-48b1-bc15-2e4a97dc029f,1,,ONE,ONE,node1,True,,14.829,2026-09-16T20:48:08.124882+08:00,
c8b0068e-a8f3-46d1-9679-3c07382694f5:ONE:ONE:19,RYW,node_failure,A,READ,2fc137a5-4729-48b1-bc15-2e4a97dc029f,1,1,ONE,ONE,node2,True,False,15.504,2026-09-16T20:48:08.139526+08:00,
c8b0068e-a8f3-46d1-9679-3c07382694f5:ONE:ONE:20,RYW,node_failure,A,WRITE,dd297361-652f-4fe7-9789-7918d52941aa,1,,ONE,ONE,node1,True,,15.271,2026-09-16T20:48:08.155594+08:00,
c8b0068e-a8f3-46d1-9679-3c07382694f5:ONE:ONE:20,RYW,node_failure,A,READ,dd297361-652f-4fe7-9789-7918d52941aa,1,1,ONE,ONE,node2,True,False,18.773,2026-09-16T20:48:08.170762+08:00,
c8b0068e-a8f3-46d1-9679-3c07382694f5:ONE:ONE:21,RYW,node_failure,A,WRITE,ea072021-b62d-41cf-82ee-925970042c69,1,,ONE,ONE,node1,True,,12.644,2026-09-16T20:48:08.189611+08:00,
c8b0068e-a8f3-46d1-9679-3c07382694f5:ONE:ONE:21,RYW,node_failure,A,READ,ea072021-b62d-41cf-82ee-925970042c69,1,1,ONE,ONE,node2,True,False,15.478,2026-09-16T20:48:08.202298+08:00,
c8b0068e-a8f3-46d1-9679-3c07382694f5:ONE:ONE:22,RYW,node_failure,A,WRITE,2b4a03f3-b126-4465-a6a4-434a1d9ebb2f,1,,ONE,ONE,node1,True,,14.627,2026-09-16T20:48:08.218119+08:00,
c8b0068e-a8f3-46d1-9679-3c07382694f5:ONE:ONE:22,RYW,node_failure,A,READ,2b4a03f3-b126-4465-a6a4-434a1d9ebb2f,1,1,ONE,ONE,node2,True,False,16.881,2026-09-16T20:48:08.232640+08:00,
c8b0068e-a8f3-46d1-9679-3c07382694f5:ONE:ONE:23,RYW,node_failure,A,WRITE,0f2dce9f-f96b-4da5-bcd6-e72840170341,1,,ONE,ONE,node1,True,,14.325,2026-09-16T20:48:08.249827+08:00,
c8b0068e-a8f3-46d1-9679-3c07382694f5:ONE:ONE:23,RYW,node_failure,A,READ,0f2dce9f-f96b-4da5-bcd6-e72840170341,1,1,ONE,ONE,node2,True,False,16.229,2026-09-16T20:48:08.264021+08:00,
c8b0068e-a8f3-46d1-9679-3c07382694f5:ONE:ONE:24,RYW,node_failure,A,WRITE,79c8adf5-9bdd-43a2-acf2-87162e65fe44,1,,ONE,ONE,node1,True,,14.429,2026-09-16T20:48:08.280573+08:00,
c8b0068e-a8f3-46d1-9679-3c07382694f5:ONE:ONE:24,RYW,node_failure,A,READ,79c8adf5-9bdd-43a2-acf2-87162e65fe44,1,1,ONE,ONE,node2,True,False,16.904,2026-09-16T20:48:08.294835+08:00,
c8b0068e-a8f3-46d1-9679-3c07382694f5:ONE:ONE:25,RYW,node_failure,A,WRITE,6ffae529-caab-4a7f-81e7-632c44616b22,1,,ONE,ONE,node1,True,,14.422,2026-09-16T20:48:08.312043+08:00,
c8b0068e-a8f3-46d1-9679-3c07382694f5:ONE:ONE:25,RYW,node_failure,A,READ,6ffae529-caab-4a7f-81e7-632c44616b22,1,1,ONE,ONE,node2,True,False,16.757,2026-09-16T20:48:08.326350+08:00,
c8b0068e-a8f3-46d1-9679-3c07382694f5:ONE:ONE:26,RYW,node_failure,A,WRITE,5f5fa188-0695-4861-8fe1-e86d494cf8c0,1,,ONE,ONE,node1,True,,14.482,2026-09-16T20:48:08.343434+08:00,
c8b0068e-a8f3-46d1-9679-3c07382694f5:ONE:ONE:26,RYW,node_failure,A,READ,5f5fa188-0695-4861-8fe1-e86d494cf8c0,1,1,ONE,ONE,node2,True,False,17.176,2026-09-16T20:48:08.357761+08:00,
c8b0068e-a8f3-46d1-9679-3c07382694f5:ONE:ONE:27,RYW,node_failure,A,WRITE,b4ff09a6-32c6-422f-8dae-bae7771840fe,1,,ONE,ONE,node1,True,,14.523,2026-09-16T20:48:08.375203+08:00,
c8b0068e-a8f3-46d1-9679-3c07382694f5:ONE:ONE:27,RYW,node_failure,A,READ,b4ff09a6-32c6-422f-8dae-bae7771840fe,1,1,ONE,ONE,node2,True,False,15.64,2026-09-16T20:48:08.389559+08:00,
c8b0068e-a8f3-46d1-9679-3c07382694f5:ONE:ONE:28,RYW,node_failure,A,WRITE,d7dd497f-a30e-4735-9a6c-8c0dc3c495f8,1,,ONE,ONE,node1,True,,15.735,2026-09-16T20:48:08.405657+08:00,
c8b0068e-a8f3-46d1-9679-3c07382694f5:ONE:ONE:28,RYW,node_failure,A,READ,d7dd497f-a30e-4735-9a6c-8c0dc3c495f8,1,1,ONE,ONE,node2,True,False,16.607,2026-09-16T20:48:08.421547+08:00,
c8b0068e-a8f3-46d1-9679-3c07382694f5:ONE:ONE:29,RYW,node_failure,A,WRITE,8692b47c-a277-47b9-8cc4-99f853a7bd0e,1,,ONE,ONE,node1,True,,14.392,2026-09-16T20:48:08.437919+08:00,
c8b0068e-a8f3-46d1-9679-3c07382694f5:ONE:ONE:29,RYW,node_failure,A,READ,8692b47c-a277-47b9-8cc4-99f853a7bd0e,1,1,ONE,ONE,node2,True,False,16.752,2026-09-16T20:48:08.452295+08:00,
c8b0068e-a8f3-46d1-9679-3c07382694f5:ONE:ONE:30,RYW,node_failure,A,WRITE,b8461493-fbe9-4366-b7e4-7ae9bda0d6bc,1,,ONE,ONE,node1,True,,14.603,2026-09-16T20:48:08.469270+08:00,
c8b0068e-a8f3-46d1-9679-3c07382694f5:ONE:ONE:30,RYW,node_failure,A,READ,b8461493-fbe9-4366-b7e4-7ae9bda0d6bc,1,1,ONE,ONE,node2,True,False,16.919,2026-09-16T20:48:08.483904+08:00,
c8b0068e-a8f3-46d1-9679-3c07382694f5:ONE:ONE:31,RYW,node_failure,A,WRITE,25804712-2665-4b9f-9e39-cf45d02e7695,1,,ONE,ONE,node1,True,,14.619,2026-09-16T20:48:08.501189+08:00,
c8b0068e-a8f3-46d1-9679-3c07382694f5:ONE:ONE:31,RYW,node_failure,A,READ,25804712-2665-4b9f-9e39-cf45d02e7695,1,1,ONE,ONE,node2,True,False,15.806,2026-09-16T20:48:08.515660+08:00,
c8b0068e-a8f3-46d1-9679-3c07382694f5:ONE:ONE:32,RYW,node_failure,A,WRITE,3be44d7f-a98d-48b9-8495-008a2a44351b,1,,ONE,ONE,node1,True,,14.819,2026-09-16T20:48:08.531636+08:00,
c8b0068e-a8f3-46d1-9679-3c07382694f5:ONE:ONE:32,RYW,node_failure,A,READ,3be44d7f-a98d-48b9-8495-008a2a44351b,1,1,ONE,ONE,node2,True,False,16.024,2026-09-16T20:48:08.546433+08:00,
c8b0068e-a8f3-46d1-9679-3c07382694f5:ONE:ONE:33,RYW,node_failure,A,WRITE,27aa9ef2-473f-4f23-8b96-96eee8e05f11,1,,ONE,ONE,node1,True,,14.662,2026-09-16T20:48:08.562797+08:00,
c8b0068e-a8f3-46d1-9679-3c07382694f5:ONE:ONE:33,RYW,node_failure,A,READ,27aa9ef2-473f-4f23-8b96-96eee8e05f11,1,1,ONE,ONE,node2,True,False,15.809,2026-09-16T20:48:08.577688+08:00,
c8b0068e-a8f3-46d1-9679-3c07382694f5:ONE:ONE:34,RYW,node_failure,A,WRITE,09805d6b-d9c2-4b39-aadb-e4b281cfc202,1,,ONE,ONE,node1,True,,14.348,2026-09-16T20:48:08.593480+08:00,
c8b0068e-a8f3-46d1-9679-3c07382694f5:ONE:ONE:34,RYW,node_failure,A,READ,09805d6b-d9c2-4b39-aadb-e4b281cfc202,1,1,ONE,ONE,node2,True,False,16.221,2026-09-16T20:48:08.607678+08:00,
c8b0068e-a8f3-46d1-9679-3c07382694f5:ONE:ONE:35,RYW,node_failure,A,WRITE,fdfcf66b-b7c9-48e0-b216-e730969569e4,1,,ONE,ONE,node1,True,,15.322,2026-09-16T20:48:08.624176+08:00,
c8b0068e-a8f3-46d1-9679-3c07382694f5:ONE:ONE:35,RYW,node_failure,A,READ,fdfcf66b-b7c9-48e0-b216-e730969569e4,1,1,ONE,ONE,node2,True,False,16.202,2026-09-16T20:48:08.639363+08:00,
c8b0068e-a8f3-46d1-9679-3c07382694f5:ONE:ONE:36,RYW,node_failure,A,WRITE,b1c9b754-5f2b-49d1-b481-0feb790fd741,1,,ONE,ONE,node1,True,,14.79,2026-09-16T20:48:08.655904+08:00,
c8b0068e-a8f3-46d1-9679-3c07382694f5:ONE:ONE:36,RYW,node_failure,A,READ,b1c9b754-5f2b-49d1-b481-0feb790fd741,1,1,ONE,ONE,node2,True,False,16.275,2026-09-16T20:48:08.670511+08:00,
c8b0068e-a8f3-46d1-9679-3c07382694f5:ONE:ONE:37,RYW,node_failure,A,WRITE,8f0dc6db-d85b-4505-a4e5-d4387711f4d2,1,,ONE,ONE,node1,True,,15.84,2026-09-16T20:48:08.687036+08:00,
c8b0068e-a8f3-46d1-9679-3c07382694f5:ONE:ONE:37,RYW,node_failure,A,READ,8f0dc6db-d85b-4505-a4e5-d4387711f4d2,1,1,ONE,ONE,node2,True,False,14.621,2026-09-16T20:48:08.702674+08:00,
c8b0068e-a8f3-46d1-9679-3c07382694f5:ONE:ONE:38,RYW,node_failure,A,WRITE,9c474c31-502d-4efb-bce6-aa60a6dc1a4f,1,,ONE,ONE,node1,True,,14.257,2026-09-16T20:48:08.717745+08:00,
c8b0068e-a8f3-46d1-9679-3c07382694f5:ONE:ONE:38,RYW,node_failure,A,READ,9c474c31-502d-4efb-bce6-aa60a6dc1a4f,1,1,ONE,ONE,node2,True,False,16.269,2026-09-16T20:48:08.731865+08:00,
c8b0068e-a8f3-46d1-9679-3c07382694f5:ONE:ONE:39,RYW,node_failure,A,WRITE,1f438b3a-08c9-4649-bdd4-6ab465f001b6,1,,ONE,ONE,node1,True,,15.68,2026-09-16T20:48:08.748432+08:00,
c8b0068e-a8f3-46d1-9679-3c07382694f5:ONE:ONE:39,RYW,node_failure,A,READ,1f438b3a-08c9-4649-bdd4-6ab465f001b6,1,1,ONE,ONE,node2,True,False,15.417,2026-09-16T20:48:08.763910+08:00,
c8b0068e-a8f3-46d1-9679-3c07382694f5:ONE:ONE:40,RYW,node_failure,A,WRITE,cf806282-3ca3-4903-adca-8bf8d22d2b01,1,,ONE,ONE,node1,True,,29.123,2026-09-16T20:48:08.779602+08:00,
c8b0068e-a8f3-46d1-9679-3c07382694f5:ONE:ONE:40,RYW,node_failure,A,READ,cf806282-3ca3-4903-adca-8bf8d22d2b01,1,1,ONE,ONE,node2,True,False,17.913,2026-09-16T20:48:08.808737+08:00,
c8b0068e-a8f3-46d1-9679-3c07382694f5:ONE:ONE:41,RYW,node_failure,A,WRITE,ad8f9718-0348-4f77-9890-b5b2045ed1fe,1,,ONE,ONE,node1,True,,14.326,2026-09-16T20:48:08.826811+08:00,
c8b0068e-a8f3-46d1-9679-3c07382694f5:ONE:ONE:41,RYW,node_failure,A,READ,ad8f9718-0348-4f77-9890-b5b2045ed1fe,1,1,ONE,ONE,node2,True,False,16.293,2026-09-16T20:48:08.841060+08:00,
c8b0068e-a8f3-46d1-9679-3c07382694f5:ONE:ONE:42,RYW,node_failure,A,WRITE,fd70e279-f481-43fe-b7a6-3725c55195f5,1,,ONE,ONE,node1,True,,14.853,2026-09-16T20:48:08.857698+08:00,
c8b0068e-a8f3-46d1-9679-3c07382694f5:ONE:ONE:42,RYW,node_failure,A,READ,fd70e279-f481-43fe-b7a6-3725c55195f5,1,1,ONE,ONE,node2,True,False,15.613,2026-09-16T20:48:08.872311+08:00,
c8b0068e-a8f3-46d1-9679-3c07382694f5:ONE:ONE:43,RYW,node_failure,A,WRITE,334f95b3-871b-42a5-8f2a-df9709ceb234,1,,ONE,ONE,node1,True,,14.864,2026-09-16T20:48:08.888219+08:00,
c8b0068e-a8f3-46d1-9679-3c07382694f5:ONE:ONE:43,RYW,node_failure,A,READ,334f95b3-871b-42a5-8f2a-df9709ceb234,1,1,ONE,ONE,node2,True,False,15.511,2026-09-16T20:48:08.902909+08:00,
c8b0068e-a8f3-46d1-9679-3c07382694f5:ONE:ONE:44,RYW,node_failure,A,WRITE,fc14248a-6d77-4a94-b080-343843128aab,1,,ONE,ONE,node1,True,,15.796,2026-09-16T20:48:08.918938+08:00,
c8b0068e-a8f3-46d1-9679-3c07382694f5:ONE:ONE:44,RYW,node_failure,A,READ,fc14248a-6d77-4a94-b080-343843128aab,1,1,ONE,ONE,node2,True,False,16.135,2026-09-16T20:48:08.934453+08:00,
c8b0068e-a8f3-46d1-9679-3c07382694f5:ONE:ONE:45,RYW,node_failure,A,WRITE,966d96e3-7c9d-4b24-86cb-6231e935a6a6,1,,ONE,ONE,node1,True,,15.067,2026-09-16T20:48:08.951158+08:00,
c8b0068e-a8f3-46d1-9679-3c07382694f5:ONE:ONE:45,RYW,node_failure,A,READ,966d96e3-7c9d-4b24-86cb-6231e935a6a6,1,1,ONE,ONE,node2,True,False,15.765,2026-09-16T20:48:08.966112+08:00,
c8b0068e-a8f3-46d1-9679-3c07382694f5:ONE:ONE:46,RYW,node_failure,A,WRITE,72db42ff-fe76-4cbf-bdec-c3131389ed4f,1,,ONE,ONE,node1,True,,14.774,2026-09-16T20:48:08.982075+08:00,
c8b0068e-a8f3-46d1-9679-3c07382694f5:ONE:ONE:46,RYW,node_failure,A,READ,72db42ff-fe76-4cbf-bdec-c3131389ed4f,1,1,ONE,ONE,node2,True,False,17.197,2026-09-16T20:48:08.996644+08:00,
c8b0068e-a8f3-46d1-9679-3c07382694f5:ONE:ONE:47,RYW,node_failure,A,WRITE,18a5e434-938b-4a7d-a771-8b7e4407e2d9,1,,ONE,ONE,node1,True,,14.429,2026-09-16T20:48:09.014169+08:00,
c8b0068e-a8f3-46d1-9679-3c07382694f5:ONE:ONE:47,RYW,node_failure,A,READ,18a5e434-938b-4a7d-a771-8b7e4407e2d9,1,1,ONE,ONE,node2,True,False,17.105,2026-09-16T20:48:09.028447+08:00,
c8b0068e-a8f3-46d1-9679-3c07382694f5:ONE:ONE:48,RYW,node_failure,A,WRITE,35a1b924-1868-45a4-b909-1d58d93914cb,1,,ONE,ONE,node1,True,,13.703,2026-09-16T20:48:09.045930+08:00,
c8b0068e-a8f3-46d1-9679-3c07382694f5:ONE:ONE:48,RYW,node_failure,A,READ,35a1b924-1868-45a4-b909-1d58d93914cb,1,1,ONE,ONE,node2,True,False,15.99,2026-09-16T20:48:09.059407+08:00,
c8b0068e-a8f3-46d1-9679-3c07382694f5:ONE:ONE:49,RYW,node_failure,A,WRITE,e00618c9-1b6a-4296-afd9-4bcfa295b5d0,1,,ONE,ONE,node1,True,,15.747,2026-09-16T20:48:09.075799+08:00,
c8b0068e-a8f3-46d1-9679-3c07382694f5:ONE:ONE:49,RYW,node_failure,A,READ,e00618c9-1b6a-4296-afd9-4bcfa295b5d0,1,1,ONE,ONE,node2,True,False,17.247,2026-09-16T20:48:09.091353+08:00,
c8b0068e-a8f3-46d1-9679-3c07382694f5:ONE:ONE:50,RYW,node_failure,A,WRITE,977cd2b9-31c7-463b-b503-d0f81df8f1ae,1,,ONE,ONE,node1,True,,14.112,2026-09-16T20:48:09.108829+08:00,
c8b0068e-a8f3-46d1-9679-3c07382694f5:ONE:ONE:50,RYW,node_failure,A,READ,977cd2b9-31c7-463b-b503-d0f81df8f1ae,1,1,ONE,ONE,node2,True,False,16.914,2026-09-16T20:48:09.122906+08:00,
c8b0068e-a8f3-46d1-9679-3c07382694f5:ONE:ONE:51,RYW,node_failure,A,WRITE,2667fe99-4f46-46cd-b755-8bc46a02e82b,1,,ONE,ONE,node1,True,,14.413,2026-09-16T20:48:09.140062+08:00,
c8b0068e-a8f3-46d1-9679-3c07382694f5:ONE:ONE:51,RYW,node_failure,A,READ,2667fe99-4f46-46cd-b755-8bc46a02e82b,1,1,ONE,ONE,node2,True,False,16.573,2026-09-16T20:48:09.154445+08:00,
c8b0068e-a8f3-46d1-9679-3c07382694f5:ONE:ONE:52,RYW,node_failure,A,WRITE,ed589072-6358-4cc3-867c-4bc4af5738ea,1,,ONE,ONE,node1,True,,14.654,2026-09-16T20:48:09.171328+08:00,
c8b0068e-a8f3-46d1-9679-3c07382694f5:ONE:ONE:52,RYW,node_failure,A,READ,ed589072-6358-4cc3-867c-4bc4af5738ea,1,1,ONE,ONE,node2,True,False,16.401,2026-09-16T20:48:09.185812+08:00,
c8b0068e-a8f3-46d1-9679-3c07382694f5:ONE:ONE:53,RYW,node_failure,A,WRITE,4fd8c9f8-ba7d-471d-9313-75da4487f269,1,,ONE,ONE,node1,True,,15.241,2026-09-16T20:48:09.202602+08:00,
c8b0068e-a8f3-46d1-9679-3c07382694f5:ONE:ONE:53,RYW,node_failure,A,READ,4fd8c9f8-ba7d-471d-9313-75da4487f269,1,1,ONE,ONE,node2,True,False,15.995,2026-09-16T20:48:09.217519+08:00,
c8b0068e-a8f3-46d1-9679-3c07382694f5:ONE:ONE:54,RYW,node_failure,A,WRITE,dcc59d2b-28b3-46db-93dc-2231617899bf,1,,ONE,ONE,node1,True,,14.426,2026-09-16T20:48:09.233943+08:00,
c8b0068e-a8f3-46d1-9679-3c07382694f5:ONE:ONE:54,RYW,node_failure,A,READ,dcc59d2b-28b3-46db-93dc-2231617899bf,1,1,ONE,ONE,node2,True,False,15.387,2026-09-16T20:48:09.248158+08:00,
c8b0068e-a8f3-46d1-9679-3c07382694f5:ONE:ONE:55,RYW,node_failure,A,WRITE,4a2068b8-6719-4d96-b9f8-e5a57ae9b16d,1,,ONE,ONE,node1,True,,14.62,2026-09-16T20:48:09.263924+08:00,
c8b0068e-a8f3-46d1-9679-3c07382694f5:ONE:ONE:55,RYW,node_failure,A,READ,4a2068b8-6719-4d96-b9f8-e5a57ae9b16d,1,1,ONE,ONE,node2,True,False,16.408,2026-09-16T20:48:09.278401+08:00,
c8b0068e-a8f3-46d1-9679-3c07382694f5:ONE:ONE:56,RYW,node_failure,A,WRITE,a58898b3-86f5-4f8f-94e9-a269fe7d4d10,1,,ONE,ONE,node1,True,,14.65,2026-09-16T20:48:09.295170+08:00,
c8b0068e-a8f3-46d1-9679-3c07382694f5:ONE:ONE:56,RYW,node_failure,A,READ,a58898b3-86f5-4f8f-94e9-a269fe7d4d10,1,1,ONE,ONE,node2,True,False,16.659,2026-09-16T20:48:09.309599+08:00,
c8b0068e-a8f3-46d1-9679-3c07382694f5:ONE:ONE:57,RYW,node_failure,A,WRITE,a459eb81-8005-494f-bc2d-3cba7c869f89,1,,ONE,ONE,node1,True,,14.607,2026-09-16T20:48:09.326604+08:00,
c8b0068e-a8f3-46d1-9679-3c07382694f5:ONE:ONE:57,RYW,node_failure,A,READ,a459eb81-8005-494f-bc2d-3cba7c869f89,1,1,ONE,ONE,node2,True,False,16.946,2026-09-16T20:48:09.341014+08:00,
c8b0068e-a8f3-46d1-9679-3c07382694f5:ONE:ONE:58,RYW,node_failure,A,WRITE,c0a56893-1baf-4cd2-944d-e5bb762535b5,1,,ONE,ONE,node1,True,,14.745,2026-09-16T20:48:09.358286+08:00,
c8b0068e-a8f3-46d1-9679-3c07382694f5:ONE:ONE:58,RYW,node_failure,A,READ,c0a56893-1baf-4cd2-944d-e5bb762535b5,1,1,ONE,ONE,node2,True,False,15.742,2026-09-16T20:48:09.372726+08:00,
c8b0068e-a8f3-46d1-9679-3c07382694f5:ONE:ONE:59,RYW,node_failure,A,WRITE,d0dad3a5-12cf-4dd7-a8d5-834d3c3ef761,1,,ONE,ONE,node1,True,,15.05,2026-09-16T20:48:09.388991+08:00,
c8b0068e-a8f3-46d1-9679-3c07382694f5:ONE:ONE:59,RYW,node_failure,A,READ,d0dad3a5-12cf-4dd7-a8d5-834d3c3ef761,1,1,ONE,ONE,node2,True,False,15.57,2026-09-16T20:48:09.403767+08:00,
c8b0068e-a8f3-46d1-9679-3c07382694f5:ONE:ONE:60,RYW,node_failure,A,WRITE,307d23d7-97d5-4a3d-b72f-fcc5c9e21458,1,,ONE,ONE,node1,True,,14.721,2026-09-16T20:48:09.419776+08:00,
c8b0068e-a8f3-46d1-9679-3c07382694f5:ONE:ONE:60,RYW,node_failure,A,READ,307d23d7-97d5-4a3d-b72f-fcc5c9e21458,1,1,ONE,ONE,node2,True,False,17.209,2026-09-16T20:48:09.434302+08:00,
c8b0068e-a8f3-46d1-9679-3c07382694f5:ONE:ONE:61,RYW,node_failure,A,WRITE,ac5f5962-18db-44ec-8e34-c51eff953c66,1,,ONE,ONE,node1,True,,14.669,2026-09-16T20:48:09.451759+08:00,
c8b0068e-a8f3-46d1-9679-3c07382694f5:ONE:ONE:61,RYW,node_failure,A,READ,ac5f5962-18db-44ec-8e34-c51eff953c66,1,1,ONE,ONE,node2,True,False,15.405,2026-09-16T20:48:09.466317+08:00,
c8b0068e-a8f3-46d1-9679-3c07382694f5:ONE:ONE:62,RYW,node_failure,A,WRITE,5507b63d-ad6b-4649-a4f4-332a2588ef34,1,,ONE,ONE,node1,True,,14.862,2026-09-16T20:48:09.482158+08:00,
c8b0068e-a8f3-46d1-9679-3c07382694f5:ONE:ONE:62,RYW,node_failure,A,READ,5507b63d-ad6b-4649-a4f4-332a2588ef34,1,1,ONE,ONE,node2,True,False,15.885,2026-09-16T20:48:09.496833+08:00,
c8b0068e-a8f3-46d1-9679-3c07382694f5:ONE:ONE:63,RYW,node_failure,A,WRITE,61a2e6a2-ac03-42fa-8bba-c1ea22fdab53,1,,ONE,ONE,node1,True,,14.353,2026-09-16T20:48:09.513063+08:00,
c8b0068e-a8f3-46d1-9679-3c07382694f5:ONE:ONE:63,RYW,node_failure,A,READ,61a2e6a2-ac03-42fa-8bba-c1ea22fdab53,1,1,ONE,ONE,node2,True,False,16.379,2026-09-16T20:48:09.527181+08:00,
c8b0068e-a8f3-46d1-9679-3c07382694f5:ONE:ONE:64,RYW,node_failure,A,WRITE,0a6da636-0e7b-4fe6-bdd7-797a2c1d06f5,1,,ONE,ONE,node1,True,,14.63,2026-09-16T20:48:09.543924+08:00,
c8b0068e-a8f3-46d1-9679-3c07382694f5:ONE:ONE:64,RYW,node_failure,A,READ,0a6da636-0e7b-4fe6-bdd7-797a2c1d06f5,1,1,ONE,ONE,node2,True,False,16.386,2026-09-16T20:48:09.558411+08:00,
c8b0068e-a8f3-46d1-9679-3c07382694f5:ONE:ONE:65,RYW,node_failure,A,WRITE,5ea471d7-eafb-45cc-9b3b-211e6357c397,1,,ONE,ONE,node1,True,,15.206,2026-09-16T20:48:09.575057+08:00,
c8b0068e-a8f3-46d1-9679-3c07382694f5:ONE:ONE:65,RYW,node_failure,A,READ,5ea471d7-eafb-45cc-9b3b-211e6357c397,1,1,ONE,ONE,node2,True,False,16.873,2026-09-16T20:48:09.590236+08:00,
c8b0068e-a8f3-46d1-9679-3c07382694f5:ONE:ONE:66,RYW,node_failure,A,WRITE,4f81be84-d715-45ae-adc2-22792a310df3,1,,ONE,ONE,node1,True,,14.669,2026-09-16T20:48:09.607426+08:00,
c8b0068e-a8f3-46d1-9679-3c07382694f5:ONE:ONE:66,RYW,node_failure,A,READ,4f81be84-d715-45ae-adc2-22792a310df3,1,1,ONE,ONE,node2,True,False,16.261,2026-09-16T20:48:09.621923+08:00,
c8b0068e-a8f3-46d1-9679-3c07382694f5:ONE:ONE:67,RYW,node_failure,A,WRITE,2c749e6f-310f-484e-a38b-2fd541cf3a68,1,,ONE,ONE,node1,True,,14.665,2026-09-16T20:48:09.638571+08:00,
c8b0068e-a8f3-46d1-9679-3c07382694f5:ONE:ONE:67,RYW,node_failure,A,READ,2c749e6f-310f-484e-a38b-2fd541cf3a68,1,1,ONE,ONE,node2,True,False,16.848,2026-09-16T20:48:09.653009+08:00,
c8b0068e-a8f3-46d1-9679-3c07382694f5:ONE:ONE:68,RYW,node_failure,A,WRITE,49739e99-ae81-4900-81d7-edb3e115be22,1,,ONE,ONE,node1,True,,14.558,2026-09-16T20:48:09.670209+08:00,
c8b0068e-a8f3-46d1-9679-3c07382694f5:ONE:ONE:68,RYW,node_failure,A,READ,49739e99-ae81-4900-81d7-edb3e115be22,1,1,ONE,ONE,node2,True,False,16.211,2026-09-16T20:48:09.684612+08:00,
c8b0068e-a8f3-46d1-9679-3c07382694f5:ONE:ONE:69,RYW,node_failure,A,WRITE,7b49876c-1b36-43be-ac29-3b88fca8b573,1,,ONE,ONE,node1,True,,15.335,2026-09-16T20:48:09.701208+08:00,
c8b0068e-a8f3-46d1-9679-3c07382694f5:ONE:ONE:69,RYW,node_failure,A,READ,7b49876c-1b36-43be-ac29-3b88fca8b573,1,1,ONE,ONE,node2,True,False,16.427,2026-09-16T20:48:09.716278+08:00,
c8b0068e-a8f3-46d1-9679-3c07382694f5:ONE:ONE:70,RYW,node_failure,A,WRITE,d0dbc63e-953d-4f9f-ad56-e3a02a2d971f,1,,ONE,ONE,node1,True,,15.038,2026-09-16T20:48:09.733119+08:00,
c8b0068e-a8f3-46d1-9679-3c07382694f5:ONE:ONE:70,RYW,node_failure,A,READ,d0dbc63e-953d-4f9f-ad56-e3a02a2d971f,1,1,ONE,ONE,node2,True,False,15.888,2026-09-16T20:48:09.747932+08:00,
c8b0068e-a8f3-46d1-9679-3c07382694f5:ONE:ONE:71,RYW,node_failure,A,WRITE,268b276e-9c99-4b39-ad20-ac2f76382d2d,1,,ONE,ONE,node1,True,,14.175,2026-09-16T20:48:09.764175+08:00,
c8b0068e-a8f3-46d1-9679-3c07382694f5:ONE:ONE:71,RYW,node_failure,A,READ,268b276e-9c99-4b39-ad20-ac2f76382d2d,1,1,ONE,ONE,node2,True,False,15.338,2026-09-16T20:48:09.778242+08:00,
c8b0068e-a8f3-46d1-9679-3c07382694f5:ONE:ONE:72,RYW,node_failure,A,WRITE,c6085b2c-487f-4b8d-86a8-98333b6e972c,1,,ONE,ONE,node1,True,,15.281,2026-09-16T20:48:09.793782+08:00,
c8b0068e-a8f3-46d1-9679-3c07382694f5:ONE:ONE:72,RYW,node_failure,A,READ,c6085b2c-487f-4b8d-86a8-98333b6e972c,1,1,ONE,ONE,node2,True,False,16.079,2026-09-16T20:48:09.808979+08:00,
c8b0068e-a8f3-46d1-9679-3c07382694f5:ONE:ONE:73,RYW,node_failure,A,WRITE,1ecf9da0-6545-4694-8493-d4a899bf05f3,1,,ONE,ONE,node1,True,,15.125,2026-09-16T20:48:09.825328+08:00,
c8b0068e-a8f3-46d1-9679-3c07382694f5:ONE:ONE:73,RYW,node_failure,A,READ,1ecf9da0-6545-4694-8493-d4a899bf05f3,1,1,ONE,ONE,node2,True,False,17.045,2026-09-16T20:48:09.840351+08:00,
c8b0068e-a8f3-46d1-9679-3c07382694f5:ONE:ONE:74,RYW,node_failure,A,WRITE,0df8700a-d04f-44d5-93dc-a5330a2d5464,1,,ONE,ONE,node1,True,,14.651,2026-09-16T20:48:09.857731+08:00,
c8b0068e-a8f3-46d1-9679-3c07382694f5:ONE:ONE:74,RYW,node_failure,A,READ,0df8700a-d04f-44d5-93dc-a5330a2d5464,1,1,ONE,ONE,node2,True,False,16.167,2026-09-16T20:48:09.872154+08:00,
c8b0068e-a8f3-46d1-9679-3c07382694f5:ONE:ONE:75,RYW,node_failure,A,WRITE,8d19028f-af2d-4754-b38b-e03b47ab27c0,1,,ONE,ONE,node1,True,,14.568,2026-09-16T20:48:09.888629+08:00,
c8b0068e-a8f3-46d1-9679-3c07382694f5:ONE:ONE:75,RYW,node_failure,A,READ,8d19028f-af2d-4754-b38b-e03b47ab27c0,1,1,ONE,ONE,node2,True,False,17.074,2026-09-16T20:48:09.903081+08:00,
c8b0068e-a8f3-46d1-9679-3c07382694f5:ONE:ONE:76,RYW,node_failure,A,WRITE,0d3099d9-ce5a-40a0-a5c0-f2a2c22c400b,1,,ONE,ONE,node1,True,,13.756,2026-09-16T20:48:09.920479+08:00,
c8b0068e-a8f3-46d1-9679-3c07382694f5:ONE:ONE:76,RYW,node_failure,A,READ,0d3099d9-ce5a-40a0-a5c0-f2a2c22c400b,1,1,ONE,ONE,node2,True,False,14.964,2026-09-16T20:48:09.933952+08:00,
c8b0068e-a8f3-46d1-9679-3c07382694f5:ONE:ONE:77,RYW,node_failure,A,WRITE,21e612b2-88b9-459c-8e31-ed3aa17c16b3,1,,ONE,ONE,node1,True,,15.025,2026-09-16T20:48:09.949346+08:00,
c8b0068e-a8f3-46d1-9679-3c07382694f5:ONE:ONE:77,RYW,node_failure,A,READ,21e612b2-88b9-459c-8e31-ed3aa17c16b3,1,1,ONE,ONE,node2,True,False,16.349,2026-09-16T20:48:09.964156+08:00,
c8b0068e-a8f3-46d1-9679-3c07382694f5:ONE:ONE:78,RYW,node_failure,A,WRITE,60ad7a47-f0f3-47bd-a5cf-dd2e4270c62d,1,,ONE,ONE,node1,True,,14.772,2026-09-16T20:48:09.980875+08:00,
c8b0068e-a8f3-46d1-9679-3c07382694f5:ONE:ONE:78,RYW,node_failure,A,READ,60ad7a47-f0f3-47bd-a5cf-dd2e4270c62d,1,1,ONE,ONE,node2,True,False,15.717,2026-09-16T20:48:09.995995+08:00,
c8b0068e-a8f3-46d1-9679-3c07382694f5:ONE:ONE:79,RYW,node_failure,A,WRITE,7e6f8a0d-cb80-4c80-9c00-ac6fe789bd4f,1,,ONE,ONE,node1,True,,14.519,2026-09-16T20:48:10.011473+08:00,
c8b0068e-a8f3-46d1-9679-3c07382694f5:ONE:ONE:79,RYW,node_failure,A,READ,7e6f8a0d-cb80-4c80-9c00-ac6fe789bd4f,1,1,ONE,ONE,node2,True,False,16.395,2026-09-16T20:48:10.025964+08:00,
c8b0068e-a8f3-46d1-9679-3c07382694f5:ONE:ONE:80,RYW,node_failure,A,WRITE,f896e8f1-ca36-492b-a237-256127e50713,1,,ONE,ONE,node1,True,,14.349,2026-09-16T20:48:10.042741+08:00,
c8b0068e-a8f3-46d1-9679-3c07382694f5:ONE:ONE:80,RYW,node_failure,A,READ,f896e8f1-ca36-492b-a237-256127e50713,1,1,ONE,ONE,node2,True,False,16.877,2026-09-16T20:48:10.057000+08:00,
c8b0068e-a8f3-46d1-9679-3c07382694f5:ONE:ONE:81,RYW,node_failure,A,WRITE,9a5ba4b3-ebd4-4ee1-8b8a-09c6810e2524,1,,ONE,ONE,node1,True,,14.732,2026-09-16T20:48:10.074278+08:00,
c8b0068e-a8f3-46d1-9679-3c07382694f5:ONE:ONE:81,RYW,node_failure,A,READ,9a5ba4b3-ebd4-4ee1-8b8a-09c6810e2524,1,1,ONE,ONE,node2,True,False,16.757,2026-09-16T20:48:10.088761+08:00,
c8b0068e-a8f3-46d1-9679-3c07382694f5:ONE:ONE:82,RYW,node_failure,A,WRITE,2928f731-427f-4099-8b70-055b7fb31e35,1,,ONE,ONE,node1,True,,13.702,2026-09-16T20:48:10.105871+08:00,
c8b0068e-a8f3-46d1-9679-3c07382694f5:ONE:ONE:82,RYW,node_failure,A,READ,2928f731-427f-4099-8b70-055b7fb31e35,1,1,ONE,ONE,node2,True,False,16.313,2026-09-16T20:48:10.119365+08:00,
c8b0068e-a8f3-46d1-9679-3c07382694f5:ONE:ONE:83,RYW,node_failure,A,WRITE,062781dc-da61-4a40-bd59-1fa119068549,1,,ONE,ONE,node1,True,,14.78,2026-09-16T20:48:10.136110+08:00,
c8b0068e-a8f3-46d1-9679-3c07382694f5:ONE:ONE:83,RYW,node_failure,A,READ,062781dc-da61-4a40-bd59-1fa119068549,1,1,ONE,ONE,node2,True,False,17.173,2026-09-16T20:48:10.150589+08:00,
c8b0068e-a8f3-46d1-9679-3c07382694f5:ONE:ONE:84,RYW,node_failure,A,WRITE,6d156dc1-94fb-48ad-b700-8c4f94a261bc,1,,ONE,ONE,node1,True,,14.606,2026-09-16T20:48:10.168178+08:00,
c8b0068e-a8f3-46d1-9679-3c07382694f5:ONE:ONE:84,RYW,node_failure,A,READ,6d156dc1-94fb-48ad-b700-8c4f94a261bc,1,1,ONE,ONE,node2,True,False,16.966,2026-09-16T20:48:10.182633+08:00,
c8b0068e-a8f3-46d1-9679-3c07382694f5:ONE:ONE:85,RYW,node_failure,A,WRITE,ad905bd4-144a-4b62-8721-8e2e46c44869,1,,ONE,ONE,node1,True,,14.452,2026-09-16T20:48:10.199923+08:00,
c8b0068e-a8f3-46d1-9679-3c07382694f5:ONE:ONE:85,RYW,node_failure,A,READ,ad905bd4-144a-4b62-8721-8e2e46c44869,1,1,ONE,ONE,node2,True,False,15.852,2026-09-16T20:48:10.214267+08:00,
c8b0068e-a8f3-46d1-9679-3c07382694f5:ONE:ONE:86,RYW,node_failure,A,WRITE,bcb14398-6b29-460c-87da-842accd1dd54,1,,ONE,ONE,node1,True,,13.808,2026-09-16T20:48:10.230502+08:00,
c8b0068e-a8f3-46d1-9679-3c07382694f5:ONE:ONE:86,RYW,node_failure,A,READ,bcb14398-6b29-460c-87da-842accd1dd54,1,1,ONE,ONE,node2,True,False,16.533,2026-09-16T20:48:10.244514+08:00,
c8b0068e-a8f3-46d1-9679-3c07382694f5:ONE:ONE:87,RYW,node_failure,A,WRITE,728cb0f1-2b86-4413-bbff-4c60688e810d,1,,ONE,ONE,node1,True,,14.516,2026-09-16T20:48:10.261011+08:00,
c8b0068e-a8f3-46d1-9679-3c07382694f5:ONE:ONE:87,RYW,node_failure,A,READ,728cb0f1-2b86-4413-bbff-4c60688e810d,1,1,ONE,ONE,node2,True,False,16.043,2026-09-16T20:48:10.275421+08:00,
c8b0068e-a8f3-46d1-9679-3c07382694f5:ONE:ONE:88,RYW,node_failure,A,WRITE,329b95fa-4e80-4fd3-8aa0-156540c2a77c,1,,ONE,ONE,node1,True,,14.952,2026-09-16T20:48:10.291763+08:00,
c8b0068e-a8f3-46d1-9679-3c07382694f5:ONE:ONE:88,RYW,node_failure,A,READ,329b95fa-4e80-4fd3-8aa0-156540c2a77c,1,1,ONE,ONE,node2,True,False,16.856,2026-09-16T20:48:10.306507+08:00,
c8b0068e-a8f3-46d1-9679-3c07382694f5:ONE:ONE:89,RYW,node_failure,A,WRITE,3540e4ba-3e78-4ad7-a669-5ebe494f7473,1,,ONE,ONE,node1,True,,14.751,2026-09-16T20:48:10.323840+08:00,
c8b0068e-a8f3-46d1-9679-3c07382694f5:ONE:ONE:89,RYW,node_failure,A,READ,3540e4ba-3e78-4ad7-a669-5ebe494f7473,1,1,ONE,ONE,node2,True,False,17.239,2026-09-16T20:48:10.338363+08:00,
c8b0068e-a8f3-46d1-9679-3c07382694f5:ONE:ONE:90,RYW,node_failure,A,WRITE,bdcb281d-308b-4274-b62f-9e6a28aa38eb,1,,ONE,ONE,node1,True,,14.586,2026-09-16T20:48:10.355959+08:00,
c8b0068e-a8f3-46d1-9679-3c07382694f5:ONE:ONE:90,RYW,node_failure,A,READ,bdcb281d-308b-4274-b62f-9e6a28aa38eb,1,1,ONE,ONE,node2,True,False,16.308,2026-09-16T20:48:10.370301+08:00,
c8b0068e-a8f3-46d1-9679-3c07382694f5:ONE:ONE:91,RYW,node_failure,A,WRITE,884d67d8-2693-4d32-9484-b96950dca8b9,1,,ONE,ONE,node1,True,,14.977,2026-09-16T20:48:10.387072+08:00,
c8b0068e-a8f3-46d1-9679-3c07382694f5:ONE:ONE:91,RYW,node_failure,A,READ,884d67d8-2693-4d32-9484-b96950dca8b9,1,1,ONE,ONE,node2,True,False,16.828,2026-09-16T20:48:10.401803+08:00,
c8b0068e-a8f3-46d1-9679-3c07382694f5:ONE:ONE:92,RYW,node_failure,A,WRITE,5aa539a6-b21e-40bc-9862-0df89f79fa3d,1,,ONE,ONE,node1,True,,14.335,2026-09-16T20:48:10.418745+08:00,
c8b0068e-a8f3-46d1-9679-3c07382694f5:ONE:ONE:92,RYW,node_failure,A,READ,5aa539a6-b21e-40bc-9862-0df89f79fa3d,1,1,ONE,ONE,node2,True,False,15.847,2026-09-16T20:48:10.433152+08:00,
c8b0068e-a8f3-46d1-9679-3c07382694f5:ONE:ONE:93,RYW,node_failure,A,WRITE,d7c14f0a-e56b-498c-90b4-4a9e8a1a199f,1,,ONE,ONE,node1,True,,15.23,2026-09-16T20:48:10.449249+08:00,
c8b0068e-a8f3-46d1-9679-3c07382694f5:ONE:ONE:93,RYW,node_failure,A,READ,d7c14f0a-e56b-498c-90b4-4a9e8a1a199f,1,1,ONE,ONE,node2,True,False,16.574,2026-09-16T20:48:10.464343+08:00,
c8b0068e-a8f3-46d1-9679-3c07382694f5:ONE:ONE:94,RYW,node_failure,A,WRITE,53265190-f22d-41da-996d-d0f13455f630,1,,ONE,ONE,node1,True,,14.673,2026-09-16T20:48:10.481220+08:00,
c8b0068e-a8f3-46d1-9679-3c07382694f5:ONE:ONE:94,RYW,node_failure,A,READ,53265190-f22d-41da-996d-d0f13455f630,1,1,ONE,ONE,node2,True,False,16.177,2026-09-16T20:48:10.495721+08:00,
c8b0068e-a8f3-46d1-9679-3c07382694f5:ONE:ONE:95,RYW,node_failure,A,WRITE,85b536c7-27e3-4804-baa8-c79a8424641b,1,,ONE,ONE,node1,True,,14.868,2026-09-16T20:48:10.512246+08:00,
c8b0068e-a8f3-46d1-9679-3c07382694f5:ONE:ONE:95,RYW,node_failure,A,READ,85b536c7-27e3-4804-baa8-c79a8424641b,1,1,ONE,ONE,node2,True,False,16.454,2026-09-16T20:48:10.526983+08:00,
c8b0068e-a8f3-46d1-9679-3c07382694f5:ONE:ONE:96,RYW,node_failure,A,WRITE,3f56fb7c-df45-469a-813c-eaaf281420a5,1,,ONE,ONE,node1,True,,16.031,2026-09-16T20:48:10.543680+08:00,
c8b0068e-a8f3-46d1-9679-3c07382694f5:ONE:ONE:96,RYW,node_failure,A,READ,3f56fb7c-df45-469a-813c-eaaf281420a5,1,1,ONE,ONE,node2,True,False,14.145,2026-09-16T20:48:10.560039+08:00,
c8b0068e-a8f3-46d1-9679-3c07382694f5:ONE:ONE:97,RYW,node_failure,A,WRITE,258ce56d-6b9f-45c1-bc22-bca9f04cbcb2,1,,ONE,ONE,node1,True,,15.568,2026-09-16T20:48:10.574083+08:00,
c8b0068e-a8f3-46d1-9679-3c07382694f5:ONE:ONE:97,RYW,node_failure,A,READ,258ce56d-6b9f-45c1-bc22-bca9f04cbcb2,1,1,ONE,ONE,node2,True,False,16.696,2026-09-16T20:48:10.589461+08:00,
c8b0068e-a8f3-46d1-9679-3c07382694f5:ONE:ONE:98,RYW,node_failure,A,WRITE,22f3dd43-ee2f-4633-bcf8-b9d234673cbe,1,,ONE,ONE,node1,True,,13.282,2026-09-16T20:48:10.606580+08:00,
c8b0068e-a8f3-46d1-9679-3c07382694f5:ONE:ONE:98,RYW,node_failure,A,READ,22f3dd43-ee2f-4633-bcf8-b9d234673cbe,1,1,ONE,ONE,node2,True,False,15.659,2026-09-16T20:48:10.619592+08:00,
c8b0068e-a8f3-46d1-9679-3c07382694f5:ONE:ONE:99,RYW,node_failure,A,WRITE,ed5106ef-c658-4ee6-8f2a-b83eec4c82d9,1,,ONE,ONE,node1,True,,14.748,2026-09-16T20:48:10.635814+08:00,
c8b0068e-a8f3-46d1-9679-3c07382694f5:ONE:ONE:99,RYW,node_failure,A,READ,ed5106ef-c658-4ee6-8f2a-b83eec4c82d9,1,1,ONE,ONE,node2,True,False,16.28,2026-09-16T20:48:10.650349+08:00,
c8b0068e-a8f3-46d1-9679-3c07382694f5:ONE:ONE:100,RYW,node_failure,A,WRITE,662116f8-f097-41e1-a110-4de6ea061d33,1,,ONE,ONE,node1,True,,15.678,2026-09-16T20:48:10.666979+08:00,
c8b0068e-a8f3-46d1-9679-3c07382694f5:ONE:ONE:100,RYW,node_failure,A,READ,662116f8-f097-41e1-a110-4de6ea061d33,1,1,ONE,ONE,node2,True,False,15.913,2026-09-16T20:48:10.682527+08:00,
c8b0068e-a8f3-46d1-9679-3c07382694f5:ONE:QUORUM:1,RYW,node_failure,A,WRITE,cd363ca5-a1be-400c-86d5-58936d3cccc9,1,,QUORUM,ONE,node1,True,,10.936,2026-09-16T20:48:10.702493+08:00,
c8b0068e-a8f3-46d1-9679-3c07382694f5:ONE:QUORUM:1,RYW,node_failure,A,READ,cd363ca5-a1be-400c-86d5-58936d3cccc9,1,1,QUORUM,ONE,node2,True,False,16.175,2026-09-16T20:48:10.713138+08:00,
c8b0068e-a8f3-46d1-9679-3c07382694f5:ONE:QUORUM:2,RYW,node_failure,A,WRITE,189a644c-9927-423c-8d42-e8cffd9a7a2d,1,,QUORUM,ONE,node1,True,,14.501,2026-09-16T20:48:10.729700+08:00,
c8b0068e-a8f3-46d1-9679-3c07382694f5:ONE:QUORUM:2,RYW,node_failure,A,READ,189a644c-9927-423c-8d42-e8cffd9a7a2d,1,1,QUORUM,ONE,node2,True,False,16.983,2026-09-16T20:48:10.743989+08:00,
c8b0068e-a8f3-46d1-9679-3c07382694f5:ONE:QUORUM:3,RYW,node_failure,A,WRITE,a5de9be5-c8af-41e2-a47f-4a8c20f5e9d3,1,,QUORUM,ONE,node1,True,,14.605,2026-09-16T20:48:10.761327+08:00,
c8b0068e-a8f3-46d1-9679-3c07382694f5:ONE:QUORUM:3,RYW,node_failure,A,READ,a5de9be5-c8af-41e2-a47f-4a8c20f5e9d3,1,1,QUORUM,ONE,node2,True,False,16.457,2026-09-16T20:48:10.776170+08:00,
c8b0068e-a8f3-46d1-9679-3c07382694f5:ONE:QUORUM:4,RYW,node_failure,A,WRITE,bf910b0b-5f68-423e-8a93-b26b1ad541be,1,,QUORUM,ONE,node1,True,,14.441,2026-09-16T20:48:10.792545+08:00,
c8b0068e-a8f3-46d1-9679-3c07382694f5:ONE:QUORUM:4,RYW,node_failure,A,READ,bf910b0b-5f68-423e-8a93-b26b1ad541be,1,1,QUORUM,ONE,node2,True,False,15.991,2026-09-16T20:48:10.806850+08:00,
c8b0068e-a8f3-46d1-9679-3c07382694f5:ONE:QUORUM:5,RYW,node_failure,A,WRITE,696b2739-7648-471d-8d0f-7ba7a779e950,1,,QUORUM,ONE,node1,True,,14.607,2026-09-16T20:48:10.823217+08:00,
c8b0068e-a8f3-46d1-9679-3c07382694f5:ONE:QUORUM:5,RYW,node_failure,A,READ,696b2739-7648-471d-8d0f-7ba7a779e950,1,1,QUORUM,ONE,node2,True,False,16.91,2026-09-16T20:48:10.837625+08:00,
c8b0068e-a8f3-46d1-9679-3c07382694f5:ONE:QUORUM:6,RYW,node_failure,A,WRITE,4937f64c-7b0d-4f6d-9289-92f00522c970,1,,QUORUM,ONE,node1,True,,14.592,2026-09-16T20:48:10.854885+08:00,
c8b0068e-a8f3-46d1-9679-3c07382694f5:ONE:QUORUM:6,RYW,node_failure,A,READ,4937f64c-7b0d-4f6d-9289-92f00522c970,1,1,QUORUM,ONE,node2,True,False,17.086,2026-09-16T20:48:10.869243+08:00,
c8b0068e-a8f3-46d1-9679-3c07382694f5:ONE:QUORUM:7,RYW,node_failure,A,WRITE,3ebe8814-9530-40a1-8441-1e7ff1d3b719,1,,QUORUM,ONE,node1,True,,14.329,2026-09-16T20:48:10.886684+08:00,
c8b0068e-a8f3-46d1-9679-3c07382694f5:ONE:QUORUM:7,RYW,node_failure,A,READ,3ebe8814-9530-40a1-8441-1e7ff1d3b719,1,1,QUORUM,ONE,node2,True,False,16.799,2026-09-16T20:48:10.900913+08:00,
c8b0068e-a8f3-46d1-9679-3c07382694f5:ONE:QUORUM:8,RYW,node_failure,A,WRITE,59e42056-a8ab-4ece-bb83-1996543a2919,1,,QUORUM,ONE,node1,True,,14.897,2026-09-16T20:48:10.918022+08:00,
c8b0068e-a8f3-46d1-9679-3c07382694f5:ONE:QUORUM:8,RYW,node_failure,A,READ,59e42056-a8ab-4ece-bb83-1996543a2919,1,1,QUORUM,ONE,node2,True,False,16.289,2026-09-16T20:48:10.932700+08:00,
c8b0068e-a8f3-46d1-9679-3c07382694f5:ONE:QUORUM:9,RYW,node_failure,A,WRITE,1625a47c-1ce5-4ced-ba6c-b2b4cf971b2a,1,,QUORUM,ONE,node1,True,,14.584,2026-09-16T20:48:10.949466+08:00,
c8b0068e-a8f3-46d1-9679-3c07382694f5:ONE:QUORUM:9,RYW,node_failure,A,READ,1625a47c-1ce5-4ced-ba6c-b2b4cf971b2a,1,1,QUORUM,ONE,node2,True,False,17.159,2026-09-16T20:48:10.963840+08:00,
c8b0068e-a8f3-46d1-9679-3c07382694f5:ONE:QUORUM:10,RYW,node_failure,A,WRITE,380ded2c-8e1a-42b2-99ed-b67678b7469b,1,,QUORUM,ONE,node1,True,,14.329,2026-09-16T20:48:10.981275+08:00,
c8b0068e-a8f3-46d1-9679-3c07382694f5:ONE:QUORUM:10,RYW,node_failure,A,READ,380ded2c-8e1a-42b2-99ed-b67678b7469b,1,1,QUORUM,ONE,node2,True,False,16.959,2026-09-16T20:48:10.995485+08:00,
c8b0068e-a8f3-46d1-9679-3c07382694f5:ONE:QUORUM:11,RYW,node_failure,A,WRITE,92836ca9-e62d-4386-949b-ac4f6b6d27e9,1,,QUORUM,ONE,node1,True,,14.71,2026-09-16T20:48:11.012858+08:00,
c8b0068e-a8f3-46d1-9679-3c07382694f5:ONE:QUORUM:11,RYW,node_failure,A,READ,92836ca9-e62d-4386-949b-ac4f6b6d27e9,1,1,QUORUM,ONE,node2,True,False,17.336,2026-09-16T20:48:11.027386+08:00,
c8b0068e-a8f3-46d1-9679-3c07382694f5:ONE:QUORUM:12,RYW,node_failure,A,WRITE,124b1f8e-4b9d-410a-af98-3e149dd0f4e5,1,,QUORUM,ONE,node1,True,,13.298,2026-09-16T20:48:11.045223+08:00,
c8b0068e-a8f3-46d1-9679-3c07382694f5:ONE:QUORUM:12,RYW,node_failure,A,READ,124b1f8e-4b9d-410a-af98-3e149dd0f4e5,1,1,QUORUM,ONE,node2,True,False,17.271,2026-09-16T20:48:11.058327+08:00,
c8b0068e-a8f3-46d1-9679-3c07382694f5:ONE:QUORUM:13,RYW,node_failure,A,WRITE,fc5101e0-1c8c-4563-8a74-3924ab72c8fa,1,,QUORUM,ONE,node1,True,,14.711,2026-09-16T20:48:11.075887+08:00,
c8b0068e-a8f3-46d1-9679-3c07382694f5:ONE:QUORUM:13,RYW,node_failure,A,READ,fc5101e0-1c8c-4563-8a74-3924ab72c8fa,1,1,QUORUM,ONE,node2,True,False,16.613,2026-09-16T20:48:11.090883+08:00,
c8b0068e-a8f3-46d1-9679-3c07382694f5:ONE:QUORUM:14,RYW,node_failure,A,WRITE,990a4ab2-df4c-44f5-a074-5ee8cdaf5705,1,,QUORUM,ONE,node1,True,,13.418,2026-09-16T20:48:11.107547+08:00,
c8b0068e-a8f3-46d1-9679-3c07382694f5:ONE:QUORUM:14,RYW,node_failure,A,READ,990a4ab2-df4c-44f5-a074-5ee8cdaf5705,1,1,QUORUM,ONE,node2,True,False,16.846,2026-09-16T20:48:11.120927+08:00,
c8b0068e-a8f3-46d1-9679-3c07382694f5:ONE:QUORUM:15,RYW,node_failure,A,WRITE,9c9795cf-ec13-467a-bbf9-8ffe5dd0a460,1,,QUORUM,ONE,node1,True,,13.561,2026-09-16T20:48:11.138127+08:00,
c8b0068e-a8f3-46d1-9679-3c07382694f5:ONE:QUORUM:15,RYW,node_failure,A,READ,9c9795cf-ec13-467a-bbf9-8ffe5dd0a460,1,1,QUORUM,ONE,node2,True,False,17.308,2026-09-16T20:48:11.151581+08:00,
c8b0068e-a8f3-46d1-9679-3c07382694f5:ONE:QUORUM:16,RYW,node_failure,A,WRITE,dd533ea8-5a85-40f9-aa02-f5e91297bb96,1,,QUORUM,ONE,node1,True,,14.557,2026-09-16T20:48:11.169187+08:00,
c8b0068e-a8f3-46d1-9679-3c07382694f5:ONE:QUORUM:16,RYW,node_failure,A,READ,dd533ea8-5a85-40f9-aa02-f5e91297bb96,1,1,QUORUM,ONE,node2,True,False,16.853,2026-09-16T20:48:11.183577+08:00,
c8b0068e-a8f3-46d1-9679-3c07382694f5:ONE:QUORUM:17,RYW,node_failure,A,WRITE,fc5de148-f3cb-4c0a-81f2-1b33804e723d,1,,QUORUM,ONE,node1,True,,14.009,2026-09-16T20:48:11.200716+08:00,
c8b0068e-a8f3-46d1-9679-3c07382694f5:ONE:QUORUM:17,RYW,node_failure,A,READ,fc5de148-f3cb-4c0a-81f2-1b33804e723d,1,1,QUORUM,ONE,node2,True,False,16.972,2026-09-16T20:48:11.214650+08:00,
c8b0068e-a8f3-46d1-9679-3c07382694f5:ONE:QUORUM:18,RYW,node_failure,A,WRITE,c2cf8016-9276-4b71-a172-547135af02fd,1,,QUORUM,ONE,node1,True,,14.628,2026-09-16T20:48:11.231923+08:00,
c8b0068e-a8f3-46d1-9679-3c07382694f5:ONE:QUORUM:18,RYW,node_failure,A,READ,c2cf8016-9276-4b71-a172-547135af02fd,1,1,QUORUM,ONE,node2,True,False,17.228,2026-09-16T20:48:11.246837+08:00,
c8b0068e-a8f3-46d1-9679-3c07382694f5:ONE:QUORUM:19,RYW,node_failure,A,WRITE,2bc61aa7-923a-46ad-a443-46e250f8bdda,1,,QUORUM,ONE,node1,True,,15.215,2026-09-16T20:48:11.263993+08:00,
c8b0068e-a8f3-46d1-9679-3c07382694f5:ONE:QUORUM:19,RYW,node_failure,A,READ,2bc61aa7-923a-46ad-a443-46e250f8bdda,1,1,QUORUM,ONE,node2,True,False,15.799,2026-09-16T20:48:11.279592+08:00,
c8b0068e-a8f3-46d1-9679-3c07382694f5:ONE:QUORUM:20,RYW,node_failure,A,WRITE,f75c041d-8ed6-40fe-9cbf-9087be7358cc,1,,QUORUM,ONE,node1,True,,14.209,2026-09-16T20:48:11.295427+08:00,
c8b0068e-a8f3-46d1-9679-3c07382694f5:ONE:QUORUM:20,RYW,node_failure,A,READ,f75c041d-8ed6-40fe-9cbf-9087be7358cc,1,1,QUORUM,ONE,node2,True,False,17.01,2026-09-16T20:48:11.309393+08:00,
c8b0068e-a8f3-46d1-9679-3c07382694f5:ONE:QUORUM:21,RYW,node_failure,A,WRITE,79c6a381-686f-4584-bb33-63f0ccc59e2d,1,,QUORUM,ONE,node1,True,,14.682,2026-09-16T20:48:11.326763+08:00,
c8b0068e-a8f3-46d1-9679-3c07382694f5:ONE:QUORUM:21,RYW,node_failure,A,READ,79c6a381-686f-4584-bb33-63f0ccc59e2d,1,1,QUORUM,ONE,node2,True,False,16.975,2026-09-16T20:48:11.341675+08:00,
c8b0068e-a8f3-46d1-9679-3c07382694f5:ONE:QUORUM:22,RYW,node_failure,A,WRITE,4734a936-47e0-498e-97c6-775ee49d8192,1,,QUORUM,ONE,node1,True,,14.463,2026-09-16T20:48:11.358451+08:00,
c8b0068e-a8f3-46d1-9679-3c07382694f5:ONE:QUORUM:22,RYW,node_failure,A,READ,4734a936-47e0-498e-97c6-775ee49d8192,1,1,QUORUM,ONE,node2,True,False,16.838,2026-09-16T20:48:11.372906+08:00,
c8b0068e-a8f3-46d1-9679-3c07382694f5:ONE:QUORUM:23,RYW,node_failure,A,WRITE,995618b1-a949-4c26-a436-abe37f41b75f,1,,QUORUM,ONE,node1,True,,13.581,2026-09-16T20:48:11.390105+08:00,
c8b0068e-a8f3-46d1-9679-3c07382694f5:ONE:QUORUM:23,RYW,node_failure,A,READ,995618b1-a949-4c26-a436-abe37f41b75f,1,1,QUORUM,ONE,node2,True,False,17.062,2026-09-16T20:48:11.403971+08:00,
c8b0068e-a8f3-46d1-9679-3c07382694f5:ONE:QUORUM:24,RYW,node_failure,A,WRITE,c0a52f6a-7e31-479d-b8af-d3016a3633ec,1,,QUORUM,ONE,node1,True,,14.089,2026-09-16T20:48:11.420975+08:00,
c8b0068e-a8f3-46d1-9679-3c07382694f5:ONE:QUORUM:24,RYW,node_failure,A,READ,c0a52f6a-7e31-479d-b8af-d3016a3633ec,1,1,QUORUM,ONE,node2,True,False,16.28,2026-09-16T20:48:11.434870+08:00,
c8b0068e-a8f3-46d1-9679-3c07382694f5:ONE:QUORUM:25,RYW,node_failure,A,WRITE,9521be70-044c-4924-947c-8b7685ef9bfc,1,,QUORUM,ONE,node1,True,,13.965,2026-09-16T20:48:11.451485+08:00,
c8b0068e-a8f3-46d1-9679-3c07382694f5:ONE:QUORUM:25,RYW,node_failure,A,READ,9521be70-044c-4924-947c-8b7685ef9bfc,1,1,QUORUM,ONE,node2,True,False,15.853,2026-09-16T20:48:11.465778+08:00,
c8b0068e-a8f3-46d1-9679-3c07382694f5:ONE:QUORUM:26,RYW,node_failure,A,WRITE,b3e7fa41-3d8c-4b28-b682-0a1ad3da5067,1,,QUORUM,ONE,node1,True,,14.609,2026-09-16T20:48:11.481678+08:00,
c8b0068e-a8f3-46d1-9679-3c07382694f5:ONE:QUORUM:26,RYW,node_failure,A,READ,b3e7fa41-3d8c-4b28-b682-0a1ad3da5067,1,1,QUORUM,ONE,node2,True,False,19.035,2026-09-16T20:48:11.496208+08:00,
c8b0068e-a8f3-46d1-9679-3c07382694f5:ONE:QUORUM:27,RYW,node_failure,A,WRITE,129485c0-dfa1-4f8b-845c-f26d4928e378,1,,QUORUM,ONE,node1,True,,12.939,2026-09-16T20:48:11.515647+08:00,
c8b0068e-a8f3-46d1-9679-3c07382694f5:ONE:QUORUM:27,RYW,node_failure,A,READ,129485c0-dfa1-4f8b-845c-f26d4928e378,1,1,QUORUM,ONE,node2,True,False,17.298,2026-09-16T20:48:11.528612+08:00,
c8b0068e-a8f3-46d1-9679-3c07382694f5:ONE:QUORUM:28,RYW,node_failure,A,WRITE,dfaa189e-ad09-4f06-826b-80d2a4636391,1,,QUORUM,ONE,node1,True,,14.047,2026-09-16T20:48:11.545752+08:00,
c8b0068e-a8f3-46d1-9679-3c07382694f5:ONE:QUORUM:28,RYW,node_failure,A,READ,dfaa189e-ad09-4f06-826b-80d2a4636391,1,1,QUORUM,ONE,node2,True,False,16.086,2026-09-16T20:48:11.559917+08:00,
c8b0068e-a8f3-46d1-9679-3c07382694f5:ONE:QUORUM:29,RYW,node_failure,A,WRITE,ffbf3a89-fa9a-419c-8553-1f0a255397af,1,,QUORUM,ONE,node1,True,,13.587,2026-09-16T20:48:11.576076+08:00,
c8b0068e-a8f3-46d1-9679-3c07382694f5:ONE:QUORUM:29,RYW,node_failure,A,READ,ffbf3a89-fa9a-419c-8553-1f0a255397af,1,1,QUORUM,ONE,node2,True,False,16.799,2026-09-16T20:48:11.589545+08:00,
c8b0068e-a8f3-46d1-9679-3c07382694f5:ONE:QUORUM:30,RYW,node_failure,A,WRITE,877f2082-c9ac-4e23-885b-7cbcf5fddd99,1,,QUORUM,ONE,node1,True,,13.703,2026-09-16T20:48:11.606728+08:00,
c8b0068e-a8f3-46d1-9679-3c07382694f5:ONE:QUORUM:30,RYW,node_failure,A,READ,877f2082-c9ac-4e23-885b-7cbcf5fddd99,1,1,QUORUM,ONE,node2,True,False,17.586,2026-09-16T20:48:11.619343+08:00,
c8b0068e-a8f3-46d1-9679-3c07382694f5:ONE:QUORUM:31,RYW,node_failure,A,WRITE,203033ed-55cb-41b8-bca3-d6ab9626c517,1,,QUORUM,ONE,node1,True,,12.805,2026-09-16T20:48:11.638589+08:00,
c8b0068e-a8f3-46d1-9679-3c07382694f5:ONE:QUORUM:31,RYW,node_failure,A,READ,203033ed-55cb-41b8-bca3-d6ab9626c517,1,1,QUORUM,ONE,node2,True,False,16.914,2026-09-16T20:48:11.651049+08:00,
c8b0068e-a8f3-46d1-9679-3c07382694f5:ONE:QUORUM:32,RYW,node_failure,A,WRITE,12206ff4-5814-419e-8647-29e8600d0aa9,1,,QUORUM,ONE,node1,True,,14.133,2026-09-16T20:48:11.668085+08:00,
c8b0068e-a8f3-46d1-9679-3c07382694f5:ONE:QUORUM:32,RYW,node_failure,A,READ,12206ff4-5814-419e-8647-29e8600d0aa9,1,1,QUORUM,ONE,node2,True,False,16.383,2026-09-16T20:48:11.682691+08:00,
c8b0068e-a8f3-46d1-9679-3c07382694f5:ONE:QUORUM:33,RYW,node_failure,A,WRITE,6abe0da4-2066-4976-9978-2edfacbcb680,1,,QUORUM,ONE,node1,True,,13.745,2026-09-16T20:48:11.698888+08:00,
c8b0068e-a8f3-46d1-9679-3c07382694f5:ONE:QUORUM:33,RYW,node_failure,A,READ,6abe0da4-2066-4976-9978-2edfacbcb680,1,1,QUORUM,ONE,node2,True,False,16.11,2026-09-16T20:48:11.713040+08:00,
c8b0068e-a8f3-46d1-9679-3c07382694f5:ONE:QUORUM:34,RYW,node_failure,A,WRITE,6fb4d093-3dc2-424a-8607-3967150d0f72,1,,QUORUM,ONE,node1,True,,14.521,2026-09-16T20:48:11.729132+08:00,
c8b0068e-a8f3-46d1-9679-3c07382694f5:ONE:QUORUM:34,RYW,node_failure,A,READ,6fb4d093-3dc2-424a-8607-3967150d0f72,1,1,QUORUM,ONE,node2,True,False,15.986,2026-09-16T20:48:11.743503+08:00,
c8b0068e-a8f3-46d1-9679-3c07382694f5:ONE:QUORUM:35,RYW,node_failure,A,WRITE,1135b22b-a812-412d-be83-9c65e781b788,1,,QUORUM,ONE,node1,True,,14.456,2026-09-16T20:48:11.759733+08:00,
c8b0068e-a8f3-46d1-9679-3c07382694f5:ONE:QUORUM:35,RYW,node_failure,A,READ,1135b22b-a812-412d-be83-9c65e781b788,1,1,QUORUM,ONE,node2,True,False,16.791,2026-09-16T20:48:11.774097+08:00,
c8b0068e-a8f3-46d1-9679-3c07382694f5:ONE:QUORUM:36,RYW,node_failure,A,WRITE,8561f85b-4884-4f99-bec1-93d163dda595,1,,QUORUM,ONE,node1,True,,14.622,2026-09-16T20:48:11.791244+08:00,
c8b0068e-a8f3-46d1-9679-3c07382694f5:ONE:QUORUM:36,RYW,node_failure,A,READ,8561f85b-4884-4f99-bec1-93d163dda595,1,1,QUORUM,ONE,node2,True,False,16.664,2026-09-16T20:48:11.805815+08:00,
c8b0068e-a8f3-46d1-9679-3c07382694f5:ONE:QUORUM:37,RYW,node_failure,A,WRITE,176ff90e-32af-4713-99f9-816049447768,1,,QUORUM,ONE,node1,True,,28.684,2026-09-16T20:48:11.822649+08:00,
c8b0068e-a8f3-46d1-9679-3c07382694f5:ONE:QUORUM:37,RYW,node_failure,A,READ,176ff90e-32af-4713-99f9-816049447768,1,1,QUORUM,ONE,node2,True,False,18.634,2026-09-16T20:48:11.851372+08:00,
c8b0068e-a8f3-46d1-9679-3c07382694f5:ONE:QUORUM:38,RYW,node_failure,A,WRITE,cb7d741f-a4c7-4bde-b1e6-dedea93cb79e,1,,QUORUM,ONE,node1,True,,14.545,2026-09-16T20:48:11.869999+08:00,
c8b0068e-a8f3-46d1-9679-3c07382694f5:ONE:QUORUM:38,RYW,node_failure,A,READ,cb7d741f-a4c7-4bde-b1e6-dedea93cb79e,1,1,QUORUM,ONE,node2,True,False,17.293,2026-09-16T20:48:11.884468+08:00,
c8b0068e-a8f3-46d1-9679-3c07382694f5:ONE:QUORUM:39,RYW,node_failure,A,WRITE,825d3660-b3cb-4540-9f48-ee1f35b1d390,1,,QUORUM,ONE,node1,True,,14.548,2026-09-16T20:48:11.902227+08:00,
c8b0068e-a8f3-46d1-9679-3c07382694f5:ONE:QUORUM:39,RYW,node_failure,A,READ,825d3660-b3cb-4540-9f48-ee1f35b1d390,1,1,QUORUM,ONE,node2,True,False,17.532,2026-09-16T20:48:11.916708+08:00,
c8b0068e-a8f3-46d1-9679-3c07382694f5:ONE:QUORUM:40,RYW,node_failure,A,WRITE,142dab66-e90f-4e1e-af5f-788f4dfc2c9e,1,,QUORUM,ONE,node1,True,,14.121,2026-09-16T20:48:11.934724+08:00,
c8b0068e-a8f3-46d1-9679-3c07382694f5:ONE:QUORUM:40,RYW,node_failure,A,READ,142dab66-e90f-4e1e-af5f-788f4dfc2c9e,1,1,QUORUM,ONE,node2,True,False,16.991,2026-09-16T20:48:11.948995+08:00,
c8b0068e-a8f3-46d1-9679-3c07382694f5:ONE:QUORUM:41,RYW,node_failure,A,WRITE,08bcbb9d-2f9f-4e23-a940-024783a00882,1,,QUORUM,ONE,node1,True,,14.744,2026-09-16T20:48:11.965841+08:00,
c8b0068e-a8f3-46d1-9679-3c07382694f5:ONE:QUORUM:41,RYW,node_failure,A,READ,08bcbb9d-2f9f-4e23-a940-024783a00882,1,1,QUORUM,ONE,node2,True,False,16.45,2026-09-16T20:48:11.980447+08:00,
c8b0068e-a8f3-46d1-9679-3c07382694f5:ONE:QUORUM:42,RYW,node_failure,A,WRITE,967ac4a6-f295-4b29-a1a3-e85c38baa41a,1,,QUORUM,ONE,node1,True,,14.0,2026-09-16T20:48:11.997114+08:00,
c8b0068e-a8f3-46d1-9679-3c07382694f5:ONE:QUORUM:42,RYW,node_failure,A,READ,967ac4a6-f295-4b29-a1a3-e85c38baa41a,1,1,QUORUM,ONE,node2,True,False,17.058,2026-09-16T20:48:12.011151+08:00,
c8b0068e-a8f3-46d1-9679-3c07382694f5:ONE:QUORUM:43,RYW,node_failure,A,WRITE,36948d25-b082-47c6-b367-797a83e94f34,1,,QUORUM,ONE,node1,True,,14.445,2026-09-16T20:48:12.028334+08:00,
c8b0068e-a8f3-46d1-9679-3c07382694f5:ONE:QUORUM:43,RYW,node_failure,A,READ,36948d25-b082-47c6-b367-797a83e94f34,1,1,QUORUM,ONE,node2,True,False,17.403,2026-09-16T20:48:12.042776+08:00,
c8b0068e-a8f3-46d1-9679-3c07382694f5:ONE:QUORUM:44,RYW,node_failure,A,WRITE,bf06f780-58c0-4503-b3cd-5ea7e2e77e1b,1,,QUORUM,ONE,node1,True,,13.866,2026-09-16T20:48:12.060547+08:00,
c8b0068e-a8f3-46d1-9679-3c07382694f5:ONE:QUORUM:44,RYW,node_failure,A,READ,bf06f780-58c0-4503-b3cd-5ea7e2e77e1b,1,1,QUORUM,ONE,node2,True,False,17.577,2026-09-16T20:48:12.074721+08:00,
c8b0068e-a8f3-46d1-9679-3c07382694f5:ONE:QUORUM:45,RYW,node_failure,A,WRITE,78795940-1873-470f-b319-182665088689,1,,QUORUM,ONE,node1,True,,14.175,2026-09-16T20:48:12.092131+08:00,
c8b0068e-a8f3-46d1-9679-3c07382694f5:ONE:QUORUM:45,RYW,node_failure,A,READ,78795940-1873-470f-b319-182665088689,1,1,QUORUM,ONE,node2,True,False,17.118,2026-09-16T20:48:12.106373+08:00,
c8b0068e-a8f3-46d1-9679-3c07382694f5:ONE:QUORUM:46,RYW,node_failure,A,WRITE,7bf00899-26ec-4de4-ab8b-0b191f6ea723,1,,QUORUM,ONE,node1,True,,12.413,2026-09-16T20:48:12.123518+08:00,
c8b0068e-a8f3-46d1-9679-3c07382694f5:ONE:QUORUM:46,RYW,node_failure,A,READ,7bf00899-26ec-4de4-ab8b-0b191f6ea723,1,1,QUORUM,ONE,node2,True,False,17.682,2026-09-16T20:48:12.136469+08:00,
c8b0068e-a8f3-46d1-9679-3c07382694f5:ONE:QUORUM:47,RYW,node_failure,A,WRITE,e380474a-3102-4d55-bb11-087f450700c6,1,,QUORUM,ONE,node1,True,,14.883,2026-09-16T20:48:12.153895+08:00,
c8b0068e-a8f3-46d1-9679-3c07382694f5:ONE:QUORUM:47,RYW,node_failure,A,READ,e380474a-3102-4d55-bb11-087f450700c6,1,1,QUORUM,ONE,node2,True,False,14.605,2026-09-16T20:48:12.168907+08:00,
c8b0068e-a8f3-46d1-9679-3c07382694f5:ONE:QUORUM:48,RYW,node_failure,A,WRITE,500d04cb-615a-4163-9c87-670461bc3854,1,,QUORUM,ONE,node1,True,,13.391,2026-09-16T20:48:12.183733+08:00,
c8b0068e-a8f3-46d1-9679-3c07382694f5:ONE:QUORUM:48,RYW,node_failure,A,READ,500d04cb-615a-4163-9c87-670461bc3854,1,1,QUORUM,ONE,node2,True,False,17.212,2026-09-16T20:48:12.196964+08:00,
c8b0068e-a8f3-46d1-9679-3c07382694f5:ONE:QUORUM:49,RYW,node_failure,A,WRITE,84ca1101-f37d-464b-9480-1f777a70ac16,1,,QUORUM,ONE,node1,True,,13.83,2026-09-16T20:48:12.214450+08:00,
c8b0068e-a8f3-46d1-9679-3c07382694f5:ONE:QUORUM:49,RYW,node_failure,A,READ,84ca1101-f37d-464b-9480-1f777a70ac16,1,1,QUORUM,ONE,node2,True,False,16.932,2026-09-16T20:48:12.228143+08:00,
c8b0068e-a8f3-46d1-9679-3c07382694f5:ONE:QUORUM:50,RYW,node_failure,A,WRITE,7281b7d4-417e-43ab-ac85-d9df1e11285a,1,,QUORUM,ONE,node1,True,,14.315,2026-09-16T20:48:12.245540+08:00,
c8b0068e-a8f3-46d1-9679-3c07382694f5:ONE:QUORUM:50,RYW,node_failure,A,READ,7281b7d4-417e-43ab-ac85-d9df1e11285a,1,1,QUORUM,ONE,node2,True,False,17.057,2026-09-16T20:48:12.259693+08:00,
c8b0068e-a8f3-46d1-9679-3c07382694f5:ONE:QUORUM:51,RYW,node_failure,A,WRITE,3c224ab7-e51a-4fda-8739-0d36fff0bdbf,1,,QUORUM,ONE,node1,True,,14.947,2026-09-16T20:48:12.277077+08:00,
c8b0068e-a8f3-46d1-9679-3c07382694f5:ONE:QUORUM:51,RYW,node_failure,A,READ,3c224ab7-e51a-4fda-8739-0d36fff0bdbf,1,1,QUORUM,ONE,node2,True,False,16.606,2026-09-16T20:48:12.291754+08:00,
c8b0068e-a8f3-46d1-9679-3c07382694f5:ONE:QUORUM:52,RYW,node_failure,A,WRITE,385213a4-c49c-4c39-aa03-6f08af916530,1,,QUORUM,ONE,node1,True,,14.254,2026-09-16T20:48:12.308837+08:00,
c8b0068e-a8f3-46d1-9679-3c07382694f5:ONE:QUORUM:52,RYW,node_failure,A,READ,385213a4-c49c-4c39-aa03-6f08af916530,1,1,QUORUM,ONE,node2,True,False,16.861,2026-09-16T20:48:12.322961+08:00,
c8b0068e-a8f3-46d1-9679-3c07382694f5:ONE:QUORUM:53,RYW,node_failure,A,WRITE,af1c7740-d7ed-46fc-9019-230e44db0d6e,1,,QUORUM,ONE,node1,True,,14.262,2026-09-16T20:48:12.340113+08:00,
c8b0068e-a8f3-46d1-9679-3c07382694f5:ONE:QUORUM:53,RYW,node_failure,A,READ,af1c7740-d7ed-46fc-9019-230e44db0d6e,1,1,QUORUM,ONE,node2,True,False,17.709,2026-09-16T20:48:12.354159+08:00,
c8b0068e-a8f3-46d1-9679-3c07382694f5:ONE:QUORUM:54,RYW,node_failure,A,WRITE,9ae90620-5548-482d-96e0-e4c3c4db3144,1,,QUORUM,ONE,node1,True,,14.42,2026-09-16T20:48:12.372155+08:00,
c8b0068e-a8f3-46d1-9679-3c07382694f5:ONE:QUORUM:54,RYW,node_failure,A,READ,9ae90620-5548-482d-96e0-e4c3c4db3144,1,1,QUORUM,ONE,node2,True,False,17.336,2026-09-16T20:48:12.386473+08:00,
c8b0068e-a8f3-46d1-9679-3c07382694f5:ONE:QUORUM:55,RYW,node_failure,A,WRITE,d13654b7-cfc4-42c6-8669-e576742911da,1,,QUORUM,ONE,node1,True,,13.958,2026-09-16T20:48:12.404138+08:00,
c8b0068e-a8f3-46d1-9679-3c07382694f5:ONE:QUORUM:55,RYW,node_failure,A,READ,d13654b7-cfc4-42c6-8669-e576742911da,1,1,QUORUM,ONE,node2,True,False,17.104,2026-09-16T20:48:12.417994+08:00,
c8b0068e-a8f3-46d1-9679-3c07382694f5:ONE:QUORUM:56,RYW,node_failure,A,WRITE,120a32cd-95ac-45b1-824a-5a59fb276f13,1,,QUORUM,ONE,node1,True,,14.572,2026-09-16T20:48:12.435481+08:00,
c8b0068e-a8f3-46d1-9679-3c07382694f5:ONE:QUORUM:56,RYW,node_failure,A,READ,120a32cd-95ac-45b1-824a-5a59fb276f13,1,1,QUORUM,ONE,node2,True,False,17.248,2026-09-16T20:48:12.449859+08:00,
c8b0068e-a8f3-46d1-9679-3c07382694f5:ONE:QUORUM:57,RYW,node_failure,A,WRITE,bf1a802e-2e75-4bc1-862a-cf6ab99b6c70,1,,QUORUM,ONE,node1,True,,14.465,2026-09-16T20:48:12.467444+08:00,
c8b0068e-a8f3-46d1-9679-3c07382694f5:ONE:QUORUM:57,RYW,node_failure,A,READ,bf1a802e-2e75-4bc1-862a-cf6ab99b6c70,1,1,QUORUM,ONE,node2,True,False,17.335,2026-09-16T20:48:12.481712+08:00,
c8b0068e-a8f3-46d1-9679-3c07382694f5:ONE:QUORUM:58,RYW,node_failure,A,WRITE,1c29b97a-9f1d-4b1e-8a59-2c749187bfff,1,,QUORUM,ONE,node1,True,,13.272,2026-09-16T20:48:12.499237+08:00,
c8b0068e-a8f3-46d1-9679-3c07382694f5:ONE:QUORUM:58,RYW,node_failure,A,READ,1c29b97a-9f1d-4b1e-8a59-2c749187bfff,1,1,QUORUM,ONE,node2,True,False,16.81,2026-09-16T20:48:12.512504+08:00,
c8b0068e-a8f3-46d1-9679-3c07382694f5:ONE:QUORUM:59,RYW,node_failure,A,WRITE,78178858-c756-435e-b490-36a437508c61,1,,QUORUM,ONE,node1,True,,14.716,2026-09-16T20:48:12.529691+08:00,
c8b0068e-a8f3-46d1-9679-3c07382694f5:ONE:QUORUM:59,RYW,node_failure,A,READ,78178858-c756-435e-b490-36a437508c61,1,1,QUORUM,ONE,node2,True,False,17.075,2026-09-16T20:48:12.544238+08:00,
c8b0068e-a8f3-46d1-9679-3c07382694f5:ONE:QUORUM:60,RYW,node_failure,A,WRITE,b0648f5f-04b1-4be8-80f1-0987988e195d,1,,QUORUM,ONE,node1,True,,13.531,2026-09-16T20:48:12.561604+08:00,
c8b0068e-a8f3-46d1-9679-3c07382694f5:ONE:QUORUM:60,RYW,node_failure,A,READ,b0648f5f-04b1-4be8-80f1-0987988e195d,1,1,QUORUM,ONE,node2,True,False,16.722,2026-09-16T20:48:12.574909+08:00,
c8b0068e-a8f3-46d1-9679-3c07382694f5:ONE:QUORUM:61,RYW,node_failure,A,WRITE,2fc39045-d4e6-480d-ab6d-1e39b542e8d5,1,,QUORUM,ONE,node1,True,,14.084,2026-09-16T20:48:12.592012+08:00,
c8b0068e-a8f3-46d1-9679-3c07382694f5:ONE:QUORUM:61,RYW,node_failure,A,READ,2fc39045-d4e6-480d-ab6d-1e39b542e8d5,1,1,QUORUM,ONE,node2,True,False,17.307,2026-09-16T20:48:12.606065+08:00,
c8b0068e-a8f3-46d1-9679-3c07382694f5:ONE:QUORUM:62,RYW,node_failure,A,WRITE,4a06da95-0e5f-421d-be3a-47b5203ec46a,1,,QUORUM,ONE,node1,True,,14.111,2026-09-16T20:48:12.623453+08:00,
c8b0068e-a8f3-46d1-9679-3c07382694f5:ONE:QUORUM:62,RYW,node_failure,A,READ,4a06da95-0e5f-421d-be3a-47b5203ec46a,1,1,QUORUM,ONE,node2,True,False,17.094,2026-09-16T20:48:12.637599+08:00,
c8b0068e-a8f3-46d1-9679-3c07382694f5:ONE:QUORUM:63,RYW,node_failure,A,WRITE,a8b559ca-7e13-4f1e-967f-c6af06dee733,1,,QUORUM,ONE,node1,True,,14.411,2026-09-16T20:48:12.654967+08:00,
c8b0068e-a8f3-46d1-9679-3c07382694f5:ONE:QUORUM:63,RYW,node_failure,A,READ,a8b559ca-7e13-4f1e-967f-c6af06dee733,1,1,QUORUM,ONE,node2,True,False,16.796,2026-09-16T20:48:12.669278+08:00,
c8b0068e-a8f3-46d1-9679-3c07382694f5:ONE:QUORUM:64,RYW,node_failure,A,WRITE,2da52a4a-b8f2-4e20-b24f-9e7fc376c501,1,,QUORUM,ONE,node1,True,,14.574,2026-09-16T20:48:12.686356+08:00,
c8b0068e-a8f3-46d1-9679-3c07382694f5:ONE:QUORUM:64,RYW,node_failure,A,READ,2da52a4a-b8f2-4e20-b24f-9e7fc376c501,1,1,QUORUM,ONE,node2,True,False,16.776,2026-09-16T20:48:12.700742+08:00,
c8b0068e-a8f3-46d1-9679-3c07382694f5:ONE:QUORUM:65,RYW,node_failure,A,WRITE,e03dc950-bdc0-4fc7-9747-5e28e347aa84,1,,QUORUM,ONE,node1,True,,14.482,2026-09-16T20:48:12.717905+08:00,
c8b0068e-a8f3-46d1-9679-3c07382694f5:ONE:QUORUM:65,RYW,node_failure,A,READ,e03dc950-bdc0-4fc7-9747-5e28e347aa84,1,1,QUORUM,ONE,node2,True,False,16.543,2026-09-16T20:48:12.732158+08:00,
c8b0068e-a8f3-46d1-9679-3c07382694f5:ONE:QUORUM:66,RYW,node_failure,A,WRITE,cfdce618-30b5-4dc8-8ffd-3e003efbdf53,1,,QUORUM,ONE,node1,True,,14.117,2026-09-16T20:48:12.748906+08:00,
c8b0068e-a8f3-46d1-9679-3c07382694f5:ONE:QUORUM:66,RYW,node_failure,A,READ,cfdce618-30b5-4dc8-8ffd-3e003efbdf53,1,1,QUORUM,ONE,node2,True,False,16.463,2026-09-16T20:48:12.763389+08:00,
c8b0068e-a8f3-46d1-9679-3c07382694f5:ONE:QUORUM:67,RYW,node_failure,A,WRITE,93742700-2762-4b4f-b350-aaffd845fc89,1,,QUORUM,ONE,node1,True,,13.707,2026-09-16T20:48:12.779714+08:00,
c8b0068e-a8f3-46d1-9679-3c07382694f5:ONE:QUORUM:67,RYW,node_failure,A,READ,93742700-2762-4b4f-b350-aaffd845fc89,1,1,QUORUM,ONE,node2,True,False,16.714,2026-09-16T20:48:12.793567+08:00,
c8b0068e-a8f3-46d1-9679-3c07382694f5:ONE:QUORUM:68,RYW,node_failure,A,WRITE,f6341cf0-1087-4f1d-801c-0dc77634bb47,1,,QUORUM,ONE,node1,True,,13.865,2026-09-16T20:48:12.810493+08:00,
c8b0068e-a8f3-46d1-9679-3c07382694f5:ONE:QUORUM:68,RYW,node_failure,A,READ,f6341cf0-1087-4f1d-801c-0dc77634bb47,1,1,QUORUM,ONE,node2,True,False,16.769,2026-09-16T20:48:12.824453+08:00,
c8b0068e-a8f3-46d1-9679-3c07382694f5:ONE:QUORUM:69,RYW,node_failure,A,WRITE,16052298-8c50-4218-b0f6-6f068fb01d41,1,,QUORUM,ONE,node1,True,,14.679,2026-09-16T20:48:12.841075+08:00,
c8b0068e-a8f3-46d1-9679-3c07382694f5:ONE:QUORUM:69,RYW,node_failure,A,READ,16052298-8c50-4218-b0f6-6f068fb01d41,1,1,QUORUM,ONE,node2,True,False,15.94,2026-09-16T20:48:12.856240+08:00,
c8b0068e-a8f3-46d1-9679-3c07382694f5:ONE:QUORUM:70,RYW,node_failure,A,WRITE,8b5485a0-8a5d-4fbe-b5fe-05f37fb7efe9,1,,QUORUM,ONE,node1,True,,13.968,2026-09-16T20:48:12.871917+08:00,
c8b0068e-a8f3-46d1-9679-3c07382694f5:ONE:QUORUM:70,RYW,node_failure,A,READ,8b5485a0-8a5d-4fbe-b5fe-05f37fb7efe9,1,1,QUORUM,ONE,node2,True,False,16.405,2026-09-16T20:48:12.885834+08:00,
c8b0068e-a8f3-46d1-9679-3c07382694f5:ONE:QUORUM:71,RYW,node_failure,A,WRITE,aeda1219-0d0c-4b7c-96da-1703112f98dd,1,,QUORUM,ONE,node1,True,,14.719,2026-09-16T20:48:12.902692+08:00,
c8b0068e-a8f3-46d1-9679-3c07382694f5:ONE:QUORUM:71,RYW,node_failure,A,READ,aeda1219-0d0c-4b7c-96da-1703112f98dd,1,1,QUORUM,ONE,node2,True,False,16.926,2026-09-16T20:48:12.917288+08:00,
c8b0068e-a8f3-46d1-9679-3c07382694f5:ONE:QUORUM:72,RYW,node_failure,A,WRITE,0eb35390-f5bb-4601-9593-b373cf0761d6,1,,QUORUM,ONE,node1,True,,13.778,2026-09-16T20:48:12.934531+08:00,
c8b0068e-a8f3-46d1-9679-3c07382694f5:ONE:QUORUM:72,RYW,node_failure,A,READ,0eb35390-f5bb-4601-9593-b373cf0761d6,1,1,QUORUM,ONE,node2,True,False,15.55,2026-09-16T20:48:12.948129+08:00,
c8b0068e-a8f3-46d1-9679-3c07382694f5:ONE:QUORUM:73,RYW,node_failure,A,WRITE,1c631227-5703-4c39-9b9f-ee24d287780e,1,,QUORUM,ONE,node1,True,,14.521,2026-09-16T20:48:12.964070+08:00,
c8b0068e-a8f3-46d1-9679-3c07382694f5:ONE:QUORUM:73,RYW,node_failure,A,READ,1c631227-5703-4c39-9b9f-ee24d287780e,1,1,QUORUM,ONE,node2,True,False,16.261,2026-09-16T20:48:12.978450+08:00,
c8b0068e-a8f3-46d1-9679-3c07382694f5:ONE:QUORUM:74,RYW,node_failure,A,WRITE,a7931d85-88a2-4750-8f1f-6a293291b467,1,,QUORUM,ONE,node1,True,,14.299,2026-09-16T20:48:12.994977+08:00,
c8b0068e-a8f3-46d1-9679-3c07382694f5:ONE:QUORUM:74,RYW,node_failure,A,READ,a7931d85-88a2-4750-8f1f-6a293291b467,1,1,QUORUM,ONE,node2,True,False,16.911,2026-09-16T20:48:13.009197+08:00,
c8b0068e-a8f3-46d1-9679-3c07382694f5:ONE:QUORUM:75,RYW,node_failure,A,WRITE,e5a6c246-7318-4a28-84a1-b5d58ed143a5,1,,QUORUM,ONE,node1,True,,14.367,2026-09-16T20:48:13.026411+08:00,
c8b0068e-a8f3-46d1-9679-3c07382694f5:ONE:QUORUM:75,RYW,node_failure,A,READ,e5a6c246-7318-4a28-84a1-b5d58ed143a5,1,1,QUORUM,ONE,node2,True,False,17.491,2026-09-16T20:48:13.040600+08:00,
c8b0068e-a8f3-46d1-9679-3c07382694f5:ONE:QUORUM:76,RYW,node_failure,A,WRITE,a3e31f95-b681-4733-8437-d343472ba858,1,,QUORUM,ONE,node1,True,,14.368,2026-09-16T20:48:13.058384+08:00,
c8b0068e-a8f3-46d1-9679-3c07382694f5:ONE:QUORUM:76,RYW,node_failure,A,READ,a3e31f95-b681-4733-8437-d343472ba858,1,1,QUORUM,ONE,node2,True,False,17.096,2026-09-16T20:48:13.072648+08:00,
c8b0068e-a8f3-46d1-9679-3c07382694f5:ONE:QUORUM:77,RYW,node_failure,A,WRITE,dc816388-d2cd-4716-815c-8f9fea1a253b,1,,QUORUM,ONE,node1,True,,13.955,2026-09-16T20:48:13.090111+08:00,
c8b0068e-a8f3-46d1-9679-3c07382694f5:ONE:QUORUM:77,RYW,node_failure,A,READ,dc816388-d2cd-4716-815c-8f9fea1a253b,1,1,QUORUM,ONE,node2,True,False,16.793,2026-09-16T20:48:13.103851+08:00,
c8b0068e-a8f3-46d1-9679-3c07382694f5:ONE:QUORUM:78,RYW,node_failure,A,WRITE,7274de14-9f0b-4be0-84df-0984c1c288e3,1,,QUORUM,ONE,node1,True,,14.683,2026-09-16T20:48:13.120971+08:00,
c8b0068e-a8f3-46d1-9679-3c07382694f5:ONE:QUORUM:78,RYW,node_failure,A,READ,7274de14-9f0b-4be0-84df-0984c1c288e3,1,1,QUORUM,ONE,node2,True,False,16.896,2026-09-16T20:48:13.135543+08:00,
c8b0068e-a8f3-46d1-9679-3c07382694f5:ONE:QUORUM:79,RYW,node_failure,A,WRITE,278d5de1-e382-4d95-853d-879902fa6cff,1,,QUORUM,ONE,node1,True,,13.741,2026-09-16T20:48:13.152751+08:00,
c8b0068e-a8f3-46d1-9679-3c07382694f5:ONE:QUORUM:79,RYW,node_failure,A,READ,278d5de1-e382-4d95-853d-879902fa6cff,1,1,QUORUM,ONE,node2,True,False,16.032,2026-09-16T20:48:13.166322+08:00,
c8b0068e-a8f3-46d1-9679-3c07382694f5:ONE:QUORUM:80,RYW,node_failure,A,WRITE,9491874b-799d-45c7-a85f-6b1b488e8f40,1,,QUORUM,ONE,node1,True,,14.401,2026-09-16T20:48:13.182680+08:00,
c8b0068e-a8f3-46d1-9679-3c07382694f5:ONE:QUORUM:80,RYW,node_failure,A,READ,9491874b-799d-45c7-a85f-6b1b488e8f40,1,1,QUORUM,ONE,node2,True,False,16.878,2026-09-16T20:48:13.196996+08:00,
c8b0068e-a8f3-46d1-9679-3c07382694f5:ONE:QUORUM:81,RYW,node_failure,A,WRITE,c1ad318d-85b8-473c-bcb1-163c5ad4baf4,1,,QUORUM,ONE,node1,True,,13.748,2026-09-16T20:48:13.214232+08:00,
c8b0068e-a8f3-46d1-9679-3c07382694f5:ONE:QUORUM:81,RYW,node_failure,A,READ,c1ad318d-85b8-473c-bcb1-163c5ad4baf4,1,1,QUORUM,ONE,node2,True,False,16.937,2026-09-16T20:48:13.227803+08:00,
c8b0068e-a8f3-46d1-9679-3c07382694f5:ONE:QUORUM:82,RYW,node_failure,A,WRITE,ea4d3b0f-eb6e-41db-9cdf-a72c7b91fa65,1,,QUORUM,ONE,node1,True,,14.838,2026-09-16T20:48:13.245067+08:00,
c8b0068e-a8f3-46d1-9679-3c07382694f5:ONE:QUORUM:82,RYW,node_failure,A,READ,ea4d3b0f-eb6e-41db-9cdf-a72c7b91fa65,1,1,QUORUM,ONE,node2,True,False,15.644,2026-09-16T20:48:13.259731+08:00,
c8b0068e-a8f3-46d1-9679-3c07382694f5:ONE:QUORUM:83,RYW,node_failure,A,WRITE,f8032e5b-0551-492f-ad11-263c54e5390b,1,,QUORUM,ONE,node1,True,,14.339,2026-09-16T20:48:13.275701+08:00,
c8b0068e-a8f3-46d1-9679-3c07382694f5:ONE:QUORUM:83,RYW,node_failure,A,READ,f8032e5b-0551-492f-ad11-263c54e5390b,1,1,QUORUM,ONE,node2,True,False,17.137,2026-09-16T20:48:13.289811+08:00,
c8b0068e-a8f3-46d1-9679-3c07382694f5:ONE:QUORUM:84,RYW,node_failure,A,WRITE,7765389a-413b-4f5b-8f50-feeb012bdb77,1,,QUORUM,ONE,node1,True,,14.613,2026-09-16T20:48:13.307277+08:00,
c8b0068e-a8f3-46d1-9679-3c07382694f5:ONE:QUORUM:84,RYW,node_failure,A,READ,7765389a-413b-4f5b-8f50-feeb012bdb77,1,1,QUORUM,ONE,node2,True,False,16.494,2026-09-16T20:48:13.321770+08:00,
c8b0068e-a8f3-46d1-9679-3c07382694f5:ONE:QUORUM:85,RYW,node_failure,A,WRITE,3cad0ee7-a41e-467e-a4fa-6a39b0ef66c3,1,,QUORUM,ONE,node1,True,,14.302,2026-09-16T20:48:13.338659+08:00,
c8b0068e-a8f3-46d1-9679-3c07382694f5:ONE:QUORUM:85,RYW,node_failure,A,READ,3cad0ee7-a41e-467e-a4fa-6a39b0ef66c3,1,1,QUORUM,ONE,node2,True,False,16.982,2026-09-16T20:48:13.352801+08:00,
c8b0068e-a8f3-46d1-9679-3c07382694f5:ONE:QUORUM:86,RYW,node_failure,A,WRITE,9237249f-ca0d-43f6-996b-0121ba06ce86,1,,QUORUM,ONE,node1,True,,14.533,2026-09-16T20:48:13.370069+08:00,
c8b0068e-a8f3-46d1-9679-3c07382694f5:ONE:QUORUM:86,RYW,node_failure,A,READ,9237249f-ca0d-43f6-996b-0121ba06ce86,1,1,QUORUM,ONE,node2,True,False,16.275,2026-09-16T20:48:13.384447+08:00,
c8b0068e-a8f3-46d1-9679-3c07382694f5:ONE:QUORUM:87,RYW,node_failure,A,WRITE,fe4c1d0c-633b-4263-925d-63390a43b7cf,1,,QUORUM,ONE,node1,True,,14.167,2026-09-16T20:48:13.400839+08:00,
c8b0068e-a8f3-46d1-9679-3c07382694f5:ONE:QUORUM:87,RYW,node_failure,A,READ,fe4c1d0c-633b-4263-925d-63390a43b7cf,1,1,QUORUM,ONE,node2,True,False,17.038,2026-09-16T20:48:13.415074+08:00,
c8b0068e-a8f3-46d1-9679-3c07382694f5:ONE:QUORUM:88,RYW,node_failure,A,WRITE,44255422-fb4f-4d5c-b17b-aa790ab3e076,1,,QUORUM,ONE,node1,True,,14.589,2026-09-16T20:48:13.432435+08:00,
c8b0068e-a8f3-46d1-9679-3c07382694f5:ONE:QUORUM:88,RYW,node_failure,A,READ,44255422-fb4f-4d5c-b17b-aa790ab3e076,1,1,QUORUM,ONE,node2,True,False,16.456,2026-09-16T20:48:13.446830+08:00,
c8b0068e-a8f3-46d1-9679-3c07382694f5:ONE:QUORUM:89,RYW,node_failure,A,WRITE,c78b6b0a-6514-4ea1-be49-5b9b3e97ab7d,1,,QUORUM,ONE,node1,True,,14.431,2026-09-16T20:48:13.463603+08:00,
c8b0068e-a8f3-46d1-9679-3c07382694f5:ONE:QUORUM:89,RYW,node_failure,A,READ,c78b6b0a-6514-4ea1-be49-5b9b3e97ab7d,1,1,QUORUM,ONE,node2,True,False,17.292,2026-09-16T20:48:13.477952+08:00,
c8b0068e-a8f3-46d1-9679-3c07382694f5:ONE:QUORUM:90,RYW,node_failure,A,WRITE,b2a3048a-e64f-456f-94a9-7c98ad301344,1,,QUORUM,ONE,node1,True,,13.897,2026-09-16T20:48:13.495515+08:00,
c8b0068e-a8f3-46d1-9679-3c07382694f5:ONE:QUORUM:90,RYW,node_failure,A,READ,b2a3048a-e64f-456f-94a9-7c98ad301344,1,1,QUORUM,ONE,node2,True,False,16.524,2026-09-16T20:48:13.509449+08:00,
c8b0068e-a8f3-46d1-9679-3c07382694f5:ONE:QUORUM:91,RYW,node_failure,A,WRITE,815cf2cf-5b39-484c-af10-0e6d029c5e50,1,,QUORUM,ONE,node1,True,,14.264,2026-09-16T20:48:13.526159+08:00,
c8b0068e-a8f3-46d1-9679-3c07382694f5:ONE:QUORUM:91,RYW,node_failure,A,READ,815cf2cf-5b39-484c-af10-0e6d029c5e50,1,1,QUORUM,ONE,node2,True,False,16.91,2026-09-16T20:48:13.540283+08:00,
c8b0068e-a8f3-46d1-9679-3c07382694f5:ONE:QUORUM:92,RYW,node_failure,A,WRITE,33ff8ef7-24a5-4f67-b117-75f7cd318561,1,,QUORUM,ONE,node1,True,,14.566,2026-09-16T20:48:13.557394+08:00,
c8b0068e-a8f3-46d1-9679-3c07382694f5:ONE:QUORUM:92,RYW,node_failure,A,READ,33ff8ef7-24a5-4f67-b117-75f7cd318561,1,1,QUORUM,ONE,node2,True,False,16.621,2026-09-16T20:48:13.571855+08:00,
c8b0068e-a8f3-46d1-9679-3c07382694f5:ONE:QUORUM:93,RYW,node_failure,A,WRITE,f637e0c5-6f15-4f08-b479-51096e43b4ab,1,,QUORUM,ONE,node1,True,,14.423,2026-09-16T20:48:13.588791+08:00,
c8b0068e-a8f3-46d1-9679-3c07382694f5:ONE:QUORUM:93,RYW,node_failure,A,READ,f637e0c5-6f15-4f08-b479-51096e43b4ab,1,1,QUORUM,ONE,node2,True,False,16.975,2026-09-16T20:48:13.603040+08:00,
c8b0068e-a8f3-46d1-9679-3c07382694f5:ONE:QUORUM:94,RYW,node_failure,A,WRITE,2a980895-130b-4b6f-9a02-b251594ca373,1,,QUORUM,ONE,node1,True,,14.925,2026-09-16T20:48:13.620315+08:00,
c8b0068e-a8f3-46d1-9679-3c07382694f5:ONE:QUORUM:94,RYW,node_failure,A,READ,2a980895-130b-4b6f-9a02-b251594ca373,1,1,QUORUM,ONE,node2,True,False,17.058,2026-09-16T20:48:13.635004+08:00,
c8b0068e-a8f3-46d1-9679-3c07382694f5:ONE:QUORUM:95,RYW,node_failure,A,WRITE,4cfc601e-f8a1-48cd-a0bb-4953796edab8,1,,QUORUM,ONE,node1,True,,13.261,2026-09-16T20:48:13.652571+08:00,
c8b0068e-a8f3-46d1-9679-3c07382694f5:ONE:QUORUM:95,RYW,node_failure,A,READ,4cfc601e-f8a1-48cd-a0bb-4953796edab8,1,1,QUORUM,ONE,node2,True,False,16.488,2026-09-16T20:48:13.665717+08:00,
c8b0068e-a8f3-46d1-9679-3c07382694f5:ONE:QUORUM:96,RYW,node_failure,A,WRITE,9c07ba42-c92d-4b96-b7bd-d722538a2c87,1,,QUORUM,ONE,node1,True,,14.532,2026-09-16T20:48:13.682511+08:00,
c8b0068e-a8f3-46d1-9679-3c07382694f5:ONE:QUORUM:96,RYW,node_failure,A,READ,9c07ba42-c92d-4b96-b7bd-d722538a2c87,1,1,QUORUM,ONE,node2,True,False,16.42,2026-09-16T20:48:13.696914+08:00,
c8b0068e-a8f3-46d1-9679-3c07382694f5:ONE:QUORUM:97,RYW,node_failure,A,WRITE,df426a6b-738b-4492-a6b0-94f92b7d1c10,1,,QUORUM,ONE,node1,True,,14.904,2026-09-16T20:48:13.713701+08:00,
c8b0068e-a8f3-46d1-9679-3c07382694f5:ONE:QUORUM:97,RYW,node_failure,A,READ,df426a6b-738b-4492-a6b0-94f92b7d1c10,1,1,QUORUM,ONE,node2,True,False,17.437,2026-09-16T20:48:13.728446+08:00,
c8b0068e-a8f3-46d1-9679-3c07382694f5:ONE:QUORUM:98,RYW,node_failure,A,WRITE,ff45b0f8-7e8e-4a88-b726-01dd9191d1a9,1,,QUORUM,ONE,node1,True,,15.061,2026-09-16T20:48:13.746028+08:00,
c8b0068e-a8f3-46d1-9679-3c07382694f5:ONE:QUORUM:98,RYW,node_failure,A,READ,ff45b0f8-7e8e-4a88-b726-01dd9191d1a9,1,1,QUORUM,ONE,node2,True,False,16.32,2026-09-16T20:48:13.761052+08:00,
c8b0068e-a8f3-46d1-9679-3c07382694f5:ONE:QUORUM:99,RYW,node_failure,A,WRITE,5f6535a7-72ce-4b16-8980-c888d764158a,1,,QUORUM,ONE,node1,True,,14.361,2026-09-16T20:48:13.777666+08:00,
c8b0068e-a8f3-46d1-9679-3c07382694f5:ONE:QUORUM:99,RYW,node_failure,A,READ,5f6535a7-72ce-4b16-8980-c888d764158a,1,1,QUORUM,ONE,node2,True,False,16.906,2026-09-16T20:48:13.791914+08:00,
c8b0068e-a8f3-46d1-9679-3c07382694f5:ONE:QUORUM:100,RYW,node_failure,A,WRITE,73cb3f6a-57fa-44fd-a209-60f02da3b612,1,,QUORUM,ONE,node1,True,,14.255,2026-09-16T20:48:13.809170+08:00,
c8b0068e-a8f3-46d1-9679-3c07382694f5:ONE:QUORUM:100,RYW,node_failure,A,READ,73cb3f6a-57fa-44fd-a209-60f02da3b612,1,1,QUORUM,ONE,node2,True,False,17.54,2026-09-16T20:48:13.823349+08:00,
c8b0068e-a8f3-46d1-9679-3c07382694f5:QUORUM:ONE:1,RYW,node_failure,A,WRITE,2cc73718-3520-4cf8-a74a-47ec7683d977,1,,ONE,QUORUM,node1,True,,9.726,2026-09-16T20:48:13.846423+08:00,
c8b0068e-a8f3-46d1-9679-3c07382694f5:QUORUM:ONE:1,RYW,node_failure,A,READ,2cc73718-3520-4cf8-a74a-47ec7683d977,1,1,ONE,QUORUM,node2,True,False,16.773,2026-09-16T20:48:13.856589+08:00,
c8b0068e-a8f3-46d1-9679-3c07382694f5:QUORUM:ONE:2,RYW,node_failure,A,WRITE,4b93c7a4-27a7-4c2d-9867-ea690ed3ce4a,1,,ONE,QUORUM,node1,True,,13.929,2026-09-16T20:48:13.873238+08:00,
c8b0068e-a8f3-46d1-9679-3c07382694f5:QUORUM:ONE:2,RYW,node_failure,A,READ,4b93c7a4-27a7-4c2d-9867-ea690ed3ce4a,1,1,ONE,QUORUM,node2,True,False,15.079,2026-09-16T20:48:13.887130+08:00,
c8b0068e-a8f3-46d1-9679-3c07382694f5:QUORUM:ONE:3,RYW,node_failure,A,WRITE,3312ac91-9492-422d-bd10-4eac8ff590ce,1,,ONE,QUORUM,node1,True,,16.243,2026-09-16T20:48:13.902625+08:00,
c8b0068e-a8f3-46d1-9679-3c07382694f5:QUORUM:ONE:3,RYW,node_failure,A,READ,3312ac91-9492-422d-bd10-4eac8ff590ce,1,1,ONE,QUORUM,node2,True,False,16.188,2026-09-16T20:48:13.918631+08:00,
c8b0068e-a8f3-46d1-9679-3c07382694f5:QUORUM:ONE:4,RYW,node_failure,A,WRITE,4897f7cb-d0d4-4637-9a54-fdb3d74e7daa,1,,ONE,QUORUM,node1,True,,14.802,2026-09-16T20:48:13.935156+08:00,
c8b0068e-a8f3-46d1-9679-3c07382694f5:QUORUM:ONE:4,RYW,node_failure,A,READ,4897f7cb-d0d4-4637-9a54-fdb3d74e7daa,1,1,ONE,QUORUM,node2,True,False,15.138,2026-09-16T20:48:13.950112+08:00,
c8b0068e-a8f3-46d1-9679-3c07382694f5:QUORUM:ONE:5,RYW,node_failure,A,WRITE,4b038285-a69d-49b2-9e0f-7c4b2c59323a,1,,ONE,QUORUM,node1,True,,16.421,2026-09-16T20:48:13.965325+08:00,
c8b0068e-a8f3-46d1-9679-3c07382694f5:QUORUM:ONE:5,RYW,node_failure,A,READ,4b038285-a69d-49b2-9e0f-7c4b2c59323a,1,1,ONE,QUORUM,node2,True,False,15.053,2026-09-16T20:48:13.981555+08:00,
c8b0068e-a8f3-46d1-9679-3c07382694f5:QUORUM:ONE:6,RYW,node_failure,A,WRITE,e44a68bc-ea75-4848-a1ae-37f680a9d5f4,1,,ONE,QUORUM,node1,True,,15.505,2026-09-16T20:48:13.996971+08:00,
c8b0068e-a8f3-46d1-9679-3c07382694f5:QUORUM:ONE:6,RYW,node_failure,A,READ,e44a68bc-ea75-4848-a1ae-37f680a9d5f4,1,1,ONE,QUORUM,node2,True,False,15.83,2026-09-16T20:48:14.012295+08:00,
c8b0068e-a8f3-46d1-9679-3c07382694f5:QUORUM:ONE:7,RYW,node_failure,A,WRITE,c33f3b8d-788c-45dd-a931-cde7a0e04a7e,1,,ONE,QUORUM,node1,True,,15.058,2026-09-16T20:48:14.028346+08:00,
c8b0068e-a8f3-46d1-9679-3c07382694f5:QUORUM:ONE:7,RYW,node_failure,A,READ,c33f3b8d-788c-45dd-a931-cde7a0e04a7e,1,1,ONE,QUORUM,node2,True,False,15.447,2026-09-16T20:48:14.043301+08:00,
c8b0068e-a8f3-46d1-9679-3c07382694f5:QUORUM:ONE:8,RYW,node_failure,A,WRITE,9db8c2a1-2c71-4c23-b190-0fcf97f4b8ab,1,,ONE,QUORUM,node1,True,,15.397,2026-09-16T20:48:14.059060+08:00,
c8b0068e-a8f3-46d1-9679-3c07382694f5:QUORUM:ONE:8,RYW,node_failure,A,READ,9db8c2a1-2c71-4c23-b190-0fcf97f4b8ab,1,1,ONE,QUORUM,node2,True,False,15.63,2026-09-16T20:48:14.073701+08:00,
c8b0068e-a8f3-46d1-9679-3c07382694f5:QUORUM:ONE:9,RYW,node_failure,A,WRITE,76110de1-922e-46d6-82ef-524710e175df,1,,ONE,QUORUM,node1,True,,15.393,2026-09-16T20:48:14.090272+08:00,
c8b0068e-a8f3-46d1-9679-3c07382694f5:QUORUM:ONE:9,RYW,node_failure,A,READ,76110de1-922e-46d6-82ef-524710e175df,1,1,ONE,QUORUM,node2,True,False,15.289,2026-09-16T20:48:14.105486+08:00,
c8b0068e-a8f3-46d1-9679-3c07382694f5:QUORUM:ONE:10,RYW,node_failure,A,WRITE,4a19094c-5dd8-4d83-855d-aaa62ce713ef,1,,ONE,QUORUM,node1,True,,16.337,2026-09-16T20:48:14.121201+08:00,
c8b0068e-a8f3-46d1-9679-3c07382694f5:QUORUM:ONE:10,RYW,node_failure,A,READ,4a19094c-5dd8-4d83-855d-aaa62ce713ef,1,1,ONE,QUORUM,node2,True,False,15.506,2026-09-16T20:48:14.137255+08:00,
c8b0068e-a8f3-46d1-9679-3c07382694f5:QUORUM:ONE:11,RYW,node_failure,A,WRITE,cff847c8-26e0-4183-a504-bfd7d1467a76,1,,ONE,QUORUM,node1,True,,15.524,2026-09-16T20:48:14.153186+08:00,
c8b0068e-a8f3-46d1-9679-3c07382694f5:QUORUM:ONE:11,RYW,node_failure,A,READ,cff847c8-26e0-4183-a504-bfd7d1467a76,1,1,ONE,QUORUM,node2,True,False,15.625,2026-09-16T20:48:14.168535+08:00,
c8b0068e-a8f3-46d1-9679-3c07382694f5:QUORUM:ONE:12,RYW,node_failure,A,WRITE,e916e7e4-014b-45ab-9043-b6d29b07de54,1,,ONE,QUORUM,node1,True,,15.505,2026-09-16T20:48:14.184510+08:00,
c8b0068e-a8f3-46d1-9679-3c07382694f5:QUORUM:ONE:12,RYW,node_failure,A,READ,e916e7e4-014b-45ab-9043-b6d29b07de54,1,1,ONE,QUORUM,node2,True,False,15.638,2026-09-16T20:48:14.199813+08:00,
c8b0068e-a8f3-46d1-9679-3c07382694f5:QUORUM:ONE:13,RYW,node_failure,A,WRITE,1343ebc4-16f8-48b9-ae2b-38447d248f6c,1,,ONE,QUORUM,node1,True,,14.853,2026-09-16T20:48:14.215843+08:00,
c8b0068e-a8f3-46d1-9679-3c07382694f5:QUORUM:ONE:13,RYW,node_failure,A,READ,1343ebc4-16f8-48b9-ae2b-38447d248f6c,1,1,ONE,QUORUM,node2,True,False,15.933,2026-09-16T20:48:14.230486+08:00,
c8b0068e-a8f3-46d1-9679-3c07382694f5:QUORUM:ONE:14,RYW,node_failure,A,WRITE,abcd934a-e0b7-4026-b15a-dfb1011fcd6a,1,,ONE,QUORUM,node1,True,,15.222,2026-09-16T20:48:14.246826+08:00,
c8b0068e-a8f3-46d1-9679-3c07382694f5:QUORUM:ONE:14,RYW,node_failure,A,READ,abcd934a-e0b7-4026-b15a-dfb1011fcd6a,1,1,ONE,QUORUM,node2,True,False,15.141,2026-09-16T20:48:14.261902+08:00,
c8b0068e-a8f3-46d1-9679-3c07382694f5:QUORUM:ONE:15,RYW,node_failure,A,WRITE,2bf6f88d-5ea1-4a66-927d-98836bbedfac,1,,ONE,QUORUM,node1,True,,15.455,2026-09-16T20:48:14.277316+08:00,
c8b0068e-a8f3-46d1-9679-3c07382694f5:QUORUM:ONE:15,RYW,node_failure,A,READ,2bf6f88d-5ea1-4a66-927d-98836bbedfac,1,1,ONE,QUORUM,node2,True,False,15.735,2026-09-16T20:48:14.292652+08:00,
c8b0068e-a8f3-46d1-9679-3c07382694f5:QUORUM:ONE:16,RYW,node_failure,A,WRITE,03971794-ca8a-4071-bb34-ac5bc1159e17,1,,ONE,QUORUM,node1,True,,14.85,2026-09-16T20:48:14.308668+08:00,
c8b0068e-a8f3-46d1-9679-3c07382694f5:QUORUM:ONE:16,RYW,node_failure,A,READ,03971794-ca8a-4071-bb34-ac5bc1159e17,1,1,ONE,QUORUM,node2,True,False,15.331,2026-09-16T20:48:14.323378+08:00,
c8b0068e-a8f3-46d1-9679-3c07382694f5:QUORUM:ONE:17,RYW,node_failure,A,WRITE,34f3284c-e011-43f9-99db-6d64f5cbe6dd,1,,ONE,QUORUM,node1,True,,15.24,2026-09-16T20:48:14.339061+08:00,
c8b0068e-a8f3-46d1-9679-3c07382694f5:QUORUM:ONE:17,RYW,node_failure,A,READ,34f3284c-e011-43f9-99db-6d64f5cbe6dd,1,1,ONE,QUORUM,node2,True,False,16.178,2026-09-16T20:48:14.354113+08:00,
c8b0068e-a8f3-46d1-9679-3c07382694f5:QUORUM:ONE:18,RYW,node_failure,A,WRITE,90125cbf-fc69-4d78-acbc-fe4b9ea6af93,1,,ONE,QUORUM,node1,True,,15.92,2026-09-16T20:48:14.370614+08:00,
c8b0068e-a8f3-46d1-9679-3c07382694f5:QUORUM:ONE:18,RYW,node_failure,A,READ,90125cbf-fc69-4d78-acbc-fe4b9ea6af93,1,1,ONE,QUORUM,node2,True,False,16.208,2026-09-16T20:48:14.386377+08:00,
c8b0068e-a8f3-46d1-9679-3c07382694f5:QUORUM:ONE:19,RYW,node_failure,A,WRITE,84d35311-6339-46fe-a8e1-d71f875eb093,1,,ONE,QUORUM,node1,True,,15.106,2026-09-16T20:48:14.402813+08:00,
c8b0068e-a8f3-46d1-9679-3c07382694f5:QUORUM:ONE:19,RYW,node_failure,A,READ,84d35311-6339-46fe-a8e1-d71f875eb093,1,1,ONE,QUORUM,node2,True,False,15.44,2026-09-16T20:48:14.417864+08:00,
c8b0068e-a8f3-46d1-9679-3c07382694f5:QUORUM:ONE:20,RYW,node_failure,A,WRITE,43473cad-5a21-4004-95cc-added7bacc95,1,,ONE,QUORUM,node1,True,,15.129,2026-09-16T20:48:14.433647+08:00,
c8b0068e-a8f3-46d1-9679-3c07382694f5:QUORUM:ONE:20,RYW,node_failure,A,READ,43473cad-5a21-4004-95cc-added7bacc95,1,1,ONE,QUORUM,node2,True,False,15.923,2026-09-16T20:48:14.448660+08:00,
c8b0068e-a8f3-46d1-9679-3c07382694f5:QUORUM:ONE:21,RYW,node_failure,A,WRITE,dd6caf0e-83b9-4ae5-9d31-632c7c067404,1,,ONE,QUORUM,node1,True,,15.321,2026-09-16T20:48:14.464919+08:00,
c8b0068e-a8f3-46d1-9679-3c07382694f5:QUORUM:ONE:21,RYW,node_failure,A,READ,dd6caf0e-83b9-4ae5-9d31-632c7c067404,1,1,ONE,QUORUM,node2,True,False,15.54,2026-09-16T20:48:14.480033+08:00,
c8b0068e-a8f3-46d1-9679-3c07382694f5:QUORUM:ONE:22,RYW,node_failure,A,WRITE,6fa971b3-b84a-404d-a3ae-80f0be3b58e6,1,,ONE,QUORUM,node1,True,,15.311,2026-09-16T20:48:14.495941+08:00,
c8b0068e-a8f3-46d1-9679-3c07382694f5:QUORUM:ONE:22,RYW,node_failure,A,READ,6fa971b3-b84a-404d-a3ae-80f0be3b58e6,1,1,ONE,QUORUM,node2,True,False,16.044,2026-09-16T20:48:14.510609+08:00,
c8b0068e-a8f3-46d1-9679-3c07382694f5:QUORUM:ONE:23,RYW,node_failure,A,WRITE,251bcd17-2aa0-4477-bf61-c5cf3ddc6a89,1,,ONE,QUORUM,node1,True,,14.745,2026-09-16T20:48:14.527457+08:00,
c8b0068e-a8f3-46d1-9679-3c07382694f5:QUORUM:ONE:23,RYW,node_failure,A,READ,251bcd17-2aa0-4477-bf61-c5cf3ddc6a89,1,1,ONE,QUORUM,node2,True,False,15.095,2026-09-16T20:48:14.541982+08:00,
c8b0068e-a8f3-46d1-9679-3c07382694f5:QUORUM:ONE:24,RYW,node_failure,A,WRITE,e10577e1-27a7-4670-90d1-6c0f12c3f39f,1,,ONE,QUORUM,node1,True,,17.104,2026-09-16T20:48:14.557466+08:00,
c8b0068e-a8f3-46d1-9679-3c07382694f5:QUORUM:ONE:24,RYW,node_failure,A,READ,e10577e1-27a7-4670-90d1-6c0f12c3f39f,1,1,ONE,QUORUM,node2,True,False,14.92,2026-09-16T20:48:14.574327+08:00,
c8b0068e-a8f3-46d1-9679-3c07382694f5:QUORUM:ONE:25,RYW,node_failure,A,WRITE,ee22852c-7952-4602-942d-146fd2688a9d,1,,ONE,QUORUM,node1,True,,15.206,2026-09-16T20:48:14.589487+08:00,
c8b0068e-a8f3-46d1-9679-3c07382694f5:QUORUM:ONE:25,RYW,node_failure,A,READ,ee22852c-7952-4602-942d-146fd2688a9d,1,1,ONE,QUORUM,node2,True,False,14.966,2026-09-16T20:48:14.604607+08:00,
c8b0068e-a8f3-46d1-9679-3c07382694f5:QUORUM:ONE:26,RYW,node_failure,A,WRITE,2caaff89-d458-4c28-bcfb-f616dac2415d,1,,ONE,QUORUM,node1,True,,16.258,2026-09-16T20:48:14.619958+08:00,
c8b0068e-a8f3-46d1-9679-3c07382694f5:QUORUM:ONE:26,RYW,node_failure,A,READ,2caaff89-d458-4c28-bcfb-f616dac2415d,1,1,ONE,QUORUM,node2,True,False,15.074,2026-09-16T20:48:14.635931+08:00,
c8b0068e-a8f3-46d1-9679-3c07382694f5:QUORUM:ONE:27,RYW,node_failure,A,WRITE,063ffd82-f0a4-4e5a-97f2-ce34dc7ab8c9,1,,ONE,QUORUM,node1,True,,15.381,2026-09-16T20:48:14.651549+08:00,
c8b0068e-a8f3-46d1-9679-3c07382694f5:QUORUM:ONE:27,RYW,node_failure,A,READ,063ffd82-f0a4-4e5a-97f2-ce34dc7ab8c9,1,1,ONE,QUORUM,node2,True,False,15.502,2026-09-16T20:48:14.666740+08:00,
c8b0068e-a8f3-46d1-9679-3c07382694f5:QUORUM:ONE:28,RYW,node_failure,A,WRITE,1a0659bd-3fe1-4389-a81f-0aa305b78b2e,1,,ONE,QUORUM,node1,True,,15.098,2026-09-16T20:48:14.682655+08:00,
c8b0068e-a8f3-46d1-9679-3c07382694f5:QUORUM:ONE:28,RYW,node_failure,A,READ,1a0659bd-3fe1-4389-a81f-0aa305b78b2e,1,1,ONE,QUORUM,node2,True,False,15.489,2026-09-16T20:48:14.697557+08:00,
c8b0068e-a8f3-46d1-9679-3c07382694f5:QUORUM:ONE:29,RYW,node_failure,A,WRITE,7eb11228-a572-426e-ba8a-cf527e47f038,1,,ONE,QUORUM,node1,True,,15.917,2026-09-16T20:48:14.713126+08:00,
c8b0068e-a8f3-46d1-9679-3c07382694f5:QUORUM:ONE:29,RYW,node_failure,A,READ,7eb11228-a572-426e-ba8a-cf527e47f038,1,1,ONE,QUORUM,node2,True,False,16.291,2026-09-16T20:48:14.729126+08:00,
c8b0068e-a8f3-46d1-9679-3c07382694f5:QUORUM:ONE:30,RYW,node_failure,A,WRITE,8d6f93c5-81c4-4cda-bd25-67d080a1d8fe,1,,ONE,QUORUM,node1,True,,15.065,2026-09-16T20:48:14.745757+08:00,
c8b0068e-a8f3-46d1-9679-3c07382694f5:QUORUM:ONE:30,RYW,node_failure,A,READ,8d6f93c5-81c4-4cda-bd25-67d080a1d8fe,1,1,ONE,QUORUM,node2,True,False,15.674,2026-09-16T20:48:14.760618+08:00,
c8b0068e-a8f3-46d1-9679-3c07382694f5:QUORUM:ONE:31,RYW,node_failure,A,WRITE,56e19d0c-640d-4b2c-aa3e-68db1dc86867,1,,ONE,QUORUM,node1,True,,15.403,2026-09-16T20:48:14.776687+08:00,
c8b0068e-a8f3-46d1-9679-3c07382694f5:QUORUM:ONE:31,RYW,node_failure,A,READ,56e19d0c-640d-4b2c-aa3e-68db1dc86867,1,1,ONE,QUORUM,node2,True,False,15.479,2026-09-16T20:48:14.791832+08:00,
c8b0068e-a8f3-46d1-9679-3c07382694f5:QUORUM:ONE:32,RYW,node_failure,A,WRITE,63a6bf9b-96db-4161-b700-ddf0925615ff,1,,ONE,QUORUM,node1,True,,15.24,2026-09-16T20:48:14.807721+08:00,
c8b0068e-a8f3-46d1-9679-3c07382694f5:QUORUM:ONE:32,RYW,node_failure,A,READ,63a6bf9b-96db-4161-b700-ddf0925615ff,1,1,ONE,QUORUM,node2,True,False,15.708,2026-09-16T20:48:14.822768+08:00,
c8b0068e-a8f3-46d1-9679-3c07382694f5:QUORUM:ONE:33,RYW,node_failure,A,WRITE,4124ce8d-c1f8-4b09-921d-113fc4eae3df,1,,ONE,QUORUM,node1,True,,15.107,2026-09-16T20:48:14.838859+08:00,
c8b0068e-a8f3-46d1-9679-3c07382694f5:QUORUM:ONE:33,RYW,node_failure,A,READ,4124ce8d-c1f8-4b09-921d-113fc4eae3df,1,1,ONE,QUORUM,node2,True,False,16.852,2026-09-16T20:48:14.853723+08:00,
c8b0068e-a8f3-46d1-9679-3c07382694f5:QUORUM:ONE:34,RYW,node_failure,A,WRITE,233a73db-1310-4a58-bf61-458b1bc28376,1,,ONE,QUORUM,node1,True,,22.432,2026-09-16T20:48:14.870753+08:00,
c8b0068e-a8f3-46d1-9679-3c07382694f5:QUORUM:ONE:34,RYW,node_failure,A,READ,233a73db-1310-4a58-bf61-458b1bc28376,1,1,ONE,QUORUM,node2,True,False,16.537,2026-09-16T20:48:14.893467+08:00,
c8b0068e-a8f3-46d1-9679-3c07382694f5:QUORUM:ONE:35,RYW,node_failure,A,WRITE,6969d4f0-c2b7-4bc7-b7ab-b146ae772c2b,1,,ONE,QUORUM,node1,True,,6.334,2026-09-16T20:48:14.910052+08:00,
c8b0068e-a8f3-46d1-9679-3c07382694f5:QUORUM:ONE:35,RYW,node_failure,A,READ,6969d4f0-c2b7-4bc7-b7ab-b146ae772c2b,1,1,ONE,QUORUM,node2,True,False,14.62,2026-09-16T20:48:14.916473+08:00,
c8b0068e-a8f3-46d1-9679-3c07382694f5:QUORUM:ONE:36,RYW,node_failure,A,WRITE,78953d75-5257-4894-8aaf-123aa38eeba4,1,,ONE,QUORUM,node1,True,,15.268,2026-09-16T20:48:14.931251+08:00,
c8b0068e-a8f3-46d1-9679-3c07382694f5:QUORUM:ONE:36,RYW,node_failure,A,READ,78953d75-5257-4894-8aaf-123aa38eeba4,1,1,ONE,QUORUM,node2,True,False,15.617,2026-09-16T20:48:14.946375+08:00,
c8b0068e-a8f3-46d1-9679-3c07382694f5:QUORUM:ONE:37,RYW,node_failure,A,WRITE,f5695a4d-4ef9-4964-827d-aa4231254b6a,1,,ONE,QUORUM,node1,True,,15.038,2026-09-16T20:48:14.962466+08:00,
c8b0068e-a8f3-46d1-9679-3c07382694f5:QUORUM:ONE:37,RYW,node_failure,A,READ,f5695a4d-4ef9-4964-827d-aa4231254b6a,1,1,ONE,QUORUM,node2,True,False,15.904,2026-09-16T20:48:14.977217+08:00,
c8b0068e-a8f3-46d1-9679-3c07382694f5:QUORUM:ONE:38,RYW,node_failure,A,WRITE,41b590b0-148e-4850-8812-b20ce99e422a,1,,ONE,QUORUM,node1,True,,15.3,2026-09-16T20:48:14.993476+08:00,
c8b0068e-a8f3-46d1-9679-3c07382694f5:QUORUM:ONE:38,RYW,node_failure,A,READ,41b590b0-148e-4850-8812-b20ce99e422a,1,1,ONE,QUORUM,node2,True,False,15.822,2026-09-16T20:48:15.009058+08:00,
c8b0068e-a8f3-46d1-9679-3c07382694f5:QUORUM:ONE:39,RYW,node_failure,A,WRITE,f3d68ac0-6634-4ada-a4a9-6b54ae546692,1,,ONE,QUORUM,node1,True,,15.518,2026-09-16T20:48:15.024717+08:00,
c8b0068e-a8f3-46d1-9679-3c07382694f5:QUORUM:ONE:39,RYW,node_failure,A,READ,f3d68ac0-6634-4ada-a4a9-6b54ae546692,1,1,ONE,QUORUM,node2,True,False,15.97,2026-09-16T20:48:15.040195+08:00,
c8b0068e-a8f3-46d1-9679-3c07382694f5:QUORUM:ONE:40,RYW,node_failure,A,WRITE,98843819-f59a-4911-8219-b84f1dd0fe51,1,,ONE,QUORUM,node1,True,,15.149,2026-09-16T20:48:15.056497+08:00,
c8b0068e-a8f3-46d1-9679-3c07382694f5:QUORUM:ONE:40,RYW,node_failure,A,READ,98843819-f59a-4911-8219-b84f1dd0fe51,1,1,ONE,QUORUM,node2,True,False,15.261,2026-09-16T20:48:15.071544+08:00,
c8b0068e-a8f3-46d1-9679-3c07382694f5:QUORUM:ONE:41,RYW,node_failure,A,WRITE,91226d90-2ccd-4055-8bd3-c541daf133eb,1,,ONE,QUORUM,node1,True,,16.083,2026-09-16T20:48:15.087208+08:00,
c8b0068e-a8f3-46d1-9679-3c07382694f5:QUORUM:ONE:41,RYW,node_failure,A,READ,91226d90-2ccd-4055-8bd3-c541daf133eb,1,1,ONE,QUORUM,node2,True,False,16.303,2026-09-16T20:48:15.103085+08:00,
c8b0068e-a8f3-46d1-9679-3c07382694f5:QUORUM:ONE:42,RYW,node_failure,A,WRITE,45c534f0-bea8-4092-88aa-9beb4e1f7abb,1,,ONE,QUORUM,node1,True,,15.017,2026-09-16T20:48:15.119691+08:00,
c8b0068e-a8f3-46d1-9679-3c07382694f5:QUORUM:ONE:42,RYW,node_failure,A,READ,45c534f0-bea8-4092-88aa-9beb4e1f7abb,1,1,ONE,QUORUM,node2,True,False,16.69,2026-09-16T20:48:15.134574+08:00,
c8b0068e-a8f3-46d1-9679-3c07382694f5:QUORUM:ONE:43,RYW,node_failure,A,WRITE,56c6728e-4938-4ee6-8252-5b8ae51abaf5,1,,ONE,QUORUM,node1,True,,14.411,2026-09-16T20:48:15.151534+08:00,
c8b0068e-a8f3-46d1-9679-3c07382694f5:QUORUM:ONE:43,RYW,node_failure,A,READ,56c6728e-4938-4ee6-8252-5b8ae51abaf5,1,1,ONE,QUORUM,node2,True,False,15.687,2026-09-16T20:48:15.165844+08:00,
c8b0068e-a8f3-46d1-9679-3c07382694f5:QUORUM:ONE:44,RYW,node_failure,A,WRITE,02bc853d-1f29-428a-bd64-4a2d9a1fa8fd,1,,ONE,QUORUM,node1,True,,15.173,2026-09-16T20:48:15.181919+08:00,
c8b0068e-a8f3-46d1-9679-3c07382694f5:QUORUM:ONE:44,RYW,node_failure,A,READ,02bc853d-1f29-428a-bd64-4a2d9a1fa8fd,1,1,ONE,QUORUM,node2,True,False,15.724,2026-09-16T20:48:15.196917+08:00,
c8b0068e-a8f3-46d1-9679-3c07382694f5:QUORUM:ONE:45,RYW,node_failure,A,WRITE,aca1b4a6-b0fb-4dc0-af38-1b14ad315f2d,1,,ONE,QUORUM,node1,True,,15.386,2026-09-16T20:48:15.213032+08:00,
c8b0068e-a8f3-46d1-9679-3c07382694f5:QUORUM:ONE:45,RYW,node_failure,A,READ,aca1b4a6-b0fb-4dc0-af38-1b14ad315f2d,1,1,ONE,QUORUM,node2,True,False,16.505,2026-09-16T20:48:15.228138+08:00,
c8b0068e-a8f3-46d1-9679-3c07382694f5:QUORUM:ONE:46,RYW,node_failure,A,WRITE,e99764cb-a050-48e4-b5ee-ddead6157373,1,,ONE,QUORUM,node1,True,,14.288,2026-09-16T20:48:15.245028+08:00,
c8b0068e-a8f3-46d1-9679-3c07382694f5:QUORUM:ONE:46,RYW,node_failure,A,READ,e99764cb-a050-48e4-b5ee-ddead6157373,1,1,ONE,QUORUM,node2,True,False,15.07,2026-09-16T20:48:15.259161+08:00,
c8b0068e-a8f3-46d1-9679-3c07382694f5:QUORUM:ONE:47,RYW,node_failure,A,WRITE,a6f6ae1b-7653-41f3-bd75-73427bd88634,1,,ONE,QUORUM,node1,True,,16.093,2026-09-16T20:48:15.274601+08:00,
c8b0068e-a8f3-46d1-9679-3c07382694f5:QUORUM:ONE:47,RYW,node_failure,A,READ,a6f6ae1b-7653-41f3-bd75-73427bd88634,1,1,ONE,QUORUM,node2,True,False,15.043,2026-09-16T20:48:15.290489+08:00,
c8b0068e-a8f3-46d1-9679-3c07382694f5:QUORUM:ONE:48,RYW,node_failure,A,WRITE,416db65b-7fda-47a5-8a90-61a32c9e4867,1,,ONE,QUORUM,node1,True,,15.413,2026-09-16T20:48:15.305905+08:00,
c8b0068e-a8f3-46d1-9679-3c07382694f5:QUORUM:ONE:48,RYW,node_failure,A,READ,416db65b-7fda-47a5-8a90-61a32c9e4867,1,1,ONE,QUORUM,node2,True,False,14.976,2026-09-16T20:48:15.321145+08:00,
c8b0068e-a8f3-46d1-9679-3c07382694f5:QUORUM:ONE:49,RYW,node_failure,A,WRITE,916065ed-85d1-4d00-8047-409cfc2c74bb,1,,ONE,QUORUM,node1,True,,16.411,2026-09-16T20:48:15.336447+08:00,
c8b0068e-a8f3-46d1-9679-3c07382694f5:QUORUM:ONE:49,RYW,node_failure,A,READ,916065ed-85d1-4d00-8047-409cfc2c74bb,1,1,ONE,QUORUM,node2,True,False,15.655,2026-09-16T20:48:15.352652+08:00,
c8b0068e-a8f3-46d1-9679-3c07382694f5:QUORUM:ONE:50,RYW,node_failure,A,WRITE,263139b3-d93b-4cf5-892c-7377365a2852,1,,ONE,QUORUM,node1,True,,15.656,2026-09-16T20:48:15.368641+08:00,
c8b0068e-a8f3-46d1-9679-3c07382694f5:QUORUM:ONE:50,RYW,node_failure,A,READ,263139b3-d93b-4cf5-892c-7377365a2852,1,1,ONE,QUORUM,node2,True,False,16.244,2026-09-16T20:48:15.383845+08:00,
c8b0068e-a8f3-46d1-9679-3c07382694f5:QUORUM:ONE:51,RYW,node_failure,A,WRITE,b7cbab80-c5f9-4ac5-9f6c-ceb159752772,1,,ONE,QUORUM,node1,True,,22.36,2026-09-16T20:48:15.400753+08:00,
c8b0068e-a8f3-46d1-9679-3c07382694f5:QUORUM:ONE:51,RYW,node_failure,A,READ,b7cbab80-c5f9-4ac5-9f6c-ceb159752772,1,1,ONE,QUORUM,node2,True,False,7.687,2026-09-16T20:48:15.422843+08:00,
c8b0068e-a8f3-46d1-9679-3c07382694f5:QUORUM:ONE:52,RYW,node_failure,A,WRITE,3375b2f5-e7db-4f4c-821e-7ff45b64ff70,1,,ONE,QUORUM,node1,True,,16.07,2026-09-16T20:48:15.430932+08:00,
c8b0068e-a8f3-46d1-9679-3c07382694f5:QUORUM:ONE:52,RYW,node_failure,A,READ,3375b2f5-e7db-4f4c-821e-7ff45b64ff70,1,1,ONE,QUORUM,node2,True,False,15.225,2026-09-16T20:48:15.446808+08:00,
c8b0068e-a8f3-46d1-9679-3c07382694f5:QUORUM:ONE:53,RYW,node_failure,A,WRITE,2d5c76c5-47a9-48fc-af2c-b5cacc2f51c8,1,,ONE,QUORUM,node1,True,,15.591,2026-09-16T20:48:15.462451+08:00,
c8b0068e-a8f3-46d1-9679-3c07382694f5:QUORUM:ONE:53,RYW,node_failure,A,READ,2d5c76c5-47a9-48fc-af2c-b5cacc2f51c8,1,1,ONE,QUORUM,node2,True,False,15.305,2026-09-16T20:48:15.477711+08:00,
c8b0068e-a8f3-46d1-9679-3c07382694f5:QUORUM:ONE:54,RYW,node_failure,A,WRITE,4185c4aa-dea1-40a1-9340-8d19ebed9b96,1,,ONE,QUORUM,node1,True,,16.901,2026-09-16T20:48:15.493435+08:00,
c8b0068e-a8f3-46d1-9679-3c07382694f5:QUORUM:ONE:54,RYW,node_failure,A,READ,4185c4aa-dea1-40a1-9340-8d19ebed9b96,1,1,ONE,QUORUM,node2,True,False,13.861,2026-09-16T20:48:15.509825+08:00,
c8b0068e-a8f3-46d1-9679-3c07382694f5:QUORUM:ONE:55,RYW,node_failure,A,WRITE,8f2b43e6-181d-485d-8766-6e45ac4fb642,1,,ONE,QUORUM,node1,True,,15.187,2026-09-16T20:48:15.524323+08:00,
c8b0068e-a8f3-46d1-9679-3c07382694f5:QUORUM:ONE:55,RYW,node_failure,A,READ,8f2b43e6-181d-485d-8766-6e45ac4fb642,1,1,ONE,QUORUM,node2,True,False,15.646,2026-09-16T20:48:15.539441+08:00,
c8b0068e-a8f3-46d1-9679-3c07382694f5:QUORUM:ONE:56,RYW,node_failure,A,WRITE,638e0cbc-1c96-4ea5-b6ef-a8e6e1f05a74,1,,ONE,QUORUM,node1,True,,16.093,2026-09-16T20:48:15.555268+08:00,
c8b0068e-a8f3-46d1-9679-3c07382694f5:QUORUM:ONE:56,RYW,node_failure,A,READ,638e0cbc-1c96-4ea5-b6ef-a8e6e1f05a74,1,1,ONE,QUORUM,node2,True,False,15.377,2026-09-16T20:48:15.571330+08:00,
c8b0068e-a8f3-46d1-9679-3c07382694f5:QUORUM:ONE:57,RYW,node_failure,A,WRITE,1a4d44e1-6834-44bb-b6f5-0c2d475947e0,1,,ONE,QUORUM,node1,True,,16.214,2026-09-16T20:48:15.587080+08:00,
c8b0068e-a8f3-46d1-9679-3c07382694f5:QUORUM:ONE:57,RYW,node_failure,A,READ,1a4d44e1-6834-44bb-b6f5-0c2d475947e0,1,1,ONE,QUORUM,node2,True,False,16.099,2026-09-16T20:48:15.603164+08:00,
c8b0068e-a8f3-46d1-9679-3c07382694f5:QUORUM:ONE:58,RYW,node_failure,A,WRITE,4651d305-64fa-48dc-9046-9b2774d9b7e0,1,,ONE,QUORUM,node1,True,,15.265,2026-09-16T20:48:15.619596+08:00,
c8b0068e-a8f3-46d1-9679-3c07382694f5:QUORUM:ONE:58,RYW,node_failure,A,READ,4651d305-64fa-48dc-9046-9b2774d9b7e0,1,1,ONE,QUORUM,node2,True,False,15.667,2026-09-16T20:48:15.634677+08:00,
c8b0068e-a8f3-46d1-9679-3c07382694f5:QUORUM:ONE:59,RYW,node_failure,A,WRITE,0fb786bd-e0f6-4d34-aed4-a01ddb633c12,1,,ONE,QUORUM,node1,True,,15.221,2026-09-16T20:48:15.650683+08:00,
c8b0068e-a8f3-46d1-9679-3c07382694f5:QUORUM:ONE:59,RYW,node_failure,A,READ,0fb786bd-e0f6-4d34-aed4-a01ddb633c12,1,1,ONE,QUORUM,node2,True,False,15.281,2026-09-16T20:48:15.665739+08:00,
c8b0068e-a8f3-46d1-9679-3c07382694f5:QUORUM:ONE:60,RYW,node_failure,A,WRITE,7435d0d0-5144-4494-965b-3c7f64bb5502,1,,ONE,QUORUM,node1,True,,15.676,2026-09-16T20:48:15.681392+08:00,
c8b0068e-a8f3-46d1-9679-3c07382694f5:QUORUM:ONE:60,RYW,node_failure,A,READ,7435d0d0-5144-4494-965b-3c7f64bb5502,1,1,ONE,QUORUM,node2,True,False,15.336,2026-09-16T20:48:15.696911+08:00,
c8b0068e-a8f3-46d1-9679-3c07382694f5:QUORUM:ONE:61,RYW,node_failure,A,WRITE,20987d3b-0dfe-4ca1-93e0-2d73e6077554,1,,ONE,QUORUM,node1,True,,15.254,2026-09-16T20:48:15.712549+08:00,
c8b0068e-a8f3-46d1-9679-3c07382694f5:QUORUM:ONE:61,RYW,node_failure,A,READ,20987d3b-0dfe-4ca1-93e0-2d73e6077554,1,1,ONE,QUORUM,node2,True,False,15.079,2026-09-16T20:48:15.727659+08:00,
c8b0068e-a8f3-46d1-9679-3c07382694f5:QUORUM:ONE:62,RYW,node_failure,A,WRITE,ce9d7394-4b3f-49cf-a762-f886f89644b2,1,,ONE,QUORUM,node1,True,,16.111,2026-09-16T20:48:15.743169+08:00,
c8b0068e-a8f3-46d1-9679-3c07382694f5:QUORUM:ONE:62,RYW,node_failure,A,READ,ce9d7394-4b3f-49cf-a762-f886f89644b2,1,1,ONE,QUORUM,node2,True,False,15.537,2026-09-16T20:48:15.759077+08:00,
c8b0068e-a8f3-46d1-9679-3c07382694f5:QUORUM:ONE:63,RYW,node_failure,A,WRITE,046c47eb-54db-492b-b7f0-19bb7192a75c,1,,ONE,QUORUM,node1,True,,14.847,2026-09-16T20:48:15.774952+08:00,
c8b0068e-a8f3-46d1-9679-3c07382694f5:QUORUM:ONE:63,RYW,node_failure,A,READ,046c47eb-54db-492b-b7f0-19bb7192a75c,1,1,ONE,QUORUM,node2,True,False,14.914,2026-09-16T20:48:15.789630+08:00,
c8b0068e-a8f3-46d1-9679-3c07382694f5:QUORUM:ONE:64,RYW,node_failure,A,WRITE,ed51c3c7-a850-45c2-b91f-ce087147a1cb,1,,ONE,QUORUM,node1,True,,16.455,2026-09-16T20:48:15.804984+08:00,
c8b0068e-a8f3-46d1-9679-3c07382694f5:QUORUM:ONE:64,RYW,node_failure,A,READ,ed51c3c7-a850-45c2-b91f-ce087147a1cb,1,1,ONE,QUORUM,node2,True,False,15.337,2026-09-16T20:48:15.821152+08:00,
c8b0068e-a8f3-46d1-9679-3c07382694f5:QUORUM:ONE:65,RYW,node_failure,A,WRITE,55512693-19ac-4e18-9c89-e647c39cb826,1,,ONE,QUORUM,node1,True,,15.465,2026-09-16T20:48:15.836839+08:00,
c8b0068e-a8f3-46d1-9679-3c07382694f5:QUORUM:ONE:65,RYW,node_failure,A,READ,55512693-19ac-4e18-9c89-e647c39cb826,1,1,ONE,QUORUM,node2,True,False,15.422,2026-09-16T20:48:15.852194+08:00,
c8b0068e-a8f3-46d1-9679-3c07382694f5:QUORUM:ONE:66,RYW,node_failure,A,WRITE,68e6832b-998e-461b-a78e-5db5ad92ef23,1,,ONE,QUORUM,node1,True,,15.325,2026-09-16T20:48:15.867870+08:00,
c8b0068e-a8f3-46d1-9679-3c07382694f5:QUORUM:ONE:66,RYW,node_failure,A,READ,68e6832b-998e-461b-a78e-5db5ad92ef23,1,1,ONE,QUORUM,node2,True,False,15.673,2026-09-16T20:48:15.882301+08:00,
c8b0068e-a8f3-46d1-9679-3c07382694f5:QUORUM:ONE:67,RYW,node_failure,A,WRITE,ad833965-4967-4771-8188-ed9bd609edf7,1,,ONE,QUORUM,node1,True,,15.003,2026-09-16T20:48:15.898889+08:00,
c8b0068e-a8f3-46d1-9679-3c07382694f5:QUORUM:ONE:67,RYW,node_failure,A,READ,ad833965-4967-4771-8188-ed9bd609edf7,1,1,ONE,QUORUM,node2,True,False,15.828,2026-09-16T20:48:15.913948+08:00,
c8b0068e-a8f3-46d1-9679-3c07382694f5:QUORUM:ONE:68,RYW,node_failure,A,WRITE,7ce8c511-316d-48fb-bc3a-1feee62e81a5,1,,ONE,QUORUM,node1,True,,15.273,2026-09-16T20:48:15.930089+08:00,
c8b0068e-a8f3-46d1-9679-3c07382694f5:QUORUM:ONE:68,RYW,node_failure,A,READ,7ce8c511-316d-48fb-bc3a-1feee62e81a5,1,1,ONE,QUORUM,node2,True,False,15.237,2026-09-16T20:48:15.945202+08:00,
c8b0068e-a8f3-46d1-9679-3c07382694f5:QUORUM:ONE:69,RYW,node_failure,A,WRITE,63f87a4b-d457-4385-9eca-e080f1215e8c,1,,ONE,QUORUM,node1,True,,15.231,2026-09-16T20:48:15.960740+08:00,
c8b0068e-a8f3-46d1-9679-3c07382694f5:QUORUM:ONE:69,RYW,node_failure,A,READ,63f87a4b-d457-4385-9eca-e080f1215e8c,1,1,ONE,QUORUM,node2,True,False,14.921,2026-09-16T20:48:15.975821+08:00,
c8b0068e-a8f3-46d1-9679-3c07382694f5:QUORUM:ONE:70,RYW,node_failure,A,WRITE,65d4b452-38a5-4717-b573-6bb033aaac0c,1,,ONE,QUORUM,node1,True,,16.168,2026-09-16T20:48:15.991130+08:00,
c8b0068e-a8f3-46d1-9679-3c07382694f5:QUORUM:ONE:70,RYW,node_failure,A,READ,65d4b452-38a5-4717-b573-6bb033aaac0c,1,1,ONE,QUORUM,node2,True,False,15.645,2026-09-16T20:48:16.007114+08:00,
c8b0068e-a8f3-46d1-9679-3c07382694f5:QUORUM:ONE:71,RYW,node_failure,A,WRITE,682310d8-df0c-4793-bb34-8467670fcef5,1,,ONE,QUORUM,node1,True,,15.732,2026-09-16T20:48:16.023005+08:00,
c8b0068e-a8f3-46d1-9679-3c07382694f5:QUORUM:ONE:71,RYW,node_failure,A,READ,682310d8-df0c-4793-bb34-8467670fcef5,1,1,ONE,QUORUM,node2,True,False,16.033,2026-09-16T20:48:16.039038+08:00,
c8b0068e-a8f3-46d1-9679-3c07382694f5:QUORUM:ONE:72,RYW,node_failure,A,WRITE,ae59f5e9-a925-4226-a7ff-aee21ebe89c5,1,,ONE,QUORUM,node1,True,,15.324,2026-09-16T20:48:16.055020+08:00,
c8b0068e-a8f3-46d1-9679-3c07382694f5:QUORUM:ONE:72,RYW,node_failure,A,READ,ae59f5e9-a925-4226-a7ff-aee21ebe89c5,1,1,ONE,QUORUM,node2,True,False,16.032,2026-09-16T20:48:16.070171+08:00,
c8b0068e-a8f3-46d1-9679-3c07382694f5:QUORUM:ONE:73,RYW,node_failure,A,WRITE,8a88715a-9ec8-45d0-abec-6b89e14d1cfd,1,,ONE,QUORUM,node1,True,,15.535,2026-09-16T20:48:16.086648+08:00,
c8b0068e-a8f3-46d1-9679-3c07382694f5:QUORUM:ONE:73,RYW,node_failure,A,READ,8a88715a-9ec8-45d0-abec-6b89e14d1cfd,1,1,ONE,QUORUM,node2,True,False,15.353,2026-09-16T20:48:16.101992+08:00,
c8b0068e-a8f3-46d1-9679-3c07382694f5:QUORUM:ONE:74,RYW,node_failure,A,WRITE,4015aa72-59b6-4a65-a87c-cf3025b6630e,1,,ONE,QUORUM,node1,True,,16.217,2026-09-16T20:48:16.117722+08:00,
c8b0068e-a8f3-46d1-9679-3c07382694f5:QUORUM:ONE:74,RYW,node_failure,A,READ,4015aa72-59b6-4a65-a87c-cf3025b6630e,1,1,ONE,QUORUM,node2,True,False,15.895,2026-09-16T20:48:16.133802+08:00,
c8b0068e-a8f3-46d1-9679-3c07382694f5:QUORUM:ONE:75,RYW,node_failure,A,WRITE,24066287-c354-4029-af7a-a85a61c5a360,1,,ONE,QUORUM,node1,True,,15.232,2026-09-16T20:48:16.149968+08:00,
c8b0068e-a8f3-46d1-9679-3c07382694f5:QUORUM:ONE:75,RYW,node_failure,A,READ,24066287-c354-4029-af7a-a85a61c5a360,1,1,ONE,QUORUM,node2,True,False,15.779,2026-09-16T20:48:16.165010+08:00,
c8b0068e-a8f3-46d1-9679-3c07382694f5:QUORUM:ONE:76,RYW,node_failure,A,WRITE,af1a889b-6e46-4613-8778-26874bf42410,1,,ONE,QUORUM,node1,True,,15.025,2026-09-16T20:48:16.180956+08:00,
c8b0068e-a8f3-46d1-9679-3c07382694f5:QUORUM:ONE:76,RYW,node_failure,A,READ,af1a889b-6e46-4613-8778-26874bf42410,1,1,ONE,QUORUM,node2,True,False,15.389,2026-09-16T20:48:16.196061+08:00,
c8b0068e-a8f3-46d1-9679-3c07382694f5:QUORUM:ONE:77,RYW,node_failure,A,WRITE,a3b5ef07-9a77-4f89-8884-2698bc3a9d35,1,,ONE,QUORUM,node1,True,,16.488,2026-09-16T20:48:16.211784+08:00,
c8b0068e-a8f3-46d1-9679-3c07382694f5:QUORUM:ONE:77,RYW,node_failure,A,READ,a3b5ef07-9a77-4f89-8884-2698bc3a9d35,1,1,ONE,QUORUM,node2,True,False,16.244,2026-09-16T20:48:16.228119+08:00,
c8b0068e-a8f3-46d1-9679-3c07382694f5:QUORUM:ONE:78,RYW,node_failure,A,WRITE,23c7dec0-d36c-4568-ad02-b2bee7c341ba,1,,ONE,QUORUM,node1,True,,15.472,2026-09-16T20:48:16.244637+08:00,
c8b0068e-a8f3-46d1-9679-3c07382694f5:QUORUM:ONE:78,RYW,node_failure,A,READ,23c7dec0-d36c-4568-ad02-b2bee7c341ba,1,1,ONE,QUORUM,node2,True,False,15.771,2026-09-16T20:48:16.259935+08:00,
c8b0068e-a8f3-46d1-9679-3c07382694f5:QUORUM:ONE:79,RYW,node_failure,A,WRITE,0f08f4af-50f1-44d0-b862-f8f53979c9e8,1,,ONE,QUORUM,node1,True,,15.047,2026-09-16T20:48:16.276033+08:00,
c8b0068e-a8f3-46d1-9679-3c07382694f5:QUORUM:ONE:79,RYW,node_failure,A,READ,0f08f4af-50f1-44d0-b862-f8f53979c9e8,1,1,ONE,QUORUM,node2,True,False,15.815,2026-09-16T20:48:16.290949+08:00,
c8b0068e-a8f3-46d1-9679-3c07382694f5:QUORUM:ONE:80,RYW,node_failure,A,WRITE,1986e08b-5896-4161-9dd6-9be86e25da21,1,,ONE,QUORUM,node1,True,,15.444,2026-09-16T20:48:16.307141+08:00,
c8b0068e-a8f3-46d1-9679-3c07382694f5:QUORUM:ONE:80,RYW,node_failure,A,READ,1986e08b-5896-4161-9dd6-9be86e25da21,1,1,ONE,QUORUM,node2,True,False,14.741,2026-09-16T20:48:16.322390+08:00,
c8b0068e-a8f3-46d1-9679-3c07382694f5:QUORUM:ONE:81,RYW,node_failure,A,WRITE,e178b055-266b-4915-9c55-278f82d4de9b,1,,ONE,QUORUM,node1,True,,15.55,2026-09-16T20:48:16.337468+08:00,
c8b0068e-a8f3-46d1-9679-3c07382694f5:QUORUM:ONE:81,RYW,node_failure,A,READ,e178b055-266b-4915-9c55-278f82d4de9b,1,1,ONE,QUORUM,node2,True,False,15.385,2026-09-16T20:48:16.352887+08:00,
c8b0068e-a8f3-46d1-9679-3c07382694f5:QUORUM:ONE:82,RYW,node_failure,A,WRITE,80ccc8a3-898d-4f82-942e-fb810ad16f36,1,,ONE,QUORUM,node1,True,,16.391,2026-09-16T20:48:16.368586+08:00,
c8b0068e-a8f3-46d1-9679-3c07382694f5:QUORUM:ONE:82,RYW,node_failure,A,READ,80ccc8a3-898d-4f82-942e-fb810ad16f36,1,1,ONE,QUORUM,node2,True,False,15.358,2026-09-16T20:48:16.384612+08:00,
c8b0068e-a8f3-46d1-9679-3c07382694f5:QUORUM:ONE:83,RYW,node_failure,A,WRITE,9ae6e217-5053-4f66-af46-a7622a312d7b,1,,ONE,QUORUM,node1,True,,15.468,2026-09-16T20:48:16.400389+08:00,
c8b0068e-a8f3-46d1-9679-3c07382694f5:QUORUM:ONE:83,RYW,node_failure,A,READ,9ae6e217-5053-4f66-af46-a7622a312d7b,1,1,ONE,QUORUM,node2,True,False,15.723,2026-09-16T20:48:16.415769+08:00,
c8b0068e-a8f3-46d1-9679-3c07382694f5:QUORUM:ONE:84,RYW,node_failure,A,WRITE,c6b27686-2a0a-4cc5-bf1b-dd2fa9ad454a,1,,ONE,QUORUM,node1,True,,15.099,2026-09-16T20:48:16.431854+08:00,
c8b0068e-a8f3-46d1-9679-3c07382694f5:QUORUM:ONE:84,RYW,node_failure,A,READ,c6b27686-2a0a-4cc5-bf1b-dd2fa9ad454a,1,1,ONE,QUORUM,node2,True,False,16.073,2026-09-16T20:48:16.446811+08:00,
c8b0068e-a8f3-46d1-9679-3c07382694f5:QUORUM:ONE:85,RYW,node_failure,A,WRITE,361690a2-28ab-4a80-ad89-7199d7e7d3a4,1,,ONE,QUORUM,node1,True,,14.947,2026-09-16T20:48:16.463225+08:00,
c8b0068e-a8f3-46d1-9679-3c07382694f5:QUORUM:ONE:85,RYW,node_failure,A,READ,361690a2-28ab-4a80-ad89-7199d7e7d3a4,1,1,ONE,QUORUM,node2,True,False,15.734,2026-09-16T20:48:16.478025+08:00,
c8b0068e-a8f3-46d1-9679-3c07382694f5:QUORUM:ONE:86,RYW,node_failure,A,WRITE,d19c2dd0-8931-453e-a805-e2d6cdf2ed96,1,,ONE,QUORUM,node1,True,,14.972,2026-09-16T20:48:16.493965+08:00,
c8b0068e-a8f3-46d1-9679-3c07382694f5:QUORUM:ONE:86,RYW,node_failure,A,READ,d19c2dd0-8931-453e-a805-e2d6cdf2ed96,1,1,ONE,QUORUM,node2,True,False,15.498,2026-09-16T20:48:16.508865+08:00,
c8b0068e-a8f3-46d1-9679-3c07382694f5:QUORUM:ONE:87,RYW,node_failure,A,WRITE,a42c265a-b7d3-4fb6-94ef-5991b82af9e5,1,,ONE,QUORUM,node1,True,,15.251,2026-09-16T20:48:16.524728+08:00,
c8b0068e-a8f3-46d1-9679-3c07382694f5:QUORUM:ONE:87,RYW,node_failure,A,READ,a42c265a-b7d3-4fb6-94ef-5991b82af9e5,1,1,ONE,QUORUM,node2,True,False,15.803,2026-09-16T20:48:16.539751+08:00,
c8b0068e-a8f3-46d1-9679-3c07382694f5:QUORUM:ONE:88,RYW,node_failure,A,WRITE,8d1c34e0-6d7d-40bb-abad-c29ef3e7812f,1,,ONE,QUORUM,node1,True,,15.724,2026-09-16T20:48:16.555894+08:00,
c8b0068e-a8f3-46d1-9679-3c07382694f5:QUORUM:ONE:88,RYW,node_failure,A,READ,8d1c34e0-6d7d-40bb-abad-c29ef3e7812f,1,1,ONE,QUORUM,node2,True,False,17.041,2026-09-16T20:48:16.571438+08:00,
c8b0068e-a8f3-46d1-9679-3c07382694f5:QUORUM:ONE:89,RYW,node_failure,A,WRITE,550fe593-b61f-42ba-bab7-29b39e2a60cc,1,,ONE,QUORUM,node1,True,,13.639,2026-09-16T20:48:16.588738+08:00,
c8b0068e-a8f3-46d1-9679-3c07382694f5:QUORUM:ONE:89,RYW,node_failure,A,READ,550fe593-b61f-42ba-bab7-29b39e2a60cc,1,1,ONE,QUORUM,node2,True,False,15.394,2026-09-16T20:48:16.602304+08:00,
c8b0068e-a8f3-46d1-9679-3c07382694f5:QUORUM:ONE:90,RYW,node_failure,A,WRITE,873f486e-e469-4d1a-8256-1e42638e55bd,1,,ONE,QUORUM,node1,True,,15.743,2026-09-16T20:48:16.618032+08:00,
c8b0068e-a8f3-46d1-9679-3c07382694f5:QUORUM:ONE:90,RYW,node_failure,A,READ,873f486e-e469-4d1a-8256-1e42638e55bd,1,1,ONE,QUORUM,node2,True,False,16.205,2026-09-16T20:48:16.633477+08:00,
c8b0068e-a8f3-46d1-9679-3c07382694f5:QUORUM:ONE:91,RYW,node_failure,A,WRITE,de0b997d-9919-4806-a5ba-8d8be6876e1b,1,,ONE,QUORUM,node1,True,,15.165,2026-09-16T20:48:16.650244+08:00,
c8b0068e-a8f3-46d1-9679-3c07382694f5:QUORUM:ONE:91,RYW,node_failure,A,READ,de0b997d-9919-4806-a5ba-8d8be6876e1b,1,1,ONE,QUORUM,node2,True,False,16.102,2026-09-16T20:48:16.665212+08:00,
c8b0068e-a8f3-46d1-9679-3c07382694f5:QUORUM:ONE:92,RYW,node_failure,A,WRITE,b281ed9f-0094-42f6-888f-2c496bfa9d46,1,,ONE,QUORUM,node1,True,,15.177,2026-09-16T20:48:16.681639+08:00,
c8b0068e-a8f3-46d1-9679-3c07382694f5:QUORUM:ONE:92,RYW,node_failure,A,READ,b281ed9f-0094-42f6-888f-2c496bfa9d46,1,1,ONE,QUORUM,node2,True,False,15.865,2026-09-16T20:48:16.696646+08:00,
c8b0068e-a8f3-46d1-9679-3c07382694f5:QUORUM:ONE:93,RYW,node_failure,A,WRITE,27cfe49d-bfcf-4cbc-942a-ceb5b8928aee,1,,ONE,QUORUM,node1,True,,14.986,2026-09-16T20:48:16.712859+08:00,
c8b0068e-a8f3-46d1-9679-3c07382694f5:QUORUM:ONE:93,RYW,node_failure,A,READ,27cfe49d-bfcf-4cbc-942a-ceb5b8928aee,1,1,ONE,QUORUM,node2,True,False,15.082,2026-09-16T20:48:16.727662+08:00,
c8b0068e-a8f3-46d1-9679-3c07382694f5:QUORUM:ONE:94,RYW,node_failure,A,WRITE,e1e1ba03-d737-4a7f-b118-d361e0f95bf2,1,,ONE,QUORUM,node1,True,,15.22,2026-09-16T20:48:16.743085+08:00,
c8b0068e-a8f3-46d1-9679-3c07382694f5:QUORUM:ONE:94,RYW,node_failure,A,READ,e1e1ba03-d737-4a7f-b118-d361e0f95bf2,1,1,ONE,QUORUM,node2,True,False,15.433,2026-09-16T20:48:16.758166+08:00,
c8b0068e-a8f3-46d1-9679-3c07382694f5:QUORUM:ONE:95,RYW,node_failure,A,WRITE,7a83f2a9-e5c9-4e9f-906d-b3c304828c64,1,,ONE,QUORUM,node1,True,,15.953,2026-09-16T20:48:16.773810+08:00,
c8b0068e-a8f3-46d1-9679-3c07382694f5:QUORUM:ONE:95,RYW,node_failure,A,READ,7a83f2a9-e5c9-4e9f-906d-b3c304828c64,1,1,ONE,QUORUM,node2,True,False,15.946,2026-09-16T20:48:16.789716+08:00,
c8b0068e-a8f3-46d1-9679-3c07382694f5:QUORUM:ONE:96,RYW,node_failure,A,WRITE,7fc01e36-8c9c-4ee1-9044-d6616c9d4ca3,1,,ONE,QUORUM,node1,True,,15.628,2026-09-16T20:48:16.805988+08:00,
c8b0068e-a8f3-46d1-9679-3c07382694f5:QUORUM:ONE:96,RYW,node_failure,A,READ,7fc01e36-8c9c-4ee1-9044-d6616c9d4ca3,1,1,ONE,QUORUM,node2,True,False,15.261,2026-09-16T20:48:16.821443+08:00,
c8b0068e-a8f3-46d1-9679-3c07382694f5:QUORUM:ONE:97,RYW,node_failure,A,WRITE,a198d47a-fffc-4da8-b73d-6892481548f6,1,,ONE,QUORUM,node1,True,,15.566,2026-09-16T20:48:16.836725+08:00,
c8b0068e-a8f3-46d1-9679-3c07382694f5:QUORUM:ONE:97,RYW,node_failure,A,READ,a198d47a-fffc-4da8-b73d-6892481548f6,1,1,ONE,QUORUM,node2,True,False,15.767,2026-09-16T20:48:16.852479+08:00,
c8b0068e-a8f3-46d1-9679-3c07382694f5:QUORUM:ONE:98,RYW,node_failure,A,WRITE,285552f0-dda6-44da-bd22-acdae092c479,1,,ONE,QUORUM,node1,True,,15.115,2026-09-16T20:48:16.868572+08:00,
c8b0068e-a8f3-46d1-9679-3c07382694f5:QUORUM:ONE:98,RYW,node_failure,A,READ,285552f0-dda6-44da-bd22-acdae092c479,1,1,ONE,QUORUM,node2,True,False,16.059,2026-09-16T20:48:16.882975+08:00,
c8b0068e-a8f3-46d1-9679-3c07382694f5:QUORUM:ONE:99,RYW,node_failure,A,WRITE,593885db-3838-40f1-a9b8-4e7696580b83,1,,ONE,QUORUM,node1,True,,15.394,2026-09-16T20:48:16.899827+08:00,
c8b0068e-a8f3-46d1-9679-3c07382694f5:QUORUM:ONE:99,RYW,node_failure,A,READ,593885db-3838-40f1-a9b8-4e7696580b83,1,1,ONE,QUORUM,node2,True,False,15.624,2026-09-16T20:48:16.915088+08:00,
c8b0068e-a8f3-46d1-9679-3c07382694f5:QUORUM:ONE:100,RYW,node_failure,A,WRITE,129a3753-5b51-4e78-b688-24ea99bf5759,1,,ONE,QUORUM,node1,True,,15.126,2026-09-16T20:48:16.931083+08:00,
c8b0068e-a8f3-46d1-9679-3c07382694f5:QUORUM:ONE:100,RYW,node_failure,A,READ,129a3753-5b51-4e78-b688-24ea99bf5759,1,1,ONE,QUORUM,node2,True,False,15.159,2026-09-16T20:48:16.946019+08:00,
c8b0068e-a8f3-46d1-9679-3c07382694f5:QUORUM:QUORUM:1,RYW,node_failure,A,WRITE,046a59e9-9800-48f0-9ef5-80d0ef1e24fa,1,,QUORUM,QUORUM,node1,True,,7.205,2026-09-16T20:48:16.970578+08:00,
c8b0068e-a8f3-46d1-9679-3c07382694f5:QUORUM:QUORUM:1,RYW,node_failure,A,READ,046a59e9-9800-48f0-9ef5-80d0ef1e24fa,1,1,QUORUM,QUORUM,node2,True,False,15.402,2026-09-16T20:48:16.977804+08:00,
c8b0068e-a8f3-46d1-9679-3c07382694f5:QUORUM:QUORUM:2,RYW,node_failure,A,WRITE,6002ba1f-9f7f-469f-8964-a5ce00a030fc,1,,QUORUM,QUORUM,node1,True,,15.251,2026-09-16T20:48:16.993578+08:00,
c8b0068e-a8f3-46d1-9679-3c07382694f5:QUORUM:QUORUM:2,RYW,node_failure,A,READ,6002ba1f-9f7f-469f-8964-a5ce00a030fc,1,1,QUORUM,QUORUM,node2,True,False,15.878,2026-09-16T20:48:17.008669+08:00,
c8b0068e-a8f3-46d1-9679-3c07382694f5:QUORUM:QUORUM:3,RYW,node_failure,A,WRITE,4cca9874-726a-40c1-b81e-76ea5124dea4,1,,QUORUM,QUORUM,node1,True,,15.279,2026-09-16T20:48:17.024916+08:00,
c8b0068e-a8f3-46d1-9679-3c07382694f5:QUORUM:QUORUM:3,RYW,node_failure,A,READ,4cca9874-726a-40c1-b81e-76ea5124dea4,1,1,QUORUM,QUORUM,node2,True,False,16.228,2026-09-16T20:48:17.039958+08:00,
c8b0068e-a8f3-46d1-9679-3c07382694f5:QUORUM:QUORUM:4,RYW,node_failure,A,WRITE,c2cf3f9b-1e33-4b78-bafd-2a2cc2ef4885,1,,QUORUM,QUORUM,node1,True,,14.345,2026-09-16T20:48:17.056320+08:00,
c8b0068e-a8f3-46d1-9679-3c07382694f5:QUORUM:QUORUM:4,RYW,node_failure,A,READ,c2cf3f9b-1e33-4b78-bafd-2a2cc2ef4885,1,1,QUORUM,QUORUM,node2,True,False,16.063,2026-09-16T20:48:17.070695+08:00,
c8b0068e-a8f3-46d1-9679-3c07382694f5:QUORUM:QUORUM:5,RYW,node_failure,A,WRITE,6b016c64-f288-4f1c-88d5-92c2c18779de,1,,QUORUM,QUORUM,node1,True,,14.811,2026-09-16T20:48:17.087126+08:00,
c8b0068e-a8f3-46d1-9679-3c07382694f5:QUORUM:QUORUM:5,RYW,node_failure,A,READ,6b016c64-f288-4f1c-88d5-92c2c18779de,1,1,QUORUM,QUORUM,node2,True,False,15.588,2026-09-16T20:48:17.102119+08:00,
c8b0068e-a8f3-46d1-9679-3c07382694f5:QUORUM:QUORUM:6,RYW,node_failure,A,WRITE,24deb4c5-5fe8-4b9e-ad50-b9897402484d,1,,QUORUM,QUORUM,node1,True,,14.764,2026-09-16T20:48:17.116458+08:00,
c8b0068e-a8f3-46d1-9679-3c07382694f5:QUORUM:QUORUM:6,RYW,node_failure,A,READ,24deb4c5-5fe8-4b9e-ad50-b9897402484d,1,1,QUORUM,QUORUM,node2,True,False,16.149,2026-09-16T20:48:17.132338+08:00,
c8b0068e-a8f3-46d1-9679-3c07382694f5:QUORUM:QUORUM:7,RYW,node_failure,A,WRITE,01a248b5-cdb5-4a6a-a86d-8e1fcf8ed8f8,1,,QUORUM,QUORUM,node1,True,,15.116,2026-09-16T20:48:17.148862+08:00,
c8b0068e-a8f3-46d1-9679-3c07382694f5:QUORUM:QUORUM:7,RYW,node_failure,A,READ,01a248b5-cdb5-4a6a-a86d-8e1fcf8ed8f8,1,1,QUORUM,QUORUM,node2,True,False,16.484,2026-09-16T20:48:17.163716+08:00,
c8b0068e-a8f3-46d1-9679-3c07382694f5:QUORUM:QUORUM:8,RYW,node_failure,A,WRITE,9925be79-de76-46ac-ae11-52095c32044d,1,,QUORUM,QUORUM,node1,True,,14.543,2026-09-16T20:48:17.180539+08:00,
c8b0068e-a8f3-46d1-9679-3c07382694f5:QUORUM:QUORUM:8,RYW,node_failure,A,READ,9925be79-de76-46ac-ae11-52095c32044d,1,1,QUORUM,QUORUM,node2,True,False,16.142,2026-09-16T20:48:17.194932+08:00,
c8b0068e-a8f3-46d1-9679-3c07382694f5:QUORUM:QUORUM:9,RYW,node_failure,A,WRITE,1126517b-8664-4cdb-b86a-f9f1a3222137,1,,QUORUM,QUORUM,node1,True,,14.14,2026-09-16T20:48:17.211480+08:00,
c8b0068e-a8f3-46d1-9679-3c07382694f5:QUORUM:QUORUM:9,RYW,node_failure,A,READ,1126517b-8664-4cdb-b86a-f9f1a3222137,1,1,QUORUM,QUORUM,node2,True,False,15.898,2026-09-16T20:48:17.225445+08:00,
c8b0068e-a8f3-46d1-9679-3c07382694f5:QUORUM:QUORUM:10,RYW,node_failure,A,WRITE,a6313e30-e390-487d-88a2-5f6d677e9f3d,1,,QUORUM,QUORUM,node1,True,,15.291,2026-09-16T20:48:17.241686+08:00,
c8b0068e-a8f3-46d1-9679-3c07382694f5:QUORUM:QUORUM:10,RYW,node_failure,A,READ,a6313e30-e390-487d-88a2-5f6d677e9f3d,1,1,QUORUM,QUORUM,node2,True,False,16.475,2026-09-16T20:48:17.256850+08:00,
c8b0068e-a8f3-46d1-9679-3c07382694f5:QUORUM:QUORUM:11,RYW,node_failure,A,WRITE,d3fd891b-350d-4292-9ed3-6a7fff8e2406,1,,QUORUM,QUORUM,node1,True,,15.097,2026-09-16T20:48:17.273672+08:00,
c8b0068e-a8f3-46d1-9679-3c07382694f5:QUORUM:QUORUM:11,RYW,node_failure,A,READ,d3fd891b-350d-4292-9ed3-6a7fff8e2406,1,1,QUORUM,QUORUM,node2,True,False,16.875,2026-09-16T20:48:17.288640+08:00,
c8b0068e-a8f3-46d1-9679-3c07382694f5:QUORUM:QUORUM:12,RYW,node_failure,A,WRITE,df2c6db9-1985-4a1a-a23f-8e75a26c83d1,1,,QUORUM,QUORUM,node1,True,,14.17,2026-09-16T20:48:17.305751+08:00,
c8b0068e-a8f3-46d1-9679-3c07382694f5:QUORUM:QUORUM:12,RYW,node_failure,A,READ,df2c6db9-1985-4a1a-a23f-8e75a26c83d1,1,1,QUORUM,QUORUM,node2,True,False,15.811,2026-09-16T20:48:17.319756+08:00,
c8b0068e-a8f3-46d1-9679-3c07382694f5:QUORUM:QUORUM:13,RYW,node_failure,A,WRITE,a3d94af5-180e-43a9-8c9e-91be48bfe71c,1,,QUORUM,QUORUM,node1,True,,15.497,2026-09-16T20:48:17.335943+08:00,
c8b0068e-a8f3-46d1-9679-3c07382694f5:QUORUM:QUORUM:13,RYW,node_failure,A,READ,a3d94af5-180e-43a9-8c9e-91be48bfe71c,1,1,QUORUM,QUORUM,node2,True,False,16.241,2026-09-16T20:48:17.351262+08:00,
c8b0068e-a8f3-46d1-9679-3c07382694f5:QUORUM:QUORUM:14,RYW,node_failure,A,WRITE,f90ecb8b-adb9-4a30-8ca6-e0e0dfd09961,1,,QUORUM,QUORUM,node1,True,,14.774,2026-09-16T20:48:17.367819+08:00,
c8b0068e-a8f3-46d1-9679-3c07382694f5:QUORUM:QUORUM:14,RYW,node_failure,A,READ,f90ecb8b-adb9-4a30-8ca6-e0e0dfd09961,1,1,QUORUM,QUORUM,node2,True,False,15.333,2026-09-16T20:48:17.382458+08:00,
c8b0068e-a8f3-46d1-9679-3c07382694f5:QUORUM:QUORUM:15,RYW,node_failure,A,WRITE,f641ad14-f176-41c8-8084-5bd70078a893,1,,QUORUM,QUORUM,node1,True,,14.766,2026-09-16T20:48:17.398020+08:00,
c8b0068e-a8f3-46d1-9679-3c07382694f5:QUORUM:QUORUM:15,RYW,node_failure,A,READ,f641ad14-f176-41c8-8084-5bd70078a893,1,1,QUORUM,QUORUM,node2,True,False,16.417,2026-09-16T20:48:17.412798+08:00,
c8b0068e-a8f3-46d1-9679-3c07382694f5:QUORUM:QUORUM:16,RYW,node_failure,A,WRITE,089e11c9-9465-4c21-bedd-8ffab993dd89,1,,QUORUM,QUORUM,node1,True,,15.291,2026-09-16T20:48:17.429556+08:00,
c8b0068e-a8f3-46d1-9679-3c07382694f5:QUORUM:QUORUM:16,RYW,node_failure,A,READ,089e11c9-9465-4c21-bedd-8ffab993dd89,1,1,QUORUM,QUORUM,node2,True,False,16.223,2026-09-16T20:48:17.444656+08:00,
c8b0068e-a8f3-46d1-9679-3c07382694f5:QUORUM:QUORUM:17,RYW,node_failure,A,WRITE,2902c2f2-f680-4232-8772-91a43dff61b0,1,,QUORUM,QUORUM,node1,True,,15.024,2026-09-16T20:48:17.461177+08:00,
c8b0068e-a8f3-46d1-9679-3c07382694f5:QUORUM:QUORUM:17,RYW,node_failure,A,READ,2902c2f2-f680-4232-8772-91a43dff61b0,1,1,QUORUM,QUORUM,node2,True,False,15.914,2026-09-16T20:48:17.476085+08:00,
c8b0068e-a8f3-46d1-9679-3c07382694f5:QUORUM:QUORUM:18,RYW,node_failure,A,WRITE,1e66aaa4-765c-4997-b541-9eea80e6d275,1,,QUORUM,QUORUM,node1,True,,15.075,2026-09-16T20:48:17.492329+08:00,
c8b0068e-a8f3-46d1-9679-3c07382694f5:QUORUM:QUORUM:18,RYW,node_failure,A,READ,1e66aaa4-765c-4997-b541-9eea80e6d275,1,1,QUORUM,QUORUM,node2,True,False,15.756,2026-09-16T20:48:17.507295+08:00,
c8b0068e-a8f3-46d1-9679-3c07382694f5:QUORUM:QUORUM:19,RYW,node_failure,A,WRITE,b13ffa53-6833-49c1-b545-e5bd2f272223,1,,QUORUM,QUORUM,node1,True,,15.143,2026-09-16T20:48:17.523361+08:00,
c8b0068e-a8f3-46d1-9679-3c07382694f5:QUORUM:QUORUM:19,RYW,node_failure,A,READ,b13ffa53-6833-49c1-b545-e5bd2f272223,1,1,QUORUM,QUORUM,node2,True,False,16.171,2026-09-16T20:48:17.538307+08:00,
c8b0068e-a8f3-46d1-9679-3c07382694f5:QUORUM:QUORUM:20,RYW,node_failure,A,WRITE,8c9c85c7-907a-44db-9474-f66b2f4ede46,1,,QUORUM,QUORUM,node1,True,,14.637,2026-09-16T20:48:17.554817+08:00,
c8b0068e-a8f3-46d1-9679-3c07382694f5:QUORUM:QUORUM:20,RYW,node_failure,A,READ,8c9c85c7-907a-44db-9474-f66b2f4ede46,1,1,QUORUM,QUORUM,node2,True,False,16.012,2026-09-16T20:48:17.569323+08:00,
c8b0068e-a8f3-46d1-9679-3c07382694f5:QUORUM:QUORUM:21,RYW,node_failure,A,WRITE,254b0998-7832-4aee-87d0-b426b38aa526,1,,QUORUM,QUORUM,node1,True,,15.2,2026-09-16T20:48:17.585694+08:00,
c8b0068e-a8f3-46d1-9679-3c07382694f5:QUORUM:QUORUM:21,RYW,node_failure,A,READ,254b0998-7832-4aee-87d0-b426b38aa526,1,1,QUORUM,QUORUM,node2,True,False,15.512,2026-09-16T20:48:17.600704+08:00,
c8b0068e-a8f3-46d1-9679-3c07382694f5:QUORUM:QUORUM:22,RYW,node_failure,A,WRITE,e8627364-71a5-476c-b1ab-e50a4712c833,1,,QUORUM,QUORUM,node1,True,,15.372,2026-09-16T20:48:17.616557+08:00,
c8b0068e-a8f3-46d1-9679-3c07382694f5:QUORUM:QUORUM:22,RYW,node_failure,A,READ,e8627364-71a5-476c-b1ab-e50a4712c833,1,1,QUORUM,QUORUM,node2,True,False,15.923,2026-09-16T20:48:17.631685+08:00,
c8b0068e-a8f3-46d1-9679-3c07382694f5:QUORUM:QUORUM:23,RYW,node_failure,A,WRITE,d874dd6f-b737-492b-8cbf-9ab8d2e3c3f8,1,,QUORUM,QUORUM,node1,True,,15.148,2026-09-16T20:48:17.648007+08:00,
c8b0068e-a8f3-46d1-9679-3c07382694f5:QUORUM:QUORUM:23,RYW,node_failure,A,READ,d874dd6f-b737-492b-8cbf-9ab8d2e3c3f8,1,1,QUORUM,QUORUM,node2,True,False,16.674,2026-09-16T20:48:17.662960+08:00,
c8b0068e-a8f3-46d1-9679-3c07382694f5:QUORUM:QUORUM:24,RYW,node_failure,A,WRITE,738dcc7e-d6ba-466c-ba53-a81570cee118,1,,QUORUM,QUORUM,node1,True,,14.908,2026-09-16T20:48:17.679713+08:00,
c8b0068e-a8f3-46d1-9679-3c07382694f5:QUORUM:QUORUM:24,RYW,node_failure,A,READ,738dcc7e-d6ba-466c-ba53-a81570cee118,1,1,QUORUM,QUORUM,node2,True,False,15.946,2026-09-16T20:48:17.694753+08:00,
c8b0068e-a8f3-46d1-9679-3c07382694f5:QUORUM:QUORUM:25,RYW,node_failure,A,WRITE,90e018d2-5c52-4ab1-8031-fddbf8c005f0,1,,QUORUM,QUORUM,node1,True,,14.415,2026-09-16T20:48:17.711094+08:00,
c8b0068e-a8f3-46d1-9679-3c07382694f5:QUORUM:QUORUM:25,RYW,node_failure,A,READ,90e018d2-5c52-4ab1-8031-fddbf8c005f0,1,1,QUORUM,QUORUM,node2,True,False,15.751,2026-09-16T20:48:17.725270+08:00,
c8b0068e-a8f3-46d1-9679-3c07382694f5:QUORUM:QUORUM:26,RYW,node_failure,A,WRITE,9f299063-8add-4df3-99da-9ab3cd3ec676,1,,QUORUM,QUORUM,node1,True,,15.292,2026-09-16T20:48:17.741441+08:00,
c8b0068e-a8f3-46d1-9679-3c07382694f5:QUORUM:QUORUM:26,RYW,node_failure,A,READ,9f299063-8add-4df3-99da-9ab3cd3ec676,1,1,QUORUM,QUORUM,node2,True,False,16.305,2026-09-16T20:48:17.756576+08:00,
c8b0068e-a8f3-46d1-9679-3c07382694f5:QUORUM:QUORUM:27,RYW,node_failure,A,WRITE,4bb0d25f-48a1-4650-a029-09480b636d27,1,,QUORUM,QUORUM,node1,True,,15.407,2026-09-16T20:48:17.773242+08:00,
c8b0068e-a8f3-46d1-9679-3c07382694f5:QUORUM:QUORUM:27,RYW,node_failure,A,READ,4bb0d25f-48a1-4650-a029-09480b636d27,1,1,QUORUM,QUORUM,node2,True,False,15.95,2026-09-16T20:48:17.788512+08:00,
c8b0068e-a8f3-46d1-9679-3c07382694f5:QUORUM:QUORUM:28,RYW,node_failure,A,WRITE,8d53c0d5-8a4c-4e03-99cc-e3788c569d0e,1,,QUORUM,QUORUM,node1,True,,15.392,2026-09-16T20:48:17.804775+08:00,
c8b0068e-a8f3-46d1-9679-3c07382694f5:QUORUM:QUORUM:28,RYW,node_failure,A,READ,8d53c0d5-8a4c-4e03-99cc-e3788c569d0e,1,1,QUORUM,QUORUM,node2,True,False,16.686,2026-09-16T20:48:17.820014+08:00,
c8b0068e-a8f3-46d1-9679-3c07382694f5:QUORUM:QUORUM:29,RYW,node_failure,A,WRITE,99bba77d-b504-42f2-93c7-e56586516015,1,,QUORUM,QUORUM,node1,True,,15.38,2026-09-16T20:48:17.837043+08:00,
c8b0068e-a8f3-46d1-9679-3c07382694f5:QUORUM:QUORUM:29,RYW,node_failure,A,READ,99bba77d-b504-42f2-93c7-e56586516015,1,1,QUORUM,QUORUM,node2,True,False,16.128,2026-09-16T20:48:17.852267+08:00,
c8b0068e-a8f3-46d1-9679-3c07382694f5:QUORUM:QUORUM:30,RYW,node_failure,A,WRITE,94a3755d-f142-495f-a41a-e809406d056b,1,,QUORUM,QUORUM,node1,True,,14.326,2026-09-16T20:48:17.868693+08:00,
c8b0068e-a8f3-46d1-9679-3c07382694f5:QUORUM:QUORUM:30,RYW,node_failure,A,READ,94a3755d-f142-495f-a41a-e809406d056b,1,1,QUORUM,QUORUM,node2,True,False,15.77,2026-09-16T20:48:17.882880+08:00,
c8b0068e-a8f3-46d1-9679-3c07382694f5:QUORUM:QUORUM:31,RYW,node_failure,A,WRITE,0a80112d-0f5c-4232-99de-345d2da863b6,1,,QUORUM,QUORUM,node1,True,,15.21,2026-09-16T20:48:17.898991+08:00,
c8b0068e-a8f3-46d1-9679-3c07382694f5:QUORUM:QUORUM:31,RYW,node_failure,A,READ,0a80112d-0f5c-4232-99de-345d2da863b6,1,1,QUORUM,QUORUM,node2,True,False,29.29,2026-09-16T20:48:17.913822+08:00,
c8b0068e-a8f3-46d1-9679-3c07382694f5:QUORUM:QUORUM:32,RYW,node_failure,A,WRITE,a8b171af-f047-473a-9d8e-9eebbdace756,1,,QUORUM,QUORUM,node1,True,,17.029,2026-09-16T20:48:17.943396+08:00,
c8b0068e-a8f3-46d1-9679-3c07382694f5:QUORUM:QUORUM:32,RYW,node_failure,A,READ,a8b171af-f047-473a-9d8e-9eebbdace756,1,1,QUORUM,QUORUM,node2,True,False,15.238,2026-09-16T20:48:17.960509+08:00,
c8b0068e-a8f3-46d1-9679-3c07382694f5:QUORUM:QUORUM:33,RYW,node_failure,A,WRITE,1c9acb87-3dad-43a8-b168-91084517b6db,1,,QUORUM,QUORUM,node1,True,,14.896,2026-09-16T20:48:17.976123+08:00,
c8b0068e-a8f3-46d1-9679-3c07382694f5:QUORUM:QUORUM:33,RYW,node_failure,A,READ,1c9acb87-3dad-43a8-b168-91084517b6db,1,1,QUORUM,QUORUM,node2,True,False,15.825,2026-09-16T20:48:17.990903+08:00,
c8b0068e-a8f3-46d1-9679-3c07382694f5:QUORUM:QUORUM:34,RYW,node_failure,A,WRITE,025b2a4a-b15e-440f-9c67-05f1325237d0,1,,QUORUM,QUORUM,node1,True,,15.292,2026-09-16T20:48:18.007081+08:00,
c8b0068e-a8f3-46d1-9679-3c07382694f5:QUORUM:QUORUM:34,RYW,node_failure,A,READ,025b2a4a-b15e-440f-9c67-05f1325237d0,1,1,QUORUM,QUORUM,node2,True,False,16.278,2026-09-16T20:48:18.022212+08:00,
c8b0068e-a8f3-46d1-9679-3c07382694f5:QUORUM:QUORUM:35,RYW,node_failure,A,WRITE,659223fc-5b44-4191-a59a-e55283bd9faa,1,,QUORUM,QUORUM,node1,True,,14.516,2026-09-16T20:48:18.038792+08:00,
c8b0068e-a8f3-46d1-9679-3c07382694f5:QUORUM:QUORUM:35,RYW,node_failure,A,READ,659223fc-5b44-4191-a59a-e55283bd9faa,1,1,QUORUM,QUORUM,node2,True,False,16.378,2026-09-16T20:48:18.053121+08:00,
c8b0068e-a8f3-46d1-9679-3c07382694f5:QUORUM:QUORUM:36,RYW,node_failure,A,WRITE,837565bb-8fd7-4aeb-8593-084a4c1916f1,1,,QUORUM,QUORUM,node1,True,,14.313,2026-09-16T20:48:18.069886+08:00,
c8b0068e-a8f3-46d1-9679-3c07382694f5:QUORUM:QUORUM:36,RYW,node_failure,A,READ,837565bb-8fd7-4aeb-8593-084a4c1916f1,1,1,QUORUM,QUORUM,node2,True,False,15.925,2026-09-16T20:48:18.084035+08:00,
c8b0068e-a8f3-46d1-9679-3c07382694f5:QUORUM:QUORUM:37,RYW,node_failure,A,WRITE,3bbb89f9-05a7-49ee-bcd0-e0efeeaa3636,1,,QUORUM,QUORUM,node1,True,,15.231,2026-09-16T20:48:18.100243+08:00,
c8b0068e-a8f3-46d1-9679-3c07382694f5:QUORUM:QUORUM:37,RYW,node_failure,A,READ,3bbb89f9-05a7-49ee-bcd0-e0efeeaa3636,1,1,QUORUM,QUORUM,node2,True,False,15.868,2026-09-16T20:48:18.115368+08:00,
c8b0068e-a8f3-46d1-9679-3c07382694f5:QUORUM:QUORUM:38,RYW,node_failure,A,WRITE,cc408f99-6cb3-4192-9907-bbc1f54f8121,1,,QUORUM,QUORUM,node1,True,,15.288,2026-09-16T20:48:18.131534+08:00,
c8b0068e-a8f3-46d1-9679-3c07382694f5:QUORUM:QUORUM:38,RYW,node_failure,A,READ,cc408f99-6cb3-4192-9907-bbc1f54f8121,1,1,QUORUM,QUORUM,node2,True,False,15.849,2026-09-16T20:48:18.146654+08:00,
c8b0068e-a8f3-46d1-9679-3c07382694f5:QUORUM:QUORUM:39,RYW,node_failure,A,WRITE,5678cf42-ae50-4dce-8637-6b612c2bad16,1,,QUORUM,QUORUM,node1,True,,15.456,2026-09-16T20:48:18.162879+08:00,
c8b0068e-a8f3-46d1-9679-3c07382694f5:QUORUM:QUORUM:39,RYW,node_failure,A,READ,5678cf42-ae50-4dce-8637-6b612c2bad16,1,1,QUORUM,QUORUM,node2,True,False,16.349,2026-09-16T20:48:18.178089+08:00,
c8b0068e-a8f3-46d1-9679-3c07382694f5:QUORUM:QUORUM:40,RYW,node_failure,A,WRITE,74b70b0c-3ac0-4725-977c-51a3893418b7,1,,QUORUM,QUORUM,node1,True,,15.285,2026-09-16T20:48:18.194781+08:00,
c8b0068e-a8f3-46d1-9679-3c07382694f5:QUORUM:QUORUM:40,RYW,node_failure,A,READ,74b70b0c-3ac0-4725-977c-51a3893418b7,1,1,QUORUM,QUORUM,node2,True,False,16.357,2026-09-16T20:48:18.209857+08:00,
c8b0068e-a8f3-46d1-9679-3c07382694f5:QUORUM:QUORUM:41,RYW,node_failure,A,WRITE,0166e78a-db55-4d79-9d7f-406c1871dfef,1,,QUORUM,QUORUM,node1,True,,15.347,2026-09-16T20:48:18.226609+08:00,
c8b0068e-a8f3-46d1-9679-3c07382694f5:QUORUM:QUORUM:41,RYW,node_failure,A,READ,0166e78a-db55-4d79-9d7f-406c1871dfef,1,1,QUORUM,QUORUM,node2,True,False,15.93,2026-09-16T20:48:18.241797+08:00,
c8b0068e-a8f3-46d1-9679-3c07382694f5:QUORUM:QUORUM:42,RYW,node_failure,A,WRITE,58afc34a-4daa-4234-80ba-0f4541f7f660,1,,QUORUM,QUORUM,node1,True,,15.162,2026-09-16T20:48:18.258106+08:00,
c8b0068e-a8f3-46d1-9679-3c07382694f5:QUORUM:QUORUM:42,RYW,node_failure,A,READ,58afc34a-4daa-4234-80ba-0f4541f7f660,1,1,QUORUM,QUORUM,node2,True,False,16.118,2026-09-16T20:48:18.273174+08:00,
c8b0068e-a8f3-46d1-9679-3c07382694f5:QUORUM:QUORUM:43,RYW,node_failure,A,WRITE,4573633e-0876-42f8-ba04-c1d11f58cc41,1,,QUORUM,QUORUM,node1,True,,15.298,2026-09-16T20:48:18.289573+08:00,
c8b0068e-a8f3-46d1-9679-3c07382694f5:QUORUM:QUORUM:43,RYW,node_failure,A,READ,4573633e-0876-42f8-ba04-c1d11f58cc41,1,1,QUORUM,QUORUM,node2,True,False,15.158,2026-09-16T20:48:18.304715+08:00,
c8b0068e-a8f3-46d1-9679-3c07382694f5:QUORUM:QUORUM:44,RYW,node_failure,A,WRITE,4cc9f9b7-5a9b-4fa2-8b72-2f15ae517f34,1,,QUORUM,QUORUM,node1,True,,15.191,2026-09-16T20:48:18.320116+08:00,
c8b0068e-a8f3-46d1-9679-3c07382694f5:QUORUM:QUORUM:44,RYW,node_failure,A,READ,4cc9f9b7-5a9b-4fa2-8b72-2f15ae517f34,1,1,QUORUM,QUORUM,node2,True,False,15.839,2026-09-16T20:48:18.335267+08:00,
c8b0068e-a8f3-46d1-9679-3c07382694f5:QUORUM:QUORUM:45,RYW,node_failure,A,WRITE,dcb7bbf9-e5f3-443c-acf4-f775f78eada2,1,,QUORUM,QUORUM,node1,True,,15.375,2026-09-16T20:48:18.351423+08:00,
c8b0068e-a8f3-46d1-9679-3c07382694f5:QUORUM:QUORUM:45,RYW,node_failure,A,READ,dcb7bbf9-e5f3-443c-acf4-f775f78eada2,1,1,QUORUM,QUORUM,node2,True,False,15.72,2026-09-16T20:48:18.366585+08:00,
c8b0068e-a8f3-46d1-9679-3c07382694f5:QUORUM:QUORUM:46,RYW,node_failure,A,WRITE,2a5ce08c-337e-414f-a2dc-da44cbd88f7b,1,,QUORUM,QUORUM,node1,True,,15.102,2026-09-16T20:48:18.382568+08:00,
c8b0068e-a8f3-46d1-9679-3c07382694f5:QUORUM:QUORUM:46,RYW,node_failure,A,READ,2a5ce08c-337e-414f-a2dc-da44cbd88f7b,1,1,QUORUM,QUORUM,node2,True,False,16.382,2026-09-16T20:48:18.397578+08:00,
c8b0068e-a8f3-46d1-9679-3c07382694f5:QUORUM:QUORUM:47,RYW,node_failure,A,WRITE,e6a121ee-6dce-4b50-bd8c-5784a336c87c,1,,QUORUM,QUORUM,node1,True,,14.755,2026-09-16T20:48:18.414310+08:00,
c8b0068e-a8f3-46d1-9679-3c07382694f5:QUORUM:QUORUM:47,RYW,node_failure,A,READ,e6a121ee-6dce-4b50-bd8c-5784a336c87c,1,1,QUORUM,QUORUM,node2,True,False,16.147,2026-09-16T20:48:18.428906+08:00,
c8b0068e-a8f3-46d1-9679-3c07382694f5:QUORUM:QUORUM:48,RYW,node_failure,A,WRITE,f7fc61c0-632a-452e-a958-d16f8609be82,1,,QUORUM,QUORUM,node1,True,,14.533,2026-09-16T20:48:18.445332+08:00,
c8b0068e-a8f3-46d1-9679-3c07382694f5:QUORUM:QUORUM:48,RYW,node_failure,A,READ,f7fc61c0-632a-452e-a958-d16f8609be82,1,1,QUORUM,QUORUM,node2,True,False,16.417,2026-09-16T20:48:18.460153+08:00,
c8b0068e-a8f3-46d1-9679-3c07382694f5:QUORUM:QUORUM:49,RYW,node_failure,A,WRITE,087f2e44-988a-471e-a344-d435a7ee9647,1,,QUORUM,QUORUM,node1,True,,14.263,2026-09-16T20:48:18.476528+08:00,
c8b0068e-a8f3-46d1-9679-3c07382694f5:QUORUM:QUORUM:49,RYW,node_failure,A,READ,087f2e44-988a-471e-a344-d435a7ee9647,1,1,QUORUM,QUORUM,node2,True,False,16.825,2026-09-16T20:48:18.490625+08:00,
c8b0068e-a8f3-46d1-9679-3c07382694f5:QUORUM:QUORUM:50,RYW,node_failure,A,WRITE,322ee953-f52e-41c5-ba0a-95234b6ece3c,1,,QUORUM,QUORUM,node1,True,,14.065,2026-09-16T20:48:18.507582+08:00,
c8b0068e-a8f3-46d1-9679-3c07382694f5:QUORUM:QUORUM:50,RYW,node_failure,A,READ,322ee953-f52e-41c5-ba0a-95234b6ece3c,1,1,QUORUM,QUORUM,node2,True,False,16.51,2026-09-16T20:48:18.521695+08:00,
c8b0068e-a8f3-46d1-9679-3c07382694f5:QUORUM:QUORUM:51,RYW,node_failure,A,WRITE,5e3df844-8dc8-4d24-b953-e216438917f5,1,,QUORUM,QUORUM,node1,True,,14.126,2026-09-16T20:48:18.538588+08:00,
c8b0068e-a8f3-46d1-9679-3c07382694f5:QUORUM:QUORUM:51,RYW,node_failure,A,READ,5e3df844-8dc8-4d24-b953-e216438917f5,1,1,QUORUM,QUORUM,node2,True,False,16.205,2026-09-16T20:48:18.552540+08:00,
c8b0068e-a8f3-46d1-9679-3c07382694f5:QUORUM:QUORUM:52,RYW,node_failure,A,WRITE,f5fe9f62-9ff7-4830-928f-aecdfb292ce0,1,,QUORUM,QUORUM,node1,True,,15.315,2026-09-16T20:48:18.568972+08:00,
c8b0068e-a8f3-46d1-9679-3c07382694f5:QUORUM:QUORUM:52,RYW,node_failure,A,READ,f5fe9f62-9ff7-4830-928f-aecdfb292ce0,1,1,QUORUM,QUORUM,node2,True,False,16.94,2026-09-16T20:48:18.584222+08:00,
c8b0068e-a8f3-46d1-9679-3c07382694f5:QUORUM:QUORUM:53,RYW,node_failure,A,WRITE,388b21c7-e04d-430f-bf88-a4ac1fe4e4a0,1,,QUORUM,QUORUM,node1,True,,13.19,2026-09-16T20:48:18.601434+08:00,
c8b0068e-a8f3-46d1-9679-3c07382694f5:QUORUM:QUORUM:53,RYW,node_failure,A,READ,388b21c7-e04d-430f-bf88-a4ac1fe4e4a0,1,1,QUORUM,QUORUM,node2,True,False,16.179,2026-09-16T20:48:18.614559+08:00,
c8b0068e-a8f3-46d1-9679-3c07382694f5:QUORUM:QUORUM:54,RYW,node_failure,A,WRITE,2e9919c7-4ce9-4da0-a251-dbc105096a43,1,,QUORUM,QUORUM,node1,True,,15.0,2026-09-16T20:48:18.631065+08:00,
c8b0068e-a8f3-46d1-9679-3c07382694f5:QUORUM:QUORUM:54,RYW,node_failure,A,READ,2e9919c7-4ce9-4da0-a251-dbc105096a43,1,1,QUORUM,QUORUM,node2,True,False,15.809,2026-09-16T20:48:18.645935+08:00,
c8b0068e-a8f3-46d1-9679-3c07382694f5:QUORUM:QUORUM:55,RYW,node_failure,A,WRITE,07f017a7-7abc-4b78-b0eb-16cd7914e648,1,,QUORUM,QUORUM,node1,True,,15.054,2026-09-16T20:48:18.662017+08:00,
c8b0068e-a8f3-46d1-9679-3c07382694f5:QUORUM:QUORUM:55,RYW,node_failure,A,READ,07f017a7-7abc-4b78-b0eb-16cd7914e648,1,1,QUORUM,QUORUM,node2,True,False,16.065,2026-09-16T20:48:18.676936+08:00,
c8b0068e-a8f3-46d1-9679-3c07382694f5:QUORUM:QUORUM:56,RYW,node_failure,A,WRITE,385af8d7-19e0-4c3d-a758-e1b67517b6ab,1,,QUORUM,QUORUM,node1,True,,14.999,2026-09-16T20:48:18.693367+08:00,
c8b0068e-a8f3-46d1-9679-3c07382694f5:QUORUM:QUORUM:56,RYW,node_failure,A,READ,385af8d7-19e0-4c3d-a758-e1b67517b6ab,1,1,QUORUM,QUORUM,node2,True,False,16.177,2026-09-16T20:48:18.708177+08:00,
c8b0068e-a8f3-46d1-9679-3c07382694f5:QUORUM:QUORUM:57,RYW,node_failure,A,WRITE,ae774f8a-5c87-4eb2-ac65-d4b00d41e1ab,1,,QUORUM,QUORUM,node1,True,,15.316,2026-09-16T20:48:18.724654+08:00,
c8b0068e-a8f3-46d1-9679-3c07382694f5:QUORUM:QUORUM:57,RYW,node_failure,A,READ,ae774f8a-5c87-4eb2-ac65-d4b00d41e1ab,1,1,QUORUM,QUORUM,node2,True,False,16.588,2026-09-16T20:48:18.739825+08:00,
c8b0068e-a8f3-46d1-9679-3c07382694f5:QUORUM:QUORUM:58,RYW,node_failure,A,WRITE,4bacb9df-7f23-49e9-9384-7d44b590cfe0,1,,QUORUM,QUORUM,node1,True,,15.23,2026-09-16T20:48:18.756495+08:00,
c8b0068e-a8f3-46d1-9679-3c07382694f5:QUORUM:QUORUM:58,RYW,node_failure,A,READ,4bacb9df-7f23-49e9-9384-7d44b590cfe0,1,1,QUORUM,QUORUM,node2,True,False,15.254,2026-09-16T20:48:18.771757+08:00,
c8b0068e-a8f3-46d1-9679-3c07382694f5:QUORUM:QUORUM:59,RYW,node_failure,A,WRITE,bc8ee513-1b49-4c56-83ec-597762c7cbc4,1,,QUORUM,QUORUM,node1,True,,15.576,2026-09-16T20:48:18.787461+08:00,
c8b0068e-a8f3-46d1-9679-3c07382694f5:QUORUM:QUORUM:59,RYW,node_failure,A,READ,bc8ee513-1b49-4c56-83ec-597762c7cbc4,1,1,QUORUM,QUORUM,node2,True,False,16.468,2026-09-16T20:48:18.802846+08:00,
c8b0068e-a8f3-46d1-9679-3c07382694f5:QUORUM:QUORUM:60,RYW,node_failure,A,WRITE,e2db17e7-e193-40cc-ab50-fc3cc0b57276,1,,QUORUM,QUORUM,node1,True,,14.62,2026-09-16T20:48:18.819644+08:00,
c8b0068e-a8f3-46d1-9679-3c07382694f5:QUORUM:QUORUM:60,RYW,node_failure,A,READ,e2db17e7-e193-40cc-ab50-fc3cc0b57276,1,1,QUORUM,QUORUM,node2,True,False,17.896,2026-09-16T20:48:18.834097+08:00,
c8b0068e-a8f3-46d1-9679-3c07382694f5:QUORUM:QUORUM:61,RYW,node_failure,A,WRITE,be1ecdf9-4a13-4600-8906-968d69026bfc,1,,QUORUM,QUORUM,node1,True,,13.342,2026-09-16T20:48:18.852193+08:00,
c8b0068e-a8f3-46d1-9679-3c07382694f5:QUORUM:QUORUM:61,RYW,node_failure,A,READ,be1ecdf9-4a13-4600-8906-968d69026bfc,1,1,QUORUM,QUORUM,node2,True,False,16.035,2026-09-16T20:48:18.865534+08:00,
c8b0068e-a8f3-46d1-9679-3c07382694f5:QUORUM:QUORUM:62,RYW,node_failure,A,WRITE,bb579942-1573-4059-9dd1-f9f3c7d7941e,1,,QUORUM,QUORUM,node1,True,,15.246,2026-09-16T20:48:18.881881+08:00,
c8b0068e-a8f3-46d1-9679-3c07382694f5:QUORUM:QUORUM:62,RYW,node_failure,A,READ,bb579942-1573-4059-9dd1-f9f3c7d7941e,1,1,QUORUM,QUORUM,node2,True,False,15.786,2026-09-16T20:48:18.897017+08:00,
c8b0068e-a8f3-46d1-9679-3c07382694f5:QUORUM:QUORUM:63,RYW,node_failure,A,WRITE,1f94fd37-91af-4d00-8bcf-1835c182613c,1,,QUORUM,QUORUM,node1,True,,15.091,2026-09-16T20:48:18.913083+08:00,
c8b0068e-a8f3-46d1-9679-3c07382694f5:QUORUM:QUORUM:63,RYW,node_failure,A,READ,1f94fd37-91af-4d00-8bcf-1835c182613c,1,1,QUORUM,QUORUM,node2,True,False,16.163,2026-09-16T20:48:18.928061+08:00,
c8b0068e-a8f3-46d1-9679-3c07382694f5:QUORUM:QUORUM:64,RYW,node_failure,A,WRITE,4f54bd0d-db44-4190-8da4-fc0731ddcf71,1,,QUORUM,QUORUM,node1,True,,14.725,2026-09-16T20:48:18.944524+08:00,
c8b0068e-a8f3-46d1-9679-3c07382694f5:QUORUM:QUORUM:64,RYW,node_failure,A,READ,4f54bd0d-db44-4190-8da4-fc0731ddcf71,1,1,QUORUM,QUORUM,node2,True,False,15.905,2026-09-16T20:48:18.959071+08:00,
c8b0068e-a8f3-46d1-9679-3c07382694f5:QUORUM:QUORUM:65,RYW,node_failure,A,WRITE,2dd0435b-dd34-4277-8041-210970c90e9c,1,,QUORUM,QUORUM,node1,True,,14.926,2026-09-16T20:48:18.975234+08:00,
c8b0068e-a8f3-46d1-9679-3c07382694f5:QUORUM:QUORUM:65,RYW,node_failure,A,READ,2dd0435b-dd34-4277-8041-210970c90e9c,1,1,QUORUM,QUORUM,node2,True,False,15.724,2026-09-16T20:48:18.990077+08:00,
c8b0068e-a8f3-46d1-9679-3c07382694f5:QUORUM:QUORUM:66,RYW,node_failure,A,WRITE,fd6fc95f-f1ba-465e-9f00-bfa6adfc2bbf,1,,QUORUM,QUORUM,node1,True,,15.308,2026-09-16T20:48:19.006173+08:00,
c8b0068e-a8f3-46d1-9679-3c07382694f5:QUORUM:QUORUM:66,RYW,node_failure,A,READ,fd6fc95f-f1ba-465e-9f00-bfa6adfc2bbf,1,1,QUORUM,QUORUM,node2,True,False,15.741,2026-09-16T20:48:19.021240+08:00,
c8b0068e-a8f3-46d1-9679-3c07382694f5:QUORUM:QUORUM:67,RYW,node_failure,A,WRITE,64ad5658-1df8-4e37-b84f-410eb7f78f4a,1,,QUORUM,QUORUM,node1,True,,15.366,2026-09-16T20:48:19.037446+08:00,
c8b0068e-a8f3-46d1-9679-3c07382694f5:QUORUM:QUORUM:67,RYW,node_failure,A,READ,64ad5658-1df8-4e37-b84f-410eb7f78f4a,1,1,QUORUM,QUORUM,node2,True,False,15.927,2026-09-16T20:48:19.052613+08:00,
c8b0068e-a8f3-46d1-9679-3c07382694f5:QUORUM:QUORUM:68,RYW,node_failure,A,WRITE,baa10007-ac0e-4cb9-9bcd-c87ffa70fa68,1,,QUORUM,QUORUM,node1,True,,15.159,2026-09-16T20:48:19.068864+08:00,
c8b0068e-a8f3-46d1-9679-3c07382694f5:QUORUM:QUORUM:68,RYW,node_failure,A,READ,baa10007-ac0e-4cb9-9bcd-c87ffa70fa68,1,1,QUORUM,QUORUM,node2,True,False,16.06,2026-09-16T20:48:19.083818+08:00,
c8b0068e-a8f3-46d1-9679-3c07382694f5:QUORUM:QUORUM:69,RYW,node_failure,A,WRITE,b74feadf-5a7b-47cb-b181-10866364e386,1,,QUORUM,QUORUM,node1,True,,14.519,2026-09-16T20:48:19.100235+08:00,
c8b0068e-a8f3-46d1-9679-3c07382694f5:QUORUM:QUORUM:69,RYW,node_failure,A,READ,b74feadf-5a7b-47cb-b181-10866364e386,1,1,QUORUM,QUORUM,node2,True,False,14.811,2026-09-16T20:48:19.114589+08:00,
c8b0068e-a8f3-46d1-9679-3c07382694f5:QUORUM:QUORUM:70,RYW,node_failure,A,WRITE,20519133-858c-4903-be03-20087685cc1b,1,,QUORUM,QUORUM,node1,True,,15.365,2026-09-16T20:48:19.129712+08:00,
c8b0068e-a8f3-46d1-9679-3c07382694f5:QUORUM:QUORUM:70,RYW,node_failure,A,READ,20519133-858c-4903-be03-20087685cc1b,1,1,QUORUM,QUORUM,node2,True,False,15.815,2026-09-16T20:48:19.144936+08:00,
c8b0068e-a8f3-46d1-9679-3c07382694f5:QUORUM:QUORUM:71,RYW,node_failure,A,WRITE,e05f5997-313f-4b2c-be0e-13eb0bc40949,1,,QUORUM,QUORUM,node1,True,,15.609,2026-09-16T20:48:19.161070+08:00,
c8b0068e-a8f3-46d1-9679-3c07382694f5:QUORUM:QUORUM:71,RYW,node_failure,A,READ,e05f5997-313f-4b2c-be0e-13eb0bc40949,1,1,QUORUM,QUORUM,node2,True,False,25.533,2026-09-16T20:48:19.176437+08:00,
c8b0068e-a8f3-46d1-9679-3c07382694f5:QUORUM:QUORUM:72,RYW,node_failure,A,WRITE,5b1e29dc-4b9f-48ab-9051-712a6ae2ff01,1,,QUORUM,QUORUM,node1,True,,5.637,2026-09-16T20:48:19.202221+08:00,
c8b0068e-a8f3-46d1-9679-3c07382694f5:QUORUM:QUORUM:72,RYW,node_failure,A,READ,5b1e29dc-4b9f-48ab-9051-712a6ae2ff01,1,1,QUORUM,QUORUM,node2,True,False,15.604,2026-09-16T20:48:19.207812+08:00,
c8b0068e-a8f3-46d1-9679-3c07382694f5:QUORUM:QUORUM:73,RYW,node_failure,A,WRITE,fa9beb7a-25f8-42df-b04f-f19ca3149ca4,1,,QUORUM,QUORUM,node1,True,,16.054,2026-09-16T20:48:19.223777+08:00,
c8b0068e-a8f3-46d1-9679-3c07382694f5:QUORUM:QUORUM:73,RYW,node_failure,A,READ,fa9beb7a-25f8-42df-b04f-f19ca3149ca4,1,1,QUORUM,QUORUM,node2,True,False,15.632,2026-09-16T20:48:19.239479+08:00,
c8b0068e-a8f3-46d1-9679-3c07382694f5:QUORUM:QUORUM:74,RYW,node_failure,A,WRITE,be4db517-5166-4c16-80ae-d8fdcb5fc101,1,,QUORUM,QUORUM,node1,True,,15.809,2026-09-16T20:48:19.255688+08:00,
c8b0068e-a8f3-46d1-9679-3c07382694f5:QUORUM:QUORUM:74,RYW,node_failure,A,READ,be4db517-5166-4c16-80ae-d8fdcb5fc101,1,1,QUORUM,QUORUM,node2,True,False,16.558,2026-09-16T20:48:19.271258+08:00,
c8b0068e-a8f3-46d1-9679-3c07382694f5:QUORUM:QUORUM:75,RYW,node_failure,A,WRITE,22c22948-8edd-410d-901a-e6a9c92953af,1,,QUORUM,QUORUM,node1,True,,14.349,2026-09-16T20:48:19.288172+08:00,
c8b0068e-a8f3-46d1-9679-3c07382694f5:QUORUM:QUORUM:75,RYW,node_failure,A,READ,22c22948-8edd-410d-901a-e6a9c92953af,1,1,QUORUM,QUORUM,node2,True,False,16.17,2026-09-16T20:48:19.302404+08:00,
c8b0068e-a8f3-46d1-9679-3c07382694f5:QUORUM:QUORUM:76,RYW,node_failure,A,WRITE,834b84b0-2606-47ab-ae26-212777037693,1,,QUORUM,QUORUM,node1,True,,14.388,2026-09-16T20:48:19.318886+08:00,
c8b0068e-a8f3-46d1-9679-3c07382694f5:QUORUM:QUORUM:76,RYW,node_failure,A,READ,834b84b0-2606-47ab-ae26-212777037693,1,1,QUORUM,QUORUM,node2,True,False,14.999,2026-09-16T20:48:19.333143+08:00,
c8b0068e-a8f3-46d1-9679-3c07382694f5:QUORUM:QUORUM:77,RYW,node_failure,A,WRITE,0c2f31fa-f041-4f7b-92bc-185f441a459e,1,,QUORUM,QUORUM,node1,True,,15.42,2026-09-16T20:48:19.348497+08:00,
c8b0068e-a8f3-46d1-9679-3c07382694f5:QUORUM:QUORUM:77,RYW,node_failure,A,READ,0c2f31fa-f041-4f7b-92bc-185f441a459e,1,1,QUORUM,QUORUM,node2,True,False,15.771,2026-09-16T20:48:19.364125+08:00,
c8b0068e-a8f3-46d1-9679-3c07382694f5:QUORUM:QUORUM:78,RYW,node_failure,A,WRITE,1ab6d723-5d4b-485d-89da-c6788176dce2,1,,QUORUM,QUORUM,node1,True,,14.963,2026-09-16T20:48:19.379808+08:00,
c8b0068e-a8f3-46d1-9679-3c07382694f5:QUORUM:QUORUM:78,RYW,node_failure,A,READ,1ab6d723-5d4b-485d-89da-c6788176dce2,1,1,QUORUM,QUORUM,node2,True,False,16.586,2026-09-16T20:48:19.394682+08:00,
c8b0068e-a8f3-46d1-9679-3c07382694f5:QUORUM:QUORUM:79,RYW,node_failure,A,WRITE,19fab80c-55fc-4a06-a1e7-a82090c35b6d,1,,QUORUM,QUORUM,node1,True,,15.22,2026-09-16T20:48:19.411516+08:00,
c8b0068e-a8f3-46d1-9679-3c07382694f5:QUORUM:QUORUM:79,RYW,node_failure,A,READ,19fab80c-55fc-4a06-a1e7-a82090c35b6d,1,1,QUORUM,QUORUM,node2,True,False,16.334,2026-09-16T20:48:19.426631+08:00,
c8b0068e-a8f3-46d1-9679-3c07382694f5:QUORUM:QUORUM:80,RYW,node_failure,A,WRITE,a6fa6c09-b954-4285-b2e3-6bec8a498bec,1,,QUORUM,QUORUM,node1,True,,15.032,2026-09-16T20:48:19.443316+08:00,
c8b0068e-a8f3-46d1-9679-3c07382694f5:QUORUM:QUORUM:80,RYW,node_failure,A,READ,a6fa6c09-b954-4285-b2e3-6bec8a498bec,1,1,QUORUM,QUORUM,node2,True,False,15.997,2026-09-16T20:48:19.458159+08:00,
c8b0068e-a8f3-46d1-9679-3c07382694f5:QUORUM:QUORUM:81,RYW,node_failure,A,WRITE,266840f9-d26a-428c-a52e-055515c72d94,1,,QUORUM,QUORUM,node1,True,,15.033,2026-09-16T20:48:19.474522+08:00,
c8b0068e-a8f3-46d1-9679-3c07382694f5:QUORUM:QUORUM:81,RYW,node_failure,A,READ,266840f9-d26a-428c-a52e-055515c72d94,1,1,QUORUM,QUORUM,node2,True,False,15.774,2026-09-16T20:48:19.489399+08:00,
c8b0068e-a8f3-46d1-9679-3c07382694f5:QUORUM:QUORUM:82,RYW,node_failure,A,WRITE,85323d6c-29d9-403f-8424-b368e0ecd8e7,1,,QUORUM,QUORUM,node1,True,,15.527,2026-09-16T20:48:19.505473+08:00,
c8b0068e-a8f3-46d1-9679-3c07382694f5:QUORUM:QUORUM:82,RYW,node_failure,A,READ,85323d6c-29d9-403f-8424-b368e0ecd8e7,1,1,QUORUM,QUORUM,node2,True,False,15.807,2026-09-16T20:48:19.520853+08:00,
c8b0068e-a8f3-46d1-9679-3c07382694f5:QUORUM:QUORUM:83,RYW,node_failure,A,WRITE,aef3ef47-a422-449a-8248-68b88622a663,1,,QUORUM,QUORUM,node1,True,,15.458,2026-09-16T20:48:19.537001+08:00,
c8b0068e-a8f3-46d1-9679-3c07382694f5:QUORUM:QUORUM:83,RYW,node_failure,A,READ,aef3ef47-a422-449a-8248-68b88622a663,1,1,QUORUM,QUORUM,node2,True,False,16.078,2026-09-16T20:48:19.552321+08:00,
c8b0068e-a8f3-46d1-9679-3c07382694f5:QUORUM:QUORUM:84,RYW,node_failure,A,WRITE,60a876ce-0d7d-4f95-82d3-73e76211045d,1,,QUORUM,QUORUM,node1,True,,15.446,2026-09-16T20:48:19.568668+08:00,
c8b0068e-a8f3-46d1-9679-3c07382694f5:QUORUM:QUORUM:84,RYW,node_failure,A,READ,60a876ce-0d7d-4f95-82d3-73e76211045d,1,1,QUORUM,QUORUM,node2,True,False,15.071,2026-09-16T20:48:19.583937+08:00,
c8b0068e-a8f3-46d1-9679-3c07382694f5:QUORUM:QUORUM:85,RYW,node_failure,A,WRITE,5a52b347-5997-4767-947a-f1c48c15ba64,1,,QUORUM,QUORUM,node1,True,,14.504,2026-09-16T20:48:19.599343+08:00,
c8b0068e-a8f3-46d1-9679-3c07382694f5:QUORUM:QUORUM:85,RYW,node_failure,A,READ,5a52b347-5997-4767-947a-f1c48c15ba64,1,1,QUORUM,QUORUM,node2,True,False,15.956,2026-09-16T20:48:19.613691+08:00,
c8b0068e-a8f3-46d1-9679-3c07382694f5:QUORUM:QUORUM:86,RYW,node_failure,A,WRITE,db7fb577-82f4-443d-9ae1-0322ef067277,1,,QUORUM,QUORUM,node1,True,,15.813,2026-09-16T20:48:19.630063+08:00,
c8b0068e-a8f3-46d1-9679-3c07382694f5:QUORUM:QUORUM:86,RYW,node_failure,A,READ,db7fb577-82f4-443d-9ae1-0322ef067277,1,1,QUORUM,QUORUM,node2,True,False,15.85,2026-09-16T20:48:19.645954+08:00,
c8b0068e-a8f3-46d1-9679-3c07382694f5:QUORUM:QUORUM:87,RYW,node_failure,A,WRITE,b5e55453-03e0-45a8-bbae-d847f0a51bf7,1,,QUORUM,QUORUM,node1,True,,15.153,2026-09-16T20:48:19.661778+08:00,
c8b0068e-a8f3-46d1-9679-3c07382694f5:QUORUM:QUORUM:87,RYW,node_failure,A,READ,b5e55453-03e0-45a8-bbae-d847f0a51bf7,1,1,QUORUM,QUORUM,node2,True,False,15.837,2026-09-16T20:48:19.676941+08:00,
c8b0068e-a8f3-46d1-9679-3c07382694f5:QUORUM:QUORUM:88,RYW,node_failure,A,WRITE,faf8ef06-6af5-4878-8d5b-c37c343ac832,1,,QUORUM,QUORUM,node1,True,,15.102,2026-09-16T20:48:19.693147+08:00,
c8b0068e-a8f3-46d1-9679-3c07382694f5:QUORUM:QUORUM:88,RYW,node_failure,A,READ,faf8ef06-6af5-4878-8d5b-c37c343ac832,1,1,QUORUM,QUORUM,node2,True,False,15.897,2026-09-16T20:48:19.708099+08:00,
c8b0068e-a8f3-46d1-9679-3c07382694f5:QUORUM:QUORUM:89,RYW,node_failure,A,WRITE,95e9052d-0906-4749-8330-5344dd03020d,1,,QUORUM,QUORUM,node1,True,,14.558,2026-09-16T20:48:19.724409+08:00,
c8b0068e-a8f3-46d1-9679-3c07382694f5:QUORUM:QUORUM:89,RYW,node_failure,A,READ,95e9052d-0906-4749-8330-5344dd03020d,1,1,QUORUM,QUORUM,node2,True,False,16.888,2026-09-16T20:48:19.738734+08:00,
c8b0068e-a8f3-46d1-9679-3c07382694f5:QUORUM:QUORUM:90,RYW,node_failure,A,WRITE,cd14303d-9778-4509-948a-2070b68046d2,1,,QUORUM,QUORUM,node1,True,,14.13,2026-09-16T20:48:19.755748+08:00,
c8b0068e-a8f3-46d1-9679-3c07382694f5:QUORUM:QUORUM:90,RYW,node_failure,A,READ,cd14303d-9778-4509-948a-2070b68046d2,1,1,QUORUM,QUORUM,node2,True,False,15.574,2026-09-16T20:48:19.769838+08:00,
c8b0068e-a8f3-46d1-9679-3c07382694f5:QUORUM:QUORUM:91,RYW,node_failure,A,WRITE,fe307f3d-1811-4c59-be31-f7f93c8290d7,1,,QUORUM,QUORUM,node1,True,,15.317,2026-09-16T20:48:19.785696+08:00,
c8b0068e-a8f3-46d1-9679-3c07382694f5:QUORUM:QUORUM:91,RYW,node_failure,A,READ,fe307f3d-1811-4c59-be31-f7f93c8290d7,1,1,QUORUM,QUORUM,node2,True,False,16.303,2026-09-16T20:48:19.800956+08:00,
c8b0068e-a8f3-46d1-9679-3c07382694f5:QUORUM:QUORUM:92,RYW,node_failure,A,WRITE,c620ed40-150c-4b33-b789-e7ffefaa0666,1,,QUORUM,QUORUM,node1,True,,14.502,2026-09-16T20:48:19.817606+08:00,
c8b0068e-a8f3-46d1-9679-3c07382694f5:QUORUM:QUORUM:92,RYW,node_failure,A,READ,c620ed40-150c-4b33-b789-e7ffefaa0666,1,1,QUORUM,QUORUM,node2,True,False,16.192,2026-09-16T20:48:19.831945+08:00,
c8b0068e-a8f3-46d1-9679-3c07382694f5:QUORUM:QUORUM:93,RYW,node_failure,A,WRITE,b895e3f9-306e-4782-898d-44e4eb4c7308,1,,QUORUM,QUORUM,node1,True,,15.342,2026-09-16T20:48:19.848380+08:00,
c8b0068e-a8f3-46d1-9679-3c07382694f5:QUORUM:QUORUM:93,RYW,node_failure,A,READ,b895e3f9-306e-4782-898d-44e4eb4c7308,1,1,QUORUM,QUORUM,node2,True,False,16.125,2026-09-16T20:48:19.863981+08:00,
c8b0068e-a8f3-46d1-9679-3c07382694f5:QUORUM:QUORUM:94,RYW,node_failure,A,WRITE,c969d936-b211-4bd4-9886-e67586f7dd21,1,,QUORUM,QUORUM,node1,True,,15.024,2026-09-16T20:48:19.879952+08:00,
c8b0068e-a8f3-46d1-9679-3c07382694f5:QUORUM:QUORUM:94,RYW,node_failure,A,READ,c969d936-b211-4bd4-9886-e67586f7dd21,1,1,QUORUM,QUORUM,node2,True,False,15.893,2026-09-16T20:48:19.894897+08:00,
c8b0068e-a8f3-46d1-9679-3c07382694f5:QUORUM:QUORUM:95,RYW,node_failure,A,WRITE,9f2e37ea-e970-45c0-8870-5580360399ee,1,,QUORUM,QUORUM,node1,True,,15.339,2026-09-16T20:48:19.911197+08:00,
c8b0068e-a8f3-46d1-9679-3c07382694f5:QUORUM:QUORUM:95,RYW,node_failure,A,READ,9f2e37ea-e970-45c0-8870-5580360399ee,1,1,QUORUM,QUORUM,node2,True,False,16.203,2026-09-16T20:48:19.926424+08:00,
c8b0068e-a8f3-46d1-9679-3c07382694f5:QUORUM:QUORUM:96,RYW,node_failure,A,WRITE,15ca3c71-1f7a-46d8-97db-38fd1637b3e7,1,,QUORUM,QUORUM,node1,True,,14.737,2026-09-16T20:48:19.942899+08:00,
c8b0068e-a8f3-46d1-9679-3c07382694f5:QUORUM:QUORUM:96,RYW,node_failure,A,READ,15ca3c71-1f7a-46d8-97db-38fd1637b3e7,1,1,QUORUM,QUORUM,node2,True,False,16.085,2026-09-16T20:48:19.957602+08:00,
c8b0068e-a8f3-46d1-9679-3c07382694f5:QUORUM:QUORUM:97,RYW,node_failure,A,WRITE,06dd361f-0661-4714-b2a6-a7f8993a3127,1,,QUORUM,QUORUM,node1,True,,14.473,2026-09-16T20:48:19.973847+08:00,
c8b0068e-a8f3-46d1-9679-3c07382694f5:QUORUM:QUORUM:97,RYW,node_failure,A,READ,06dd361f-0661-4714-b2a6-a7f8993a3127,1,1,QUORUM,QUORUM,node2,True,False,15.87,2026-09-16T20:48:19.988206+08:00,
c8b0068e-a8f3-46d1-9679-3c07382694f5:QUORUM:QUORUM:98,RYW,node_failure,A,WRITE,4f6332d5-4508-4b69-91ae-e53bb9201a74,1,,QUORUM,QUORUM,node1,True,,15.173,2026-09-16T20:48:20.004415+08:00,
c8b0068e-a8f3-46d1-9679-3c07382694f5:QUORUM:QUORUM:98,RYW,node_failure,A,READ,4f6332d5-4508-4b69-91ae-e53bb9201a74,1,1,QUORUM,QUORUM,node2,True,False,15.929,2026-09-16T20:48:20.019456+08:00,
c8b0068e-a8f3-46d1-9679-3c07382694f5:QUORUM:QUORUM:99,RYW,node_failure,A,WRITE,72fb070f-f9ef-4c30-abfe-883316b55390,1,,QUORUM,QUORUM,node1,True,,15.086,2026-09-16T20:48:20.035736+08:00,
c8b0068e-a8f3-46d1-9679-3c07382694f5:QUORUM:QUORUM:99,RYW,node_failure,A,READ,72fb070f-f9ef-4c30-abfe-883316b55390,1,1,QUORUM,QUORUM,node2,True,False,16.361,2026-09-16T20:48:20.050699+08:00,
c8b0068e-a8f3-46d1-9679-3c07382694f5:QUORUM:QUORUM:100,RYW,node_failure,A,WRITE,e99efa52-a9be-4f4a-bca8-6170c3e9bcec,1,,QUORUM,QUORUM,node1,True,,14.588,2026-09-16T20:48:20.067302+08:00,
c8b0068e-a8f3-46d1-9679-3c07382694f5:QUORUM:QUORUM:100,RYW,node_failure,A,READ,e99efa52-a9be-4f4a-bca8-6170c3e9bcec,1,1,QUORUM,QUORUM,node2,True,False,15.934,2026-09-16T20:48:20.081782+08:00,
c8b0068e-a8f3-46d1-9679-3c07382694f5:ALL:ONE:1,RYW,node_failure,A,WRITE,bacca023-6479-4ea3-a9e8-71633b7990fd,1,,ONE,ALL,node1,False,,9.984,2026-09-16T20:48:20.107120+08:00,"Unavailable: Error from server: code=1000 [Unavailable exception] message=""Cannot achieve consistency level ALL"" info={'consistency': 'ALL', 'required_replicas': 3, 'alive_replicas': 2}"
c8b0068e-a8f3-46d1-9679-3c07382694f5:ALL:ONE:2,RYW,node_failure,A,WRITE,85e48619-0355-4602-8cc1-787e5d3884c4,1,,ONE,ALL,node1,False,,10.476,2026-09-16T20:48:20.117457+08:00,"Unavailable: Error from server: code=1000 [Unavailable exception] message=""Cannot achieve consistency level ALL"" info={'consistency': 'ALL', 'required_replicas': 3, 'alive_replicas': 2}"
c8b0068e-a8f3-46d1-9679-3c07382694f5:ALL:ONE:3,RYW,node_failure,A,WRITE,6a35e5e2-da66-4487-b0e1-b9ba1c04b3a5,1,,ONE,ALL,node1,False,,15.304,2026-09-16T20:48:20.127697+08:00,"Unavailable: Error from server: code=1000 [Unavailable exception] message=""Cannot achieve consistency level ALL"" info={'consistency': 'ALL', 'required_replicas': 3, 'alive_replicas': 2}"
c8b0068e-a8f3-46d1-9679-3c07382694f5:ALL:ONE:4,RYW,node_failure,A,WRITE,daab90fc-829d-499b-91b6-cf6e83fad081,1,,ONE,ALL,node1,False,,16.093,2026-09-16T20:48:20.143073+08:00,"Unavailable: Error from server: code=1000 [Unavailable exception] message=""Cannot achieve consistency level ALL"" info={'consistency': 'ALL', 'required_replicas': 3, 'alive_replicas': 2}"
c8b0068e-a8f3-46d1-9679-3c07382694f5:ALL:ONE:5,RYW,node_failure,A,WRITE,35514458-45bf-4418-9bc8-e2ccc025caf8,1,,ONE,ALL,node1,False,,14.904,2026-09-16T20:48:20.159224+08:00,"Unavailable: Error from server: code=1000 [Unavailable exception] message=""Cannot achieve consistency level ALL"" info={'consistency': 'ALL', 'required_replicas': 3, 'alive_replicas': 2}"
c8b0068e-a8f3-46d1-9679-3c07382694f5:ALL:ONE:6,RYW,node_failure,A,WRITE,0e6831a5-b368-4288-9d63-ba05c05a61bf,1,,ONE,ALL,node1,False,,15.45,2026-09-16T20:48:20.174271+08:00,"Unavailable: Error from server: code=1000 [Unavailable exception] message=""Cannot achieve consistency level ALL"" info={'consistency': 'ALL', 'required_replicas': 3, 'alive_replicas': 2}"
c8b0068e-a8f3-46d1-9679-3c07382694f5:ALL:ONE:7,RYW,node_failure,A,WRITE,56ee4e94-ffa8-4ac5-86de-82ead0280f35,1,,ONE,ALL,node1,False,,16.082,2026-09-16T20:48:20.189786+08:00,"Unavailable: Error from server: code=1000 [Unavailable exception] message=""Cannot achieve consistency level ALL"" info={'consistency': 'ALL', 'required_replicas': 3, 'alive_replicas': 2}"
c8b0068e-a8f3-46d1-9679-3c07382694f5:ALL:ONE:8,RYW,node_failure,A,WRITE,82eaeb1c-a5e1-425c-9634-7c176e863a6e,1,,ONE,ALL,node1,False,,14.765,2026-09-16T20:48:20.205878+08:00,"Unavailable: Error from server: code=1000 [Unavailable exception] message=""Cannot achieve consistency level ALL"" info={'consistency': 'ALL', 'required_replicas': 3, 'alive_replicas': 2}"
c8b0068e-a8f3-46d1-9679-3c07382694f5:ALL:ONE:9,RYW,node_failure,A,WRITE,1fa3b371-7265-4154-9701-c7d4cb9f1fcc,1,,ONE,ALL,node1,False,,15.736,2026-09-16T20:48:20.220802+08:00,"Unavailable: Error from server: code=1000 [Unavailable exception] message=""Cannot achieve consistency level ALL"" info={'consistency': 'ALL', 'required_replicas': 3, 'alive_replicas': 2}"
c8b0068e-a8f3-46d1-9679-3c07382694f5:ALL:ONE:10,RYW,node_failure,A,WRITE,59f9312b-e044-470c-a396-a169bbc470e8,1,,ONE,ALL,node1,False,,15.328,2026-09-16T20:48:20.236977+08:00,"Unavailable: Error from server: code=1000 [Unavailable exception] message=""Cannot achieve consistency level ALL"" info={'consistency': 'ALL', 'required_replicas': 3, 'alive_replicas': 2}"
c8b0068e-a8f3-46d1-9679-3c07382694f5:ALL:ONE:11,RYW,node_failure,A,WRITE,d4141843-46e8-4245-a762-88a27c9dd7a0,1,,ONE,ALL,node1,False,,15.568,2026-09-16T20:48:20.252028+08:00,"Unavailable: Error from server: code=1000 [Unavailable exception] message=""Cannot achieve consistency level ALL"" info={'consistency': 'ALL', 'required_replicas': 3, 'alive_replicas': 2}"
c8b0068e-a8f3-46d1-9679-3c07382694f5:ALL:ONE:12,RYW,node_failure,A,WRITE,8efd0a36-ae7d-4500-a4ff-1a2141939090,1,,ONE,ALL,node1,False,,15.336,2026-09-16T20:48:20.268067+08:00,"Unavailable: Error from server: code=1000 [Unavailable exception] message=""Cannot achieve consistency level ALL"" info={'consistency': 'ALL', 'required_replicas': 3, 'alive_replicas': 2}"
c8b0068e-a8f3-46d1-9679-3c07382694f5:ALL:ONE:13,RYW,node_failure,A,WRITE,d8f0db60-4249-4427-9246-70897d6b8b78,1,,ONE,ALL,node1,False,,15.397,2026-09-16T20:48:20.283095+08:00,"Unavailable: Error from server: code=1000 [Unavailable exception] message=""Cannot achieve consistency level ALL"" info={'consistency': 'ALL', 'required_replicas': 3, 'alive_replicas': 2}"
c8b0068e-a8f3-46d1-9679-3c07382694f5:ALL:ONE:14,RYW,node_failure,A,WRITE,e9e86168-9824-4342-8441-8391612623dd,1,,ONE,ALL,node1,False,,15.713,2026-09-16T20:48:20.298545+08:00,"Unavailable: Error from server: code=1000 [Unavailable exception] message=""Cannot achieve consistency level ALL"" info={'consistency': 'ALL', 'required_replicas': 3, 'alive_replicas': 2}"
c8b0068e-a8f3-46d1-9679-3c07382694f5:ALL:ONE:15,RYW,node_failure,A,WRITE,cf1f07aa-93a8-471b-82c3-f7bc98b7557d,1,,ONE,ALL,node1,False,,16.053,2026-09-16T20:48:20.314204+08:00,"Unavailable: Error from server: code=1000 [Unavailable exception] message=""Cannot achieve consistency level ALL"" info={'consistency': 'ALL', 'required_replicas': 3, 'alive_replicas': 2}"
c8b0068e-a8f3-46d1-9679-3c07382694f5:ALL:ONE:16,RYW,node_failure,A,WRITE,da092eb6-d112-4080-8d65-e088de255539,1,,ONE,ALL,node1,False,,15.201,2026-09-16T20:48:20.330946+08:00,"Unavailable: Error from server: code=1000 [Unavailable exception] message=""Cannot achieve consistency level ALL"" info={'consistency': 'ALL', 'required_replicas': 3, 'alive_replicas': 2}"
c8b0068e-a8f3-46d1-9679-3c07382694f5:ALL:ONE:17,RYW,node_failure,A,WRITE,14a6ae5c-c808-4ad3-a659-8d182e574b88,1,,ONE,ALL,node1,False,,15.801,2026-09-16T20:48:20.345840+08:00,"Unavailable: Error from server: code=1000 [Unavailable exception] message=""Cannot achieve consistency level ALL"" info={'consistency': 'ALL', 'required_replicas': 3, 'alive_replicas': 2}"
c8b0068e-a8f3-46d1-9679-3c07382694f5:ALL:ONE:18,RYW,node_failure,A,WRITE,05736f50-cf38-48c1-ba8b-cd2e04700d83,1,,ONE,ALL,node1,False,,16.463,2026-09-16T20:48:20.361756+08:00,"Unavailable: Error from server: code=1000 [Unavailable exception] message=""Cannot achieve consistency level ALL"" info={'consistency': 'ALL', 'required_replicas': 3, 'alive_replicas': 2}"
c8b0068e-a8f3-46d1-9679-3c07382694f5:ALL:ONE:19,RYW,node_failure,A,WRITE,3ca566bf-2c81-4dd7-8274-3b691d5bb6ee,1,,ONE,ALL,node1,False,,14.402,2026-09-16T20:48:20.378223+08:00,"Unavailable: Error from server: code=1000 [Unavailable exception] message=""Cannot achieve consistency level ALL"" info={'consistency': 'ALL', 'required_replicas': 3, 'alive_replicas': 2}"
c8b0068e-a8f3-46d1-9679-3c07382694f5:ALL:ONE:20,RYW,node_failure,A,WRITE,47d12c7c-ecd4-42b0-ad28-345cd48ff585,1,,ONE,ALL,node1,False,,15.738,2026-09-16T20:48:20.392765+08:00,"Unavailable: Error from server: code=1000 [Unavailable exception] message=""Cannot achieve consistency level ALL"" info={'consistency': 'ALL', 'required_replicas': 3, 'alive_replicas': 2}"
c8b0068e-a8f3-46d1-9679-3c07382694f5:ALL:ONE:21,RYW,node_failure,A,WRITE,d2ee2827-bb47-4e34-aae5-92a738a97b94,1,,ONE,ALL,node1,False,,16.352,2026-09-16T20:48:20.408558+08:00,"Unavailable: Error from server: code=1000 [Unavailable exception] message=""Cannot achieve consistency level ALL"" info={'consistency': 'ALL', 'required_replicas': 3, 'alive_replicas': 2}"
c8b0068e-a8f3-46d1-9679-3c07382694f5:ALL:ONE:22,RYW,node_failure,A,WRITE,a2eaca8a-454c-4cc3-b551-6e8956b98fb8,1,,ONE,ALL,node1,False,,14.956,2026-09-16T20:48:20.425378+08:00,"Unavailable: Error from server: code=1000 [Unavailable exception] message=""Cannot achieve consistency level ALL"" info={'consistency': 'ALL', 'required_replicas': 3, 'alive_replicas': 2}"
c8b0068e-a8f3-46d1-9679-3c07382694f5:ALL:ONE:23,RYW,node_failure,A,WRITE,b2e75ac8-d0d6-4188-a4c8-c7bfd874a095,1,,ONE,ALL,node1,False,,15.426,2026-09-16T20:48:20.439921+08:00,"Unavailable: Error from server: code=1000 [Unavailable exception] message=""Cannot achieve consistency level ALL"" info={'consistency': 'ALL', 'required_replicas': 3, 'alive_replicas': 2}"
c8b0068e-a8f3-46d1-9679-3c07382694f5:ALL:ONE:24,RYW,node_failure,A,WRITE,14b5353e-33ca-4725-b6ca-f625a324799b,1,,ONE,ALL,node1,False,,15.543,2026-09-16T20:48:20.455554+08:00,"Unavailable: Error from server: code=1000 [Unavailable exception] message=""Cannot achieve consistency level ALL"" info={'consistency': 'ALL', 'required_replicas': 3, 'alive_replicas': 2}"
c8b0068e-a8f3-46d1-9679-3c07382694f5:ALL:ONE:25,RYW,node_failure,A,WRITE,9da3cd7c-e3cc-4401-accf-c9c2abe60063,1,,ONE,ALL,node1,False,,15.947,2026-09-16T20:48:20.471150+08:00,"Unavailable: Error from server: code=1000 [Unavailable exception] message=""Cannot achieve consistency level ALL"" info={'consistency': 'ALL', 'required_replicas': 3, 'alive_replicas': 2}"
c8b0068e-a8f3-46d1-9679-3c07382694f5:ALL:ONE:26,RYW,node_failure,A,WRITE,e66f2fda-fe77-4da7-8494-b6d443045cf7,1,,ONE,ALL,node1,False,,15.504,2026-09-16T20:48:20.487268+08:00,"Unavailable: Error from server: code=1000 [Unavailable exception] message=""Cannot achieve consistency level ALL"" info={'consistency': 'ALL', 'required_replicas': 3, 'alive_replicas': 2}"
c8b0068e-a8f3-46d1-9679-3c07382694f5:ALL:ONE:27,RYW,node_failure,A,WRITE,40f9bbe4-0389-4938-9db9-92f510ca1f52,1,,ONE,ALL,node1,False,,16.086,2026-09-16T20:48:20.502883+08:00,"Unavailable: Error from server: code=1000 [Unavailable exception] message=""Cannot achieve consistency level ALL"" info={'consistency': 'ALL', 'required_replicas': 3, 'alive_replicas': 2}"
c8b0068e-a8f3-46d1-9679-3c07382694f5:ALL:ONE:28,RYW,node_failure,A,WRITE,d1b3ad98-5c77-4010-881b-2bfca04d425a,1,,ONE,ALL,node1,False,,15.189,2026-09-16T20:48:20.518993+08:00,"Unavailable: Error from server: code=1000 [Unavailable exception] message=""Cannot achieve consistency level ALL"" info={'consistency': 'ALL', 'required_replicas': 3, 'alive_replicas': 2}"
c8b0068e-a8f3-46d1-9679-3c07382694f5:ALL:ONE:29,RYW,node_failure,A,WRITE,2518492c-6abc-48d6-adf5-5b20dc8516b5,1,,ONE,ALL,node1,False,,15.323,2026-09-16T20:48:20.534343+08:00,"Unavailable: Error from server: code=1000 [Unavailable exception] message=""Cannot achieve consistency level ALL"" info={'consistency': 'ALL', 'required_replicas': 3, 'alive_replicas': 2}"
c8b0068e-a8f3-46d1-9679-3c07382694f5:ALL:ONE:30,RYW,node_failure,A,WRITE,85c8d837-40b9-4c44-8f45-ba0b7482876b,1,,ONE,ALL,node1,False,,15.743,2026-09-16T20:48:20.549737+08:00,"Unavailable: Error from server: code=1000 [Unavailable exception] message=""Cannot achieve consistency level ALL"" info={'consistency': 'ALL', 'required_replicas': 3, 'alive_replicas': 2}"
c8b0068e-a8f3-46d1-9679-3c07382694f5:ALL:ONE:31,RYW,node_failure,A,WRITE,8f3b04b0-f00f-4b9b-8c5a-21206a01a58b,1,,ONE,ALL,node1,False,,15.772,2026-09-16T20:48:20.565538+08:00,"Unavailable: Error from server: code=1000 [Unavailable exception] message=""Cannot achieve consistency level ALL"" info={'consistency': 'ALL', 'required_replicas': 3, 'alive_replicas': 2}"
c8b0068e-a8f3-46d1-9679-3c07382694f5:ALL:ONE:32,RYW,node_failure,A,WRITE,808989a1-0540-4d6e-9264-bf2e0dca2729,1,,ONE,ALL,node1,False,,15.326,2026-09-16T20:48:20.581735+08:00,"Unavailable: Error from server: code=1000 [Unavailable exception] message=""Cannot achieve consistency level ALL"" info={'consistency': 'ALL', 'required_replicas': 3, 'alive_replicas': 2}"
c8b0068e-a8f3-46d1-9679-3c07382694f5:ALL:ONE:33,RYW,node_failure,A,WRITE,6d11234b-0186-4dff-9869-6aa653cbcf80,1,,ONE,ALL,node1,False,,15.478,2026-09-16T20:48:20.596816+08:00,"Unavailable: Error from server: code=1000 [Unavailable exception] message=""Cannot achieve consistency level ALL"" info={'consistency': 'ALL', 'required_replicas': 3, 'alive_replicas': 2}"
c8b0068e-a8f3-46d1-9679-3c07382694f5:ALL:ONE:34,RYW,node_failure,A,WRITE,473ed79e-f8cc-4f0b-9427-f36d6c51ea05,1,,ONE,ALL,node1,False,,15.73,2026-09-16T20:48:20.612298+08:00,"Unavailable: Error from server: code=1000 [Unavailable exception] message=""Cannot achieve consistency level ALL"" info={'consistency': 'ALL', 'required_replicas': 3, 'alive_replicas': 2}"
c8b0068e-a8f3-46d1-9679-3c07382694f5:ALL:ONE:35,RYW,node_failure,A,WRITE,5169179b-d14d-4d61-9b22-5192d1bb4ac1,1,,ONE,ALL,node1,False,,15.125,2026-09-16T20:48:20.628097+08:00,"Unavailable: Error from server: code=1000 [Unavailable exception] message=""Cannot achieve consistency level ALL"" info={'consistency': 'ALL', 'required_replicas': 3, 'alive_replicas': 2}"
c8b0068e-a8f3-46d1-9679-3c07382694f5:ALL:ONE:36,RYW,node_failure,A,WRITE,e28848a0-efbf-4adb-a97c-59036c764745,1,,ONE,ALL,node1,False,,14.826,2026-09-16T20:48:20.643345+08:00,"Unavailable: Error from server: code=1000 [Unavailable exception] message=""Cannot achieve consistency level ALL"" info={'consistency': 'ALL', 'required_replicas': 3, 'alive_replicas': 2}"
c8b0068e-a8f3-46d1-9679-3c07382694f5:ALL:ONE:37,RYW,node_failure,A,WRITE,376fdfb8-d16f-4bfe-9c15-82bdd25ee40f,1,,ONE,ALL,node1,False,,15.597,2026-09-16T20:48:20.658703+08:00,"Unavailable: Error from server: code=1000 [Unavailable exception] message=""Cannot achieve consistency level ALL"" info={'consistency': 'ALL', 'required_replicas': 3, 'alive_replicas': 2}"
c8b0068e-a8f3-46d1-9679-3c07382694f5:ALL:ONE:38,RYW,node_failure,A,WRITE,f2ecd3dd-ccee-454b-8737-d40be7b1e5f4,1,,ONE,ALL,node1,False,,14.757,2026-09-16T20:48:20.673977+08:00,"Unavailable: Error from server: code=1000 [Unavailable exception] message=""Cannot achieve consistency level ALL"" info={'consistency': 'ALL', 'required_replicas': 3, 'alive_replicas': 2}"
c8b0068e-a8f3-46d1-9679-3c07382694f5:ALL:ONE:39,RYW,node_failure,A,WRITE,25a0cbc2-f82d-4e02-9d7d-66890da694b2,1,,ONE,ALL,node1,False,,15.483,2026-09-16T20:48:20.688889+08:00,"Unavailable: Error from server: code=1000 [Unavailable exception] message=""Cannot achieve consistency level ALL"" info={'consistency': 'ALL', 'required_replicas': 3, 'alive_replicas': 2}"
c8b0068e-a8f3-46d1-9679-3c07382694f5:ALL:ONE:40,RYW,node_failure,A,WRITE,6be7f02c-9e14-473a-b495-462d877063fb,1,,ONE,ALL,node1,False,,14.958,2026-09-16T20:48:20.704484+08:00,"Unavailable: Error from server: code=1000 [Unavailable exception] message=""Cannot achieve consistency level ALL"" info={'consistency': 'ALL', 'required_replicas': 3, 'alive_replicas': 2}"
c8b0068e-a8f3-46d1-9679-3c07382694f5:ALL:ONE:41,RYW,node_failure,A,WRITE,e39b9a46-0300-4882-b358-b6efe0ff2a3d,1,,ONE,ALL,node1,False,,15.555,2026-09-16T20:48:20.719577+08:00,"Unavailable: Error from server: code=1000 [Unavailable exception] message=""Cannot achieve consistency level ALL"" info={'consistency': 'ALL', 'required_replicas': 3, 'alive_replicas': 2}"
c8b0068e-a8f3-46d1-9679-3c07382694f5:ALL:ONE:42,RYW,node_failure,A,WRITE,9039b7e1-512e-415a-9653-94ec2e2d8264,1,,ONE,ALL,node1,False,,15.893,2026-09-16T20:48:20.735204+08:00,"Unavailable: Error from server: code=1000 [Unavailable exception] message=""Cannot achieve consistency level ALL"" info={'consistency': 'ALL', 'required_replicas': 3, 'alive_replicas': 2}"
c8b0068e-a8f3-46d1-9679-3c07382694f5:ALL:ONE:43,RYW,node_failure,A,WRITE,f8d5629d-09f6-44fa-8dd9-b9e2bc44a580,1,,ONE,ALL,node1,False,,14.561,2026-09-16T20:48:20.751135+08:00,"Unavailable: Error from server: code=1000 [Unavailable exception] message=""Cannot achieve consistency level ALL"" info={'consistency': 'ALL', 'required_replicas': 3, 'alive_replicas': 2}"
c8b0068e-a8f3-46d1-9679-3c07382694f5:ALL:ONE:44,RYW,node_failure,A,WRITE,dfb89c64-3512-4e33-9697-16609503949a,1,,ONE,ALL,node1,False,,15.324,2026-09-16T20:48:20.765816+08:00,"Unavailable: Error from server: code=1000 [Unavailable exception] message=""Cannot achieve consistency level ALL"" info={'consistency': 'ALL', 'required_replicas': 3, 'alive_replicas': 2}"
c8b0068e-a8f3-46d1-9679-3c07382694f5:ALL:ONE:45,RYW,node_failure,A,WRITE,18655d4b-7f5d-4229-b317-afa804b79ba4,1,,ONE,ALL,node1,False,,15.579,2026-09-16T20:48:20.781181+08:00,"Unavailable: Error from server: code=1000 [Unavailable exception] message=""Cannot achieve consistency level ALL"" info={'consistency': 'ALL', 'required_replicas': 3, 'alive_replicas': 2}"
c8b0068e-a8f3-46d1-9679-3c07382694f5:ALL:ONE:46,RYW,node_failure,A,WRITE,2b292722-a871-4dac-a6aa-fee9dde07710,1,,ONE,ALL,node1,False,,15.824,2026-09-16T20:48:20.796835+08:00,"Unavailable: Error from server: code=1000 [Unavailable exception] message=""Cannot achieve consistency level ALL"" info={'consistency': 'ALL', 'required_replicas': 3, 'alive_replicas': 2}"
c8b0068e-a8f3-46d1-9679-3c07382694f5:ALL:ONE:47,RYW,node_failure,A,WRITE,7b9818df-47a4-4004-84ab-6864cad7590a,1,,ONE,ALL,node1,False,,15.91,2026-09-16T20:48:20.812700+08:00,"Unavailable: Error from server: code=1000 [Unavailable exception] message=""Cannot achieve consistency level ALL"" info={'consistency': 'ALL', 'required_replicas': 3, 'alive_replicas': 2}"
c8b0068e-a8f3-46d1-9679-3c07382694f5:ALL:ONE:48,RYW,node_failure,A,WRITE,644fcbfa-2e30-4ba1-9c04-f779061e5959,1,,ONE,ALL,node1,False,,15.742,2026-09-16T20:48:20.828784+08:00,"Unavailable: Error from server: code=1000 [Unavailable exception] message=""Cannot achieve consistency level ALL"" info={'consistency': 'ALL', 'required_replicas': 3, 'alive_replicas': 2}"
c8b0068e-a8f3-46d1-9679-3c07382694f5:ALL:ONE:49,RYW,node_failure,A,WRITE,2537688f-fd24-417e-8f24-78711762e948,1,,ONE,ALL,node1,False,,15.897,2026-09-16T20:48:20.844601+08:00,"Unavailable: Error from server: code=1000 [Unavailable exception] message=""Cannot achieve consistency level ALL"" info={'consistency': 'ALL', 'required_replicas': 3, 'alive_replicas': 2}"
c8b0068e-a8f3-46d1-9679-3c07382694f5:ALL:ONE:50,RYW,node_failure,A,WRITE,1423a775-2f7c-43c4-b0d0-c4204c73d992,1,,ONE,ALL,node1,False,,15.568,2026-09-16T20:48:20.860534+08:00,"Unavailable: Error from server: code=1000 [Unavailable exception] message=""Cannot achieve consistency level ALL"" info={'consistency': 'ALL', 'required_replicas': 3, 'alive_replicas': 2}"
c8b0068e-a8f3-46d1-9679-3c07382694f5:ALL:ONE:51,RYW,node_failure,A,WRITE,f33a85ee-436b-4973-8a14-adb5c447cd5a,1,,ONE,ALL,node1,False,,15.398,2026-09-16T20:48:20.876132+08:00,"Unavailable: Error from server: code=1000 [Unavailable exception] message=""Cannot achieve consistency level ALL"" info={'consistency': 'ALL', 'required_replicas': 3, 'alive_replicas': 2}"
c8b0068e-a8f3-46d1-9679-3c07382694f5:ALL:ONE:52,RYW,node_failure,A,WRITE,3b200749-9f1b-4616-ab4f-9e68e2626456,1,,ONE,ALL,node1,False,,15.505,2026-09-16T20:48:20.891670+08:00,"Unavailable: Error from server: code=1000 [Unavailable exception] message=""Cannot achieve consistency level ALL"" info={'consistency': 'ALL', 'required_replicas': 3, 'alive_replicas': 2}"
c8b0068e-a8f3-46d1-9679-3c07382694f5:ALL:ONE:53,RYW,node_failure,A,WRITE,e2774571-3b57-4b03-b5cb-ea3ddf1bb04c,1,,ONE,ALL,node1,False,,15.888,2026-09-16T20:48:20.907320+08:00,"Unavailable: Error from server: code=1000 [Unavailable exception] message=""Cannot achieve consistency level ALL"" info={'consistency': 'ALL', 'required_replicas': 3, 'alive_replicas': 2}"
c8b0068e-a8f3-46d1-9679-3c07382694f5:ALL:ONE:54,RYW,node_failure,A,WRITE,3c6a12c7-641c-46af-a803-ae0038fd81f5,1,,ONE,ALL,node1,False,,15.392,2026-09-16T20:48:20.923227+08:00,"Unavailable: Error from server: code=1000 [Unavailable exception] message=""Cannot achieve consistency level ALL"" info={'consistency': 'ALL', 'required_replicas': 3, 'alive_replicas': 2}"
c8b0068e-a8f3-46d1-9679-3c07382694f5:ALL:ONE:55,RYW,node_failure,A,WRITE,630099e6-d31d-49d4-a714-88d1ba111472,1,,ONE,ALL,node1,False,,15.6,2026-09-16T20:48:20.938745+08:00,"Unavailable: Error from server: code=1000 [Unavailable exception] message=""Cannot achieve consistency level ALL"" info={'consistency': 'ALL', 'required_replicas': 3, 'alive_replicas': 2}"
c8b0068e-a8f3-46d1-9679-3c07382694f5:ALL:ONE:56,RYW,node_failure,A,WRITE,e21b7b5f-ac69-422c-9ed8-cdd0e28dbb36,1,,ONE,ALL,node1,False,,25.527,2026-09-16T20:48:20.954844+08:00,"Unavailable: Error from server: code=1000 [Unavailable exception] message=""Cannot achieve consistency level ALL"" info={'consistency': 'ALL', 'required_replicas': 3, 'alive_replicas': 2}"
c8b0068e-a8f3-46d1-9679-3c07382694f5:ALL:ONE:57,RYW,node_failure,A,WRITE,84b6f360-65b6-4306-973c-de2a35aa4db3,1,,ONE,ALL,node1,False,,5.622,2026-09-16T20:48:20.979636+08:00,"Unavailable: Error from server: code=1000 [Unavailable exception] message=""Cannot achieve consistency level ALL"" info={'consistency': 'ALL', 'required_replicas': 3, 'alive_replicas': 2}"
c8b0068e-a8f3-46d1-9679-3c07382694f5:ALL:ONE:58,RYW,node_failure,A,WRITE,7ca885cc-1407-4b6a-a08c-84086f9f7b52,1,,ONE,ALL,node1,False,,15.513,2026-09-16T20:48:20.986154+08:00,"Unavailable: Error from server: code=1000 [Unavailable exception] message=""Cannot achieve consistency level ALL"" info={'consistency': 'ALL', 'required_replicas': 3, 'alive_replicas': 2}"
c8b0068e-a8f3-46d1-9679-3c07382694f5:ALL:ONE:59,RYW,node_failure,A,WRITE,e0ac0c0a-1282-4e39-adc0-2f399bab260a,1,,ONE,ALL,node1,False,,15.068,2026-09-16T20:48:21.001441+08:00,"Unavailable: Error from server: code=1000 [Unavailable exception] message=""Cannot achieve consistency level ALL"" info={'consistency': 'ALL', 'required_replicas': 3, 'alive_replicas': 2}"
c8b0068e-a8f3-46d1-9679-3c07382694f5:ALL:ONE:60,RYW,node_failure,A,WRITE,2220db76-8664-4433-8095-6bea2aa6ff41,1,,ONE,ALL,node1,False,,15.731,2026-09-16T20:48:21.016625+08:00,"Unavailable: Error from server: code=1000 [Unavailable exception] message=""Cannot achieve consistency level ALL"" info={'consistency': 'ALL', 'required_replicas': 3, 'alive_replicas': 2}"
c8b0068e-a8f3-46d1-9679-3c07382694f5:ALL:ONE:61,RYW,node_failure,A,WRITE,012d1ef3-4953-4324-a2a4-601794f778c2,1,,ONE,ALL,node1,False,,15.261,2026-09-16T20:48:21.032450+08:00,"Unavailable: Error from server: code=1000 [Unavailable exception] message=""Cannot achieve consistency level ALL"" info={'consistency': 'ALL', 'required_replicas': 3, 'alive_replicas': 2}"
c8b0068e-a8f3-46d1-9679-3c07382694f5:ALL:ONE:62,RYW,node_failure,A,WRITE,afd74d2f-54cc-4fdc-bc8f-d825ec9af73f,1,,ONE,ALL,node1,False,,15.602,2026-09-16T20:48:21.047845+08:00,"Unavailable: Error from server: code=1000 [Unavailable exception] message=""Cannot achieve consistency level ALL"" info={'consistency': 'ALL', 'required_replicas': 3, 'alive_replicas': 2}"
c8b0068e-a8f3-46d1-9679-3c07382694f5:ALL:ONE:63,RYW,node_failure,A,WRITE,d3738c3d-42b6-4022-a523-0a92667b1372,1,,ONE,ALL,node1,False,,15.274,2026-09-16T20:48:21.063483+08:00,"Unavailable: Error from server: code=1000 [Unavailable exception] message=""Cannot achieve consistency level ALL"" info={'consistency': 'ALL', 'required_replicas': 3, 'alive_replicas': 2}"
c8b0068e-a8f3-46d1-9679-3c07382694f5:ALL:ONE:64,RYW,node_failure,A,WRITE,2fb7cd45-608f-46e1-a82a-cd6cd9f943d6,1,,ONE,ALL,node1,False,,15.579,2026-09-16T20:48:21.078891+08:00,"Unavailable: Error from server: code=1000 [Unavailable exception] message=""Cannot achieve consistency level ALL"" info={'consistency': 'ALL', 'required_replicas': 3, 'alive_replicas': 2}"
c8b0068e-a8f3-46d1-9679-3c07382694f5:ALL:ONE:65,RYW,node_failure,A,WRITE,c01333a1-7bef-46a8-947d-3321e920a8fc,1,,ONE,ALL,node1,False,,15.132,2026-09-16T20:48:21.094528+08:00,"Unavailable: Error from server: code=1000 [Unavailable exception] message=""Cannot achieve consistency level ALL"" info={'consistency': 'ALL', 'required_replicas': 3, 'alive_replicas': 2}"
c8b0068e-a8f3-46d1-9679-3c07382694f5:ALL:ONE:66,RYW,node_failure,A,WRITE,3e804965-d77c-4802-b42e-28301a2397e5,1,,ONE,ALL,node1,False,,15.594,2026-09-16T20:48:21.109686+08:00,"Unavailable: Error from server: code=1000 [Unavailable exception] message=""Cannot achieve consistency level ALL"" info={'consistency': 'ALL', 'required_replicas': 3, 'alive_replicas': 2}"
c8b0068e-a8f3-46d1-9679-3c07382694f5:ALL:ONE:67,RYW,node_failure,A,WRITE,c6504ca7-3421-4b0d-a3ce-011b65a6bfc5,1,,ONE,ALL,node1,False,,15.659,2026-09-16T20:48:21.125403+08:00,"Unavailable: Error from server: code=1000 [Unavailable exception] message=""Cannot achieve consistency level ALL"" info={'consistency': 'ALL', 'required_replicas': 3, 'alive_replicas': 2}"
c8b0068e-a8f3-46d1-9679-3c07382694f5:ALL:ONE:68,RYW,node_failure,A,WRITE,6ea2b3f1-390d-4fde-9bf6-cac9a3891eba,1,,ONE,ALL,node1,False,,15.5,2026-09-16T20:48:21.141201+08:00,"Unavailable: Error from server: code=1000 [Unavailable exception] message=""Cannot achieve consistency level ALL"" info={'consistency': 'ALL', 'required_replicas': 3, 'alive_replicas': 2}"
c8b0068e-a8f3-46d1-9679-3c07382694f5:ALL:ONE:69,RYW,node_failure,A,WRITE,9b26c9f2-655e-4314-8641-9f9cf7561364,1,,ONE,ALL,node1,False,,16.712,2026-09-16T20:48:21.156752+08:00,"Unavailable: Error from server: code=1000 [Unavailable exception] message=""Cannot achieve consistency level ALL"" info={'consistency': 'ALL', 'required_replicas': 3, 'alive_replicas': 2}"
c8b0068e-a8f3-46d1-9679-3c07382694f5:ALL:ONE:70,RYW,node_failure,A,WRITE,fa3b315d-cfdd-43fa-8144-e07b91d06c6b,1,,ONE,ALL,node1,False,,15.464,2026-09-16T20:48:21.173505+08:00,"Unavailable: Error from server: code=1000 [Unavailable exception] message=""Cannot achieve consistency level ALL"" info={'consistency': 'ALL', 'required_replicas': 3, 'alive_replicas': 2}"
c8b0068e-a8f3-46d1-9679-3c07382694f5:ALL:ONE:71,RYW,node_failure,A,WRITE,11cf4714-ff3c-4240-8998-c2a59f076125,1,,ONE,ALL,node1,False,,15.698,2026-09-16T20:48:21.189435+08:00,"Unavailable: Error from server: code=1000 [Unavailable exception] message=""Cannot achieve consistency level ALL"" info={'consistency': 'ALL', 'required_replicas': 3, 'alive_replicas': 2}"
c8b0068e-a8f3-46d1-9679-3c07382694f5:ALL:ONE:72,RYW,node_failure,A,WRITE,e0b4ba58-140c-4f1b-8f0b-51e822ad36a8,1,,ONE,ALL,node1,False,,15.049,2026-09-16T20:48:21.204852+08:00,"Unavailable: Error from server: code=1000 [Unavailable exception] message=""Cannot achieve consistency level ALL"" info={'consistency': 'ALL', 'required_replicas': 3, 'alive_replicas': 2}"
c8b0068e-a8f3-46d1-9679-3c07382694f5:ALL:ONE:73,RYW,node_failure,A,WRITE,2bfe4026-43dd-466c-af39-a1dddf3c991d,1,,ONE,ALL,node1,False,,14.554,2026-09-16T20:48:21.220042+08:00,"Unavailable: Error from server: code=1000 [Unavailable exception] message=""Cannot achieve consistency level ALL"" info={'consistency': 'ALL', 'required_replicas': 3, 'alive_replicas': 2}"
c8b0068e-a8f3-46d1-9679-3c07382694f5:ALL:ONE:74,RYW,node_failure,A,WRITE,9f35c494-1d39-4571-bf23-0875186bffa8,1,,ONE,ALL,node1,False,,15.64,2026-09-16T20:48:21.234680+08:00,"Unavailable: Error from server: code=1000 [Unavailable exception] message=""Cannot achieve consistency level ALL"" info={'consistency': 'ALL', 'required_replicas': 3, 'alive_replicas': 2}"
c8b0068e-a8f3-46d1-9679-3c07382694f5:ALL:ONE:75,RYW,node_failure,A,WRITE,cc246410-c840-411d-aba4-a9b2eef10d33,1,,ONE,ALL,node1,False,,15.718,2026-09-16T20:48:21.250393+08:00,"Unavailable: Error from server: code=1000 [Unavailable exception] message=""Cannot achieve consistency level ALL"" info={'consistency': 'ALL', 'required_replicas': 3, 'alive_replicas': 2}"
c8b0068e-a8f3-46d1-9679-3c07382694f5:ALL:ONE:76,RYW,node_failure,A,WRITE,5a398fd6-0480-4433-82e0-97ad70daf1f6,1,,ONE,ALL,node1,False,,15.557,2026-09-16T20:48:21.266200+08:00,"Unavailable: Error from server: code=1000 [Unavailable exception] message=""Cannot achieve consistency level ALL"" info={'consistency': 'ALL', 'required_replicas': 3, 'alive_replicas': 2}"
c8b0068e-a8f3-46d1-9679-3c07382694f5:ALL:ONE:77,RYW,node_failure,A,WRITE,c6b142e2-c83b-492c-93c5-260d5aa88937,1,,ONE,ALL,node1,False,,15.641,2026-09-16T20:48:21.281815+08:00,"Unavailable: Error from server: code=1000 [Unavailable exception] message=""Cannot achieve consistency level ALL"" info={'consistency': 'ALL', 'required_replicas': 3, 'alive_replicas': 2}"
c8b0068e-a8f3-46d1-9679-3c07382694f5:ALL:ONE:78,RYW,node_failure,A,WRITE,9997f25b-e6d4-4b1f-9c70-4bf8c8f7319c,1,,ONE,ALL,node1,False,,15.655,2026-09-16T20:48:21.297568+08:00,"Unavailable: Error from server: code=1000 [Unavailable exception] message=""Cannot achieve consistency level ALL"" info={'consistency': 'ALL', 'required_replicas': 3, 'alive_replicas': 2}"
c8b0068e-a8f3-46d1-9679-3c07382694f5:ALL:ONE:79,RYW,node_failure,A,WRITE,f541e529-17b9-4733-952f-34bb3793c58d,1,,ONE,ALL,node1,False,,15.478,2026-09-16T20:48:21.313276+08:00,"Unavailable: Error from server: code=1000 [Unavailable exception] message=""Cannot achieve consistency level ALL"" info={'consistency': 'ALL', 'required_replicas': 3, 'alive_replicas': 2}"
c8b0068e-a8f3-46d1-9679-3c07382694f5:ALL:ONE:80,RYW,node_failure,A,WRITE,f23f367f-f0c0-465e-80b2-f4aa0e364a83,1,,ONE,ALL,node1,False,,14.953,2026-09-16T20:48:21.328867+08:00,"Unavailable: Error from server: code=1000 [Unavailable exception] message=""Cannot achieve consistency level ALL"" info={'consistency': 'ALL', 'required_replicas': 3, 'alive_replicas': 2}"
c8b0068e-a8f3-46d1-9679-3c07382694f5:ALL:ONE:81,RYW,node_failure,A,WRITE,91e94f7a-7297-433f-be4e-8e4c482ae5bb,1,,ONE,ALL,node1,False,,15.542,2026-09-16T20:48:21.343897+08:00,"Unavailable: Error from server: code=1000 [Unavailable exception] message=""Cannot achieve consistency level ALL"" info={'consistency': 'ALL', 'required_replicas': 3, 'alive_replicas': 2}"
c8b0068e-a8f3-46d1-9679-3c07382694f5:ALL:ONE:82,RYW,node_failure,A,WRITE,a8f1c644-b48c-4eee-a2b9-4824772aa669,1,,ONE,ALL,node1,False,,16.094,2026-09-16T20:48:21.359482+08:00,"Unavailable: Error from server: code=1000 [Unavailable exception] message=""Cannot achieve consistency level ALL"" info={'consistency': 'ALL', 'required_replicas': 3, 'alive_replicas': 2}"
c8b0068e-a8f3-46d1-9679-3c07382694f5:ALL:ONE:83,RYW,node_failure,A,WRITE,86031897-a0e7-4e89-b95b-9d5090f38842,1,,ONE,ALL,node1,False,,15.238,2026-09-16T20:48:21.375649+08:00,"Unavailable: Error from server: code=1000 [Unavailable exception] message=""Cannot achieve consistency level ALL"" info={'consistency': 'ALL', 'required_replicas': 3, 'alive_replicas': 2}"
c8b0068e-a8f3-46d1-9679-3c07382694f5:ALL:ONE:84,RYW,node_failure,A,WRITE,ba8d9320-3739-4fec-b433-9aa9d3c3aaa7,1,,ONE,ALL,node1,False,,15.34,2026-09-16T20:48:21.391026+08:00,"Unavailable: Error from server: code=1000 [Unavailable exception] message=""Cannot achieve consistency level ALL"" info={'consistency': 'ALL', 'required_replicas': 3, 'alive_replicas': 2}"
c8b0068e-a8f3-46d1-9679-3c07382694f5:ALL:ONE:85,RYW,node_failure,A,WRITE,af3f0c93-75cf-4524-8cd7-608ae5cba9ad,1,,ONE,ALL,node1,False,,15.47,2026-09-16T20:48:21.406468+08:00,"Unavailable: Error from server: code=1000 [Unavailable exception] message=""Cannot achieve consistency level ALL"" info={'consistency': 'ALL', 'required_replicas': 3, 'alive_replicas': 2}"
c8b0068e-a8f3-46d1-9679-3c07382694f5:ALL:ONE:86,RYW,node_failure,A,WRITE,8fc9438e-f50a-4c7a-b179-25bbcc471580,1,,ONE,ALL,node1,False,,15.5,2026-09-16T20:48:21.422020+08:00,"Unavailable: Error from server: code=1000 [Unavailable exception] message=""Cannot achieve consistency level ALL"" info={'consistency': 'ALL', 'required_replicas': 3, 'alive_replicas': 2}"
c8b0068e-a8f3-46d1-9679-3c07382694f5:ALL:ONE:87,RYW,node_failure,A,WRITE,9eff935c-e9ba-453e-b3de-34aa9648bc73,1,,ONE,ALL,node1,False,,15.544,2026-09-16T20:48:21.437567+08:00,"Unavailable: Error from server: code=1000 [Unavailable exception] message=""Cannot achieve consistency level ALL"" info={'consistency': 'ALL', 'required_replicas': 3, 'alive_replicas': 2}"
c8b0068e-a8f3-46d1-9679-3c07382694f5:ALL:ONE:88,RYW,node_failure,A,WRITE,54a8bb58-d3ea-4e19-aa06-bc1655f4bda6,1,,ONE,ALL,node1,False,,15.933,2026-09-16T20:48:21.453150+08:00,"Unavailable: Error from server: code=1000 [Unavailable exception] message=""Cannot achieve consistency level ALL"" info={'consistency': 'ALL', 'required_replicas': 3, 'alive_replicas': 2}"
c8b0068e-a8f3-46d1-9679-3c07382694f5:ALL:ONE:89,RYW,node_failure,A,WRITE,756eab60-1049-487b-a08d-5ad2f9e33066,1,,ONE,ALL,node1,False,,15.794,2026-09-16T20:48:21.469193+08:00,"Unavailable: Error from server: code=1000 [Unavailable exception] message=""Cannot achieve consistency level ALL"" info={'consistency': 'ALL', 'required_replicas': 3, 'alive_replicas': 2}"
c8b0068e-a8f3-46d1-9679-3c07382694f5:ALL:ONE:90,RYW,node_failure,A,WRITE,6996dd2c-ca32-488b-b1bb-194509dc10de,1,,ONE,ALL,node1,False,,15.716,2026-09-16T20:48:21.485070+08:00,"Unavailable: Error from server: code=1000 [Unavailable exception] message=""Cannot achieve consistency level ALL"" info={'consistency': 'ALL', 'required_replicas': 3, 'alive_replicas': 2}"
c8b0068e-a8f3-46d1-9679-3c07382694f5:ALL:ONE:91,RYW,node_failure,A,WRITE,0524e3c5-5c71-48ae-91fb-0fdd27bc4935,1,,ONE,ALL,node1,False,,15.075,2026-09-16T20:48:21.500898+08:00,"Unavailable: Error from server: code=1000 [Unavailable exception] message=""Cannot achieve consistency level ALL"" info={'consistency': 'ALL', 'required_replicas': 3, 'alive_replicas': 2}"
c8b0068e-a8f3-46d1-9679-3c07382694f5:ALL:ONE:92,RYW,node_failure,A,WRITE,108584b9-7080-47f5-b3b9-81f4a595d66e,1,,ONE,ALL,node1,False,,15.203,2026-09-16T20:48:21.516011+08:00,"Unavailable: Error from server: code=1000 [Unavailable exception] message=""Cannot achieve consistency level ALL"" info={'consistency': 'ALL', 'required_replicas': 3, 'alive_replicas': 2}"
c8b0068e-a8f3-46d1-9679-3c07382694f5:ALL:ONE:93,RYW,node_failure,A,WRITE,a4a5c090-bd5a-461d-b6a9-b7b68a2f4dd7,1,,ONE,ALL,node1,False,,15.518,2026-09-16T20:48:21.531300+08:00,"Unavailable: Error from server: code=1000 [Unavailable exception] message=""Cannot achieve consistency level ALL"" info={'consistency': 'ALL', 'required_replicas': 3, 'alive_replicas': 2}"
c8b0068e-a8f3-46d1-9679-3c07382694f5:ALL:ONE:94,RYW,node_failure,A,WRITE,609215c6-0296-47d5-a4f5-3943aad2cf14,1,,ONE,ALL,node1,False,,15.126,2026-09-16T20:48:21.546990+08:00,"Unavailable: Error from server: code=1000 [Unavailable exception] message=""Cannot achieve consistency level ALL"" info={'consistency': 'ALL', 'required_replicas': 3, 'alive_replicas': 2}"
c8b0068e-a8f3-46d1-9679-3c07382694f5:ALL:ONE:95,RYW,node_failure,A,WRITE,30dd3279-577b-4cbf-825f-be2cfd31c9e9,1,,ONE,ALL,node1,False,,15.059,2026-09-16T20:48:21.562185+08:00,"Unavailable: Error from server: code=1000 [Unavailable exception] message=""Cannot achieve consistency level ALL"" info={'consistency': 'ALL', 'required_replicas': 3, 'alive_replicas': 2}"
c8b0068e-a8f3-46d1-9679-3c07382694f5:ALL:ONE:96,RYW,node_failure,A,WRITE,5e486a91-8fdf-4185-b2d4-7eff45964197,1,,ONE,ALL,node1,False,,15.513,2026-09-16T20:48:21.577332+08:00,"Unavailable: Error from server: code=1000 [Unavailable exception] message=""Cannot achieve consistency level ALL"" info={'consistency': 'ALL', 'required_replicas': 3, 'alive_replicas': 2}"
c8b0068e-a8f3-46d1-9679-3c07382694f5:ALL:ONE:97,RYW,node_failure,A,WRITE,c5954526-7ecf-455e-8012-3b4dfb8a75a8,1,,ONE,ALL,node1,False,,15.324,2026-09-16T20:48:21.592959+08:00,"Unavailable: Error from server: code=1000 [Unavailable exception] message=""Cannot achieve consistency level ALL"" info={'consistency': 'ALL', 'required_replicas': 3, 'alive_replicas': 2}"
c8b0068e-a8f3-46d1-9679-3c07382694f5:ALL:ONE:98,RYW,node_failure,A,WRITE,8f64aec1-d488-4517-8b1e-82295e07c5f0,1,,ONE,ALL,node1,False,,15.429,2026-09-16T20:48:21.608364+08:00,"Unavailable: Error from server: code=1000 [Unavailable exception] message=""Cannot achieve consistency level ALL"" info={'consistency': 'ALL', 'required_replicas': 3, 'alive_replicas': 2}"
c8b0068e-a8f3-46d1-9679-3c07382694f5:ALL:ONE:99,RYW,node_failure,A,WRITE,5a92f0b0-7a15-46a1-b685-6bc224dc03e1,1,,ONE,ALL,node1,False,,15.338,2026-09-16T20:48:21.623861+08:00,"Unavailable: Error from server: code=1000 [Unavailable exception] message=""Cannot achieve consistency level ALL"" info={'consistency': 'ALL', 'required_replicas': 3, 'alive_replicas': 2}"
c8b0068e-a8f3-46d1-9679-3c07382694f5:ALL:ONE:100,RYW,node_failure,A,WRITE,8c1217d4-395d-4af7-84cc-726b45919a80,1,,ONE,ALL,node1,False,,15.711,2026-09-16T20:48:21.639253+08:00,"Unavailable: Error from server: code=1000 [Unavailable exception] message=""Cannot achieve consistency level ALL"" info={'consistency': 'ALL', 'required_replicas': 3, 'alive_replicas': 2}"
c8b0068e-a8f3-46d1-9679-3c07382694f5:ONE:ALL:1,RYW,node_failure,A,WRITE,456bb020-5504-4271-87ab-c631bca49a4b,1,,ALL,ONE,node1,True,,5.458,2026-09-16T20:48:21.665325+08:00,
c8b0068e-a8f3-46d1-9679-3c07382694f5:ONE:ALL:1,RYW,node_failure,A,READ,456bb020-5504-4271-87ab-c631bca49a4b,1,,ALL,ONE,node2,False,,23.534,2026-09-16T20:48:21.670874+08:00,"Unavailable: Error from server: code=1000 [Unavailable exception] message=""Cannot achieve consistency level ALL"" info={'consistency': 'ALL', 'required_replicas': 3, 'alive_replicas': 2}"
c8b0068e-a8f3-46d1-9679-3c07382694f5:ONE:ALL:2,RYW,node_failure,A,WRITE,d117e286-9547-4561-8b1c-09a74bedfef0,1,,ALL,ONE,node1,True,,7.636,2026-09-16T20:48:21.694873+08:00,
c8b0068e-a8f3-46d1-9679-3c07382694f5:ONE:ALL:2,RYW,node_failure,A,READ,d117e286-9547-4561-8b1c-09a74bedfef0,1,,ALL,ONE,node2,False,,15.671,2026-09-16T20:48:21.702314+08:00,"Unavailable: Error from server: code=1000 [Unavailable exception] message=""Cannot achieve consistency level ALL"" info={'consistency': 'ALL', 'required_replicas': 3, 'alive_replicas': 2}"
c8b0068e-a8f3-46d1-9679-3c07382694f5:ONE:ALL:3,RYW,node_failure,A,WRITE,18b13b80-e1da-4bdf-b39f-caf1dc1480eb,1,,ALL,ONE,node1,True,,15.467,2026-09-16T20:48:21.718370+08:00,
c8b0068e-a8f3-46d1-9679-3c07382694f5:ONE:ALL:3,RYW,node_failure,A,READ,18b13b80-e1da-4bdf-b39f-caf1dc1480eb,1,,ALL,ONE,node2,False,,15.235,2026-09-16T20:48:21.733460+08:00,"Unavailable: Error from server: code=1000 [Unavailable exception] message=""Cannot achieve consistency level ALL"" info={'consistency': 'ALL', 'required_replicas': 3, 'alive_replicas': 2}"
c8b0068e-a8f3-46d1-9679-3c07382694f5:ONE:ALL:4,RYW,node_failure,A,WRITE,2f4b492e-8226-430f-8327-08e439816d86,1,,ALL,ONE,node1,True,,15.797,2026-09-16T20:48:21.749314+08:00,
c8b0068e-a8f3-46d1-9679-3c07382694f5:ONE:ALL:4,RYW,node_failure,A,READ,2f4b492e-8226-430f-8327-08e439816d86,1,,ALL,ONE,node2,False,,15.777,2026-09-16T20:48:21.764759+08:00,"Unavailable: Error from server: code=1000 [Unavailable exception] message=""Cannot achieve consistency level ALL"" info={'consistency': 'ALL', 'required_replicas': 3, 'alive_replicas': 2}"
c8b0068e-a8f3-46d1-9679-3c07382694f5:ONE:ALL:5,RYW,node_failure,A,WRITE,6d38d6d4-040e-4bb4-bb36-2f0c326df9f6,1,,ALL,ONE,node1,True,,15.738,2026-09-16T20:48:21.780608+08:00,
c8b0068e-a8f3-46d1-9679-3c07382694f5:ONE:ALL:5,RYW,node_failure,A,READ,6d38d6d4-040e-4bb4-bb36-2f0c326df9f6,1,,ALL,ONE,node2,False,,15.664,2026-09-16T20:48:21.796412+08:00,"Unavailable: Error from server: code=1000 [Unavailable exception] message=""Cannot achieve consistency level ALL"" info={'consistency': 'ALL', 'required_replicas': 3, 'alive_replicas': 2}"
c8b0068e-a8f3-46d1-9679-3c07382694f5:ONE:ALL:6,RYW,node_failure,A,WRITE,af0e6b03-72e9-440d-afe3-399d7ebe1c33,1,,ALL,ONE,node1,True,,15.159,2026-09-16T20:48:21.812653+08:00,
c8b0068e-a8f3-46d1-9679-3c07382694f5:ONE:ALL:6,RYW,node_failure,A,READ,af0e6b03-72e9-440d-afe3-399d7ebe1c33,1,,ALL,ONE,node2,False,,16.282,2026-09-16T20:48:21.827910+08:00,"Unavailable: Error from server: code=1000 [Unavailable exception] message=""Cannot achieve consistency level ALL"" info={'consistency': 'ALL', 'required_replicas': 3, 'alive_replicas': 2}"
c8b0068e-a8f3-46d1-9679-3c07382694f5:ONE:ALL:7,RYW,node_failure,A,WRITE,185a3d53-0922-4f52-ba3f-a891505c013e,1,,ALL,ONE,node1,True,,15.08,2026-09-16T20:48:21.844190+08:00,
c8b0068e-a8f3-46d1-9679-3c07382694f5:ONE:ALL:7,RYW,node_failure,A,READ,185a3d53-0922-4f52-ba3f-a891505c013e,1,,ALL,ONE,node2,False,,15.105,2026-09-16T20:48:21.859459+08:00,"Unavailable: Error from server: code=1000 [Unavailable exception] message=""Cannot achieve consistency level ALL"" info={'consistency': 'ALL', 'required_replicas': 3, 'alive_replicas': 2}"
c8b0068e-a8f3-46d1-9679-3c07382694f5:ONE:ALL:8,RYW,node_failure,A,WRITE,75229e35-aeeb-4304-9f84-687d6c4afcda,1,,ALL,ONE,node1,True,,15.242,2026-09-16T20:48:21.874632+08:00,
c8b0068e-a8f3-46d1-9679-3c07382694f5:ONE:ALL:8,RYW,node_failure,A,READ,75229e35-aeeb-4304-9f84-687d6c4afcda,1,,ALL,ONE,node2,False,,15.784,2026-09-16T20:48:21.889639+08:00,"Unavailable: Error from server: code=1000 [Unavailable exception] message=""Cannot achieve consistency level ALL"" info={'consistency': 'ALL', 'required_replicas': 3, 'alive_replicas': 2}"
c8b0068e-a8f3-46d1-9679-3c07382694f5:ONE:ALL:9,RYW,node_failure,A,WRITE,c581ed35-3ee2-4ee7-be95-d04c6aae59af,1,,ALL,ONE,node1,True,,15.963,2026-09-16T20:48:21.906014+08:00,
c8b0068e-a8f3-46d1-9679-3c07382694f5:ONE:ALL:9,RYW,node_failure,A,READ,c581ed35-3ee2-4ee7-be95-d04c6aae59af,1,,ALL,ONE,node2,False,,15.979,2026-09-16T20:48:21.921529+08:00,"Unavailable: Error from server: code=1000 [Unavailable exception] message=""Cannot achieve consistency level ALL"" info={'consistency': 'ALL', 'required_replicas': 3, 'alive_replicas': 2}"
c8b0068e-a8f3-46d1-9679-3c07382694f5:ONE:ALL:10,RYW,node_failure,A,WRITE,3c5a2417-8870-4b1c-92db-b1276e0f68d0,1,,ALL,ONE,node1,True,,14.678,2026-09-16T20:48:21.938152+08:00,
c8b0068e-a8f3-46d1-9679-3c07382694f5:ONE:ALL:10,RYW,node_failure,A,READ,3c5a2417-8870-4b1c-92db-b1276e0f68d0,1,,ALL,ONE,node2,False,,15.753,2026-09-16T20:48:21.952535+08:00,"Unavailable: Error from server: code=1000 [Unavailable exception] message=""Cannot achieve consistency level ALL"" info={'consistency': 'ALL', 'required_replicas': 3, 'alive_replicas': 2}"
c8b0068e-a8f3-46d1-9679-3c07382694f5:ONE:ALL:11,RYW,node_failure,A,WRITE,c4d8dc26-5e45-40ef-951f-d42f0f726b61,1,,ALL,ONE,node1,True,,16.317,2026-09-16T20:48:21.968359+08:00,
c8b0068e-a8f3-46d1-9679-3c07382694f5:ONE:ALL:11,RYW,node_failure,A,READ,c4d8dc26-5e45-40ef-951f-d42f0f726b61,1,,ALL,ONE,node2,False,,14.7,2026-09-16T20:48:21.984446+08:00,"Unavailable: Error from server: code=1000 [Unavailable exception] message=""Cannot achieve consistency level ALL"" info={'consistency': 'ALL', 'required_replicas': 3, 'alive_replicas': 2}"
c8b0068e-a8f3-46d1-9679-3c07382694f5:ONE:ALL:12,RYW,node_failure,A,WRITE,1e495963-58ed-49a8-8a91-e955af016daa,1,,ALL,ONE,node1,True,,15.677,2026-09-16T20:48:21.999991+08:00,
c8b0068e-a8f3-46d1-9679-3c07382694f5:ONE:ALL:12,RYW,node_failure,A,READ,1e495963-58ed-49a8-8a91-e955af016daa,1,,ALL,ONE,node2,False,,15.849,2026-09-16T20:48:22.015375+08:00,"Unavailable: Error from server: code=1000 [Unavailable exception] message=""Cannot achieve consistency level ALL"" info={'consistency': 'ALL', 'required_replicas': 3, 'alive_replicas': 2}"
c8b0068e-a8f3-46d1-9679-3c07382694f5:ONE:ALL:13,RYW,node_failure,A,WRITE,27fe544c-fb40-498b-895e-96eda540f435,1,,ALL,ONE,node1,True,,15.252,2026-09-16T20:48:22.031735+08:00,
c8b0068e-a8f3-46d1-9679-3c07382694f5:ONE:ALL:13,RYW,node_failure,A,READ,27fe544c-fb40-498b-895e-96eda540f435,1,,ALL,ONE,node2,False,,15.981,2026-09-16T20:48:22.046566+08:00,"Unavailable: Error from server: code=1000 [Unavailable exception] message=""Cannot achieve consistency level ALL"" info={'consistency': 'ALL', 'required_replicas': 3, 'alive_replicas': 2}"
c8b0068e-a8f3-46d1-9679-3c07382694f5:ONE:ALL:14,RYW,node_failure,A,WRITE,a85aab08-d266-4790-a091-15c2bdb48153,1,,ALL,ONE,node1,True,,15.545,2026-09-16T20:48:22.063189+08:00,
c8b0068e-a8f3-46d1-9679-3c07382694f5:ONE:ALL:14,RYW,node_failure,A,READ,a85aab08-d266-4790-a091-15c2bdb48153,1,,ALL,ONE,node2,False,,15.574,2026-09-16T20:48:22.078807+08:00,"Unavailable: Error from server: code=1000 [Unavailable exception] message=""Cannot achieve consistency level ALL"" info={'consistency': 'ALL', 'required_replicas': 3, 'alive_replicas': 2}"
c8b0068e-a8f3-46d1-9679-3c07382694f5:ONE:ALL:15,RYW,node_failure,A,WRITE,1e804862-703d-47e6-a86f-eda9e9b55bca,1,,ALL,ONE,node1,True,,15.647,2026-09-16T20:48:22.094569+08:00,
c8b0068e-a8f3-46d1-9679-3c07382694f5:ONE:ALL:15,RYW,node_failure,A,READ,1e804862-703d-47e6-a86f-eda9e9b55bca,1,,ALL,ONE,node2,False,,15.77,2026-09-16T20:48:22.109874+08:00,"Unavailable: Error from server: code=1000 [Unavailable exception] message=""Cannot achieve consistency level ALL"" info={'consistency': 'ALL', 'required_replicas': 3, 'alive_replicas': 2}"
c8b0068e-a8f3-46d1-9679-3c07382694f5:ONE:ALL:16,RYW,node_failure,A,WRITE,6cf78ac1-bd6a-4a56-85b8-ffd2e384d9d4,1,,ALL,ONE,node1,True,,14.752,2026-09-16T20:48:22.126195+08:00,
c8b0068e-a8f3-46d1-9679-3c07382694f5:ONE:ALL:16,RYW,node_failure,A,READ,6cf78ac1-bd6a-4a56-85b8-ffd2e384d9d4,1,,ALL,ONE,node2,False,,14.857,2026-09-16T20:48:22.140605+08:00,"Unavailable: Error from server: code=1000 [Unavailable exception] message=""Cannot achieve consistency level ALL"" info={'consistency': 'ALL', 'required_replicas': 3, 'alive_replicas': 2}"
c8b0068e-a8f3-46d1-9679-3c07382694f5:ONE:ALL:17,RYW,node_failure,A,WRITE,4bb82f3d-68d0-4b31-abf5-d8277b808688,1,,ALL,ONE,node1,True,,16.023,2026-09-16T20:48:22.156018+08:00,
c8b0068e-a8f3-46d1-9679-3c07382694f5:ONE:ALL:17,RYW,node_failure,A,READ,4bb82f3d-68d0-4b31-abf5-d8277b808688,1,,ALL,ONE,node2,False,,14.491,2026-09-16T20:48:22.171666+08:00,"Unavailable: Error from server: code=1000 [Unavailable exception] message=""Cannot achieve consistency level ALL"" info={'consistency': 'ALL', 'required_replicas': 3, 'alive_replicas': 2}"
c8b0068e-a8f3-46d1-9679-3c07382694f5:ONE:ALL:18,RYW,node_failure,A,WRITE,f0e600bd-db07-42fc-935e-5aa7d91f3ba0,1,,ALL,ONE,node1,True,,16.552,2026-09-16T20:48:22.186788+08:00,
c8b0068e-a8f3-46d1-9679-3c07382694f5:ONE:ALL:18,RYW,node_failure,A,READ,f0e600bd-db07-42fc-935e-5aa7d91f3ba0,1,,ALL,ONE,node2,False,,15.547,2026-09-16T20:48:22.203474+08:00,"Unavailable: Error from server: code=1000 [Unavailable exception] message=""Cannot achieve consistency level ALL"" info={'consistency': 'ALL', 'required_replicas': 3, 'alive_replicas': 2}"
c8b0068e-a8f3-46d1-9679-3c07382694f5:ONE:ALL:19,RYW,node_failure,A,WRITE,a31f2756-9167-4e0f-93e7-66b72f3a731b,1,,ALL,ONE,node1,True,,15.042,2026-09-16T20:48:22.218690+08:00,
c8b0068e-a8f3-46d1-9679-3c07382694f5:ONE:ALL:19,RYW,node_failure,A,READ,a31f2756-9167-4e0f-93e7-66b72f3a731b,1,,ALL,ONE,node2,False,,15.925,2026-09-16T20:48:22.234310+08:00,"Unavailable: Error from server: code=1000 [Unavailable exception] message=""Cannot achieve consistency level ALL"" info={'consistency': 'ALL', 'required_replicas': 3, 'alive_replicas': 2}"
c8b0068e-a8f3-46d1-9679-3c07382694f5:ONE:ALL:20,RYW,node_failure,A,WRITE,ced2afbd-64a8-4a29-a5cf-6551cf595466,1,,ALL,ONE,node1,True,,15.778,2026-09-16T20:48:22.248757+08:00,
c8b0068e-a8f3-46d1-9679-3c07382694f5:ONE:ALL:20,RYW,node_failure,A,READ,ced2afbd-64a8-4a29-a5cf-6551cf595466,1,,ALL,ONE,node2,False,,15.645,2026-09-16T20:48:22.266134+08:00,"Unavailable: Error from server: code=1000 [Unavailable exception] message=""Cannot achieve consistency level ALL"" info={'consistency': 'ALL', 'required_replicas': 3, 'alive_replicas': 2}"
c8b0068e-a8f3-46d1-9679-3c07382694f5:ONE:ALL:21,RYW,node_failure,A,WRITE,3e0bbe7e-3317-455a-800e-bd6818802889,1,,ALL,ONE,node1,True,,15.715,2026-09-16T20:48:22.281920+08:00,
c8b0068e-a8f3-46d1-9679-3c07382694f5:ONE:ALL:21,RYW,node_failure,A,READ,3e0bbe7e-3317-455a-800e-bd6818802889,1,,ALL,ONE,node2,False,,15.967,2026-09-16T20:48:22.297317+08:00,"Unavailable: Error from server: code=1000 [Unavailable exception] message=""Cannot achieve consistency level ALL"" info={'consistency': 'ALL', 'required_replicas': 3, 'alive_replicas': 2}"
c8b0068e-a8f3-46d1-9679-3c07382694f5:ONE:ALL:22,RYW,node_failure,A,WRITE,6d24744b-522a-4c58-a0bc-9b9f44b8df0d,1,,ALL,ONE,node1,True,,15.732,2026-09-16T20:48:22.313870+08:00,
c8b0068e-a8f3-46d1-9679-3c07382694f5:ONE:ALL:22,RYW,node_failure,A,READ,6d24744b-522a-4c58-a0bc-9b9f44b8df0d,1,,ALL,ONE,node2,False,,15.729,2026-09-16T20:48:22.329710+08:00,"Unavailable: Error from server: code=1000 [Unavailable exception] message=""Cannot achieve consistency level ALL"" info={'consistency': 'ALL', 'required_replicas': 3, 'alive_replicas': 2}"
c8b0068e-a8f3-46d1-9679-3c07382694f5:ONE:ALL:23,RYW,node_failure,A,WRITE,99c49070-6874-4b14-b74c-9076599d7157,1,,ALL,ONE,node1,True,,15.045,2026-09-16T20:48:22.345485+08:00,
c8b0068e-a8f3-46d1-9679-3c07382694f5:ONE:ALL:23,RYW,node_failure,A,READ,99c49070-6874-4b14-b74c-9076599d7157,1,,ALL,ONE,node2,False,,16.349,2026-09-16T20:48:22.360264+08:00,"Unavailable: Error from server: code=1000 [Unavailable exception] message=""Cannot achieve consistency level ALL"" info={'consistency': 'ALL', 'required_replicas': 3, 'alive_replicas': 2}"
c8b0068e-a8f3-46d1-9679-3c07382694f5:ONE:ALL:24,RYW,node_failure,A,WRITE,0db057fa-9129-4cca-a9e3-78539a9eb9a7,1,,ALL,ONE,node1,True,,15.088,2026-09-16T20:48:22.377141+08:00,
c8b0068e-a8f3-46d1-9679-3c07382694f5:ONE:ALL:24,RYW,node_failure,A,READ,0db057fa-9129-4cca-a9e3-78539a9eb9a7,1,,ALL,ONE,node2,False,,15.342,2026-09-16T20:48:22.392360+08:00,"Unavailable: Error from server: code=1000 [Unavailable exception] message=""Cannot achieve consistency level ALL"" info={'consistency': 'ALL', 'required_replicas': 3, 'alive_replicas': 2}"
c8b0068e-a8f3-46d1-9679-3c07382694f5:ONE:ALL:25,RYW,node_failure,A,WRITE,ec325b09-c36d-4ce0-8fe7-973e5749adb3,1,,ALL,ONE,node1,True,,15.52,2026-09-16T20:48:22.407497+08:00,
c8b0068e-a8f3-46d1-9679-3c07382694f5:ONE:ALL:25,RYW,node_failure,A,READ,ec325b09-c36d-4ce0-8fe7-973e5749adb3,1,,ALL,ONE,node2,False,,15.383,2026-09-16T20:48:22.423376+08:00,"Unavailable: Error from server: code=1000 [Unavailable exception] message=""Cannot achieve consistency level ALL"" info={'consistency': 'ALL', 'required_replicas': 3, 'alive_replicas': 2}"
c8b0068e-a8f3-46d1-9679-3c07382694f5:ONE:ALL:26,RYW,node_failure,A,WRITE,70162560-39ac-4efe-99a5-ebdcb97d98d7,1,,ALL,ONE,node1,True,,15.689,2026-09-16T20:48:22.438543+08:00,
c8b0068e-a8f3-46d1-9679-3c07382694f5:ONE:ALL:26,RYW,node_failure,A,READ,70162560-39ac-4efe-99a5-ebdcb97d98d7,1,,ALL,ONE,node2,False,,14.713,2026-09-16T20:48:22.454332+08:00,"Unavailable: Error from server: code=1000 [Unavailable exception] message=""Cannot achieve consistency level ALL"" info={'consistency': 'ALL', 'required_replicas': 3, 'alive_replicas': 2}"
c8b0068e-a8f3-46d1-9679-3c07382694f5:ONE:ALL:27,RYW,node_failure,A,WRITE,2fdd7b32-082e-40f5-b46f-63ad171206e3,1,,ALL,ONE,node1,True,,15.565,2026-09-16T20:48:22.469181+08:00,
c8b0068e-a8f3-46d1-9679-3c07382694f5:ONE:ALL:27,RYW,node_failure,A,READ,2fdd7b32-082e-40f5-b46f-63ad171206e3,1,,ALL,ONE,node2,False,,15.818,2026-09-16T20:48:22.485303+08:00,"Unavailable: Error from server: code=1000 [Unavailable exception] message=""Cannot achieve consistency level ALL"" info={'consistency': 'ALL', 'required_replicas': 3, 'alive_replicas': 2}"
c8b0068e-a8f3-46d1-9679-3c07382694f5:ONE:ALL:28,RYW,node_failure,A,WRITE,f471d8f9-b11c-4b66-a40a-a912e1fe788d,1,,ALL,ONE,node1,True,,15.336,2026-09-16T20:48:22.500817+08:00,
c8b0068e-a8f3-46d1-9679-3c07382694f5:ONE:ALL:28,RYW,node_failure,A,READ,f471d8f9-b11c-4b66-a40a-a912e1fe788d,1,,ALL,ONE,node2,False,,15.672,2026-09-16T20:48:22.516669+08:00,"Unavailable: Error from server: code=1000 [Unavailable exception] message=""Cannot achieve consistency level ALL"" info={'consistency': 'ALL', 'required_replicas': 3, 'alive_replicas': 2}"
c8b0068e-a8f3-46d1-9679-3c07382694f5:ONE:ALL:29,RYW,node_failure,A,WRITE,15c49fab-9241-4607-a654-34aeec05a3b2,1,,ALL,ONE,node1,True,,15.267,2026-09-16T20:48:22.532433+08:00,
c8b0068e-a8f3-46d1-9679-3c07382694f5:ONE:ALL:29,RYW,node_failure,A,READ,15c49fab-9241-4607-a654-34aeec05a3b2,1,,ALL,ONE,node2,False,,14.46,2026-09-16T20:48:22.547319+08:00,"Unavailable: Error from server: code=1000 [Unavailable exception] message=""Cannot achieve consistency level ALL"" info={'consistency': 'ALL', 'required_replicas': 3, 'alive_replicas': 2}"
c8b0068e-a8f3-46d1-9679-3c07382694f5:ONE:ALL:30,RYW,node_failure,A,WRITE,7e518cfb-4ed4-4b51-8ebf-0d5016645c39,1,,ALL,ONE,node1,True,,15.87,2026-09-16T20:48:22.561875+08:00,
c8b0068e-a8f3-46d1-9679-3c07382694f5:ONE:ALL:30,RYW,node_failure,A,READ,7e518cfb-4ed4-4b51-8ebf-0d5016645c39,1,,ALL,ONE,node2,False,,15.309,2026-09-16T20:48:22.577825+08:00,"Unavailable: Error from server: code=1000 [Unavailable exception] message=""Cannot achieve consistency level ALL"" info={'consistency': 'ALL', 'required_replicas': 3, 'alive_replicas': 2}"
c8b0068e-a8f3-46d1-9679-3c07382694f5:ONE:ALL:31,RYW,node_failure,A,WRITE,408999c5-d292-43f8-96d0-de4e175b3ae4,1,,ALL,ONE,node1,True,,15.004,2026-09-16T20:48:22.593710+08:00,
c8b0068e-a8f3-46d1-9679-3c07382694f5:ONE:ALL:31,RYW,node_failure,A,READ,408999c5-d292-43f8-96d0-de4e175b3ae4,1,,ALL,ONE,node2,False,,15.931,2026-09-16T20:48:22.608730+08:00,"Unavailable: Error from server: code=1000 [Unavailable exception] message=""Cannot achieve consistency level ALL"" info={'consistency': 'ALL', 'required_replicas': 3, 'alive_replicas': 2}"
c8b0068e-a8f3-46d1-9679-3c07382694f5:ONE:ALL:32,RYW,node_failure,A,WRITE,49f95fb7-e1e2-4739-84eb-31f7403701b0,1,,ALL,ONE,node1,True,,14.959,2026-09-16T20:48:22.624802+08:00,
c8b0068e-a8f3-46d1-9679-3c07382694f5:ONE:ALL:32,RYW,node_failure,A,READ,49f95fb7-e1e2-4739-84eb-31f7403701b0,1,,ALL,ONE,node2,False,,15.53,2026-09-16T20:48:22.639877+08:00,"Unavailable: Error from server: code=1000 [Unavailable exception] message=""Cannot achieve consistency level ALL"" info={'consistency': 'ALL', 'required_replicas': 3, 'alive_replicas': 2}"
c8b0068e-a8f3-46d1-9679-3c07382694f5:ONE:ALL:33,RYW,node_failure,A,WRITE,37dc0ea0-301b-4722-99ce-59c2d6595a0a,1,,ALL,ONE,node1,True,,15.657,2026-09-16T20:48:22.655565+08:00,
c8b0068e-a8f3-46d1-9679-3c07382694f5:ONE:ALL:33,RYW,node_failure,A,READ,37dc0ea0-301b-4722-99ce-59c2d6595a0a,1,,ALL,ONE,node2,False,,15.552,2026-09-16T20:48:22.670888+08:00,"Unavailable: Error from server: code=1000 [Unavailable exception] message=""Cannot achieve consistency level ALL"" info={'consistency': 'ALL', 'required_replicas': 3, 'alive_replicas': 2}"
c8b0068e-a8f3-46d1-9679-3c07382694f5:ONE:ALL:34,RYW,node_failure,A,WRITE,fcebae95-9463-4022-8d34-c98d7c6dfb81,1,,ALL,ONE,node1,True,,15.819,2026-09-16T20:48:22.686319+08:00,
c8b0068e-a8f3-46d1-9679-3c07382694f5:ONE:ALL:34,RYW,node_failure,A,READ,fcebae95-9463-4022-8d34-c98d7c6dfb81,1,,ALL,ONE,node2,False,,14.738,2026-09-16T20:48:22.702471+08:00,"Unavailable: Error from server: code=1000 [Unavailable exception] message=""Cannot achieve consistency level ALL"" info={'consistency': 'ALL', 'required_replicas': 3, 'alive_replicas': 2}"
c8b0068e-a8f3-46d1-9679-3c07382694f5:ONE:ALL:35,RYW,node_failure,A,WRITE,3a7c0269-b1ad-4070-bd71-d3ddbe5815e2,1,,ALL,ONE,node1,True,,16.031,2026-09-16T20:48:22.717284+08:00,
c8b0068e-a8f3-46d1-9679-3c07382694f5:ONE:ALL:35,RYW,node_failure,A,READ,3a7c0269-b1ad-4070-bd71-d3ddbe5815e2,1,,ALL,ONE,node2,False,,15.494,2026-09-16T20:48:22.733222+08:00,"Unavailable: Error from server: code=1000 [Unavailable exception] message=""Cannot achieve consistency level ALL"" info={'consistency': 'ALL', 'required_replicas': 3, 'alive_replicas': 2}"
c8b0068e-a8f3-46d1-9679-3c07382694f5:ONE:ALL:36,RYW,node_failure,A,WRITE,11a10116-b68a-44f7-8fae-03224d1d2a3a,1,,ALL,ONE,node1,True,,15.632,2026-09-16T20:48:22.749460+08:00,
c8b0068e-a8f3-46d1-9679-3c07382694f5:ONE:ALL:36,RYW,node_failure,A,READ,11a10116-b68a-44f7-8fae-03224d1d2a3a,1,,ALL,ONE,node2,False,,15.336,2026-09-16T20:48:22.765156+08:00,"Unavailable: Error from server: code=1000 [Unavailable exception] message=""Cannot achieve consistency level ALL"" info={'consistency': 'ALL', 'required_replicas': 3, 'alive_replicas': 2}"
c8b0068e-a8f3-46d1-9679-3c07382694f5:ONE:ALL:37,RYW,node_failure,A,WRITE,b07e557f-a06d-4d36-8a43-c1ee866962ee,1,,ALL,ONE,node1,True,,15.49,2026-09-16T20:48:22.780519+08:00,
c8b0068e-a8f3-46d1-9679-3c07382694f5:ONE:ALL:37,RYW,node_failure,A,READ,b07e557f-a06d-4d36-8a43-c1ee866962ee,1,,ALL,ONE,node2,False,,15.169,2026-09-16T20:48:22.796024+08:00,"Unavailable: Error from server: code=1000 [Unavailable exception] message=""Cannot achieve consistency level ALL"" info={'consistency': 'ALL', 'required_replicas': 3, 'alive_replicas': 2}"
c8b0068e-a8f3-46d1-9679-3c07382694f5:ONE:ALL:38,RYW,node_failure,A,WRITE,650808ea-0239-426e-841b-061802c322da,1,,ALL,ONE,node1,True,,15.273,2026-09-16T20:48:22.811383+08:00,
c8b0068e-a8f3-46d1-9679-3c07382694f5:ONE:ALL:38,RYW,node_failure,A,READ,650808ea-0239-426e-841b-061802c322da,1,,ALL,ONE,node2,False,,18.07,2026-09-16T20:48:22.826515+08:00,"Unavailable: Error from server: code=1000 [Unavailable exception] message=""Cannot achieve consistency level ALL"" info={'consistency': 'ALL', 'required_replicas': 3, 'alive_replicas': 2}"
c8b0068e-a8f3-46d1-9679-3c07382694f5:ONE:ALL:39,RYW,node_failure,A,WRITE,5ec8a774-8c52-4eac-800c-898b50228ebe,1,,ALL,ONE,node1,True,,13.48,2026-09-16T20:48:22.844941+08:00,
c8b0068e-a8f3-46d1-9679-3c07382694f5:ONE:ALL:39,RYW,node_failure,A,READ,5ec8a774-8c52-4eac-800c-898b50228ebe,1,,ALL,ONE,node2,False,,15.193,2026-09-16T20:48:22.858573+08:00,"Unavailable: Error from server: code=1000 [Unavailable exception] message=""Cannot achieve consistency level ALL"" info={'consistency': 'ALL', 'required_replicas': 3, 'alive_replicas': 2}"
c8b0068e-a8f3-46d1-9679-3c07382694f5:ONE:ALL:40,RYW,node_failure,A,WRITE,b590c0c3-b53f-40d0-aca9-318faae0fdf4,1,,ALL,ONE,node1,True,,14.742,2026-09-16T20:48:22.874006+08:00,
c8b0068e-a8f3-46d1-9679-3c07382694f5:ONE:ALL:40,RYW,node_failure,A,READ,b590c0c3-b53f-40d0-aca9-318faae0fdf4,1,,ALL,ONE,node2,False,,16.142,2026-09-16T20:48:22.888551+08:00,"Unavailable: Error from server: code=1000 [Unavailable exception] message=""Cannot achieve consistency level ALL"" info={'consistency': 'ALL', 'required_replicas': 3, 'alive_replicas': 2}"
c8b0068e-a8f3-46d1-9679-3c07382694f5:ONE:ALL:41,RYW,node_failure,A,WRITE,299b94b4-dc51-4dd6-bd62-fd2bb84417eb,1,,ALL,ONE,node1,True,,16.143,2026-09-16T20:48:22.905109+08:00,
c8b0068e-a8f3-46d1-9679-3c07382694f5:ONE:ALL:41,RYW,node_failure,A,READ,299b94b4-dc51-4dd6-bd62-fd2bb84417eb,1,,ALL,ONE,node2,False,,14.874,2026-09-16T20:48:22.920877+08:00,"Unavailable: Error from server: code=1000 [Unavailable exception] message=""Cannot achieve consistency level ALL"" info={'consistency': 'ALL', 'required_replicas': 3, 'alive_replicas': 2}"
c8b0068e-a8f3-46d1-9679-3c07382694f5:ONE:ALL:42,RYW,node_failure,A,WRITE,1a1b98dd-e1b0-41ac-94fd-84a65f69ddf4,1,,ALL,ONE,node1,True,,15.765,2026-09-16T20:48:22.935862+08:00,
c8b0068e-a8f3-46d1-9679-3c07382694f5:ONE:ALL:42,RYW,node_failure,A,READ,1a1b98dd-e1b0-41ac-94fd-84a65f69ddf4,1,,ALL,ONE,node2,False,,14.652,2026-09-16T20:48:22.951818+08:00,"Unavailable: Error from server: code=1000 [Unavailable exception] message=""Cannot achieve consistency level ALL"" info={'consistency': 'ALL', 'required_replicas': 3, 'alive_replicas': 2}"
c8b0068e-a8f3-46d1-9679-3c07382694f5:ONE:ALL:43,RYW,node_failure,A,WRITE,3908dd02-9c2e-40aa-842c-20a150eb2770,1,,ALL,ONE,node1,True,,15.896,2026-09-16T20:48:22.966499+08:00,
c8b0068e-a8f3-46d1-9679-3c07382694f5:ONE:ALL:43,RYW,node_failure,A,READ,3908dd02-9c2e-40aa-842c-20a150eb2770,1,,ALL,ONE,node2,False,,14.865,2026-09-16T20:48:22.982558+08:00,"Unavailable: Error from server: code=1000 [Unavailable exception] message=""Cannot achieve consistency level ALL"" info={'consistency': 'ALL', 'required_replicas': 3, 'alive_replicas': 2}"
c8b0068e-a8f3-46d1-9679-3c07382694f5:ONE:ALL:44,RYW,node_failure,A,WRITE,2f110c4f-ab9e-45da-a748-f7eb5db38e54,1,,ALL,ONE,node1,True,,15.101,2026-09-16T20:48:22.997430+08:00,
c8b0068e-a8f3-46d1-9679-3c07382694f5:ONE:ALL:44,RYW,node_failure,A,READ,2f110c4f-ab9e-45da-a748-f7eb5db38e54,1,,ALL,ONE,node2,False,,15.737,2026-09-16T20:48:23.012708+08:00,"Unavailable: Error from server: code=1000 [Unavailable exception] message=""Cannot achieve consistency level ALL"" info={'consistency': 'ALL', 'required_replicas': 3, 'alive_replicas': 2}"
c8b0068e-a8f3-46d1-9679-3c07382694f5:ONE:ALL:45,RYW,node_failure,A,WRITE,bab4a4f8-9c0a-46c0-a913-acd720e9f764,1,,ALL,ONE,node1,True,,15.452,2026-09-16T20:48:23.028477+08:00,
c8b0068e-a8f3-46d1-9679-3c07382694f5:ONE:ALL:45,RYW,node_failure,A,READ,bab4a4f8-9c0a-46c0-a913-acd720e9f764,1,,ALL,ONE,node2,False,,16.057,2026-09-16T20:48:23.044063+08:00,"Unavailable: Error from server: code=1000 [Unavailable exception] message=""Cannot achieve consistency level ALL"" info={'consistency': 'ALL', 'required_replicas': 3, 'alive_replicas': 2}"
c8b0068e-a8f3-46d1-9679-3c07382694f5:ONE:ALL:46,RYW,node_failure,A,WRITE,606f2ead-aa77-4cca-b7cb-b507ea1faa1a,1,,ALL,ONE,node1,True,,15.242,2026-09-16T20:48:23.060122+08:00,
c8b0068e-a8f3-46d1-9679-3c07382694f5:ONE:ALL:46,RYW,node_failure,A,READ,606f2ead-aa77-4cca-b7cb-b507ea1faa1a,1,,ALL,ONE,node2,False,,15.715,2026-09-16T20:48:23.075517+08:00,"Unavailable: Error from server: code=1000 [Unavailable exception] message=""Cannot achieve consistency level ALL"" info={'consistency': 'ALL', 'required_replicas': 3, 'alive_replicas': 2}"
c8b0068e-a8f3-46d1-9679-3c07382694f5:ONE:ALL:47,RYW,node_failure,A,WRITE,ad417ca3-4299-493e-ab7a-9d24b579e995,1,,ALL,ONE,node1,True,,15.433,2026-09-16T20:48:23.091233+08:00,
c8b0068e-a8f3-46d1-9679-3c07382694f5:ONE:ALL:47,RYW,node_failure,A,READ,ad417ca3-4299-493e-ab7a-9d24b579e995,1,,ALL,ONE,node2,False,,15.91,2026-09-16T20:48:23.106847+08:00,"Unavailable: Error from server: code=1000 [Unavailable exception] message=""Cannot achieve consistency level ALL"" info={'consistency': 'ALL', 'required_replicas': 3, 'alive_replicas': 2}"
c8b0068e-a8f3-46d1-9679-3c07382694f5:ONE:ALL:48,RYW,node_failure,A,WRITE,142a6287-743b-426e-ae0d-7d1b54659202,1,,ALL,ONE,node1,True,,15.124,2026-09-16T20:48:23.122822+08:00,
c8b0068e-a8f3-46d1-9679-3c07382694f5:ONE:ALL:48,RYW,node_failure,A,READ,142a6287-743b-426e-ae0d-7d1b54659202,1,,ALL,ONE,node2,False,,15.775,2026-09-16T20:48:23.138043+08:00,"Unavailable: Error from server: code=1000 [Unavailable exception] message=""Cannot achieve consistency level ALL"" info={'consistency': 'ALL', 'required_replicas': 3, 'alive_replicas': 2}"
c8b0068e-a8f3-46d1-9679-3c07382694f5:ONE:ALL:49,RYW,node_failure,A,WRITE,60c74958-e7f8-49ae-8d00-d43014a4ac06,1,,ALL,ONE,node1,True,,15.695,2026-09-16T20:48:23.154196+08:00,
c8b0068e-a8f3-46d1-9679-3c07382694f5:ONE:ALL:49,RYW,node_failure,A,READ,60c74958-e7f8-49ae-8d00-d43014a4ac06,1,,ALL,ONE,node2,False,,16.096,2026-09-16T20:48:23.169570+08:00,"Unavailable: Error from server: code=1000 [Unavailable exception] message=""Cannot achieve consistency level ALL"" info={'consistency': 'ALL', 'required_replicas': 3, 'alive_replicas': 2}"
c8b0068e-a8f3-46d1-9679-3c07382694f5:ONE:ALL:50,RYW,node_failure,A,WRITE,3496b2ab-8f48-4b6a-8d35-e01a08c99243,1,,ALL,ONE,node1,True,,14.6,2026-09-16T20:48:23.185571+08:00,
c8b0068e-a8f3-46d1-9679-3c07382694f5:ONE:ALL:50,RYW,node_failure,A,READ,3496b2ab-8f48-4b6a-8d35-e01a08c99243,1,,ALL,ONE,node2,False,,15.775,2026-09-16T20:48:23.200514+08:00,"Unavailable: Error from server: code=1000 [Unavailable exception] message=""Cannot achieve consistency level ALL"" info={'consistency': 'ALL', 'required_replicas': 3, 'alive_replicas': 2}"
c8b0068e-a8f3-46d1-9679-3c07382694f5:ONE:ALL:51,RYW,node_failure,A,WRITE,4b9365a7-779c-4a97-b80a-00e37237b1ab,1,,ALL,ONE,node1,True,,15.759,2026-09-16T20:48:23.216328+08:00,
c8b0068e-a8f3-46d1-9679-3c07382694f5:ONE:ALL:51,RYW,node_failure,A,READ,4b9365a7-779c-4a97-b80a-00e37237b1ab,1,,ALL,ONE,node2,False,,15.54,2026-09-16T20:48:23.232262+08:00,"Unavailable: Error from server: code=1000 [Unavailable exception] message=""Cannot achieve consistency level ALL"" info={'consistency': 'ALL', 'required_replicas': 3, 'alive_replicas': 2}"
c8b0068e-a8f3-46d1-9679-3c07382694f5:ONE:ALL:52,RYW,node_failure,A,WRITE,70cd4ba4-9933-448e-ae01-2f7a68716410,1,,ALL,ONE,node1,True,,15.822,2026-09-16T20:48:23.247860+08:00,
c8b0068e-a8f3-46d1-9679-3c07382694f5:ONE:ALL:52,RYW,node_failure,A,READ,70cd4ba4-9933-448e-ae01-2f7a68716410,1,,ALL,ONE,node2,False,,15.683,2026-09-16T20:48:23.263683+08:00,"Unavailable: Error from server: code=1000 [Unavailable exception] message=""Cannot achieve consistency level ALL"" info={'consistency': 'ALL', 'required_replicas': 3, 'alive_replicas': 2}"
c8b0068e-a8f3-46d1-9679-3c07382694f5:ONE:ALL:53,RYW,node_failure,A,WRITE,90c719e1-81c2-46ac-9ddc-4c19e9404a45,1,,ALL,ONE,node1,True,,15.983,2026-09-16T20:48:23.279969+08:00,
c8b0068e-a8f3-46d1-9679-3c07382694f5:ONE:ALL:53,RYW,node_failure,A,READ,90c719e1-81c2-46ac-9ddc-4c19e9404a45,1,,ALL,ONE,node2,False,,15.663,2026-09-16T20:48:23.295578+08:00,"Unavailable: Error from server: code=1000 [Unavailable exception] message=""Cannot achieve consistency level ALL"" info={'consistency': 'ALL', 'required_replicas': 3, 'alive_replicas': 2}"
c8b0068e-a8f3-46d1-9679-3c07382694f5:ONE:ALL:54,RYW,node_failure,A,WRITE,f4cb8f81-0646-4a54-8ede-e2baf36a3cb8,1,,ALL,ONE,node1,True,,15.567,2026-09-16T20:48:23.311798+08:00,
c8b0068e-a8f3-46d1-9679-3c07382694f5:ONE:ALL:54,RYW,node_failure,A,READ,f4cb8f81-0646-4a54-8ede-e2baf36a3cb8,1,,ALL,ONE,node2,False,,15.703,2026-09-16T20:48:23.327110+08:00,"Unavailable: Error from server: code=1000 [Unavailable exception] message=""Cannot achieve consistency level ALL"" info={'consistency': 'ALL', 'required_replicas': 3, 'alive_replicas': 2}"
c8b0068e-a8f3-46d1-9679-3c07382694f5:ONE:ALL:55,RYW,node_failure,A,WRITE,ebfbf2e4-9e56-4672-ba21-9d69891b9e84,1,,ALL,ONE,node1,True,,15.549,2026-09-16T20:48:23.342830+08:00,
c8b0068e-a8f3-46d1-9679-3c07382694f5:ONE:ALL:55,RYW,node_failure,A,READ,ebfbf2e4-9e56-4672-ba21-9d69891b9e84,1,,ALL,ONE,node2,False,,15.501,2026-09-16T20:48:23.358489+08:00,"Unavailable: Error from server: code=1000 [Unavailable exception] message=""Cannot achieve consistency level ALL"" info={'consistency': 'ALL', 'required_replicas': 3, 'alive_replicas': 2}"
c8b0068e-a8f3-46d1-9679-3c07382694f5:ONE:ALL:56,RYW,node_failure,A,WRITE,df8c2b5e-5842-4afb-84a7-3c5bc62e3795,1,,ALL,ONE,node1,True,,15.533,2026-09-16T20:48:23.374044+08:00,
c8b0068e-a8f3-46d1-9679-3c07382694f5:ONE:ALL:56,RYW,node_failure,A,READ,df8c2b5e-5842-4afb-84a7-3c5bc62e3795,1,,ALL,ONE,node2,False,,15.491,2026-09-16T20:48:23.389670+08:00,"Unavailable: Error from server: code=1000 [Unavailable exception] message=""Cannot achieve consistency level ALL"" info={'consistency': 'ALL', 'required_replicas': 3, 'alive_replicas': 2}"
c8b0068e-a8f3-46d1-9679-3c07382694f5:ONE:ALL:57,RYW,node_failure,A,WRITE,9bcc10da-3be9-4f1d-83ed-eb205b6b4fed,1,,ALL,ONE,node1,True,,15.741,2026-09-16T20:48:23.405302+08:00,
c8b0068e-a8f3-46d1-9679-3c07382694f5:ONE:ALL:57,RYW,node_failure,A,READ,9bcc10da-3be9-4f1d-83ed-eb205b6b4fed,1,,ALL,ONE,node2,False,,15.883,2026-09-16T20:48:23.421164+08:00,"Unavailable: Error from server: code=1000 [Unavailable exception] message=""Cannot achieve consistency level ALL"" info={'consistency': 'ALL', 'required_replicas': 3, 'alive_replicas': 2}"
c8b0068e-a8f3-46d1-9679-3c07382694f5:ONE:ALL:58,RYW,node_failure,A,WRITE,a8076fe8-83ac-4cae-800a-8734afa8201a,1,,ALL,ONE,node1,True,,15.903,2026-09-16T20:48:23.437058+08:00,
c8b0068e-a8f3-46d1-9679-3c07382694f5:ONE:ALL:58,RYW,node_failure,A,READ,a8076fe8-83ac-4cae-800a-8734afa8201a,1,,ALL,ONE,node2,False,,15.656,2026-09-16T20:48:23.453138+08:00,"Unavailable: Error from server: code=1000 [Unavailable exception] message=""Cannot achieve consistency level ALL"" info={'consistency': 'ALL', 'required_replicas': 3, 'alive_replicas': 2}"
c8b0068e-a8f3-46d1-9679-3c07382694f5:ONE:ALL:59,RYW,node_failure,A,WRITE,117f76b2-7725-4473-afc7-13999c927187,1,,ALL,ONE,node1,True,,15.692,2026-09-16T20:48:23.468817+08:00,
c8b0068e-a8f3-46d1-9679-3c07382694f5:ONE:ALL:59,RYW,node_failure,A,READ,117f76b2-7725-4473-afc7-13999c927187,1,,ALL,ONE,node2,False,,15.899,2026-09-16T20:48:23.484621+08:00,"Unavailable: Error from server: code=1000 [Unavailable exception] message=""Cannot achieve consistency level ALL"" info={'consistency': 'ALL', 'required_replicas': 3, 'alive_replicas': 2}"
c8b0068e-a8f3-46d1-9679-3c07382694f5:ONE:ALL:60,RYW,node_failure,A,WRITE,8d1102c3-369a-4f58-b4b5-c61aaa72bf50,1,,ALL,ONE,node1,True,,15.126,2026-09-16T20:48:23.500563+08:00,
c8b0068e-a8f3-46d1-9679-3c07382694f5:ONE:ALL:60,RYW,node_failure,A,READ,8d1102c3-369a-4f58-b4b5-c61aaa72bf50,1,,ALL,ONE,node2,False,,15.809,2026-09-16T20:48:23.515831+08:00,"Unavailable: Error from server: code=1000 [Unavailable exception] message=""Cannot achieve consistency level ALL"" info={'consistency': 'ALL', 'required_replicas': 3, 'alive_replicas': 2}"
c8b0068e-a8f3-46d1-9679-3c07382694f5:ONE:ALL:61,RYW,node_failure,A,WRITE,030cace3-d915-49de-be25-5a8436e1202d,1,,ALL,ONE,node1,True,,15.613,2026-09-16T20:48:23.530879+08:00,
c8b0068e-a8f3-46d1-9679-3c07382694f5:ONE:ALL:61,RYW,node_failure,A,READ,030cace3-d915-49de-be25-5a8436e1202d,1,,ALL,ONE,node2,False,,15.749,2026-09-16T20:48:23.547367+08:00,"Unavailable: Error from server: code=1000 [Unavailable exception] message=""Cannot achieve consistency level ALL"" info={'consistency': 'ALL', 'required_replicas': 3, 'alive_replicas': 2}"
c8b0068e-a8f3-46d1-9679-3c07382694f5:ONE:ALL:62,RYW,node_failure,A,WRITE,03bbb5b8-000d-44e6-9ecb-e904b8ab24b3,1,,ALL,ONE,node1,True,,15.196,2026-09-16T20:48:23.563170+08:00,
c8b0068e-a8f3-46d1-9679-3c07382694f5:ONE:ALL:62,RYW,node_failure,A,READ,03bbb5b8-000d-44e6-9ecb-e904b8ab24b3,1,,ALL,ONE,node2,False,,15.521,2026-09-16T20:48:23.578462+08:00,"Unavailable: Error from server: code=1000 [Unavailable exception] message=""Cannot achieve consistency level ALL"" info={'consistency': 'ALL', 'required_replicas': 3, 'alive_replicas': 2}"
c8b0068e-a8f3-46d1-9679-3c07382694f5:ONE:ALL:63,RYW,node_failure,A,WRITE,15ae76e7-97cc-4c80-a348-3b2b094d713d,1,,ALL,ONE,node1,True,,16.056,2026-09-16T20:48:23.594143+08:00,
c8b0068e-a8f3-46d1-9679-3c07382694f5:ONE:ALL:63,RYW,node_failure,A,READ,15ae76e7-97cc-4c80-a348-3b2b094d713d,1,,ALL,ONE,node2,False,,14.89,2026-09-16T20:48:23.610700+08:00,"Unavailable: Error from server: code=1000 [Unavailable exception] message=""Cannot achieve consistency level ALL"" info={'consistency': 'ALL', 'required_replicas': 3, 'alive_replicas': 2}"
c8b0068e-a8f3-46d1-9679-3c07382694f5:ONE:ALL:64,RYW,node_failure,A,WRITE,0825ec71-f77e-4571-aa00-13b1187e2ff8,1,,ALL,ONE,node1,True,,15.922,2026-09-16T20:48:23.625486+08:00,
c8b0068e-a8f3-46d1-9679-3c07382694f5:ONE:ALL:64,RYW,node_failure,A,READ,0825ec71-f77e-4571-aa00-13b1187e2ff8,1,,ALL,ONE,node2,False,,15.073,2026-09-16T20:48:23.641825+08:00,"Unavailable: Error from server: code=1000 [Unavailable exception] message=""Cannot achieve consistency level ALL"" info={'consistency': 'ALL', 'required_replicas': 3, 'alive_replicas': 2}"
c8b0068e-a8f3-46d1-9679-3c07382694f5:ONE:ALL:65,RYW,node_failure,A,WRITE,b51ba5e3-dc0b-4dfd-a20a-e1f43d5e9b63,1,,ALL,ONE,node1,True,,15.84,2026-09-16T20:48:23.656926+08:00,
c8b0068e-a8f3-46d1-9679-3c07382694f5:ONE:ALL:65,RYW,node_failure,A,READ,b51ba5e3-dc0b-4dfd-a20a-e1f43d5e9b63,1,,ALL,ONE,node2,False,,15.472,2026-09-16T20:48:23.672482+08:00,"Unavailable: Error from server: code=1000 [Unavailable exception] message=""Cannot achieve consistency level ALL"" info={'consistency': 'ALL', 'required_replicas': 3, 'alive_replicas': 2}"
c8b0068e-a8f3-46d1-9679-3c07382694f5:ONE:ALL:66,RYW,node_failure,A,WRITE,79abd041-0dff-4063-b1ab-7e2af4f0f735,1,,ALL,ONE,node1,True,,15.111,2026-09-16T20:48:23.688407+08:00,
c8b0068e-a8f3-46d1-9679-3c07382694f5:ONE:ALL:66,RYW,node_failure,A,READ,79abd041-0dff-4063-b1ab-7e2af4f0f735,1,,ALL,ONE,node2,False,,15.691,2026-09-16T20:48:23.703805+08:00,"Unavailable: Error from server: code=1000 [Unavailable exception] message=""Cannot achieve consistency level ALL"" info={'consistency': 'ALL', 'required_replicas': 3, 'alive_replicas': 2}"
c8b0068e-a8f3-46d1-9679-3c07382694f5:ONE:ALL:67,RYW,node_failure,A,WRITE,37067d39-f45f-4bb1-9ebb-b9693abcecbe,1,,ALL,ONE,node1,True,,15.52,2026-09-16T20:48:23.719666+08:00,
c8b0068e-a8f3-46d1-9679-3c07382694f5:ONE:ALL:67,RYW,node_failure,A,READ,37067d39-f45f-4bb1-9ebb-b9693abcecbe,1,,ALL,ONE,node2,False,,15.508,2026-09-16T20:48:23.735228+08:00,"Unavailable: Error from server: code=1000 [Unavailable exception] message=""Cannot achieve consistency level ALL"" info={'consistency': 'ALL', 'required_replicas': 3, 'alive_replicas': 2}"
c8b0068e-a8f3-46d1-9679-3c07382694f5:ONE:ALL:68,RYW,node_failure,A,WRITE,4997a719-4a1f-494b-a091-32f7c1d159e1,1,,ALL,ONE,node1,True,,15.836,2026-09-16T20:48:23.750865+08:00,
c8b0068e-a8f3-46d1-9679-3c07382694f5:ONE:ALL:68,RYW,node_failure,A,READ,4997a719-4a1f-494b-a091-32f7c1d159e1,1,,ALL,ONE,node2,False,,15.412,2026-09-16T20:48:23.766913+08:00,"Unavailable: Error from server: code=1000 [Unavailable exception] message=""Cannot achieve consistency level ALL"" info={'consistency': 'ALL', 'required_replicas': 3, 'alive_replicas': 2}"
c8b0068e-a8f3-46d1-9679-3c07382694f5:ONE:ALL:69,RYW,node_failure,A,WRITE,50487127-5df7-4901-b90f-bcb2c224ad01,1,,ALL,ONE,node1,True,,15.075,2026-09-16T20:48:23.782156+08:00,
c8b0068e-a8f3-46d1-9679-3c07382694f5:ONE:ALL:69,RYW,node_failure,A,READ,50487127-5df7-4901-b90f-bcb2c224ad01,1,,ALL,ONE,node2,False,,15.022,2026-09-16T20:48:23.797561+08:00,"Unavailable: Error from server: code=1000 [Unavailable exception] message=""Cannot achieve consistency level ALL"" info={'consistency': 'ALL', 'required_replicas': 3, 'alive_replicas': 2}"
c8b0068e-a8f3-46d1-9679-3c07382694f5:ONE:ALL:70,RYW,node_failure,A,WRITE,8a18dbd8-18bc-4235-8b84-96109f35a9a1,1,,ALL,ONE,node1,True,,15.533,2026-09-16T20:48:23.812470+08:00,
c8b0068e-a8f3-46d1-9679-3c07382694f5:ONE:ALL:70,RYW,node_failure,A,READ,8a18dbd8-18bc-4235-8b84-96109f35a9a1,1,,ALL,ONE,node2,False,,14.912,2026-09-16T20:48:23.827962+08:00,"Unavailable: Error from server: code=1000 [Unavailable exception] message=""Cannot achieve consistency level ALL"" info={'consistency': 'ALL', 'required_replicas': 3, 'alive_replicas': 2}"
c8b0068e-a8f3-46d1-9679-3c07382694f5:ONE:ALL:71,RYW,node_failure,A,WRITE,72febf00-3985-4687-a3f1-6706bf85d0b0,1,,ALL,ONE,node1,True,,15.973,2026-09-16T20:48:23.843488+08:00,
c8b0068e-a8f3-46d1-9679-3c07382694f5:ONE:ALL:71,RYW,node_failure,A,READ,72febf00-3985-4687-a3f1-6706bf85d0b0,1,,ALL,ONE,node2,False,,15.306,2026-09-16T20:48:23.859544+08:00,"Unavailable: Error from server: code=1000 [Unavailable exception] message=""Cannot achieve consistency level ALL"" info={'consistency': 'ALL', 'required_replicas': 3, 'alive_replicas': 2}"
c8b0068e-a8f3-46d1-9679-3c07382694f5:ONE:ALL:72,RYW,node_failure,A,WRITE,aa0c0ebe-e003-4074-b7e0-468f275b7cb1,1,,ALL,ONE,node1,True,,15.373,2026-09-16T20:48:23.874554+08:00,
c8b0068e-a8f3-46d1-9679-3c07382694f5:ONE:ALL:72,RYW,node_failure,A,READ,aa0c0ebe-e003-4074-b7e0-468f275b7cb1,1,,ALL,ONE,node2,False,,15.504,2026-09-16T20:48:23.890079+08:00,"Unavailable: Error from server: code=1000 [Unavailable exception] message=""Cannot achieve consistency level ALL"" info={'consistency': 'ALL', 'required_replicas': 3, 'alive_replicas': 2}"
c8b0068e-a8f3-46d1-9679-3c07382694f5:ONE:ALL:73,RYW,node_failure,A,WRITE,772dcf8c-4259-4ee3-ba3a-775afeec20cb,1,,ALL,ONE,node1,True,,15.934,2026-09-16T20:48:23.906146+08:00,
c8b0068e-a8f3-46d1-9679-3c07382694f5:ONE:ALL:73,RYW,node_failure,A,READ,772dcf8c-4259-4ee3-ba3a-775afeec20cb,1,,ALL,ONE,node2,False,,16.07,2026-09-16T20:48:23.921716+08:00,"Unavailable: Error from server: code=1000 [Unavailable exception] message=""Cannot achieve consistency level ALL"" info={'consistency': 'ALL', 'required_replicas': 3, 'alive_replicas': 2}"
c8b0068e-a8f3-46d1-9679-3c07382694f5:ONE:ALL:74,RYW,node_failure,A,WRITE,8e19f579-80d2-49ee-a257-7e4c4cc53d80,1,,ALL,ONE,node1,True,,15.253,2026-09-16T20:48:23.938211+08:00,
c8b0068e-a8f3-46d1-9679-3c07382694f5:ONE:ALL:74,RYW,node_failure,A,READ,8e19f579-80d2-49ee-a257-7e4c4cc53d80,1,,ALL,ONE,node2,False,,15.393,2026-09-16T20:48:23.953224+08:00,"Unavailable: Error from server: code=1000 [Unavailable exception] message=""Cannot achieve consistency level ALL"" info={'consistency': 'ALL', 'required_replicas': 3, 'alive_replicas': 2}"
c8b0068e-a8f3-46d1-9679-3c07382694f5:ONE:ALL:75,RYW,node_failure,A,WRITE,434e5c7d-7a9f-438a-b8ac-700028e3a8fe,1,,ALL,ONE,node1,True,,16.236,2026-09-16T20:48:23.968712+08:00,
c8b0068e-a8f3-46d1-9679-3c07382694f5:ONE:ALL:75,RYW,node_failure,A,READ,434e5c7d-7a9f-438a-b8ac-700028e3a8fe,1,,ALL,ONE,node2,False,,14.94,2026-09-16T20:48:23.984850+08:00,"Unavailable: Error from server: code=1000 [Unavailable exception] message=""Cannot achieve consistency level ALL"" info={'consistency': 'ALL', 'required_replicas': 3, 'alive_replicas': 2}"
c8b0068e-a8f3-46d1-9679-3c07382694f5:ONE:ALL:76,RYW,node_failure,A,WRITE,2b1a859f-e7d6-4cd8-85bd-a20c8e51717a,1,,ALL,ONE,node1,True,,25.536,2026-09-16T20:48:24.000571+08:00,
c8b0068e-a8f3-46d1-9679-3c07382694f5:ONE:ALL:76,RYW,node_failure,A,READ,2b1a859f-e7d6-4cd8-85bd-a20c8e51717a,1,,ALL,ONE,node2,False,,8.032,2026-09-16T20:48:24.026160+08:00,"Unavailable: Error from server: code=1000 [Unavailable exception] message=""Cannot achieve consistency level ALL"" info={'consistency': 'ALL', 'required_replicas': 3, 'alive_replicas': 2}"
c8b0068e-a8f3-46d1-9679-3c07382694f5:ONE:ALL:77,RYW,node_failure,A,WRITE,29f8df91-71cc-4718-b735-97c6379c6292,1,,ALL,ONE,node1,True,,13.362,2026-09-16T20:48:24.034061+08:00,
c8b0068e-a8f3-46d1-9679-3c07382694f5:ONE:ALL:77,RYW,node_failure,A,READ,29f8df91-71cc-4718-b735-97c6379c6292,1,,ALL,ONE,node2,False,,15.369,2026-09-16T20:48:24.046537+08:00,"Unavailable: Error from server: code=1000 [Unavailable exception] message=""Cannot achieve consistency level ALL"" info={'consistency': 'ALL', 'required_replicas': 3, 'alive_replicas': 2}"
c8b0068e-a8f3-46d1-9679-3c07382694f5:ONE:ALL:78,RYW,node_failure,A,WRITE,a398f76b-0a5a-4dd6-beca-cc06ab3934e7,1,,ALL,ONE,node1,True,,14.954,2026-09-16T20:48:24.062859+08:00,
c8b0068e-a8f3-46d1-9679-3c07382694f5:ONE:ALL:78,RYW,node_failure,A,READ,a398f76b-0a5a-4dd6-beca-cc06ab3934e7,1,,ALL,ONE,node2,False,,15.722,2026-09-16T20:48:24.077961+08:00,"Unavailable: Error from server: code=1000 [Unavailable exception] message=""Cannot achieve consistency level ALL"" info={'consistency': 'ALL', 'required_replicas': 3, 'alive_replicas': 2}"
c8b0068e-a8f3-46d1-9679-3c07382694f5:ONE:ALL:79,RYW,node_failure,A,WRITE,8d6fed89-88de-4149-ad7d-a8ea436a4a0b,1,,ALL,ONE,node1,True,,14.937,2026-09-16T20:48:24.093642+08:00,
c8b0068e-a8f3-46d1-9679-3c07382694f5:ONE:ALL:79,RYW,node_failure,A,READ,8d6fed89-88de-4149-ad7d-a8ea436a4a0b,1,,ALL,ONE,node2,False,,15.351,2026-09-16T20:48:24.108676+08:00,"Unavailable: Error from server: code=1000 [Unavailable exception] message=""Cannot achieve consistency level ALL"" info={'consistency': 'ALL', 'required_replicas': 3, 'alive_replicas': 2}"
c8b0068e-a8f3-46d1-9679-3c07382694f5:ONE:ALL:80,RYW,node_failure,A,WRITE,60204456-20f3-4de3-ae7d-2549eae0ca0f,1,,ALL,ONE,node1,True,,15.447,2026-09-16T20:48:24.124189+08:00,
c8b0068e-a8f3-46d1-9679-3c07382694f5:ONE:ALL:80,RYW,node_failure,A,READ,60204456-20f3-4de3-ae7d-2549eae0ca0f,1,,ALL,ONE,node2,False,,15.853,2026-09-16T20:48:24.139733+08:00,"Unavailable: Error from server: code=1000 [Unavailable exception] message=""Cannot achieve consistency level ALL"" info={'consistency': 'ALL', 'required_replicas': 3, 'alive_replicas': 2}"
c8b0068e-a8f3-46d1-9679-3c07382694f5:ONE:ALL:81,RYW,node_failure,A,WRITE,667e84ff-59df-4904-95f5-58c2c5f1a4fb,1,,ALL,ONE,node1,True,,15.346,2026-09-16T20:48:24.155541+08:00,
c8b0068e-a8f3-46d1-9679-3c07382694f5:ONE:ALL:81,RYW,node_failure,A,READ,667e84ff-59df-4904-95f5-58c2c5f1a4fb,1,,ALL,ONE,node2,False,,15.836,2026-09-16T20:48:24.171111+08:00,"Unavailable: Error from server: code=1000 [Unavailable exception] message=""Cannot achieve consistency level ALL"" info={'consistency': 'ALL', 'required_replicas': 3, 'alive_replicas': 2}"
c8b0068e-a8f3-46d1-9679-3c07382694f5:ONE:ALL:82,RYW,node_failure,A,WRITE,6e55b5e8-171d-4bca-9b20-c0d6e8c65723,1,,ALL,ONE,node1,True,,15.994,2026-09-16T20:48:24.186993+08:00,
c8b0068e-a8f3-46d1-9679-3c07382694f5:ONE:ALL:82,RYW,node_failure,A,READ,6e55b5e8-171d-4bca-9b20-c0d6e8c65723,1,,ALL,ONE,node2,False,,15.62,2026-09-16T20:48:24.203117+08:00,"Unavailable: Error from server: code=1000 [Unavailable exception] message=""Cannot achieve consistency level ALL"" info={'consistency': 'ALL', 'required_replicas': 3, 'alive_replicas': 2}"
c8b0068e-a8f3-46d1-9679-3c07382694f5:ONE:ALL:83,RYW,node_failure,A,WRITE,62981446-b9d4-4c52-b16b-dbabe56e7a86,1,,ALL,ONE,node1,True,,16.216,2026-09-16T20:48:24.218764+08:00,
c8b0068e-a8f3-46d1-9679-3c07382694f5:ONE:ALL:83,RYW,node_failure,A,READ,62981446-b9d4-4c52-b16b-dbabe56e7a86,1,,ALL,ONE,node2,False,,15.068,2026-09-16T20:48:24.235083+08:00,"Unavailable: Error from server: code=1000 [Unavailable exception] message=""Cannot achieve consistency level ALL"" info={'consistency': 'ALL', 'required_replicas': 3, 'alive_replicas': 2}"
c8b0068e-a8f3-46d1-9679-3c07382694f5:ONE:ALL:84,RYW,node_failure,A,WRITE,1e458dba-f292-44e3-b532-42d22e6d340e,1,,ALL,ONE,node1,True,,15.876,2026-09-16T20:48:24.250201+08:00,
c8b0068e-a8f3-46d1-9679-3c07382694f5:ONE:ALL:84,RYW,node_failure,A,READ,1e458dba-f292-44e3-b532-42d22e6d340e,1,,ALL,ONE,node2,False,,15.536,2026-09-16T20:48:24.266209+08:00,"Unavailable: Error from server: code=1000 [Unavailable exception] message=""Cannot achieve consistency level ALL"" info={'consistency': 'ALL', 'required_replicas': 3, 'alive_replicas': 2}"
c8b0068e-a8f3-46d1-9679-3c07382694f5:ONE:ALL:85,RYW,node_failure,A,WRITE,c64e28bb-b64b-45c4-8e57-7305e7043ec9,1,,ALL,ONE,node1,True,,15.838,2026-09-16T20:48:24.281818+08:00,
c8b0068e-a8f3-46d1-9679-3c07382694f5:ONE:ALL:85,RYW,node_failure,A,READ,c64e28bb-b64b-45c4-8e57-7305e7043ec9,1,,ALL,ONE,node2,False,,14.949,2026-09-16T20:48:24.297768+08:00,"Unavailable: Error from server: code=1000 [Unavailable exception] message=""Cannot achieve consistency level ALL"" info={'consistency': 'ALL', 'required_replicas': 3, 'alive_replicas': 2}"
c8b0068e-a8f3-46d1-9679-3c07382694f5:ONE:ALL:86,RYW,node_failure,A,WRITE,9f890e60-a22f-4bf4-843c-a3e3e728ca7c,1,,ALL,ONE,node1,True,,15.844,2026-09-16T20:48:24.312771+08:00,
c8b0068e-a8f3-46d1-9679-3c07382694f5:ONE:ALL:86,RYW,node_failure,A,READ,9f890e60-a22f-4bf4-843c-a3e3e728ca7c,1,,ALL,ONE,node2,False,,15.236,2026-09-16T20:48:24.328766+08:00,"Unavailable: Error from server: code=1000 [Unavailable exception] message=""Cannot achieve consistency level ALL"" info={'consistency': 'ALL', 'required_replicas': 3, 'alive_replicas': 2}"
c8b0068e-a8f3-46d1-9679-3c07382694f5:ONE:ALL:87,RYW,node_failure,A,WRITE,30ad7f56-29fd-4193-bdbf-21fcc8096202,1,,ALL,ONE,node1,True,,15.736,2026-09-16T20:48:24.344080+08:00,
c8b0068e-a8f3-46d1-9679-3c07382694f5:ONE:ALL:87,RYW,node_failure,A,READ,30ad7f56-29fd-4193-bdbf-21fcc8096202,1,,ALL,ONE,node2,False,,16.132,2026-09-16T20:48:24.359947+08:00,"Unavailable: Error from server: code=1000 [Unavailable exception] message=""Cannot achieve consistency level ALL"" info={'consistency': 'ALL', 'required_replicas': 3, 'alive_replicas': 2}"
c8b0068e-a8f3-46d1-9679-3c07382694f5:ONE:ALL:88,RYW,node_failure,A,WRITE,560b093e-b3f2-4336-b52a-7d063cd6c7d3,1,,ALL,ONE,node1,True,,15.823,2026-09-16T20:48:24.376030+08:00,
c8b0068e-a8f3-46d1-9679-3c07382694f5:ONE:ALL:88,RYW,node_failure,A,READ,560b093e-b3f2-4336-b52a-7d063cd6c7d3,1,,ALL,ONE,node2,False,,14.471,2026-09-16T20:48:24.391995+08:00,"Unavailable: Error from server: code=1000 [Unavailable exception] message=""Cannot achieve consistency level ALL"" info={'consistency': 'ALL', 'required_replicas': 3, 'alive_replicas': 2}"
c8b0068e-a8f3-46d1-9679-3c07382694f5:ONE:ALL:89,RYW,node_failure,A,WRITE,d4de5736-c775-49bc-b0f8-48b434fc5bc2,1,,ALL,ONE,node1,True,,15.228,2026-09-16T20:48:24.406579+08:00,
c8b0068e-a8f3-46d1-9679-3c07382694f5:ONE:ALL:89,RYW,node_failure,A,READ,d4de5736-c775-49bc-b0f8-48b434fc5bc2,1,,ALL,ONE,node2,False,,15.563,2026-09-16T20:48:24.421916+08:00,"Unavailable: Error from server: code=1000 [Unavailable exception] message=""Cannot achieve consistency level ALL"" info={'consistency': 'ALL', 'required_replicas': 3, 'alive_replicas': 2}"
c8b0068e-a8f3-46d1-9679-3c07382694f5:ONE:ALL:90,RYW,node_failure,A,WRITE,684195cc-46e8-4841-a369-9bda03eb62d9,1,,ALL,ONE,node1,True,,15.221,2026-09-16T20:48:24.437560+08:00,
c8b0068e-a8f3-46d1-9679-3c07382694f5:ONE:ALL:90,RYW,node_failure,A,READ,684195cc-46e8-4841-a369-9bda03eb62d9,1,,ALL,ONE,node2,False,,15.919,2026-09-16T20:48:24.452880+08:00,"Unavailable: Error from server: code=1000 [Unavailable exception] message=""Cannot achieve consistency level ALL"" info={'consistency': 'ALL', 'required_replicas': 3, 'alive_replicas': 2}"
c8b0068e-a8f3-46d1-9679-3c07382694f5:ONE:ALL:91,RYW,node_failure,A,WRITE,89ad005c-5971-4bb3-a558-6f12edc49fde,1,,ALL,ONE,node1,True,,15.451,2026-09-16T20:48:24.468852+08:00,
c8b0068e-a8f3-46d1-9679-3c07382694f5:ONE:ALL:91,RYW,node_failure,A,READ,89ad005c-5971-4bb3-a558-6f12edc49fde,1,,ALL,ONE,node2,False,,15.473,2026-09-16T20:48:24.484475+08:00,"Unavailable: Error from server: code=1000 [Unavailable exception] message=""Cannot achieve consistency level ALL"" info={'consistency': 'ALL', 'required_replicas': 3, 'alive_replicas': 2}"
c8b0068e-a8f3-46d1-9679-3c07382694f5:ONE:ALL:92,RYW,node_failure,A,WRITE,d39ef1fc-40cf-4adf-8e33-ed98a6309e55,1,,ALL,ONE,node1,True,,15.708,2026-09-16T20:48:24.499977+08:00,
c8b0068e-a8f3-46d1-9679-3c07382694f5:ONE:ALL:92,RYW,node_failure,A,READ,d39ef1fc-40cf-4adf-8e33-ed98a6309e55,1,,ALL,ONE,node2,False,,15.068,2026-09-16T20:48:24.515813+08:00,"Unavailable: Error from server: code=1000 [Unavailable exception] message=""Cannot achieve consistency level ALL"" info={'consistency': 'ALL', 'required_replicas': 3, 'alive_replicas': 2}"
c8b0068e-a8f3-46d1-9679-3c07382694f5:ONE:ALL:93,RYW,node_failure,A,WRITE,b8b6377a-5419-4075-b99d-35fa3b1e58e9,1,,ALL,ONE,node1,True,,14.901,2026-09-16T20:48:24.530888+08:00,
c8b0068e-a8f3-46d1-9679-3c07382694f5:ONE:ALL:93,RYW,node_failure,A,READ,b8b6377a-5419-4075-b99d-35fa3b1e58e9,1,,ALL,ONE,node2,False,,15.558,2026-09-16T20:48:24.545927+08:00,"Unavailable: Error from server: code=1000 [Unavailable exception] message=""Cannot achieve consistency level ALL"" info={'consistency': 'ALL', 'required_replicas': 3, 'alive_replicas': 2}"
c8b0068e-a8f3-46d1-9679-3c07382694f5:ONE:ALL:94,RYW,node_failure,A,WRITE,376d8b66-8d4e-4b38-95bf-4f8253f89884,1,,ALL,ONE,node1,True,,15.493,2026-09-16T20:48:24.561495+08:00,
c8b0068e-a8f3-46d1-9679-3c07382694f5:ONE:ALL:94,RYW,node_failure,A,READ,376d8b66-8d4e-4b38-95bf-4f8253f89884,1,,ALL,ONE,node2,False,,15.571,2026-09-16T20:48:24.577071+08:00,"Unavailable: Error from server: code=1000 [Unavailable exception] message=""Cannot achieve consistency level ALL"" info={'consistency': 'ALL', 'required_replicas': 3, 'alive_replicas': 2}"
c8b0068e-a8f3-46d1-9679-3c07382694f5:ONE:ALL:95,RYW,node_failure,A,WRITE,93767e32-9036-4686-8d82-c9638931ea30,1,,ALL,ONE,node1,True,,15.533,2026-09-16T20:48:24.592738+08:00,
c8b0068e-a8f3-46d1-9679-3c07382694f5:ONE:ALL:95,RYW,node_failure,A,READ,93767e32-9036-4686-8d82-c9638931ea30,1,,ALL,ONE,node2,False,,15.97,2026-09-16T20:48:24.608384+08:00,"Unavailable: Error from server: code=1000 [Unavailable exception] message=""Cannot achieve consistency level ALL"" info={'consistency': 'ALL', 'required_replicas': 3, 'alive_replicas': 2}"
c8b0068e-a8f3-46d1-9679-3c07382694f5:ONE:ALL:96,RYW,node_failure,A,WRITE,5003b7f2-c02e-4bd1-bff1-b291cf7c0b7b,1,,ALL,ONE,node1,True,,15.48,2026-09-16T20:48:24.624382+08:00,
c8b0068e-a8f3-46d1-9679-3c07382694f5:ONE:ALL:96,RYW,node_failure,A,READ,5003b7f2-c02e-4bd1-bff1-b291cf7c0b7b,1,,ALL,ONE,node2,False,,15.565,2026-09-16T20:48:24.640025+08:00,"Unavailable: Error from server: code=1000 [Unavailable exception] message=""Cannot achieve consistency level ALL"" info={'consistency': 'ALL', 'required_replicas': 3, 'alive_replicas': 2}"
c8b0068e-a8f3-46d1-9679-3c07382694f5:ONE:ALL:97,RYW,node_failure,A,WRITE,02a0bd79-38c1-4f7a-b07a-ec042781fa1e,1,,ALL,ONE,node1,True,,15.704,2026-09-16T20:48:24.655615+08:00,
c8b0068e-a8f3-46d1-9679-3c07382694f5:ONE:ALL:97,RYW,node_failure,A,READ,02a0bd79-38c1-4f7a-b07a-ec042781fa1e,1,,ALL,ONE,node2,False,,15.724,2026-09-16T20:48:24.671434+08:00,"Unavailable: Error from server: code=1000 [Unavailable exception] message=""Cannot achieve consistency level ALL"" info={'consistency': 'ALL', 'required_replicas': 3, 'alive_replicas': 2}"
c8b0068e-a8f3-46d1-9679-3c07382694f5:ONE:ALL:98,RYW,node_failure,A,WRITE,90cbdf1d-b64f-4b26-8a76-70c9d53fe83d,1,,ALL,ONE,node1,True,,14.544,2026-09-16T20:48:24.687194+08:00,
c8b0068e-a8f3-46d1-9679-3c07382694f5:ONE:ALL:98,RYW,node_failure,A,READ,90cbdf1d-b64f-4b26-8a76-70c9d53fe83d,1,,ALL,ONE,node2,False,,15.564,2026-09-16T20:48:24.701869+08:00,"Unavailable: Error from server: code=1000 [Unavailable exception] message=""Cannot achieve consistency level ALL"" info={'consistency': 'ALL', 'required_replicas': 3, 'alive_replicas': 2}"
c8b0068e-a8f3-46d1-9679-3c07382694f5:ONE:ALL:99,RYW,node_failure,A,WRITE,4acf5d3d-388e-4eff-a6e1-591e307e28d2,1,,ALL,ONE,node1,True,,15.644,2026-09-16T20:48:24.717457+08:00,
c8b0068e-a8f3-46d1-9679-3c07382694f5:ONE:ALL:99,RYW,node_failure,A,READ,4acf5d3d-388e-4eff-a6e1-591e307e28d2,1,,ALL,ONE,node2,False,,15.742,2026-09-16T20:48:24.733280+08:00,"Unavailable: Error from server: code=1000 [Unavailable exception] message=""Cannot achieve consistency level ALL"" info={'consistency': 'ALL', 'required_replicas': 3, 'alive_replicas': 2}"
c8b0068e-a8f3-46d1-9679-3c07382694f5:ONE:ALL:100,RYW,node_failure,A,WRITE,7141d1a2-fba2-4de2-85a6-536e43264062,1,,ALL,ONE,node1,True,,15.861,2026-09-16T20:48:24.748994+08:00,
c8b0068e-a8f3-46d1-9679-3c07382694f5:ONE:ALL:100,RYW,node_failure,A,READ,7141d1a2-fba2-4de2-85a6-536e43264062,1,,ALL,ONE,node2,False,,15.393,2026-09-16T20:48:24.765012+08:00,"Unavailable: Error from server: code=1000 [Unavailable exception] message=""Cannot achieve consistency level ALL"" info={'consistency': 'ALL', 'required_replicas': 3, 'alive_replicas': 2}"
