trial_id,model,scenario,client,operation,key,version_written,version_observed,read_cl,write_cl,target_node,success,violation,latency_ms,timestamp,error
0b32a7fd-51a0-4d9c-ba8d-4bb0100759c0,monotonic_reads,network_partition,writer-1,write,mr-0b32a7fd-51a0-4d9c-ba8d-4bb0100759c0,1,,,QUORUM,cassandra-1,True,False,3.747,2026-09-16T06:27:55.350260+00:00,
0b32a7fd-51a0-4d9c-ba8d-4bb0100759c0,monotonic_reads,network_partition,writer-1,write,mr-0b32a7fd-51a0-4d9c-ba8d-4bb0100759c0,2,,,QUORUM,cassandra-1,True,False,5.109,2026-09-16T06:27:55.379828+00:00,
0b32a7fd-51a0-4d9c-ba8d-4bb0100759c0,monotonic_reads,network_partition,writer-1,write,mr-0b32a7fd-51a0-4d9c-ba8d-4bb0100759c0,3,,,QUORUM,cassandra-1,True,False,5.222,2026-09-16T06:27:55.405878+00:00,
0b32a7fd-51a0-4d9c-ba8d-4bb0100759c0,monotonic_reads,network_partition,writer-1,write,mr-0b32a7fd-51a0-4d9c-ba8d-4bb0100759c0,4,,,QUORUM,cassandra-1,True,False,4.821,2026-09-16T06:27:55.431568+00:00,
0b32a7fd-51a0-4d9c-ba8d-4bb0100759c0,monotonic_reads,network_partition,writer-1,write,mr-0b32a7fd-51a0-4d9c-ba8d-4bb0100759c0,5,,,QUORUM,cassandra-1,True,False,4.566,2026-09-16T06:27:55.457712+00:00,
0b32a7fd-51a0-4d9c-ba8d-4bb0100759c0,monotonic_reads,network_partition,writer-1,write,mr-0b32a7fd-51a0-4d9c-ba8d-4bb0100759c0,6,,,QUORUM,cassandra-1,True,False,4.634,2026-09-16T06:27:55.486520+00:00,
0b32a7fd-51a0-4d9c-ba8d-4bb0100759c0,monotonic_reads,network_partition,writer-1,write,mr-0b32a7fd-51a0-4d9c-ba8d-4bb0100759c0,7,,,QUORUM,cassandra-1,True,False,5.356,2026-09-16T06:27:55.512949+00:00,
0b32a7fd-51a0-4d9c-ba8d-4bb0100759c0,monotonic_reads,network_partition,writer-1,write,mr-0b32a7fd-51a0-4d9c-ba8d-4bb0100759c0,8,,,QUORUM,cassandra-1,True,False,5.119,2026-09-16T06:27:55.541813+00:00,
0b32a7fd-51a0-4d9c-ba8d-4bb0100759c0,monotonic_reads,network_partition,writer-1,write,mr-0b32a7fd-51a0-4d9c-ba8d-4bb0100759c0,9,,,QUORUM,cassandra-1,True,False,5.039,2026-09-16T06:27:55.568561+00:00,
0b32a7fd-51a0-4d9c-ba8d-4bb0100759c0,monotonic_reads,network_partition,writer-1,write,mr-0b32a7fd-51a0-4d9c-ba8d-4bb0100759c0,10,,,QUORUM,cassandra-1,True,False,5.047,2026-09-16T06:27:55.596713+00:00,
0b32a7fd-51a0-4d9c-ba8d-4bb0100759c0,monotonic_reads,network_partition,writer-1,write,mr-0b32a7fd-51a0-4d9c-ba8d-4bb0100759c0,11,,,QUORUM,cassandra-1,True,False,4.653,2026-09-16T06:27:55.624819+00:00,
0b32a7fd-51a0-4d9c-ba8d-4bb0100759c0,monotonic_reads,network_partition,writer-1,write,mr-0b32a7fd-51a0-4d9c-ba8d-4bb0100759c0,12,,,QUORUM,cassandra-1,True,False,5.468,2026-09-16T06:27:55.651156+00:00,
0b32a7fd-51a0-4d9c-ba8d-4bb0100759c0,monotonic_reads,network_partition,writer-1,write,mr-0b32a7fd-51a0-4d9c-ba8d-4bb0100759c0,13,,,QUORUM,cassandra-1,True,False,5.495,2026-09-16T06:27:55.681930+00:00,
0b32a7fd-51a0-4d9c-ba8d-4bb0100759c0,monotonic_reads,network_partition,writer-1,write,mr-0b32a7fd-51a0-4d9c-ba8d-4bb0100759c0,14,,,QUORUM,cassandra-1,True,False,4.791,2026-09-16T06:27:55.709776+00:00,
0b32a7fd-51a0-4d9c-ba8d-4bb0100759c0,monotonic_reads,network_partition,writer-1,write,mr-0b32a7fd-51a0-4d9c-ba8d-4bb0100759c0,15,,,QUORUM,cassandra-1,True,False,4.832,2026-09-16T06:27:55.735427+00:00,
0b32a7fd-51a0-4d9c-ba8d-4bb0100759c0,monotonic_reads,network_partition,writer-1,write,mr-0b32a7fd-51a0-4d9c-ba8d-4bb0100759c0,16,,,QUORUM,cassandra-1,True,False,4.507,2026-09-16T06:27:55.764587+00:00,
0b32a7fd-51a0-4d9c-ba8d-4bb0100759c0,monotonic_reads,network_partition,writer-1,write,mr-0b32a7fd-51a0-4d9c-ba8d-4bb0100759c0,17,,,QUORUM,cassandra-1,True,False,5.224,2026-09-16T06:27:55.791847+00:00,
0b32a7fd-51a0-4d9c-ba8d-4bb0100759c0,monotonic_reads,network_partition,writer-1,write,mr-0b32a7fd-51a0-4d9c-ba8d-4bb0100759c0,18,,,QUORUM,cassandra-1,True,False,4.96,2026-09-16T06:27:55.819731+00:00,
0b32a7fd-51a0-4d9c-ba8d-4bb0100759c0,monotonic_reads,network_partition,writer-1,write,mr-0b32a7fd-51a0-4d9c-ba8d-4bb0100759c0,19,,,QUORUM,cassandra-1,True,False,6.487,2026-09-16T06:27:55.851793+00:00,
0b32a7fd-51a0-4d9c-ba8d-4bb0100759c0,monotonic_reads,network_partition,writer-1,write,mr-0b32a7fd-51a0-4d9c-ba8d-4bb0100759c0,20,,,QUORUM,cassandra-1,True,False,4.37,2026-09-16T06:27:55.881526+00:00,
0b32a7fd-51a0-4d9c-ba8d-4bb0100759c0,monotonic_reads,network_partition,writer-1,write,mr-0b32a7fd-51a0-4d9c-ba8d-4bb0100759c0,21,,,QUORUM,cassandra-1,True,False,4.883,2026-09-16T06:27:55.906646+00:00,
0b32a7fd-51a0-4d9c-ba8d-4bb0100759c0,monotonic_reads,network_partition,writer-1,write,mr-0b32a7fd-51a0-4d9c-ba8d-4bb0100759c0,22,,,QUORUM,cassandra-1,True,False,4.66,2026-09-16T06:27:55.932755+00:00,
0b32a7fd-51a0-4d9c-ba8d-4bb0100759c0,monotonic_reads,network_partition,writer-1,write,mr-0b32a7fd-51a0-4d9c-ba8d-4bb0100759c0,23,,,QUORUM,cassandra-1,True,False,4.667,2026-09-16T06:27:55.962673+00:00,
0b32a7fd-51a0-4d9c-ba8d-4bb0100759c0,monotonic_reads,network_partition,writer-1,write,mr-0b32a7fd-51a0-4d9c-ba8d-4bb0100759c0,24,,,QUORUM,cassandra-1,True,False,4.674,2026-09-16T06:27:55.989766+00:00,
0b32a7fd-51a0-4d9c-ba8d-4bb0100759c0,monotonic_reads,network_partition,writer-1,write,mr-0b32a7fd-51a0-4d9c-ba8d-4bb0100759c0,25,,,QUORUM,cassandra-1,True,False,4.719,2026-09-16T06:27:56.016777+00:00,
0b32a7fd-51a0-4d9c-ba8d-4bb0100759c0,monotonic_reads,network_partition,writer-1,write,mr-0b32a7fd-51a0-4d9c-ba8d-4bb0100759c0,26,,,QUORUM,cassandra-1,True,False,4.883,2026-09-16T06:27:56.046868+00:00,
0b32a7fd-51a0-4d9c-ba8d-4bb0100759c0,monotonic_reads,network_partition,writer-1,write,mr-0b32a7fd-51a0-4d9c-ba8d-4bb0100759c0,27,,,QUORUM,cassandra-1,True,False,4.979,2026-09-16T06:27:56.075673+00:00,
0b32a7fd-51a0-4d9c-ba8d-4bb0100759c0,monotonic_reads,network_partition,writer-1,write,mr-0b32a7fd-51a0-4d9c-ba8d-4bb0100759c0,28,,,QUORUM,cassandra-1,True,False,5.585,2026-09-16T06:27:56.103035+00:00,
0b32a7fd-51a0-4d9c-ba8d-4bb0100759c0,monotonic_reads,network_partition,writer-1,write,mr-0b32a7fd-51a0-4d9c-ba8d-4bb0100759c0,29,,,QUORUM,cassandra-1,True,False,4.004,2026-09-16T06:27:56.131696+00:00,
0b32a7fd-51a0-4d9c-ba8d-4bb0100759c0,monotonic_reads,network_partition,writer-1,write,mr-0b32a7fd-51a0-4d9c-ba8d-4bb0100759c0,30,,,QUORUM,cassandra-1,True,False,4.842,2026-09-16T06:27:56.161772+00:00,
0b32a7fd-51a0-4d9c-ba8d-4bb0100759c0,monotonic_reads,network_partition,writer-1,write,mr-0b32a7fd-51a0-4d9c-ba8d-4bb0100759c0,31,,,QUORUM,cassandra-1,True,False,5.648,2026-09-16T06:27:56.189048+00:00,
0b32a7fd-51a0-4d9c-ba8d-4bb0100759c0,monotonic_reads,network_partition,writer-1,write,mr-0b32a7fd-51a0-4d9c-ba8d-4bb0100759c0,32,,,QUORUM,cassandra-1,True,False,4.643,2026-09-16T06:27:56.216695+00:00,
0b32a7fd-51a0-4d9c-ba8d-4bb0100759c0,monotonic_reads,network_partition,writer-1,write,mr-0b32a7fd-51a0-4d9c-ba8d-4bb0100759c0,33,,,QUORUM,cassandra-1,True,False,5.147,2026-09-16T06:27:56.245833+00:00,
0b32a7fd-51a0-4d9c-ba8d-4bb0100759c0,monotonic_reads,network_partition,writer-1,write,mr-0b32a7fd-51a0-4d9c-ba8d-4bb0100759c0,34,,,QUORUM,cassandra-1,True,False,5.596,2026-09-16T06:27:56.276029+00:00,
0b32a7fd-51a0-4d9c-ba8d-4bb0100759c0,monotonic_reads,network_partition,writer-1,write,mr-0b32a7fd-51a0-4d9c-ba8d-4bb0100759c0,35,,,QUORUM,cassandra-1,True,False,5.432,2026-09-16T06:27:56.306007+00:00,
0b32a7fd-51a0-4d9c-ba8d-4bb0100759c0,monotonic_reads,network_partition,writer-1,write,mr-0b32a7fd-51a0-4d9c-ba8d-4bb0100759c0,36,,,QUORUM,cassandra-1,True,False,4.883,2026-09-16T06:27:56.331970+00:00,
0b32a7fd-51a0-4d9c-ba8d-4bb0100759c0,monotonic_reads,network_partition,writer-1,write,mr-0b32a7fd-51a0-4d9c-ba8d-4bb0100759c0,37,,,QUORUM,cassandra-1,True,False,15.864,2026-09-16T06:27:56.371941+00:00,
0b32a7fd-51a0-4d9c-ba8d-4bb0100759c0,monotonic_reads,network_partition,writer-1,write,mr-0b32a7fd-51a0-4d9c-ba8d-4bb0100759c0,38,,,QUORUM,cassandra-1,True,False,2.582,2026-09-16T06:27:56.396098+00:00,
0b32a7fd-51a0-4d9c-ba8d-4bb0100759c0,monotonic_reads,network_partition,writer-1,write,mr-0b32a7fd-51a0-4d9c-ba8d-4bb0100759c0,39,,,QUORUM,cassandra-1,True,False,5.376,2026-09-16T06:27:56.422852+00:00,
0b32a7fd-51a0-4d9c-ba8d-4bb0100759c0,monotonic_reads,network_partition,writer-1,write,mr-0b32a7fd-51a0-4d9c-ba8d-4bb0100759c0,40,,,QUORUM,cassandra-1,True,False,4.24,2026-09-16T06:27:56.448310+00:00,
0b32a7fd-51a0-4d9c-ba8d-4bb0100759c0,monotonic_reads,network_partition,writer-1,write,mr-0b32a7fd-51a0-4d9c-ba8d-4bb0100759c0,41,,,QUORUM,cassandra-1,True,False,4.25,2026-09-16T06:27:56.477556+00:00,
0b32a7fd-51a0-4d9c-ba8d-4bb0100759c0,monotonic_reads,network_partition,writer-1,write,mr-0b32a7fd-51a0-4d9c-ba8d-4bb0100759c0,42,,,QUORUM,cassandra-1,True,False,4.689,2026-09-16T06:27:56.502706+00:00,
0b32a7fd-51a0-4d9c-ba8d-4bb0100759c0,monotonic_reads,network_partition,writer-1,write,mr-0b32a7fd-51a0-4d9c-ba8d-4bb0100759c0,43,,,QUORUM,cassandra-1,True,False,5.133,2026-09-16T06:27:56.530816+00:00,
0b32a7fd-51a0-4d9c-ba8d-4bb0100759c0,monotonic_reads,network_partition,writer-1,write,mr-0b32a7fd-51a0-4d9c-ba8d-4bb0100759c0,44,,,QUORUM,cassandra-1,True,False,2.948,2026-09-16T06:27:56.558046+00:00,
0b32a7fd-51a0-4d9c-ba8d-4bb0100759c0,monotonic_reads,network_partition,writer-1,write,mr-0b32a7fd-51a0-4d9c-ba8d-4bb0100759c0,45,,,QUORUM,cassandra-1,True,False,5.376,2026-09-16T06:27:56.585060+00:00,
0b32a7fd-51a0-4d9c-ba8d-4bb0100759c0,monotonic_reads,network_partition,writer-1,write,mr-0b32a7fd-51a0-4d9c-ba8d-4bb0100759c0,46,,,QUORUM,cassandra-1,True,False,2.574,2026-09-16T06:27:56.611124+00:00,
0b32a7fd-51a0-4d9c-ba8d-4bb0100759c0,monotonic_reads,network_partition,writer-1,write,mr-0b32a7fd-51a0-4d9c-ba8d-4bb0100759c0,47,,,QUORUM,cassandra-1,True,False,5.022,2026-09-16T06:27:56.637912+00:00,
0b32a7fd-51a0-4d9c-ba8d-4bb0100759c0,monotonic_reads,network_partition,writer-1,write,mr-0b32a7fd-51a0-4d9c-ba8d-4bb0100759c0,48,,,QUORUM,cassandra-1,True,False,5.262,2026-09-16T06:27:56.664952+00:00,
0b32a7fd-51a0-4d9c-ba8d-4bb0100759c0,monotonic_reads,network_partition,writer-1,write,mr-0b32a7fd-51a0-4d9c-ba8d-4bb0100759c0,49,,,QUORUM,cassandra-1,True,False,5.019,2026-09-16T06:27:56.693722+00:00,
0b32a7fd-51a0-4d9c-ba8d-4bb0100759c0,monotonic_reads,network_partition,writer-1,write,mr-0b32a7fd-51a0-4d9c-ba8d-4bb0100759c0,50,,,QUORUM,cassandra-1,True,False,5.764,2026-09-16T06:27:56.724489+00:00,
0b32a7fd-51a0-4d9c-ba8d-4bb0100759c0,monotonic_reads,network_partition,writer-1,write,mr-0b32a7fd-51a0-4d9c-ba8d-4bb0100759c0,51,,,QUORUM,cassandra-1,True,False,4.968,2026-09-16T06:27:56.750655+00:00,
0b32a7fd-51a0-4d9c-ba8d-4bb0100759c0,monotonic_reads,network_partition,writer-1,write,mr-0b32a7fd-51a0-4d9c-ba8d-4bb0100759c0,52,,,QUORUM,cassandra-1,True,False,4.918,2026-09-16T06:27:56.780801+00:00,
0b32a7fd-51a0-4d9c-ba8d-4bb0100759c0,monotonic_reads,network_partition,writer-1,write,mr-0b32a7fd-51a0-4d9c-ba8d-4bb0100759c0,53,,,QUORUM,cassandra-1,True,False,5.068,2026-09-16T06:27:56.808809+00:00,
0b32a7fd-51a0-4d9c-ba8d-4bb0100759c0,monotonic_reads,network_partition,writer-1,write,mr-0b32a7fd-51a0-4d9c-ba8d-4bb0100759c0,54,,,QUORUM,cassandra-1,True,False,4.808,2026-09-16T06:27:56.836489+00:00,
0b32a7fd-51a0-4d9c-ba8d-4bb0100759c0,monotonic_reads,network_partition,writer-1,write,mr-0b32a7fd-51a0-4d9c-ba8d-4bb0100759c0,55,,,QUORUM,cassandra-1,True,False,5.146,2026-09-16T06:27:56.863824+00:00,
0b32a7fd-51a0-4d9c-ba8d-4bb0100759c0,monotonic_reads,network_partition,writer-1,write,mr-0b32a7fd-51a0-4d9c-ba8d-4bb0100759c0,56,,,QUORUM,cassandra-1,True,False,5.596,2026-09-16T06:27:56.889820+00:00,
0b32a7fd-51a0-4d9c-ba8d-4bb0100759c0,monotonic_reads,network_partition,writer-1,write,mr-0b32a7fd-51a0-4d9c-ba8d-4bb0100759c0,57,,,QUORUM,cassandra-1,True,False,4.761,2026-09-16T06:27:56.917593+00:00,
0b32a7fd-51a0-4d9c-ba8d-4bb0100759c0,monotonic_reads,network_partition,writer-1,write,mr-0b32a7fd-51a0-4d9c-ba8d-4bb0100759c0,58,,,QUORUM,cassandra-1,True,False,4.854,2026-09-16T06:27:56.942871+00:00,
0b32a7fd-51a0-4d9c-ba8d-4bb0100759c0,monotonic_reads,network_partition,writer-1,write,mr-0b32a7fd-51a0-4d9c-ba8d-4bb0100759c0,59,,,QUORUM,cassandra-1,True,False,4.943,2026-09-16T06:27:56.971892+00:00,
0b32a7fd-51a0-4d9c-ba8d-4bb0100759c0,monotonic_reads,network_partition,writer-1,write,mr-0b32a7fd-51a0-4d9c-ba8d-4bb0100759c0,60,,,QUORUM,cassandra-1,True,False,4.754,2026-09-16T06:27:56.997344+00:00,
0b32a7fd-51a0-4d9c-ba8d-4bb0100759c0,monotonic_reads,network_partition,writer-1,write,mr-0b32a7fd-51a0-4d9c-ba8d-4bb0100759c0,61,,,QUORUM,cassandra-1,True,False,5.768,2026-09-16T06:27:57.023835+00:00,
0b32a7fd-51a0-4d9c-ba8d-4bb0100759c0,monotonic_reads,network_partition,writer-1,write,mr-0b32a7fd-51a0-4d9c-ba8d-4bb0100759c0,62,,,QUORUM,cassandra-1,True,False,6.285,2026-09-16T06:27:57.050982+00:00,
0b32a7fd-51a0-4d9c-ba8d-4bb0100759c0,monotonic_reads,network_partition,writer-1,write,mr-0b32a7fd-51a0-4d9c-ba8d-4bb0100759c0,63,,,QUORUM,cassandra-1,True,False,5.634,2026-09-16T06:27:57.081890+00:00,
0b32a7fd-51a0-4d9c-ba8d-4bb0100759c0,monotonic_reads,network_partition,writer-1,write,mr-0b32a7fd-51a0-4d9c-ba8d-4bb0100759c0,64,,,QUORUM,cassandra-1,True,False,3.63,2026-09-16T06:27:57.107291+00:00,
0b32a7fd-51a0-4d9c-ba8d-4bb0100759c0,monotonic_reads,network_partition,writer-1,write,mr-0b32a7fd-51a0-4d9c-ba8d-4bb0100759c0,65,,,QUORUM,cassandra-1,True,False,4.88,2026-09-16T06:27:57.137065+00:00,
0b32a7fd-51a0-4d9c-ba8d-4bb0100759c0,monotonic_reads,network_partition,writer-1,write,mr-0b32a7fd-51a0-4d9c-ba8d-4bb0100759c0,66,,,QUORUM,cassandra-1,True,False,3.109,2026-09-16T06:27:57.161777+00:00,
0b32a7fd-51a0-4d9c-ba8d-4bb0100759c0,monotonic_reads,network_partition,writer-1,write,mr-0b32a7fd-51a0-4d9c-ba8d-4bb0100759c0,67,,,QUORUM,cassandra-1,True,False,5.632,2026-09-16T06:27:57.189852+00:00,
0b32a7fd-51a0-4d9c-ba8d-4bb0100759c0,monotonic_reads,network_partition,writer-1,write,mr-0b32a7fd-51a0-4d9c-ba8d-4bb0100759c0,68,,,QUORUM,cassandra-1,True,False,4.223,2026-09-16T06:27:57.216908+00:00,
0b32a7fd-51a0-4d9c-ba8d-4bb0100759c0,monotonic_reads,network_partition,writer-1,write,mr-0b32a7fd-51a0-4d9c-ba8d-4bb0100759c0,69,,,QUORUM,cassandra-1,True,False,3.172,2026-09-16T06:27:57.241191+00:00,
0b32a7fd-51a0-4d9c-ba8d-4bb0100759c0,monotonic_reads,network_partition,writer-1,write,mr-0b32a7fd-51a0-4d9c-ba8d-4bb0100759c0,70,,,QUORUM,cassandra-1,True,False,4.715,2026-09-16T06:27:57.268787+00:00,
0b32a7fd-51a0-4d9c-ba8d-4bb0100759c0,monotonic_reads,network_partition,writer-1,write,mr-0b32a7fd-51a0-4d9c-ba8d-4bb0100759c0,71,,,QUORUM,cassandra-1,True,False,2.913,2026-09-16T06:27:57.295796+00:00,
0b32a7fd-51a0-4d9c-ba8d-4bb0100759c0,monotonic_reads,network_partition,writer-1,write,mr-0b32a7fd-51a0-4d9c-ba8d-4bb0100759c0,72,,,QUORUM,cassandra-1,True,False,3.331,2026-09-16T06:27:57.320846+00:00,
0b32a7fd-51a0-4d9c-ba8d-4bb0100759c0,monotonic_reads,network_partition,writer-1,write,mr-0b32a7fd-51a0-4d9c-ba8d-4bb0100759c0,73,,,QUORUM,cassandra-1,True,False,2.62,2026-09-16T06:27:57.344155+00:00,
0b32a7fd-51a0-4d9c-ba8d-4bb0100759c0,monotonic_reads,network_partition,writer-1,write,mr-0b32a7fd-51a0-4d9c-ba8d-4bb0100759c0,74,,,QUORUM,cassandra-1,True,False,2.191,2026-09-16T06:27:57.366998+00:00,
0b32a7fd-51a0-4d9c-ba8d-4bb0100759c0,monotonic_reads,network_partition,writer-1,write,mr-0b32a7fd-51a0-4d9c-ba8d-4bb0100759c0,75,,,QUORUM,cassandra-1,True,False,2.907,2026-09-16T06:27:57.395036+00:00,
0b32a7fd-51a0-4d9c-ba8d-4bb0100759c0,monotonic_reads,network_partition,writer-1,write,mr-0b32a7fd-51a0-4d9c-ba8d-4bb0100759c0,76,,,QUORUM,cassandra-1,True,False,2.841,2026-09-16T06:27:57.421001+00:00,
0b32a7fd-51a0-4d9c-ba8d-4bb0100759c0,monotonic_reads,network_partition,writer-1,write,mr-0b32a7fd-51a0-4d9c-ba8d-4bb0100759c0,77,,,QUORUM,cassandra-1,True,False,3.767,2026-09-16T06:27:57.449431+00:00,
0b32a7fd-51a0-4d9c-ba8d-4bb0100759c0,monotonic_reads,network_partition,writer-1,write,mr-0b32a7fd-51a0-4d9c-ba8d-4bb0100759c0,78,,,QUORUM,cassandra-1,True,False,4.778,2026-09-16T06:27:57.478446+00:00,
0b32a7fd-51a0-4d9c-ba8d-4bb0100759c0,monotonic_reads,network_partition,writer-1,write,mr-0b32a7fd-51a0-4d9c-ba8d-4bb0100759c0,79,,,QUORUM,cassandra-1,True,False,5.16,2026-09-16T06:27:57.508614+00:00,
0b32a7fd-51a0-4d9c-ba8d-4bb0100759c0,monotonic_reads,network_partition,writer-1,write,mr-0b32a7fd-51a0-4d9c-ba8d-4bb0100759c0,80,,,QUORUM,cassandra-1,True,False,5.213,2026-09-16T06:27:57.534919+00:00,
0b32a7fd-51a0-4d9c-ba8d-4bb0100759c0,monotonic_reads,network_partition,writer-1,write,mr-0b32a7fd-51a0-4d9c-ba8d-4bb0100759c0,81,,,QUORUM,cassandra-1,True,False,4.668,2026-09-16T06:27:57.562707+00:00,
0b32a7fd-51a0-4d9c-ba8d-4bb0100759c0,monotonic_reads,network_partition,writer-1,write,mr-0b32a7fd-51a0-4d9c-ba8d-4bb0100759c0,82,,,QUORUM,cassandra-1,True,False,5.262,2026-09-16T06:27:57.588938+00:00,
0b32a7fd-51a0-4d9c-ba8d-4bb0100759c0,monotonic_reads,network_partition,writer-1,write,mr-0b32a7fd-51a0-4d9c-ba8d-4bb0100759c0,83,,,QUORUM,cassandra-1,True,False,5.029,2026-09-16T06:27:57.617738+00:00,
0b32a7fd-51a0-4d9c-ba8d-4bb0100759c0,monotonic_reads,network_partition,writer-1,write,mr-0b32a7fd-51a0-4d9c-ba8d-4bb0100759c0,84,,,QUORUM,cassandra-1,True,False,4.829,2026-09-16T06:27:57.647733+00:00,
0b32a7fd-51a0-4d9c-ba8d-4bb0100759c0,monotonic_reads,network_partition,writer-1,write,mr-0b32a7fd-51a0-4d9c-ba8d-4bb0100759c0,85,,,QUORUM,cassandra-1,True,False,4.909,2026-09-16T06:27:57.675631+00:00,
0b32a7fd-51a0-4d9c-ba8d-4bb0100759c0,monotonic_reads,network_partition,writer-1,write,mr-0b32a7fd-51a0-4d9c-ba8d-4bb0100759c0,86,,,QUORUM,cassandra-1,True,False,5.098,2026-09-16T06:27:57.705851+00:00,
0b32a7fd-51a0-4d9c-ba8d-4bb0100759c0,monotonic_reads,network_partition,writer-1,write,mr-0b32a7fd-51a0-4d9c-ba8d-4bb0100759c0,87,,,QUORUM,cassandra-1,True,False,5.179,2026-09-16T06:27:57.731867+00:00,
0b32a7fd-51a0-4d9c-ba8d-4bb0100759c0,monotonic_reads,network_partition,writer-1,write,mr-0b32a7fd-51a0-4d9c-ba8d-4bb0100759c0,88,,,QUORUM,cassandra-1,True,False,5.392,2026-09-16T06:27:57.757838+00:00,
0b32a7fd-51a0-4d9c-ba8d-4bb0100759c0,monotonic_reads,network_partition,writer-1,write,mr-0b32a7fd-51a0-4d9c-ba8d-4bb0100759c0,89,,,QUORUM,cassandra-1,True,False,2.896,2026-09-16T06:27:57.784027+00:00,
0b32a7fd-51a0-4d9c-ba8d-4bb0100759c0,monotonic_reads,network_partition,writer-1,write,mr-0b32a7fd-51a0-4d9c-ba8d-4bb0100759c0,90,,,QUORUM,cassandra-1,True,False,5.764,2026-09-16T06:27:57.813863+00:00,
0b32a7fd-51a0-4d9c-ba8d-4bb0100759c0,monotonic_reads,network_partition,writer-1,write,mr-0b32a7fd-51a0-4d9c-ba8d-4bb0100759c0,91,,,QUORUM,cassandra-1,True,False,4.953,2026-09-16T06:27:57.842537+00:00,
0b32a7fd-51a0-4d9c-ba8d-4bb0100759c0,monotonic_reads,network_partition,writer-1,write,mr-0b32a7fd-51a0-4d9c-ba8d-4bb0100759c0,92,,,QUORUM,cassandra-1,True,False,5.106,2026-09-16T06:27:57.870795+00:00,
0b32a7fd-51a0-4d9c-ba8d-4bb0100759c0,monotonic_reads,network_partition,writer-1,write,mr-0b32a7fd-51a0-4d9c-ba8d-4bb0100759c0,93,,,QUORUM,cassandra-1,True,False,4.861,2026-09-16T06:27:57.899543+00:00,
0b32a7fd-51a0-4d9c-ba8d-4bb0100759c0,monotonic_reads,network_partition,writer-1,write,mr-0b32a7fd-51a0-4d9c-ba8d-4bb0100759c0,94,,,QUORUM,cassandra-1,True,False,5.16,2026-09-16T06:27:57.928522+00:00,
0b32a7fd-51a0-4d9c-ba8d-4bb0100759c0,monotonic_reads,network_partition,writer-1,write,mr-0b32a7fd-51a0-4d9c-ba8d-4bb0100759c0,95,,,QUORUM,cassandra-1,True,False,4.404,2026-09-16T06:27:57.956816+00:00,
0b32a7fd-51a0-4d9c-ba8d-4bb0100759c0,monotonic_reads,network_partition,writer-1,write,mr-0b32a7fd-51a0-4d9c-ba8d-4bb0100759c0,96,,,QUORUM,cassandra-1,True,False,5.139,2026-09-16T06:27:57.983796+00:00,
0b32a7fd-51a0-4d9c-ba8d-4bb0100759c0,monotonic_reads,network_partition,writer-1,write,mr-0b32a7fd-51a0-4d9c-ba8d-4bb0100759c0,97,,,QUORUM,cassandra-1,True,False,4.837,2026-09-16T06:27:58.012541+00:00,
0b32a7fd-51a0-4d9c-ba8d-4bb0100759c0,monotonic_reads,network_partition,writer-1,write,mr-0b32a7fd-51a0-4d9c-ba8d-4bb0100759c0,98,,,QUORUM,cassandra-1,True,False,5.503,2026-09-16T06:27:58.041922+00:00,
0b32a7fd-51a0-4d9c-ba8d-4bb0100759c0,monotonic_reads,network_partition,writer-1,write,mr-0b32a7fd-51a0-4d9c-ba8d-4bb0100759c0,99,,,QUORUM,cassandra-1,True,False,5.263,2026-09-16T06:27:58.070962+00:00,
0b32a7fd-51a0-4d9c-ba8d-4bb0100759c0,monotonic_reads,network_partition,writer-1,write,mr-0b32a7fd-51a0-4d9c-ba8d-4bb0100759c0,100,,,QUORUM,cassandra-1,True,False,5.529,2026-09-16T06:27:58.098216+00:00,
0b32a7fd-51a0-4d9c-ba8d-4bb0100759c0,monotonic_reads,network_partition,writer-1,write,mr-0b32a7fd-51a0-4d9c-ba8d-4bb0100759c0,101,,,QUORUM,cassandra-1,True,False,4.152,2026-09-16T06:27:58.127646+00:00,
0b32a7fd-51a0-4d9c-ba8d-4bb0100759c0,monotonic_reads,network_partition,writer-1,write,mr-0b32a7fd-51a0-4d9c-ba8d-4bb0100759c0,102,,,QUORUM,cassandra-1,True,False,4.746,2026-09-16T06:27:58.157656+00:00,
0b32a7fd-51a0-4d9c-ba8d-4bb0100759c0,monotonic_reads,network_partition,writer-1,write,mr-0b32a7fd-51a0-4d9c-ba8d-4bb0100759c0,103,,,QUORUM,cassandra-1,True,False,4.959,2026-09-16T06:27:58.187070+00:00,
0b32a7fd-51a0-4d9c-ba8d-4bb0100759c0,monotonic_reads,network_partition,writer-1,write,mr-0b32a7fd-51a0-4d9c-ba8d-4bb0100759c0,104,,,QUORUM,cassandra-1,True,False,4.624,2026-09-16T06:27:58.215551+00:00,
0b32a7fd-51a0-4d9c-ba8d-4bb0100759c0,monotonic_reads,network_partition,writer-1,write,mr-0b32a7fd-51a0-4d9c-ba8d-4bb0100759c0,105,,,QUORUM,cassandra-1,True,False,4.542,2026-09-16T06:27:58.244582+00:00,
0b32a7fd-51a0-4d9c-ba8d-4bb0100759c0,monotonic_reads,network_partition,writer-1,write,mr-0b32a7fd-51a0-4d9c-ba8d-4bb0100759c0,106,,,QUORUM,cassandra-1,True,False,5.186,2026-09-16T06:27:58.271373+00:00,
0b32a7fd-51a0-4d9c-ba8d-4bb0100759c0,monotonic_reads,network_partition,writer-1,write,mr-0b32a7fd-51a0-4d9c-ba8d-4bb0100759c0,107,,,QUORUM,cassandra-1,True,False,4.578,2026-09-16T06:27:58.296661+00:00,
0b32a7fd-51a0-4d9c-ba8d-4bb0100759c0,monotonic_reads,network_partition,writer-1,write,mr-0b32a7fd-51a0-4d9c-ba8d-4bb0100759c0,108,,,QUORUM,cassandra-1,True,False,5.646,2026-09-16T06:27:58.323230+00:00,
0b32a7fd-51a0-4d9c-ba8d-4bb0100759c0,monotonic_reads,network_partition,writer-1,write,mr-0b32a7fd-51a0-4d9c-ba8d-4bb0100759c0,109,,,QUORUM,cassandra-1,True,False,5.119,2026-09-16T06:27:58.351940+00:00,
0b32a7fd-51a0-4d9c-ba8d-4bb0100759c0,monotonic_reads,network_partition,writer-1,write,mr-0b32a7fd-51a0-4d9c-ba8d-4bb0100759c0,110,,,QUORUM,cassandra-1,True,False,5.001,2026-09-16T06:27:58.377690+00:00,
0b32a7fd-51a0-4d9c-ba8d-4bb0100759c0,monotonic_reads,network_partition,writer-1,write,mr-0b32a7fd-51a0-4d9c-ba8d-4bb0100759c0,111,,,QUORUM,cassandra-1,True,False,5.439,2026-09-16T06:27:58.407146+00:00,
0b32a7fd-51a0-4d9c-ba8d-4bb0100759c0,monotonic_reads,network_partition,writer-1,write,mr-0b32a7fd-51a0-4d9c-ba8d-4bb0100759c0,112,,,QUORUM,cassandra-1,True,False,5.911,2026-09-16T06:27:58.437226+00:00,
0b32a7fd-51a0-4d9c-ba8d-4bb0100759c0,monotonic_reads,network_partition,writer-1,write,mr-0b32a7fd-51a0-4d9c-ba8d-4bb0100759c0,113,,,QUORUM,cassandra-1,True,False,5.105,2026-09-16T06:27:58.465673+00:00,
0b32a7fd-51a0-4d9c-ba8d-4bb0100759c0,monotonic_reads,network_partition,writer-1,write,mr-0b32a7fd-51a0-4d9c-ba8d-4bb0100759c0,114,,,QUORUM,cassandra-1,True,False,2.494,2026-09-16T06:27:58.491175+00:00,
0b32a7fd-51a0-4d9c-ba8d-4bb0100759c0,monotonic_reads,network_partition,writer-1,write,mr-0b32a7fd-51a0-4d9c-ba8d-4bb0100759c0,115,,,QUORUM,cassandra-1,True,False,4.55,2026-09-16T06:27:58.520650+00:00,
0b32a7fd-51a0-4d9c-ba8d-4bb0100759c0,monotonic_reads,network_partition,writer-1,write,mr-0b32a7fd-51a0-4d9c-ba8d-4bb0100759c0,116,,,QUORUM,cassandra-1,True,False,4.475,2026-09-16T06:27:58.548670+00:00,
0b32a7fd-51a0-4d9c-ba8d-4bb0100759c0,monotonic_reads,network_partition,writer-1,write,mr-0b32a7fd-51a0-4d9c-ba8d-4bb0100759c0,117,,,QUORUM,cassandra-1,True,False,4.917,2026-09-16T06:27:58.577729+00:00,
0b32a7fd-51a0-4d9c-ba8d-4bb0100759c0,monotonic_reads,network_partition,writer-1,write,mr-0b32a7fd-51a0-4d9c-ba8d-4bb0100759c0,118,,,QUORUM,cassandra-1,True,False,4.629,2026-09-16T06:27:58.604300+00:00,
0b32a7fd-51a0-4d9c-ba8d-4bb0100759c0,monotonic_reads,network_partition,writer-1,write,mr-0b32a7fd-51a0-4d9c-ba8d-4bb0100759c0,119,,,QUORUM,cassandra-1,True,False,5.29,2026-09-16T06:27:58.631963+00:00,
0b32a7fd-51a0-4d9c-ba8d-4bb0100759c0,monotonic_reads,network_partition,writer-1,write,mr-0b32a7fd-51a0-4d9c-ba8d-4bb0100759c0,120,,,QUORUM,cassandra-1,True,False,4.729,2026-09-16T06:27:58.661757+00:00,
0b32a7fd-51a0-4d9c-ba8d-4bb0100759c0,monotonic_reads,network_partition,writer-1,write,mr-0b32a7fd-51a0-4d9c-ba8d-4bb0100759c0,121,,,QUORUM,cassandra-1,True,False,4.532,2026-09-16T06:27:58.689702+00:00,
0b32a7fd-51a0-4d9c-ba8d-4bb0100759c0,monotonic_reads,network_partition,writer-1,write,mr-0b32a7fd-51a0-4d9c-ba8d-4bb0100759c0,122,,,QUORUM,cassandra-1,True,False,5.088,2026-09-16T06:27:58.715768+00:00,
0b32a7fd-51a0-4d9c-ba8d-4bb0100759c0,monotonic_reads,network_partition,writer-1,write,mr-0b32a7fd-51a0-4d9c-ba8d-4bb0100759c0,123,,,QUORUM,cassandra-1,True,False,4.002,2026-09-16T06:27:58.744690+00:00,
0b32a7fd-51a0-4d9c-ba8d-4bb0100759c0,monotonic_reads,network_partition,writer-1,write,mr-0b32a7fd-51a0-4d9c-ba8d-4bb0100759c0,124,,,QUORUM,cassandra-1,True,False,2.305,2026-09-16T06:27:58.771952+00:00,
0b32a7fd-51a0-4d9c-ba8d-4bb0100759c0,monotonic_reads,network_partition,writer-1,write,mr-0b32a7fd-51a0-4d9c-ba8d-4bb0100759c0,125,,,QUORUM,cassandra-1,True,False,5.181,2026-09-16T06:27:58.800653+00:00,
0b32a7fd-51a0-4d9c-ba8d-4bb0100759c0,monotonic_reads,network_partition,writer-1,write,mr-0b32a7fd-51a0-4d9c-ba8d-4bb0100759c0,126,,,QUORUM,cassandra-1,True,False,2.451,2026-09-16T06:27:58.825054+00:00,
0b32a7fd-51a0-4d9c-ba8d-4bb0100759c0,monotonic_reads,network_partition,writer-1,write,mr-0b32a7fd-51a0-4d9c-ba8d-4bb0100759c0,127,,,QUORUM,cassandra-1,True,False,5.266,2026-09-16T06:27:58.853931+00:00,
0b32a7fd-51a0-4d9c-ba8d-4bb0100759c0,monotonic_reads,network_partition,writer-1,write,mr-0b32a7fd-51a0-4d9c-ba8d-4bb0100759c0,128,,,QUORUM,cassandra-1,True,False,4.666,2026-09-16T06:27:58.879746+00:00,
0b32a7fd-51a0-4d9c-ba8d-4bb0100759c0,monotonic_reads,network_partition,writer-1,write,mr-0b32a7fd-51a0-4d9c-ba8d-4bb0100759c0,129,,,QUORUM,cassandra-1,True,False,4.755,2026-09-16T06:27:58.908583+00:00,
0b32a7fd-51a0-4d9c-ba8d-4bb0100759c0,monotonic_reads,network_partition,writer-1,write,mr-0b32a7fd-51a0-4d9c-ba8d-4bb0100759c0,130,,,QUORUM,cassandra-1,True,False,4.895,2026-09-16T06:27:58.937733+00:00,
0b32a7fd-51a0-4d9c-ba8d-4bb0100759c0,monotonic_reads,network_partition,writer-1,write,mr-0b32a7fd-51a0-4d9c-ba8d-4bb0100759c0,131,,,QUORUM,cassandra-1,True,False,4.375,2026-09-16T06:27:58.965540+00:00,
0b32a7fd-51a0-4d9c-ba8d-4bb0100759c0,monotonic_reads,network_partition,writer-1,write,mr-0b32a7fd-51a0-4d9c-ba8d-4bb0100759c0,132,,,QUORUM,cassandra-1,True,False,4.279,2026-09-16T06:27:58.994651+00:00,
0b32a7fd-51a0-4d9c-ba8d-4bb0100759c0,monotonic_reads,network_partition,writer-1,write,mr-0b32a7fd-51a0-4d9c-ba8d-4bb0100759c0,133,,,QUORUM,cassandra-1,True,False,4.868,2026-09-16T06:27:59.023580+00:00,
0b32a7fd-51a0-4d9c-ba8d-4bb0100759c0,monotonic_reads,network_partition,writer-1,write,mr-0b32a7fd-51a0-4d9c-ba8d-4bb0100759c0,134,,,QUORUM,cassandra-1,True,False,4.979,2026-09-16T06:27:59.050686+00:00,
0b32a7fd-51a0-4d9c-ba8d-4bb0100759c0,monotonic_reads,network_partition,writer-1,write,mr-0b32a7fd-51a0-4d9c-ba8d-4bb0100759c0,135,,,QUORUM,cassandra-1,True,False,5.045,2026-09-16T06:27:59.076774+00:00,
0b32a7fd-51a0-4d9c-ba8d-4bb0100759c0,monotonic_reads,network_partition,writer-1,write,mr-0b32a7fd-51a0-4d9c-ba8d-4bb0100759c0,136,,,QUORUM,cassandra-1,True,False,3.076,2026-09-16T06:27:59.105025+00:00,
0b32a7fd-51a0-4d9c-ba8d-4bb0100759c0,monotonic_reads,network_partition,writer-1,write,mr-0b32a7fd-51a0-4d9c-ba8d-4bb0100759c0,137,,,QUORUM,cassandra-1,True,False,5.382,2026-09-16T06:27:59.133923+00:00,
0b32a7fd-51a0-4d9c-ba8d-4bb0100759c0,monotonic_reads,network_partition,writer-1,write,mr-0b32a7fd-51a0-4d9c-ba8d-4bb0100759c0,138,,,QUORUM,cassandra-1,True,False,3.104,2026-09-16T06:27:59.158762+00:00,
0b32a7fd-51a0-4d9c-ba8d-4bb0100759c0,monotonic_reads,network_partition,writer-1,write,mr-0b32a7fd-51a0-4d9c-ba8d-4bb0100759c0,139,,,QUORUM,cassandra-1,True,False,5.183,2026-09-16T06:27:59.188122+00:00,
0b32a7fd-51a0-4d9c-ba8d-4bb0100759c0,monotonic_reads,network_partition,writer-1,write,mr-0b32a7fd-51a0-4d9c-ba8d-4bb0100759c0,140,,,QUORUM,cassandra-1,True,False,5.133,2026-09-16T06:27:59.213692+00:00,
0b32a7fd-51a0-4d9c-ba8d-4bb0100759c0,monotonic_reads,network_partition,writer-1,write,mr-0b32a7fd-51a0-4d9c-ba8d-4bb0100759c0,141,,,QUORUM,cassandra-1,True,False,6.313,2026-09-16T06:27:59.243558+00:00,
0b32a7fd-51a0-4d9c-ba8d-4bb0100759c0,monotonic_reads,network_partition,writer-1,write,mr-0b32a7fd-51a0-4d9c-ba8d-4bb0100759c0,142,,,QUORUM,cassandra-1,True,False,5.694,2026-09-16T06:27:59.269772+00:00,
0b32a7fd-51a0-4d9c-ba8d-4bb0100759c0,monotonic_reads,network_partition,writer-1,write,mr-0b32a7fd-51a0-4d9c-ba8d-4bb0100759c0,143,,,QUORUM,cassandra-1,True,False,4.592,2026-09-16T06:27:59.295677+00:00,
0b32a7fd-51a0-4d9c-ba8d-4bb0100759c0,monotonic_reads,network_partition,writer-1,write,mr-0b32a7fd-51a0-4d9c-ba8d-4bb0100759c0,144,,,QUORUM,cassandra-1,True,False,4.94,2026-09-16T06:27:59.325645+00:00,
0b32a7fd-51a0-4d9c-ba8d-4bb0100759c0,monotonic_reads,network_partition,writer-1,write,mr-0b32a7fd-51a0-4d9c-ba8d-4bb0100759c0,145,,,QUORUM,cassandra-1,True,False,3.713,2026-09-16T06:27:59.354282+00:00,
0b32a7fd-51a0-4d9c-ba8d-4bb0100759c0,monotonic_reads,network_partition,writer-1,write,mr-0b32a7fd-51a0-4d9c-ba8d-4bb0100759c0,146,,,QUORUM,cassandra-1,True,False,5.915,2026-09-16T06:27:59.383919+00:00,
0b32a7fd-51a0-4d9c-ba8d-4bb0100759c0,monotonic_reads,network_partition,writer-1,write,mr-0b32a7fd-51a0-4d9c-ba8d-4bb0100759c0,147,,,QUORUM,cassandra-1,True,False,2.897,2026-09-16T06:27:59.412030+00:00,
0b32a7fd-51a0-4d9c-ba8d-4bb0100759c0,monotonic_reads,network_partition,writer-1,write,mr-0b32a7fd-51a0-4d9c-ba8d-4bb0100759c0,148,,,QUORUM,cassandra-1,True,False,2.826,2026-09-16T06:27:59.440037+00:00,
0b32a7fd-51a0-4d9c-ba8d-4bb0100759c0,monotonic_reads,network_partition,writer-1,write,mr-0b32a7fd-51a0-4d9c-ba8d-4bb0100759c0,149,,,QUORUM,cassandra-1,True,False,2.935,2026-09-16T06:27:59.463155+00:00,
0b32a7fd-51a0-4d9c-ba8d-4bb0100759c0,monotonic_reads,network_partition,writer-1,write,mr-0b32a7fd-51a0-4d9c-ba8d-4bb0100759c0,150,,,QUORUM,cassandra-1,True,False,2.994,2026-09-16T06:27:59.489107+00:00,
0b32a7fd-51a0-4d9c-ba8d-4bb0100759c0,monotonic_reads,network_partition,writer-1,write,mr-0b32a7fd-51a0-4d9c-ba8d-4bb0100759c0,151,,,QUORUM,cassandra-1,True,False,2.8,2026-09-16T06:27:59.517055+00:00,
0b32a7fd-51a0-4d9c-ba8d-4bb0100759c0,monotonic_reads,network_partition,writer-1,write,mr-0b32a7fd-51a0-4d9c-ba8d-4bb0100759c0,152,,,QUORUM,cassandra-1,True,False,3.872,2026-09-16T06:27:59.545561+00:00,
0b32a7fd-51a0-4d9c-ba8d-4bb0100759c0,monotonic_reads,network_partition,writer-1,write,mr-0b32a7fd-51a0-4d9c-ba8d-4bb0100759c0,153,,,QUORUM,cassandra-1,True,False,5.368,2026-09-16T06:27:59.573190+00:00,
0b32a7fd-51a0-4d9c-ba8d-4bb0100759c0,monotonic_reads,network_partition,writer-1,write,mr-0b32a7fd-51a0-4d9c-ba8d-4bb0100759c0,154,,,QUORUM,cassandra-1,True,False,4.99,2026-09-16T06:27:59.598688+00:00,
0b32a7fd-51a0-4d9c-ba8d-4bb0100759c0,monotonic_reads,network_partition,writer-1,write,mr-0b32a7fd-51a0-4d9c-ba8d-4bb0100759c0,155,,,QUORUM,cassandra-1,True,False,4.992,2026-09-16T06:27:59.628872+00:00,
0b32a7fd-51a0-4d9c-ba8d-4bb0100759c0,monotonic_reads,network_partition,writer-1,write,mr-0b32a7fd-51a0-4d9c-ba8d-4bb0100759c0,156,,,QUORUM,cassandra-1,True,False,5.097,2026-09-16T06:27:59.657504+00:00,
0b32a7fd-51a0-4d9c-ba8d-4bb0100759c0,monotonic_reads,network_partition,writer-1,write,mr-0b32a7fd-51a0-4d9c-ba8d-4bb0100759c0,157,,,QUORUM,cassandra-1,True,False,5.282,2026-09-16T06:27:59.688015+00:00,
0b32a7fd-51a0-4d9c-ba8d-4bb0100759c0,monotonic_reads,network_partition,writer-1,write,mr-0b32a7fd-51a0-4d9c-ba8d-4bb0100759c0,158,,,QUORUM,cassandra-1,True,False,5.232,2026-09-16T06:27:59.714817+00:00,
0b32a7fd-51a0-4d9c-ba8d-4bb0100759c0,monotonic_reads,network_partition,writer-1,write,mr-0b32a7fd-51a0-4d9c-ba8d-4bb0100759c0,159,,,QUORUM,cassandra-1,True,False,4.575,2026-09-16T06:27:59.744537+00:00,
0b32a7fd-51a0-4d9c-ba8d-4bb0100759c0,monotonic_reads,network_partition,writer-1,write,mr-0b32a7fd-51a0-4d9c-ba8d-4bb0100759c0,160,,,QUORUM,cassandra-1,True,False,2.636,2026-09-16T06:27:59.770165+00:00,
0b32a7fd-51a0-4d9c-ba8d-4bb0100759c0,monotonic_reads,network_partition,writer-1,write,mr-0b32a7fd-51a0-4d9c-ba8d-4bb0100759c0,161,,,QUORUM,cassandra-1,True,False,4.899,2026-09-16T06:27:59.796829+00:00,
0b32a7fd-51a0-4d9c-ba8d-4bb0100759c0,monotonic_reads,network_partition,writer-1,write,mr-0b32a7fd-51a0-4d9c-ba8d-4bb0100759c0,162,,,QUORUM,cassandra-1,True,False,2.355,2026-09-16T06:27:59.824023+00:00,
0b32a7fd-51a0-4d9c-ba8d-4bb0100759c0,monotonic_reads,network_partition,writer-1,write,mr-0b32a7fd-51a0-4d9c-ba8d-4bb0100759c0,163,,,QUORUM,cassandra-1,True,False,4.381,2026-09-16T06:27:59.849559+00:00,
0b32a7fd-51a0-4d9c-ba8d-4bb0100759c0,monotonic_reads,network_partition,writer-1,write,mr-0b32a7fd-51a0-4d9c-ba8d-4bb0100759c0,164,,,QUORUM,cassandra-1,True,False,5.247,2026-09-16T06:27:59.879998+00:00,
0b32a7fd-51a0-4d9c-ba8d-4bb0100759c0,monotonic_reads,network_partition,writer-1,write,mr-0b32a7fd-51a0-4d9c-ba8d-4bb0100759c0,165,,,QUORUM,cassandra-1,True,False,4.973,2026-09-16T06:27:59.908588+00:00,
0b32a7fd-51a0-4d9c-ba8d-4bb0100759c0,monotonic_reads,network_partition,writer-1,write,mr-0b32a7fd-51a0-4d9c-ba8d-4bb0100759c0,166,,,QUORUM,cassandra-1,True,False,4.975,2026-09-16T06:27:59.937037+00:00,
0b32a7fd-51a0-4d9c-ba8d-4bb0100759c0,monotonic_reads,network_partition,writer-1,write,mr-0b32a7fd-51a0-4d9c-ba8d-4bb0100759c0,167,,,QUORUM,cassandra-1,True,False,4.814,2026-09-16T06:27:59.962778+00:00,
0b32a7fd-51a0-4d9c-ba8d-4bb0100759c0,monotonic_reads,network_partition,writer-1,write,mr-0b32a7fd-51a0-4d9c-ba8d-4bb0100759c0,168,,,QUORUM,cassandra-1,True,False,4.918,2026-09-16T06:27:59.990534+00:00,
0b32a7fd-51a0-4d9c-ba8d-4bb0100759c0,monotonic_reads,network_partition,writer-1,write,mr-0b32a7fd-51a0-4d9c-ba8d-4bb0100759c0,169,,,QUORUM,cassandra-1,True,False,5.035,2026-09-16T06:28:00.020697+00:00,
0b32a7fd-51a0-4d9c-ba8d-4bb0100759c0,monotonic_reads,network_partition,writer-1,write,mr-0b32a7fd-51a0-4d9c-ba8d-4bb0100759c0,170,,,QUORUM,cassandra-1,True,False,4.895,2026-09-16T06:28:00.048997+00:00,
0b32a7fd-51a0-4d9c-ba8d-4bb0100759c0,monotonic_reads,network_partition,writer-1,write,mr-0b32a7fd-51a0-4d9c-ba8d-4bb0100759c0,171,,,QUORUM,cassandra-1,True,False,5.321,2026-09-16T06:28:00.074895+00:00,
0b32a7fd-51a0-4d9c-ba8d-4bb0100759c0,monotonic_reads,network_partition,writer-1,write,mr-0b32a7fd-51a0-4d9c-ba8d-4bb0100759c0,172,,,QUORUM,cassandra-1,True,False,4.32,2026-09-16T06:28:00.104336+00:00,
0b32a7fd-51a0-4d9c-ba8d-4bb0100759c0,monotonic_reads,network_partition,writer-1,write,mr-0b32a7fd-51a0-4d9c-ba8d-4bb0100759c0,173,,,QUORUM,cassandra-1,True,False,3.966,2026-09-16T06:28:00.130639+00:00,
0b32a7fd-51a0-4d9c-ba8d-4bb0100759c0,monotonic_reads,network_partition,writer-1,write,mr-0b32a7fd-51a0-4d9c-ba8d-4bb0100759c0,174,,,QUORUM,cassandra-1,True,False,3.793,2026-09-16T06:28:00.159512+00:00,
0b32a7fd-51a0-4d9c-ba8d-4bb0100759c0,monotonic_reads,network_partition,writer-1,write,mr-0b32a7fd-51a0-4d9c-ba8d-4bb0100759c0,175,,,QUORUM,cassandra-1,True,False,3.803,2026-09-16T06:28:00.188376+00:00,
0b32a7fd-51a0-4d9c-ba8d-4bb0100759c0,monotonic_reads,network_partition,writer-1,write,mr-0b32a7fd-51a0-4d9c-ba8d-4bb0100759c0,176,,,QUORUM,cassandra-1,True,False,4.653,2026-09-16T06:28:00.218155+00:00,
0b32a7fd-51a0-4d9c-ba8d-4bb0100759c0,monotonic_reads,network_partition,writer-1,write,mr-0b32a7fd-51a0-4d9c-ba8d-4bb0100759c0,177,,,QUORUM,cassandra-1,True,False,4.758,2026-09-16T06:28:00.247963+00:00,
0b32a7fd-51a0-4d9c-ba8d-4bb0100759c0,monotonic_reads,network_partition,writer-1,write,mr-0b32a7fd-51a0-4d9c-ba8d-4bb0100759c0,178,,,QUORUM,cassandra-1,True,False,2.221,2026-09-16T06:28:00.275113+00:00,
0b32a7fd-51a0-4d9c-ba8d-4bb0100759c0,monotonic_reads,network_partition,writer-1,write,mr-0b32a7fd-51a0-4d9c-ba8d-4bb0100759c0,179,,,QUORUM,cassandra-1,True,False,4.774,2026-09-16T06:28:00.302792+00:00,
0b32a7fd-51a0-4d9c-ba8d-4bb0100759c0,monotonic_reads,network_partition,writer-1,write,mr-0b32a7fd-51a0-4d9c-ba8d-4bb0100759c0,180,,,QUORUM,cassandra-1,True,False,3.81,2026-09-16T06:28:00.330038+00:00,
0b32a7fd-51a0-4d9c-ba8d-4bb0100759c0,monotonic_reads,network_partition,writer-1,write,mr-0b32a7fd-51a0-4d9c-ba8d-4bb0100759c0,181,,,QUORUM,cassandra-1,True,False,4.594,2026-09-16T06:28:00.355450+00:00,
0b32a7fd-51a0-4d9c-ba8d-4bb0100759c0,monotonic_reads,network_partition,writer-1,write,mr-0b32a7fd-51a0-4d9c-ba8d-4bb0100759c0,182,,,QUORUM,cassandra-1,True,False,4.578,2026-09-16T06:28:00.382592+00:00,
0b32a7fd-51a0-4d9c-ba8d-4bb0100759c0,monotonic_reads,network_partition,writer-1,write,mr-0b32a7fd-51a0-4d9c-ba8d-4bb0100759c0,183,,,QUORUM,cassandra-1,True,False,5.433,2026-09-16T06:28:00.410092+00:00,
0b32a7fd-51a0-4d9c-ba8d-4bb0100759c0,monotonic_reads,network_partition,writer-1,write,mr-0b32a7fd-51a0-4d9c-ba8d-4bb0100759c0,184,,,QUORUM,cassandra-1,True,False,4.172,2026-09-16T06:28:00.439458+00:00,
0b32a7fd-51a0-4d9c-ba8d-4bb0100759c0,monotonic_reads,network_partition,writer-1,write,mr-0b32a7fd-51a0-4d9c-ba8d-4bb0100759c0,185,,,QUORUM,cassandra-1,True,False,5.189,2026-09-16T06:28:00.468877+00:00,
0b32a7fd-51a0-4d9c-ba8d-4bb0100759c0,monotonic_reads,network_partition,writer-1,write,mr-0b32a7fd-51a0-4d9c-ba8d-4bb0100759c0,186,,,QUORUM,cassandra-1,True,False,5.956,2026-09-16T06:28:00.498497+00:00,
0b32a7fd-51a0-4d9c-ba8d-4bb0100759c0,monotonic_reads,network_partition,writer-1,write,mr-0b32a7fd-51a0-4d9c-ba8d-4bb0100759c0,187,,,QUORUM,cassandra-1,True,False,5.271,2026-09-16T06:28:00.527742+00:00,
0b32a7fd-51a0-4d9c-ba8d-4bb0100759c0,monotonic_reads,network_partition,writer-1,write,mr-0b32a7fd-51a0-4d9c-ba8d-4bb0100759c0,188,,,QUORUM,cassandra-1,True,False,5.015,2026-09-16T06:28:00.553692+00:00,
0b32a7fd-51a0-4d9c-ba8d-4bb0100759c0,monotonic_reads,network_partition,writer-1,write,mr-0b32a7fd-51a0-4d9c-ba8d-4bb0100759c0,189,,,QUORUM,cassandra-1,True,False,4.197,2026-09-16T06:28:00.582273+00:00,
0b32a7fd-51a0-4d9c-ba8d-4bb0100759c0,monotonic_reads,network_partition,writer-1,write,mr-0b32a7fd-51a0-4d9c-ba8d-4bb0100759c0,190,,,QUORUM,cassandra-1,True,False,4.85,2026-09-16T06:28:00.608560+00:00,
0b32a7fd-51a0-4d9c-ba8d-4bb0100759c0,monotonic_reads,network_partition,writer-1,write,mr-0b32a7fd-51a0-4d9c-ba8d-4bb0100759c0,191,,,QUORUM,cassandra-1,True,False,5.444,2026-09-16T06:28:00.635965+00:00,
0b32a7fd-51a0-4d9c-ba8d-4bb0100759c0,monotonic_reads,network_partition,writer-1,write,mr-0b32a7fd-51a0-4d9c-ba8d-4bb0100759c0,192,,,QUORUM,cassandra-1,True,False,4.901,2026-09-16T06:28:00.665615+00:00,
0b32a7fd-51a0-4d9c-ba8d-4bb0100759c0,monotonic_reads,network_partition,writer-1,write,mr-0b32a7fd-51a0-4d9c-ba8d-4bb0100759c0,193,,,QUORUM,cassandra-1,True,False,4.869,2026-09-16T06:28:00.690795+00:00,
0b32a7fd-51a0-4d9c-ba8d-4bb0100759c0,monotonic_reads,network_partition,writer-1,write,mr-0b32a7fd-51a0-4d9c-ba8d-4bb0100759c0,194,,,QUORUM,cassandra-1,True,False,4.979,2026-09-16T06:28:00.719157+00:00,
0b32a7fd-51a0-4d9c-ba8d-4bb0100759c0,monotonic_reads,network_partition,writer-1,write,mr-0b32a7fd-51a0-4d9c-ba8d-4bb0100759c0,195,,,QUORUM,cassandra-1,True,False,4.851,2026-09-16T06:28:00.748726+00:00,
0b32a7fd-51a0-4d9c-ba8d-4bb0100759c0,monotonic_reads,network_partition,writer-1,write,mr-0b32a7fd-51a0-4d9c-ba8d-4bb0100759c0,196,,,QUORUM,cassandra-1,True,False,5.114,2026-09-16T06:28:00.778775+00:00,
0b32a7fd-51a0-4d9c-ba8d-4bb0100759c0,monotonic_reads,network_partition,writer-1,write,mr-0b32a7fd-51a0-4d9c-ba8d-4bb0100759c0,197,,,QUORUM,cassandra-1,True,False,4.935,2026-09-16T06:28:00.808761+00:00,
0b32a7fd-51a0-4d9c-ba8d-4bb0100759c0,monotonic_reads,network_partition,writer-1,write,mr-0b32a7fd-51a0-4d9c-ba8d-4bb0100759c0,198,,,QUORUM,cassandra-1,True,False,5.112,2026-09-16T06:28:00.838779+00:00,
0b32a7fd-51a0-4d9c-ba8d-4bb0100759c0,monotonic_reads,network_partition,reader-1,read,mr-0b32a7fd-51a0-4d9c-ba8d-4bb0100759c0,,198,QUORUM,QUORUM,cassandra-1,True,False,5044.315,2026-09-16T06:28:00.860205+00:00,
0b32a7fd-51a0-4d9c-ba8d-4bb0100759c0,monotonic_reads,network_partition,writer-1,write,mr-0b32a7fd-51a0-4d9c-ba8d-4bb0100759c0,199,,,QUORUM,cassandra-1,True,False,3.387,2026-09-16T06:28:00.865245+00:00,
0b32a7fd-51a0-4d9c-ba8d-4bb0100759c0,monotonic_reads,network_partition,writer-1,write,mr-0b32a7fd-51a0-4d9c-ba8d-4bb0100759c0,200,,,QUORUM,cassandra-1,True,False,8.938,2026-09-16T06:28:00.894941+00:00,
0b32a7fd-51a0-4d9c-ba8d-4bb0100759c0,monotonic_reads,network_partition,writer-1,write,mr-0b32a7fd-51a0-4d9c-ba8d-4bb0100759c0,201,,,QUORUM,cassandra-1,True,False,4.098,2026-09-16T06:28:00.927738+00:00,
0b32a7fd-51a0-4d9c-ba8d-4bb0100759c0,monotonic_reads,network_partition,writer-1,write,mr-0b32a7fd-51a0-4d9c-ba8d-4bb0100759c0,202,,,QUORUM,cassandra-1,True,False,4.587,2026-09-16T06:28:00.955910+00:00,
0b32a7fd-51a0-4d9c-ba8d-4bb0100759c0,monotonic_reads,network_partition,writer-1,write,mr-0b32a7fd-51a0-4d9c-ba8d-4bb0100759c0,203,,,QUORUM,cassandra-1,True,False,6.334,2026-09-16T06:28:00.987057+00:00,
0b32a7fd-51a0-4d9c-ba8d-4bb0100759c0,monotonic_reads,network_partition,writer-1,write,mr-0b32a7fd-51a0-4d9c-ba8d-4bb0100759c0,204,,,QUORUM,cassandra-1,True,False,5.184,2026-09-16T06:28:01.014006+00:00,
0b32a7fd-51a0-4d9c-ba8d-4bb0100759c0,monotonic_reads,network_partition,writer-1,write,mr-0b32a7fd-51a0-4d9c-ba8d-4bb0100759c0,205,,,QUORUM,cassandra-1,True,False,4.61,2026-09-16T06:28:01.041689+00:00,
0b32a7fd-51a0-4d9c-ba8d-4bb0100759c0,monotonic_reads,network_partition,writer-1,write,mr-0b32a7fd-51a0-4d9c-ba8d-4bb0100759c0,206,,,QUORUM,cassandra-1,True,False,6.292,2026-09-16T06:28:01.073151+00:00,
0b32a7fd-51a0-4d9c-ba8d-4bb0100759c0,monotonic_reads,network_partition,writer-1,write,mr-0b32a7fd-51a0-4d9c-ba8d-4bb0100759c0,207,,,QUORUM,cassandra-1,True,False,5.461,2026-09-16T06:28:01.099145+00:00,
0b32a7fd-51a0-4d9c-ba8d-4bb0100759c0,monotonic_reads,network_partition,writer-1,write,mr-0b32a7fd-51a0-4d9c-ba8d-4bb0100759c0,208,,,QUORUM,cassandra-1,True,False,4.942,2026-09-16T06:28:01.126021+00:00,
0b32a7fd-51a0-4d9c-ba8d-4bb0100759c0,monotonic_reads,network_partition,writer-1,write,mr-0b32a7fd-51a0-4d9c-ba8d-4bb0100759c0,209,,,QUORUM,cassandra-1,True,False,3.222,2026-09-16T06:28:01.154061+00:00,
0b32a7fd-51a0-4d9c-ba8d-4bb0100759c0,monotonic_reads,network_partition,writer-1,write,mr-0b32a7fd-51a0-4d9c-ba8d-4bb0100759c0,210,,,QUORUM,cassandra-1,True,False,4.956,2026-09-16T06:28:01.179651+00:00,
0b32a7fd-51a0-4d9c-ba8d-4bb0100759c0,monotonic_reads,network_partition,writer-1,write,mr-0b32a7fd-51a0-4d9c-ba8d-4bb0100759c0,211,,,QUORUM,cassandra-1,True,False,4.235,2026-09-16T06:28:01.205915+00:00,
0b32a7fd-51a0-4d9c-ba8d-4bb0100759c0,monotonic_reads,network_partition,writer-1,write,mr-0b32a7fd-51a0-4d9c-ba8d-4bb0100759c0,212,,,QUORUM,cassandra-1,True,False,5.26,2026-09-16T06:28:01.235724+00:00,
0b32a7fd-51a0-4d9c-ba8d-4bb0100759c0,monotonic_reads,network_partition,writer-1,write,mr-0b32a7fd-51a0-4d9c-ba8d-4bb0100759c0,213,,,QUORUM,cassandra-1,True,False,4.637,2026-09-16T06:28:01.265577+00:00,
0b32a7fd-51a0-4d9c-ba8d-4bb0100759c0,monotonic_reads,network_partition,writer-1,write,mr-0b32a7fd-51a0-4d9c-ba8d-4bb0100759c0,214,,,QUORUM,cassandra-1,True,False,4.896,2026-09-16T06:28:01.294586+00:00,
0b32a7fd-51a0-4d9c-ba8d-4bb0100759c0,monotonic_reads,network_partition,writer-1,write,mr-0b32a7fd-51a0-4d9c-ba8d-4bb0100759c0,215,,,QUORUM,cassandra-1,True,False,4.819,2026-09-16T06:28:01.322833+00:00,
0b32a7fd-51a0-4d9c-ba8d-4bb0100759c0,monotonic_reads,network_partition,writer-1,write,mr-0b32a7fd-51a0-4d9c-ba8d-4bb0100759c0,216,,,QUORUM,cassandra-1,True,False,5.106,2026-09-16T06:28:01.348810+00:00,
0b32a7fd-51a0-4d9c-ba8d-4bb0100759c0,monotonic_reads,network_partition,writer-1,write,mr-0b32a7fd-51a0-4d9c-ba8d-4bb0100759c0,217,,,QUORUM,cassandra-1,True,False,4.603,2026-09-16T06:28:01.376693+00:00,
0b32a7fd-51a0-4d9c-ba8d-4bb0100759c0,monotonic_reads,network_partition,writer-1,write,mr-0b32a7fd-51a0-4d9c-ba8d-4bb0100759c0,218,,,QUORUM,cassandra-1,True,False,5.312,2026-09-16T06:28:01.404867+00:00,
0b32a7fd-51a0-4d9c-ba8d-4bb0100759c0,monotonic_reads,network_partition,writer-1,write,mr-0b32a7fd-51a0-4d9c-ba8d-4bb0100759c0,219,,,QUORUM,cassandra-1,True,False,5.216,2026-09-16T06:28:01.433897+00:00,
0b32a7fd-51a0-4d9c-ba8d-4bb0100759c0,monotonic_reads,network_partition,writer-1,write,mr-0b32a7fd-51a0-4d9c-ba8d-4bb0100759c0,220,,,QUORUM,cassandra-1,True,False,5.399,2026-09-16T06:28:01.460644+00:00,
0b32a7fd-51a0-4d9c-ba8d-4bb0100759c0,monotonic_reads,network_partition,writer-1,write,mr-0b32a7fd-51a0-4d9c-ba8d-4bb0100759c0,221,,,QUORUM,cassandra-1,True,False,4.841,2026-09-16T06:28:01.486519+00:00,
0b32a7fd-51a0-4d9c-ba8d-4bb0100759c0,monotonic_reads,network_partition,writer-1,write,mr-0b32a7fd-51a0-4d9c-ba8d-4bb0100759c0,222,,,QUORUM,cassandra-1,True,False,5.21,2026-09-16T06:28:01.513777+00:00,
0b32a7fd-51a0-4d9c-ba8d-4bb0100759c0,monotonic_reads,network_partition,writer-1,write,mr-0b32a7fd-51a0-4d9c-ba8d-4bb0100759c0,223,,,QUORUM,cassandra-1,True,False,4.988,2026-09-16T06:28:01.540659+00:00,
0b32a7fd-51a0-4d9c-ba8d-4bb0100759c0,monotonic_reads,network_partition,writer-1,write,mr-0b32a7fd-51a0-4d9c-ba8d-4bb0100759c0,224,,,QUORUM,cassandra-1,True,False,5.392,2026-09-16T06:28:01.570095+00:00,
0b32a7fd-51a0-4d9c-ba8d-4bb0100759c0,monotonic_reads,network_partition,writer-1,write,mr-0b32a7fd-51a0-4d9c-ba8d-4bb0100759c0,225,,,QUORUM,cassandra-1,True,False,5.218,2026-09-16T06:28:01.597911+00:00,
0b32a7fd-51a0-4d9c-ba8d-4bb0100759c0,monotonic_reads,network_partition,writer-1,write,mr-0b32a7fd-51a0-4d9c-ba8d-4bb0100759c0,226,,,QUORUM,cassandra-1,True,False,5.238,2026-09-16T06:28:01.626781+00:00,
0b32a7fd-51a0-4d9c-ba8d-4bb0100759c0,monotonic_reads,network_partition,writer-1,write,mr-0b32a7fd-51a0-4d9c-ba8d-4bb0100759c0,227,,,QUORUM,cassandra-1,True,False,5.358,2026-09-16T06:28:01.656208+00:00,
0b32a7fd-51a0-4d9c-ba8d-4bb0100759c0,monotonic_reads,network_partition,writer-1,write,mr-0b32a7fd-51a0-4d9c-ba8d-4bb0100759c0,228,,,QUORUM,cassandra-1,True,False,5.352,2026-09-16T06:28:01.682017+00:00,
0b32a7fd-51a0-4d9c-ba8d-4bb0100759c0,monotonic_reads,network_partition,writer-1,write,mr-0b32a7fd-51a0-4d9c-ba8d-4bb0100759c0,229,,,QUORUM,cassandra-1,True,False,4.867,2026-09-16T06:28:01.708780+00:00,
0b32a7fd-51a0-4d9c-ba8d-4bb0100759c0,monotonic_reads,network_partition,writer-1,write,mr-0b32a7fd-51a0-4d9c-ba8d-4bb0100759c0,230,,,QUORUM,cassandra-1,True,False,4.862,2026-09-16T06:28:01.737860+00:00,
0b32a7fd-51a0-4d9c-ba8d-4bb0100759c0,monotonic_reads,network_partition,writer-1,write,mr-0b32a7fd-51a0-4d9c-ba8d-4bb0100759c0,231,,,QUORUM,cassandra-1,True,False,5.135,2026-09-16T06:28:01.763835+00:00,
0b32a7fd-51a0-4d9c-ba8d-4bb0100759c0,monotonic_reads,network_partition,writer-1,write,mr-0b32a7fd-51a0-4d9c-ba8d-4bb0100759c0,232,,,QUORUM,cassandra-1,True,False,2.16,2026-09-16T06:28:01.788076+00:00,
0b32a7fd-51a0-4d9c-ba8d-4bb0100759c0,monotonic_reads,network_partition,writer-1,write,mr-0b32a7fd-51a0-4d9c-ba8d-4bb0100759c0,233,,,QUORUM,cassandra-1,True,False,5.784,2026-09-16T06:28:01.814984+00:00,
0b32a7fd-51a0-4d9c-ba8d-4bb0100759c0,monotonic_reads,network_partition,writer-1,write,mr-0b32a7fd-51a0-4d9c-ba8d-4bb0100759c0,234,,,QUORUM,cassandra-1,True,False,4.978,2026-09-16T06:28:01.843656+00:00,
0b32a7fd-51a0-4d9c-ba8d-4bb0100759c0,monotonic_reads,network_partition,writer-1,write,mr-0b32a7fd-51a0-4d9c-ba8d-4bb0100759c0,235,,,QUORUM,cassandra-1,True,False,5.015,2026-09-16T06:28:01.872953+00:00,
0b32a7fd-51a0-4d9c-ba8d-4bb0100759c0,monotonic_reads,network_partition,writer-1,write,mr-0b32a7fd-51a0-4d9c-ba8d-4bb0100759c0,236,,,QUORUM,cassandra-1,True,False,4.432,2026-09-16T06:28:01.902460+00:00,
0b32a7fd-51a0-4d9c-ba8d-4bb0100759c0,monotonic_reads,network_partition,writer-1,write,mr-0b32a7fd-51a0-4d9c-ba8d-4bb0100759c0,237,,,QUORUM,cassandra-1,True,False,4.726,2026-09-16T06:28:01.929554+00:00,
0b32a7fd-51a0-4d9c-ba8d-4bb0100759c0,monotonic_reads,network_partition,writer-1,write,mr-0b32a7fd-51a0-4d9c-ba8d-4bb0100759c0,238,,,QUORUM,cassandra-1,True,False,4.578,2026-09-16T06:28:01.956764+00:00,
0b32a7fd-51a0-4d9c-ba8d-4bb0100759c0,monotonic_reads,network_partition,writer-1,write,mr-0b32a7fd-51a0-4d9c-ba8d-4bb0100759c0,239,,,QUORUM,cassandra-1,True,False,4.33,2026-09-16T06:28:01.985492+00:00,
0b32a7fd-51a0-4d9c-ba8d-4bb0100759c0,monotonic_reads,network_partition,writer-1,write,mr-0b32a7fd-51a0-4d9c-ba8d-4bb0100759c0,240,,,QUORUM,cassandra-1,True,False,4.606,2026-09-16T06:28:02.013851+00:00,
0b32a7fd-51a0-4d9c-ba8d-4bb0100759c0,monotonic_reads,network_partition,writer-1,write,mr-0b32a7fd-51a0-4d9c-ba8d-4bb0100759c0,241,,,QUORUM,cassandra-1,True,False,4.843,2026-09-16T06:28:02.042878+00:00,
0b32a7fd-51a0-4d9c-ba8d-4bb0100759c0,monotonic_reads,network_partition,writer-1,write,mr-0b32a7fd-51a0-4d9c-ba8d-4bb0100759c0,242,,,QUORUM,cassandra-1,True,False,5.884,2026-09-16T06:28:02.073412+00:00,
0b32a7fd-51a0-4d9c-ba8d-4bb0100759c0,monotonic_reads,network_partition,writer-1,write,mr-0b32a7fd-51a0-4d9c-ba8d-4bb0100759c0,243,,,QUORUM,cassandra-1,True,False,5.849,2026-09-16T06:28:02.103021+00:00,
0b32a7fd-51a0-4d9c-ba8d-4bb0100759c0,monotonic_reads,network_partition,writer-1,write,mr-0b32a7fd-51a0-4d9c-ba8d-4bb0100759c0,244,,,QUORUM,cassandra-1,True,False,5.342,2026-09-16T06:28:02.128821+00:00,
0b32a7fd-51a0-4d9c-ba8d-4bb0100759c0,monotonic_reads,network_partition,writer-1,write,mr-0b32a7fd-51a0-4d9c-ba8d-4bb0100759c0,245,,,QUORUM,cassandra-1,True,False,5.977,2026-09-16T06:28:02.156228+00:00,
0b32a7fd-51a0-4d9c-ba8d-4bb0100759c0,monotonic_reads,network_partition,writer-1,write,mr-0b32a7fd-51a0-4d9c-ba8d-4bb0100759c0,246,,,QUORUM,cassandra-1,True,False,5.44,2026-09-16T06:28:02.182212+00:00,
0b32a7fd-51a0-4d9c-ba8d-4bb0100759c0,monotonic_reads,network_partition,writer-1,write,mr-0b32a7fd-51a0-4d9c-ba8d-4bb0100759c0,247,,,QUORUM,cassandra-1,True,False,5.235,2026-09-16T06:28:02.208864+00:00,
0b32a7fd-51a0-4d9c-ba8d-4bb0100759c0,monotonic_reads,network_partition,writer-1,write,mr-0b32a7fd-51a0-4d9c-ba8d-4bb0100759c0,248,,,QUORUM,cassandra-1,True,False,5.053,2026-09-16T06:28:02.234857+00:00,
0b32a7fd-51a0-4d9c-ba8d-4bb0100759c0,monotonic_reads,network_partition,writer-1,write,mr-0b32a7fd-51a0-4d9c-ba8d-4bb0100759c0,249,,,QUORUM,cassandra-1,True,False,5.377,2026-09-16T06:28:02.260818+00:00,
0b32a7fd-51a0-4d9c-ba8d-4bb0100759c0,monotonic_reads,network_partition,writer-1,write,mr-0b32a7fd-51a0-4d9c-ba8d-4bb0100759c0,250,,,QUORUM,cassandra-1,True,False,5.3,2026-09-16T06:28:02.291006+00:00,
0b32a7fd-51a0-4d9c-ba8d-4bb0100759c0,monotonic_reads,network_partition,writer-1,write,mr-0b32a7fd-51a0-4d9c-ba8d-4bb0100759c0,251,,,QUORUM,cassandra-1,True,False,6.114,2026-09-16T06:28:02.322373+00:00,
0b32a7fd-51a0-4d9c-ba8d-4bb0100759c0,monotonic_reads,network_partition,writer-1,write,mr-0b32a7fd-51a0-4d9c-ba8d-4bb0100759c0,252,,,QUORUM,cassandra-1,True,False,5.056,2026-09-16T06:28:02.352146+00:00,
0b32a7fd-51a0-4d9c-ba8d-4bb0100759c0,monotonic_reads,network_partition,writer-1,write,mr-0b32a7fd-51a0-4d9c-ba8d-4bb0100759c0,253,,,QUORUM,cassandra-1,True,False,4.818,2026-09-16T06:28:02.382193+00:00,
0b32a7fd-51a0-4d9c-ba8d-4bb0100759c0,monotonic_reads,network_partition,writer-1,write,mr-0b32a7fd-51a0-4d9c-ba8d-4bb0100759c0,254,,,QUORUM,cassandra-1,True,False,5.12,2026-09-16T06:28:02.409024+00:00,
0b32a7fd-51a0-4d9c-ba8d-4bb0100759c0,monotonic_reads,network_partition,writer-1,write,mr-0b32a7fd-51a0-4d9c-ba8d-4bb0100759c0,255,,,QUORUM,cassandra-1,True,False,5.55,2026-09-16T06:28:02.438677+00:00,
0b32a7fd-51a0-4d9c-ba8d-4bb0100759c0,monotonic_reads,network_partition,writer-1,write,mr-0b32a7fd-51a0-4d9c-ba8d-4bb0100759c0,256,,,QUORUM,cassandra-1,True,False,4.345,2026-09-16T06:28:02.464496+00:00,
0b32a7fd-51a0-4d9c-ba8d-4bb0100759c0,monotonic_reads,network_partition,writer-1,write,mr-0b32a7fd-51a0-4d9c-ba8d-4bb0100759c0,257,,,QUORUM,cassandra-1,True,False,2.4,2026-09-16T06:28:02.489040+00:00,
0b32a7fd-51a0-4d9c-ba8d-4bb0100759c0,monotonic_reads,network_partition,writer-1,write,mr-0b32a7fd-51a0-4d9c-ba8d-4bb0100759c0,258,,,QUORUM,cassandra-1,True,False,5.128,2026-09-16T06:28:02.514781+00:00,
0b32a7fd-51a0-4d9c-ba8d-4bb0100759c0,monotonic_reads,network_partition,writer-1,write,mr-0b32a7fd-51a0-4d9c-ba8d-4bb0100759c0,259,,,QUORUM,cassandra-1,True,False,4.699,2026-09-16T06:28:02.544650+00:00,
0b32a7fd-51a0-4d9c-ba8d-4bb0100759c0,monotonic_reads,network_partition,writer-1,write,mr-0b32a7fd-51a0-4d9c-ba8d-4bb0100759c0,260,,,QUORUM,cassandra-1,True,False,5.817,2026-09-16T06:28:02.574933+00:00,
0b32a7fd-51a0-4d9c-ba8d-4bb0100759c0,monotonic_reads,network_partition,writer-1,write,mr-0b32a7fd-51a0-4d9c-ba8d-4bb0100759c0,261,,,QUORUM,cassandra-1,True,False,5.065,2026-09-16T06:28:02.602141+00:00,
0b32a7fd-51a0-4d9c-ba8d-4bb0100759c0,monotonic_reads,network_partition,writer-1,write,mr-0b32a7fd-51a0-4d9c-ba8d-4bb0100759c0,262,,,QUORUM,cassandra-1,True,False,21.288,2026-09-16T06:28:02.645552+00:00,
0b32a7fd-51a0-4d9c-ba8d-4bb0100759c0,monotonic_reads,network_partition,writer-1,write,mr-0b32a7fd-51a0-4d9c-ba8d-4bb0100759c0,263,,,QUORUM,cassandra-1,True,False,3.615,2026-09-16T06:28:02.674425+00:00,
0b32a7fd-51a0-4d9c-ba8d-4bb0100759c0,monotonic_reads,network_partition,writer-1,write,mr-0b32a7fd-51a0-4d9c-ba8d-4bb0100759c0,264,,,QUORUM,cassandra-1,True,False,5.308,2026-09-16T06:28:02.703995+00:00,
0b32a7fd-51a0-4d9c-ba8d-4bb0100759c0,monotonic_reads,network_partition,writer-1,write,mr-0b32a7fd-51a0-4d9c-ba8d-4bb0100759c0,265,,,QUORUM,cassandra-1,True,False,5.554,2026-09-16T06:28:02.732236+00:00,
0b32a7fd-51a0-4d9c-ba8d-4bb0100759c0,monotonic_reads,network_partition,writer-1,write,mr-0b32a7fd-51a0-4d9c-ba8d-4bb0100759c0,266,,,QUORUM,cassandra-1,True,False,4.059,2026-09-16T06:28:02.758718+00:00,
0b32a7fd-51a0-4d9c-ba8d-4bb0100759c0,monotonic_reads,network_partition,writer-1,write,mr-0b32a7fd-51a0-4d9c-ba8d-4bb0100759c0,267,,,QUORUM,cassandra-1,True,False,4.78,2026-09-16T06:28:02.785430+00:00,
0b32a7fd-51a0-4d9c-ba8d-4bb0100759c0,monotonic_reads,network_partition,writer-1,write,mr-0b32a7fd-51a0-4d9c-ba8d-4bb0100759c0,268,,,QUORUM,cassandra-1,True,False,2.795,2026-09-16T06:28:02.811201+00:00,
0b32a7fd-51a0-4d9c-ba8d-4bb0100759c0,monotonic_reads,network_partition,writer-1,write,mr-0b32a7fd-51a0-4d9c-ba8d-4bb0100759c0,269,,,QUORUM,cassandra-1,True,False,2.473,2026-09-16T06:28:02.836121+00:00,
0b32a7fd-51a0-4d9c-ba8d-4bb0100759c0,monotonic_reads,network_partition,writer-1,write,mr-0b32a7fd-51a0-4d9c-ba8d-4bb0100759c0,270,,,QUORUM,cassandra-1,True,False,4.833,2026-09-16T06:28:02.863884+00:00,
0b32a7fd-51a0-4d9c-ba8d-4bb0100759c0,monotonic_reads,network_partition,writer-1,write,mr-0b32a7fd-51a0-4d9c-ba8d-4bb0100759c0,271,,,QUORUM,cassandra-1,True,False,5.367,2026-09-16T06:28:02.892025+00:00,
0b32a7fd-51a0-4d9c-ba8d-4bb0100759c0,monotonic_reads,network_partition,writer-1,write,mr-0b32a7fd-51a0-4d9c-ba8d-4bb0100759c0,272,,,QUORUM,cassandra-1,True,False,4.716,2026-09-16T06:28:02.921660+00:00,
0b32a7fd-51a0-4d9c-ba8d-4bb0100759c0,monotonic_reads,network_partition,writer-1,write,mr-0b32a7fd-51a0-4d9c-ba8d-4bb0100759c0,273,,,QUORUM,cassandra-1,True,False,4.486,2026-09-16T06:28:02.948180+00:00,
0b32a7fd-51a0-4d9c-ba8d-4bb0100759c0,monotonic_reads,network_partition,writer-1,write,mr-0b32a7fd-51a0-4d9c-ba8d-4bb0100759c0,274,,,QUORUM,cassandra-1,True,False,5.219,2026-09-16T06:28:02.976927+00:00,
0b32a7fd-51a0-4d9c-ba8d-4bb0100759c0,monotonic_reads,network_partition,writer-1,write,mr-0b32a7fd-51a0-4d9c-ba8d-4bb0100759c0,275,,,QUORUM,cassandra-1,True,False,4.38,2026-09-16T06:28:03.006104+00:00,
0b32a7fd-51a0-4d9c-ba8d-4bb0100759c0,monotonic_reads,network_partition,writer-1,write,mr-0b32a7fd-51a0-4d9c-ba8d-4bb0100759c0,276,,,QUORUM,cassandra-1,True,False,5.291,2026-09-16T06:28:03.032982+00:00,
0b32a7fd-51a0-4d9c-ba8d-4bb0100759c0,monotonic_reads,network_partition,writer-1,write,mr-0b32a7fd-51a0-4d9c-ba8d-4bb0100759c0,277,,,QUORUM,cassandra-1,True,False,5.278,2026-09-16T06:28:03.061908+00:00,
0b32a7fd-51a0-4d9c-ba8d-4bb0100759c0,monotonic_reads,network_partition,writer-1,write,mr-0b32a7fd-51a0-4d9c-ba8d-4bb0100759c0,278,,,QUORUM,cassandra-1,True,False,4.66,2026-09-16T06:28:03.089706+00:00,
0b32a7fd-51a0-4d9c-ba8d-4bb0100759c0,monotonic_reads,network_partition,writer-1,write,mr-0b32a7fd-51a0-4d9c-ba8d-4bb0100759c0,279,,,QUORUM,cassandra-1,True,False,2.437,2026-09-16T06:28:03.113094+00:00,
0b32a7fd-51a0-4d9c-ba8d-4bb0100759c0,monotonic_reads,network_partition,writer-1,write,mr-0b32a7fd-51a0-4d9c-ba8d-4bb0100759c0,280,,,QUORUM,cassandra-1,True,False,4.94,2026-09-16T06:28:03.142955+00:00,
0b32a7fd-51a0-4d9c-ba8d-4bb0100759c0,monotonic_reads,network_partition,writer-1,write,mr-0b32a7fd-51a0-4d9c-ba8d-4bb0100759c0,281,,,QUORUM,cassandra-1,True,False,4.298,2026-09-16T06:28:03.169395+00:00,
0b32a7fd-51a0-4d9c-ba8d-4bb0100759c0,monotonic_reads,network_partition,writer-1,write,mr-0b32a7fd-51a0-4d9c-ba8d-4bb0100759c0,282,,,QUORUM,cassandra-1,True,False,5.384,2026-09-16T06:28:03.195059+00:00,
0b32a7fd-51a0-4d9c-ba8d-4bb0100759c0,monotonic_reads,network_partition,writer-1,write,mr-0b32a7fd-51a0-4d9c-ba8d-4bb0100759c0,283,,,QUORUM,cassandra-1,True,False,5.465,2026-09-16T06:28:03.223963+00:00,
0b32a7fd-51a0-4d9c-ba8d-4bb0100759c0,monotonic_reads,network_partition,writer-1,write,mr-0b32a7fd-51a0-4d9c-ba8d-4bb0100759c0,284,,,QUORUM,cassandra-1,True,False,6.074,2026-09-16T06:28:03.254737+00:00,
0b32a7fd-51a0-4d9c-ba8d-4bb0100759c0,monotonic_reads,network_partition,writer-1,write,mr-0b32a7fd-51a0-4d9c-ba8d-4bb0100759c0,285,,,QUORUM,cassandra-1,True,False,4.956,2026-09-16T06:28:03.283640+00:00,
0b32a7fd-51a0-4d9c-ba8d-4bb0100759c0,monotonic_reads,network_partition,writer-1,write,mr-0b32a7fd-51a0-4d9c-ba8d-4bb0100759c0,286,,,QUORUM,cassandra-1,True,False,6.586,2026-09-16T06:28:03.312837+00:00,
0b32a7fd-51a0-4d9c-ba8d-4bb0100759c0,monotonic_reads,network_partition,writer-1,write,mr-0b32a7fd-51a0-4d9c-ba8d-4bb0100759c0,287,,,QUORUM,cassandra-1,True,False,5.139,2026-09-16T06:28:03.342922+00:00,
0b32a7fd-51a0-4d9c-ba8d-4bb0100759c0,monotonic_reads,network_partition,writer-1,write,mr-0b32a7fd-51a0-4d9c-ba8d-4bb0100759c0,288,,,QUORUM,cassandra-1,True,False,5.454,2026-09-16T06:28:03.373128+00:00,
0b32a7fd-51a0-4d9c-ba8d-4bb0100759c0,monotonic_reads,network_partition,writer-1,write,mr-0b32a7fd-51a0-4d9c-ba8d-4bb0100759c0,289,,,QUORUM,cassandra-1,True,False,4.832,2026-09-16T06:28:03.400777+00:00,
0b32a7fd-51a0-4d9c-ba8d-4bb0100759c0,monotonic_reads,network_partition,writer-1,write,mr-0b32a7fd-51a0-4d9c-ba8d-4bb0100759c0,290,,,QUORUM,cassandra-1,True,False,4.991,2026-09-16T06:28:03.426020+00:00,
0b32a7fd-51a0-4d9c-ba8d-4bb0100759c0,monotonic_reads,network_partition,writer-1,write,mr-0b32a7fd-51a0-4d9c-ba8d-4bb0100759c0,291,,,QUORUM,cassandra-1,True,False,4.64,2026-09-16T06:28:03.455310+00:00,
0b32a7fd-51a0-4d9c-ba8d-4bb0100759c0,monotonic_reads,network_partition,writer-1,write,mr-0b32a7fd-51a0-4d9c-ba8d-4bb0100759c0,292,,,QUORUM,cassandra-1,True,False,5.22,2026-09-16T06:28:03.480900+00:00,
0b32a7fd-51a0-4d9c-ba8d-4bb0100759c0,monotonic_reads,network_partition,writer-1,write,mr-0b32a7fd-51a0-4d9c-ba8d-4bb0100759c0,293,,,QUORUM,cassandra-1,True,False,4.316,2026-09-16T06:28:03.509751+00:00,
0b32a7fd-51a0-4d9c-ba8d-4bb0100759c0,monotonic_reads,network_partition,writer-1,write,mr-0b32a7fd-51a0-4d9c-ba8d-4bb0100759c0,294,,,QUORUM,cassandra-1,True,False,5.023,2026-09-16T06:28:03.539821+00:00,
0b32a7fd-51a0-4d9c-ba8d-4bb0100759c0,monotonic_reads,network_partition,writer-1,write,mr-0b32a7fd-51a0-4d9c-ba8d-4bb0100759c0,295,,,QUORUM,cassandra-1,True,False,6.064,2026-09-16T06:28:03.567889+00:00,
0b32a7fd-51a0-4d9c-ba8d-4bb0100759c0,monotonic_reads,network_partition,writer-1,write,mr-0b32a7fd-51a0-4d9c-ba8d-4bb0100759c0,296,,,QUORUM,cassandra-1,True,False,4.969,2026-09-16T06:28:03.595646+00:00,
0b32a7fd-51a0-4d9c-ba8d-4bb0100759c0,monotonic_reads,network_partition,writer-1,write,mr-0b32a7fd-51a0-4d9c-ba8d-4bb0100759c0,297,,,QUORUM,cassandra-1,True,False,4.834,2026-09-16T06:28:03.622861+00:00,
0b32a7fd-51a0-4d9c-ba8d-4bb0100759c0,monotonic_reads,network_partition,writer-1,write,mr-0b32a7fd-51a0-4d9c-ba8d-4bb0100759c0,298,,,QUORUM,cassandra-1,True,False,5.202,2026-09-16T06:28:03.652573+00:00,
0b32a7fd-51a0-4d9c-ba8d-4bb0100759c0,monotonic_reads,network_partition,writer-1,write,mr-0b32a7fd-51a0-4d9c-ba8d-4bb0100759c0,299,,,QUORUM,cassandra-1,True,False,5.324,2026-09-16T06:28:03.679969+00:00,
0b32a7fd-51a0-4d9c-ba8d-4bb0100759c0,monotonic_reads,network_partition,writer-1,write,mr-0b32a7fd-51a0-4d9c-ba8d-4bb0100759c0,300,,,QUORUM,cassandra-1,True,False,5.007,2026-09-16T06:28:03.707995+00:00,
0b32a7fd-51a0-4d9c-ba8d-4bb0100759c0,monotonic_reads,network_partition,writer-1,write,mr-0b32a7fd-51a0-4d9c-ba8d-4bb0100759c0,301,,,QUORUM,cassandra-1,True,False,5.665,2026-09-16T06:28:03.737209+00:00,
0b32a7fd-51a0-4d9c-ba8d-4bb0100759c0,monotonic_reads,network_partition,writer-1,write,mr-0b32a7fd-51a0-4d9c-ba8d-4bb0100759c0,302,,,QUORUM,cassandra-1,True,False,5.586,2026-09-16T06:28:03.764269+00:00,
0b32a7fd-51a0-4d9c-ba8d-4bb0100759c0,monotonic_reads,network_partition,writer-1,write,mr-0b32a7fd-51a0-4d9c-ba8d-4bb0100759c0,303,,,QUORUM,cassandra-1,True,False,4.377,2026-09-16T06:28:03.793454+00:00,
0b32a7fd-51a0-4d9c-ba8d-4bb0100759c0,monotonic_reads,network_partition,writer-1,write,mr-0b32a7fd-51a0-4d9c-ba8d-4bb0100759c0,304,,,QUORUM,cassandra-1,True,False,4.738,2026-09-16T06:28:03.822787+00:00,
0b32a7fd-51a0-4d9c-ba8d-4bb0100759c0,monotonic_reads,network_partition,writer-1,write,mr-0b32a7fd-51a0-4d9c-ba8d-4bb0100759c0,305,,,QUORUM,cassandra-1,True,False,5.358,2026-09-16T06:28:03.849809+00:00,
0b32a7fd-51a0-4d9c-ba8d-4bb0100759c0,monotonic_reads,network_partition,writer-1,write,mr-0b32a7fd-51a0-4d9c-ba8d-4bb0100759c0,306,,,QUORUM,cassandra-1,True,False,2.605,2026-09-16T06:28:03.873254+00:00,
0b32a7fd-51a0-4d9c-ba8d-4bb0100759c0,monotonic_reads,network_partition,writer-1,write,mr-0b32a7fd-51a0-4d9c-ba8d-4bb0100759c0,307,,,QUORUM,cassandra-1,True,False,4.397,2026-09-16T06:28:03.902422+00:00,
0b32a7fd-51a0-4d9c-ba8d-4bb0100759c0,monotonic_reads,network_partition,writer-1,write,mr-0b32a7fd-51a0-4d9c-ba8d-4bb0100759c0,308,,,QUORUM,cassandra-1,True,False,4.95,2026-09-16T06:28:03.927626+00:00,
0b32a7fd-51a0-4d9c-ba8d-4bb0100759c0,monotonic_reads,network_partition,writer-1,write,mr-0b32a7fd-51a0-4d9c-ba8d-4bb0100759c0,309,,,QUORUM,cassandra-1,True,False,4.061,2026-09-16T06:28:03.956789+00:00,
0b32a7fd-51a0-4d9c-ba8d-4bb0100759c0,monotonic_reads,network_partition,writer-1,write,mr-0b32a7fd-51a0-4d9c-ba8d-4bb0100759c0,310,,,QUORUM,cassandra-1,True,False,5.053,2026-09-16T06:28:03.984645+00:00,
0b32a7fd-51a0-4d9c-ba8d-4bb0100759c0,monotonic_reads,network_partition,writer-1,write,mr-0b32a7fd-51a0-4d9c-ba8d-4bb0100759c0,311,,,QUORUM,cassandra-1,True,False,4.513,2026-09-16T06:28:04.010590+00:00,
0b32a7fd-51a0-4d9c-ba8d-4bb0100759c0,monotonic_reads,network_partition,writer-1,write,mr-0b32a7fd-51a0-4d9c-ba8d-4bb0100759c0,312,,,QUORUM,cassandra-1,True,False,4.306,2026-09-16T06:28:04.036527+00:00,
0b32a7fd-51a0-4d9c-ba8d-4bb0100759c0,monotonic_reads,network_partition,writer-1,write,mr-0b32a7fd-51a0-4d9c-ba8d-4bb0100759c0,313,,,QUORUM,cassandra-1,True,False,5.021,2026-09-16T06:28:04.066751+00:00,
0b32a7fd-51a0-4d9c-ba8d-4bb0100759c0,monotonic_reads,network_partition,writer-1,write,mr-0b32a7fd-51a0-4d9c-ba8d-4bb0100759c0,314,,,QUORUM,cassandra-1,True,False,4.465,2026-09-16T06:28:04.092545+00:00,
0b32a7fd-51a0-4d9c-ba8d-4bb0100759c0,monotonic_reads,network_partition,writer-1,write,mr-0b32a7fd-51a0-4d9c-ba8d-4bb0100759c0,315,,,QUORUM,cassandra-1,True,False,90.851,2026-09-16T06:28:04.208586+00:00,
0b32a7fd-51a0-4d9c-ba8d-4bb0100759c0,monotonic_reads,network_partition,writer-1,write,mr-0b32a7fd-51a0-4d9c-ba8d-4bb0100759c0,316,,,QUORUM,cassandra-1,True,False,2.787,2026-09-16T06:28:04.236069+00:00,
0b32a7fd-51a0-4d9c-ba8d-4bb0100759c0,monotonic_reads,network_partition,writer-1,write,mr-0b32a7fd-51a0-4d9c-ba8d-4bb0100759c0,317,,,QUORUM,cassandra-1,True,False,3.041,2026-09-16T06:28:04.261048+00:00,
0b32a7fd-51a0-4d9c-ba8d-4bb0100759c0,monotonic_reads,network_partition,writer-1,write,mr-0b32a7fd-51a0-4d9c-ba8d-4bb0100759c0,318,,,QUORUM,cassandra-1,True,False,4.922,2026-09-16T06:28:04.290014+00:00,
0b32a7fd-51a0-4d9c-ba8d-4bb0100759c0,monotonic_reads,network_partition,writer-1,write,mr-0b32a7fd-51a0-4d9c-ba8d-4bb0100759c0,319,,,QUORUM,cassandra-1,True,False,5.228,2026-09-16T06:28:04.320317+00:00,
0b32a7fd-51a0-4d9c-ba8d-4bb0100759c0,monotonic_reads,network_partition,writer-1,write,mr-0b32a7fd-51a0-4d9c-ba8d-4bb0100759c0,320,,,QUORUM,cassandra-1,True,False,4.792,2026-09-16T06:28:04.349853+00:00,
0b32a7fd-51a0-4d9c-ba8d-4bb0100759c0,monotonic_reads,network_partition,writer-1,write,mr-0b32a7fd-51a0-4d9c-ba8d-4bb0100759c0,321,,,QUORUM,cassandra-1,True,False,4.559,2026-09-16T06:28:04.378722+00:00,
0b32a7fd-51a0-4d9c-ba8d-4bb0100759c0,monotonic_reads,network_partition,writer-1,write,mr-0b32a7fd-51a0-4d9c-ba8d-4bb0100759c0,322,,,QUORUM,cassandra-1,True,False,6.365,2026-09-16T06:28:04.408096+00:00,
0b32a7fd-51a0-4d9c-ba8d-4bb0100759c0,monotonic_reads,network_partition,writer-1,write,mr-0b32a7fd-51a0-4d9c-ba8d-4bb0100759c0,323,,,QUORUM,cassandra-1,True,False,5.642,2026-09-16T06:28:04.435204+00:00,
0b32a7fd-51a0-4d9c-ba8d-4bb0100759c0,monotonic_reads,network_partition,writer-1,write,mr-0b32a7fd-51a0-4d9c-ba8d-4bb0100759c0,324,,,QUORUM,cassandra-1,True,False,5.498,2026-09-16T06:28:04.465045+00:00,
0b32a7fd-51a0-4d9c-ba8d-4bb0100759c0,monotonic_reads,network_partition,writer-1,write,mr-0b32a7fd-51a0-4d9c-ba8d-4bb0100759c0,325,,,QUORUM,cassandra-1,True,False,6.137,2026-09-16T06:28:04.495258+00:00,
0b32a7fd-51a0-4d9c-ba8d-4bb0100759c0,monotonic_reads,network_partition,writer-1,write,mr-0b32a7fd-51a0-4d9c-ba8d-4bb0100759c0,326,,,QUORUM,cassandra-1,True,False,3.723,2026-09-16T06:28:04.521231+00:00,
0b32a7fd-51a0-4d9c-ba8d-4bb0100759c0,monotonic_reads,network_partition,writer-1,write,mr-0b32a7fd-51a0-4d9c-ba8d-4bb0100759c0,327,,,QUORUM,cassandra-1,True,False,5.078,2026-09-16T06:28:04.547966+00:00,
0b32a7fd-51a0-4d9c-ba8d-4bb0100759c0,monotonic_reads,network_partition,writer-1,write,mr-0b32a7fd-51a0-4d9c-ba8d-4bb0100759c0,328,,,QUORUM,cassandra-1,True,False,6.068,2026-09-16T06:28:04.577876+00:00,
0b32a7fd-51a0-4d9c-ba8d-4bb0100759c0,monotonic_reads,network_partition,writer-1,write,mr-0b32a7fd-51a0-4d9c-ba8d-4bb0100759c0,329,,,QUORUM,cassandra-1,True,False,4.742,2026-09-16T06:28:04.607869+00:00,
0b32a7fd-51a0-4d9c-ba8d-4bb0100759c0,monotonic_reads,network_partition,writer-1,write,mr-0b32a7fd-51a0-4d9c-ba8d-4bb0100759c0,330,,,QUORUM,cassandra-1,True,False,5.427,2026-09-16T06:28:04.635107+00:00,
0b32a7fd-51a0-4d9c-ba8d-4bb0100759c0,monotonic_reads,network_partition,writer-1,write,mr-0b32a7fd-51a0-4d9c-ba8d-4bb0100759c0,331,,,QUORUM,cassandra-1,True,False,5.514,2026-09-16T06:28:04.665094+00:00,
0b32a7fd-51a0-4d9c-ba8d-4bb0100759c0,monotonic_reads,network_partition,writer-1,write,mr-0b32a7fd-51a0-4d9c-ba8d-4bb0100759c0,332,,,QUORUM,cassandra-1,True,False,5.923,2026-09-16T06:28:04.696212+00:00,
0b32a7fd-51a0-4d9c-ba8d-4bb0100759c0,monotonic_reads,network_partition,writer-1,write,mr-0b32a7fd-51a0-4d9c-ba8d-4bb0100759c0,333,,,QUORUM,cassandra-1,True,False,5.267,2026-09-16T06:28:04.723827+00:00,
0b32a7fd-51a0-4d9c-ba8d-4bb0100759c0,monotonic_reads,network_partition,writer-1,write,mr-0b32a7fd-51a0-4d9c-ba8d-4bb0100759c0,334,,,QUORUM,cassandra-1,True,False,5.061,2026-09-16T06:28:04.749663+00:00,
0b32a7fd-51a0-4d9c-ba8d-4bb0100759c0,monotonic_reads,network_partition,writer-1,write,mr-0b32a7fd-51a0-4d9c-ba8d-4bb0100759c0,335,,,QUORUM,cassandra-1,True,False,5.622,2026-09-16T06:28:04.777478+00:00,
0b32a7fd-51a0-4d9c-ba8d-4bb0100759c0,monotonic_reads,network_partition,writer-1,write,mr-0b32a7fd-51a0-4d9c-ba8d-4bb0100759c0,336,,,QUORUM,cassandra-1,True,False,3.924,2026-09-16T06:28:04.805707+00:00,
0b32a7fd-51a0-4d9c-ba8d-4bb0100759c0,monotonic_reads,network_partition,writer-1,write,mr-0b32a7fd-51a0-4d9c-ba8d-4bb0100759c0,337,,,QUORUM,cassandra-1,True,False,2.332,2026-09-16T06:28:04.833002+00:00,
0b32a7fd-51a0-4d9c-ba8d-4bb0100759c0,monotonic_reads,network_partition,writer-1,write,mr-0b32a7fd-51a0-4d9c-ba8d-4bb0100759c0,338,,,QUORUM,cassandra-1,True,False,3.035,2026-09-16T06:28:04.861025+00:00,
0b32a7fd-51a0-4d9c-ba8d-4bb0100759c0,monotonic_reads,network_partition,writer-1,write,mr-0b32a7fd-51a0-4d9c-ba8d-4bb0100759c0,339,,,QUORUM,cassandra-1,True,False,2.694,2026-09-16T06:28:04.884059+00:00,
0b32a7fd-51a0-4d9c-ba8d-4bb0100759c0,monotonic_reads,network_partition,writer-1,write,mr-0b32a7fd-51a0-4d9c-ba8d-4bb0100759c0,340,,,QUORUM,cassandra-1,True,False,2.973,2026-09-16T06:28:04.912022+00:00,
0b32a7fd-51a0-4d9c-ba8d-4bb0100759c0,monotonic_reads,network_partition,writer-1,write,mr-0b32a7fd-51a0-4d9c-ba8d-4bb0100759c0,341,,,QUORUM,cassandra-1,True,False,2.8,2026-09-16T06:28:04.939203+00:00,
0b32a7fd-51a0-4d9c-ba8d-4bb0100759c0,monotonic_reads,network_partition,writer-1,write,mr-0b32a7fd-51a0-4d9c-ba8d-4bb0100759c0,342,,,QUORUM,cassandra-1,True,False,2.823,2026-09-16T06:28:04.967121+00:00,
0b32a7fd-51a0-4d9c-ba8d-4bb0100759c0,monotonic_reads,network_partition,writer-1,write,mr-0b32a7fd-51a0-4d9c-ba8d-4bb0100759c0,343,,,QUORUM,cassandra-1,True,False,2.699,2026-09-16T06:28:04.992026+00:00,
0b32a7fd-51a0-4d9c-ba8d-4bb0100759c0,monotonic_reads,network_partition,writer-1,write,mr-0b32a7fd-51a0-4d9c-ba8d-4bb0100759c0,344,,,QUORUM,cassandra-1,True,False,1.989,2026-09-16T06:28:05.014980+00:00,
0b32a7fd-51a0-4d9c-ba8d-4bb0100759c0,monotonic_reads,network_partition,writer-1,write,mr-0b32a7fd-51a0-4d9c-ba8d-4bb0100759c0,345,,,QUORUM,cassandra-1,True,False,2.539,2026-09-16T06:28:05.041046+00:00,
0b32a7fd-51a0-4d9c-ba8d-4bb0100759c0,monotonic_reads,network_partition,writer-1,write,mr-0b32a7fd-51a0-4d9c-ba8d-4bb0100759c0,346,,,QUORUM,cassandra-1,True,False,2.861,2026-09-16T06:28:05.065046+00:00,
0b32a7fd-51a0-4d9c-ba8d-4bb0100759c0,monotonic_reads,network_partition,writer-1,write,mr-0b32a7fd-51a0-4d9c-ba8d-4bb0100759c0,347,,,QUORUM,cassandra-1,True,False,2.223,2026-09-16T06:28:05.090917+00:00,
0b32a7fd-51a0-4d9c-ba8d-4bb0100759c0,monotonic_reads,network_partition,writer-1,write,mr-0b32a7fd-51a0-4d9c-ba8d-4bb0100759c0,348,,,QUORUM,cassandra-1,True,False,4.148,2026-09-16T06:28:05.119407+00:00,
0b32a7fd-51a0-4d9c-ba8d-4bb0100759c0,monotonic_reads,network_partition,writer-1,write,mr-0b32a7fd-51a0-4d9c-ba8d-4bb0100759c0,349,,,QUORUM,cassandra-1,True,False,3.298,2026-09-16T06:28:05.147198+00:00,
0b32a7fd-51a0-4d9c-ba8d-4bb0100759c0,monotonic_reads,network_partition,writer-1,write,mr-0b32a7fd-51a0-4d9c-ba8d-4bb0100759c0,350,,,QUORUM,cassandra-1,True,False,2.575,2026-09-16T06:28:05.171175+00:00,
0b32a7fd-51a0-4d9c-ba8d-4bb0100759c0,monotonic_reads,network_partition,writer-1,write,mr-0b32a7fd-51a0-4d9c-ba8d-4bb0100759c0,351,,,QUORUM,cassandra-1,True,False,2.485,2026-09-16T06:28:05.194032+00:00,
0b32a7fd-51a0-4d9c-ba8d-4bb0100759c0,monotonic_reads,network_partition,writer-1,write,mr-0b32a7fd-51a0-4d9c-ba8d-4bb0100759c0,352,,,QUORUM,cassandra-1,True,False,8.09,2026-09-16T06:28:05.226128+00:00,
0b32a7fd-51a0-4d9c-ba8d-4bb0100759c0,monotonic_reads,network_partition,writer-1,write,mr-0b32a7fd-51a0-4d9c-ba8d-4bb0100759c0,353,,,QUORUM,cassandra-1,True,False,2.636,2026-09-16T06:28:05.253890+00:00,
0b32a7fd-51a0-4d9c-ba8d-4bb0100759c0,monotonic_reads,network_partition,writer-1,write,mr-0b32a7fd-51a0-4d9c-ba8d-4bb0100759c0,354,,,QUORUM,cassandra-1,True,False,3.034,2026-09-16T06:28:05.278323+00:00,
0b32a7fd-51a0-4d9c-ba8d-4bb0100759c0,monotonic_reads,network_partition,writer-1,write,mr-0b32a7fd-51a0-4d9c-ba8d-4bb0100759c0,355,,,QUORUM,cassandra-1,True,False,2.408,2026-09-16T06:28:05.305963+00:00,
0b32a7fd-51a0-4d9c-ba8d-4bb0100759c0,monotonic_reads,network_partition,writer-1,write,mr-0b32a7fd-51a0-4d9c-ba8d-4bb0100759c0,356,,,QUORUM,cassandra-1,True,False,2.693,2026-09-16T06:28:05.333336+00:00,
0b32a7fd-51a0-4d9c-ba8d-4bb0100759c0,monotonic_reads,network_partition,writer-1,write,mr-0b32a7fd-51a0-4d9c-ba8d-4bb0100759c0,357,,,QUORUM,cassandra-1,True,False,3.005,2026-09-16T06:28:05.357361+00:00,
0b32a7fd-51a0-4d9c-ba8d-4bb0100759c0,monotonic_reads,network_partition,writer-1,write,mr-0b32a7fd-51a0-4d9c-ba8d-4bb0100759c0,358,,,QUORUM,cassandra-1,True,False,4.769,2026-09-16T06:28:05.382466+00:00,
0b32a7fd-51a0-4d9c-ba8d-4bb0100759c0,monotonic_reads,network_partition,writer-1,write,mr-0b32a7fd-51a0-4d9c-ba8d-4bb0100759c0,359,,,QUORUM,cassandra-1,True,False,5.797,2026-09-16T06:28:05.408897+00:00,
0b32a7fd-51a0-4d9c-ba8d-4bb0100759c0,monotonic_reads,network_partition,writer-1,write,mr-0b32a7fd-51a0-4d9c-ba8d-4bb0100759c0,360,,,QUORUM,cassandra-1,True,False,5.078,2026-09-16T06:28:05.435756+00:00,
0b32a7fd-51a0-4d9c-ba8d-4bb0100759c0,monotonic_reads,network_partition,writer-1,write,mr-0b32a7fd-51a0-4d9c-ba8d-4bb0100759c0,361,,,QUORUM,cassandra-1,True,False,7.583,2026-09-16T06:28:05.466268+00:00,
0b32a7fd-51a0-4d9c-ba8d-4bb0100759c0,monotonic_reads,network_partition,writer-1,write,mr-0b32a7fd-51a0-4d9c-ba8d-4bb0100759c0,362,,,QUORUM,cassandra-1,True,False,6.469,2026-09-16T06:28:05.497651+00:00,
0b32a7fd-51a0-4d9c-ba8d-4bb0100759c0,monotonic_reads,network_partition,writer-1,write,mr-0b32a7fd-51a0-4d9c-ba8d-4bb0100759c0,363,,,QUORUM,cassandra-1,True,False,5.578,2026-09-16T06:28:05.524945+00:00,
0b32a7fd-51a0-4d9c-ba8d-4bb0100759c0,monotonic_reads,network_partition,writer-1,write,mr-0b32a7fd-51a0-4d9c-ba8d-4bb0100759c0,364,,,QUORUM,cassandra-1,True,False,5.351,2026-09-16T06:28:05.551269+00:00,
0b32a7fd-51a0-4d9c-ba8d-4bb0100759c0,monotonic_reads,network_partition,writer-1,write,mr-0b32a7fd-51a0-4d9c-ba8d-4bb0100759c0,365,,,QUORUM,cassandra-1,True,False,6.337,2026-09-16T06:28:05.580015+00:00,
0b32a7fd-51a0-4d9c-ba8d-4bb0100759c0,monotonic_reads,network_partition,writer-1,write,mr-0b32a7fd-51a0-4d9c-ba8d-4bb0100759c0,366,,,QUORUM,cassandra-1,True,False,4.969,2026-09-16T06:28:05.609677+00:00,
0b32a7fd-51a0-4d9c-ba8d-4bb0100759c0,monotonic_reads,network_partition,writer-1,write,mr-0b32a7fd-51a0-4d9c-ba8d-4bb0100759c0,367,,,QUORUM,cassandra-1,True,False,5.344,2026-09-16T06:28:05.640241+00:00,
0b32a7fd-51a0-4d9c-ba8d-4bb0100759c0,monotonic_reads,network_partition,writer-1,write,mr-0b32a7fd-51a0-4d9c-ba8d-4bb0100759c0,368,,,QUORUM,cassandra-1,True,False,12.446,2026-09-16T06:28:05.673461+00:00,
0b32a7fd-51a0-4d9c-ba8d-4bb0100759c0,monotonic_reads,network_partition,writer-1,write,mr-0b32a7fd-51a0-4d9c-ba8d-4bb0100759c0,369,,,QUORUM,cassandra-1,True,False,3.278,2026-09-16T06:28:05.697102+00:00,
0b32a7fd-51a0-4d9c-ba8d-4bb0100759c0,monotonic_reads,network_partition,writer-1,write,mr-0b32a7fd-51a0-4d9c-ba8d-4bb0100759c0,370,,,QUORUM,cassandra-1,True,False,5.481,2026-09-16T06:28:05.723072+00:00,
0b32a7fd-51a0-4d9c-ba8d-4bb0100759c0,monotonic_reads,network_partition,writer-1,write,mr-0b32a7fd-51a0-4d9c-ba8d-4bb0100759c0,371,,,QUORUM,cassandra-1,True,False,5.014,2026-09-16T06:28:05.750898+00:00,
0b32a7fd-51a0-4d9c-ba8d-4bb0100759c0,monotonic_reads,network_partition,writer-1,write,mr-0b32a7fd-51a0-4d9c-ba8d-4bb0100759c0,372,,,QUORUM,cassandra-1,True,False,5.592,2026-09-16T06:28:05.776927+00:00,
0b32a7fd-51a0-4d9c-ba8d-4bb0100759c0,monotonic_reads,network_partition,writer-1,write,mr-0b32a7fd-51a0-4d9c-ba8d-4bb0100759c0,373,,,QUORUM,cassandra-1,True,False,6.468,2026-09-16T06:28:05.808004+00:00,
0b32a7fd-51a0-4d9c-ba8d-4bb0100759c0,monotonic_reads,network_partition,writer-1,write,mr-0b32a7fd-51a0-4d9c-ba8d-4bb0100759c0,374,,,QUORUM,cassandra-1,True,False,4.435,2026-09-16T06:28:05.837671+00:00,
0b32a7fd-51a0-4d9c-ba8d-4bb0100759c0,monotonic_reads,network_partition,writer-1,write,mr-0b32a7fd-51a0-4d9c-ba8d-4bb0100759c0,375,,,QUORUM,cassandra-1,True,False,4.684,2026-09-16T06:28:05.866512+00:00,
0b32a7fd-51a0-4d9c-ba8d-4bb0100759c0,monotonic_reads,network_partition,writer-1,write,mr-0b32a7fd-51a0-4d9c-ba8d-4bb0100759c0,376,,,QUORUM,cassandra-1,True,False,2.403,2026-09-16T06:28:05.894105+00:00,
0b32a7fd-51a0-4d9c-ba8d-4bb0100759c0,monotonic_reads,network_partition,writer-1,write,mr-0b32a7fd-51a0-4d9c-ba8d-4bb0100759c0,377,,,QUORUM,cassandra-1,True,False,1.847,2026-09-16T06:28:05.919027+00:00,
0b32a7fd-51a0-4d9c-ba8d-4bb0100759c0,monotonic_reads,network_partition,reader-1,read,mr-0b32a7fd-51a0-4d9c-ba8d-4bb0100759c0,,377,QUORUM,QUORUM,cassandra-2,True,False,5051.672,2026-09-16T06:28:05.923338+00:00,
0b32a7fd-51a0-4d9c-ba8d-4bb0100759c0,monotonic_reads,network_partition,writer-1,write,mr-0b32a7fd-51a0-4d9c-ba8d-4bb0100759c0,378,,,QUORUM,cassandra-1,True,False,4.842,2026-09-16T06:28:05.944580+00:00,
0b32a7fd-51a0-4d9c-ba8d-4bb0100759c0,monotonic_reads,network_partition,writer-1,write,mr-0b32a7fd-51a0-4d9c-ba8d-4bb0100759c0,379,,,QUORUM,cassandra-1,True,False,2.172,2026-09-16T06:28:05.968843+00:00,
0b32a7fd-51a0-4d9c-ba8d-4bb0100759c0,monotonic_reads,network_partition,writer-1,write,mr-0b32a7fd-51a0-4d9c-ba8d-4bb0100759c0,380,,,QUORUM,cassandra-1,True,False,2.394,2026-09-16T06:28:05.993059+00:00,
0b32a7fd-51a0-4d9c-ba8d-4bb0100759c0,monotonic_reads,network_partition,writer-1,write,mr-0b32a7fd-51a0-4d9c-ba8d-4bb0100759c0,381,,,QUORUM,cassandra-1,True,False,1.877,2026-09-16T06:28:06.020090+00:00,
0b32a7fd-51a0-4d9c-ba8d-4bb0100759c0,monotonic_reads,network_partition,writer-1,write,mr-0b32a7fd-51a0-4d9c-ba8d-4bb0100759c0,382,,,QUORUM,cassandra-1,True,False,3.01,2026-09-16T06:28:06.048334+00:00,
0b32a7fd-51a0-4d9c-ba8d-4bb0100759c0,monotonic_reads,network_partition,writer-1,write,mr-0b32a7fd-51a0-4d9c-ba8d-4bb0100759c0,383,,,QUORUM,cassandra-1,True,False,7.102,2026-09-16T06:28:06.079809+00:00,
0b32a7fd-51a0-4d9c-ba8d-4bb0100759c0,monotonic_reads,network_partition,writer-1,write,mr-0b32a7fd-51a0-4d9c-ba8d-4bb0100759c0,384,,,QUORUM,cassandra-1,True,False,3.562,2026-09-16T06:28:06.106442+00:00,
0b32a7fd-51a0-4d9c-ba8d-4bb0100759c0,monotonic_reads,network_partition,writer-1,write,mr-0b32a7fd-51a0-4d9c-ba8d-4bb0100759c0,385,,,QUORUM,cassandra-1,True,False,3.944,2026-09-16T06:28:06.135576+00:00,
0b32a7fd-51a0-4d9c-ba8d-4bb0100759c0,monotonic_reads,network_partition,writer-1,write,mr-0b32a7fd-51a0-4d9c-ba8d-4bb0100759c0,386,,,QUORUM,cassandra-1,True,False,4.717,2026-09-16T06:28:06.164785+00:00,
0b32a7fd-51a0-4d9c-ba8d-4bb0100759c0,monotonic_reads,network_partition,writer-1,write,mr-0b32a7fd-51a0-4d9c-ba8d-4bb0100759c0,387,,,QUORUM,cassandra-1,True,False,4.534,2026-09-16T06:28:06.191633+00:00,
0b32a7fd-51a0-4d9c-ba8d-4bb0100759c0,monotonic_reads,network_partition,writer-1,write,mr-0b32a7fd-51a0-4d9c-ba8d-4bb0100759c0,388,,,QUORUM,cassandra-1,True,False,4.742,2026-09-16T06:28:06.218419+00:00,
0b32a7fd-51a0-4d9c-ba8d-4bb0100759c0,monotonic_reads,network_partition,writer-1,write,mr-0b32a7fd-51a0-4d9c-ba8d-4bb0100759c0,389,,,QUORUM,cassandra-1,True,False,4.738,2026-09-16T06:28:06.247895+00:00,
0b32a7fd-51a0-4d9c-ba8d-4bb0100759c0,monotonic_reads,network_partition,writer-1,write,mr-0b32a7fd-51a0-4d9c-ba8d-4bb0100759c0,390,,,QUORUM,cassandra-1,True,False,5.016,2026-09-16T06:28:06.277688+00:00,
0b32a7fd-51a0-4d9c-ba8d-4bb0100759c0,monotonic_reads,network_partition,writer-1,write,mr-0b32a7fd-51a0-4d9c-ba8d-4bb0100759c0,391,,,QUORUM,cassandra-1,True,False,4.751,2026-09-16T06:28:06.305793+00:00,
0b32a7fd-51a0-4d9c-ba8d-4bb0100759c0,monotonic_reads,network_partition,writer-1,write,mr-0b32a7fd-51a0-4d9c-ba8d-4bb0100759c0,392,,,QUORUM,cassandra-1,True,False,5.172,2026-09-16T06:28:06.335673+00:00,
0b32a7fd-51a0-4d9c-ba8d-4bb0100759c0,monotonic_reads,network_partition,writer-1,write,mr-0b32a7fd-51a0-4d9c-ba8d-4bb0100759c0,393,,,QUORUM,cassandra-1,True,False,5.093,2026-09-16T06:28:06.361766+00:00,
0b32a7fd-51a0-4d9c-ba8d-4bb0100759c0,monotonic_reads,network_partition,writer-1,write,mr-0b32a7fd-51a0-4d9c-ba8d-4bb0100759c0,394,,,QUORUM,cassandra-1,True,False,4.696,2026-09-16T06:28:06.391672+00:00,
0b32a7fd-51a0-4d9c-ba8d-4bb0100759c0,monotonic_reads,network_partition,writer-1,write,mr-0b32a7fd-51a0-4d9c-ba8d-4bb0100759c0,395,,,QUORUM,cassandra-1,True,False,5.237,2026-09-16T06:28:06.419740+00:00,
0b32a7fd-51a0-4d9c-ba8d-4bb0100759c0,monotonic_reads,network_partition,writer-1,write,mr-0b32a7fd-51a0-4d9c-ba8d-4bb0100759c0,396,,,QUORUM,cassandra-1,True,False,3.7,2026-09-16T06:28:06.447388+00:00,
0b32a7fd-51a0-4d9c-ba8d-4bb0100759c0,monotonic_reads,network_partition,writer-1,write,mr-0b32a7fd-51a0-4d9c-ba8d-4bb0100759c0,397,,,QUORUM,cassandra-1,True,False,4.39,2026-09-16T06:28:06.476479+00:00,
0b32a7fd-51a0-4d9c-ba8d-4bb0100759c0,monotonic_reads,network_partition,writer-1,write,mr-0b32a7fd-51a0-4d9c-ba8d-4bb0100759c0,398,,,QUORUM,cassandra-1,True,False,3.986,2026-09-16T06:28:06.504719+00:00,
0b32a7fd-51a0-4d9c-ba8d-4bb0100759c0,monotonic_reads,network_partition,writer-1,write,mr-0b32a7fd-51a0-4d9c-ba8d-4bb0100759c0,399,,,QUORUM,cassandra-1,True,False,4.629,2026-09-16T06:28:06.532751+00:00,
0b32a7fd-51a0-4d9c-ba8d-4bb0100759c0,monotonic_reads,network_partition,writer-1,write,mr-0b32a7fd-51a0-4d9c-ba8d-4bb0100759c0,400,,,QUORUM,cassandra-1,True,False,3.567,2026-09-16T06:28:06.557207+00:00,
0b32a7fd-51a0-4d9c-ba8d-4bb0100759c0,monotonic_reads,network_partition,writer-1,write,mr-0b32a7fd-51a0-4d9c-ba8d-4bb0100759c0,401,,,QUORUM,cassandra-1,True,False,5.221,2026-09-16T06:28:06.583858+00:00,
0b32a7fd-51a0-4d9c-ba8d-4bb0100759c0,monotonic_reads,network_partition,writer-1,write,mr-0b32a7fd-51a0-4d9c-ba8d-4bb0100759c0,402,,,QUORUM,cassandra-1,True,False,4.771,2026-09-16T06:28:06.613814+00:00,
0b32a7fd-51a0-4d9c-ba8d-4bb0100759c0,monotonic_reads,network_partition,writer-1,write,mr-0b32a7fd-51a0-4d9c-ba8d-4bb0100759c0,403,,,QUORUM,cassandra-1,True,False,5.112,2026-09-16T06:28:06.643690+00:00,
0b32a7fd-51a0-4d9c-ba8d-4bb0100759c0,monotonic_reads,network_partition,writer-1,write,mr-0b32a7fd-51a0-4d9c-ba8d-4bb0100759c0,404,,,QUORUM,cassandra-1,True,False,4.119,2026-09-16T06:28:06.671795+00:00,
0b32a7fd-51a0-4d9c-ba8d-4bb0100759c0,monotonic_reads,network_partition,writer-1,write,mr-0b32a7fd-51a0-4d9c-ba8d-4bb0100759c0,405,,,QUORUM,cassandra-1,True,False,5.094,2026-09-16T06:28:06.700905+00:00,
0b32a7fd-51a0-4d9c-ba8d-4bb0100759c0,monotonic_reads,network_partition,writer-1,write,mr-0b32a7fd-51a0-4d9c-ba8d-4bb0100759c0,406,,,QUORUM,cassandra-1,True,False,5.895,2026-09-16T06:28:06.729608+00:00,
0b32a7fd-51a0-4d9c-ba8d-4bb0100759c0,monotonic_reads,network_partition,writer-1,write,mr-0b32a7fd-51a0-4d9c-ba8d-4bb0100759c0,407,,,QUORUM,cassandra-1,True,False,4.817,2026-09-16T06:28:06.759690+00:00,
0b32a7fd-51a0-4d9c-ba8d-4bb0100759c0,monotonic_reads,network_partition,writer-1,write,mr-0b32a7fd-51a0-4d9c-ba8d-4bb0100759c0,408,,,QUORUM,cassandra-1,True,False,4.958,2026-09-16T06:28:06.786043+00:00,
0b32a7fd-51a0-4d9c-ba8d-4bb0100759c0,monotonic_reads,network_partition,writer-1,write,mr-0b32a7fd-51a0-4d9c-ba8d-4bb0100759c0,409,,,QUORUM,cassandra-1,True,False,5.273,2026-09-16T06:28:06.816324+00:00,
0b32a7fd-51a0-4d9c-ba8d-4bb0100759c0,monotonic_reads,network_partition,writer-1,write,mr-0b32a7fd-51a0-4d9c-ba8d-4bb0100759c0,410,,,QUORUM,cassandra-1,True,False,5.325,2026-09-16T06:28:06.844053+00:00,
0b32a7fd-51a0-4d9c-ba8d-4bb0100759c0,monotonic_reads,network_partition,writer-1,write,mr-0b32a7fd-51a0-4d9c-ba8d-4bb0100759c0,411,,,QUORUM,cassandra-1,True,False,4.827,2026-09-16T06:28:06.873987+00:00,
0b32a7fd-51a0-4d9c-ba8d-4bb0100759c0,monotonic_reads,network_partition,writer-1,write,mr-0b32a7fd-51a0-4d9c-ba8d-4bb0100759c0,412,,,QUORUM,cassandra-1,True,False,2.107,2026-09-16T06:28:06.901195+00:00,
0b32a7fd-51a0-4d9c-ba8d-4bb0100759c0,monotonic_reads,network_partition,writer-1,write,mr-0b32a7fd-51a0-4d9c-ba8d-4bb0100759c0,413,,,QUORUM,cassandra-1,True,False,3.782,2026-09-16T06:28:06.927543+00:00,
0b32a7fd-51a0-4d9c-ba8d-4bb0100759c0,monotonic_reads,network_partition,writer-1,write,mr-0b32a7fd-51a0-4d9c-ba8d-4bb0100759c0,414,,,QUORUM,cassandra-1,True,False,3.88,2026-09-16T06:28:06.956508+00:00,
0b32a7fd-51a0-4d9c-ba8d-4bb0100759c0,monotonic_reads,network_partition,writer-1,write,mr-0b32a7fd-51a0-4d9c-ba8d-4bb0100759c0,415,,,QUORUM,cassandra-1,True,False,3.945,2026-09-16T06:28:06.985509+00:00,
0b32a7fd-51a0-4d9c-ba8d-4bb0100759c0,monotonic_reads,network_partition,writer-1,write,mr-0b32a7fd-51a0-4d9c-ba8d-4bb0100759c0,416,,,QUORUM,cassandra-1,True,False,4.161,2026-09-16T06:28:07.014759+00:00,
0b32a7fd-51a0-4d9c-ba8d-4bb0100759c0,monotonic_reads,network_partition,writer-1,write,mr-0b32a7fd-51a0-4d9c-ba8d-4bb0100759c0,417,,,QUORUM,cassandra-1,True,False,6.192,2026-09-16T06:28:07.042926+00:00,
0b32a7fd-51a0-4d9c-ba8d-4bb0100759c0,monotonic_reads,network_partition,writer-1,write,mr-0b32a7fd-51a0-4d9c-ba8d-4bb0100759c0,418,,,QUORUM,cassandra-1,True,False,5.254,2026-09-16T06:28:07.072625+00:00,
0b32a7fd-51a0-4d9c-ba8d-4bb0100759c0,monotonic_reads,network_partition,writer-1,write,mr-0b32a7fd-51a0-4d9c-ba8d-4bb0100759c0,419,,,QUORUM,cassandra-1,True,False,4.965,2026-09-16T06:28:07.102069+00:00,
0b32a7fd-51a0-4d9c-ba8d-4bb0100759c0,monotonic_reads,network_partition,writer-1,write,mr-0b32a7fd-51a0-4d9c-ba8d-4bb0100759c0,420,,,QUORUM,cassandra-1,True,False,4.42,2026-09-16T06:28:07.129647+00:00,
0b32a7fd-51a0-4d9c-ba8d-4bb0100759c0,monotonic_reads,network_partition,writer-1,write,mr-0b32a7fd-51a0-4d9c-ba8d-4bb0100759c0,421,,,QUORUM,cassandra-1,True,False,5.126,2026-09-16T06:28:07.158806+00:00,
0b32a7fd-51a0-4d9c-ba8d-4bb0100759c0,monotonic_reads,network_partition,writer-1,write,mr-0b32a7fd-51a0-4d9c-ba8d-4bb0100759c0,422,,,QUORUM,cassandra-1,True,False,3.853,2026-09-16T06:28:07.184537+00:00,
0b32a7fd-51a0-4d9c-ba8d-4bb0100759c0,monotonic_reads,network_partition,writer-1,write,mr-0b32a7fd-51a0-4d9c-ba8d-4bb0100759c0,423,,,QUORUM,cassandra-1,True,False,5.545,2026-09-16T06:28:07.215094+00:00,
0b32a7fd-51a0-4d9c-ba8d-4bb0100759c0,monotonic_reads,network_partition,writer-1,write,mr-0b32a7fd-51a0-4d9c-ba8d-4bb0100759c0,424,,,QUORUM,cassandra-1,True,False,4.693,2026-09-16T06:28:07.242866+00:00,
0b32a7fd-51a0-4d9c-ba8d-4bb0100759c0,monotonic_reads,network_partition,writer-1,write,mr-0b32a7fd-51a0-4d9c-ba8d-4bb0100759c0,425,,,QUORUM,cassandra-1,True,False,4.252,2026-09-16T06:28:07.267797+00:00,
0b32a7fd-51a0-4d9c-ba8d-4bb0100759c0,monotonic_reads,network_partition,writer-1,write,mr-0b32a7fd-51a0-4d9c-ba8d-4bb0100759c0,426,,,QUORUM,cassandra-1,True,False,4.043,2026-09-16T06:28:07.296411+00:00,
0b32a7fd-51a0-4d9c-ba8d-4bb0100759c0,monotonic_reads,network_partition,writer-1,write,mr-0b32a7fd-51a0-4d9c-ba8d-4bb0100759c0,427,,,QUORUM,cassandra-1,True,False,2.522,2026-09-16T06:28:07.319137+00:00,
0b32a7fd-51a0-4d9c-ba8d-4bb0100759c0,monotonic_reads,network_partition,writer-1,write,mr-0b32a7fd-51a0-4d9c-ba8d-4bb0100759c0,428,,,QUORUM,cassandra-1,True,False,2.347,2026-09-16T06:28:07.346082+00:00,
0b32a7fd-51a0-4d9c-ba8d-4bb0100759c0,monotonic_reads,network_partition,writer-1,write,mr-0b32a7fd-51a0-4d9c-ba8d-4bb0100759c0,429,,,QUORUM,cassandra-1,True,False,2.915,2026-09-16T06:28:07.374165+00:00,
0b32a7fd-51a0-4d9c-ba8d-4bb0100759c0,monotonic_reads,network_partition,writer-1,write,mr-0b32a7fd-51a0-4d9c-ba8d-4bb0100759c0,430,,,QUORUM,cassandra-1,True,False,2.449,2026-09-16T06:28:07.398041+00:00,
0b32a7fd-51a0-4d9c-ba8d-4bb0100759c0,monotonic_reads,network_partition,writer-1,write,mr-0b32a7fd-51a0-4d9c-ba8d-4bb0100759c0,431,,,QUORUM,cassandra-1,True,False,3.024,2026-09-16T06:28:07.426261+00:00,
0b32a7fd-51a0-4d9c-ba8d-4bb0100759c0,monotonic_reads,network_partition,writer-1,write,mr-0b32a7fd-51a0-4d9c-ba8d-4bb0100759c0,432,,,QUORUM,cassandra-1,True,False,2.872,2026-09-16T06:28:07.454360+00:00,
0b32a7fd-51a0-4d9c-ba8d-4bb0100759c0,monotonic_reads,network_partition,writer-1,write,mr-0b32a7fd-51a0-4d9c-ba8d-4bb0100759c0,433,,,QUORUM,cassandra-1,True,False,3.762,2026-09-16T06:28:07.482803+00:00,
0b32a7fd-51a0-4d9c-ba8d-4bb0100759c0,monotonic_reads,network_partition,writer-1,write,mr-0b32a7fd-51a0-4d9c-ba8d-4bb0100759c0,434,,,QUORUM,cassandra-1,True,False,2.365,2026-09-16T06:28:07.508211+00:00,
0b32a7fd-51a0-4d9c-ba8d-4bb0100759c0,monotonic_reads,network_partition,writer-1,write,mr-0b32a7fd-51a0-4d9c-ba8d-4bb0100759c0,435,,,QUORUM,cassandra-1,True,False,4.945,2026-09-16T06:28:07.534678+00:00,
0b32a7fd-51a0-4d9c-ba8d-4bb0100759c0,monotonic_reads,network_partition,writer-1,write,mr-0b32a7fd-51a0-4d9c-ba8d-4bb0100759c0,436,,,QUORUM,cassandra-1,True,False,2.303,2026-09-16T06:28:07.562115+00:00,
0b32a7fd-51a0-4d9c-ba8d-4bb0100759c0,monotonic_reads,network_partition,writer-1,write,mr-0b32a7fd-51a0-4d9c-ba8d-4bb0100759c0,437,,,QUORUM,cassandra-1,True,False,4.266,2026-09-16T06:28:07.591554+00:00,
0b32a7fd-51a0-4d9c-ba8d-4bb0100759c0,monotonic_reads,network_partition,writer-1,write,mr-0b32a7fd-51a0-4d9c-ba8d-4bb0100759c0,438,,,QUORUM,cassandra-1,True,False,5.031,2026-09-16T06:28:07.617743+00:00,
0b32a7fd-51a0-4d9c-ba8d-4bb0100759c0,monotonic_reads,network_partition,writer-1,write,mr-0b32a7fd-51a0-4d9c-ba8d-4bb0100759c0,439,,,QUORUM,cassandra-1,True,False,4.645,2026-09-16T06:28:07.644563+00:00,
0b32a7fd-51a0-4d9c-ba8d-4bb0100759c0,monotonic_reads,network_partition,writer-1,write,mr-0b32a7fd-51a0-4d9c-ba8d-4bb0100759c0,440,,,QUORUM,cassandra-1,True,False,4.658,2026-09-16T06:28:07.673813+00:00,
0b32a7fd-51a0-4d9c-ba8d-4bb0100759c0,monotonic_reads,network_partition,writer-1,write,mr-0b32a7fd-51a0-4d9c-ba8d-4bb0100759c0,441,,,QUORUM,cassandra-1,True,False,5.424,2026-09-16T06:28:07.704140+00:00,
0b32a7fd-51a0-4d9c-ba8d-4bb0100759c0,monotonic_reads,network_partition,writer-1,write,mr-0b32a7fd-51a0-4d9c-ba8d-4bb0100759c0,442,,,QUORUM,cassandra-1,True,False,5.109,2026-09-16T06:28:07.731767+00:00,
0b32a7fd-51a0-4d9c-ba8d-4bb0100759c0,monotonic_reads,network_partition,writer-1,write,mr-0b32a7fd-51a0-4d9c-ba8d-4bb0100759c0,443,,,QUORUM,cassandra-1,True,False,4.87,2026-09-16T06:28:07.759545+00:00,
0b32a7fd-51a0-4d9c-ba8d-4bb0100759c0,monotonic_reads,network_partition,writer-1,write,mr-0b32a7fd-51a0-4d9c-ba8d-4bb0100759c0,444,,,QUORUM,cassandra-1,True,False,5.36,2026-09-16T06:28:07.786047+00:00,
0b32a7fd-51a0-4d9c-ba8d-4bb0100759c0,monotonic_reads,network_partition,writer-1,write,mr-0b32a7fd-51a0-4d9c-ba8d-4bb0100759c0,445,,,QUORUM,cassandra-1,True,False,4.667,2026-09-16T06:28:07.815568+00:00,
0b32a7fd-51a0-4d9c-ba8d-4bb0100759c0,monotonic_reads,network_partition,writer-1,write,mr-0b32a7fd-51a0-4d9c-ba8d-4bb0100759c0,446,,,QUORUM,cassandra-1,True,False,4.285,2026-09-16T06:28:07.842675+00:00,
0b32a7fd-51a0-4d9c-ba8d-4bb0100759c0,monotonic_reads,network_partition,writer-1,write,mr-0b32a7fd-51a0-4d9c-ba8d-4bb0100759c0,447,,,QUORUM,cassandra-1,True,False,3.681,2026-09-16T06:28:07.867462+00:00,
0b32a7fd-51a0-4d9c-ba8d-4bb0100759c0,monotonic_reads,network_partition,writer-1,write,mr-0b32a7fd-51a0-4d9c-ba8d-4bb0100759c0,448,,,QUORUM,cassandra-1,True,False,4.341,2026-09-16T06:28:07.896810+00:00,
0b32a7fd-51a0-4d9c-ba8d-4bb0100759c0,monotonic_reads,network_partition,writer-1,write,mr-0b32a7fd-51a0-4d9c-ba8d-4bb0100759c0,449,,,QUORUM,cassandra-1,True,False,5.141,2026-09-16T06:28:07.925803+00:00,
0b32a7fd-51a0-4d9c-ba8d-4bb0100759c0,monotonic_reads,network_partition,writer-1,write,mr-0b32a7fd-51a0-4d9c-ba8d-4bb0100759c0,450,,,QUORUM,cassandra-1,True,False,4.939,2026-09-16T06:28:07.953873+00:00,
0b32a7fd-51a0-4d9c-ba8d-4bb0100759c0,monotonic_reads,network_partition,writer-1,write,mr-0b32a7fd-51a0-4d9c-ba8d-4bb0100759c0,451,,,QUORUM,cassandra-1,True,False,5.888,2026-09-16T06:28:07.982092+00:00,
0b32a7fd-51a0-4d9c-ba8d-4bb0100759c0,monotonic_reads,network_partition,writer-1,write,mr-0b32a7fd-51a0-4d9c-ba8d-4bb0100759c0,452,,,QUORUM,cassandra-1,True,False,5.408,2026-09-16T06:28:08.008885+00:00,
0b32a7fd-51a0-4d9c-ba8d-4bb0100759c0,monotonic_reads,network_partition,writer-1,write,mr-0b32a7fd-51a0-4d9c-ba8d-4bb0100759c0,453,,,QUORUM,cassandra-1,True,False,4.678,2026-09-16T06:28:08.033829+00:00,
0b32a7fd-51a0-4d9c-ba8d-4bb0100759c0,monotonic_reads,network_partition,writer-1,write,mr-0b32a7fd-51a0-4d9c-ba8d-4bb0100759c0,454,,,QUORUM,cassandra-1,True,False,4.475,2026-09-16T06:28:08.062513+00:00,
0b32a7fd-51a0-4d9c-ba8d-4bb0100759c0,monotonic_reads,network_partition,writer-1,write,mr-0b32a7fd-51a0-4d9c-ba8d-4bb0100759c0,455,,,QUORUM,cassandra-1,True,False,5.56,2026-09-16T06:28:08.091962+00:00,
0b32a7fd-51a0-4d9c-ba8d-4bb0100759c0,monotonic_reads,network_partition,writer-1,write,mr-0b32a7fd-51a0-4d9c-ba8d-4bb0100759c0,456,,,QUORUM,cassandra-1,True,False,4.73,2026-09-16T06:28:08.117671+00:00,
0b32a7fd-51a0-4d9c-ba8d-4bb0100759c0,monotonic_reads,network_partition,writer-1,write,mr-0b32a7fd-51a0-4d9c-ba8d-4bb0100759c0,457,,,QUORUM,cassandra-1,True,False,5.543,2026-09-16T06:28:08.148201+00:00,
0b32a7fd-51a0-4d9c-ba8d-4bb0100759c0,monotonic_reads,network_partition,writer-1,write,mr-0b32a7fd-51a0-4d9c-ba8d-4bb0100759c0,458,,,QUORUM,cassandra-1,True,False,4.706,2026-09-16T06:28:08.177876+00:00,
0b32a7fd-51a0-4d9c-ba8d-4bb0100759c0,monotonic_reads,network_partition,writer-1,write,mr-0b32a7fd-51a0-4d9c-ba8d-4bb0100759c0,459,,,QUORUM,cassandra-1,True,False,5.641,2026-09-16T06:28:08.204180+00:00,
0b32a7fd-51a0-4d9c-ba8d-4bb0100759c0,monotonic_reads,network_partition,writer-1,write,mr-0b32a7fd-51a0-4d9c-ba8d-4bb0100759c0,460,,,QUORUM,cassandra-1,True,False,5.565,2026-09-16T06:28:08.231239+00:00,
0b32a7fd-51a0-4d9c-ba8d-4bb0100759c0,monotonic_reads,network_partition,writer-1,write,mr-0b32a7fd-51a0-4d9c-ba8d-4bb0100759c0,461,,,QUORUM,cassandra-1,True,False,5.361,2026-09-16T06:28:08.258019+00:00,
0b32a7fd-51a0-4d9c-ba8d-4bb0100759c0,monotonic_reads,network_partition,writer-1,write,mr-0b32a7fd-51a0-4d9c-ba8d-4bb0100759c0,462,,,QUORUM,cassandra-1,True,False,5.21,2026-09-16T06:28:08.286807+00:00,
0b32a7fd-51a0-4d9c-ba8d-4bb0100759c0,monotonic_reads,network_partition,writer-1,write,mr-0b32a7fd-51a0-4d9c-ba8d-4bb0100759c0,463,,,QUORUM,cassandra-1,True,False,4.814,2026-09-16T06:28:08.316846+00:00,
0b32a7fd-51a0-4d9c-ba8d-4bb0100759c0,monotonic_reads,network_partition,writer-1,write,mr-0b32a7fd-51a0-4d9c-ba8d-4bb0100759c0,464,,,QUORUM,cassandra-1,True,False,5.778,2026-09-16T06:28:08.343338+00:00,
0b32a7fd-51a0-4d9c-ba8d-4bb0100759c0,monotonic_reads,network_partition,writer-1,write,mr-0b32a7fd-51a0-4d9c-ba8d-4bb0100759c0,465,,,QUORUM,cassandra-1,True,False,5.209,2026-09-16T06:28:08.368880+00:00,
0b32a7fd-51a0-4d9c-ba8d-4bb0100759c0,monotonic_reads,network_partition,writer-1,write,mr-0b32a7fd-51a0-4d9c-ba8d-4bb0100759c0,466,,,QUORUM,cassandra-1,True,False,5.458,2026-09-16T06:28:08.398342+00:00,
0b32a7fd-51a0-4d9c-ba8d-4bb0100759c0,monotonic_reads,network_partition,writer-1,write,mr-0b32a7fd-51a0-4d9c-ba8d-4bb0100759c0,467,,,QUORUM,cassandra-1,True,False,5.241,2026-09-16T06:28:08.427910+00:00,
0b32a7fd-51a0-4d9c-ba8d-4bb0100759c0,monotonic_reads,network_partition,writer-1,write,mr-0b32a7fd-51a0-4d9c-ba8d-4bb0100759c0,468,,,QUORUM,cassandra-1,True,False,4.784,2026-09-16T06:28:08.456562+00:00,
0b32a7fd-51a0-4d9c-ba8d-4bb0100759c0,monotonic_reads,network_partition,writer-1,write,mr-0b32a7fd-51a0-4d9c-ba8d-4bb0100759c0,469,,,QUORUM,cassandra-1,True,False,5.49,2026-09-16T06:28:08.485087+00:00,
0b32a7fd-51a0-4d9c-ba8d-4bb0100759c0,monotonic_reads,network_partition,writer-1,write,mr-0b32a7fd-51a0-4d9c-ba8d-4bb0100759c0,470,,,QUORUM,cassandra-1,True,False,3.991,2026-09-16T06:28:08.512607+00:00,
0b32a7fd-51a0-4d9c-ba8d-4bb0100759c0,monotonic_reads,network_partition,writer-1,write,mr-0b32a7fd-51a0-4d9c-ba8d-4bb0100759c0,471,,,QUORUM,cassandra-1,True,False,6.078,2026-09-16T06:28:08.541750+00:00,
0b32a7fd-51a0-4d9c-ba8d-4bb0100759c0,monotonic_reads,network_partition,writer-1,write,mr-0b32a7fd-51a0-4d9c-ba8d-4bb0100759c0,472,,,QUORUM,cassandra-1,True,False,3.152,2026-09-16T06:28:08.570156+00:00,
0b32a7fd-51a0-4d9c-ba8d-4bb0100759c0,monotonic_reads,network_partition,writer-1,write,mr-0b32a7fd-51a0-4d9c-ba8d-4bb0100759c0,473,,,QUORUM,cassandra-1,True,False,4.517,2026-09-16T06:28:08.598552+00:00,
0b32a7fd-51a0-4d9c-ba8d-4bb0100759c0,monotonic_reads,network_partition,writer-1,write,mr-0b32a7fd-51a0-4d9c-ba8d-4bb0100759c0,474,,,QUORUM,cassandra-1,True,False,4.683,2026-09-16T06:28:08.624746+00:00,
0b32a7fd-51a0-4d9c-ba8d-4bb0100759c0,monotonic_reads,network_partition,writer-1,write,mr-0b32a7fd-51a0-4d9c-ba8d-4bb0100759c0,475,,,QUORUM,cassandra-1,True,False,5.313,2026-09-16T06:28:08.652978+00:00,
0b32a7fd-51a0-4d9c-ba8d-4bb0100759c0,monotonic_reads,network_partition,writer-1,write,mr-0b32a7fd-51a0-4d9c-ba8d-4bb0100759c0,476,,,QUORUM,cassandra-1,True,False,6.72,2026-09-16T06:28:08.683923+00:00,
0b32a7fd-51a0-4d9c-ba8d-4bb0100759c0,monotonic_reads,network_partition,writer-1,write,mr-0b32a7fd-51a0-4d9c-ba8d-4bb0100759c0,477,,,QUORUM,cassandra-1,True,False,4.908,2026-09-16T06:28:08.713944+00:00,
0b32a7fd-51a0-4d9c-ba8d-4bb0100759c0,monotonic_reads,network_partition,writer-1,write,mr-0b32a7fd-51a0-4d9c-ba8d-4bb0100759c0,478,,,QUORUM,cassandra-1,True,False,10.266,2026-09-16T06:28:08.747781+00:00,
0b32a7fd-51a0-4d9c-ba8d-4bb0100759c0,monotonic_reads,network_partition,writer-1,write,mr-0b32a7fd-51a0-4d9c-ba8d-4bb0100759c0,479,,,QUORUM,cassandra-1,True,False,5.473,2026-09-16T06:28:08.776756+00:00,
0b32a7fd-51a0-4d9c-ba8d-4bb0100759c0,monotonic_reads,network_partition,writer-1,write,mr-0b32a7fd-51a0-4d9c-ba8d-4bb0100759c0,480,,,QUORUM,cassandra-1,True,False,3.947,2026-09-16T06:28:08.801609+00:00,
0b32a7fd-51a0-4d9c-ba8d-4bb0100759c0,monotonic_reads,network_partition,writer-1,write,mr-0b32a7fd-51a0-4d9c-ba8d-4bb0100759c0,481,,,QUORUM,cassandra-1,True,False,4.611,2026-09-16T06:28:08.828884+00:00,
0b32a7fd-51a0-4d9c-ba8d-4bb0100759c0,monotonic_reads,network_partition,writer-1,write,mr-0b32a7fd-51a0-4d9c-ba8d-4bb0100759c0,482,,,QUORUM,cassandra-1,True,False,4.466,2026-09-16T06:28:08.858543+00:00,
0b32a7fd-51a0-4d9c-ba8d-4bb0100759c0,monotonic_reads,network_partition,writer-1,write,mr-0b32a7fd-51a0-4d9c-ba8d-4bb0100759c0,483,,,QUORUM,cassandra-1,True,False,5.133,2026-09-16T06:28:08.884767+00:00,
0b32a7fd-51a0-4d9c-ba8d-4bb0100759c0,monotonic_reads,network_partition,writer-1,write,mr-0b32a7fd-51a0-4d9c-ba8d-4bb0100759c0,484,,,QUORUM,cassandra-1,True,False,4.866,2026-09-16T06:28:08.914854+00:00,
0b32a7fd-51a0-4d9c-ba8d-4bb0100759c0,monotonic_reads,network_partition,writer-1,write,mr-0b32a7fd-51a0-4d9c-ba8d-4bb0100759c0,485,,,QUORUM,cassandra-1,True,False,4.596,2026-09-16T06:28:08.942624+00:00,
0b32a7fd-51a0-4d9c-ba8d-4bb0100759c0,monotonic_reads,network_partition,writer-1,write,mr-0b32a7fd-51a0-4d9c-ba8d-4bb0100759c0,486,,,QUORUM,cassandra-1,True,False,5.131,2026-09-16T06:28:08.970894+00:00,
0b32a7fd-51a0-4d9c-ba8d-4bb0100759c0,monotonic_reads,network_partition,writer-1,write,mr-0b32a7fd-51a0-4d9c-ba8d-4bb0100759c0,487,,,QUORUM,cassandra-1,True,False,4.841,2026-09-16T06:28:08.997712+00:00,
0b32a7fd-51a0-4d9c-ba8d-4bb0100759c0,monotonic_reads,network_partition,writer-1,write,mr-0b32a7fd-51a0-4d9c-ba8d-4bb0100759c0,488,,,QUORUM,cassandra-1,True,False,4.865,2026-09-16T06:28:09.026951+00:00,
0b32a7fd-51a0-4d9c-ba8d-4bb0100759c0,monotonic_reads,network_partition,writer-1,write,mr-0b32a7fd-51a0-4d9c-ba8d-4bb0100759c0,489,,,QUORUM,cassandra-1,True,False,4.071,2026-09-16T06:28:09.055788+00:00,
0b32a7fd-51a0-4d9c-ba8d-4bb0100759c0,monotonic_reads,network_partition,writer-1,write,mr-0b32a7fd-51a0-4d9c-ba8d-4bb0100759c0,490,,,QUORUM,cassandra-1,True,False,4.584,2026-09-16T06:28:09.085624+00:00,
0b32a7fd-51a0-4d9c-ba8d-4bb0100759c0,monotonic_reads,network_partition,writer-1,write,mr-0b32a7fd-51a0-4d9c-ba8d-4bb0100759c0,491,,,QUORUM,cassandra-1,True,False,5.438,2026-09-16T06:28:09.114970+00:00,
0b32a7fd-51a0-4d9c-ba8d-4bb0100759c0,monotonic_reads,network_partition,writer-1,write,mr-0b32a7fd-51a0-4d9c-ba8d-4bb0100759c0,492,,,QUORUM,cassandra-1,True,False,4.783,2026-09-16T06:28:09.143852+00:00,
0b32a7fd-51a0-4d9c-ba8d-4bb0100759c0,monotonic_reads,network_partition,writer-1,write,mr-0b32a7fd-51a0-4d9c-ba8d-4bb0100759c0,493,,,QUORUM,cassandra-1,True,False,5.006,2026-09-16T06:28:09.173686+00:00,
0b32a7fd-51a0-4d9c-ba8d-4bb0100759c0,monotonic_reads,network_partition,writer-1,write,mr-0b32a7fd-51a0-4d9c-ba8d-4bb0100759c0,494,,,QUORUM,cassandra-1,True,False,5.193,2026-09-16T06:28:09.203215+00:00,
0b32a7fd-51a0-4d9c-ba8d-4bb0100759c0,monotonic_reads,network_partition,writer-1,write,mr-0b32a7fd-51a0-4d9c-ba8d-4bb0100759c0,495,,,QUORUM,cassandra-1,True,False,4.625,2026-09-16T06:28:09.230708+00:00,
0b32a7fd-51a0-4d9c-ba8d-4bb0100759c0,monotonic_reads,network_partition,writer-1,write,mr-0b32a7fd-51a0-4d9c-ba8d-4bb0100759c0,496,,,QUORUM,cassandra-1,True,False,4.184,2026-09-16T06:28:09.256826+00:00,
0b32a7fd-51a0-4d9c-ba8d-4bb0100759c0,monotonic_reads,network_partition,writer-1,write,mr-0b32a7fd-51a0-4d9c-ba8d-4bb0100759c0,497,,,QUORUM,cassandra-1,True,False,4.306,2026-09-16T06:28:09.284648+00:00,
0b32a7fd-51a0-4d9c-ba8d-4bb0100759c0,monotonic_reads,network_partition,writer-1,write,mr-0b32a7fd-51a0-4d9c-ba8d-4bb0100759c0,498,,,QUORUM,cassandra-1,True,False,3.914,2026-09-16T06:28:09.311448+00:00,
0b32a7fd-51a0-4d9c-ba8d-4bb0100759c0,monotonic_reads,network_partition,writer-1,write,mr-0b32a7fd-51a0-4d9c-ba8d-4bb0100759c0,499,,,QUORUM,cassandra-1,True,False,4.449,2026-09-16T06:28:09.340528+00:00,
0b32a7fd-51a0-4d9c-ba8d-4bb0100759c0,monotonic_reads,network_partition,writer-1,write,mr-0b32a7fd-51a0-4d9c-ba8d-4bb0100759c0,500,,,QUORUM,cassandra-1,True,False,4.034,2026-09-16T06:28:09.365347+00:00,
0b32a7fd-51a0-4d9c-ba8d-4bb0100759c0,monotonic_reads,network_partition,writer-1,write,mr-0b32a7fd-51a0-4d9c-ba8d-4bb0100759c0,501,,,QUORUM,cassandra-1,True,False,2.776,2026-09-16T06:28:09.388939+00:00,
0b32a7fd-51a0-4d9c-ba8d-4bb0100759c0,monotonic_reads,network_partition,writer-1,write,mr-0b32a7fd-51a0-4d9c-ba8d-4bb0100759c0,502,,,QUORUM,cassandra-1,True,False,2.54,2026-09-16T06:28:09.412063+00:00,
0b32a7fd-51a0-4d9c-ba8d-4bb0100759c0,monotonic_reads,network_partition,writer-1,write,mr-0b32a7fd-51a0-4d9c-ba8d-4bb0100759c0,503,,,QUORUM,cassandra-1,True,False,2.58,2026-09-16T06:28:09.438182+00:00,
0b32a7fd-51a0-4d9c-ba8d-4bb0100759c0,monotonic_reads,network_partition,writer-1,write,mr-0b32a7fd-51a0-4d9c-ba8d-4bb0100759c0,504,,,QUORUM,cassandra-1,True,False,2.631,2026-09-16T06:28:09.466048+00:00,
0b32a7fd-51a0-4d9c-ba8d-4bb0100759c0,monotonic_reads,network_partition,writer-1,write,mr-0b32a7fd-51a0-4d9c-ba8d-4bb0100759c0,505,,,QUORUM,cassandra-1,True,False,1.938,2026-09-16T06:28:09.493137+00:00,
0b32a7fd-51a0-4d9c-ba8d-4bb0100759c0,monotonic_reads,network_partition,writer-1,write,mr-0b32a7fd-51a0-4d9c-ba8d-4bb0100759c0,506,,,QUORUM,cassandra-1,True,False,3.332,2026-09-16T06:28:09.521657+00:00,
0b32a7fd-51a0-4d9c-ba8d-4bb0100759c0,monotonic_reads,network_partition,writer-1,write,mr-0b32a7fd-51a0-4d9c-ba8d-4bb0100759c0,507,,,QUORUM,cassandra-1,True,False,5.134,2026-09-16T06:28:09.548015+00:00,
0b32a7fd-51a0-4d9c-ba8d-4bb0100759c0,monotonic_reads,network_partition,writer-1,write,mr-0b32a7fd-51a0-4d9c-ba8d-4bb0100759c0,508,,,QUORUM,cassandra-1,True,False,4.867,2026-09-16T06:28:09.573520+00:00,
0b32a7fd-51a0-4d9c-ba8d-4bb0100759c0,monotonic_reads,network_partition,writer-1,write,mr-0b32a7fd-51a0-4d9c-ba8d-4bb0100759c0,509,,,QUORUM,cassandra-1,True,False,5.252,2026-09-16T06:28:09.599912+00:00,
0b32a7fd-51a0-4d9c-ba8d-4bb0100759c0,monotonic_reads,network_partition,writer-1,write,mr-0b32a7fd-51a0-4d9c-ba8d-4bb0100759c0,510,,,QUORUM,cassandra-1,True,False,4.299,2026-09-16T06:28:09.626872+00:00,
0b32a7fd-51a0-4d9c-ba8d-4bb0100759c0,monotonic_reads,network_partition,writer-1,write,mr-0b32a7fd-51a0-4d9c-ba8d-4bb0100759c0,511,,,QUORUM,cassandra-1,True,False,4.963,2026-09-16T06:28:09.656671+00:00,
0b32a7fd-51a0-4d9c-ba8d-4bb0100759c0,monotonic_reads,network_partition,writer-1,write,mr-0b32a7fd-51a0-4d9c-ba8d-4bb0100759c0,512,,,QUORUM,cassandra-1,True,False,6.09,2026-09-16T06:28:09.685033+00:00,
0b32a7fd-51a0-4d9c-ba8d-4bb0100759c0,monotonic_reads,network_partition,writer-1,write,mr-0b32a7fd-51a0-4d9c-ba8d-4bb0100759c0,513,,,QUORUM,cassandra-1,True,False,3.948,2026-09-16T06:28:09.713488+00:00,
0b32a7fd-51a0-4d9c-ba8d-4bb0100759c0,monotonic_reads,network_partition,writer-1,write,mr-0b32a7fd-51a0-4d9c-ba8d-4bb0100759c0,514,,,QUORUM,cassandra-1,True,False,5.577,2026-09-16T06:28:09.741958+00:00,
0b32a7fd-51a0-4d9c-ba8d-4bb0100759c0,monotonic_reads,network_partition,writer-1,write,mr-0b32a7fd-51a0-4d9c-ba8d-4bb0100759c0,515,,,QUORUM,cassandra-1,True,False,3.529,2026-09-16T06:28:09.770470+00:00,
0b32a7fd-51a0-4d9c-ba8d-4bb0100759c0,monotonic_reads,network_partition,writer-1,write,mr-0b32a7fd-51a0-4d9c-ba8d-4bb0100759c0,516,,,QUORUM,cassandra-1,True,False,4.642,2026-09-16T06:28:09.796571+00:00,
0b32a7fd-51a0-4d9c-ba8d-4bb0100759c0,monotonic_reads,network_partition,writer-1,write,mr-0b32a7fd-51a0-4d9c-ba8d-4bb0100759c0,517,,,QUORUM,cassandra-1,True,False,5.181,2026-09-16T06:28:09.826842+00:00,
0b32a7fd-51a0-4d9c-ba8d-4bb0100759c0,monotonic_reads,network_partition,writer-1,write,mr-0b32a7fd-51a0-4d9c-ba8d-4bb0100759c0,518,,,QUORUM,cassandra-1,True,False,5.251,2026-09-16T06:28:09.856897+00:00,
0b32a7fd-51a0-4d9c-ba8d-4bb0100759c0,monotonic_reads,network_partition,writer-1,write,mr-0b32a7fd-51a0-4d9c-ba8d-4bb0100759c0,519,,,QUORUM,cassandra-1,True,False,4.594,2026-09-16T06:28:09.882908+00:00,
0b32a7fd-51a0-4d9c-ba8d-4bb0100759c0,monotonic_reads,network_partition,writer-1,write,mr-0b32a7fd-51a0-4d9c-ba8d-4bb0100759c0,520,,,QUORUM,cassandra-1,True,False,5.253,2026-09-16T06:28:09.910765+00:00,
0b32a7fd-51a0-4d9c-ba8d-4bb0100759c0,monotonic_reads,network_partition,writer-1,write,mr-0b32a7fd-51a0-4d9c-ba8d-4bb0100759c0,521,,,QUORUM,cassandra-1,True,False,4.587,2026-09-16T06:28:09.937658+00:00,
0b32a7fd-51a0-4d9c-ba8d-4bb0100759c0,monotonic_reads,network_partition,writer-1,write,mr-0b32a7fd-51a0-4d9c-ba8d-4bb0100759c0,522,,,QUORUM,cassandra-1,True,False,4.334,2026-09-16T06:28:09.963871+00:00,
0b32a7fd-51a0-4d9c-ba8d-4bb0100759c0,monotonic_reads,network_partition,writer-1,write,mr-0b32a7fd-51a0-4d9c-ba8d-4bb0100759c0,523,,,QUORUM,cassandra-1,True,False,5.908,2026-09-16T06:28:09.990966+00:00,
0b32a7fd-51a0-4d9c-ba8d-4bb0100759c0,monotonic_reads,network_partition,writer-1,write,mr-0b32a7fd-51a0-4d9c-ba8d-4bb0100759c0,524,,,QUORUM,cassandra-1,True,False,4.332,2026-09-16T06:28:10.020552+00:00,
0b32a7fd-51a0-4d9c-ba8d-4bb0100759c0,monotonic_reads,network_partition,writer-1,write,mr-0b32a7fd-51a0-4d9c-ba8d-4bb0100759c0,525,,,QUORUM,cassandra-1,True,False,5.272,2026-09-16T06:28:10.050937+00:00,
0b32a7fd-51a0-4d9c-ba8d-4bb0100759c0,monotonic_reads,network_partition,writer-1,write,mr-0b32a7fd-51a0-4d9c-ba8d-4bb0100759c0,526,,,QUORUM,cassandra-1,True,False,5.681,2026-09-16T06:28:10.079251+00:00,
0b32a7fd-51a0-4d9c-ba8d-4bb0100759c0,monotonic_reads,network_partition,writer-1,write,mr-0b32a7fd-51a0-4d9c-ba8d-4bb0100759c0,527,,,QUORUM,cassandra-1,True,False,5.233,2026-09-16T06:28:10.109747+00:00,
0b32a7fd-51a0-4d9c-ba8d-4bb0100759c0,monotonic_reads,network_partition,writer-1,write,mr-0b32a7fd-51a0-4d9c-ba8d-4bb0100759c0,528,,,QUORUM,cassandra-1,True,False,5.309,2026-09-16T06:28:10.136993+00:00,
0b32a7fd-51a0-4d9c-ba8d-4bb0100759c0,monotonic_reads,network_partition,writer-1,write,mr-0b32a7fd-51a0-4d9c-ba8d-4bb0100759c0,529,,,QUORUM,cassandra-1,True,False,4.87,2026-09-16T06:28:10.162896+00:00,
0b32a7fd-51a0-4d9c-ba8d-4bb0100759c0,monotonic_reads,network_partition,writer-1,write,mr-0b32a7fd-51a0-4d9c-ba8d-4bb0100759c0,530,,,QUORUM,cassandra-1,True,False,4.664,2026-09-16T06:28:10.190879+00:00,
0b32a7fd-51a0-4d9c-ba8d-4bb0100759c0,monotonic_reads,network_partition,writer-1,write,mr-0b32a7fd-51a0-4d9c-ba8d-4bb0100759c0,531,,,QUORUM,cassandra-1,True,False,5.659,2026-09-16T06:28:10.218348+00:00,
0b32a7fd-51a0-4d9c-ba8d-4bb0100759c0,monotonic_reads,network_partition,writer-1,write,mr-0b32a7fd-51a0-4d9c-ba8d-4bb0100759c0,532,,,QUORUM,cassandra-1,True,False,4.292,2026-09-16T06:28:10.243909+00:00,
0b32a7fd-51a0-4d9c-ba8d-4bb0100759c0,monotonic_reads,network_partition,writer-1,write,mr-0b32a7fd-51a0-4d9c-ba8d-4bb0100759c0,533,,,QUORUM,cassandra-1,True,False,5.693,2026-09-16T06:28:10.271867+00:00,
0b32a7fd-51a0-4d9c-ba8d-4bb0100759c0,monotonic_reads,network_partition,writer-1,write,mr-0b32a7fd-51a0-4d9c-ba8d-4bb0100759c0,534,,,QUORUM,cassandra-1,True,False,4.125,2026-09-16T06:28:10.298676+00:00,
0b32a7fd-51a0-4d9c-ba8d-4bb0100759c0,monotonic_reads,network_partition,writer-1,write,mr-0b32a7fd-51a0-4d9c-ba8d-4bb0100759c0,535,,,QUORUM,cassandra-1,True,False,11.884,2026-09-16T06:28:10.331060+00:00,
0b32a7fd-51a0-4d9c-ba8d-4bb0100759c0,monotonic_reads,network_partition,writer-1,write,mr-0b32a7fd-51a0-4d9c-ba8d-4bb0100759c0,536,,,QUORUM,cassandra-1,True,False,4.677,2026-09-16T06:28:10.358669+00:00,
0b32a7fd-51a0-4d9c-ba8d-4bb0100759c0,monotonic_reads,network_partition,writer-1,write,mr-0b32a7fd-51a0-4d9c-ba8d-4bb0100759c0,537,,,QUORUM,cassandra-1,True,False,4.965,2026-09-16T06:28:10.384633+00:00,
0b32a7fd-51a0-4d9c-ba8d-4bb0100759c0,monotonic_reads,network_partition,writer-1,write,mr-0b32a7fd-51a0-4d9c-ba8d-4bb0100759c0,538,,,QUORUM,cassandra-1,True,False,5.029,2026-09-16T06:28:10.413732+00:00,
0b32a7fd-51a0-4d9c-ba8d-4bb0100759c0,monotonic_reads,network_partition,writer-1,write,mr-0b32a7fd-51a0-4d9c-ba8d-4bb0100759c0,539,,,QUORUM,cassandra-1,True,False,4.642,2026-09-16T06:28:10.442667+00:00,
0b32a7fd-51a0-4d9c-ba8d-4bb0100759c0,monotonic_reads,network_partition,writer-1,write,mr-0b32a7fd-51a0-4d9c-ba8d-4bb0100759c0,540,,,QUORUM,cassandra-1,True,False,4.714,2026-09-16T06:28:10.472545+00:00,
0b32a7fd-51a0-4d9c-ba8d-4bb0100759c0,monotonic_reads,network_partition,writer-1,write,mr-0b32a7fd-51a0-4d9c-ba8d-4bb0100759c0,541,,,QUORUM,cassandra-1,True,False,4.594,2026-09-16T06:28:10.501777+00:00,
0b32a7fd-51a0-4d9c-ba8d-4bb0100759c0,monotonic_reads,network_partition,writer-1,write,mr-0b32a7fd-51a0-4d9c-ba8d-4bb0100759c0,542,,,QUORUM,cassandra-1,True,False,4.409,2026-09-16T06:28:10.528494+00:00,
0b32a7fd-51a0-4d9c-ba8d-4bb0100759c0,monotonic_reads,network_partition,writer-1,write,mr-0b32a7fd-51a0-4d9c-ba8d-4bb0100759c0,543,,,QUORUM,cassandra-1,True,False,2.556,2026-09-16T06:28:10.554217+00:00,
0b32a7fd-51a0-4d9c-ba8d-4bb0100759c0,monotonic_reads,network_partition,writer-1,write,mr-0b32a7fd-51a0-4d9c-ba8d-4bb0100759c0,544,,,QUORUM,cassandra-1,True,False,4.612,2026-09-16T06:28:10.582635+00:00,
0b32a7fd-51a0-4d9c-ba8d-4bb0100759c0,monotonic_reads,network_partition,writer-1,write,mr-0b32a7fd-51a0-4d9c-ba8d-4bb0100759c0,545,,,QUORUM,cassandra-1,True,False,4.559,2026-09-16T06:28:10.607647+00:00,
0b32a7fd-51a0-4d9c-ba8d-4bb0100759c0,monotonic_reads,network_partition,writer-1,write,mr-0b32a7fd-51a0-4d9c-ba8d-4bb0100759c0,546,,,QUORUM,cassandra-1,True,False,5.117,2026-09-16T06:28:10.633791+00:00,
0b32a7fd-51a0-4d9c-ba8d-4bb0100759c0,monotonic_reads,network_partition,writer-1,write,mr-0b32a7fd-51a0-4d9c-ba8d-4bb0100759c0,547,,,QUORUM,cassandra-1,True,False,5.884,2026-09-16T06:28:10.664935+00:00,
0b32a7fd-51a0-4d9c-ba8d-4bb0100759c0,monotonic_reads,network_partition,writer-1,write,mr-0b32a7fd-51a0-4d9c-ba8d-4bb0100759c0,548,,,QUORUM,cassandra-1,True,False,4.895,2026-09-16T06:28:10.691782+00:00,
0b32a7fd-51a0-4d9c-ba8d-4bb0100759c0,monotonic_reads,network_partition,writer-1,write,mr-0b32a7fd-51a0-4d9c-ba8d-4bb0100759c0,549,,,QUORUM,cassandra-1,True,False,4.876,2026-09-16T06:28:10.717661+00:00,
0b32a7fd-51a0-4d9c-ba8d-4bb0100759c0,monotonic_reads,network_partition,writer-1,write,mr-0b32a7fd-51a0-4d9c-ba8d-4bb0100759c0,550,,,QUORUM,cassandra-1,True,False,5.464,2026-09-16T06:28:10.745101+00:00,
0b32a7fd-51a0-4d9c-ba8d-4bb0100759c0,monotonic_reads,network_partition,writer-1,write,mr-0b32a7fd-51a0-4d9c-ba8d-4bb0100759c0,551,,,QUORUM,cassandra-1,True,False,4.479,2026-09-16T06:28:10.771543+00:00,
0b32a7fd-51a0-4d9c-ba8d-4bb0100759c0,monotonic_reads,network_partition,writer-1,write,mr-0b32a7fd-51a0-4d9c-ba8d-4bb0100759c0,552,,,QUORUM,cassandra-1,True,False,4.746,2026-09-16T06:28:10.798759+00:00,
0b32a7fd-51a0-4d9c-ba8d-4bb0100759c0,monotonic_reads,network_partition,writer-1,write,mr-0b32a7fd-51a0-4d9c-ba8d-4bb0100759c0,553,,,QUORUM,cassandra-1,True,False,4.753,2026-09-16T06:28:10.824585+00:00,
0b32a7fd-51a0-4d9c-ba8d-4bb0100759c0,monotonic_reads,network_partition,writer-1,write,mr-0b32a7fd-51a0-4d9c-ba8d-4bb0100759c0,554,,,QUORUM,cassandra-1,True,False,4.148,2026-09-16T06:28:10.851772+00:00,
0b32a7fd-51a0-4d9c-ba8d-4bb0100759c0,monotonic_reads,network_partition,writer-1,write,mr-0b32a7fd-51a0-4d9c-ba8d-4bb0100759c0,555,,,QUORUM,cassandra-1,True,False,5.273,2026-09-16T06:28:10.878954+00:00,
0b32a7fd-51a0-4d9c-ba8d-4bb0100759c0,monotonic_reads,network_partition,writer-1,write,mr-0b32a7fd-51a0-4d9c-ba8d-4bb0100759c0,556,,,QUORUM,cassandra-1,True,False,3.036,2026-09-16T06:28:10.906669+00:00,
0b32a7fd-51a0-4d9c-ba8d-4bb0100759c0,monotonic_reads,network_partition,writer-1,write,mr-0b32a7fd-51a0-4d9c-ba8d-4bb0100759c0,557,,,QUORUM,cassandra-1,True,False,4.217,2026-09-16T06:28:10.932595+00:00,
0b32a7fd-51a0-4d9c-ba8d-4bb0100759c0,monotonic_reads,network_partition,writer-1,write,mr-0b32a7fd-51a0-4d9c-ba8d-4bb0100759c0,558,,,QUORUM,cassandra-1,True,False,4.412,2026-09-16T06:28:10.958498+00:00,
0b32a7fd-51a0-4d9c-ba8d-4bb0100759c0,monotonic_reads,network_partition,writer-1,write,mr-0b32a7fd-51a0-4d9c-ba8d-4bb0100759c0,559,,,QUORUM,cassandra-1,True,False,5.117,2026-09-16T06:28:10.985015+00:00,
0b32a7fd-51a0-4d9c-ba8d-4bb0100759c0,monotonic_reads,network_partition,writer-1,write,mr-0b32a7fd-51a0-4d9c-ba8d-4bb0100759c0,560,,,QUORUM,cassandra-1,True,False,5.179,2026-09-16T06:28:11.012847+00:00,
0b32a7fd-51a0-4d9c-ba8d-4bb0100759c0,monotonic_reads,network_partition,writer-1,write,mr-0b32a7fd-51a0-4d9c-ba8d-4bb0100759c0,561,,,QUORUM,cassandra-1,True,False,4.935,2026-09-16T06:28:11.043978+00:00,
0b32a7fd-51a0-4d9c-ba8d-4bb0100759c0,monotonic_reads,network_partition,writer-1,write,mr-0b32a7fd-51a0-4d9c-ba8d-4bb0100759c0,562,,,QUORUM,cassandra-1,True,False,4.973,2026-09-16T06:28:11.074071+00:00,
0b32a7fd-51a0-4d9c-ba8d-4bb0100759c0,monotonic_reads,network_partition,writer-1,write,mr-0b32a7fd-51a0-4d9c-ba8d-4bb0100759c0,563,,,QUORUM,cassandra-1,True,False,5.943,2026-09-16T06:28:11.102642+00:00,
0b32a7fd-51a0-4d9c-ba8d-4bb0100759c0,monotonic_reads,network_partition,writer-1,write,mr-0b32a7fd-51a0-4d9c-ba8d-4bb0100759c0,564,,,QUORUM,cassandra-1,True,False,5.574,2026-09-16T06:28:11.130309+00:00,
0b32a7fd-51a0-4d9c-ba8d-4bb0100759c0,monotonic_reads,network_partition,writer-1,write,mr-0b32a7fd-51a0-4d9c-ba8d-4bb0100759c0,565,,,QUORUM,cassandra-1,True,False,4.939,2026-09-16T06:28:11.157905+00:00,
0b32a7fd-51a0-4d9c-ba8d-4bb0100759c0,monotonic_reads,network_partition,writer-1,write,mr-0b32a7fd-51a0-4d9c-ba8d-4bb0100759c0,566,,,QUORUM,cassandra-1,True,False,5.834,2026-09-16T06:28:11.188151+00:00,
0b32a7fd-51a0-4d9c-ba8d-4bb0100759c0,monotonic_reads,network_partition,writer-1,write,mr-0b32a7fd-51a0-4d9c-ba8d-4bb0100759c0,567,,,QUORUM,cassandra-1,True,False,5.203,2026-09-16T06:28:11.217885+00:00,
0b32a7fd-51a0-4d9c-ba8d-4bb0100759c0,monotonic_reads,network_partition,writer-1,write,mr-0b32a7fd-51a0-4d9c-ba8d-4bb0100759c0,568,,,QUORUM,cassandra-1,True,False,5.139,2026-09-16T06:28:11.247824+00:00,
0b32a7fd-51a0-4d9c-ba8d-4bb0100759c0,monotonic_reads,network_partition,writer-1,write,mr-0b32a7fd-51a0-4d9c-ba8d-4bb0100759c0,569,,,QUORUM,cassandra-1,True,False,4.909,2026-09-16T06:28:11.275843+00:00,
0b32a7fd-51a0-4d9c-ba8d-4bb0100759c0,monotonic_reads,network_partition,writer-1,write,mr-0b32a7fd-51a0-4d9c-ba8d-4bb0100759c0,570,,,QUORUM,cassandra-1,True,False,3.403,2026-09-16T06:28:11.302514+00:00,
0b32a7fd-51a0-4d9c-ba8d-4bb0100759c0,monotonic_reads,network_partition,writer-1,write,mr-0b32a7fd-51a0-4d9c-ba8d-4bb0100759c0,571,,,QUORUM,cassandra-1,True,False,4.614,2026-09-16T06:28:11.327674+00:00,
0b32a7fd-51a0-4d9c-ba8d-4bb0100759c0,monotonic_reads,network_partition,writer-1,write,mr-0b32a7fd-51a0-4d9c-ba8d-4bb0100759c0,572,,,QUORUM,cassandra-1,True,False,5.108,2026-09-16T06:28:11.358213+00:00,
0b32a7fd-51a0-4d9c-ba8d-4bb0100759c0,monotonic_reads,network_partition,writer-1,write,mr-0b32a7fd-51a0-4d9c-ba8d-4bb0100759c0,573,,,QUORUM,cassandra-1,True,False,4.953,2026-09-16T06:28:11.386550+00:00,
0b32a7fd-51a0-4d9c-ba8d-4bb0100759c0,monotonic_reads,network_partition,writer-1,write,mr-0b32a7fd-51a0-4d9c-ba8d-4bb0100759c0,574,,,QUORUM,cassandra-1,True,False,5.409,2026-09-16T06:28:11.414585+00:00,
0b32a7fd-51a0-4d9c-ba8d-4bb0100759c0,monotonic_reads,network_partition,writer-1,write,mr-0b32a7fd-51a0-4d9c-ba8d-4bb0100759c0,575,,,QUORUM,cassandra-1,True,False,4.928,2026-09-16T06:28:11.443857+00:00,
0b32a7fd-51a0-4d9c-ba8d-4bb0100759c0,monotonic_reads,network_partition,writer-1,write,mr-0b32a7fd-51a0-4d9c-ba8d-4bb0100759c0,576,,,QUORUM,cassandra-1,True,False,5.461,2026-09-16T06:28:11.469652+00:00,
0b32a7fd-51a0-4d9c-ba8d-4bb0100759c0,monotonic_reads,network_partition,writer-1,write,mr-0b32a7fd-51a0-4d9c-ba8d-4bb0100759c0,577,,,QUORUM,cassandra-1,True,False,5.025,2026-09-16T06:28:11.497680+00:00,
0b32a7fd-51a0-4d9c-ba8d-4bb0100759c0,monotonic_reads,network_partition,writer-1,write,mr-0b32a7fd-51a0-4d9c-ba8d-4bb0100759c0,578,,,QUORUM,cassandra-1,True,False,5.143,2026-09-16T06:28:11.523818+00:00,
0b32a7fd-51a0-4d9c-ba8d-4bb0100759c0,monotonic_reads,network_partition,writer-1,write,mr-0b32a7fd-51a0-4d9c-ba8d-4bb0100759c0,579,,,QUORUM,cassandra-1,True,False,3.835,2026-09-16T06:28:11.549495+00:00,
0b32a7fd-51a0-4d9c-ba8d-4bb0100759c0,monotonic_reads,network_partition,writer-1,write,mr-0b32a7fd-51a0-4d9c-ba8d-4bb0100759c0,580,,,QUORUM,cassandra-1,True,False,4.784,2026-09-16T06:28:11.577905+00:00,
0b32a7fd-51a0-4d9c-ba8d-4bb0100759c0,monotonic_reads,network_partition,writer-1,write,mr-0b32a7fd-51a0-4d9c-ba8d-4bb0100759c0,581,,,QUORUM,cassandra-1,True,False,5.101,2026-09-16T06:28:11.608615+00:00,
0b32a7fd-51a0-4d9c-ba8d-4bb0100759c0,monotonic_reads,network_partition,writer-1,write,mr-0b32a7fd-51a0-4d9c-ba8d-4bb0100759c0,582,,,QUORUM,cassandra-1,True,False,5.166,2026-09-16T06:28:11.637852+00:00,
0b32a7fd-51a0-4d9c-ba8d-4bb0100759c0,monotonic_reads,network_partition,writer-1,write,mr-0b32a7fd-51a0-4d9c-ba8d-4bb0100759c0,583,,,QUORUM,cassandra-1,True,False,5.03,2026-09-16T06:28:11.663683+00:00,
0b32a7fd-51a0-4d9c-ba8d-4bb0100759c0,monotonic_reads,network_partition,writer-1,write,mr-0b32a7fd-51a0-4d9c-ba8d-4bb0100759c0,584,,,QUORUM,cassandra-1,True,False,4.724,2026-09-16T06:28:11.691898+00:00,
0b32a7fd-51a0-4d9c-ba8d-4bb0100759c0,monotonic_reads,network_partition,writer-1,write,mr-0b32a7fd-51a0-4d9c-ba8d-4bb0100759c0,585,,,QUORUM,cassandra-1,True,False,5.29,2026-09-16T06:28:11.719951+00:00,
0b32a7fd-51a0-4d9c-ba8d-4bb0100759c0,monotonic_reads,network_partition,writer-1,write,mr-0b32a7fd-51a0-4d9c-ba8d-4bb0100759c0,586,,,QUORUM,cassandra-1,True,False,4.582,2026-09-16T06:28:11.747715+00:00,
0b32a7fd-51a0-4d9c-ba8d-4bb0100759c0,monotonic_reads,network_partition,writer-1,write,mr-0b32a7fd-51a0-4d9c-ba8d-4bb0100759c0,587,,,QUORUM,cassandra-1,True,False,4.661,2026-09-16T06:28:11.773730+00:00,
0b32a7fd-51a0-4d9c-ba8d-4bb0100759c0,monotonic_reads,network_partition,writer-1,write,mr-0b32a7fd-51a0-4d9c-ba8d-4bb0100759c0,588,,,QUORUM,cassandra-1,True,False,4.764,2026-09-16T06:28:11.800865+00:00,
0b32a7fd-51a0-4d9c-ba8d-4bb0100759c0,monotonic_reads,network_partition,writer-1,write,mr-0b32a7fd-51a0-4d9c-ba8d-4bb0100759c0,589,,,QUORUM,cassandra-1,True,False,5.464,2026-09-16T06:28:11.829140+00:00,
0b32a7fd-51a0-4d9c-ba8d-4bb0100759c0,monotonic_reads,network_partition,writer-1,write,mr-0b32a7fd-51a0-4d9c-ba8d-4bb0100759c0,590,,,QUORUM,cassandra-1,True,False,4.507,2026-09-16T06:28:11.855597+00:00,
0b32a7fd-51a0-4d9c-ba8d-4bb0100759c0,monotonic_reads,network_partition,writer-1,write,mr-0b32a7fd-51a0-4d9c-ba8d-4bb0100759c0,591,,,QUORUM,cassandra-1,True,False,4.257,2026-09-16T06:28:11.884407+00:00,
0b32a7fd-51a0-4d9c-ba8d-4bb0100759c0,monotonic_reads,network_partition,writer-1,write,mr-0b32a7fd-51a0-4d9c-ba8d-4bb0100759c0,592,,,QUORUM,cassandra-1,True,False,4.077,2026-09-16T06:28:11.913622+00:00,
0b32a7fd-51a0-4d9c-ba8d-4bb0100759c0,monotonic_reads,network_partition,writer-1,write,mr-0b32a7fd-51a0-4d9c-ba8d-4bb0100759c0,593,,,QUORUM,cassandra-1,True,False,4.598,2026-09-16T06:28:11.939587+00:00,
0b32a7fd-51a0-4d9c-ba8d-4bb0100759c0,monotonic_reads,network_partition,writer-1,write,mr-0b32a7fd-51a0-4d9c-ba8d-4bb0100759c0,594,,,QUORUM,cassandra-1,True,False,3.899,2026-09-16T06:28:11.968557+00:00,
0b32a7fd-51a0-4d9c-ba8d-4bb0100759c0,monotonic_reads,network_partition,writer-1,write,mr-0b32a7fd-51a0-4d9c-ba8d-4bb0100759c0,595,,,QUORUM,cassandra-1,True,False,3.796,2026-09-16T06:28:11.997448+00:00,
0b32a7fd-51a0-4d9c-ba8d-4bb0100759c0,monotonic_reads,network_partition,writer-1,write,mr-0b32a7fd-51a0-4d9c-ba8d-4bb0100759c0,596,,,QUORUM,cassandra-1,True,False,4.127,2026-09-16T06:28:12.026701+00:00,
0b32a7fd-51a0-4d9c-ba8d-4bb0100759c0,monotonic_reads,network_partition,writer-1,write,mr-0b32a7fd-51a0-4d9c-ba8d-4bb0100759c0,597,,,QUORUM,cassandra-1,True,False,5.011,2026-09-16T06:28:12.056896+00:00,
0b32a7fd-51a0-4d9c-ba8d-4bb0100759c0,monotonic_reads,network_partition,writer-1,write,mr-0b32a7fd-51a0-4d9c-ba8d-4bb0100759c0,598,,,QUORUM,cassandra-1,True,False,4.624,2026-09-16T06:28:12.082651+00:00,
0b32a7fd-51a0-4d9c-ba8d-4bb0100759c0,monotonic_reads,network_partition,writer-1,write,mr-0b32a7fd-51a0-4d9c-ba8d-4bb0100759c0,599,,,QUORUM,cassandra-1,True,False,4.559,2026-09-16T06:28:12.110744+00:00,
0b32a7fd-51a0-4d9c-ba8d-4bb0100759c0,monotonic_reads,network_partition,writer-1,write,mr-0b32a7fd-51a0-4d9c-ba8d-4bb0100759c0,600,,,QUORUM,cassandra-1,True,False,5.006,2026-09-16T06:28:12.140939+00:00,
0b32a7fd-51a0-4d9c-ba8d-4bb0100759c0,monotonic_reads,network_partition,writer-1,write,mr-0b32a7fd-51a0-4d9c-ba8d-4bb0100759c0,601,,,QUORUM,cassandra-1,True,False,4.924,2026-09-16T06:28:12.170667+00:00,
0b32a7fd-51a0-4d9c-ba8d-4bb0100759c0,monotonic_reads,network_partition,writer-1,write,mr-0b32a7fd-51a0-4d9c-ba8d-4bb0100759c0,602,,,QUORUM,cassandra-1,True,False,4.165,2026-09-16T06:28:12.197835+00:00,
0b32a7fd-51a0-4d9c-ba8d-4bb0100759c0,monotonic_reads,network_partition,writer-1,write,mr-0b32a7fd-51a0-4d9c-ba8d-4bb0100759c0,603,,,QUORUM,cassandra-1,True,False,4.514,2026-09-16T06:28:12.227592+00:00,
0b32a7fd-51a0-4d9c-ba8d-4bb0100759c0,monotonic_reads,network_partition,writer-1,write,mr-0b32a7fd-51a0-4d9c-ba8d-4bb0100759c0,604,,,QUORUM,cassandra-1,True,False,4.963,2026-09-16T06:28:12.256724+00:00,
0b32a7fd-51a0-4d9c-ba8d-4bb0100759c0,monotonic_reads,network_partition,writer-1,write,mr-0b32a7fd-51a0-4d9c-ba8d-4bb0100759c0,605,,,QUORUM,cassandra-1,True,False,5.234,2026-09-16T06:28:12.283904+00:00,
0b32a7fd-51a0-4d9c-ba8d-4bb0100759c0,monotonic_reads,network_partition,writer-1,write,mr-0b32a7fd-51a0-4d9c-ba8d-4bb0100759c0,606,,,QUORUM,cassandra-1,True,False,4.785,2026-09-16T06:28:12.313854+00:00,
0b32a7fd-51a0-4d9c-ba8d-4bb0100759c0,monotonic_reads,network_partition,writer-1,write,mr-0b32a7fd-51a0-4d9c-ba8d-4bb0100759c0,607,,,QUORUM,cassandra-1,True,False,5.302,2026-09-16T06:28:12.340963+00:00,
0b32a7fd-51a0-4d9c-ba8d-4bb0100759c0,monotonic_reads,network_partition,writer-1,write,mr-0b32a7fd-51a0-4d9c-ba8d-4bb0100759c0,608,,,QUORUM,cassandra-1,True,False,5.374,2026-09-16T06:28:12.370438+00:00,
0b32a7fd-51a0-4d9c-ba8d-4bb0100759c0,monotonic_reads,network_partition,writer-1,write,mr-0b32a7fd-51a0-4d9c-ba8d-4bb0100759c0,609,,,QUORUM,cassandra-1,True,False,5.566,2026-09-16T06:28:12.400733+00:00,
0b32a7fd-51a0-4d9c-ba8d-4bb0100759c0,monotonic_reads,network_partition,writer-1,write,mr-0b32a7fd-51a0-4d9c-ba8d-4bb0100759c0,610,,,QUORUM,cassandra-1,True,False,5.073,2026-09-16T06:28:12.430973+00:00,
0b32a7fd-51a0-4d9c-ba8d-4bb0100759c0,monotonic_reads,network_partition,writer-1,write,mr-0b32a7fd-51a0-4d9c-ba8d-4bb0100759c0,611,,,QUORUM,cassandra-1,True,False,5.99,2026-09-16T06:28:12.458043+00:00,
0b32a7fd-51a0-4d9c-ba8d-4bb0100759c0,monotonic_reads,network_partition,writer-1,write,mr-0b32a7fd-51a0-4d9c-ba8d-4bb0100759c0,612,,,QUORUM,cassandra-1,True,False,5.025,2026-09-16T06:28:12.488290+00:00,
0b32a7fd-51a0-4d9c-ba8d-4bb0100759c0,monotonic_reads,network_partition,writer-1,write,mr-0b32a7fd-51a0-4d9c-ba8d-4bb0100759c0,613,,,QUORUM,cassandra-1,True,False,6.16,2026-09-16T06:28:12.518027+00:00,
0b32a7fd-51a0-4d9c-ba8d-4bb0100759c0,monotonic_reads,network_partition,writer-1,write,mr-0b32a7fd-51a0-4d9c-ba8d-4bb0100759c0,614,,,QUORUM,cassandra-1,True,False,4.084,2026-09-16T06:28:12.543740+00:00,
0b32a7fd-51a0-4d9c-ba8d-4bb0100759c0,monotonic_reads,network_partition,writer-1,write,mr-0b32a7fd-51a0-4d9c-ba8d-4bb0100759c0,615,,,QUORUM,cassandra-1,True,False,5.618,2026-09-16T06:28:12.573983+00:00,
0b32a7fd-51a0-4d9c-ba8d-4bb0100759c0,monotonic_reads,network_partition,writer-1,write,mr-0b32a7fd-51a0-4d9c-ba8d-4bb0100759c0,616,,,QUORUM,cassandra-1,True,False,5.25,2026-09-16T06:28:12.600944+00:00,
0b32a7fd-51a0-4d9c-ba8d-4bb0100759c0,monotonic_reads,network_partition,writer-1,write,mr-0b32a7fd-51a0-4d9c-ba8d-4bb0100759c0,617,,,QUORUM,cassandra-1,True,False,4.769,2026-09-16T06:28:12.630813+00:00,
0b32a7fd-51a0-4d9c-ba8d-4bb0100759c0,monotonic_reads,network_partition,writer-1,write,mr-0b32a7fd-51a0-4d9c-ba8d-4bb0100759c0,618,,,QUORUM,cassandra-1,True,False,4.83,2026-09-16T06:28:12.657917+00:00,
0b32a7fd-51a0-4d9c-ba8d-4bb0100759c0,monotonic_reads,network_partition,writer-1,write,mr-0b32a7fd-51a0-4d9c-ba8d-4bb0100759c0,619,,,QUORUM,cassandra-1,True,False,5.184,2026-09-16T06:28:12.683841+00:00,
0b32a7fd-51a0-4d9c-ba8d-4bb0100759c0,monotonic_reads,network_partition,writer-1,write,mr-0b32a7fd-51a0-4d9c-ba8d-4bb0100759c0,620,,,QUORUM,cassandra-1,True,False,5.074,2026-09-16T06:28:12.712069+00:00,
0b32a7fd-51a0-4d9c-ba8d-4bb0100759c0,monotonic_reads,network_partition,writer-1,write,mr-0b32a7fd-51a0-4d9c-ba8d-4bb0100759c0,621,,,QUORUM,cassandra-1,True,False,5.878,2026-09-16T06:28:12.741971+00:00,
0b32a7fd-51a0-4d9c-ba8d-4bb0100759c0,monotonic_reads,network_partition,writer-1,write,mr-0b32a7fd-51a0-4d9c-ba8d-4bb0100759c0,622,,,QUORUM,cassandra-1,True,False,5.119,2026-09-16T06:28:12.770776+00:00,
0b32a7fd-51a0-4d9c-ba8d-4bb0100759c0,monotonic_reads,network_partition,writer-1,write,mr-0b32a7fd-51a0-4d9c-ba8d-4bb0100759c0,623,,,QUORUM,cassandra-1,True,False,4.79,2026-09-16T06:28:12.802820+00:00,
0b32a7fd-51a0-4d9c-ba8d-4bb0100759c0,monotonic_reads,network_partition,writer-1,write,mr-0b32a7fd-51a0-4d9c-ba8d-4bb0100759c0,624,,,QUORUM,cassandra-1,True,False,5.497,2026-09-16T06:28:12.829127+00:00,
0b32a7fd-51a0-4d9c-ba8d-4bb0100759c0,monotonic_reads,network_partition,writer-1,write,mr-0b32a7fd-51a0-4d9c-ba8d-4bb0100759c0,625,,,QUORUM,cassandra-1,True,False,5.571,2026-09-16T06:28:12.858897+00:00,
0b32a7fd-51a0-4d9c-ba8d-4bb0100759c0,monotonic_reads,network_partition,writer-1,write,mr-0b32a7fd-51a0-4d9c-ba8d-4bb0100759c0,626,,,QUORUM,cassandra-1,True,False,4.742,2026-09-16T06:28:12.888758+00:00,
0b32a7fd-51a0-4d9c-ba8d-4bb0100759c0,monotonic_reads,network_partition,writer-1,write,mr-0b32a7fd-51a0-4d9c-ba8d-4bb0100759c0,627,,,QUORUM,cassandra-1,True,False,5.147,2026-09-16T06:28:12.914826+00:00,
0b32a7fd-51a0-4d9c-ba8d-4bb0100759c0,monotonic_reads,network_partition,writer-1,write,mr-0b32a7fd-51a0-4d9c-ba8d-4bb0100759c0,628,,,QUORUM,cassandra-1,True,False,5.241,2026-09-16T06:28:12.941715+00:00,
0b32a7fd-51a0-4d9c-ba8d-4bb0100759c0,monotonic_reads,network_partition,writer-1,write,mr-0b32a7fd-51a0-4d9c-ba8d-4bb0100759c0,629,,,QUORUM,cassandra-1,True,False,4.272,2026-09-16T06:28:12.969656+00:00,
0b32a7fd-51a0-4d9c-ba8d-4bb0100759c0,monotonic_reads,network_partition,writer-1,write,mr-0b32a7fd-51a0-4d9c-ba8d-4bb0100759c0,630,,,QUORUM,cassandra-1,True,False,4.448,2026-09-16T06:28:12.997769+00:00,
0b32a7fd-51a0-4d9c-ba8d-4bb0100759c0,monotonic_reads,network_partition,writer-1,write,mr-0b32a7fd-51a0-4d9c-ba8d-4bb0100759c0,631,,,QUORUM,cassandra-1,True,False,4.996,2026-09-16T06:28:13.026851+00:00,
0b32a7fd-51a0-4d9c-ba8d-4bb0100759c0,monotonic_reads,network_partition,writer-1,write,mr-0b32a7fd-51a0-4d9c-ba8d-4bb0100759c0,632,,,QUORUM,cassandra-1,True,False,4.054,2026-09-16T06:28:13.055768+00:00,
0b32a7fd-51a0-4d9c-ba8d-4bb0100759c0,monotonic_reads,network_partition,writer-1,write,mr-0b32a7fd-51a0-4d9c-ba8d-4bb0100759c0,633,,,QUORUM,cassandra-1,True,False,5.129,2026-09-16T06:28:13.081697+00:00,
0b32a7fd-51a0-4d9c-ba8d-4bb0100759c0,monotonic_reads,network_partition,writer-1,write,mr-0b32a7fd-51a0-4d9c-ba8d-4bb0100759c0,634,,,QUORUM,cassandra-1,True,False,4.743,2026-09-16T06:28:13.109761+00:00,
0b32a7fd-51a0-4d9c-ba8d-4bb0100759c0,monotonic_reads,network_partition,writer-1,write,mr-0b32a7fd-51a0-4d9c-ba8d-4bb0100759c0,635,,,QUORUM,cassandra-1,True,False,4.787,2026-09-16T06:28:13.138821+00:00,
0b32a7fd-51a0-4d9c-ba8d-4bb0100759c0,monotonic_reads,network_partition,writer-1,write,mr-0b32a7fd-51a0-4d9c-ba8d-4bb0100759c0,636,,,QUORUM,cassandra-1,True,False,4.397,2026-09-16T06:28:13.168445+00:00,
0b32a7fd-51a0-4d9c-ba8d-4bb0100759c0,monotonic_reads,network_partition,writer-1,write,mr-0b32a7fd-51a0-4d9c-ba8d-4bb0100759c0,637,,,QUORUM,cassandra-1,True,False,5.152,2026-09-16T06:28:13.197699+00:00,
0b32a7fd-51a0-4d9c-ba8d-4bb0100759c0,monotonic_reads,network_partition,writer-1,write,mr-0b32a7fd-51a0-4d9c-ba8d-4bb0100759c0,638,,,QUORUM,cassandra-1,True,False,4.812,2026-09-16T06:28:13.222858+00:00,
0b32a7fd-51a0-4d9c-ba8d-4bb0100759c0,monotonic_reads,network_partition,writer-1,write,mr-0b32a7fd-51a0-4d9c-ba8d-4bb0100759c0,639,,,QUORUM,cassandra-1,True,False,5.253,2026-09-16T06:28:13.250818+00:00,
0b32a7fd-51a0-4d9c-ba8d-4bb0100759c0,monotonic_reads,network_partition,writer-1,write,mr-0b32a7fd-51a0-4d9c-ba8d-4bb0100759c0,640,,,QUORUM,cassandra-1,True,False,4.832,2026-09-16T06:28:13.276504+00:00,
0b32a7fd-51a0-4d9c-ba8d-4bb0100759c0,monotonic_reads,network_partition,writer-1,write,mr-0b32a7fd-51a0-4d9c-ba8d-4bb0100759c0,641,,,QUORUM,cassandra-1,True,False,4.362,2026-09-16T06:28:13.305674+00:00,
0b32a7fd-51a0-4d9c-ba8d-4bb0100759c0,monotonic_reads,network_partition,writer-1,write,mr-0b32a7fd-51a0-4d9c-ba8d-4bb0100759c0,642,,,QUORUM,cassandra-1,True,False,4.586,2026-09-16T06:28:13.333568+00:00,
0b32a7fd-51a0-4d9c-ba8d-4bb0100759c0,monotonic_reads,network_partition,writer-1,write,mr-0b32a7fd-51a0-4d9c-ba8d-4bb0100759c0,643,,,QUORUM,cassandra-1,True,False,4.874,2026-09-16T06:28:13.359548+00:00,
0b32a7fd-51a0-4d9c-ba8d-4bb0100759c0,monotonic_reads,network_partition,writer-1,write,mr-0b32a7fd-51a0-4d9c-ba8d-4bb0100759c0,644,,,QUORUM,cassandra-1,True,False,3.505,2026-09-16T06:28:13.386514+00:00,
0b32a7fd-51a0-4d9c-ba8d-4bb0100759c0,monotonic_reads,network_partition,writer-1,write,mr-0b32a7fd-51a0-4d9c-ba8d-4bb0100759c0,645,,,QUORUM,cassandra-1,True,False,5.324,2026-09-16T06:28:13.416987+00:00,
0b32a7fd-51a0-4d9c-ba8d-4bb0100759c0,monotonic_reads,network_partition,writer-1,write,mr-0b32a7fd-51a0-4d9c-ba8d-4bb0100759c0,646,,,QUORUM,cassandra-1,True,False,4.613,2026-09-16T06:28:13.443662+00:00,
0b32a7fd-51a0-4d9c-ba8d-4bb0100759c0,monotonic_reads,network_partition,writer-1,write,mr-0b32a7fd-51a0-4d9c-ba8d-4bb0100759c0,647,,,QUORUM,cassandra-1,True,False,4.15,2026-09-16T06:28:13.472568+00:00,
0b32a7fd-51a0-4d9c-ba8d-4bb0100759c0,monotonic_reads,network_partition,writer-1,write,mr-0b32a7fd-51a0-4d9c-ba8d-4bb0100759c0,648,,,QUORUM,cassandra-1,True,False,4.983,2026-09-16T06:28:13.499636+00:00,
0b32a7fd-51a0-4d9c-ba8d-4bb0100759c0,monotonic_reads,network_partition,writer-1,write,mr-0b32a7fd-51a0-4d9c-ba8d-4bb0100759c0,649,,,QUORUM,cassandra-1,True,False,4.729,2026-09-16T06:28:13.526786+00:00,
0b32a7fd-51a0-4d9c-ba8d-4bb0100759c0,monotonic_reads,network_partition,writer-1,write,mr-0b32a7fd-51a0-4d9c-ba8d-4bb0100759c0,650,,,QUORUM,cassandra-1,True,False,5.128,2026-09-16T06:28:13.556850+00:00,
0b32a7fd-51a0-4d9c-ba8d-4bb0100759c0,monotonic_reads,network_partition,writer-1,write,mr-0b32a7fd-51a0-4d9c-ba8d-4bb0100759c0,651,,,QUORUM,cassandra-1,True,False,4.834,2026-09-16T06:28:13.582850+00:00,
0b32a7fd-51a0-4d9c-ba8d-4bb0100759c0,monotonic_reads,network_partition,writer-1,write,mr-0b32a7fd-51a0-4d9c-ba8d-4bb0100759c0,652,,,QUORUM,cassandra-1,True,False,4.969,2026-09-16T06:28:13.609647+00:00,
0b32a7fd-51a0-4d9c-ba8d-4bb0100759c0,monotonic_reads,network_partition,writer-1,write,mr-0b32a7fd-51a0-4d9c-ba8d-4bb0100759c0,653,,,QUORUM,cassandra-1,True,False,5.16,2026-09-16T06:28:13.637856+00:00,
0b32a7fd-51a0-4d9c-ba8d-4bb0100759c0,monotonic_reads,network_partition,writer-1,write,mr-0b32a7fd-51a0-4d9c-ba8d-4bb0100759c0,654,,,QUORUM,cassandra-1,True,False,4.565,2026-09-16T06:28:13.666633+00:00,
0b32a7fd-51a0-4d9c-ba8d-4bb0100759c0,monotonic_reads,network_partition,writer-1,write,mr-0b32a7fd-51a0-4d9c-ba8d-4bb0100759c0,655,,,QUORUM,cassandra-1,True,False,5.036,2026-09-16T06:28:13.693708+00:00,
0b32a7fd-51a0-4d9c-ba8d-4bb0100759c0,monotonic_reads,network_partition,writer-1,write,mr-0b32a7fd-51a0-4d9c-ba8d-4bb0100759c0,656,,,QUORUM,cassandra-1,True,False,4.828,2026-09-16T06:28:13.722854+00:00,
0b32a7fd-51a0-4d9c-ba8d-4bb0100759c0,monotonic_reads,network_partition,writer-1,write,mr-0b32a7fd-51a0-4d9c-ba8d-4bb0100759c0,657,,,QUORUM,cassandra-1,True,False,3.998,2026-09-16T06:28:13.751673+00:00,
0b32a7fd-51a0-4d9c-ba8d-4bb0100759c0,monotonic_reads,network_partition,writer-1,write,mr-0b32a7fd-51a0-4d9c-ba8d-4bb0100759c0,658,,,QUORUM,cassandra-1,True,False,4.558,2026-09-16T06:28:13.779594+00:00,
0b32a7fd-51a0-4d9c-ba8d-4bb0100759c0,monotonic_reads,network_partition,writer-1,write,mr-0b32a7fd-51a0-4d9c-ba8d-4bb0100759c0,659,,,QUORUM,cassandra-1,True,False,5.014,2026-09-16T06:28:13.807910+00:00,
0b32a7fd-51a0-4d9c-ba8d-4bb0100759c0,monotonic_reads,network_partition,writer-1,write,mr-0b32a7fd-51a0-4d9c-ba8d-4bb0100759c0,660,,,QUORUM,cassandra-1,True,False,6.068,2026-09-16T06:28:13.838755+00:00,
0b32a7fd-51a0-4d9c-ba8d-4bb0100759c0,monotonic_reads,network_partition,writer-1,write,mr-0b32a7fd-51a0-4d9c-ba8d-4bb0100759c0,661,,,QUORUM,cassandra-1,True,False,4.928,2026-09-16T06:28:13.864813+00:00,
0b32a7fd-51a0-4d9c-ba8d-4bb0100759c0,monotonic_reads,network_partition,writer-1,write,mr-0b32a7fd-51a0-4d9c-ba8d-4bb0100759c0,662,,,QUORUM,cassandra-1,True,False,5.546,2026-09-16T06:28:13.890910+00:00,
0b32a7fd-51a0-4d9c-ba8d-4bb0100759c0,monotonic_reads,network_partition,writer-1,write,mr-0b32a7fd-51a0-4d9c-ba8d-4bb0100759c0,663,,,QUORUM,cassandra-1,True,False,5.332,2026-09-16T06:28:13.921026+00:00,
0b32a7fd-51a0-4d9c-ba8d-4bb0100759c0,monotonic_reads,network_partition,writer-1,write,mr-0b32a7fd-51a0-4d9c-ba8d-4bb0100759c0,664,,,QUORUM,cassandra-1,True,False,4.676,2026-09-16T06:28:13.947730+00:00,
0b32a7fd-51a0-4d9c-ba8d-4bb0100759c0,monotonic_reads,network_partition,writer-1,write,mr-0b32a7fd-51a0-4d9c-ba8d-4bb0100759c0,665,,,QUORUM,cassandra-1,True,False,3.961,2026-09-16T06:28:13.976630+00:00,
0b32a7fd-51a0-4d9c-ba8d-4bb0100759c0,monotonic_reads,network_partition,writer-1,write,mr-0b32a7fd-51a0-4d9c-ba8d-4bb0100759c0,666,,,QUORUM,cassandra-1,True,False,4.545,2026-09-16T06:28:14.002546+00:00,
0b32a7fd-51a0-4d9c-ba8d-4bb0100759c0,monotonic_reads,network_partition,writer-1,write,mr-0b32a7fd-51a0-4d9c-ba8d-4bb0100759c0,667,,,QUORUM,cassandra-1,True,False,5.18,2026-09-16T06:28:14.032891+00:00,
0b32a7fd-51a0-4d9c-ba8d-4bb0100759c0,monotonic_reads,network_partition,writer-1,write,mr-0b32a7fd-51a0-4d9c-ba8d-4bb0100759c0,668,,,QUORUM,cassandra-1,True,False,5.395,2026-09-16T06:28:14.059550+00:00,
0b32a7fd-51a0-4d9c-ba8d-4bb0100759c0,monotonic_reads,network_partition,writer-1,write,mr-0b32a7fd-51a0-4d9c-ba8d-4bb0100759c0,669,,,QUORUM,cassandra-1,True,False,5.353,2026-09-16T06:28:14.087020+00:00,
0b32a7fd-51a0-4d9c-ba8d-4bb0100759c0,monotonic_reads,network_partition,writer-1,write,mr-0b32a7fd-51a0-4d9c-ba8d-4bb0100759c0,670,,,QUORUM,cassandra-1,True,False,4.318,2026-09-16T06:28:14.114976+00:00,
0b32a7fd-51a0-4d9c-ba8d-4bb0100759c0,monotonic_reads,network_partition,writer-1,write,mr-0b32a7fd-51a0-4d9c-ba8d-4bb0100759c0,671,,,QUORUM,cassandra-1,True,False,4.734,2026-09-16T06:28:14.142732+00:00,
0b32a7fd-51a0-4d9c-ba8d-4bb0100759c0,monotonic_reads,network_partition,writer-1,write,mr-0b32a7fd-51a0-4d9c-ba8d-4bb0100759c0,672,,,QUORUM,cassandra-1,True,False,11.483,2026-09-16T06:28:14.178159+00:00,
0b32a7fd-51a0-4d9c-ba8d-4bb0100759c0,monotonic_reads,network_partition,writer-1,write,mr-0b32a7fd-51a0-4d9c-ba8d-4bb0100759c0,673,,,QUORUM,cassandra-1,True,False,4.524,2026-09-16T06:28:14.207963+00:00,
0b32a7fd-51a0-4d9c-ba8d-4bb0100759c0,monotonic_reads,network_partition,writer-1,write,mr-0b32a7fd-51a0-4d9c-ba8d-4bb0100759c0,674,,,QUORUM,cassandra-1,True,False,5.181,2026-09-16T06:28:14.236169+00:00,
0b32a7fd-51a0-4d9c-ba8d-4bb0100759c0,monotonic_reads,network_partition,writer-1,write,mr-0b32a7fd-51a0-4d9c-ba8d-4bb0100759c0,675,,,QUORUM,cassandra-1,True,False,5.18,2026-09-16T06:28:14.263842+00:00,
0b32a7fd-51a0-4d9c-ba8d-4bb0100759c0,monotonic_reads,network_partition,writer-1,write,mr-0b32a7fd-51a0-4d9c-ba8d-4bb0100759c0,676,,,QUORUM,cassandra-1,True,False,4.666,2026-09-16T06:28:14.288848+00:00,
0b32a7fd-51a0-4d9c-ba8d-4bb0100759c0,monotonic_reads,network_partition,writer-1,write,mr-0b32a7fd-51a0-4d9c-ba8d-4bb0100759c0,677,,,QUORUM,cassandra-1,True,False,4.166,2026-09-16T06:28:14.315654+00:00,
0b32a7fd-51a0-4d9c-ba8d-4bb0100759c0,monotonic_reads,network_partition,writer-1,write,mr-0b32a7fd-51a0-4d9c-ba8d-4bb0100759c0,678,,,QUORUM,cassandra-1,True,False,6.073,2026-09-16T06:28:14.342126+00:00,
0b32a7fd-51a0-4d9c-ba8d-4bb0100759c0,monotonic_reads,network_partition,writer-1,write,mr-0b32a7fd-51a0-4d9c-ba8d-4bb0100759c0,679,,,QUORUM,cassandra-1,True,False,11.989,2026-09-16T06:28:14.374487+00:00,
0b32a7fd-51a0-4d9c-ba8d-4bb0100759c0,monotonic_reads,network_partition,writer-1,write,mr-0b32a7fd-51a0-4d9c-ba8d-4bb0100759c0,680,,,QUORUM,cassandra-1,True,False,2.356,2026-09-16T06:28:14.399000+00:00,
0b32a7fd-51a0-4d9c-ba8d-4bb0100759c0,monotonic_reads,network_partition,writer-1,write,mr-0b32a7fd-51a0-4d9c-ba8d-4bb0100759c0,681,,,QUORUM,cassandra-1,True,False,3.427,2026-09-16T06:28:14.423938+00:00,
0b32a7fd-51a0-4d9c-ba8d-4bb0100759c0,monotonic_reads,network_partition,writer-1,write,mr-0b32a7fd-51a0-4d9c-ba8d-4bb0100759c0,682,,,QUORUM,cassandra-1,True,False,2.447,2026-09-16T06:28:14.451142+00:00,
0b32a7fd-51a0-4d9c-ba8d-4bb0100759c0,monotonic_reads,network_partition,writer-1,write,mr-0b32a7fd-51a0-4d9c-ba8d-4bb0100759c0,683,,,QUORUM,cassandra-1,True,False,2.78,2026-09-16T06:28:14.477125+00:00,
0b32a7fd-51a0-4d9c-ba8d-4bb0100759c0,monotonic_reads,network_partition,writer-1,write,mr-0b32a7fd-51a0-4d9c-ba8d-4bb0100759c0,684,,,QUORUM,cassandra-1,True,False,3.001,2026-09-16T06:28:14.501011+00:00,
0b32a7fd-51a0-4d9c-ba8d-4bb0100759c0,monotonic_reads,network_partition,writer-1,write,mr-0b32a7fd-51a0-4d9c-ba8d-4bb0100759c0,685,,,QUORUM,cassandra-1,True,False,2.816,2026-09-16T06:28:14.527152+00:00,
0b32a7fd-51a0-4d9c-ba8d-4bb0100759c0,monotonic_reads,network_partition,writer-1,write,mr-0b32a7fd-51a0-4d9c-ba8d-4bb0100759c0,686,,,QUORUM,cassandra-1,True,False,3.307,2026-09-16T06:28:14.555349+00:00,
0b32a7fd-51a0-4d9c-ba8d-4bb0100759c0,monotonic_reads,network_partition,writer-1,write,mr-0b32a7fd-51a0-4d9c-ba8d-4bb0100759c0,687,,,QUORUM,cassandra-1,True,False,4.278,2026-09-16T06:28:14.582424+00:00,
0b32a7fd-51a0-4d9c-ba8d-4bb0100759c0,monotonic_reads,network_partition,writer-1,write,mr-0b32a7fd-51a0-4d9c-ba8d-4bb0100759c0,688,,,QUORUM,cassandra-1,True,False,4.119,2026-09-16T06:28:14.611450+00:00,
0b32a7fd-51a0-4d9c-ba8d-4bb0100759c0,monotonic_reads,network_partition,writer-1,write,mr-0b32a7fd-51a0-4d9c-ba8d-4bb0100759c0,689,,,QUORUM,cassandra-1,True,False,4.199,2026-09-16T06:28:14.639971+00:00,
0b32a7fd-51a0-4d9c-ba8d-4bb0100759c0,monotonic_reads,network_partition,writer-1,write,mr-0b32a7fd-51a0-4d9c-ba8d-4bb0100759c0,690,,,QUORUM,cassandra-1,True,False,4.455,2026-09-16T06:28:14.669661+00:00,
0b32a7fd-51a0-4d9c-ba8d-4bb0100759c0,monotonic_reads,network_partition,writer-1,write,mr-0b32a7fd-51a0-4d9c-ba8d-4bb0100759c0,691,,,QUORUM,cassandra-1,True,False,4.992,2026-09-16T06:28:14.699795+00:00,
0b32a7fd-51a0-4d9c-ba8d-4bb0100759c0,monotonic_reads,network_partition,writer-1,write,mr-0b32a7fd-51a0-4d9c-ba8d-4bb0100759c0,692,,,QUORUM,cassandra-1,True,False,4.891,2026-09-16T06:28:14.726566+00:00,
0b32a7fd-51a0-4d9c-ba8d-4bb0100759c0,monotonic_reads,network_partition,writer-1,write,mr-0b32a7fd-51a0-4d9c-ba8d-4bb0100759c0,693,,,QUORUM,cassandra-1,True,False,5.587,2026-09-16T06:28:14.756741+00:00,
0b32a7fd-51a0-4d9c-ba8d-4bb0100759c0,monotonic_reads,network_partition,writer-1,write,mr-0b32a7fd-51a0-4d9c-ba8d-4bb0100759c0,694,,,QUORUM,cassandra-1,True,False,3.848,2026-09-16T06:28:14.784523+00:00,
0b32a7fd-51a0-4d9c-ba8d-4bb0100759c0,monotonic_reads,network_partition,writer-1,write,mr-0b32a7fd-51a0-4d9c-ba8d-4bb0100759c0,695,,,QUORUM,cassandra-1,True,False,4.207,2026-09-16T06:28:14.813722+00:00,
0b32a7fd-51a0-4d9c-ba8d-4bb0100759c0,monotonic_reads,network_partition,writer-1,write,mr-0b32a7fd-51a0-4d9c-ba8d-4bb0100759c0,696,,,QUORUM,cassandra-1,True,False,5.015,2026-09-16T06:28:14.839084+00:00,
0b32a7fd-51a0-4d9c-ba8d-4bb0100759c0,monotonic_reads,network_partition,writer-1,write,mr-0b32a7fd-51a0-4d9c-ba8d-4bb0100759c0,697,,,QUORUM,cassandra-1,True,False,4.577,2026-09-16T06:28:14.868900+00:00,
0b32a7fd-51a0-4d9c-ba8d-4bb0100759c0,monotonic_reads,network_partition,writer-1,write,mr-0b32a7fd-51a0-4d9c-ba8d-4bb0100759c0,698,,,QUORUM,cassandra-1,True,False,5.061,2026-09-16T06:28:14.898719+00:00,
0b32a7fd-51a0-4d9c-ba8d-4bb0100759c0,monotonic_reads,network_partition,writer-1,write,mr-0b32a7fd-51a0-4d9c-ba8d-4bb0100759c0,699,,,QUORUM,cassandra-1,True,False,4.976,2026-09-16T06:28:14.928945+00:00,
0b32a7fd-51a0-4d9c-ba8d-4bb0100759c0,monotonic_reads,network_partition,writer-1,write,mr-0b32a7fd-51a0-4d9c-ba8d-4bb0100759c0,700,,,QUORUM,cassandra-1,True,False,9.828,2026-09-16T06:28:14.961132+00:00,
0b32a7fd-51a0-4d9c-ba8d-4bb0100759c0,monotonic_reads,network_partition,writer-1,write,mr-0b32a7fd-51a0-4d9c-ba8d-4bb0100759c0,701,,,QUORUM,cassandra-1,True,False,4.025,2026-09-16T06:28:14.989158+00:00,
0b32a7fd-51a0-4d9c-ba8d-4bb0100759c0,monotonic_reads,network_partition,writer-1,write,mr-0b32a7fd-51a0-4d9c-ba8d-4bb0100759c0,702,,,QUORUM,cassandra-1,True,False,4.247,2026-09-16T06:28:15.015697+00:00,
0b32a7fd-51a0-4d9c-ba8d-4bb0100759c0,monotonic_reads,network_partition,writer-1,write,mr-0b32a7fd-51a0-4d9c-ba8d-4bb0100759c0,703,,,QUORUM,cassandra-1,True,False,5.279,2026-09-16T06:28:15.044778+00:00,
0b32a7fd-51a0-4d9c-ba8d-4bb0100759c0,monotonic_reads,network_partition,writer-1,write,mr-0b32a7fd-51a0-4d9c-ba8d-4bb0100759c0,704,,,QUORUM,cassandra-1,True,False,5.299,2026-09-16T06:28:15.072883+00:00,
0b32a7fd-51a0-4d9c-ba8d-4bb0100759c0,monotonic_reads,network_partition,writer-1,write,mr-0b32a7fd-51a0-4d9c-ba8d-4bb0100759c0,705,,,QUORUM,cassandra-1,True,False,4.792,2026-09-16T06:28:15.102804+00:00,
0b32a7fd-51a0-4d9c-ba8d-4bb0100759c0,monotonic_reads,network_partition,writer-1,write,mr-0b32a7fd-51a0-4d9c-ba8d-4bb0100759c0,706,,,QUORUM,cassandra-1,True,False,5.549,2026-09-16T06:28:15.132115+00:00,
0b32a7fd-51a0-4d9c-ba8d-4bb0100759c0,monotonic_reads,network_partition,writer-1,write,mr-0b32a7fd-51a0-4d9c-ba8d-4bb0100759c0,707,,,QUORUM,cassandra-1,True,False,2.1,2026-09-16T06:28:15.155031+00:00,
0b32a7fd-51a0-4d9c-ba8d-4bb0100759c0,monotonic_reads,network_partition,writer-1,write,mr-0b32a7fd-51a0-4d9c-ba8d-4bb0100759c0,708,,,QUORUM,cassandra-1,True,False,1.98,2026-09-16T06:28:15.179947+00:00,
0b32a7fd-51a0-4d9c-ba8d-4bb0100759c0,monotonic_reads,network_partition,writer-1,write,mr-0b32a7fd-51a0-4d9c-ba8d-4bb0100759c0,709,,,QUORUM,cassandra-1,True,False,2.344,2026-09-16T06:28:15.202997+00:00,
0b32a7fd-51a0-4d9c-ba8d-4bb0100759c0,monotonic_reads,network_partition,writer-1,write,mr-0b32a7fd-51a0-4d9c-ba8d-4bb0100759c0,710,,,QUORUM,cassandra-1,True,False,1.823,2026-09-16T06:28:15.229012+00:00,
0b32a7fd-51a0-4d9c-ba8d-4bb0100759c0,monotonic_reads,network_partition,writer-1,write,mr-0b32a7fd-51a0-4d9c-ba8d-4bb0100759c0,711,,,QUORUM,cassandra-1,True,False,2.449,2026-09-16T06:28:15.254124+00:00,
0b32a7fd-51a0-4d9c-ba8d-4bb0100759c0,monotonic_reads,network_partition,writer-1,write,mr-0b32a7fd-51a0-4d9c-ba8d-4bb0100759c0,712,,,QUORUM,cassandra-1,True,False,3.127,2026-09-16T06:28:15.281095+00:00,
0b32a7fd-51a0-4d9c-ba8d-4bb0100759c0,monotonic_reads,network_partition,writer-1,write,mr-0b32a7fd-51a0-4d9c-ba8d-4bb0100759c0,713,,,QUORUM,cassandra-1,True,False,4.336,2026-09-16T06:28:15.306983+00:00,
0b32a7fd-51a0-4d9c-ba8d-4bb0100759c0,monotonic_reads,network_partition,writer-1,write,mr-0b32a7fd-51a0-4d9c-ba8d-4bb0100759c0,714,,,QUORUM,cassandra-1,True,False,1.912,2026-09-16T06:28:15.331954+00:00,
0b32a7fd-51a0-4d9c-ba8d-4bb0100759c0,monotonic_reads,network_partition,writer-1,write,mr-0b32a7fd-51a0-4d9c-ba8d-4bb0100759c0,715,,,QUORUM,cassandra-1,True,False,2.164,2026-09-16T06:28:15.356958+00:00,
0b32a7fd-51a0-4d9c-ba8d-4bb0100759c0,monotonic_reads,network_partition,writer-1,write,mr-0b32a7fd-51a0-4d9c-ba8d-4bb0100759c0,716,,,QUORUM,cassandra-1,True,False,1.989,2026-09-16T06:28:15.379962+00:00,
0b32a7fd-51a0-4d9c-ba8d-4bb0100759c0,monotonic_reads,network_partition,writer-1,write,mr-0b32a7fd-51a0-4d9c-ba8d-4bb0100759c0,717,,,QUORUM,cassandra-1,True,False,3.074,2026-09-16T06:28:15.408000+00:00,
0b32a7fd-51a0-4d9c-ba8d-4bb0100759c0,monotonic_reads,network_partition,writer-1,write,mr-0b32a7fd-51a0-4d9c-ba8d-4bb0100759c0,718,,,QUORUM,cassandra-1,True,False,3.651,2026-09-16T06:28:15.433886+00:00,
0b32a7fd-51a0-4d9c-ba8d-4bb0100759c0,monotonic_reads,network_partition,writer-1,write,mr-0b32a7fd-51a0-4d9c-ba8d-4bb0100759c0,719,,,QUORUM,cassandra-1,True,False,3.012,2026-09-16T06:28:15.459136+00:00,
0b32a7fd-51a0-4d9c-ba8d-4bb0100759c0,monotonic_reads,network_partition,writer-1,write,mr-0b32a7fd-51a0-4d9c-ba8d-4bb0100759c0,720,,,QUORUM,cassandra-1,True,False,2.368,2026-09-16T06:28:15.486173+00:00,
0b32a7fd-51a0-4d9c-ba8d-4bb0100759c0,monotonic_reads,network_partition,writer-1,write,mr-0b32a7fd-51a0-4d9c-ba8d-4bb0100759c0,721,,,QUORUM,cassandra-1,True,False,2.729,2026-09-16T06:28:15.514117+00:00,
0b32a7fd-51a0-4d9c-ba8d-4bb0100759c0,monotonic_reads,network_partition,writer-1,write,mr-0b32a7fd-51a0-4d9c-ba8d-4bb0100759c0,722,,,QUORUM,cassandra-1,True,False,2.269,2026-09-16T06:28:15.539062+00:00,
0b32a7fd-51a0-4d9c-ba8d-4bb0100759c0,monotonic_reads,network_partition,writer-1,write,mr-0b32a7fd-51a0-4d9c-ba8d-4bb0100759c0,723,,,QUORUM,cassandra-1,True,False,2.641,2026-09-16T06:28:15.562142+00:00,
0b32a7fd-51a0-4d9c-ba8d-4bb0100759c0,monotonic_reads,network_partition,writer-1,write,mr-0b32a7fd-51a0-4d9c-ba8d-4bb0100759c0,724,,,QUORUM,cassandra-1,True,False,1.999,2026-09-16T06:28:15.588015+00:00,
0b32a7fd-51a0-4d9c-ba8d-4bb0100759c0,monotonic_reads,network_partition,writer-1,write,mr-0b32a7fd-51a0-4d9c-ba8d-4bb0100759c0,725,,,QUORUM,cassandra-1,True,False,3.123,2026-09-16T06:28:15.613202+00:00,
0b32a7fd-51a0-4d9c-ba8d-4bb0100759c0,monotonic_reads,network_partition,writer-1,write,mr-0b32a7fd-51a0-4d9c-ba8d-4bb0100759c0,726,,,QUORUM,cassandra-1,True,False,2.922,2026-09-16T06:28:15.641308+00:00,
0b32a7fd-51a0-4d9c-ba8d-4bb0100759c0,monotonic_reads,network_partition,writer-1,write,mr-0b32a7fd-51a0-4d9c-ba8d-4bb0100759c0,727,,,QUORUM,cassandra-1,True,False,3.135,2026-09-16T06:28:15.665181+00:00,
0b32a7fd-51a0-4d9c-ba8d-4bb0100759c0,monotonic_reads,network_partition,writer-1,write,mr-0b32a7fd-51a0-4d9c-ba8d-4bb0100759c0,728,,,QUORUM,cassandra-1,True,False,2.804,2026-09-16T06:28:15.691295+00:00,
0b32a7fd-51a0-4d9c-ba8d-4bb0100759c0,monotonic_reads,network_partition,writer-1,write,mr-0b32a7fd-51a0-4d9c-ba8d-4bb0100759c0,729,,,QUORUM,cassandra-1,True,False,3.982,2026-09-16T06:28:15.718563+00:00,
0b32a7fd-51a0-4d9c-ba8d-4bb0100759c0,monotonic_reads,network_partition,writer-1,write,mr-0b32a7fd-51a0-4d9c-ba8d-4bb0100759c0,730,,,QUORUM,cassandra-1,True,False,5.498,2026-09-16T06:28:15.746017+00:00,
0b32a7fd-51a0-4d9c-ba8d-4bb0100759c0,monotonic_reads,network_partition,writer-1,write,mr-0b32a7fd-51a0-4d9c-ba8d-4bb0100759c0,731,,,QUORUM,cassandra-1,True,False,4.426,2026-09-16T06:28:15.772772+00:00,
0b32a7fd-51a0-4d9c-ba8d-4bb0100759c0,monotonic_reads,network_partition,writer-1,write,mr-0b32a7fd-51a0-4d9c-ba8d-4bb0100759c0,732,,,QUORUM,cassandra-1,True,False,4.467,2026-09-16T06:28:15.799907+00:00,
0b32a7fd-51a0-4d9c-ba8d-4bb0100759c0,monotonic_reads,network_partition,writer-1,write,mr-0b32a7fd-51a0-4d9c-ba8d-4bb0100759c0,733,,,QUORUM,cassandra-1,True,False,4.917,2026-09-16T06:28:15.826592+00:00,
0b32a7fd-51a0-4d9c-ba8d-4bb0100759c0,monotonic_reads,network_partition,writer-1,write,mr-0b32a7fd-51a0-4d9c-ba8d-4bb0100759c0,734,,,QUORUM,cassandra-1,True,False,5.016,2026-09-16T06:28:15.853683+00:00,
0b32a7fd-51a0-4d9c-ba8d-4bb0100759c0,monotonic_reads,network_partition,writer-1,write,mr-0b32a7fd-51a0-4d9c-ba8d-4bb0100759c0,735,,,QUORUM,cassandra-1,True,False,4.811,2026-09-16T06:28:15.880875+00:00,
0b32a7fd-51a0-4d9c-ba8d-4bb0100759c0,monotonic_reads,network_partition,writer-1,write,mr-0b32a7fd-51a0-4d9c-ba8d-4bb0100759c0,736,,,QUORUM,cassandra-1,True,False,4.949,2026-09-16T06:28:15.909630+00:00,
0b32a7fd-51a0-4d9c-ba8d-4bb0100759c0,monotonic_reads,network_partition,writer-1,write,mr-0b32a7fd-51a0-4d9c-ba8d-4bb0100759c0,737,,,QUORUM,cassandra-1,True,False,4.098,2026-09-16T06:28:15.938777+00:00,
0b32a7fd-51a0-4d9c-ba8d-4bb0100759c0,monotonic_reads,network_partition,writer-1,write,mr-0b32a7fd-51a0-4d9c-ba8d-4bb0100759c0,738,,,QUORUM,cassandra-1,True,False,4.033,2026-09-16T06:28:15.967536+00:00,
0b32a7fd-51a0-4d9c-ba8d-4bb0100759c0,monotonic_reads,network_partition,writer-1,write,mr-0b32a7fd-51a0-4d9c-ba8d-4bb0100759c0,739,,,QUORUM,cassandra-1,True,False,4.307,2026-09-16T06:28:15.995652+00:00,
0b32a7fd-51a0-4d9c-ba8d-4bb0100759c0,monotonic_reads,network_partition,writer-1,write,mr-0b32a7fd-51a0-4d9c-ba8d-4bb0100759c0,740,,,QUORUM,cassandra-1,True,False,4.104,2026-09-16T06:28:16.023804+00:00,
0b32a7fd-51a0-4d9c-ba8d-4bb0100759c0,monotonic_reads,network_partition,writer-1,write,mr-0b32a7fd-51a0-4d9c-ba8d-4bb0100759c0,741,,,QUORUM,cassandra-1,True,False,4.59,2026-09-16T06:28:16.050822+00:00,
0b32a7fd-51a0-4d9c-ba8d-4bb0100759c0,monotonic_reads,network_partition,writer-1,write,mr-0b32a7fd-51a0-4d9c-ba8d-4bb0100759c0,742,,,QUORUM,cassandra-1,True,False,5.13,2026-09-16T06:28:16.077797+00:00,
0b32a7fd-51a0-4d9c-ba8d-4bb0100759c0,monotonic_reads,network_partition,writer-1,write,mr-0b32a7fd-51a0-4d9c-ba8d-4bb0100759c0,743,,,QUORUM,cassandra-1,True,False,4.66,2026-09-16T06:28:16.107689+00:00,
0b32a7fd-51a0-4d9c-ba8d-4bb0100759c0,monotonic_reads,network_partition,writer-1,write,mr-0b32a7fd-51a0-4d9c-ba8d-4bb0100759c0,744,,,QUORUM,cassandra-1,True,False,4.611,2026-09-16T06:28:16.136697+00:00,
0b32a7fd-51a0-4d9c-ba8d-4bb0100759c0,monotonic_reads,network_partition,writer-1,write,mr-0b32a7fd-51a0-4d9c-ba8d-4bb0100759c0,745,,,QUORUM,cassandra-1,True,False,4.829,2026-09-16T06:28:16.163728+00:00,
0b32a7fd-51a0-4d9c-ba8d-4bb0100759c0,monotonic_reads,network_partition,writer-1,write,mr-0b32a7fd-51a0-4d9c-ba8d-4bb0100759c0,746,,,QUORUM,cassandra-1,True,False,4.419,2026-09-16T06:28:16.190828+00:00,
0b32a7fd-51a0-4d9c-ba8d-4bb0100759c0,monotonic_reads,network_partition,writer-1,write,mr-0b32a7fd-51a0-4d9c-ba8d-4bb0100759c0,747,,,QUORUM,cassandra-1,True,False,5.397,2026-09-16T06:28:16.220085+00:00,
0b32a7fd-51a0-4d9c-ba8d-4bb0100759c0,monotonic_reads,network_partition,writer-1,write,mr-0b32a7fd-51a0-4d9c-ba8d-4bb0100759c0,748,,,QUORUM,cassandra-1,True,False,5.103,2026-09-16T06:28:16.248752+00:00,
0b32a7fd-51a0-4d9c-ba8d-4bb0100759c0,monotonic_reads,network_partition,writer-1,write,mr-0b32a7fd-51a0-4d9c-ba8d-4bb0100759c0,749,,,QUORUM,cassandra-1,True,False,5.3,2026-09-16T06:28:16.276708+00:00,
0b32a7fd-51a0-4d9c-ba8d-4bb0100759c0,monotonic_reads,network_partition,writer-1,write,mr-0b32a7fd-51a0-4d9c-ba8d-4bb0100759c0,750,,,QUORUM,cassandra-1,True,False,3.807,2026-09-16T06:28:16.304886+00:00,
0b32a7fd-51a0-4d9c-ba8d-4bb0100759c0,monotonic_reads,network_partition,writer-1,write,mr-0b32a7fd-51a0-4d9c-ba8d-4bb0100759c0,751,,,QUORUM,cassandra-1,True,False,4.764,2026-09-16T06:28:16.332822+00:00,
0b32a7fd-51a0-4d9c-ba8d-4bb0100759c0,monotonic_reads,network_partition,writer-1,write,mr-0b32a7fd-51a0-4d9c-ba8d-4bb0100759c0,752,,,QUORUM,cassandra-1,True,False,4.631,2026-09-16T06:28:16.362640+00:00,
0b32a7fd-51a0-4d9c-ba8d-4bb0100759c0,monotonic_reads,network_partition,writer-1,write,mr-0b32a7fd-51a0-4d9c-ba8d-4bb0100759c0,753,,,QUORUM,cassandra-1,True,False,5.1,2026-09-16T06:28:16.388759+00:00,
0b32a7fd-51a0-4d9c-ba8d-4bb0100759c0,monotonic_reads,network_partition,writer-1,write,mr-0b32a7fd-51a0-4d9c-ba8d-4bb0100759c0,754,,,QUORUM,cassandra-1,True,False,5.182,2026-09-16T06:28:16.414847+00:00,
0b32a7fd-51a0-4d9c-ba8d-4bb0100759c0,monotonic_reads,network_partition,writer-1,write,mr-0b32a7fd-51a0-4d9c-ba8d-4bb0100759c0,755,,,QUORUM,cassandra-1,True,False,5.059,2026-09-16T06:28:16.444570+00:00,
0b32a7fd-51a0-4d9c-ba8d-4bb0100759c0,monotonic_reads,network_partition,writer-1,write,mr-0b32a7fd-51a0-4d9c-ba8d-4bb0100759c0,756,,,QUORUM,cassandra-1,True,False,4.967,2026-09-16T06:28:16.474792+00:00,
0b32a7fd-51a0-4d9c-ba8d-4bb0100759c0,monotonic_reads,network_partition,writer-1,write,mr-0b32a7fd-51a0-4d9c-ba8d-4bb0100759c0,757,,,QUORUM,cassandra-1,True,False,4.838,2026-09-16T06:28:16.504181+00:00,
0b32a7fd-51a0-4d9c-ba8d-4bb0100759c0,monotonic_reads,network_partition,writer-1,write,mr-0b32a7fd-51a0-4d9c-ba8d-4bb0100759c0,758,,,QUORUM,cassandra-1,True,False,4.693,2026-09-16T06:28:16.529709+00:00,
0b32a7fd-51a0-4d9c-ba8d-4bb0100759c0,monotonic_reads,network_partition,writer-1,write,mr-0b32a7fd-51a0-4d9c-ba8d-4bb0100759c0,759,,,QUORUM,cassandra-1,True,False,5.007,2026-09-16T06:28:16.557620+00:00,
0b32a7fd-51a0-4d9c-ba8d-4bb0100759c0,monotonic_reads,network_partition,writer-1,write,mr-0b32a7fd-51a0-4d9c-ba8d-4bb0100759c0,760,,,QUORUM,cassandra-1,True,False,5.031,2026-09-16T06:28:16.583705+00:00,
0b32a7fd-51a0-4d9c-ba8d-4bb0100759c0,monotonic_reads,network_partition,writer-1,write,mr-0b32a7fd-51a0-4d9c-ba8d-4bb0100759c0,761,,,QUORUM,cassandra-1,True,False,4.311,2026-09-16T06:28:16.610769+00:00,
0b32a7fd-51a0-4d9c-ba8d-4bb0100759c0,monotonic_reads,network_partition,writer-1,write,mr-0b32a7fd-51a0-4d9c-ba8d-4bb0100759c0,762,,,QUORUM,cassandra-1,True,False,3.411,2026-09-16T06:28:16.639374+00:00,
0b32a7fd-51a0-4d9c-ba8d-4bb0100759c0,monotonic_reads,network_partition,writer-1,write,mr-0b32a7fd-51a0-4d9c-ba8d-4bb0100759c0,763,,,QUORUM,cassandra-1,True,False,2.971,2026-09-16T06:28:16.662935+00:00,
0b32a7fd-51a0-4d9c-ba8d-4bb0100759c0,monotonic_reads,network_partition,writer-1,write,mr-0b32a7fd-51a0-4d9c-ba8d-4bb0100759c0,764,,,QUORUM,cassandra-1,True,False,2.376,2026-09-16T06:28:16.685924+00:00,
0b32a7fd-51a0-4d9c-ba8d-4bb0100759c0,monotonic_reads,network_partition,writer-1,write,mr-0b32a7fd-51a0-4d9c-ba8d-4bb0100759c0,765,,,QUORUM,cassandra-1,True,False,2.57,2026-09-16T06:28:16.710151+00:00,
0b32a7fd-51a0-4d9c-ba8d-4bb0100759c0,monotonic_reads,network_partition,writer-1,write,mr-0b32a7fd-51a0-4d9c-ba8d-4bb0100759c0,766,,,QUORUM,cassandra-1,True,False,1.837,2026-09-16T06:28:16.734875+00:00,
0b32a7fd-51a0-4d9c-ba8d-4bb0100759c0,monotonic_reads,network_partition,writer-1,write,mr-0b32a7fd-51a0-4d9c-ba8d-4bb0100759c0,767,,,QUORUM,cassandra-1,True,False,2.977,2026-09-16T06:28:16.762488+00:00,
0b32a7fd-51a0-4d9c-ba8d-4bb0100759c0,monotonic_reads,network_partition,writer-1,write,mr-0b32a7fd-51a0-4d9c-ba8d-4bb0100759c0,768,,,QUORUM,cassandra-1,True,False,3.522,2026-09-16T06:28:16.788295+00:00,
0b32a7fd-51a0-4d9c-ba8d-4bb0100759c0,monotonic_reads,network_partition,writer-1,write,mr-0b32a7fd-51a0-4d9c-ba8d-4bb0100759c0,769,,,QUORUM,cassandra-1,True,False,6.551,2026-09-16T06:28:16.820153+00:00,
0b32a7fd-51a0-4d9c-ba8d-4bb0100759c0,monotonic_reads,network_partition,writer-1,write,mr-0b32a7fd-51a0-4d9c-ba8d-4bb0100759c0,770,,,QUORUM,cassandra-1,True,False,5.456,2026-09-16T06:28:16.848735+00:00,
0b32a7fd-51a0-4d9c-ba8d-4bb0100759c0,monotonic_reads,network_partition,writer-1,write,mr-0b32a7fd-51a0-4d9c-ba8d-4bb0100759c0,771,,,QUORUM,cassandra-1,True,False,4.679,2026-09-16T06:28:16.875766+00:00,
0b32a7fd-51a0-4d9c-ba8d-4bb0100759c0,monotonic_reads,network_partition,writer-1,write,mr-0b32a7fd-51a0-4d9c-ba8d-4bb0100759c0,772,,,QUORUM,cassandra-1,True,False,5.278,2026-09-16T06:28:16.904891+00:00,
0b32a7fd-51a0-4d9c-ba8d-4bb0100759c0,monotonic_reads,network_partition,writer-1,write,mr-0b32a7fd-51a0-4d9c-ba8d-4bb0100759c0,773,,,QUORUM,cassandra-1,True,False,6.779,2026-09-16T06:28:16.932951+00:00,
0b32a7fd-51a0-4d9c-ba8d-4bb0100759c0,monotonic_reads,network_partition,writer-1,write,mr-0b32a7fd-51a0-4d9c-ba8d-4bb0100759c0,774,,,QUORUM,cassandra-1,True,False,6.192,2026-09-16T06:28:16.964258+00:00,
0b32a7fd-51a0-4d9c-ba8d-4bb0100759c0,monotonic_reads,network_partition,reader-1,read,mr-0b32a7fd-51a0-4d9c-ba8d-4bb0100759c0,,,QUORUM,QUORUM,cassandra-3,False,False,11047.096,2026-09-16T06:28:16.980577+00:00,"ReadTimeout: Error from server: code=1200 [Coordinator node timed out waiting for replica nodes' responses] message=""Operation timed out - received only 1 responses."" info={'consistency': 'QUORUM', 'required_responses': 2, 'received_responses': 1}"
0b32a7fd-51a0-4d9c-ba8d-4bb0100759c0,monotonic_reads,network_partition,writer-1,write,mr-0b32a7fd-51a0-4d9c-ba8d-4bb0100759c0,775,,,QUORUM,cassandra-1,True,False,5.078,2026-09-16T06:28:16.989736+00:00,
0b32a7fd-51a0-4d9c-ba8d-4bb0100759c0,monotonic_reads,network_partition,reader-1,read,mr-0b32a7fd-51a0-4d9c-ba8d-4bb0100759c0,,775,QUORUM,QUORUM,cassandra-1,True,False,4.367,2026-09-16T06:28:16.996012+00:00,
0b32a7fd-51a0-4d9c-ba8d-4bb0100759c0,monotonic_reads,network_partition,reader-1,read,mr-0b32a7fd-51a0-4d9c-ba8d-4bb0100759c0,,775,QUORUM,QUORUM,cassandra-2,True,False,5.731,2026-09-16T06:28:17.014435+00:00,
0b32a7fd-51a0-4d9c-ba8d-4bb0100759c0,monotonic_reads,network_partition,writer-1,write,mr-0b32a7fd-51a0-4d9c-ba8d-4bb0100759c0,776,,,QUORUM,cassandra-1,True,False,4.405,2026-09-16T06:28:17.014973+00:00,
0b32a7fd-51a0-4d9c-ba8d-4bb0100759c0,monotonic_reads,network_partition,writer-1,write,mr-0b32a7fd-51a0-4d9c-ba8d-4bb0100759c0,777,,,QUORUM,cassandra-1,True,False,4.63,2026-09-16T06:28:17.043330+00:00,
0b32a7fd-51a0-4d9c-ba8d-4bb0100759c0,monotonic_reads,network_partition,writer-1,write,mr-0b32a7fd-51a0-4d9c-ba8d-4bb0100759c0,778,,,QUORUM,cassandra-1,True,False,6.494,2026-09-16T06:28:17.084175+00:00,
0b32a7fd-51a0-4d9c-ba8d-4bb0100759c0,monotonic_reads,network_partition,writer-1,write,mr-0b32a7fd-51a0-4d9c-ba8d-4bb0100759c0,779,,,QUORUM,cassandra-1,True,False,4.09,2026-09-16T06:28:17.113389+00:00,
0b32a7fd-51a0-4d9c-ba8d-4bb0100759c0,monotonic_reads,network_partition,writer-1,write,mr-0b32a7fd-51a0-4d9c-ba8d-4bb0100759c0,780,,,QUORUM,cassandra-1,True,False,3.87,2026-09-16T06:28:17.142368+00:00,
0b32a7fd-51a0-4d9c-ba8d-4bb0100759c0,monotonic_reads,network_partition,writer-1,write,mr-0b32a7fd-51a0-4d9c-ba8d-4bb0100759c0,781,,,QUORUM,cassandra-1,True,False,5.897,2026-09-16T06:28:17.173237+00:00,
0b32a7fd-51a0-4d9c-ba8d-4bb0100759c0,monotonic_reads,network_partition,writer-1,write,mr-0b32a7fd-51a0-4d9c-ba8d-4bb0100759c0,782,,,QUORUM,cassandra-1,True,False,4.803,2026-09-16T06:28:17.198752+00:00,
0b32a7fd-51a0-4d9c-ba8d-4bb0100759c0,monotonic_reads,network_partition,writer-1,write,mr-0b32a7fd-51a0-4d9c-ba8d-4bb0100759c0,783,,,QUORUM,cassandra-1,True,False,4.858,2026-09-16T06:28:17.224951+00:00,
0b32a7fd-51a0-4d9c-ba8d-4bb0100759c0,monotonic_reads,network_partition,writer-1,write,mr-0b32a7fd-51a0-4d9c-ba8d-4bb0100759c0,784,,,QUORUM,cassandra-1,True,False,5.409,2026-09-16T06:28:17.253054+00:00,
0b32a7fd-51a0-4d9c-ba8d-4bb0100759c0,monotonic_reads,network_partition,writer-1,write,mr-0b32a7fd-51a0-4d9c-ba8d-4bb0100759c0,785,,,QUORUM,cassandra-1,True,False,4.792,2026-09-16T06:28:17.282800+00:00,
0b32a7fd-51a0-4d9c-ba8d-4bb0100759c0,monotonic_reads,network_partition,writer-1,write,mr-0b32a7fd-51a0-4d9c-ba8d-4bb0100759c0,786,,,QUORUM,cassandra-1,True,False,2.282,2026-09-16T06:28:17.309105+00:00,
0b32a7fd-51a0-4d9c-ba8d-4bb0100759c0,monotonic_reads,network_partition,writer-1,write,mr-0b32a7fd-51a0-4d9c-ba8d-4bb0100759c0,787,,,QUORUM,cassandra-1,True,False,2.622,2026-09-16T06:28:17.332143+00:00,
0b32a7fd-51a0-4d9c-ba8d-4bb0100759c0,monotonic_reads,network_partition,writer-1,write,mr-0b32a7fd-51a0-4d9c-ba8d-4bb0100759c0,788,,,QUORUM,cassandra-1,True,False,2.898,2026-09-16T06:28:17.360143+00:00,
0b32a7fd-51a0-4d9c-ba8d-4bb0100759c0,monotonic_reads,network_partition,writer-1,write,mr-0b32a7fd-51a0-4d9c-ba8d-4bb0100759c0,789,,,QUORUM,cassandra-1,True,False,2.093,2026-09-16T06:28:17.387100+00:00,
0b32a7fd-51a0-4d9c-ba8d-4bb0100759c0,monotonic_reads,network_partition,writer-1,write,mr-0b32a7fd-51a0-4d9c-ba8d-4bb0100759c0,790,,,QUORUM,cassandra-1,True,False,2.891,2026-09-16T06:28:17.411066+00:00,
0b32a7fd-51a0-4d9c-ba8d-4bb0100759c0,monotonic_reads,network_partition,writer-1,write,mr-0b32a7fd-51a0-4d9c-ba8d-4bb0100759c0,791,,,QUORUM,cassandra-1,True,False,1.993,2026-09-16T06:28:17.436978+00:00,
0b32a7fd-51a0-4d9c-ba8d-4bb0100759c0,monotonic_reads,network_partition,writer-1,write,mr-0b32a7fd-51a0-4d9c-ba8d-4bb0100759c0,792,,,QUORUM,cassandra-1,True,False,3.105,2026-09-16T06:28:17.465273+00:00,
0b32a7fd-51a0-4d9c-ba8d-4bb0100759c0,monotonic_reads,network_partition,writer-1,write,mr-0b32a7fd-51a0-4d9c-ba8d-4bb0100759c0,793,,,QUORUM,cassandra-1,True,False,4.842,2026-09-16T06:28:17.491511+00:00,
0b32a7fd-51a0-4d9c-ba8d-4bb0100759c0,monotonic_reads,network_partition,writer-1,write,mr-0b32a7fd-51a0-4d9c-ba8d-4bb0100759c0,794,,,QUORUM,cassandra-1,True,False,5.026,2026-09-16T06:28:17.519750+00:00,
0b32a7fd-51a0-4d9c-ba8d-4bb0100759c0,monotonic_reads,network_partition,writer-1,write,mr-0b32a7fd-51a0-4d9c-ba8d-4bb0100759c0,795,,,QUORUM,cassandra-1,True,False,5.416,2026-09-16T06:28:17.548925+00:00,
0b32a7fd-51a0-4d9c-ba8d-4bb0100759c0,monotonic_reads,network_partition,writer-1,write,mr-0b32a7fd-51a0-4d9c-ba8d-4bb0100759c0,796,,,QUORUM,cassandra-1,True,False,5.076,2026-09-16T06:28:17.575642+00:00,
0b32a7fd-51a0-4d9c-ba8d-4bb0100759c0,monotonic_reads,network_partition,writer-1,write,mr-0b32a7fd-51a0-4d9c-ba8d-4bb0100759c0,797,,,QUORUM,cassandra-1,True,False,4.881,2026-09-16T06:28:17.604947+00:00,
0b32a7fd-51a0-4d9c-ba8d-4bb0100759c0,monotonic_reads,network_partition,writer-1,write,mr-0b32a7fd-51a0-4d9c-ba8d-4bb0100759c0,798,,,QUORUM,cassandra-1,True,False,5.075,2026-09-16T06:28:17.633129+00:00,
0b32a7fd-51a0-4d9c-ba8d-4bb0100759c0,monotonic_reads,network_partition,writer-1,write,mr-0b32a7fd-51a0-4d9c-ba8d-4bb0100759c0,799,,,QUORUM,cassandra-1,True,False,4.309,2026-09-16T06:28:17.662516+00:00,
0b32a7fd-51a0-4d9c-ba8d-4bb0100759c0,monotonic_reads,network_partition,writer-1,write,mr-0b32a7fd-51a0-4d9c-ba8d-4bb0100759c0,800,,,QUORUM,cassandra-1,True,False,4.816,2026-09-16T06:28:17.688814+00:00,
0b32a7fd-51a0-4d9c-ba8d-4bb0100759c0,monotonic_reads,network_partition,writer-1,write,mr-0b32a7fd-51a0-4d9c-ba8d-4bb0100759c0,801,,,QUORUM,cassandra-1,True,False,4.87,2026-09-16T06:28:17.714801+00:00,
0b32a7fd-51a0-4d9c-ba8d-4bb0100759c0,monotonic_reads,network_partition,writer-1,write,mr-0b32a7fd-51a0-4d9c-ba8d-4bb0100759c0,802,,,QUORUM,cassandra-1,True,False,5.499,2026-09-16T06:28:17.743499+00:00,
0b32a7fd-51a0-4d9c-ba8d-4bb0100759c0,monotonic_reads,network_partition,writer-1,write,mr-0b32a7fd-51a0-4d9c-ba8d-4bb0100759c0,803,,,QUORUM,cassandra-1,True,False,5.159,2026-09-16T06:28:17.772771+00:00,
0b32a7fd-51a0-4d9c-ba8d-4bb0100759c0,monotonic_reads,network_partition,writer-1,write,mr-0b32a7fd-51a0-4d9c-ba8d-4bb0100759c0,804,,,QUORUM,cassandra-1,True,False,5.282,2026-09-16T06:28:17.798764+00:00,
0b32a7fd-51a0-4d9c-ba8d-4bb0100759c0,monotonic_reads,network_partition,writer-1,write,mr-0b32a7fd-51a0-4d9c-ba8d-4bb0100759c0,805,,,QUORUM,cassandra-1,True,False,4.937,2026-09-16T06:28:17.824637+00:00,
0b32a7fd-51a0-4d9c-ba8d-4bb0100759c0,monotonic_reads,network_partition,writer-1,write,mr-0b32a7fd-51a0-4d9c-ba8d-4bb0100759c0,806,,,QUORUM,cassandra-1,True,False,4.689,2026-09-16T06:28:17.849635+00:00,
0b32a7fd-51a0-4d9c-ba8d-4bb0100759c0,monotonic_reads,network_partition,writer-1,write,mr-0b32a7fd-51a0-4d9c-ba8d-4bb0100759c0,807,,,QUORUM,cassandra-1,True,False,5.101,2026-09-16T06:28:17.877668+00:00,
0b32a7fd-51a0-4d9c-ba8d-4bb0100759c0,monotonic_reads,network_partition,writer-1,write,mr-0b32a7fd-51a0-4d9c-ba8d-4bb0100759c0,808,,,QUORUM,cassandra-1,True,False,5.026,2026-09-16T06:28:17.905705+00:00,
0b32a7fd-51a0-4d9c-ba8d-4bb0100759c0,monotonic_reads,network_partition,writer-1,write,mr-0b32a7fd-51a0-4d9c-ba8d-4bb0100759c0,809,,,QUORUM,cassandra-1,True,False,5.226,2026-09-16T06:28:17.932758+00:00,
0b32a7fd-51a0-4d9c-ba8d-4bb0100759c0,monotonic_reads,network_partition,writer-1,write,mr-0b32a7fd-51a0-4d9c-ba8d-4bb0100759c0,810,,,QUORUM,cassandra-1,True,False,6.273,2026-09-16T06:28:17.960977+00:00,
0b32a7fd-51a0-4d9c-ba8d-4bb0100759c0,monotonic_reads,network_partition,writer-1,write,mr-0b32a7fd-51a0-4d9c-ba8d-4bb0100759c0,811,,,QUORUM,cassandra-1,True,False,4.738,2026-09-16T06:28:17.990570+00:00,
0b32a7fd-51a0-4d9c-ba8d-4bb0100759c0,monotonic_reads,network_partition,writer-1,write,mr-0b32a7fd-51a0-4d9c-ba8d-4bb0100759c0,812,,,QUORUM,cassandra-1,True,False,4.879,2026-09-16T06:28:18.019408+00:00,
0b32a7fd-51a0-4d9c-ba8d-4bb0100759c0,monotonic_reads,network_partition,writer-1,write,mr-0b32a7fd-51a0-4d9c-ba8d-4bb0100759c0,813,,,QUORUM,cassandra-1,True,False,4.788,2026-09-16T06:28:18.048694+00:00,
0b32a7fd-51a0-4d9c-ba8d-4bb0100759c0,monotonic_reads,network_partition,writer-1,write,mr-0b32a7fd-51a0-4d9c-ba8d-4bb0100759c0,814,,,QUORUM,cassandra-1,True,False,4.869,2026-09-16T06:28:18.077900+00:00,
0b32a7fd-51a0-4d9c-ba8d-4bb0100759c0,monotonic_reads,network_partition,writer-1,write,mr-0b32a7fd-51a0-4d9c-ba8d-4bb0100759c0,815,,,QUORUM,cassandra-1,True,False,4.729,2026-09-16T06:28:18.107621+00:00,
0b32a7fd-51a0-4d9c-ba8d-4bb0100759c0,monotonic_reads,network_partition,writer-1,write,mr-0b32a7fd-51a0-4d9c-ba8d-4bb0100759c0,816,,,QUORUM,cassandra-1,True,False,4.996,2026-09-16T06:28:18.134734+00:00,
0b32a7fd-51a0-4d9c-ba8d-4bb0100759c0,monotonic_reads,network_partition,writer-1,write,mr-0b32a7fd-51a0-4d9c-ba8d-4bb0100759c0,817,,,QUORUM,cassandra-1,True,False,4.657,2026-09-16T06:28:18.159878+00:00,
0b32a7fd-51a0-4d9c-ba8d-4bb0100759c0,monotonic_reads,network_partition,writer-1,write,mr-0b32a7fd-51a0-4d9c-ba8d-4bb0100759c0,818,,,QUORUM,cassandra-1,True,False,4.357,2026-09-16T06:28:18.187915+00:00,
0b32a7fd-51a0-4d9c-ba8d-4bb0100759c0,monotonic_reads,network_partition,writer-1,write,mr-0b32a7fd-51a0-4d9c-ba8d-4bb0100759c0,819,,,QUORUM,cassandra-1,True,False,5.235,2026-09-16T06:28:18.214902+00:00,
0b32a7fd-51a0-4d9c-ba8d-4bb0100759c0,monotonic_reads,network_partition,writer-1,write,mr-0b32a7fd-51a0-4d9c-ba8d-4bb0100759c0,820,,,QUORUM,cassandra-1,True,False,4.866,2026-09-16T06:28:18.244628+00:00,
0b32a7fd-51a0-4d9c-ba8d-4bb0100759c0,monotonic_reads,network_partition,writer-1,write,mr-0b32a7fd-51a0-4d9c-ba8d-4bb0100759c0,821,,,QUORUM,cassandra-1,True,False,4.702,2026-09-16T06:28:18.270364+00:00,
0b32a7fd-51a0-4d9c-ba8d-4bb0100759c0,monotonic_reads,network_partition,writer-1,write,mr-0b32a7fd-51a0-4d9c-ba8d-4bb0100759c0,822,,,QUORUM,cassandra-1,True,False,5.458,2026-09-16T06:28:18.300081+00:00,
0b32a7fd-51a0-4d9c-ba8d-4bb0100759c0,monotonic_reads,network_partition,writer-1,write,mr-0b32a7fd-51a0-4d9c-ba8d-4bb0100759c0,823,,,QUORUM,cassandra-1,True,False,5.124,2026-09-16T06:28:18.325806+00:00,
0b32a7fd-51a0-4d9c-ba8d-4bb0100759c0,monotonic_reads,network_partition,writer-1,write,mr-0b32a7fd-51a0-4d9c-ba8d-4bb0100759c0,824,,,QUORUM,cassandra-1,True,False,4.094,2026-09-16T06:28:18.353628+00:00,
0b32a7fd-51a0-4d9c-ba8d-4bb0100759c0,monotonic_reads,network_partition,writer-1,write,mr-0b32a7fd-51a0-4d9c-ba8d-4bb0100759c0,825,,,QUORUM,cassandra-1,True,False,4.398,2026-09-16T06:28:18.382569+00:00,
0b32a7fd-51a0-4d9c-ba8d-4bb0100759c0,monotonic_reads,network_partition,writer-1,write,mr-0b32a7fd-51a0-4d9c-ba8d-4bb0100759c0,826,,,QUORUM,cassandra-1,True,False,5.046,2026-09-16T06:28:18.412844+00:00,
0b32a7fd-51a0-4d9c-ba8d-4bb0100759c0,monotonic_reads,network_partition,writer-1,write,mr-0b32a7fd-51a0-4d9c-ba8d-4bb0100759c0,827,,,QUORUM,cassandra-1,True,False,4.809,2026-09-16T06:28:18.442821+00:00,
0b32a7fd-51a0-4d9c-ba8d-4bb0100759c0,monotonic_reads,network_partition,writer-1,write,mr-0b32a7fd-51a0-4d9c-ba8d-4bb0100759c0,828,,,QUORUM,cassandra-1,True,False,5.023,2026-09-16T06:28:18.470694+00:00,
0b32a7fd-51a0-4d9c-ba8d-4bb0100759c0,monotonic_reads,network_partition,writer-1,write,mr-0b32a7fd-51a0-4d9c-ba8d-4bb0100759c0,829,,,QUORUM,cassandra-1,True,False,5.736,2026-09-16T06:28:18.496780+00:00,
0b32a7fd-51a0-4d9c-ba8d-4bb0100759c0,monotonic_reads,network_partition,writer-1,write,mr-0b32a7fd-51a0-4d9c-ba8d-4bb0100759c0,830,,,QUORUM,cassandra-1,True,False,4.668,2026-09-16T06:28:18.523693+00:00,
0b32a7fd-51a0-4d9c-ba8d-4bb0100759c0,monotonic_reads,network_partition,writer-1,write,mr-0b32a7fd-51a0-4d9c-ba8d-4bb0100759c0,831,,,QUORUM,cassandra-1,True,False,4.911,2026-09-16T06:28:18.551726+00:00,
0b32a7fd-51a0-4d9c-ba8d-4bb0100759c0,monotonic_reads,network_partition,writer-1,write,mr-0b32a7fd-51a0-4d9c-ba8d-4bb0100759c0,832,,,QUORUM,cassandra-1,True,False,4.84,2026-09-16T06:28:18.581804+00:00,
0b32a7fd-51a0-4d9c-ba8d-4bb0100759c0,monotonic_reads,network_partition,writer-1,write,mr-0b32a7fd-51a0-4d9c-ba8d-4bb0100759c0,833,,,QUORUM,cassandra-1,True,False,4.649,2026-09-16T06:28:18.610829+00:00,
0b32a7fd-51a0-4d9c-ba8d-4bb0100759c0,monotonic_reads,network_partition,writer-1,write,mr-0b32a7fd-51a0-4d9c-ba8d-4bb0100759c0,834,,,QUORUM,cassandra-1,True,False,4.833,2026-09-16T06:28:18.640909+00:00,
0b32a7fd-51a0-4d9c-ba8d-4bb0100759c0,monotonic_reads,network_partition,writer-1,write,mr-0b32a7fd-51a0-4d9c-ba8d-4bb0100759c0,835,,,QUORUM,cassandra-1,True,False,4.789,2026-09-16T06:28:18.666441+00:00,
0b32a7fd-51a0-4d9c-ba8d-4bb0100759c0,monotonic_reads,network_partition,writer-1,write,mr-0b32a7fd-51a0-4d9c-ba8d-4bb0100759c0,836,,,QUORUM,cassandra-1,True,False,4.418,2026-09-16T06:28:18.693629+00:00,
0b32a7fd-51a0-4d9c-ba8d-4bb0100759c0,monotonic_reads,network_partition,writer-1,write,mr-0b32a7fd-51a0-4d9c-ba8d-4bb0100759c0,837,,,QUORUM,cassandra-1,True,False,2.333,2026-09-16T06:28:18.721094+00:00,
0b32a7fd-51a0-4d9c-ba8d-4bb0100759c0,monotonic_reads,network_partition,writer-1,write,mr-0b32a7fd-51a0-4d9c-ba8d-4bb0100759c0,838,,,QUORUM,cassandra-1,True,False,4.83,2026-09-16T06:28:18.746503+00:00,
0b32a7fd-51a0-4d9c-ba8d-4bb0100759c0,monotonic_reads,network_partition,writer-1,write,mr-0b32a7fd-51a0-4d9c-ba8d-4bb0100759c0,839,,,QUORUM,cassandra-1,True,False,5.156,2026-09-16T06:28:18.774900+00:00,
0b32a7fd-51a0-4d9c-ba8d-4bb0100759c0,monotonic_reads,network_partition,writer-1,write,mr-0b32a7fd-51a0-4d9c-ba8d-4bb0100759c0,840,,,QUORUM,cassandra-1,True,False,4.502,2026-09-16T06:28:18.803539+00:00,
0b32a7fd-51a0-4d9c-ba8d-4bb0100759c0,monotonic_reads,network_partition,writer-1,write,mr-0b32a7fd-51a0-4d9c-ba8d-4bb0100759c0,841,,,QUORUM,cassandra-1,True,False,4.678,2026-09-16T06:28:18.830628+00:00,
0b32a7fd-51a0-4d9c-ba8d-4bb0100759c0,monotonic_reads,network_partition,writer-1,write,mr-0b32a7fd-51a0-4d9c-ba8d-4bb0100759c0,842,,,QUORUM,cassandra-1,True,False,4.791,2026-09-16T06:28:18.859622+00:00,
0b32a7fd-51a0-4d9c-ba8d-4bb0100759c0,monotonic_reads,network_partition,writer-1,write,mr-0b32a7fd-51a0-4d9c-ba8d-4bb0100759c0,843,,,QUORUM,cassandra-1,True,False,4.132,2026-09-16T06:28:18.888814+00:00,
0b32a7fd-51a0-4d9c-ba8d-4bb0100759c0,monotonic_reads,network_partition,writer-1,write,mr-0b32a7fd-51a0-4d9c-ba8d-4bb0100759c0,844,,,QUORUM,cassandra-1,True,False,4.543,2026-09-16T06:28:18.916552+00:00,
0b32a7fd-51a0-4d9c-ba8d-4bb0100759c0,monotonic_reads,network_partition,writer-1,write,mr-0b32a7fd-51a0-4d9c-ba8d-4bb0100759c0,845,,,QUORUM,cassandra-1,True,False,4.253,2026-09-16T06:28:18.945555+00:00,
0b32a7fd-51a0-4d9c-ba8d-4bb0100759c0,monotonic_reads,network_partition,writer-1,write,mr-0b32a7fd-51a0-4d9c-ba8d-4bb0100759c0,846,,,QUORUM,cassandra-1,True,False,4.415,2026-09-16T06:28:18.970575+00:00,
0b32a7fd-51a0-4d9c-ba8d-4bb0100759c0,monotonic_reads,network_partition,writer-1,write,mr-0b32a7fd-51a0-4d9c-ba8d-4bb0100759c0,847,,,QUORUM,cassandra-1,True,False,5.17,2026-09-16T06:28:18.997835+00:00,
0b32a7fd-51a0-4d9c-ba8d-4bb0100759c0,monotonic_reads,network_partition,writer-1,write,mr-0b32a7fd-51a0-4d9c-ba8d-4bb0100759c0,848,,,QUORUM,cassandra-1,True,False,4.304,2026-09-16T06:28:19.026999+00:00,
0b32a7fd-51a0-4d9c-ba8d-4bb0100759c0,monotonic_reads,network_partition,writer-1,write,mr-0b32a7fd-51a0-4d9c-ba8d-4bb0100759c0,849,,,QUORUM,cassandra-1,True,False,4.348,2026-09-16T06:28:19.055020+00:00,
0b32a7fd-51a0-4d9c-ba8d-4bb0100759c0,monotonic_reads,network_partition,writer-1,write,mr-0b32a7fd-51a0-4d9c-ba8d-4bb0100759c0,850,,,QUORUM,cassandra-1,True,False,4.759,2026-09-16T06:28:19.080914+00:00,
0b32a7fd-51a0-4d9c-ba8d-4bb0100759c0,monotonic_reads,network_partition,writer-1,write,mr-0b32a7fd-51a0-4d9c-ba8d-4bb0100759c0,851,,,QUORUM,cassandra-1,True,False,4.921,2026-09-16T06:28:19.106587+00:00,
0b32a7fd-51a0-4d9c-ba8d-4bb0100759c0,monotonic_reads,network_partition,writer-1,write,mr-0b32a7fd-51a0-4d9c-ba8d-4bb0100759c0,852,,,QUORUM,cassandra-1,True,False,4.069,2026-09-16T06:28:19.132675+00:00,
0b32a7fd-51a0-4d9c-ba8d-4bb0100759c0,monotonic_reads,network_partition,writer-1,write,mr-0b32a7fd-51a0-4d9c-ba8d-4bb0100759c0,853,,,QUORUM,cassandra-1,True,False,4.578,2026-09-16T06:28:19.158726+00:00,
0b32a7fd-51a0-4d9c-ba8d-4bb0100759c0,monotonic_reads,network_partition,writer-1,write,mr-0b32a7fd-51a0-4d9c-ba8d-4bb0100759c0,854,,,QUORUM,cassandra-1,True,False,4.049,2026-09-16T06:28:19.186516+00:00,
0b32a7fd-51a0-4d9c-ba8d-4bb0100759c0,monotonic_reads,network_partition,writer-1,write,mr-0b32a7fd-51a0-4d9c-ba8d-4bb0100759c0,855,,,QUORUM,cassandra-1,True,False,4.911,2026-09-16T06:28:19.214586+00:00,
0b32a7fd-51a0-4d9c-ba8d-4bb0100759c0,monotonic_reads,network_partition,writer-1,write,mr-0b32a7fd-51a0-4d9c-ba8d-4bb0100759c0,856,,,QUORUM,cassandra-1,True,False,4.719,2026-09-16T06:28:19.242638+00:00,
0b32a7fd-51a0-4d9c-ba8d-4bb0100759c0,monotonic_reads,network_partition,writer-1,write,mr-0b32a7fd-51a0-4d9c-ba8d-4bb0100759c0,857,,,QUORUM,cassandra-1,True,False,4.914,2026-09-16T06:28:19.268582+00:00,
0b32a7fd-51a0-4d9c-ba8d-4bb0100759c0,monotonic_reads,network_partition,writer-1,write,mr-0b32a7fd-51a0-4d9c-ba8d-4bb0100759c0,858,,,QUORUM,cassandra-1,True,False,4.905,2026-09-16T06:28:19.298670+00:00,
0b32a7fd-51a0-4d9c-ba8d-4bb0100759c0,monotonic_reads,network_partition,writer-1,write,mr-0b32a7fd-51a0-4d9c-ba8d-4bb0100759c0,859,,,QUORUM,cassandra-1,True,False,4.7,2026-09-16T06:28:19.327823+00:00,
0b32a7fd-51a0-4d9c-ba8d-4bb0100759c0,monotonic_reads,network_partition,writer-1,write,mr-0b32a7fd-51a0-4d9c-ba8d-4bb0100759c0,860,,,QUORUM,cassandra-1,True,False,4.238,2026-09-16T06:28:19.355729+00:00,
0b32a7fd-51a0-4d9c-ba8d-4bb0100759c0,monotonic_reads,network_partition,writer-1,write,mr-0b32a7fd-51a0-4d9c-ba8d-4bb0100759c0,861,,,QUORUM,cassandra-1,True,False,2.31,2026-09-16T06:28:19.381945+00:00,
0b32a7fd-51a0-4d9c-ba8d-4bb0100759c0,monotonic_reads,network_partition,writer-1,write,mr-0b32a7fd-51a0-4d9c-ba8d-4bb0100759c0,862,,,QUORUM,cassandra-1,True,False,2.89,2026-09-16T06:28:19.406086+00:00,
0b32a7fd-51a0-4d9c-ba8d-4bb0100759c0,monotonic_reads,network_partition,writer-1,write,mr-0b32a7fd-51a0-4d9c-ba8d-4bb0100759c0,863,,,QUORUM,cassandra-1,True,False,2.722,2026-09-16T06:28:19.434043+00:00,
0b32a7fd-51a0-4d9c-ba8d-4bb0100759c0,monotonic_reads,network_partition,writer-1,write,mr-0b32a7fd-51a0-4d9c-ba8d-4bb0100759c0,864,,,QUORUM,cassandra-1,True,False,1.952,2026-09-16T06:28:19.460886+00:00,
0b32a7fd-51a0-4d9c-ba8d-4bb0100759c0,monotonic_reads,network_partition,writer-1,write,mr-0b32a7fd-51a0-4d9c-ba8d-4bb0100759c0,865,,,QUORUM,cassandra-1,True,False,1.962,2026-09-16T06:28:19.486940+00:00,
0b32a7fd-51a0-4d9c-ba8d-4bb0100759c0,monotonic_reads,network_partition,writer-1,write,mr-0b32a7fd-51a0-4d9c-ba8d-4bb0100759c0,866,,,QUORUM,cassandra-1,True,False,2.614,2026-09-16T06:28:19.512093+00:00,
0b32a7fd-51a0-4d9c-ba8d-4bb0100759c0,monotonic_reads,network_partition,writer-1,write,mr-0b32a7fd-51a0-4d9c-ba8d-4bb0100759c0,867,,,QUORUM,cassandra-1,True,False,2.222,2026-09-16T06:28:19.537214+00:00,
0b32a7fd-51a0-4d9c-ba8d-4bb0100759c0,monotonic_reads,network_partition,writer-1,write,mr-0b32a7fd-51a0-4d9c-ba8d-4bb0100759c0,868,,,QUORUM,cassandra-1,True,False,3.308,2026-09-16T06:28:19.565468+00:00,
0b32a7fd-51a0-4d9c-ba8d-4bb0100759c0,monotonic_reads,network_partition,writer-1,write,mr-0b32a7fd-51a0-4d9c-ba8d-4bb0100759c0,869,,,QUORUM,cassandra-1,True,False,5.108,2026-09-16T06:28:19.595777+00:00,
0b32a7fd-51a0-4d9c-ba8d-4bb0100759c0,monotonic_reads,network_partition,writer-1,write,mr-0b32a7fd-51a0-4d9c-ba8d-4bb0100759c0,870,,,QUORUM,cassandra-1,True,False,5.613,2026-09-16T06:28:19.623624+00:00,
0b32a7fd-51a0-4d9c-ba8d-4bb0100759c0,monotonic_reads,network_partition,writer-1,write,mr-0b32a7fd-51a0-4d9c-ba8d-4bb0100759c0,871,,,QUORUM,cassandra-1,True,False,4.688,2026-09-16T06:28:19.648732+00:00,
0b32a7fd-51a0-4d9c-ba8d-4bb0100759c0,monotonic_reads,network_partition,writer-1,write,mr-0b32a7fd-51a0-4d9c-ba8d-4bb0100759c0,872,,,QUORUM,cassandra-1,True,False,13.318,2026-09-16T06:28:19.682953+00:00,
0b32a7fd-51a0-4d9c-ba8d-4bb0100759c0,monotonic_reads,network_partition,writer-1,write,mr-0b32a7fd-51a0-4d9c-ba8d-4bb0100759c0,873,,,QUORUM,cassandra-1,True,False,5.355,2026-09-16T06:28:19.708861+00:00,
0b32a7fd-51a0-4d9c-ba8d-4bb0100759c0,monotonic_reads,network_partition,writer-1,write,mr-0b32a7fd-51a0-4d9c-ba8d-4bb0100759c0,874,,,QUORUM,cassandra-1,True,False,3.772,2026-09-16T06:28:19.737733+00:00,
0b32a7fd-51a0-4d9c-ba8d-4bb0100759c0,monotonic_reads,network_partition,writer-1,write,mr-0b32a7fd-51a0-4d9c-ba8d-4bb0100759c0,875,,,QUORUM,cassandra-1,True,False,4.576,2026-09-16T06:28:19.762580+00:00,
0b32a7fd-51a0-4d9c-ba8d-4bb0100759c0,monotonic_reads,network_partition,writer-1,write,mr-0b32a7fd-51a0-4d9c-ba8d-4bb0100759c0,876,,,QUORUM,cassandra-1,True,False,4.517,2026-09-16T06:28:19.791571+00:00,
0b32a7fd-51a0-4d9c-ba8d-4bb0100759c0,monotonic_reads,network_partition,writer-1,write,mr-0b32a7fd-51a0-4d9c-ba8d-4bb0100759c0,877,,,QUORUM,cassandra-1,True,False,4.881,2026-09-16T06:28:19.819038+00:00,
0b32a7fd-51a0-4d9c-ba8d-4bb0100759c0,monotonic_reads,network_partition,writer-1,write,mr-0b32a7fd-51a0-4d9c-ba8d-4bb0100759c0,878,,,QUORUM,cassandra-1,True,False,5.635,2026-09-16T06:28:19.847199+00:00,
0b32a7fd-51a0-4d9c-ba8d-4bb0100759c0,monotonic_reads,network_partition,writer-1,write,mr-0b32a7fd-51a0-4d9c-ba8d-4bb0100759c0,879,,,QUORUM,cassandra-1,True,False,4.13,2026-09-16T06:28:19.874753+00:00,
0b32a7fd-51a0-4d9c-ba8d-4bb0100759c0,monotonic_reads,network_partition,writer-1,write,mr-0b32a7fd-51a0-4d9c-ba8d-4bb0100759c0,880,,,QUORUM,cassandra-1,True,False,4.696,2026-09-16T06:28:19.899761+00:00,
0b32a7fd-51a0-4d9c-ba8d-4bb0100759c0,monotonic_reads,network_partition,writer-1,write,mr-0b32a7fd-51a0-4d9c-ba8d-4bb0100759c0,881,,,QUORUM,cassandra-1,True,False,5.296,2026-09-16T06:28:19.926961+00:00,
0b32a7fd-51a0-4d9c-ba8d-4bb0100759c0,monotonic_reads,network_partition,writer-1,write,mr-0b32a7fd-51a0-4d9c-ba8d-4bb0100759c0,882,,,QUORUM,cassandra-1,True,False,6.795,2026-09-16T06:28:19.954370+00:00,
0b32a7fd-51a0-4d9c-ba8d-4bb0100759c0,monotonic_reads,network_partition,writer-1,write,mr-0b32a7fd-51a0-4d9c-ba8d-4bb0100759c0,883,,,QUORUM,cassandra-1,True,False,5.595,2026-09-16T06:28:19.983941+00:00,
0b32a7fd-51a0-4d9c-ba8d-4bb0100759c0,monotonic_reads,network_partition,writer-1,write,mr-0b32a7fd-51a0-4d9c-ba8d-4bb0100759c0,884,,,QUORUM,cassandra-1,True,False,5.165,2026-09-16T06:28:20.013797+00:00,
0b32a7fd-51a0-4d9c-ba8d-4bb0100759c0,monotonic_reads,network_partition,writer-1,write,mr-0b32a7fd-51a0-4d9c-ba8d-4bb0100759c0,885,,,QUORUM,cassandra-1,True,False,5.852,2026-09-16T06:28:20.042929+00:00,
0b32a7fd-51a0-4d9c-ba8d-4bb0100759c0,monotonic_reads,network_partition,writer-1,write,mr-0b32a7fd-51a0-4d9c-ba8d-4bb0100759c0,886,,,QUORUM,cassandra-1,True,False,4.936,2026-09-16T06:28:20.068971+00:00,
0b32a7fd-51a0-4d9c-ba8d-4bb0100759c0,monotonic_reads,network_partition,writer-1,write,mr-0b32a7fd-51a0-4d9c-ba8d-4bb0100759c0,887,,,QUORUM,cassandra-1,True,False,4.359,2026-09-16T06:28:20.098516+00:00,
0b32a7fd-51a0-4d9c-ba8d-4bb0100759c0,monotonic_reads,network_partition,writer-1,write,mr-0b32a7fd-51a0-4d9c-ba8d-4bb0100759c0,888,,,QUORUM,cassandra-1,True,False,4.552,2026-09-16T06:28:20.125688+00:00,
0b32a7fd-51a0-4d9c-ba8d-4bb0100759c0,monotonic_reads,network_partition,writer-1,write,mr-0b32a7fd-51a0-4d9c-ba8d-4bb0100759c0,889,,,QUORUM,cassandra-1,True,False,5.208,2026-09-16T06:28:20.153154+00:00,
0b32a7fd-51a0-4d9c-ba8d-4bb0100759c0,monotonic_reads,network_partition,writer-1,write,mr-0b32a7fd-51a0-4d9c-ba8d-4bb0100759c0,890,,,QUORUM,cassandra-1,True,False,4.698,2026-09-16T06:28:20.180809+00:00,
0b32a7fd-51a0-4d9c-ba8d-4bb0100759c0,monotonic_reads,network_partition,writer-1,write,mr-0b32a7fd-51a0-4d9c-ba8d-4bb0100759c0,891,,,QUORUM,cassandra-1,True,False,4.742,2026-09-16T06:28:20.210757+00:00,
0b32a7fd-51a0-4d9c-ba8d-4bb0100759c0,monotonic_reads,network_partition,writer-1,write,mr-0b32a7fd-51a0-4d9c-ba8d-4bb0100759c0,892,,,QUORUM,cassandra-1,True,False,4.778,2026-09-16T06:28:20.238736+00:00,
0b32a7fd-51a0-4d9c-ba8d-4bb0100759c0,monotonic_reads,network_partition,writer-1,write,mr-0b32a7fd-51a0-4d9c-ba8d-4bb0100759c0,893,,,QUORUM,cassandra-1,True,False,15.258,2026-09-16T06:28:20.279154+00:00,
0b32a7fd-51a0-4d9c-ba8d-4bb0100759c0,monotonic_reads,network_partition,writer-1,write,mr-0b32a7fd-51a0-4d9c-ba8d-4bb0100759c0,894,,,QUORUM,cassandra-1,True,False,3.819,2026-09-16T06:28:20.307440+00:00,
0b32a7fd-51a0-4d9c-ba8d-4bb0100759c0,monotonic_reads,network_partition,writer-1,write,mr-0b32a7fd-51a0-4d9c-ba8d-4bb0100759c0,895,,,QUORUM,cassandra-1,True,False,5.407,2026-09-16T06:28:20.335900+00:00,
0b32a7fd-51a0-4d9c-ba8d-4bb0100759c0,monotonic_reads,network_partition,writer-1,write,mr-0b32a7fd-51a0-4d9c-ba8d-4bb0100759c0,896,,,QUORUM,cassandra-1,True,False,5.212,2026-09-16T06:28:20.365246+00:00,
0b32a7fd-51a0-4d9c-ba8d-4bb0100759c0,monotonic_reads,network_partition,writer-1,write,mr-0b32a7fd-51a0-4d9c-ba8d-4bb0100759c0,897,,,QUORUM,cassandra-1,True,False,5.613,2026-09-16T06:28:20.393888+00:00,
0b32a7fd-51a0-4d9c-ba8d-4bb0100759c0,monotonic_reads,network_partition,writer-1,write,mr-0b32a7fd-51a0-4d9c-ba8d-4bb0100759c0,898,,,QUORUM,cassandra-1,True,False,4.807,2026-09-16T06:28:20.422107+00:00,
0b32a7fd-51a0-4d9c-ba8d-4bb0100759c0,monotonic_reads,network_partition,writer-1,write,mr-0b32a7fd-51a0-4d9c-ba8d-4bb0100759c0,899,,,QUORUM,cassandra-1,True,False,4.735,2026-09-16T06:28:20.449786+00:00,
0b32a7fd-51a0-4d9c-ba8d-4bb0100759c0,monotonic_reads,network_partition,writer-1,write,mr-0b32a7fd-51a0-4d9c-ba8d-4bb0100759c0,900,,,QUORUM,cassandra-1,True,False,4.763,2026-09-16T06:28:20.479829+00:00,
0b32a7fd-51a0-4d9c-ba8d-4bb0100759c0,monotonic_reads,network_partition,writer-1,write,mr-0b32a7fd-51a0-4d9c-ba8d-4bb0100759c0,901,,,QUORUM,cassandra-1,True,False,5.738,2026-09-16T06:28:20.507810+00:00,
0b32a7fd-51a0-4d9c-ba8d-4bb0100759c0,monotonic_reads,network_partition,writer-1,write,mr-0b32a7fd-51a0-4d9c-ba8d-4bb0100759c0,902,,,QUORUM,cassandra-1,True,False,4.118,2026-09-16T06:28:20.536639+00:00,
0b32a7fd-51a0-4d9c-ba8d-4bb0100759c0,monotonic_reads,network_partition,writer-1,write,mr-0b32a7fd-51a0-4d9c-ba8d-4bb0100759c0,903,,,QUORUM,cassandra-1,True,False,5.154,2026-09-16T06:28:20.565766+00:00,
0b32a7fd-51a0-4d9c-ba8d-4bb0100759c0,monotonic_reads,network_partition,writer-1,write,mr-0b32a7fd-51a0-4d9c-ba8d-4bb0100759c0,904,,,QUORUM,cassandra-1,True,False,4.914,2026-09-16T06:28:20.592972+00:00,
0b32a7fd-51a0-4d9c-ba8d-4bb0100759c0,monotonic_reads,network_partition,writer-1,write,mr-0b32a7fd-51a0-4d9c-ba8d-4bb0100759c0,905,,,QUORUM,cassandra-1,True,False,4.778,2026-09-16T06:28:20.621691+00:00,
0b32a7fd-51a0-4d9c-ba8d-4bb0100759c0,monotonic_reads,network_partition,writer-1,write,mr-0b32a7fd-51a0-4d9c-ba8d-4bb0100759c0,906,,,QUORUM,cassandra-1,True,False,4.437,2026-09-16T06:28:20.649463+00:00,
0b32a7fd-51a0-4d9c-ba8d-4bb0100759c0,monotonic_reads,network_partition,writer-1,write,mr-0b32a7fd-51a0-4d9c-ba8d-4bb0100759c0,907,,,QUORUM,cassandra-1,True,False,3.946,2026-09-16T06:28:20.678658+00:00,
0b32a7fd-51a0-4d9c-ba8d-4bb0100759c0,monotonic_reads,network_partition,writer-1,write,mr-0b32a7fd-51a0-4d9c-ba8d-4bb0100759c0,908,,,QUORUM,cassandra-1,True,False,4.923,2026-09-16T06:28:20.706583+00:00,
0b32a7fd-51a0-4d9c-ba8d-4bb0100759c0,monotonic_reads,network_partition,writer-1,write,mr-0b32a7fd-51a0-4d9c-ba8d-4bb0100759c0,909,,,QUORUM,cassandra-1,True,False,5.212,2026-09-16T06:28:20.736938+00:00,
0b32a7fd-51a0-4d9c-ba8d-4bb0100759c0,monotonic_reads,network_partition,writer-1,write,mr-0b32a7fd-51a0-4d9c-ba8d-4bb0100759c0,910,,,QUORUM,cassandra-1,True,False,5.463,2026-09-16T06:28:20.766999+00:00,
0b32a7fd-51a0-4d9c-ba8d-4bb0100759c0,monotonic_reads,network_partition,writer-1,write,mr-0b32a7fd-51a0-4d9c-ba8d-4bb0100759c0,911,,,QUORUM,cassandra-1,True,False,3.469,2026-09-16T06:28:20.795514+00:00,
0b32a7fd-51a0-4d9c-ba8d-4bb0100759c0,monotonic_reads,network_partition,writer-1,write,mr-0b32a7fd-51a0-4d9c-ba8d-4bb0100759c0,912,,,QUORUM,cassandra-1,True,False,4.89,2026-09-16T06:28:20.822891+00:00,
0b32a7fd-51a0-4d9c-ba8d-4bb0100759c0,monotonic_reads,network_partition,writer-1,write,mr-0b32a7fd-51a0-4d9c-ba8d-4bb0100759c0,913,,,QUORUM,cassandra-1,True,False,4.661,2026-09-16T06:28:20.847771+00:00,
0b32a7fd-51a0-4d9c-ba8d-4bb0100759c0,monotonic_reads,network_partition,writer-1,write,mr-0b32a7fd-51a0-4d9c-ba8d-4bb0100759c0,914,,,QUORUM,cassandra-1,True,False,4.604,2026-09-16T06:28:20.872795+00:00,
0b32a7fd-51a0-4d9c-ba8d-4bb0100759c0,monotonic_reads,network_partition,writer-1,write,mr-0b32a7fd-51a0-4d9c-ba8d-4bb0100759c0,915,,,QUORUM,cassandra-1,True,False,5.068,2026-09-16T06:28:20.902228+00:00,
0b32a7fd-51a0-4d9c-ba8d-4bb0100759c0,monotonic_reads,network_partition,writer-1,write,mr-0b32a7fd-51a0-4d9c-ba8d-4bb0100759c0,916,,,QUORUM,cassandra-1,True,False,4.828,2026-09-16T06:28:20.927889+00:00,
0b32a7fd-51a0-4d9c-ba8d-4bb0100759c0,monotonic_reads,network_partition,writer-1,write,mr-0b32a7fd-51a0-4d9c-ba8d-4bb0100759c0,917,,,QUORUM,cassandra-1,True,False,5.162,2026-09-16T06:28:20.955788+00:00,
0b32a7fd-51a0-4d9c-ba8d-4bb0100759c0,monotonic_reads,network_partition,writer-1,write,mr-0b32a7fd-51a0-4d9c-ba8d-4bb0100759c0,918,,,QUORUM,cassandra-1,True,False,4.34,2026-09-16T06:28:20.983615+00:00,
0b32a7fd-51a0-4d9c-ba8d-4bb0100759c0,monotonic_reads,network_partition,writer-1,write,mr-0b32a7fd-51a0-4d9c-ba8d-4bb0100759c0,919,,,QUORUM,cassandra-1,True,False,4.805,2026-09-16T06:28:21.010901+00:00,
0b32a7fd-51a0-4d9c-ba8d-4bb0100759c0,monotonic_reads,network_partition,writer-1,write,mr-0b32a7fd-51a0-4d9c-ba8d-4bb0100759c0,920,,,QUORUM,cassandra-1,True,False,6.425,2026-09-16T06:28:21.041421+00:00,
0b32a7fd-51a0-4d9c-ba8d-4bb0100759c0,monotonic_reads,network_partition,writer-1,write,mr-0b32a7fd-51a0-4d9c-ba8d-4bb0100759c0,921,,,QUORUM,cassandra-1,True,False,5.225,2026-09-16T06:28:21.070783+00:00,
0b32a7fd-51a0-4d9c-ba8d-4bb0100759c0,monotonic_reads,network_partition,writer-1,write,mr-0b32a7fd-51a0-4d9c-ba8d-4bb0100759c0,922,,,QUORUM,cassandra-1,True,False,4.948,2026-09-16T06:28:21.099862+00:00,
0b32a7fd-51a0-4d9c-ba8d-4bb0100759c0,monotonic_reads,network_partition,writer-1,write,mr-0b32a7fd-51a0-4d9c-ba8d-4bb0100759c0,923,,,QUORUM,cassandra-1,True,False,4.699,2026-09-16T06:28:21.127691+00:00,
0b32a7fd-51a0-4d9c-ba8d-4bb0100759c0,monotonic_reads,network_partition,writer-1,write,mr-0b32a7fd-51a0-4d9c-ba8d-4bb0100759c0,924,,,QUORUM,cassandra-1,True,False,4.671,2026-09-16T06:28:21.152736+00:00,
0b32a7fd-51a0-4d9c-ba8d-4bb0100759c0,monotonic_reads,network_partition,writer-1,write,mr-0b32a7fd-51a0-4d9c-ba8d-4bb0100759c0,925,,,QUORUM,cassandra-1,True,False,5.611,2026-09-16T06:28:21.182797+00:00,
0b32a7fd-51a0-4d9c-ba8d-4bb0100759c0,monotonic_reads,network_partition,writer-1,write,mr-0b32a7fd-51a0-4d9c-ba8d-4bb0100759c0,926,,,QUORUM,cassandra-1,True,False,4.906,2026-09-16T06:28:21.209618+00:00,
0b32a7fd-51a0-4d9c-ba8d-4bb0100759c0,monotonic_reads,network_partition,writer-1,write,mr-0b32a7fd-51a0-4d9c-ba8d-4bb0100759c0,927,,,QUORUM,cassandra-1,True,False,4.568,2026-09-16T06:28:21.235493+00:00,
0b32a7fd-51a0-4d9c-ba8d-4bb0100759c0,monotonic_reads,network_partition,writer-1,write,mr-0b32a7fd-51a0-4d9c-ba8d-4bb0100759c0,928,,,QUORUM,cassandra-1,True,False,5.472,2026-09-16T06:28:21.264953+00:00,
0b32a7fd-51a0-4d9c-ba8d-4bb0100759c0,monotonic_reads,network_partition,writer-1,write,mr-0b32a7fd-51a0-4d9c-ba8d-4bb0100759c0,929,,,QUORUM,cassandra-1,True,False,4.97,2026-09-16T06:28:21.293529+00:00,
0b32a7fd-51a0-4d9c-ba8d-4bb0100759c0,monotonic_reads,network_partition,writer-1,write,mr-0b32a7fd-51a0-4d9c-ba8d-4bb0100759c0,930,,,QUORUM,cassandra-1,True,False,4.825,2026-09-16T06:28:21.322853+00:00,
0b32a7fd-51a0-4d9c-ba8d-4bb0100759c0,monotonic_reads,network_partition,writer-1,write,mr-0b32a7fd-51a0-4d9c-ba8d-4bb0100759c0,931,,,QUORUM,cassandra-1,True,False,5.417,2026-09-16T06:28:21.352016+00:00,
0b32a7fd-51a0-4d9c-ba8d-4bb0100759c0,monotonic_reads,network_partition,writer-1,write,mr-0b32a7fd-51a0-4d9c-ba8d-4bb0100759c0,932,,,QUORUM,cassandra-1,True,False,4.588,2026-09-16T06:28:21.379727+00:00,
0b32a7fd-51a0-4d9c-ba8d-4bb0100759c0,monotonic_reads,network_partition,writer-1,write,mr-0b32a7fd-51a0-4d9c-ba8d-4bb0100759c0,933,,,QUORUM,cassandra-1,True,False,2.193,2026-09-16T06:28:21.406093+00:00,
0b32a7fd-51a0-4d9c-ba8d-4bb0100759c0,monotonic_reads,network_partition,writer-1,write,mr-0b32a7fd-51a0-4d9c-ba8d-4bb0100759c0,934,,,QUORUM,cassandra-1,True,False,4.659,2026-09-16T06:28:21.434819+00:00,
0b32a7fd-51a0-4d9c-ba8d-4bb0100759c0,monotonic_reads,network_partition,writer-1,write,mr-0b32a7fd-51a0-4d9c-ba8d-4bb0100759c0,935,,,QUORUM,cassandra-1,True,False,4.852,2026-09-16T06:28:21.462859+00:00,
0b32a7fd-51a0-4d9c-ba8d-4bb0100759c0,monotonic_reads,network_partition,writer-1,write,mr-0b32a7fd-51a0-4d9c-ba8d-4bb0100759c0,936,,,QUORUM,cassandra-1,True,False,3.838,2026-09-16T06:28:21.491494+00:00,
0b32a7fd-51a0-4d9c-ba8d-4bb0100759c0,monotonic_reads,network_partition,writer-1,write,mr-0b32a7fd-51a0-4d9c-ba8d-4bb0100759c0,937,,,QUORUM,cassandra-1,True,False,4.929,2026-09-16T06:28:21.519868+00:00,
0b32a7fd-51a0-4d9c-ba8d-4bb0100759c0,monotonic_reads,network_partition,writer-1,write,mr-0b32a7fd-51a0-4d9c-ba8d-4bb0100759c0,938,,,QUORUM,cassandra-1,True,False,5.089,2026-09-16T06:28:21.546753+00:00,
0b32a7fd-51a0-4d9c-ba8d-4bb0100759c0,monotonic_reads,network_partition,writer-1,write,mr-0b32a7fd-51a0-4d9c-ba8d-4bb0100759c0,939,,,QUORUM,cassandra-1,True,False,5.321,2026-09-16T06:28:21.573804+00:00,
0b32a7fd-51a0-4d9c-ba8d-4bb0100759c0,monotonic_reads,network_partition,writer-1,write,mr-0b32a7fd-51a0-4d9c-ba8d-4bb0100759c0,940,,,QUORUM,cassandra-1,True,False,4.023,2026-09-16T06:28:21.602518+00:00,
0b32a7fd-51a0-4d9c-ba8d-4bb0100759c0,monotonic_reads,network_partition,writer-1,write,mr-0b32a7fd-51a0-4d9c-ba8d-4bb0100759c0,941,,,QUORUM,cassandra-1,True,False,4.8,2026-09-16T06:28:21.630869+00:00,
0b32a7fd-51a0-4d9c-ba8d-4bb0100759c0,monotonic_reads,network_partition,writer-1,write,mr-0b32a7fd-51a0-4d9c-ba8d-4bb0100759c0,942,,,QUORUM,cassandra-1,True,False,4.953,2026-09-16T06:28:21.657755+00:00,
0b32a7fd-51a0-4d9c-ba8d-4bb0100759c0,monotonic_reads,network_partition,writer-1,write,mr-0b32a7fd-51a0-4d9c-ba8d-4bb0100759c0,943,,,QUORUM,cassandra-1,True,False,5.316,2026-09-16T06:28:21.685686+00:00,
0b32a7fd-51a0-4d9c-ba8d-4bb0100759c0,monotonic_reads,network_partition,writer-1,write,mr-0b32a7fd-51a0-4d9c-ba8d-4bb0100759c0,944,,,QUORUM,cassandra-1,True,False,4.569,2026-09-16T06:28:21.714724+00:00,
0b32a7fd-51a0-4d9c-ba8d-4bb0100759c0,monotonic_reads,network_partition,writer-1,write,mr-0b32a7fd-51a0-4d9c-ba8d-4bb0100759c0,945,,,QUORUM,cassandra-1,True,False,4.698,2026-09-16T06:28:21.739853+00:00,
0b32a7fd-51a0-4d9c-ba8d-4bb0100759c0,monotonic_reads,network_partition,writer-1,write,mr-0b32a7fd-51a0-4d9c-ba8d-4bb0100759c0,946,,,QUORUM,cassandra-1,True,False,4.848,2026-09-16T06:28:21.769638+00:00,
0b32a7fd-51a0-4d9c-ba8d-4bb0100759c0,monotonic_reads,network_partition,writer-1,write,mr-0b32a7fd-51a0-4d9c-ba8d-4bb0100759c0,947,,,QUORUM,cassandra-1,True,False,5.215,2026-09-16T06:28:21.797879+00:00,
0b32a7fd-51a0-4d9c-ba8d-4bb0100759c0,monotonic_reads,network_partition,writer-1,write,mr-0b32a7fd-51a0-4d9c-ba8d-4bb0100759c0,948,,,QUORUM,cassandra-1,True,False,4.268,2026-09-16T06:28:21.822615+00:00,
0b32a7fd-51a0-4d9c-ba8d-4bb0100759c0,monotonic_reads,network_partition,writer-1,write,mr-0b32a7fd-51a0-4d9c-ba8d-4bb0100759c0,949,,,QUORUM,cassandra-1,True,False,5.382,2026-09-16T06:28:21.849034+00:00,
0b32a7fd-51a0-4d9c-ba8d-4bb0100759c0,monotonic_reads,network_partition,writer-1,write,mr-0b32a7fd-51a0-4d9c-ba8d-4bb0100759c0,950,,,QUORUM,cassandra-1,True,False,4.668,2026-09-16T06:28:21.878645+00:00,
0b32a7fd-51a0-4d9c-ba8d-4bb0100759c0,monotonic_reads,network_partition,writer-1,write,mr-0b32a7fd-51a0-4d9c-ba8d-4bb0100759c0,951,,,QUORUM,cassandra-1,True,False,5.133,2026-09-16T06:28:21.906776+00:00,
0b32a7fd-51a0-4d9c-ba8d-4bb0100759c0,monotonic_reads,network_partition,writer-1,write,mr-0b32a7fd-51a0-4d9c-ba8d-4bb0100759c0,952,,,QUORUM,cassandra-1,True,False,5.061,2026-09-16T06:28:21.934757+00:00,
0b32a7fd-51a0-4d9c-ba8d-4bb0100759c0,monotonic_reads,network_partition,writer-1,write,mr-0b32a7fd-51a0-4d9c-ba8d-4bb0100759c0,953,,,QUORUM,cassandra-1,True,False,4.778,2026-09-16T06:28:21.962774+00:00,
0b32a7fd-51a0-4d9c-ba8d-4bb0100759c0,monotonic_reads,network_partition,writer-1,write,mr-0b32a7fd-51a0-4d9c-ba8d-4bb0100759c0,954,,,QUORUM,cassandra-1,True,False,5.091,2026-09-16T06:28:21.992788+00:00,
0b32a7fd-51a0-4d9c-ba8d-4bb0100759c0,monotonic_reads,network_partition,writer-1,write,mr-0b32a7fd-51a0-4d9c-ba8d-4bb0100759c0,955,,,QUORUM,cassandra-1,True,False,4.677,2026-09-16T06:28:22.022680+00:00,
0b32a7fd-51a0-4d9c-ba8d-4bb0100759c0,monotonic_reads,network_partition,writer-1,write,mr-0b32a7fd-51a0-4d9c-ba8d-4bb0100759c0,956,,,QUORUM,cassandra-1,True,False,4.918,2026-09-16T06:28:22.050822+00:00,
0b32a7fd-51a0-4d9c-ba8d-4bb0100759c0,monotonic_reads,network_partition,writer-1,write,mr-0b32a7fd-51a0-4d9c-ba8d-4bb0100759c0,957,,,QUORUM,cassandra-1,True,False,4.572,2026-09-16T06:28:22.076604+00:00,
0b32a7fd-51a0-4d9c-ba8d-4bb0100759c0,monotonic_reads,network_partition,writer-1,write,mr-0b32a7fd-51a0-4d9c-ba8d-4bb0100759c0,958,,,QUORUM,cassandra-1,True,False,4.829,2026-09-16T06:28:22.104993+00:00,
0b32a7fd-51a0-4d9c-ba8d-4bb0100759c0,monotonic_reads,network_partition,writer-1,write,mr-0b32a7fd-51a0-4d9c-ba8d-4bb0100759c0,959,,,QUORUM,cassandra-1,True,False,3.977,2026-09-16T06:28:22.132653+00:00,
0b32a7fd-51a0-4d9c-ba8d-4bb0100759c0,monotonic_reads,network_partition,writer-1,write,mr-0b32a7fd-51a0-4d9c-ba8d-4bb0100759c0,960,,,QUORUM,cassandra-1,True,False,4.604,2026-09-16T06:28:22.161664+00:00,
0b32a7fd-51a0-4d9c-ba8d-4bb0100759c0,monotonic_reads,network_partition,writer-1,write,mr-0b32a7fd-51a0-4d9c-ba8d-4bb0100759c0,961,,,QUORUM,cassandra-1,True,False,4.973,2026-09-16T06:28:22.187885+00:00,
0b32a7fd-51a0-4d9c-ba8d-4bb0100759c0,monotonic_reads,network_partition,writer-1,write,mr-0b32a7fd-51a0-4d9c-ba8d-4bb0100759c0,962,,,QUORUM,cassandra-1,True,False,4.853,2026-09-16T06:28:22.215621+00:00,
0b32a7fd-51a0-4d9c-ba8d-4bb0100759c0,monotonic_reads,network_partition,writer-1,write,mr-0b32a7fd-51a0-4d9c-ba8d-4bb0100759c0,963,,,QUORUM,cassandra-1,True,False,4.354,2026-09-16T06:28:22.243454+00:00,
0b32a7fd-51a0-4d9c-ba8d-4bb0100759c0,monotonic_reads,network_partition,writer-1,write,mr-0b32a7fd-51a0-4d9c-ba8d-4bb0100759c0,964,,,QUORUM,cassandra-1,True,False,5.157,2026-09-16T06:28:22.273812+00:00,
0b32a7fd-51a0-4d9c-ba8d-4bb0100759c0,monotonic_reads,network_partition,writer-1,write,mr-0b32a7fd-51a0-4d9c-ba8d-4bb0100759c0,965,,,QUORUM,cassandra-1,True,False,5.029,2026-09-16T06:28:22.303036+00:00,
0b32a7fd-51a0-4d9c-ba8d-4bb0100759c0,monotonic_reads,network_partition,writer-1,write,mr-0b32a7fd-51a0-4d9c-ba8d-4bb0100759c0,966,,,QUORUM,cassandra-1,True,False,4.503,2026-09-16T06:28:22.330901+00:00,
0b32a7fd-51a0-4d9c-ba8d-4bb0100759c0,monotonic_reads,network_partition,writer-1,write,mr-0b32a7fd-51a0-4d9c-ba8d-4bb0100759c0,967,,,QUORUM,cassandra-1,True,False,5.113,2026-09-16T06:28:22.359766+00:00,
0b32a7fd-51a0-4d9c-ba8d-4bb0100759c0,monotonic_reads,network_partition,writer-1,write,mr-0b32a7fd-51a0-4d9c-ba8d-4bb0100759c0,968,,,QUORUM,cassandra-1,True,False,4.929,2026-09-16T06:28:22.386976+00:00,
0b32a7fd-51a0-4d9c-ba8d-4bb0100759c0,monotonic_reads,network_partition,writer-1,write,mr-0b32a7fd-51a0-4d9c-ba8d-4bb0100759c0,969,,,QUORUM,cassandra-1,True,False,3.95,2026-09-16T06:28:22.415562+00:00,
0b32a7fd-51a0-4d9c-ba8d-4bb0100759c0,monotonic_reads,network_partition,writer-1,write,mr-0b32a7fd-51a0-4d9c-ba8d-4bb0100759c0,970,,,QUORUM,cassandra-1,True,False,5.207,2026-09-16T06:28:22.441884+00:00,
0b32a7fd-51a0-4d9c-ba8d-4bb0100759c0,monotonic_reads,network_partition,writer-1,write,mr-0b32a7fd-51a0-4d9c-ba8d-4bb0100759c0,971,,,QUORUM,cassandra-1,True,False,5.736,2026-09-16T06:28:22.470331+00:00,
0b32a7fd-51a0-4d9c-ba8d-4bb0100759c0,monotonic_reads,network_partition,writer-1,write,mr-0b32a7fd-51a0-4d9c-ba8d-4bb0100759c0,972,,,QUORUM,cassandra-1,True,False,4.04,2026-09-16T06:28:22.497714+00:00,
0b32a7fd-51a0-4d9c-ba8d-4bb0100759c0,monotonic_reads,network_partition,writer-1,write,mr-0b32a7fd-51a0-4d9c-ba8d-4bb0100759c0,973,,,QUORUM,cassandra-1,True,False,4.906,2026-09-16T06:28:22.525817+00:00,
0b32a7fd-51a0-4d9c-ba8d-4bb0100759c0,monotonic_reads,network_partition,writer-1,write,mr-0b32a7fd-51a0-4d9c-ba8d-4bb0100759c0,974,,,QUORUM,cassandra-1,True,False,5.383,2026-09-16T06:28:22.556012+00:00,
0b32a7fd-51a0-4d9c-ba8d-4bb0100759c0,monotonic_reads,network_partition,writer-1,write,mr-0b32a7fd-51a0-4d9c-ba8d-4bb0100759c0,975,,,QUORUM,cassandra-1,True,False,4.623,2026-09-16T06:28:22.585821+00:00,
0b32a7fd-51a0-4d9c-ba8d-4bb0100759c0,monotonic_reads,network_partition,writer-1,write,mr-0b32a7fd-51a0-4d9c-ba8d-4bb0100759c0,976,,,QUORUM,cassandra-1,True,False,4.217,2026-09-16T06:28:22.613708+00:00,
0b32a7fd-51a0-4d9c-ba8d-4bb0100759c0,monotonic_reads,network_partition,writer-1,write,mr-0b32a7fd-51a0-4d9c-ba8d-4bb0100759c0,977,,,QUORUM,cassandra-1,True,False,4.948,2026-09-16T06:28:22.639656+00:00,
0b32a7fd-51a0-4d9c-ba8d-4bb0100759c0,monotonic_reads,network_partition,writer-1,write,mr-0b32a7fd-51a0-4d9c-ba8d-4bb0100759c0,978,,,QUORUM,cassandra-1,True,False,4.184,2026-09-16T06:28:22.667843+00:00,
0b32a7fd-51a0-4d9c-ba8d-4bb0100759c0,monotonic_reads,network_partition,writer-1,write,mr-0b32a7fd-51a0-4d9c-ba8d-4bb0100759c0,979,,,QUORUM,cassandra-1,True,False,4.613,2026-09-16T06:28:22.695772+00:00,
0b32a7fd-51a0-4d9c-ba8d-4bb0100759c0,monotonic_reads,network_partition,writer-1,write,mr-0b32a7fd-51a0-4d9c-ba8d-4bb0100759c0,980,,,QUORUM,cassandra-1,True,False,4.932,2026-09-16T06:28:22.723079+00:00,
0b32a7fd-51a0-4d9c-ba8d-4bb0100759c0,monotonic_reads,network_partition,writer-1,write,mr-0b32a7fd-51a0-4d9c-ba8d-4bb0100759c0,981,,,QUORUM,cassandra-1,True,False,4.538,2026-09-16T06:28:22.752470+00:00,
0b32a7fd-51a0-4d9c-ba8d-4bb0100759c0,monotonic_reads,network_partition,writer-1,write,mr-0b32a7fd-51a0-4d9c-ba8d-4bb0100759c0,982,,,QUORUM,cassandra-1,True,False,4.963,2026-09-16T06:28:22.778612+00:00,
0b32a7fd-51a0-4d9c-ba8d-4bb0100759c0,monotonic_reads,network_partition,writer-1,write,mr-0b32a7fd-51a0-4d9c-ba8d-4bb0100759c0,983,,,QUORUM,cassandra-1,True,False,4.05,2026-09-16T06:28:22.806712+00:00,
0b32a7fd-51a0-4d9c-ba8d-4bb0100759c0,monotonic_reads,network_partition,writer-1,write,mr-0b32a7fd-51a0-4d9c-ba8d-4bb0100759c0,984,,,QUORUM,cassandra-1,True,False,6.602,2026-09-16T06:28:22.838619+00:00,
0b32a7fd-51a0-4d9c-ba8d-4bb0100759c0,monotonic_reads,network_partition,writer-1,write,mr-0b32a7fd-51a0-4d9c-ba8d-4bb0100759c0,985,,,QUORUM,cassandra-1,True,False,4.754,2026-09-16T06:28:22.869122+00:00,
0b32a7fd-51a0-4d9c-ba8d-4bb0100759c0,monotonic_reads,network_partition,writer-1,write,mr-0b32a7fd-51a0-4d9c-ba8d-4bb0100759c0,986,,,QUORUM,cassandra-1,True,False,5.247,2026-09-16T06:28:22.895918+00:00,
0b32a7fd-51a0-4d9c-ba8d-4bb0100759c0,monotonic_reads,network_partition,writer-1,write,mr-0b32a7fd-51a0-4d9c-ba8d-4bb0100759c0,987,,,QUORUM,cassandra-1,True,False,4.426,2026-09-16T06:28:22.923667+00:00,
0b32a7fd-51a0-4d9c-ba8d-4bb0100759c0,monotonic_reads,network_partition,writer-1,write,mr-0b32a7fd-51a0-4d9c-ba8d-4bb0100759c0,988,,,QUORUM,cassandra-1,True,False,5.229,2026-09-16T06:28:22.950895+00:00,
0b32a7fd-51a0-4d9c-ba8d-4bb0100759c0,monotonic_reads,network_partition,writer-1,write,mr-0b32a7fd-51a0-4d9c-ba8d-4bb0100759c0,989,,,QUORUM,cassandra-1,True,False,4.557,2026-09-16T06:28:22.977777+00:00,
0b32a7fd-51a0-4d9c-ba8d-4bb0100759c0,monotonic_reads,network_partition,writer-1,write,mr-0b32a7fd-51a0-4d9c-ba8d-4bb0100759c0,990,,,QUORUM,cassandra-1,True,False,5.026,2026-09-16T06:28:23.007682+00:00,
0b32a7fd-51a0-4d9c-ba8d-4bb0100759c0,monotonic_reads,network_partition,writer-1,write,mr-0b32a7fd-51a0-4d9c-ba8d-4bb0100759c0,991,,,QUORUM,cassandra-1,True,False,5.077,2026-09-16T06:28:23.037991+00:00,
0b32a7fd-51a0-4d9c-ba8d-4bb0100759c0,monotonic_reads,network_partition,writer-1,write,mr-0b32a7fd-51a0-4d9c-ba8d-4bb0100759c0,992,,,QUORUM,cassandra-1,True,False,4.889,2026-09-16T06:28:23.068045+00:00,
0b32a7fd-51a0-4d9c-ba8d-4bb0100759c0,monotonic_reads,network_partition,writer-1,write,mr-0b32a7fd-51a0-4d9c-ba8d-4bb0100759c0,993,,,QUORUM,cassandra-1,True,False,4.809,2026-09-16T06:28:23.093908+00:00,
0b32a7fd-51a0-4d9c-ba8d-4bb0100759c0,monotonic_reads,network_partition,writer-1,write,mr-0b32a7fd-51a0-4d9c-ba8d-4bb0100759c0,994,,,QUORUM,cassandra-1,True,False,5.131,2026-09-16T06:28:23.124017+00:00,
0b32a7fd-51a0-4d9c-ba8d-4bb0100759c0,monotonic_reads,network_partition,writer-1,write,mr-0b32a7fd-51a0-4d9c-ba8d-4bb0100759c0,995,,,QUORUM,cassandra-1,True,False,4.78,2026-09-16T06:28:23.153698+00:00,
0b32a7fd-51a0-4d9c-ba8d-4bb0100759c0,monotonic_reads,network_partition,writer-1,write,mr-0b32a7fd-51a0-4d9c-ba8d-4bb0100759c0,996,,,QUORUM,cassandra-1,True,False,9.723,2026-09-16T06:28:23.183864+00:00,
0b32a7fd-51a0-4d9c-ba8d-4bb0100759c0,monotonic_reads,network_partition,writer-1,write,mr-0b32a7fd-51a0-4d9c-ba8d-4bb0100759c0,997,,,QUORUM,cassandra-1,True,False,4.752,2026-09-16T06:28:23.213693+00:00,
0b32a7fd-51a0-4d9c-ba8d-4bb0100759c0,monotonic_reads,network_partition,writer-1,write,mr-0b32a7fd-51a0-4d9c-ba8d-4bb0100759c0,998,,,QUORUM,cassandra-1,True,False,4.489,2026-09-16T06:28:23.242577+00:00,
0b32a7fd-51a0-4d9c-ba8d-4bb0100759c0,monotonic_reads,network_partition,writer-1,write,mr-0b32a7fd-51a0-4d9c-ba8d-4bb0100759c0,999,,,QUORUM,cassandra-1,True,False,5.083,2026-09-16T06:28:23.271769+00:00,
0b32a7fd-51a0-4d9c-ba8d-4bb0100759c0,monotonic_reads,network_partition,writer-1,write,mr-0b32a7fd-51a0-4d9c-ba8d-4bb0100759c0,1000,,,QUORUM,cassandra-1,True,False,5.109,2026-09-16T06:28:23.302127+00:00,
0b32a7fd-51a0-4d9c-ba8d-4bb0100759c0,monotonic_reads,network_partition,writer-1,write,mr-0b32a7fd-51a0-4d9c-ba8d-4bb0100759c0,1001,,,QUORUM,cassandra-1,True,False,5.596,2026-09-16T06:28:23.332779+00:00,
0b32a7fd-51a0-4d9c-ba8d-4bb0100759c0,monotonic_reads,network_partition,writer-1,write,mr-0b32a7fd-51a0-4d9c-ba8d-4bb0100759c0,1002,,,QUORUM,cassandra-1,True,False,4.955,2026-09-16T06:28:23.362981+00:00,
0b32a7fd-51a0-4d9c-ba8d-4bb0100759c0,monotonic_reads,network_partition,writer-1,write,mr-0b32a7fd-51a0-4d9c-ba8d-4bb0100759c0,1003,,,QUORUM,cassandra-1,True,False,5.893,2026-09-16T06:28:23.391873+00:00,
0b32a7fd-51a0-4d9c-ba8d-4bb0100759c0,monotonic_reads,network_partition,writer-1,write,mr-0b32a7fd-51a0-4d9c-ba8d-4bb0100759c0,1004,,,QUORUM,cassandra-1,True,False,4.974,2026-09-16T06:28:23.418544+00:00,
0b32a7fd-51a0-4d9c-ba8d-4bb0100759c0,monotonic_reads,network_partition,writer-1,write,mr-0b32a7fd-51a0-4d9c-ba8d-4bb0100759c0,1005,,,QUORUM,cassandra-1,True,False,4.498,2026-09-16T06:28:23.444640+00:00,
0b32a7fd-51a0-4d9c-ba8d-4bb0100759c0,monotonic_reads,network_partition,writer-1,write,mr-0b32a7fd-51a0-4d9c-ba8d-4bb0100759c0,1006,,,QUORUM,cassandra-1,True,False,4.443,2026-09-16T06:28:23.473584+00:00,
0b32a7fd-51a0-4d9c-ba8d-4bb0100759c0,monotonic_reads,network_partition,writer-1,write,mr-0b32a7fd-51a0-4d9c-ba8d-4bb0100759c0,1007,,,QUORUM,cassandra-1,True,False,5.078,2026-09-16T06:28:23.503070+00:00,
0b32a7fd-51a0-4d9c-ba8d-4bb0100759c0,monotonic_reads,network_partition,writer-1,write,mr-0b32a7fd-51a0-4d9c-ba8d-4bb0100759c0,1008,,,QUORUM,cassandra-1,True,False,4.277,2026-09-16T06:28:23.531756+00:00,
0b32a7fd-51a0-4d9c-ba8d-4bb0100759c0,monotonic_reads,network_partition,writer-1,write,mr-0b32a7fd-51a0-4d9c-ba8d-4bb0100759c0,1009,,,QUORUM,cassandra-1,True,False,4.928,2026-09-16T06:28:23.558679+00:00,
0b32a7fd-51a0-4d9c-ba8d-4bb0100759c0,monotonic_reads,network_partition,writer-1,write,mr-0b32a7fd-51a0-4d9c-ba8d-4bb0100759c0,1010,,,QUORUM,cassandra-1,True,False,4.718,2026-09-16T06:28:23.586272+00:00,
0b32a7fd-51a0-4d9c-ba8d-4bb0100759c0,monotonic_reads,network_partition,writer-1,write,mr-0b32a7fd-51a0-4d9c-ba8d-4bb0100759c0,1011,,,QUORUM,cassandra-1,True,False,5.083,2026-09-16T06:28:23.615784+00:00,
0b32a7fd-51a0-4d9c-ba8d-4bb0100759c0,monotonic_reads,network_partition,writer-1,write,mr-0b32a7fd-51a0-4d9c-ba8d-4bb0100759c0,1012,,,QUORUM,cassandra-1,True,False,4.673,2026-09-16T06:28:23.642580+00:00,
0b32a7fd-51a0-4d9c-ba8d-4bb0100759c0,monotonic_reads,network_partition,writer-1,write,mr-0b32a7fd-51a0-4d9c-ba8d-4bb0100759c0,1013,,,QUORUM,cassandra-1,True,False,4.651,2026-09-16T06:28:23.670692+00:00,
0b32a7fd-51a0-4d9c-ba8d-4bb0100759c0,monotonic_reads,network_partition,writer-1,write,mr-0b32a7fd-51a0-4d9c-ba8d-4bb0100759c0,1014,,,QUORUM,cassandra-1,True,False,4.654,2026-09-16T06:28:23.696798+00:00,
0b32a7fd-51a0-4d9c-ba8d-4bb0100759c0,monotonic_reads,network_partition,writer-1,write,mr-0b32a7fd-51a0-4d9c-ba8d-4bb0100759c0,1015,,,QUORUM,cassandra-1,True,False,5.192,2026-09-16T06:28:23.725999+00:00,
0b32a7fd-51a0-4d9c-ba8d-4bb0100759c0,monotonic_reads,network_partition,writer-1,write,mr-0b32a7fd-51a0-4d9c-ba8d-4bb0100759c0,1016,,,QUORUM,cassandra-1,True,False,3.552,2026-09-16T06:28:23.754159+00:00,
0b32a7fd-51a0-4d9c-ba8d-4bb0100759c0,monotonic_reads,network_partition,writer-1,write,mr-0b32a7fd-51a0-4d9c-ba8d-4bb0100759c0,1017,,,QUORUM,cassandra-1,True,False,4.397,2026-09-16T06:28:23.783695+00:00,
0b32a7fd-51a0-4d9c-ba8d-4bb0100759c0,monotonic_reads,network_partition,writer-1,write,mr-0b32a7fd-51a0-4d9c-ba8d-4bb0100759c0,1018,,,QUORUM,cassandra-1,True,False,5.103,2026-09-16T06:28:23.812744+00:00,
0b32a7fd-51a0-4d9c-ba8d-4bb0100759c0,monotonic_reads,network_partition,writer-1,write,mr-0b32a7fd-51a0-4d9c-ba8d-4bb0100759c0,1019,,,QUORUM,cassandra-1,True,False,5.877,2026-09-16T06:28:23.842818+00:00,
0b32a7fd-51a0-4d9c-ba8d-4bb0100759c0,monotonic_reads,network_partition,writer-1,write,mr-0b32a7fd-51a0-4d9c-ba8d-4bb0100759c0,1020,,,QUORUM,cassandra-1,True,False,5.157,2026-09-16T06:28:23.871905+00:00,
0b32a7fd-51a0-4d9c-ba8d-4bb0100759c0,monotonic_reads,network_partition,writer-1,write,mr-0b32a7fd-51a0-4d9c-ba8d-4bb0100759c0,1021,,,QUORUM,cassandra-1,True,False,4.631,2026-09-16T06:28:23.901770+00:00,
0b32a7fd-51a0-4d9c-ba8d-4bb0100759c0,monotonic_reads,network_partition,writer-1,write,mr-0b32a7fd-51a0-4d9c-ba8d-4bb0100759c0,1022,,,QUORUM,cassandra-1,True,False,5.034,2026-09-16T06:28:23.931698+00:00,
0b32a7fd-51a0-4d9c-ba8d-4bb0100759c0,monotonic_reads,network_partition,writer-1,write,mr-0b32a7fd-51a0-4d9c-ba8d-4bb0100759c0,1023,,,QUORUM,cassandra-1,True,False,4.192,2026-09-16T06:28:23.960600+00:00,
0b32a7fd-51a0-4d9c-ba8d-4bb0100759c0,monotonic_reads,network_partition,writer-1,write,mr-0b32a7fd-51a0-4d9c-ba8d-4bb0100759c0,1024,,,QUORUM,cassandra-1,True,False,5.014,2026-09-16T06:28:23.987736+00:00,
0b32a7fd-51a0-4d9c-ba8d-4bb0100759c0,monotonic_reads,network_partition,writer-1,write,mr-0b32a7fd-51a0-4d9c-ba8d-4bb0100759c0,1025,,,QUORUM,cassandra-1,True,False,4.42,2026-09-16T06:28:24.013901+00:00,
0b32a7fd-51a0-4d9c-ba8d-4bb0100759c0,monotonic_reads,network_partition,writer-1,write,mr-0b32a7fd-51a0-4d9c-ba8d-4bb0100759c0,1026,,,QUORUM,cassandra-1,True,False,4.856,2026-09-16T06:28:24.042850+00:00,
0b32a7fd-51a0-4d9c-ba8d-4bb0100759c0,monotonic_reads,network_partition,writer-1,write,mr-0b32a7fd-51a0-4d9c-ba8d-4bb0100759c0,1027,,,QUORUM,cassandra-1,True,False,5.174,2026-09-16T06:28:24.070323+00:00,
0b32a7fd-51a0-4d9c-ba8d-4bb0100759c0,monotonic_reads,network_partition,writer-1,write,mr-0b32a7fd-51a0-4d9c-ba8d-4bb0100759c0,1028,,,QUORUM,cassandra-1,True,False,5.265,2026-09-16T06:28:24.095908+00:00,
0b32a7fd-51a0-4d9c-ba8d-4bb0100759c0,monotonic_reads,network_partition,writer-1,write,mr-0b32a7fd-51a0-4d9c-ba8d-4bb0100759c0,1029,,,QUORUM,cassandra-1,True,False,5.093,2026-09-16T06:28:24.125669+00:00,
0b32a7fd-51a0-4d9c-ba8d-4bb0100759c0,monotonic_reads,network_partition,writer-1,write,mr-0b32a7fd-51a0-4d9c-ba8d-4bb0100759c0,1030,,,QUORUM,cassandra-1,True,False,4.865,2026-09-16T06:28:24.153598+00:00,
0b32a7fd-51a0-4d9c-ba8d-4bb0100759c0,monotonic_reads,network_partition,writer-1,write,mr-0b32a7fd-51a0-4d9c-ba8d-4bb0100759c0,1031,,,QUORUM,cassandra-1,True,False,5.194,2026-09-16T06:28:24.183881+00:00,
0b32a7fd-51a0-4d9c-ba8d-4bb0100759c0,monotonic_reads,network_partition,writer-1,write,mr-0b32a7fd-51a0-4d9c-ba8d-4bb0100759c0,1032,,,QUORUM,cassandra-1,True,False,4.837,2026-09-16T06:28:24.210478+00:00,
0b32a7fd-51a0-4d9c-ba8d-4bb0100759c0,monotonic_reads,network_partition,writer-1,write,mr-0b32a7fd-51a0-4d9c-ba8d-4bb0100759c0,1033,,,QUORUM,cassandra-1,True,False,4.753,2026-09-16T06:28:24.238798+00:00,
0b32a7fd-51a0-4d9c-ba8d-4bb0100759c0,monotonic_reads,network_partition,writer-1,write,mr-0b32a7fd-51a0-4d9c-ba8d-4bb0100759c0,1034,,,QUORUM,cassandra-1,True,False,4.933,2026-09-16T06:28:24.267595+00:00,
0b32a7fd-51a0-4d9c-ba8d-4bb0100759c0,monotonic_reads,network_partition,writer-1,write,mr-0b32a7fd-51a0-4d9c-ba8d-4bb0100759c0,1035,,,QUORUM,cassandra-1,True,False,5.657,2026-09-16T06:28:24.294684+00:00,
0b32a7fd-51a0-4d9c-ba8d-4bb0100759c0,monotonic_reads,network_partition,writer-1,write,mr-0b32a7fd-51a0-4d9c-ba8d-4bb0100759c0,1036,,,QUORUM,cassandra-1,True,False,4.625,2026-09-16T06:28:24.323671+00:00,
0b32a7fd-51a0-4d9c-ba8d-4bb0100759c0,monotonic_reads,network_partition,writer-1,write,mr-0b32a7fd-51a0-4d9c-ba8d-4bb0100759c0,1037,,,QUORUM,cassandra-1,True,False,5.428,2026-09-16T06:28:24.350875+00:00,
0b32a7fd-51a0-4d9c-ba8d-4bb0100759c0,monotonic_reads,network_partition,writer-1,write,mr-0b32a7fd-51a0-4d9c-ba8d-4bb0100759c0,1038,,,QUORUM,cassandra-1,True,False,3.888,2026-09-16T06:28:24.375551+00:00,
0b32a7fd-51a0-4d9c-ba8d-4bb0100759c0,monotonic_reads,network_partition,writer-1,write,mr-0b32a7fd-51a0-4d9c-ba8d-4bb0100759c0,1039,,,QUORUM,cassandra-1,True,False,3.874,2026-09-16T06:28:24.402403+00:00,
0b32a7fd-51a0-4d9c-ba8d-4bb0100759c0,monotonic_reads,network_partition,writer-1,write,mr-0b32a7fd-51a0-4d9c-ba8d-4bb0100759c0,1040,,,QUORUM,cassandra-1,True,False,4.289,2026-09-16T06:28:24.430800+00:00,
0b32a7fd-51a0-4d9c-ba8d-4bb0100759c0,monotonic_reads,network_partition,writer-1,write,mr-0b32a7fd-51a0-4d9c-ba8d-4bb0100759c0,1041,,,QUORUM,cassandra-1,True,False,4.675,2026-09-16T06:28:24.459737+00:00,
0b32a7fd-51a0-4d9c-ba8d-4bb0100759c0,monotonic_reads,network_partition,writer-1,write,mr-0b32a7fd-51a0-4d9c-ba8d-4bb0100759c0,1042,,,QUORUM,cassandra-1,True,False,4.563,2026-09-16T06:28:24.488528+00:00,
0b32a7fd-51a0-4d9c-ba8d-4bb0100759c0,monotonic_reads,network_partition,writer-1,write,mr-0b32a7fd-51a0-4d9c-ba8d-4bb0100759c0,1043,,,QUORUM,cassandra-1,True,False,4.635,2026-09-16T06:28:24.516811+00:00,
0b32a7fd-51a0-4d9c-ba8d-4bb0100759c0,monotonic_reads,network_partition,writer-1,write,mr-0b32a7fd-51a0-4d9c-ba8d-4bb0100759c0,1044,,,QUORUM,cassandra-1,True,False,5.089,2026-09-16T06:28:24.543731+00:00,
0b32a7fd-51a0-4d9c-ba8d-4bb0100759c0,monotonic_reads,network_partition,writer-1,write,mr-0b32a7fd-51a0-4d9c-ba8d-4bb0100759c0,1045,,,QUORUM,cassandra-1,True,False,4.521,2026-09-16T06:28:24.572872+00:00,
0b32a7fd-51a0-4d9c-ba8d-4bb0100759c0,monotonic_reads,network_partition,writer-1,write,mr-0b32a7fd-51a0-4d9c-ba8d-4bb0100759c0,1046,,,QUORUM,cassandra-1,True,False,4.605,2026-09-16T06:28:24.602607+00:00,
0b32a7fd-51a0-4d9c-ba8d-4bb0100759c0,monotonic_reads,network_partition,writer-1,write,mr-0b32a7fd-51a0-4d9c-ba8d-4bb0100759c0,1047,,,QUORUM,cassandra-1,True,False,5.034,2026-09-16T06:28:24.628690+00:00,
0b32a7fd-51a0-4d9c-ba8d-4bb0100759c0,monotonic_reads,network_partition,writer-1,write,mr-0b32a7fd-51a0-4d9c-ba8d-4bb0100759c0,1048,,,QUORUM,cassandra-1,True,False,3.424,2026-09-16T06:28:24.655606+00:00,
0b32a7fd-51a0-4d9c-ba8d-4bb0100759c0,monotonic_reads,network_partition,writer-1,write,mr-0b32a7fd-51a0-4d9c-ba8d-4bb0100759c0,1049,,,QUORUM,cassandra-1,True,False,4.86,2026-09-16T06:28:24.684616+00:00,
0b32a7fd-51a0-4d9c-ba8d-4bb0100759c0,monotonic_reads,network_partition,writer-1,write,mr-0b32a7fd-51a0-4d9c-ba8d-4bb0100759c0,1050,,,QUORUM,cassandra-1,True,False,5.367,2026-09-16T06:28:24.714838+00:00,
0b32a7fd-51a0-4d9c-ba8d-4bb0100759c0,monotonic_reads,network_partition,writer-1,write,mr-0b32a7fd-51a0-4d9c-ba8d-4bb0100759c0,1051,,,QUORUM,cassandra-1,True,False,4.837,2026-09-16T06:28:24.742841+00:00,
0b32a7fd-51a0-4d9c-ba8d-4bb0100759c0,monotonic_reads,network_partition,writer-1,write,mr-0b32a7fd-51a0-4d9c-ba8d-4bb0100759c0,1052,,,QUORUM,cassandra-1,True,False,3.154,2026-09-16T06:28:24.771200+00:00,
0b32a7fd-51a0-4d9c-ba8d-4bb0100759c0,monotonic_reads,network_partition,writer-1,write,mr-0b32a7fd-51a0-4d9c-ba8d-4bb0100759c0,1053,,,QUORUM,cassandra-1,True,False,4.502,2026-09-16T06:28:24.799550+00:00,
0b32a7fd-51a0-4d9c-ba8d-4bb0100759c0,monotonic_reads,network_partition,writer-1,write,mr-0b32a7fd-51a0-4d9c-ba8d-4bb0100759c0,1054,,,QUORUM,cassandra-1,True,False,3.928,2026-09-16T06:28:24.826455+00:00,
0b32a7fd-51a0-4d9c-ba8d-4bb0100759c0,monotonic_reads,network_partition,writer-1,write,mr-0b32a7fd-51a0-4d9c-ba8d-4bb0100759c0,1055,,,QUORUM,cassandra-1,True,False,5.001,2026-09-16T06:28:24.856634+00:00,
0b32a7fd-51a0-4d9c-ba8d-4bb0100759c0,monotonic_reads,network_partition,writer-1,write,mr-0b32a7fd-51a0-4d9c-ba8d-4bb0100759c0,1056,,,QUORUM,cassandra-1,True,False,5.131,2026-09-16T06:28:24.882784+00:00,
0b32a7fd-51a0-4d9c-ba8d-4bb0100759c0,monotonic_reads,network_partition,writer-1,write,mr-0b32a7fd-51a0-4d9c-ba8d-4bb0100759c0,1057,,,QUORUM,cassandra-1,True,False,5.135,2026-09-16T06:28:24.908698+00:00,
0b32a7fd-51a0-4d9c-ba8d-4bb0100759c0,monotonic_reads,network_partition,writer-1,write,mr-0b32a7fd-51a0-4d9c-ba8d-4bb0100759c0,1058,,,QUORUM,cassandra-1,True,False,5.059,2026-09-16T06:28:24.935710+00:00,
0b32a7fd-51a0-4d9c-ba8d-4bb0100759c0,monotonic_reads,network_partition,writer-1,write,mr-0b32a7fd-51a0-4d9c-ba8d-4bb0100759c0,1059,,,QUORUM,cassandra-1,True,False,4.092,2026-09-16T06:28:24.963553+00:00,
0b32a7fd-51a0-4d9c-ba8d-4bb0100759c0,monotonic_reads,network_partition,writer-1,write,mr-0b32a7fd-51a0-4d9c-ba8d-4bb0100759c0,1060,,,QUORUM,cassandra-1,True,False,5.023,2026-09-16T06:28:24.992617+00:00,
0b32a7fd-51a0-4d9c-ba8d-4bb0100759c0,monotonic_reads,network_partition,writer-1,write,mr-0b32a7fd-51a0-4d9c-ba8d-4bb0100759c0,1061,,,QUORUM,cassandra-1,True,False,5.073,2026-09-16T06:28:25.022922+00:00,
0b32a7fd-51a0-4d9c-ba8d-4bb0100759c0,monotonic_reads,network_partition,writer-1,write,mr-0b32a7fd-51a0-4d9c-ba8d-4bb0100759c0,1062,,,QUORUM,cassandra-1,True,False,5.283,2026-09-16T06:28:25.049936+00:00,
0b32a7fd-51a0-4d9c-ba8d-4bb0100759c0,monotonic_reads,network_partition,writer-1,write,mr-0b32a7fd-51a0-4d9c-ba8d-4bb0100759c0,1063,,,QUORUM,cassandra-1,True,False,4.633,2026-09-16T06:28:25.077775+00:00,
0b32a7fd-51a0-4d9c-ba8d-4bb0100759c0,monotonic_reads,network_partition,writer-1,write,mr-0b32a7fd-51a0-4d9c-ba8d-4bb0100759c0,1064,,,QUORUM,cassandra-1,True,False,5.039,2026-09-16T06:28:25.103688+00:00,
0b32a7fd-51a0-4d9c-ba8d-4bb0100759c0,monotonic_reads,network_partition,writer-1,write,mr-0b32a7fd-51a0-4d9c-ba8d-4bb0100759c0,1065,,,QUORUM,cassandra-1,True,False,5.249,2026-09-16T06:28:25.131890+00:00,
0b32a7fd-51a0-4d9c-ba8d-4bb0100759c0,monotonic_reads,network_partition,writer-1,write,mr-0b32a7fd-51a0-4d9c-ba8d-4bb0100759c0,1066,,,QUORUM,cassandra-1,True,False,5.109,2026-09-16T06:28:25.158674+00:00,
0b32a7fd-51a0-4d9c-ba8d-4bb0100759c0,monotonic_reads,network_partition,writer-1,write,mr-0b32a7fd-51a0-4d9c-ba8d-4bb0100759c0,1067,,,QUORUM,cassandra-1,True,False,4.67,2026-09-16T06:28:25.184827+00:00,
0b32a7fd-51a0-4d9c-ba8d-4bb0100759c0,monotonic_reads,network_partition,writer-1,write,mr-0b32a7fd-51a0-4d9c-ba8d-4bb0100759c0,1068,,,QUORUM,cassandra-1,True,False,5.061,2026-09-16T06:28:25.211717+00:00,
0b32a7fd-51a0-4d9c-ba8d-4bb0100759c0,monotonic_reads,network_partition,writer-1,write,mr-0b32a7fd-51a0-4d9c-ba8d-4bb0100759c0,1069,,,QUORUM,cassandra-1,True,False,5.126,2026-09-16T06:28:25.240874+00:00,
0b32a7fd-51a0-4d9c-ba8d-4bb0100759c0,monotonic_reads,network_partition,writer-1,write,mr-0b32a7fd-51a0-4d9c-ba8d-4bb0100759c0,1070,,,QUORUM,cassandra-1,True,False,5.05,2026-09-16T06:28:25.270744+00:00,
0b32a7fd-51a0-4d9c-ba8d-4bb0100759c0,monotonic_reads,network_partition,writer-1,write,mr-0b32a7fd-51a0-4d9c-ba8d-4bb0100759c0,1071,,,QUORUM,cassandra-1,True,False,4.835,2026-09-16T06:28:25.297768+00:00,
0b32a7fd-51a0-4d9c-ba8d-4bb0100759c0,monotonic_reads,network_partition,writer-1,write,mr-0b32a7fd-51a0-4d9c-ba8d-4bb0100759c0,1072,,,QUORUM,cassandra-1,True,False,4.768,2026-09-16T06:28:25.327603+00:00,
0b32a7fd-51a0-4d9c-ba8d-4bb0100759c0,monotonic_reads,network_partition,writer-1,write,mr-0b32a7fd-51a0-4d9c-ba8d-4bb0100759c0,1073,,,QUORUM,cassandra-1,True,False,5.239,2026-09-16T06:28:25.356873+00:00,
0b32a7fd-51a0-4d9c-ba8d-4bb0100759c0,monotonic_reads,network_partition,writer-1,write,mr-0b32a7fd-51a0-4d9c-ba8d-4bb0100759c0,1074,,,QUORUM,cassandra-1,True,False,5.37,2026-09-16T06:28:25.386068+00:00,
0b32a7fd-51a0-4d9c-ba8d-4bb0100759c0,monotonic_reads,network_partition,writer-1,write,mr-0b32a7fd-51a0-4d9c-ba8d-4bb0100759c0,1075,,,QUORUM,cassandra-1,True,False,5.13,2026-09-16T06:28:25.412764+00:00,
0b32a7fd-51a0-4d9c-ba8d-4bb0100759c0,monotonic_reads,network_partition,writer-1,write,mr-0b32a7fd-51a0-4d9c-ba8d-4bb0100759c0,1076,,,QUORUM,cassandra-1,True,False,3.445,2026-09-16T06:28:25.441439+00:00,
0b32a7fd-51a0-4d9c-ba8d-4bb0100759c0,monotonic_reads,network_partition,writer-1,write,mr-0b32a7fd-51a0-4d9c-ba8d-4bb0100759c0,1077,,,QUORUM,cassandra-1,True,False,2.92,2026-09-16T06:28:25.468063+00:00,
0b32a7fd-51a0-4d9c-ba8d-4bb0100759c0,monotonic_reads,network_partition,writer-1,write,mr-0b32a7fd-51a0-4d9c-ba8d-4bb0100759c0,1078,,,QUORUM,cassandra-1,True,False,1.834,2026-09-16T06:28:25.495003+00:00,
0b32a7fd-51a0-4d9c-ba8d-4bb0100759c0,monotonic_reads,network_partition,writer-1,write,mr-0b32a7fd-51a0-4d9c-ba8d-4bb0100759c0,1079,,,QUORUM,cassandra-1,True,False,2.831,2026-09-16T06:28:25.521936+00:00,
0b32a7fd-51a0-4d9c-ba8d-4bb0100759c0,monotonic_reads,network_partition,writer-1,write,mr-0b32a7fd-51a0-4d9c-ba8d-4bb0100759c0,1080,,,QUORUM,cassandra-1,True,False,1.909,2026-09-16T06:28:25.548933+00:00,
0b32a7fd-51a0-4d9c-ba8d-4bb0100759c0,monotonic_reads,network_partition,writer-1,write,mr-0b32a7fd-51a0-4d9c-ba8d-4bb0100759c0,1081,,,QUORUM,cassandra-1,True,False,2.151,2026-09-16T06:28:25.573814+00:00,
0b32a7fd-51a0-4d9c-ba8d-4bb0100759c0,monotonic_reads,network_partition,writer-1,write,mr-0b32a7fd-51a0-4d9c-ba8d-4bb0100759c0,1082,,,QUORUM,cassandra-1,True,False,1.966,2026-09-16T06:28:25.599939+00:00,
0b32a7fd-51a0-4d9c-ba8d-4bb0100759c0,monotonic_reads,network_partition,writer-1,write,mr-0b32a7fd-51a0-4d9c-ba8d-4bb0100759c0,1083,,,QUORUM,cassandra-1,True,False,2.362,2026-09-16T06:28:25.627079+00:00,
0b32a7fd-51a0-4d9c-ba8d-4bb0100759c0,monotonic_reads,network_partition,writer-1,write,mr-0b32a7fd-51a0-4d9c-ba8d-4bb0100759c0,1084,,,QUORUM,cassandra-1,True,False,2.453,2026-09-16T06:28:25.652919+00:00,
0b32a7fd-51a0-4d9c-ba8d-4bb0100759c0,monotonic_reads,network_partition,writer-1,write,mr-0b32a7fd-51a0-4d9c-ba8d-4bb0100759c0,1085,,,QUORUM,cassandra-1,True,False,2.714,2026-09-16T06:28:25.676965+00:00,
0b32a7fd-51a0-4d9c-ba8d-4bb0100759c0,monotonic_reads,network_partition,writer-1,write,mr-0b32a7fd-51a0-4d9c-ba8d-4bb0100759c0,1086,,,QUORUM,cassandra-1,True,False,2.653,2026-09-16T06:28:25.704249+00:00,
0b32a7fd-51a0-4d9c-ba8d-4bb0100759c0,monotonic_reads,network_partition,writer-1,write,mr-0b32a7fd-51a0-4d9c-ba8d-4bb0100759c0,1087,,,QUORUM,cassandra-1,True,False,4.127,2026-09-16T06:28:25.730226+00:00,
0b32a7fd-51a0-4d9c-ba8d-4bb0100759c0,monotonic_reads,network_partition,writer-1,write,mr-0b32a7fd-51a0-4d9c-ba8d-4bb0100759c0,1088,,,QUORUM,cassandra-1,True,False,2.77,2026-09-16T06:28:25.755162+00:00,
0b32a7fd-51a0-4d9c-ba8d-4bb0100759c0,monotonic_reads,network_partition,writer-1,write,mr-0b32a7fd-51a0-4d9c-ba8d-4bb0100759c0,1089,,,QUORUM,cassandra-1,True,False,3.431,2026-09-16T06:28:25.780177+00:00,
0b32a7fd-51a0-4d9c-ba8d-4bb0100759c0,monotonic_reads,network_partition,writer-1,write,mr-0b32a7fd-51a0-4d9c-ba8d-4bb0100759c0,1090,,,QUORUM,cassandra-1,True,False,2.364,2026-09-16T06:28:25.804000+00:00,
0b32a7fd-51a0-4d9c-ba8d-4bb0100759c0,monotonic_reads,network_partition,writer-1,write,mr-0b32a7fd-51a0-4d9c-ba8d-4bb0100759c0,1091,,,QUORUM,cassandra-1,True,False,1.971,2026-09-16T06:28:25.831090+00:00,
0b32a7fd-51a0-4d9c-ba8d-4bb0100759c0,monotonic_reads,network_partition,writer-1,write,mr-0b32a7fd-51a0-4d9c-ba8d-4bb0100759c0,1092,,,QUORUM,cassandra-1,True,False,2.41,2026-09-16T06:28:25.854051+00:00,
0b32a7fd-51a0-4d9c-ba8d-4bb0100759c0,monotonic_reads,network_partition,writer-1,write,mr-0b32a7fd-51a0-4d9c-ba8d-4bb0100759c0,1093,,,QUORUM,cassandra-1,True,False,1.91,2026-09-16T06:28:25.879902+00:00,
0b32a7fd-51a0-4d9c-ba8d-4bb0100759c0,monotonic_reads,network_partition,writer-1,write,mr-0b32a7fd-51a0-4d9c-ba8d-4bb0100759c0,1094,,,QUORUM,cassandra-1,True,False,2.39,2026-09-16T06:28:25.904016+00:00,
0b32a7fd-51a0-4d9c-ba8d-4bb0100759c0,monotonic_reads,network_partition,writer-1,write,mr-0b32a7fd-51a0-4d9c-ba8d-4bb0100759c0,1095,,,QUORUM,cassandra-1,True,False,1.952,2026-09-16T06:28:25.930083+00:00,
0b32a7fd-51a0-4d9c-ba8d-4bb0100759c0,monotonic_reads,network_partition,writer-1,write,mr-0b32a7fd-51a0-4d9c-ba8d-4bb0100759c0,1096,,,QUORUM,cassandra-1,True,False,3.402,2026-09-16T06:28:25.954074+00:00,
0b32a7fd-51a0-4d9c-ba8d-4bb0100759c0,monotonic_reads,network_partition,writer-1,write,mr-0b32a7fd-51a0-4d9c-ba8d-4bb0100759c0,1097,,,QUORUM,cassandra-1,True,False,3.203,2026-09-16T06:28:25.982483+00:00,
0b32a7fd-51a0-4d9c-ba8d-4bb0100759c0,monotonic_reads,network_partition,writer-1,write,mr-0b32a7fd-51a0-4d9c-ba8d-4bb0100759c0,1098,,,QUORUM,cassandra-1,True,False,4.601,2026-09-16T06:28:26.009561+00:00,
0b32a7fd-51a0-4d9c-ba8d-4bb0100759c0,monotonic_reads,network_partition,writer-1,write,mr-0b32a7fd-51a0-4d9c-ba8d-4bb0100759c0,1099,,,QUORUM,cassandra-1,True,False,7.382,2026-09-16T06:28:26.043264+00:00,
0b32a7fd-51a0-4d9c-ba8d-4bb0100759c0,monotonic_reads,network_partition,writer-1,write,mr-0b32a7fd-51a0-4d9c-ba8d-4bb0100759c0,1100,,,QUORUM,cassandra-1,True,False,4.555,2026-09-16T06:28:26.072723+00:00,
0b32a7fd-51a0-4d9c-ba8d-4bb0100759c0,monotonic_reads,network_partition,writer-1,write,mr-0b32a7fd-51a0-4d9c-ba8d-4bb0100759c0,1101,,,QUORUM,cassandra-1,True,False,6.4,2026-09-16T06:28:26.101082+00:00,
0b32a7fd-51a0-4d9c-ba8d-4bb0100759c0,monotonic_reads,network_partition,writer-1,write,mr-0b32a7fd-51a0-4d9c-ba8d-4bb0100759c0,1102,,,QUORUM,cassandra-1,True,False,4.414,2026-09-16T06:28:26.128686+00:00,
0b32a7fd-51a0-4d9c-ba8d-4bb0100759c0,monotonic_reads,network_partition,writer-1,write,mr-0b32a7fd-51a0-4d9c-ba8d-4bb0100759c0,1103,,,QUORUM,cassandra-1,True,False,4.361,2026-09-16T06:28:26.154529+00:00,
0b32a7fd-51a0-4d9c-ba8d-4bb0100759c0,monotonic_reads,network_partition,writer-1,write,mr-0b32a7fd-51a0-4d9c-ba8d-4bb0100759c0,1104,,,QUORUM,cassandra-1,True,False,5.267,2026-09-16T06:28:26.184860+00:00,
0b32a7fd-51a0-4d9c-ba8d-4bb0100759c0,monotonic_reads,network_partition,writer-1,write,mr-0b32a7fd-51a0-4d9c-ba8d-4bb0100759c0,1105,,,QUORUM,cassandra-1,True,False,4.665,2026-09-16T06:28:26.211793+00:00,
0b32a7fd-51a0-4d9c-ba8d-4bb0100759c0,monotonic_reads,network_partition,writer-1,write,mr-0b32a7fd-51a0-4d9c-ba8d-4bb0100759c0,1106,,,QUORUM,cassandra-1,True,False,4.893,2026-09-16T06:28:26.241707+00:00,
0b32a7fd-51a0-4d9c-ba8d-4bb0100759c0,monotonic_reads,network_partition,writer-1,write,mr-0b32a7fd-51a0-4d9c-ba8d-4bb0100759c0,1107,,,QUORUM,cassandra-1,True,False,4.742,2026-09-16T06:28:26.269389+00:00,
0b32a7fd-51a0-4d9c-ba8d-4bb0100759c0,monotonic_reads,network_partition,writer-1,write,mr-0b32a7fd-51a0-4d9c-ba8d-4bb0100759c0,1108,,,QUORUM,cassandra-1,True,False,5.181,2026-09-16T06:28:26.298831+00:00,
0b32a7fd-51a0-4d9c-ba8d-4bb0100759c0,monotonic_reads,network_partition,writer-1,write,mr-0b32a7fd-51a0-4d9c-ba8d-4bb0100759c0,1109,,,QUORUM,cassandra-1,True,False,4.634,2026-09-16T06:28:26.325692+00:00,
0b32a7fd-51a0-4d9c-ba8d-4bb0100759c0,monotonic_reads,network_partition,writer-1,write,mr-0b32a7fd-51a0-4d9c-ba8d-4bb0100759c0,1110,,,QUORUM,cassandra-1,True,False,4.599,2026-09-16T06:28:26.353951+00:00,
0b32a7fd-51a0-4d9c-ba8d-4bb0100759c0,monotonic_reads,network_partition,writer-1,write,mr-0b32a7fd-51a0-4d9c-ba8d-4bb0100759c0,1111,,,QUORUM,cassandra-1,True,False,5.023,2026-09-16T06:28:26.383030+00:00,
0b32a7fd-51a0-4d9c-ba8d-4bb0100759c0,monotonic_reads,network_partition,writer-1,write,mr-0b32a7fd-51a0-4d9c-ba8d-4bb0100759c0,1112,,,QUORUM,cassandra-1,True,False,4.595,2026-09-16T06:28:26.408726+00:00,
0b32a7fd-51a0-4d9c-ba8d-4bb0100759c0,monotonic_reads,network_partition,writer-1,write,mr-0b32a7fd-51a0-4d9c-ba8d-4bb0100759c0,1113,,,QUORUM,cassandra-1,True,False,5.206,2026-09-16T06:28:26.434609+00:00,
0b32a7fd-51a0-4d9c-ba8d-4bb0100759c0,monotonic_reads,network_partition,writer-1,write,mr-0b32a7fd-51a0-4d9c-ba8d-4bb0100759c0,1114,,,QUORUM,cassandra-1,True,False,3.767,2026-09-16T06:28:26.462518+00:00,
0b32a7fd-51a0-4d9c-ba8d-4bb0100759c0,monotonic_reads,network_partition,writer-1,write,mr-0b32a7fd-51a0-4d9c-ba8d-4bb0100759c0,1115,,,QUORUM,cassandra-1,True,False,7.403,2026-09-16T06:28:26.492088+00:00,
0b32a7fd-51a0-4d9c-ba8d-4bb0100759c0,monotonic_reads,network_partition,writer-1,write,mr-0b32a7fd-51a0-4d9c-ba8d-4bb0100759c0,1116,,,QUORUM,cassandra-1,True,False,4.557,2026-09-16T06:28:26.521825+00:00,
0b32a7fd-51a0-4d9c-ba8d-4bb0100759c0,monotonic_reads,network_partition,writer-1,write,mr-0b32a7fd-51a0-4d9c-ba8d-4bb0100759c0,1117,,,QUORUM,cassandra-1,True,False,5.217,2026-09-16T06:28:26.550496+00:00,
0b32a7fd-51a0-4d9c-ba8d-4bb0100759c0,monotonic_reads,network_partition,writer-1,write,mr-0b32a7fd-51a0-4d9c-ba8d-4bb0100759c0,1118,,,QUORUM,cassandra-1,True,False,5.019,2026-09-16T06:28:26.576650+00:00,
0b32a7fd-51a0-4d9c-ba8d-4bb0100759c0,monotonic_reads,network_partition,writer-1,write,mr-0b32a7fd-51a0-4d9c-ba8d-4bb0100759c0,1119,,,QUORUM,cassandra-1,True,False,4.291,2026-09-16T06:28:26.601461+00:00,
0b32a7fd-51a0-4d9c-ba8d-4bb0100759c0,monotonic_reads,network_partition,writer-1,write,mr-0b32a7fd-51a0-4d9c-ba8d-4bb0100759c0,1120,,,QUORUM,cassandra-1,True,False,4.598,2026-09-16T06:28:26.630725+00:00,
0b32a7fd-51a0-4d9c-ba8d-4bb0100759c0,monotonic_reads,network_partition,writer-1,write,mr-0b32a7fd-51a0-4d9c-ba8d-4bb0100759c0,1121,,,QUORUM,cassandra-1,True,False,4.64,2026-09-16T06:28:26.659768+00:00,
0b32a7fd-51a0-4d9c-ba8d-4bb0100759c0,monotonic_reads,network_partition,writer-1,write,mr-0b32a7fd-51a0-4d9c-ba8d-4bb0100759c0,1122,,,QUORUM,cassandra-1,True,False,3.313,2026-09-16T06:28:26.688425+00:00,
0b32a7fd-51a0-4d9c-ba8d-4bb0100759c0,monotonic_reads,network_partition,writer-1,write,mr-0b32a7fd-51a0-4d9c-ba8d-4bb0100759c0,1123,,,QUORUM,cassandra-1,True,False,3.726,2026-09-16T06:28:26.714780+00:00,
0b32a7fd-51a0-4d9c-ba8d-4bb0100759c0,monotonic_reads,network_partition,writer-1,write,mr-0b32a7fd-51a0-4d9c-ba8d-4bb0100759c0,1124,,,QUORUM,cassandra-1,True,False,4.938,2026-09-16T06:28:26.740583+00:00,
0b32a7fd-51a0-4d9c-ba8d-4bb0100759c0,monotonic_reads,network_partition,writer-1,write,mr-0b32a7fd-51a0-4d9c-ba8d-4bb0100759c0,1125,,,QUORUM,cassandra-1,True,False,4.358,2026-09-16T06:28:26.769578+00:00,
0b32a7fd-51a0-4d9c-ba8d-4bb0100759c0,monotonic_reads,network_partition,writer-1,write,mr-0b32a7fd-51a0-4d9c-ba8d-4bb0100759c0,1126,,,QUORUM,cassandra-1,True,False,3.834,2026-09-16T06:28:26.798467+00:00,
0b32a7fd-51a0-4d9c-ba8d-4bb0100759c0,monotonic_reads,network_partition,writer-1,write,mr-0b32a7fd-51a0-4d9c-ba8d-4bb0100759c0,1127,,,QUORUM,cassandra-1,True,False,4.063,2026-09-16T06:28:26.823376+00:00,
0b32a7fd-51a0-4d9c-ba8d-4bb0100759c0,monotonic_reads,network_partition,writer-1,write,mr-0b32a7fd-51a0-4d9c-ba8d-4bb0100759c0,1128,,,QUORUM,cassandra-1,True,False,4.605,2026-09-16T06:28:26.851704+00:00,
0b32a7fd-51a0-4d9c-ba8d-4bb0100759c0,monotonic_reads,network_partition,writer-1,write,mr-0b32a7fd-51a0-4d9c-ba8d-4bb0100759c0,1129,,,QUORUM,cassandra-1,True,False,5.003,2026-09-16T06:28:26.881652+00:00,
0b32a7fd-51a0-4d9c-ba8d-4bb0100759c0,monotonic_reads,network_partition,writer-1,write,mr-0b32a7fd-51a0-4d9c-ba8d-4bb0100759c0,1130,,,QUORUM,cassandra-1,True,False,4.281,2026-09-16T06:28:26.909422+00:00,
0b32a7fd-51a0-4d9c-ba8d-4bb0100759c0,monotonic_reads,network_partition,writer-1,write,mr-0b32a7fd-51a0-4d9c-ba8d-4bb0100759c0,1131,,,QUORUM,cassandra-1,True,False,4.553,2026-09-16T06:28:26.938612+00:00,
0b32a7fd-51a0-4d9c-ba8d-4bb0100759c0,monotonic_reads,network_partition,writer-1,write,mr-0b32a7fd-51a0-4d9c-ba8d-4bb0100759c0,1132,,,QUORUM,cassandra-1,True,False,5.098,2026-09-16T06:28:26.965764+00:00,
0b32a7fd-51a0-4d9c-ba8d-4bb0100759c0,monotonic_reads,network_partition,writer-1,write,mr-0b32a7fd-51a0-4d9c-ba8d-4bb0100759c0,1133,,,QUORUM,cassandra-1,True,False,3.998,2026-09-16T06:28:26.993412+00:00,
0b32a7fd-51a0-4d9c-ba8d-4bb0100759c0,monotonic_reads,network_partition,writer-1,write,mr-0b32a7fd-51a0-4d9c-ba8d-4bb0100759c0,1134,,,QUORUM,cassandra-1,True,False,3.768,2026-09-16T06:28:27.021436+00:00,
0b32a7fd-51a0-4d9c-ba8d-4bb0100759c0,monotonic_reads,network_partition,writer-1,write,mr-0b32a7fd-51a0-4d9c-ba8d-4bb0100759c0,1135,,,QUORUM,cassandra-1,True,False,5.169,2026-09-16T06:28:27.049823+00:00,
0b32a7fd-51a0-4d9c-ba8d-4bb0100759c0,monotonic_reads,network_partition,writer-1,write,mr-0b32a7fd-51a0-4d9c-ba8d-4bb0100759c0,1136,,,QUORUM,cassandra-1,True,False,4.69,2026-09-16T06:28:27.076749+00:00,
0b32a7fd-51a0-4d9c-ba8d-4bb0100759c0,monotonic_reads,network_partition,writer-1,write,mr-0b32a7fd-51a0-4d9c-ba8d-4bb0100759c0,1137,,,QUORUM,cassandra-1,True,False,3.839,2026-09-16T06:28:27.102292+00:00,
0b32a7fd-51a0-4d9c-ba8d-4bb0100759c0,monotonic_reads,network_partition,writer-1,write,mr-0b32a7fd-51a0-4d9c-ba8d-4bb0100759c0,1138,,,QUORUM,cassandra-1,True,False,4.83,2026-09-16T06:28:27.127485+00:00,
0b32a7fd-51a0-4d9c-ba8d-4bb0100759c0,monotonic_reads,network_partition,writer-1,write,mr-0b32a7fd-51a0-4d9c-ba8d-4bb0100759c0,1139,,,QUORUM,cassandra-1,True,False,5.004,2026-09-16T06:28:27.154580+00:00,
0b32a7fd-51a0-4d9c-ba8d-4bb0100759c0,monotonic_reads,network_partition,writer-1,write,mr-0b32a7fd-51a0-4d9c-ba8d-4bb0100759c0,1140,,,QUORUM,cassandra-1,True,False,3.778,2026-09-16T06:28:27.180422+00:00,
0b32a7fd-51a0-4d9c-ba8d-4bb0100759c0,monotonic_reads,network_partition,writer-1,write,mr-0b32a7fd-51a0-4d9c-ba8d-4bb0100759c0,1141,,,QUORUM,cassandra-1,True,False,5.315,2026-09-16T06:28:27.208833+00:00,
0b32a7fd-51a0-4d9c-ba8d-4bb0100759c0,monotonic_reads,network_partition,writer-1,write,mr-0b32a7fd-51a0-4d9c-ba8d-4bb0100759c0,1142,,,QUORUM,cassandra-1,True,False,4.618,2026-09-16T06:28:27.238575+00:00,
0b32a7fd-51a0-4d9c-ba8d-4bb0100759c0,monotonic_reads,network_partition,writer-1,write,mr-0b32a7fd-51a0-4d9c-ba8d-4bb0100759c0,1143,,,QUORUM,cassandra-1,True,False,4.972,2026-09-16T06:28:27.265559+00:00,
0b32a7fd-51a0-4d9c-ba8d-4bb0100759c0,monotonic_reads,network_partition,writer-1,write,mr-0b32a7fd-51a0-4d9c-ba8d-4bb0100759c0,1144,,,QUORUM,cassandra-1,True,False,4.609,2026-09-16T06:28:27.292648+00:00,
0b32a7fd-51a0-4d9c-ba8d-4bb0100759c0,monotonic_reads,network_partition,writer-1,write,mr-0b32a7fd-51a0-4d9c-ba8d-4bb0100759c0,1145,,,QUORUM,cassandra-1,True,False,3.123,2026-09-16T06:28:27.316144+00:00,
0b32a7fd-51a0-4d9c-ba8d-4bb0100759c0,monotonic_reads,network_partition,writer-1,write,mr-0b32a7fd-51a0-4d9c-ba8d-4bb0100759c0,1146,,,QUORUM,cassandra-1,True,False,5.103,2026-09-16T06:28:27.342459+00:00,
0b32a7fd-51a0-4d9c-ba8d-4bb0100759c0,monotonic_reads,network_partition,writer-1,write,mr-0b32a7fd-51a0-4d9c-ba8d-4bb0100759c0,1147,,,QUORUM,cassandra-1,True,False,2.423,2026-09-16T06:28:27.369987+00:00,
0b32a7fd-51a0-4d9c-ba8d-4bb0100759c0,monotonic_reads,network_partition,writer-1,write,mr-0b32a7fd-51a0-4d9c-ba8d-4bb0100759c0,1148,,,QUORUM,cassandra-1,True,False,2.55,2026-09-16T06:28:27.397130+00:00,
0b32a7fd-51a0-4d9c-ba8d-4bb0100759c0,monotonic_reads,network_partition,writer-1,write,mr-0b32a7fd-51a0-4d9c-ba8d-4bb0100759c0,1149,,,QUORUM,cassandra-1,True,False,2.793,2026-09-16T06:28:27.422097+00:00,
0b32a7fd-51a0-4d9c-ba8d-4bb0100759c0,monotonic_reads,network_partition,writer-1,write,mr-0b32a7fd-51a0-4d9c-ba8d-4bb0100759c0,1150,,,QUORUM,cassandra-1,True,False,2.257,2026-09-16T06:28:27.445019+00:00,
0b32a7fd-51a0-4d9c-ba8d-4bb0100759c0,monotonic_reads,network_partition,writer-1,write,mr-0b32a7fd-51a0-4d9c-ba8d-4bb0100759c0,1151,,,QUORUM,cassandra-1,True,False,2.822,2026-09-16T06:28:27.471392+00:00,
0b32a7fd-51a0-4d9c-ba8d-4bb0100759c0,monotonic_reads,network_partition,writer-1,write,mr-0b32a7fd-51a0-4d9c-ba8d-4bb0100759c0,1152,,,QUORUM,cassandra-1,True,False,4.803,2026-09-16T06:28:27.497794+00:00,
0b32a7fd-51a0-4d9c-ba8d-4bb0100759c0,monotonic_reads,network_partition,writer-1,write,mr-0b32a7fd-51a0-4d9c-ba8d-4bb0100759c0,1153,,,QUORUM,cassandra-1,True,False,4.445,2026-09-16T06:28:27.526591+00:00,
0b32a7fd-51a0-4d9c-ba8d-4bb0100759c0,monotonic_reads,network_partition,writer-1,write,mr-0b32a7fd-51a0-4d9c-ba8d-4bb0100759c0,1154,,,QUORUM,cassandra-1,True,False,5.163,2026-09-16T06:28:27.555842+00:00,
0b32a7fd-51a0-4d9c-ba8d-4bb0100759c0,monotonic_reads,network_partition,writer-1,write,mr-0b32a7fd-51a0-4d9c-ba8d-4bb0100759c0,1155,,,QUORUM,cassandra-1,True,False,4.332,2026-09-16T06:28:27.583932+00:00,
0b32a7fd-51a0-4d9c-ba8d-4bb0100759c0,monotonic_reads,network_partition,writer-1,write,mr-0b32a7fd-51a0-4d9c-ba8d-4bb0100759c0,1156,,,QUORUM,cassandra-1,True,False,3.673,2026-09-16T06:28:27.612594+00:00,
0b32a7fd-51a0-4d9c-ba8d-4bb0100759c0,monotonic_reads,network_partition,writer-1,write,mr-0b32a7fd-51a0-4d9c-ba8d-4bb0100759c0,1157,,,QUORUM,cassandra-1,True,False,5.504,2026-09-16T06:28:27.642970+00:00,
0b32a7fd-51a0-4d9c-ba8d-4bb0100759c0,monotonic_reads,network_partition,writer-1,write,mr-0b32a7fd-51a0-4d9c-ba8d-4bb0100759c0,1158,,,QUORUM,cassandra-1,True,False,5.411,2026-09-16T06:28:27.669044+00:00,
0b32a7fd-51a0-4d9c-ba8d-4bb0100759c0,monotonic_reads,network_partition,writer-1,write,mr-0b32a7fd-51a0-4d9c-ba8d-4bb0100759c0,1159,,,QUORUM,cassandra-1,True,False,5.106,2026-09-16T06:28:27.695768+00:00,
0b32a7fd-51a0-4d9c-ba8d-4bb0100759c0,monotonic_reads,network_partition,writer-1,write,mr-0b32a7fd-51a0-4d9c-ba8d-4bb0100759c0,1160,,,QUORUM,cassandra-1,True,False,5.049,2026-09-16T06:28:27.722693+00:00,
0b32a7fd-51a0-4d9c-ba8d-4bb0100759c0,monotonic_reads,network_partition,writer-1,write,mr-0b32a7fd-51a0-4d9c-ba8d-4bb0100759c0,1161,,,QUORUM,cassandra-1,True,False,4.792,2026-09-16T06:28:27.752722+00:00,
0b32a7fd-51a0-4d9c-ba8d-4bb0100759c0,monotonic_reads,network_partition,writer-1,write,mr-0b32a7fd-51a0-4d9c-ba8d-4bb0100759c0,1162,,,QUORUM,cassandra-1,True,False,5.188,2026-09-16T06:28:27.782410+00:00,
0b32a7fd-51a0-4d9c-ba8d-4bb0100759c0,monotonic_reads,network_partition,writer-1,write,mr-0b32a7fd-51a0-4d9c-ba8d-4bb0100759c0,1163,,,QUORUM,cassandra-1,True,False,5.225,2026-09-16T06:28:27.812860+00:00,
0b32a7fd-51a0-4d9c-ba8d-4bb0100759c0,monotonic_reads,network_partition,writer-1,write,mr-0b32a7fd-51a0-4d9c-ba8d-4bb0100759c0,1164,,,QUORUM,cassandra-1,True,False,3.674,2026-09-16T06:28:27.840808+00:00,
0b32a7fd-51a0-4d9c-ba8d-4bb0100759c0,monotonic_reads,network_partition,writer-1,write,mr-0b32a7fd-51a0-4d9c-ba8d-4bb0100759c0,1165,,,QUORUM,cassandra-1,True,False,3.951,2026-09-16T06:28:27.866530+00:00,
0b32a7fd-51a0-4d9c-ba8d-4bb0100759c0,monotonic_reads,network_partition,writer-1,write,mr-0b32a7fd-51a0-4d9c-ba8d-4bb0100759c0,1166,,,QUORUM,cassandra-1,True,False,4.813,2026-09-16T06:28:27.895866+00:00,
0b32a7fd-51a0-4d9c-ba8d-4bb0100759c0,monotonic_reads,network_partition,writer-1,write,mr-0b32a7fd-51a0-4d9c-ba8d-4bb0100759c0,1167,,,QUORUM,cassandra-1,True,False,6.948,2026-09-16T06:28:27.924938+00:00,
0b32a7fd-51a0-4d9c-ba8d-4bb0100759c0,monotonic_reads,network_partition,writer-1,write,mr-0b32a7fd-51a0-4d9c-ba8d-4bb0100759c0,1168,,,QUORUM,cassandra-1,True,False,5.449,2026-09-16T06:28:27.951002+00:00,
0b32a7fd-51a0-4d9c-ba8d-4bb0100759c0,monotonic_reads,network_partition,writer-1,write,mr-0b32a7fd-51a0-4d9c-ba8d-4bb0100759c0,1169,,,QUORUM,cassandra-1,True,False,6.233,2026-09-16T06:28:27.980375+00:00,
0b32a7fd-51a0-4d9c-ba8d-4bb0100759c0,monotonic_reads,network_partition,writer-1,write,mr-0b32a7fd-51a0-4d9c-ba8d-4bb0100759c0,1170,,,QUORUM,cassandra-1,True,False,5.282,2026-09-16T06:28:28.007868+00:00,
0b32a7fd-51a0-4d9c-ba8d-4bb0100759c0,monotonic_reads,network_partition,writer-1,write,mr-0b32a7fd-51a0-4d9c-ba8d-4bb0100759c0,1171,,,QUORUM,cassandra-1,True,False,5.197,2026-09-16T06:28:28.037837+00:00,
0b32a7fd-51a0-4d9c-ba8d-4bb0100759c0,monotonic_reads,network_partition,writer-1,write,mr-0b32a7fd-51a0-4d9c-ba8d-4bb0100759c0,1172,,,QUORUM,cassandra-1,True,False,4.733,2026-09-16T06:28:28.064854+00:00,
0b32a7fd-51a0-4d9c-ba8d-4bb0100759c0,monotonic_reads,network_partition,writer-1,write,mr-0b32a7fd-51a0-4d9c-ba8d-4bb0100759c0,1173,,,QUORUM,cassandra-1,True,False,5.772,2026-09-16T06:28:28.092949+00:00,
0b32a7fd-51a0-4d9c-ba8d-4bb0100759c0,monotonic_reads,network_partition,writer-1,write,mr-0b32a7fd-51a0-4d9c-ba8d-4bb0100759c0,1174,,,QUORUM,cassandra-1,True,False,5.771,2026-09-16T06:28:28.123773+00:00,
0b32a7fd-51a0-4d9c-ba8d-4bb0100759c0,monotonic_reads,network_partition,writer-1,write,mr-0b32a7fd-51a0-4d9c-ba8d-4bb0100759c0,1175,,,QUORUM,cassandra-1,True,False,4.817,2026-09-16T06:28:28.151000+00:00,
0b32a7fd-51a0-4d9c-ba8d-4bb0100759c0,monotonic_reads,network_partition,writer-1,write,mr-0b32a7fd-51a0-4d9c-ba8d-4bb0100759c0,1176,,,QUORUM,cassandra-1,True,False,5.783,2026-09-16T06:28:28.179981+00:00,
0b32a7fd-51a0-4d9c-ba8d-4bb0100759c0,monotonic_reads,network_partition,writer-1,write,mr-0b32a7fd-51a0-4d9c-ba8d-4bb0100759c0,1177,,,QUORUM,cassandra-1,True,False,4.792,2026-09-16T06:28:28.207703+00:00,
0b32a7fd-51a0-4d9c-ba8d-4bb0100759c0,monotonic_reads,network_partition,writer-1,write,mr-0b32a7fd-51a0-4d9c-ba8d-4bb0100759c0,1178,,,QUORUM,cassandra-1,True,False,3.82,2026-09-16T06:28:28.235356+00:00,
0b32a7fd-51a0-4d9c-ba8d-4bb0100759c0,monotonic_reads,network_partition,writer-1,write,mr-0b32a7fd-51a0-4d9c-ba8d-4bb0100759c0,1179,,,QUORUM,cassandra-1,True,False,4.664,2026-09-16T06:28:28.264620+00:00,
0b32a7fd-51a0-4d9c-ba8d-4bb0100759c0,monotonic_reads,network_partition,writer-1,write,mr-0b32a7fd-51a0-4d9c-ba8d-4bb0100759c0,1180,,,QUORUM,cassandra-1,True,False,4.3,2026-09-16T06:28:28.291394+00:00,
0b32a7fd-51a0-4d9c-ba8d-4bb0100759c0,monotonic_reads,network_partition,writer-1,write,mr-0b32a7fd-51a0-4d9c-ba8d-4bb0100759c0,1181,,,QUORUM,cassandra-1,True,False,5.914,2026-09-16T06:28:28.321864+00:00,
0b32a7fd-51a0-4d9c-ba8d-4bb0100759c0,monotonic_reads,network_partition,reader-1,read,mr-0b32a7fd-51a0-4d9c-ba8d-4bb0100759c0,,,QUORUM,QUORUM,cassandra-3,False,False,11304.324,2026-09-16T06:28:28.330994+00:00,"ReadTimeout: Error from server: code=1200 [Coordinator node timed out waiting for replica nodes' responses] message=""Operation timed out - received only 1 responses."" info={'consistency': 'QUORUM', 'required_responses': 2, 'received_responses': 1}"
0b32a7fd-51a0-4d9c-ba8d-4bb0100759c0,monotonic_reads,network_partition,writer-1,write,mr-0b32a7fd-51a0-4d9c-ba8d-4bb0100759c0,1182,,,QUORUM,cassandra-1,True,False,6.253,2026-09-16T06:28:28.348772+00:00,
0b32a7fd-51a0-4d9c-ba8d-4bb0100759c0,monotonic_reads,network_partition,reader-1,read,mr-0b32a7fd-51a0-4d9c-ba8d-4bb0100759c0,,1182,QUORUM,QUORUM,cassandra-1,True,False,9.786,2026-09-16T06:28:28.352912+00:00,
0b32a7fd-51a0-4d9c-ba8d-4bb0100759c0,monotonic_reads,network_partition,reader-1,read,mr-0b32a7fd-51a0-4d9c-ba8d-4bb0100759c0,,1182,QUORUM,QUORUM,cassandra-2,True,False,5.886,2026-09-16T06:28:28.369509+00:00,
0b32a7fd-51a0-4d9c-ba8d-4bb0100759c0,monotonic_reads,network_partition,writer-1,write,mr-0b32a7fd-51a0-4d9c-ba8d-4bb0100759c0,1183,,,QUORUM,cassandra-1,True,False,3.585,2026-09-16T06:28:28.375205+00:00,
0b32a7fd-51a0-4d9c-ba8d-4bb0100759c0,monotonic_reads,network_partition,writer-1,write,mr-0b32a7fd-51a0-4d9c-ba8d-4bb0100759c0,1184,,,QUORUM,cassandra-1,True,False,4.618,2026-09-16T06:28:28.415255+00:00,
0b32a7fd-51a0-4d9c-ba8d-4bb0100759c0,monotonic_reads,network_partition,writer-1,write,mr-0b32a7fd-51a0-4d9c-ba8d-4bb0100759c0,1185,,,QUORUM,cassandra-1,True,False,3.851,2026-09-16T06:28:28.442409+00:00,
0b32a7fd-51a0-4d9c-ba8d-4bb0100759c0,monotonic_reads,network_partition,writer-1,write,mr-0b32a7fd-51a0-4d9c-ba8d-4bb0100759c0,1186,,,QUORUM,cassandra-1,True,False,5.128,2026-09-16T06:28:28.471040+00:00,
0b32a7fd-51a0-4d9c-ba8d-4bb0100759c0,monotonic_reads,network_partition,writer-1,write,mr-0b32a7fd-51a0-4d9c-ba8d-4bb0100759c0,1187,,,QUORUM,cassandra-1,True,False,5.011,2026-09-16T06:28:28.497787+00:00,
0b32a7fd-51a0-4d9c-ba8d-4bb0100759c0,monotonic_reads,network_partition,writer-1,write,mr-0b32a7fd-51a0-4d9c-ba8d-4bb0100759c0,1188,,,QUORUM,cassandra-1,True,False,5.199,2026-09-16T06:28:28.525844+00:00,
0b32a7fd-51a0-4d9c-ba8d-4bb0100759c0,monotonic_reads,network_partition,writer-1,write,mr-0b32a7fd-51a0-4d9c-ba8d-4bb0100759c0,1189,,,QUORUM,cassandra-1,True,False,5.012,2026-09-16T06:28:28.554662+00:00,
0b32a7fd-51a0-4d9c-ba8d-4bb0100759c0,monotonic_reads,network_partition,writer-1,write,mr-0b32a7fd-51a0-4d9c-ba8d-4bb0100759c0,1190,,,QUORUM,cassandra-1,True,False,4.636,2026-09-16T06:28:28.581763+00:00,
0b32a7fd-51a0-4d9c-ba8d-4bb0100759c0,monotonic_reads,network_partition,writer-1,write,mr-0b32a7fd-51a0-4d9c-ba8d-4bb0100759c0,1191,,,QUORUM,cassandra-1,True,False,3.961,2026-09-16T06:28:28.609615+00:00,
0b32a7fd-51a0-4d9c-ba8d-4bb0100759c0,monotonic_reads,network_partition,writer-1,write,mr-0b32a7fd-51a0-4d9c-ba8d-4bb0100759c0,1192,,,QUORUM,cassandra-1,True,False,5.83,2026-09-16T06:28:28.639944+00:00,
0b32a7fd-51a0-4d9c-ba8d-4bb0100759c0,monotonic_reads,network_partition,writer-1,write,mr-0b32a7fd-51a0-4d9c-ba8d-4bb0100759c0,1193,,,QUORUM,cassandra-1,True,False,5.169,2026-09-16T06:28:28.669859+00:00,
0b32a7fd-51a0-4d9c-ba8d-4bb0100759c0,monotonic_reads,network_partition,writer-1,write,mr-0b32a7fd-51a0-4d9c-ba8d-4bb0100759c0,1194,,,QUORUM,cassandra-1,True,False,4.665,2026-09-16T06:28:28.699816+00:00,
0b32a7fd-51a0-4d9c-ba8d-4bb0100759c0,monotonic_reads,network_partition,writer-1,write,mr-0b32a7fd-51a0-4d9c-ba8d-4bb0100759c0,1195,,,QUORUM,cassandra-1,True,False,4.998,2026-09-16T06:28:28.727638+00:00,
0b32a7fd-51a0-4d9c-ba8d-4bb0100759c0,monotonic_reads,network_partition,writer-1,write,mr-0b32a7fd-51a0-4d9c-ba8d-4bb0100759c0,1196,,,QUORUM,cassandra-1,True,False,3.768,2026-09-16T06:28:28.755377+00:00,
0b32a7fd-51a0-4d9c-ba8d-4bb0100759c0,monotonic_reads,network_partition,writer-1,write,mr-0b32a7fd-51a0-4d9c-ba8d-4bb0100759c0,1197,,,QUORUM,cassandra-1,True,False,5.117,2026-09-16T06:28:28.782585+00:00,
0b32a7fd-51a0-4d9c-ba8d-4bb0100759c0,monotonic_reads,network_partition,writer-1,write,mr-0b32a7fd-51a0-4d9c-ba8d-4bb0100759c0,1198,,,QUORUM,cassandra-1,True,False,5.635,2026-09-16T06:28:28.808683+00:00,
0b32a7fd-51a0-4d9c-ba8d-4bb0100759c0,monotonic_reads,network_partition,writer-1,write,mr-0b32a7fd-51a0-4d9c-ba8d-4bb0100759c0,1199,,,QUORUM,cassandra-1,True,False,5.157,2026-09-16T06:28:28.834812+00:00,
0b32a7fd-51a0-4d9c-ba8d-4bb0100759c0,monotonic_reads,network_partition,writer-1,write,mr-0b32a7fd-51a0-4d9c-ba8d-4bb0100759c0,1200,,,QUORUM,cassandra-1,True,False,4.76,2026-09-16T06:28:28.860517+00:00,
0b32a7fd-51a0-4d9c-ba8d-4bb0100759c0,monotonic_reads,network_partition,writer-1,write,mr-0b32a7fd-51a0-4d9c-ba8d-4bb0100759c0,1201,,,QUORUM,cassandra-1,True,False,4.554,2026-09-16T06:28:28.888504+00:00,
0b32a7fd-51a0-4d9c-ba8d-4bb0100759c0,monotonic_reads,network_partition,writer-1,write,mr-0b32a7fd-51a0-4d9c-ba8d-4bb0100759c0,1202,,,QUORUM,cassandra-1,True,False,4.385,2026-09-16T06:28:28.918032+00:00,
0b32a7fd-51a0-4d9c-ba8d-4bb0100759c0,monotonic_reads,network_partition,writer-1,write,mr-0b32a7fd-51a0-4d9c-ba8d-4bb0100759c0,1203,,,QUORUM,cassandra-1,True,False,4.884,2026-09-16T06:28:28.944471+00:00,
0b32a7fd-51a0-4d9c-ba8d-4bb0100759c0,monotonic_reads,network_partition,writer-1,write,mr-0b32a7fd-51a0-4d9c-ba8d-4bb0100759c0,1204,,,QUORUM,cassandra-1,True,False,6.228,2026-09-16T06:28:28.973868+00:00,
0b32a7fd-51a0-4d9c-ba8d-4bb0100759c0,monotonic_reads,network_partition,writer-1,write,mr-0b32a7fd-51a0-4d9c-ba8d-4bb0100759c0,1205,,,QUORUM,cassandra-1,True,False,4.586,2026-09-16T06:28:28.999734+00:00,
0b32a7fd-51a0-4d9c-ba8d-4bb0100759c0,monotonic_reads,network_partition,writer-1,write,mr-0b32a7fd-51a0-4d9c-ba8d-4bb0100759c0,1206,,,QUORUM,cassandra-1,True,False,3.972,2026-09-16T06:28:29.026601+00:00,
0b32a7fd-51a0-4d9c-ba8d-4bb0100759c0,monotonic_reads,network_partition,writer-1,write,mr-0b32a7fd-51a0-4d9c-ba8d-4bb0100759c0,1207,,,QUORUM,cassandra-1,True,False,5.25,2026-09-16T06:28:29.053906+00:00,
0b32a7fd-51a0-4d9c-ba8d-4bb0100759c0,monotonic_reads,network_partition,writer-1,write,mr-0b32a7fd-51a0-4d9c-ba8d-4bb0100759c0,1208,,,QUORUM,cassandra-1,True,False,4.998,2026-09-16T06:28:29.081117+00:00,
0b32a7fd-51a0-4d9c-ba8d-4bb0100759c0,monotonic_reads,network_partition,writer-1,write,mr-0b32a7fd-51a0-4d9c-ba8d-4bb0100759c0,1209,,,QUORUM,cassandra-1,True,False,6.285,2026-09-16T06:28:29.107941+00:00,
0b32a7fd-51a0-4d9c-ba8d-4bb0100759c0,monotonic_reads,network_partition,writer-1,write,mr-0b32a7fd-51a0-4d9c-ba8d-4bb0100759c0,1210,,,QUORUM,cassandra-1,True,False,5.182,2026-09-16T06:28:29.133835+00:00,
0b32a7fd-51a0-4d9c-ba8d-4bb0100759c0,monotonic_reads,network_partition,writer-1,write,mr-0b32a7fd-51a0-4d9c-ba8d-4bb0100759c0,1211,,,QUORUM,cassandra-1,True,False,5.227,2026-09-16T06:28:29.161651+00:00,
0b32a7fd-51a0-4d9c-ba8d-4bb0100759c0,monotonic_reads,network_partition,writer-1,write,mr-0b32a7fd-51a0-4d9c-ba8d-4bb0100759c0,1212,,,QUORUM,cassandra-1,True,False,5.206,2026-09-16T06:28:29.187837+00:00,
0b32a7fd-51a0-4d9c-ba8d-4bb0100759c0,monotonic_reads,network_partition,writer-1,write,mr-0b32a7fd-51a0-4d9c-ba8d-4bb0100759c0,1213,,,QUORUM,cassandra-1,True,False,4.335,2026-09-16T06:28:29.214829+00:00,
0b32a7fd-51a0-4d9c-ba8d-4bb0100759c0,monotonic_reads,network_partition,writer-1,write,mr-0b32a7fd-51a0-4d9c-ba8d-4bb0100759c0,1214,,,QUORUM,cassandra-1,True,False,4.819,2026-09-16T06:28:29.242806+00:00,
0b32a7fd-51a0-4d9c-ba8d-4bb0100759c0,monotonic_reads,network_partition,writer-1,write,mr-0b32a7fd-51a0-4d9c-ba8d-4bb0100759c0,1215,,,QUORUM,cassandra-1,True,False,5.262,2026-09-16T06:28:29.268950+00:00,
0b32a7fd-51a0-4d9c-ba8d-4bb0100759c0,monotonic_reads,network_partition,writer-1,write,mr-0b32a7fd-51a0-4d9c-ba8d-4bb0100759c0,1216,,,QUORUM,cassandra-1,True,False,4.538,2026-09-16T06:28:29.298702+00:00,
0b32a7fd-51a0-4d9c-ba8d-4bb0100759c0,monotonic_reads,network_partition,writer-1,write,mr-0b32a7fd-51a0-4d9c-ba8d-4bb0100759c0,1217,,,QUORUM,cassandra-1,True,False,4.885,2026-09-16T06:28:29.327523+00:00,
0b32a7fd-51a0-4d9c-ba8d-4bb0100759c0,monotonic_reads,network_partition,writer-1,write,mr-0b32a7fd-51a0-4d9c-ba8d-4bb0100759c0,1218,,,QUORUM,cassandra-1,True,False,9.478,2026-09-16T06:28:29.361965+00:00,
0b32a7fd-51a0-4d9c-ba8d-4bb0100759c0,monotonic_reads,network_partition,writer-1,write,mr-0b32a7fd-51a0-4d9c-ba8d-4bb0100759c0,1219,,,QUORUM,cassandra-1,True,False,2.495,2026-09-16T06:28:29.386203+00:00,
0b32a7fd-51a0-4d9c-ba8d-4bb0100759c0,monotonic_reads,network_partition,writer-1,write,mr-0b32a7fd-51a0-4d9c-ba8d-4bb0100759c0,1220,,,QUORUM,cassandra-1,True,False,2.857,2026-09-16T06:28:29.414201+00:00,
0b32a7fd-51a0-4d9c-ba8d-4bb0100759c0,monotonic_reads,network_partition,writer-1,write,mr-0b32a7fd-51a0-4d9c-ba8d-4bb0100759c0,1221,,,QUORUM,cassandra-1,True,False,3.113,2026-09-16T06:28:29.438106+00:00,
0b32a7fd-51a0-4d9c-ba8d-4bb0100759c0,monotonic_reads,network_partition,writer-1,write,mr-0b32a7fd-51a0-4d9c-ba8d-4bb0100759c0,1222,,,QUORUM,cassandra-1,True,False,2.753,2026-09-16T06:28:29.462180+00:00,
0b32a7fd-51a0-4d9c-ba8d-4bb0100759c0,monotonic_reads,network_partition,writer-1,write,mr-0b32a7fd-51a0-4d9c-ba8d-4bb0100759c0,1223,,,QUORUM,cassandra-1,True,False,2.641,2026-09-16T06:28:29.487109+00:00,
0b32a7fd-51a0-4d9c-ba8d-4bb0100759c0,monotonic_reads,network_partition,writer-1,write,mr-0b32a7fd-51a0-4d9c-ba8d-4bb0100759c0,1224,,,QUORUM,cassandra-1,True,False,2.9,2026-09-16T06:28:29.515221+00:00,
0b32a7fd-51a0-4d9c-ba8d-4bb0100759c0,monotonic_reads,network_partition,writer-1,write,mr-0b32a7fd-51a0-4d9c-ba8d-4bb0100759c0,1225,,,QUORUM,cassandra-1,True,False,2.401,2026-09-16T06:28:29.538016+00:00,
0b32a7fd-51a0-4d9c-ba8d-4bb0100759c0,monotonic_reads,network_partition,writer-1,write,mr-0b32a7fd-51a0-4d9c-ba8d-4bb0100759c0,1226,,,QUORUM,cassandra-1,True,False,3.493,2026-09-16T06:28:29.566446+00:00,
0b32a7fd-51a0-4d9c-ba8d-4bb0100759c0,monotonic_reads,network_partition,writer-1,write,mr-0b32a7fd-51a0-4d9c-ba8d-4bb0100759c0,1227,,,QUORUM,cassandra-1,True,False,3.981,2026-09-16T06:28:29.593624+00:00,
0b32a7fd-51a0-4d9c-ba8d-4bb0100759c0,monotonic_reads,network_partition,writer-1,write,mr-0b32a7fd-51a0-4d9c-ba8d-4bb0100759c0,1228,,,QUORUM,cassandra-1,True,False,4.305,2026-09-16T06:28:29.621581+00:00,
0b32a7fd-51a0-4d9c-ba8d-4bb0100759c0,monotonic_reads,network_partition,writer-1,write,mr-0b32a7fd-51a0-4d9c-ba8d-4bb0100759c0,1229,,,QUORUM,cassandra-1,True,False,4.584,2026-09-16T06:28:29.650704+00:00,
0b32a7fd-51a0-4d9c-ba8d-4bb0100759c0,monotonic_reads,network_partition,writer-1,write,mr-0b32a7fd-51a0-4d9c-ba8d-4bb0100759c0,1230,,,QUORUM,cassandra-1,True,False,4.588,2026-09-16T06:28:29.676468+00:00,
0b32a7fd-51a0-4d9c-ba8d-4bb0100759c0,monotonic_reads,network_partition,writer-1,write,mr-0b32a7fd-51a0-4d9c-ba8d-4bb0100759c0,1231,,,QUORUM,cassandra-1,True,False,3.821,2026-09-16T06:28:29.705433+00:00,
0b32a7fd-51a0-4d9c-ba8d-4bb0100759c0,monotonic_reads,network_partition,writer-1,write,mr-0b32a7fd-51a0-4d9c-ba8d-4bb0100759c0,1232,,,QUORUM,cassandra-1,True,False,5.018,2026-09-16T06:28:29.733664+00:00,
0b32a7fd-51a0-4d9c-ba8d-4bb0100759c0,monotonic_reads,network_partition,writer-1,write,mr-0b32a7fd-51a0-4d9c-ba8d-4bb0100759c0,1233,,,QUORUM,cassandra-1,True,False,4.095,2026-09-16T06:28:29.761447+00:00,
0b32a7fd-51a0-4d9c-ba8d-4bb0100759c0,monotonic_reads,network_partition,writer-1,write,mr-0b32a7fd-51a0-4d9c-ba8d-4bb0100759c0,1234,,,QUORUM,cassandra-1,True,False,4.602,2026-09-16T06:28:29.790757+00:00,
0b32a7fd-51a0-4d9c-ba8d-4bb0100759c0,monotonic_reads,network_partition,writer-1,write,mr-0b32a7fd-51a0-4d9c-ba8d-4bb0100759c0,1235,,,QUORUM,cassandra-1,True,False,4.536,2026-09-16T06:28:29.817688+00:00,
0b32a7fd-51a0-4d9c-ba8d-4bb0100759c0,monotonic_reads,network_partition,writer-1,write,mr-0b32a7fd-51a0-4d9c-ba8d-4bb0100759c0,1236,,,QUORUM,cassandra-1,True,False,4.139,2026-09-16T06:28:29.846917+00:00,
0b32a7fd-51a0-4d9c-ba8d-4bb0100759c0,monotonic_reads,network_partition,writer-1,write,mr-0b32a7fd-51a0-4d9c-ba8d-4bb0100759c0,1237,,,QUORUM,cassandra-1,True,False,4.317,2026-09-16T06:28:29.876465+00:00,
0b32a7fd-51a0-4d9c-ba8d-4bb0100759c0,monotonic_reads,network_partition,writer-1,write,mr-0b32a7fd-51a0-4d9c-ba8d-4bb0100759c0,1238,,,QUORUM,cassandra-1,True,False,4.936,2026-09-16T06:28:29.902585+00:00,
0b32a7fd-51a0-4d9c-ba8d-4bb0100759c0,monotonic_reads,network_partition,writer-1,write,mr-0b32a7fd-51a0-4d9c-ba8d-4bb0100759c0,1239,,,QUORUM,cassandra-1,True,False,5.05,2026-09-16T06:28:29.932859+00:00,
0b32a7fd-51a0-4d9c-ba8d-4bb0100759c0,monotonic_reads,network_partition,writer-1,write,mr-0b32a7fd-51a0-4d9c-ba8d-4bb0100759c0,1240,,,QUORUM,cassandra-1,True,False,4.586,2026-09-16T06:28:29.961628+00:00,
0b32a7fd-51a0-4d9c-ba8d-4bb0100759c0,monotonic_reads,network_partition,writer-1,write,mr-0b32a7fd-51a0-4d9c-ba8d-4bb0100759c0,1241,,,QUORUM,cassandra-1,True,False,4.855,2026-09-16T06:28:29.989826+00:00,
0b32a7fd-51a0-4d9c-ba8d-4bb0100759c0,monotonic_reads,network_partition,writer-1,write,mr-0b32a7fd-51a0-4d9c-ba8d-4bb0100759c0,1242,,,QUORUM,cassandra-1,True,False,4.806,2026-09-16T06:28:30.019882+00:00,
0b32a7fd-51a0-4d9c-ba8d-4bb0100759c0,monotonic_reads,network_partition,writer-1,write,mr-0b32a7fd-51a0-4d9c-ba8d-4bb0100759c0,1243,,,QUORUM,cassandra-1,True,False,4.962,2026-09-16T06:28:30.049858+00:00,
0b32a7fd-51a0-4d9c-ba8d-4bb0100759c0,monotonic_reads,network_partition,writer-1,write,mr-0b32a7fd-51a0-4d9c-ba8d-4bb0100759c0,1244,,,QUORUM,cassandra-1,True,False,5.264,2026-09-16T06:28:30.078805+00:00,
0b32a7fd-51a0-4d9c-ba8d-4bb0100759c0,monotonic_reads,network_partition,writer-1,write,mr-0b32a7fd-51a0-4d9c-ba8d-4bb0100759c0,1245,,,QUORUM,cassandra-1,True,False,4.827,2026-09-16T06:28:30.104507+00:00,
0b32a7fd-51a0-4d9c-ba8d-4bb0100759c0,monotonic_reads,network_partition,writer-1,write,mr-0b32a7fd-51a0-4d9c-ba8d-4bb0100759c0,1246,,,QUORUM,cassandra-1,True,False,4.531,2026-09-16T06:28:30.130787+00:00,
0b32a7fd-51a0-4d9c-ba8d-4bb0100759c0,monotonic_reads,network_partition,writer-1,write,mr-0b32a7fd-51a0-4d9c-ba8d-4bb0100759c0,1247,,,QUORUM,cassandra-1,True,False,2.93,2026-09-16T06:28:30.157825+00:00,
0b32a7fd-51a0-4d9c-ba8d-4bb0100759c0,monotonic_reads,network_partition,writer-1,write,mr-0b32a7fd-51a0-4d9c-ba8d-4bb0100759c0,1248,,,QUORUM,cassandra-1,True,False,5.084,2026-09-16T06:28:30.183725+00:00,
0b32a7fd-51a0-4d9c-ba8d-4bb0100759c0,monotonic_reads,network_partition,writer-1,write,mr-0b32a7fd-51a0-4d9c-ba8d-4bb0100759c0,1249,,,QUORUM,cassandra-1,True,False,4.991,2026-09-16T06:28:30.213908+00:00,
0b32a7fd-51a0-4d9c-ba8d-4bb0100759c0,monotonic_reads,network_partition,writer-1,write,mr-0b32a7fd-51a0-4d9c-ba8d-4bb0100759c0,1250,,,QUORUM,cassandra-1,True,False,4.761,2026-09-16T06:28:30.242762+00:00,
0b32a7fd-51a0-4d9c-ba8d-4bb0100759c0,monotonic_reads,network_partition,writer-1,write,mr-0b32a7fd-51a0-4d9c-ba8d-4bb0100759c0,1251,,,QUORUM,cassandra-1,True,False,5.816,2026-09-16T06:28:30.272852+00:00,
0b32a7fd-51a0-4d9c-ba8d-4bb0100759c0,monotonic_reads,network_partition,writer-1,write,mr-0b32a7fd-51a0-4d9c-ba8d-4bb0100759c0,1252,,,QUORUM,cassandra-1,True,False,4.891,2026-09-16T06:28:30.302880+00:00,
0b32a7fd-51a0-4d9c-ba8d-4bb0100759c0,monotonic_reads,network_partition,writer-1,write,mr-0b32a7fd-51a0-4d9c-ba8d-4bb0100759c0,1253,,,QUORUM,cassandra-1,True,False,4.78,2026-09-16T06:28:30.329723+00:00,
0b32a7fd-51a0-4d9c-ba8d-4bb0100759c0,monotonic_reads,network_partition,writer-1,write,mr-0b32a7fd-51a0-4d9c-ba8d-4bb0100759c0,1254,,,QUORUM,cassandra-1,True,False,6.297,2026-09-16T06:28:30.357921+00:00,
0b32a7fd-51a0-4d9c-ba8d-4bb0100759c0,monotonic_reads,network_partition,writer-1,write,mr-0b32a7fd-51a0-4d9c-ba8d-4bb0100759c0,1255,,,QUORUM,cassandra-1,True,False,5.366,2026-09-16T06:28:30.385000+00:00,
0b32a7fd-51a0-4d9c-ba8d-4bb0100759c0,monotonic_reads,network_partition,writer-1,write,mr-0b32a7fd-51a0-4d9c-ba8d-4bb0100759c0,1256,,,QUORUM,cassandra-1,True,False,4.509,2026-09-16T06:28:30.410384+00:00,
0b32a7fd-51a0-4d9c-ba8d-4bb0100759c0,monotonic_reads,network_partition,writer-1,write,mr-0b32a7fd-51a0-4d9c-ba8d-4bb0100759c0,1257,,,QUORUM,cassandra-1,True,False,4.83,2026-09-16T06:28:30.437881+00:00,
0b32a7fd-51a0-4d9c-ba8d-4bb0100759c0,monotonic_reads,network_partition,writer-1,write,mr-0b32a7fd-51a0-4d9c-ba8d-4bb0100759c0,1258,,,QUORUM,cassandra-1,True,False,4.889,2026-09-16T06:28:30.464787+00:00,
0b32a7fd-51a0-4d9c-ba8d-4bb0100759c0,monotonic_reads,network_partition,writer-1,write,mr-0b32a7fd-51a0-4d9c-ba8d-4bb0100759c0,1259,,,QUORUM,cassandra-1,True,False,5.164,2026-09-16T06:28:30.491771+00:00,
0b32a7fd-51a0-4d9c-ba8d-4bb0100759c0,monotonic_reads,network_partition,writer-1,write,mr-0b32a7fd-51a0-4d9c-ba8d-4bb0100759c0,1260,,,QUORUM,cassandra-1,True,False,5.274,2026-09-16T06:28:30.521996+00:00,
0b32a7fd-51a0-4d9c-ba8d-4bb0100759c0,monotonic_reads,network_partition,writer-1,write,mr-0b32a7fd-51a0-4d9c-ba8d-4bb0100759c0,1261,,,QUORUM,cassandra-1,True,False,5.477,2026-09-16T06:28:30.552139+00:00,
0b32a7fd-51a0-4d9c-ba8d-4bb0100759c0,monotonic_reads,network_partition,writer-1,write,mr-0b32a7fd-51a0-4d9c-ba8d-4bb0100759c0,1262,,,QUORUM,cassandra-1,True,False,4.668,2026-09-16T06:28:30.578719+00:00,
0b32a7fd-51a0-4d9c-ba8d-4bb0100759c0,monotonic_reads,network_partition,writer-1,write,mr-0b32a7fd-51a0-4d9c-ba8d-4bb0100759c0,1263,,,QUORUM,cassandra-1,True,False,4.697,2026-09-16T06:28:30.608715+00:00,
0b32a7fd-51a0-4d9c-ba8d-4bb0100759c0,monotonic_reads,network_partition,writer-1,write,mr-0b32a7fd-51a0-4d9c-ba8d-4bb0100759c0,1264,,,QUORUM,cassandra-1,True,False,5.165,2026-09-16T06:28:30.635840+00:00,
0b32a7fd-51a0-4d9c-ba8d-4bb0100759c0,monotonic_reads,network_partition,writer-1,write,mr-0b32a7fd-51a0-4d9c-ba8d-4bb0100759c0,1265,,,QUORUM,cassandra-1,True,False,5.222,2026-09-16T06:28:30.665941+00:00,
0b32a7fd-51a0-4d9c-ba8d-4bb0100759c0,monotonic_reads,network_partition,writer-1,write,mr-0b32a7fd-51a0-4d9c-ba8d-4bb0100759c0,1266,,,QUORUM,cassandra-1,True,False,5.427,2026-09-16T06:28:30.691967+00:00,
0b32a7fd-51a0-4d9c-ba8d-4bb0100759c0,monotonic_reads,network_partition,writer-1,write,mr-0b32a7fd-51a0-4d9c-ba8d-4bb0100759c0,1267,,,QUORUM,cassandra-1,True,False,5.664,2026-09-16T06:28:30.721040+00:00,
0b32a7fd-51a0-4d9c-ba8d-4bb0100759c0,monotonic_reads,network_partition,writer-1,write,mr-0b32a7fd-51a0-4d9c-ba8d-4bb0100759c0,1268,,,QUORUM,cassandra-1,True,False,4.666,2026-09-16T06:28:30.747703+00:00,
0b32a7fd-51a0-4d9c-ba8d-4bb0100759c0,monotonic_reads,network_partition,writer-1,write,mr-0b32a7fd-51a0-4d9c-ba8d-4bb0100759c0,1269,,,QUORUM,cassandra-1,True,False,4.041,2026-09-16T06:28:30.775534+00:00,
0b32a7fd-51a0-4d9c-ba8d-4bb0100759c0,monotonic_reads,network_partition,writer-1,write,mr-0b32a7fd-51a0-4d9c-ba8d-4bb0100759c0,1270,,,QUORUM,cassandra-1,True,False,5.052,2026-09-16T06:28:30.805635+00:00,
0b32a7fd-51a0-4d9c-ba8d-4bb0100759c0,monotonic_reads,network_partition,writer-1,write,mr-0b32a7fd-51a0-4d9c-ba8d-4bb0100759c0,1271,,,QUORUM,cassandra-1,True,False,5.845,2026-09-16T06:28:30.835756+00:00,
0b32a7fd-51a0-4d9c-ba8d-4bb0100759c0,monotonic_reads,network_partition,writer-1,write,mr-0b32a7fd-51a0-4d9c-ba8d-4bb0100759c0,1272,,,QUORUM,cassandra-1,True,False,4.488,2026-09-16T06:28:30.863648+00:00,
0b32a7fd-51a0-4d9c-ba8d-4bb0100759c0,monotonic_reads,network_partition,writer-1,write,mr-0b32a7fd-51a0-4d9c-ba8d-4bb0100759c0,1273,,,QUORUM,cassandra-1,True,False,5.425,2026-09-16T06:28:30.891580+00:00,
0b32a7fd-51a0-4d9c-ba8d-4bb0100759c0,monotonic_reads,network_partition,writer-1,write,mr-0b32a7fd-51a0-4d9c-ba8d-4bb0100759c0,1274,,,QUORUM,cassandra-1,True,False,5.063,2026-09-16T06:28:30.919697+00:00,
0b32a7fd-51a0-4d9c-ba8d-4bb0100759c0,monotonic_reads,network_partition,writer-1,write,mr-0b32a7fd-51a0-4d9c-ba8d-4bb0100759c0,1275,,,QUORUM,cassandra-1,True,False,4.823,2026-09-16T06:28:30.948894+00:00,
0b32a7fd-51a0-4d9c-ba8d-4bb0100759c0,monotonic_reads,network_partition,writer-1,write,mr-0b32a7fd-51a0-4d9c-ba8d-4bb0100759c0,1276,,,QUORUM,cassandra-1,True,False,3.962,2026-09-16T06:28:30.976643+00:00,
0b32a7fd-51a0-4d9c-ba8d-4bb0100759c0,monotonic_reads,network_partition,writer-1,write,mr-0b32a7fd-51a0-4d9c-ba8d-4bb0100759c0,1277,,,QUORUM,cassandra-1,True,False,3.787,2026-09-16T06:28:31.003340+00:00,
0b32a7fd-51a0-4d9c-ba8d-4bb0100759c0,monotonic_reads,network_partition,writer-1,write,mr-0b32a7fd-51a0-4d9c-ba8d-4bb0100759c0,1278,,,QUORUM,cassandra-1,True,False,5.044,2026-09-16T06:28:31.029678+00:00,
0b32a7fd-51a0-4d9c-ba8d-4bb0100759c0,monotonic_reads,network_partition,writer-1,write,mr-0b32a7fd-51a0-4d9c-ba8d-4bb0100759c0,1279,,,QUORUM,cassandra-1,True,False,3.686,2026-09-16T06:28:31.055362+00:00,
0b32a7fd-51a0-4d9c-ba8d-4bb0100759c0,monotonic_reads,network_partition,writer-1,write,mr-0b32a7fd-51a0-4d9c-ba8d-4bb0100759c0,1280,,,QUORUM,cassandra-1,True,False,3.235,2026-09-16T06:28:31.079334+00:00,
0b32a7fd-51a0-4d9c-ba8d-4bb0100759c0,monotonic_reads,network_partition,writer-1,write,mr-0b32a7fd-51a0-4d9c-ba8d-4bb0100759c0,1281,,,QUORUM,cassandra-1,True,False,2.838,2026-09-16T06:28:31.104440+00:00,
0b32a7fd-51a0-4d9c-ba8d-4bb0100759c0,monotonic_reads,network_partition,writer-1,write,mr-0b32a7fd-51a0-4d9c-ba8d-4bb0100759c0,1282,,,QUORUM,cassandra-1,True,False,3.49,2026-09-16T06:28:31.131464+00:00,
0b32a7fd-51a0-4d9c-ba8d-4bb0100759c0,monotonic_reads,network_partition,writer-1,write,mr-0b32a7fd-51a0-4d9c-ba8d-4bb0100759c0,1283,,,QUORUM,cassandra-1,True,False,3.938,2026-09-16T06:28:31.156492+00:00,
0b32a7fd-51a0-4d9c-ba8d-4bb0100759c0,monotonic_reads,network_partition,writer-1,write,mr-0b32a7fd-51a0-4d9c-ba8d-4bb0100759c0,1284,,,QUORUM,cassandra-1,True,False,4.025,2026-09-16T06:28:31.183487+00:00,
0b32a7fd-51a0-4d9c-ba8d-4bb0100759c0,monotonic_reads,network_partition,writer-1,write,mr-0b32a7fd-51a0-4d9c-ba8d-4bb0100759c0,1285,,,QUORUM,cassandra-1,True,False,4.744,2026-09-16T06:28:31.208539+00:00,
0b32a7fd-51a0-4d9c-ba8d-4bb0100759c0,monotonic_reads,network_partition,writer-1,write,mr-0b32a7fd-51a0-4d9c-ba8d-4bb0100759c0,1286,,,QUORUM,cassandra-1,True,False,3.764,2026-09-16T06:28:31.237468+00:00,
0b32a7fd-51a0-4d9c-ba8d-4bb0100759c0,monotonic_reads,network_partition,writer-1,write,mr-0b32a7fd-51a0-4d9c-ba8d-4bb0100759c0,1287,,,QUORUM,cassandra-1,True,False,4.917,2026-09-16T06:28:31.266763+00:00,
0b32a7fd-51a0-4d9c-ba8d-4bb0100759c0,monotonic_reads,network_partition,writer-1,write,mr-0b32a7fd-51a0-4d9c-ba8d-4bb0100759c0,1288,,,QUORUM,cassandra-1,True,False,5.03,2026-09-16T06:28:31.296863+00:00,
0b32a7fd-51a0-4d9c-ba8d-4bb0100759c0,monotonic_reads,network_partition,writer-1,write,mr-0b32a7fd-51a0-4d9c-ba8d-4bb0100759c0,1289,,,QUORUM,cassandra-1,True,False,4.96,2026-09-16T06:28:31.323618+00:00,
0b32a7fd-51a0-4d9c-ba8d-4bb0100759c0,monotonic_reads,network_partition,writer-1,write,mr-0b32a7fd-51a0-4d9c-ba8d-4bb0100759c0,1290,,,QUORUM,cassandra-1,True,False,5.54,2026-09-16T06:28:31.353104+00:00,
0b32a7fd-51a0-4d9c-ba8d-4bb0100759c0,monotonic_reads,network_partition,writer-1,write,mr-0b32a7fd-51a0-4d9c-ba8d-4bb0100759c0,1291,,,QUORUM,cassandra-1,True,False,5.356,2026-09-16T06:28:31.380907+00:00,
0b32a7fd-51a0-4d9c-ba8d-4bb0100759c0,monotonic_reads,network_partition,writer-1,write,mr-0b32a7fd-51a0-4d9c-ba8d-4bb0100759c0,1292,,,QUORUM,cassandra-1,True,False,4.159,2026-09-16T06:28:31.409510+00:00,
0b32a7fd-51a0-4d9c-ba8d-4bb0100759c0,monotonic_reads,network_partition,writer-1,write,mr-0b32a7fd-51a0-4d9c-ba8d-4bb0100759c0,1293,,,QUORUM,cassandra-1,True,False,5.001,2026-09-16T06:28:31.435649+00:00,
0b32a7fd-51a0-4d9c-ba8d-4bb0100759c0,monotonic_reads,network_partition,writer-1,write,mr-0b32a7fd-51a0-4d9c-ba8d-4bb0100759c0,1294,,,QUORUM,cassandra-1,True,False,4.948,2026-09-16T06:28:31.462603+00:00,
0b32a7fd-51a0-4d9c-ba8d-4bb0100759c0,monotonic_reads,network_partition,writer-1,write,mr-0b32a7fd-51a0-4d9c-ba8d-4bb0100759c0,1295,,,QUORUM,cassandra-1,True,False,2.994,2026-09-16T06:28:31.489158+00:00,
0b32a7fd-51a0-4d9c-ba8d-4bb0100759c0,monotonic_reads,network_partition,writer-1,write,mr-0b32a7fd-51a0-4d9c-ba8d-4bb0100759c0,1296,,,QUORUM,cassandra-1,True,False,4.072,2026-09-16T06:28:31.515712+00:00,
0b32a7fd-51a0-4d9c-ba8d-4bb0100759c0,monotonic_reads,network_partition,writer-1,write,mr-0b32a7fd-51a0-4d9c-ba8d-4bb0100759c0,1297,,,QUORUM,cassandra-1,True,False,4.894,2026-09-16T06:28:31.542780+00:00,
0b32a7fd-51a0-4d9c-ba8d-4bb0100759c0,monotonic_reads,network_partition,writer-1,write,mr-0b32a7fd-51a0-4d9c-ba8d-4bb0100759c0,1298,,,QUORUM,cassandra-1,True,False,4.998,2026-09-16T06:28:31.569658+00:00,
0b32a7fd-51a0-4d9c-ba8d-4bb0100759c0,monotonic_reads,network_partition,writer-1,write,mr-0b32a7fd-51a0-4d9c-ba8d-4bb0100759c0,1299,,,QUORUM,cassandra-1,True,False,4.913,2026-09-16T06:28:31.599801+00:00,
0b32a7fd-51a0-4d9c-ba8d-4bb0100759c0,monotonic_reads,network_partition,writer-1,write,mr-0b32a7fd-51a0-4d9c-ba8d-4bb0100759c0,1300,,,QUORUM,cassandra-1,True,False,4.802,2026-09-16T06:28:31.629874+00:00,
0b32a7fd-51a0-4d9c-ba8d-4bb0100759c0,monotonic_reads,network_partition,writer-1,write,mr-0b32a7fd-51a0-4d9c-ba8d-4bb0100759c0,1301,,,QUORUM,cassandra-1,True,False,3.881,2026-09-16T06:28:31.656510+00:00,
0b32a7fd-51a0-4d9c-ba8d-4bb0100759c0,monotonic_reads,network_partition,writer-1,write,mr-0b32a7fd-51a0-4d9c-ba8d-4bb0100759c0,1302,,,QUORUM,cassandra-1,True,False,5.735,2026-09-16T06:28:31.687307+00:00,
0b32a7fd-51a0-4d9c-ba8d-4bb0100759c0,monotonic_reads,network_partition,writer-1,write,mr-0b32a7fd-51a0-4d9c-ba8d-4bb0100759c0,1303,,,QUORUM,cassandra-1,True,False,4.772,2026-09-16T06:28:31.714530+00:00,
0b32a7fd-51a0-4d9c-ba8d-4bb0100759c0,monotonic_reads,network_partition,writer-1,write,mr-0b32a7fd-51a0-4d9c-ba8d-4bb0100759c0,1304,,,QUORUM,cassandra-1,True,False,5.02,2026-09-16T06:28:31.744769+00:00,
0b32a7fd-51a0-4d9c-ba8d-4bb0100759c0,monotonic_reads,network_partition,writer-1,write,mr-0b32a7fd-51a0-4d9c-ba8d-4bb0100759c0,1305,,,QUORUM,cassandra-1,True,False,5.295,2026-09-16T06:28:31.771084+00:00,
0b32a7fd-51a0-4d9c-ba8d-4bb0100759c0,monotonic_reads,network_partition,writer-1,write,mr-0b32a7fd-51a0-4d9c-ba8d-4bb0100759c0,1306,,,QUORUM,cassandra-1,True,False,5.15,2026-09-16T06:28:31.797855+00:00,
0b32a7fd-51a0-4d9c-ba8d-4bb0100759c0,monotonic_reads,network_partition,writer-1,write,mr-0b32a7fd-51a0-4d9c-ba8d-4bb0100759c0,1307,,,QUORUM,cassandra-1,True,False,4.962,2026-09-16T06:28:31.827889+00:00,
0b32a7fd-51a0-4d9c-ba8d-4bb0100759c0,monotonic_reads,network_partition,writer-1,write,mr-0b32a7fd-51a0-4d9c-ba8d-4bb0100759c0,1308,,,QUORUM,cassandra-1,True,False,4.08,2026-09-16T06:28:31.853697+00:00,
0b32a7fd-51a0-4d9c-ba8d-4bb0100759c0,monotonic_reads,network_partition,writer-1,write,mr-0b32a7fd-51a0-4d9c-ba8d-4bb0100759c0,1309,,,QUORUM,cassandra-1,True,False,4.403,2026-09-16T06:28:31.878571+00:00,
0b32a7fd-51a0-4d9c-ba8d-4bb0100759c0,monotonic_reads,network_partition,writer-1,write,mr-0b32a7fd-51a0-4d9c-ba8d-4bb0100759c0,1310,,,QUORUM,cassandra-1,True,False,3.808,2026-09-16T06:28:31.903464+00:00,
0b32a7fd-51a0-4d9c-ba8d-4bb0100759c0,monotonic_reads,network_partition,writer-1,write,mr-0b32a7fd-51a0-4d9c-ba8d-4bb0100759c0,1311,,,QUORUM,cassandra-1,True,False,4.696,2026-09-16T06:28:31.932776+00:00,
0b32a7fd-51a0-4d9c-ba8d-4bb0100759c0,monotonic_reads,network_partition,writer-1,write,mr-0b32a7fd-51a0-4d9c-ba8d-4bb0100759c0,1312,,,QUORUM,cassandra-1,True,False,3.493,2026-09-16T06:28:31.961465+00:00,
0b32a7fd-51a0-4d9c-ba8d-4bb0100759c0,monotonic_reads,network_partition,writer-1,write,mr-0b32a7fd-51a0-4d9c-ba8d-4bb0100759c0,1313,,,QUORUM,cassandra-1,True,False,4.769,2026-09-16T06:28:31.988596+00:00,
0b32a7fd-51a0-4d9c-ba8d-4bb0100759c0,monotonic_reads,network_partition,writer-1,write,mr-0b32a7fd-51a0-4d9c-ba8d-4bb0100759c0,1314,,,QUORUM,cassandra-1,True,False,4.63,2026-09-16T06:28:32.013444+00:00,
0b32a7fd-51a0-4d9c-ba8d-4bb0100759c0,monotonic_reads,network_partition,writer-1,write,mr-0b32a7fd-51a0-4d9c-ba8d-4bb0100759c0,1315,,,QUORUM,cassandra-1,True,False,3.866,2026-09-16T06:28:32.042387+00:00,
0b32a7fd-51a0-4d9c-ba8d-4bb0100759c0,monotonic_reads,network_partition,writer-1,write,mr-0b32a7fd-51a0-4d9c-ba8d-4bb0100759c0,1316,,,QUORUM,cassandra-1,True,False,4.442,2026-09-16T06:28:32.071885+00:00,
0b32a7fd-51a0-4d9c-ba8d-4bb0100759c0,monotonic_reads,network_partition,writer-1,write,mr-0b32a7fd-51a0-4d9c-ba8d-4bb0100759c0,1317,,,QUORUM,cassandra-1,True,False,2.275,2026-09-16T06:28:32.097877+00:00,
0b32a7fd-51a0-4d9c-ba8d-4bb0100759c0,monotonic_reads,network_partition,writer-1,write,mr-0b32a7fd-51a0-4d9c-ba8d-4bb0100759c0,1318,,,QUORUM,cassandra-1,True,False,2.583,2026-09-16T06:28:32.123125+00:00,
0b32a7fd-51a0-4d9c-ba8d-4bb0100759c0,monotonic_reads,network_partition,writer-1,write,mr-0b32a7fd-51a0-4d9c-ba8d-4bb0100759c0,1319,,,QUORUM,cassandra-1,True,False,3.286,2026-09-16T06:28:32.151603+00:00,
0b32a7fd-51a0-4d9c-ba8d-4bb0100759c0,monotonic_reads,network_partition,writer-1,write,mr-0b32a7fd-51a0-4d9c-ba8d-4bb0100759c0,1320,,,QUORUM,cassandra-1,True,False,4.154,2026-09-16T06:28:32.180669+00:00,
0b32a7fd-51a0-4d9c-ba8d-4bb0100759c0,monotonic_reads,network_partition,writer-1,write,mr-0b32a7fd-51a0-4d9c-ba8d-4bb0100759c0,1321,,,QUORUM,cassandra-1,True,False,4.733,2026-09-16T06:28:32.205655+00:00,
0b32a7fd-51a0-4d9c-ba8d-4bb0100759c0,monotonic_reads,network_partition,writer-1,write,mr-0b32a7fd-51a0-4d9c-ba8d-4bb0100759c0,1322,,,QUORUM,cassandra-1,True,False,4.777,2026-09-16T06:28:32.235653+00:00,
0b32a7fd-51a0-4d9c-ba8d-4bb0100759c0,monotonic_reads,network_partition,writer-1,write,mr-0b32a7fd-51a0-4d9c-ba8d-4bb0100759c0,1323,,,QUORUM,cassandra-1,True,False,5.29,2026-09-16T06:28:32.261669+00:00,
0b32a7fd-51a0-4d9c-ba8d-4bb0100759c0,monotonic_reads,network_partition,writer-1,write,mr-0b32a7fd-51a0-4d9c-ba8d-4bb0100759c0,1324,,,QUORUM,cassandra-1,True,False,4.786,2026-09-16T06:28:32.288689+00:00,
0b32a7fd-51a0-4d9c-ba8d-4bb0100759c0,monotonic_reads,network_partition,writer-1,write,mr-0b32a7fd-51a0-4d9c-ba8d-4bb0100759c0,1325,,,QUORUM,cassandra-1,True,False,5.115,2026-09-16T06:28:32.314800+00:00,
0b32a7fd-51a0-4d9c-ba8d-4bb0100759c0,monotonic_reads,network_partition,writer-1,write,mr-0b32a7fd-51a0-4d9c-ba8d-4bb0100759c0,1326,,,QUORUM,cassandra-1,True,False,5.089,2026-09-16T06:28:32.344995+00:00,
0b32a7fd-51a0-4d9c-ba8d-4bb0100759c0,monotonic_reads,network_partition,writer-1,write,mr-0b32a7fd-51a0-4d9c-ba8d-4bb0100759c0,1327,,,QUORUM,cassandra-1,True,False,5.261,2026-09-16T06:28:32.374724+00:00,
0b32a7fd-51a0-4d9c-ba8d-4bb0100759c0,monotonic_reads,network_partition,writer-1,write,mr-0b32a7fd-51a0-4d9c-ba8d-4bb0100759c0,1328,,,QUORUM,cassandra-1,True,False,4.906,2026-09-16T06:28:32.402893+00:00,
0b32a7fd-51a0-4d9c-ba8d-4bb0100759c0,monotonic_reads,network_partition,writer-1,write,mr-0b32a7fd-51a0-4d9c-ba8d-4bb0100759c0,1329,,,QUORUM,cassandra-1,True,False,4.564,2026-09-16T06:28:32.429744+00:00,
0b32a7fd-51a0-4d9c-ba8d-4bb0100759c0,monotonic_reads,network_partition,writer-1,write,mr-0b32a7fd-51a0-4d9c-ba8d-4bb0100759c0,1330,,,QUORUM,cassandra-1,True,False,5.209,2026-09-16T06:28:32.456863+00:00,
0b32a7fd-51a0-4d9c-ba8d-4bb0100759c0,monotonic_reads,network_partition,writer-1,write,mr-0b32a7fd-51a0-4d9c-ba8d-4bb0100759c0,1331,,,QUORUM,cassandra-1,True,False,4.909,2026-09-16T06:28:32.482909+00:00,
0b32a7fd-51a0-4d9c-ba8d-4bb0100759c0,monotonic_reads,network_partition,writer-1,write,mr-0b32a7fd-51a0-4d9c-ba8d-4bb0100759c0,1332,,,QUORUM,cassandra-1,True,False,4.678,2026-09-16T06:28:32.510581+00:00,
0b32a7fd-51a0-4d9c-ba8d-4bb0100759c0,monotonic_reads,network_partition,writer-1,write,mr-0b32a7fd-51a0-4d9c-ba8d-4bb0100759c0,1333,,,QUORUM,cassandra-1,True,False,4.693,2026-09-16T06:28:32.538627+00:00,
0b32a7fd-51a0-4d9c-ba8d-4bb0100759c0,monotonic_reads,network_partition,writer-1,write,mr-0b32a7fd-51a0-4d9c-ba8d-4bb0100759c0,1334,,,QUORUM,cassandra-1,True,False,5.129,2026-09-16T06:28:32.564770+00:00,
0b32a7fd-51a0-4d9c-ba8d-4bb0100759c0,monotonic_reads,network_partition,writer-1,write,mr-0b32a7fd-51a0-4d9c-ba8d-4bb0100759c0,1335,,,QUORUM,cassandra-1,True,False,5.271,2026-09-16T06:28:32.590733+00:00,
0b32a7fd-51a0-4d9c-ba8d-4bb0100759c0,monotonic_reads,network_partition,writer-1,write,mr-0b32a7fd-51a0-4d9c-ba8d-4bb0100759c0,1336,,,QUORUM,cassandra-1,True,False,5.524,2026-09-16T06:28:32.620040+00:00,
0b32a7fd-51a0-4d9c-ba8d-4bb0100759c0,monotonic_reads,network_partition,writer-1,write,mr-0b32a7fd-51a0-4d9c-ba8d-4bb0100759c0,1337,,,QUORUM,cassandra-1,True,False,5.47,2026-09-16T06:28:32.650716+00:00,
0b32a7fd-51a0-4d9c-ba8d-4bb0100759c0,monotonic_reads,network_partition,writer-1,write,mr-0b32a7fd-51a0-4d9c-ba8d-4bb0100759c0,1338,,,QUORUM,cassandra-1,True,False,4.492,2026-09-16T06:28:32.676510+00:00,
0b32a7fd-51a0-4d9c-ba8d-4bb0100759c0,monotonic_reads,network_partition,writer-1,write,mr-0b32a7fd-51a0-4d9c-ba8d-4bb0100759c0,1339,,,QUORUM,cassandra-1,True,False,5.226,2026-09-16T06:28:32.705816+00:00,
0b32a7fd-51a0-4d9c-ba8d-4bb0100759c0,monotonic_reads,network_partition,writer-1,write,mr-0b32a7fd-51a0-4d9c-ba8d-4bb0100759c0,1340,,,QUORUM,cassandra-1,True,False,5.281,2026-09-16T06:28:32.731807+00:00,
0b32a7fd-51a0-4d9c-ba8d-4bb0100759c0,monotonic_reads,network_partition,writer-1,write,mr-0b32a7fd-51a0-4d9c-ba8d-4bb0100759c0,1341,,,QUORUM,cassandra-1,True,False,4.848,2026-09-16T06:28:32.758489+00:00,
0b32a7fd-51a0-4d9c-ba8d-4bb0100759c0,monotonic_reads,network_partition,writer-1,write,mr-0b32a7fd-51a0-4d9c-ba8d-4bb0100759c0,1342,,,QUORUM,cassandra-1,True,False,4.809,2026-09-16T06:28:32.787830+00:00,
0b32a7fd-51a0-4d9c-ba8d-4bb0100759c0,monotonic_reads,network_partition,writer-1,write,mr-0b32a7fd-51a0-4d9c-ba8d-4bb0100759c0,1343,,,QUORUM,cassandra-1,True,False,5.551,2026-09-16T06:28:32.815110+00:00,
0b32a7fd-51a0-4d9c-ba8d-4bb0100759c0,monotonic_reads,network_partition,writer-1,write,mr-0b32a7fd-51a0-4d9c-ba8d-4bb0100759c0,1344,,,QUORUM,cassandra-1,True,False,5.054,2026-09-16T06:28:32.841709+00:00,
0b32a7fd-51a0-4d9c-ba8d-4bb0100759c0,monotonic_reads,network_partition,writer-1,write,mr-0b32a7fd-51a0-4d9c-ba8d-4bb0100759c0,1345,,,QUORUM,cassandra-1,True,False,4.629,2026-09-16T06:28:32.867634+00:00,
0b32a7fd-51a0-4d9c-ba8d-4bb0100759c0,monotonic_reads,network_partition,writer-1,write,mr-0b32a7fd-51a0-4d9c-ba8d-4bb0100759c0,1346,,,QUORUM,cassandra-1,True,False,4.969,2026-09-16T06:28:32.897790+00:00,
0b32a7fd-51a0-4d9c-ba8d-4bb0100759c0,monotonic_reads,network_partition,writer-1,write,mr-0b32a7fd-51a0-4d9c-ba8d-4bb0100759c0,1347,,,QUORUM,cassandra-1,True,False,5.174,2026-09-16T06:28:32.923731+00:00,
0b32a7fd-51a0-4d9c-ba8d-4bb0100759c0,monotonic_reads,network_partition,writer-1,write,mr-0b32a7fd-51a0-4d9c-ba8d-4bb0100759c0,1348,,,QUORUM,cassandra-1,True,False,5.008,2026-09-16T06:28:32.952620+00:00,
0b32a7fd-51a0-4d9c-ba8d-4bb0100759c0,monotonic_reads,network_partition,writer-1,write,mr-0b32a7fd-51a0-4d9c-ba8d-4bb0100759c0,1349,,,QUORUM,cassandra-1,True,False,5.016,2026-09-16T06:28:32.982541+00:00,
0b32a7fd-51a0-4d9c-ba8d-4bb0100759c0,monotonic_reads,network_partition,writer-1,write,mr-0b32a7fd-51a0-4d9c-ba8d-4bb0100759c0,1350,,,QUORUM,cassandra-1,True,False,5.071,2026-09-16T06:28:33.012842+00:00,
0b32a7fd-51a0-4d9c-ba8d-4bb0100759c0,monotonic_reads,network_partition,writer-1,write,mr-0b32a7fd-51a0-4d9c-ba8d-4bb0100759c0,1351,,,QUORUM,cassandra-1,True,False,4.725,2026-09-16T06:28:33.039671+00:00,
0b32a7fd-51a0-4d9c-ba8d-4bb0100759c0,monotonic_reads,network_partition,writer-1,write,mr-0b32a7fd-51a0-4d9c-ba8d-4bb0100759c0,1352,,,QUORUM,cassandra-1,True,False,5.081,2026-09-16T06:28:33.068654+00:00,
0b32a7fd-51a0-4d9c-ba8d-4bb0100759c0,monotonic_reads,network_partition,writer-1,write,mr-0b32a7fd-51a0-4d9c-ba8d-4bb0100759c0,1353,,,QUORUM,cassandra-1,True,False,5.047,2026-09-16T06:28:33.097696+00:00,
0b32a7fd-51a0-4d9c-ba8d-4bb0100759c0,monotonic_reads,network_partition,writer-1,write,mr-0b32a7fd-51a0-4d9c-ba8d-4bb0100759c0,1354,,,QUORUM,cassandra-1,True,False,5.173,2026-09-16T06:28:33.127802+00:00,
0b32a7fd-51a0-4d9c-ba8d-4bb0100759c0,monotonic_reads,network_partition,writer-1,write,mr-0b32a7fd-51a0-4d9c-ba8d-4bb0100759c0,1355,,,QUORUM,cassandra-1,True,False,5.143,2026-09-16T06:28:33.156763+00:00,
0b32a7fd-51a0-4d9c-ba8d-4bb0100759c0,monotonic_reads,network_partition,writer-1,write,mr-0b32a7fd-51a0-4d9c-ba8d-4bb0100759c0,1356,,,QUORUM,cassandra-1,True,False,5.293,2026-09-16T06:28:33.183863+00:00,
0b32a7fd-51a0-4d9c-ba8d-4bb0100759c0,monotonic_reads,network_partition,writer-1,write,mr-0b32a7fd-51a0-4d9c-ba8d-4bb0100759c0,1357,,,QUORUM,cassandra-1,True,False,5.081,2026-09-16T06:28:33.211729+00:00,
0b32a7fd-51a0-4d9c-ba8d-4bb0100759c0,monotonic_reads,network_partition,writer-1,write,mr-0b32a7fd-51a0-4d9c-ba8d-4bb0100759c0,1358,,,QUORUM,cassandra-1,True,False,5.132,2026-09-16T06:28:33.237774+00:00,
0b32a7fd-51a0-4d9c-ba8d-4bb0100759c0,monotonic_reads,network_partition,writer-1,write,mr-0b32a7fd-51a0-4d9c-ba8d-4bb0100759c0,1359,,,QUORUM,cassandra-1,True,False,5.221,2026-09-16T06:28:33.265850+00:00,
0b32a7fd-51a0-4d9c-ba8d-4bb0100759c0,monotonic_reads,network_partition,writer-1,write,mr-0b32a7fd-51a0-4d9c-ba8d-4bb0100759c0,1360,,,QUORUM,cassandra-1,True,False,4.515,2026-09-16T06:28:33.294549+00:00,
0b32a7fd-51a0-4d9c-ba8d-4bb0100759c0,monotonic_reads,network_partition,writer-1,write,mr-0b32a7fd-51a0-4d9c-ba8d-4bb0100759c0,1361,,,QUORUM,cassandra-1,True,False,5.176,2026-09-16T06:28:33.322810+00:00,
0b32a7fd-51a0-4d9c-ba8d-4bb0100759c0,monotonic_reads,network_partition,writer-1,write,mr-0b32a7fd-51a0-4d9c-ba8d-4bb0100759c0,1362,,,QUORUM,cassandra-1,True,False,5.121,2026-09-16T06:28:33.348794+00:00,
0b32a7fd-51a0-4d9c-ba8d-4bb0100759c0,monotonic_reads,network_partition,writer-1,write,mr-0b32a7fd-51a0-4d9c-ba8d-4bb0100759c0,1363,,,QUORUM,cassandra-1,True,False,5.3,2026-09-16T06:28:33.375950+00:00,
0b32a7fd-51a0-4d9c-ba8d-4bb0100759c0,monotonic_reads,network_partition,writer-1,write,mr-0b32a7fd-51a0-4d9c-ba8d-4bb0100759c0,1364,,,QUORUM,cassandra-1,True,False,5.244,2026-09-16T06:28:33.405848+00:00,
0b32a7fd-51a0-4d9c-ba8d-4bb0100759c0,monotonic_reads,network_partition,reader-1,read,mr-0b32a7fd-51a0-4d9c-ba8d-4bb0100759c0,,1364,QUORUM,QUORUM,cassandra-3,True,False,5043.429,2026-09-16T06:28:33.424259+00:00,
0b32a7fd-51a0-4d9c-ba8d-4bb0100759c0,monotonic_reads,network_partition,writer-1,write,mr-0b32a7fd-51a0-4d9c-ba8d-4bb0100759c0,1365,,,QUORUM,cassandra-1,True,False,3.75,2026-09-16T06:28:33.433387+00:00,
0b32a7fd-51a0-4d9c-ba8d-4bb0100759c0,monotonic_reads,network_partition,reader-1,read,mr-0b32a7fd-51a0-4d9c-ba8d-4bb0100759c0,,1365,QUORUM,QUORUM,cassandra-1,True,False,4.203,2026-09-16T06:28:33.439836+00:00,
0b32a7fd-51a0-4d9c-ba8d-4bb0100759c0,monotonic_reads,network_partition,reader-1,read,mr-0b32a7fd-51a0-4d9c-ba8d-4bb0100759c0,,1365,QUORUM,QUORUM,cassandra-2,True,False,4.546,2026-09-16T06:28:33.456196+00:00,
0b32a7fd-51a0-4d9c-ba8d-4bb0100759c0,monotonic_reads,network_partition,writer-1,write,mr-0b32a7fd-51a0-4d9c-ba8d-4bb0100759c0,1366,,,QUORUM,cassandra-1,True,False,4.652,2026-09-16T06:28:33.462619+00:00,
0b32a7fd-51a0-4d9c-ba8d-4bb0100759c0,monotonic_reads,network_partition,reader-1,read,mr-0b32a7fd-51a0-4d9c-ba8d-4bb0100759c0,,1366,QUORUM,QUORUM,cassandra-3,True,False,5.415,2026-09-16T06:28:33.473571+00:00,
0b32a7fd-51a0-4d9c-ba8d-4bb0100759c0,monotonic_reads,network_partition,reader-1,read,mr-0b32a7fd-51a0-4d9c-ba8d-4bb0100759c0,,1366,QUORUM,QUORUM,cassandra-1,True,False,5.031,2026-09-16T06:28:33.491278+00:00,
0b32a7fd-51a0-4d9c-ba8d-4bb0100759c0,monotonic_reads,network_partition,writer-1,write,mr-0b32a7fd-51a0-4d9c-ba8d-4bb0100759c0,1367,,,QUORUM,cassandra-1,True,False,4.186,2026-09-16T06:28:33.491657+00:00,
0b32a7fd-51a0-4d9c-ba8d-4bb0100759c0,monotonic_reads,network_partition,reader-1,read,mr-0b32a7fd-51a0-4d9c-ba8d-4bb0100759c0,,1367,QUORUM,QUORUM,cassandra-2,True,False,5.815,2026-09-16T06:28:33.509469+00:00,
0b32a7fd-51a0-4d9c-ba8d-4bb0100759c0,monotonic_reads,network_partition,writer-1,write,mr-0b32a7fd-51a0-4d9c-ba8d-4bb0100759c0,1368,,,QUORUM,cassandra-1,True,False,4.884,2026-09-16T06:28:33.517505+00:00,
0b32a7fd-51a0-4d9c-ba8d-4bb0100759c0,monotonic_reads,network_partition,reader-1,read,mr-0b32a7fd-51a0-4d9c-ba8d-4bb0100759c0,,1368,QUORUM,QUORUM,cassandra-3,True,False,5.37,2026-09-16T06:28:33.526036+00:00,
0b32a7fd-51a0-4d9c-ba8d-4bb0100759c0,monotonic_reads,network_partition,reader-1,read,mr-0b32a7fd-51a0-4d9c-ba8d-4bb0100759c0,,1368,QUORUM,QUORUM,cassandra-1,True,False,5.453,2026-09-16T06:28:33.542317+00:00,
0b32a7fd-51a0-4d9c-ba8d-4bb0100759c0,monotonic_reads,network_partition,writer-1,write,mr-0b32a7fd-51a0-4d9c-ba8d-4bb0100759c0,1369,,,QUORUM,cassandra-1,True,False,3.732,2026-09-16T06:28:33.544283+00:00,
0b32a7fd-51a0-4d9c-ba8d-4bb0100759c0,monotonic_reads,network_partition,reader-1,read,mr-0b32a7fd-51a0-4d9c-ba8d-4bb0100759c0,,1369,QUORUM,QUORUM,cassandra-2,True,False,6.614,2026-09-16T06:28:33.559228+00:00,
0b32a7fd-51a0-4d9c-ba8d-4bb0100759c0,monotonic_reads,network_partition,writer-1,write,mr-0b32a7fd-51a0-4d9c-ba8d-4bb0100759c0,1370,,,QUORUM,cassandra-1,True,False,5.078,2026-09-16T06:28:33.573711+00:00,
0b32a7fd-51a0-4d9c-ba8d-4bb0100759c0,monotonic_reads,network_partition,reader-1,read,mr-0b32a7fd-51a0-4d9c-ba8d-4bb0100759c0,,1370,QUORUM,QUORUM,cassandra-3,True,False,7.743,2026-09-16T06:28:33.578112+00:00,
0b32a7fd-51a0-4d9c-ba8d-4bb0100759c0,monotonic_reads,network_partition,reader-1,read,mr-0b32a7fd-51a0-4d9c-ba8d-4bb0100759c0,,1370,QUORUM,QUORUM,cassandra-1,True,False,5.48,2026-09-16T06:28:33.593954+00:00,
0b32a7fd-51a0-4d9c-ba8d-4bb0100759c0,monotonic_reads,network_partition,writer-1,write,mr-0b32a7fd-51a0-4d9c-ba8d-4bb0100759c0,1371,,,QUORUM,cassandra-1,True,False,3.737,2026-09-16T06:28:33.598344+00:00,
0b32a7fd-51a0-4d9c-ba8d-4bb0100759c0,monotonic_reads,network_partition,reader-1,read,mr-0b32a7fd-51a0-4d9c-ba8d-4bb0100759c0,,1371,QUORUM,QUORUM,cassandra-2,True,False,5.353,2026-09-16T06:28:33.611007+00:00,
0b32a7fd-51a0-4d9c-ba8d-4bb0100759c0,monotonic_reads,network_partition,writer-1,write,mr-0b32a7fd-51a0-4d9c-ba8d-4bb0100759c0,1372,,,QUORUM,cassandra-1,True,False,4.755,2026-09-16T06:28:33.625331+00:00,
0b32a7fd-51a0-4d9c-ba8d-4bb0100759c0,monotonic_reads,network_partition,reader-1,read,mr-0b32a7fd-51a0-4d9c-ba8d-4bb0100759c0,,1372,QUORUM,QUORUM,cassandra-3,True,False,6.035,2026-09-16T06:28:33.628977+00:00,
0b32a7fd-51a0-4d9c-ba8d-4bb0100759c0,monotonic_reads,network_partition,reader-1,read,mr-0b32a7fd-51a0-4d9c-ba8d-4bb0100759c0,,1372,QUORUM,QUORUM,cassandra-1,True,False,6.305,2026-09-16T06:28:33.646450+00:00,
0b32a7fd-51a0-4d9c-ba8d-4bb0100759c0,monotonic_reads,network_partition,writer-1,write,mr-0b32a7fd-51a0-4d9c-ba8d-4bb0100759c0,1373,,,QUORUM,cassandra-1,True,False,3.832,2026-09-16T06:28:33.650488+00:00,
0b32a7fd-51a0-4d9c-ba8d-4bb0100759c0,monotonic_reads,network_partition,reader-1,read,mr-0b32a7fd-51a0-4d9c-ba8d-4bb0100759c0,,1373,QUORUM,QUORUM,cassandra-2,True,False,4.25,2026-09-16T06:28:33.661883+00:00,
0b32a7fd-51a0-4d9c-ba8d-4bb0100759c0,monotonic_reads,network_partition,writer-1,write,mr-0b32a7fd-51a0-4d9c-ba8d-4bb0100759c0,1374,,,QUORUM,cassandra-1,True,False,4.011,2026-09-16T06:28:33.678664+00:00,
0b32a7fd-51a0-4d9c-ba8d-4bb0100759c0,monotonic_reads,network_partition,reader-1,read,mr-0b32a7fd-51a0-4d9c-ba8d-4bb0100759c0,,1373,QUORUM,QUORUM,cassandra-3,True,False,5.836,2026-09-16T06:28:33.679473+00:00,
0b32a7fd-51a0-4d9c-ba8d-4bb0100759c0,monotonic_reads,network_partition,reader-1,read,mr-0b32a7fd-51a0-4d9c-ba8d-4bb0100759c0,,1374,QUORUM,QUORUM,cassandra-1,True,False,6.531,2026-09-16T06:28:33.698178+00:00,
0b32a7fd-51a0-4d9c-ba8d-4bb0100759c0,monotonic_reads,network_partition,writer-1,write,mr-0b32a7fd-51a0-4d9c-ba8d-4bb0100759c0,1375,,,QUORUM,cassandra-1,True,False,3.77,2026-09-16T06:28:33.707238+00:00,
0b32a7fd-51a0-4d9c-ba8d-4bb0100759c0,monotonic_reads,network_partition,reader-1,read,mr-0b32a7fd-51a0-4d9c-ba8d-4bb0100759c0,,1375,QUORUM,QUORUM,cassandra-2,True,False,7.161,2026-09-16T06:28:33.717679+00:00,
0b32a7fd-51a0-4d9c-ba8d-4bb0100759c0,monotonic_reads,network_partition,reader-1,read,mr-0b32a7fd-51a0-4d9c-ba8d-4bb0100759c0,,1375,QUORUM,QUORUM,cassandra-3,True,False,4.906,2026-09-16T06:28:33.733168+00:00,
0b32a7fd-51a0-4d9c-ba8d-4bb0100759c0,monotonic_reads,network_partition,writer-1,write,mr-0b32a7fd-51a0-4d9c-ba8d-4bb0100759c0,1376,,,QUORUM,cassandra-1,True,False,4.172,2026-09-16T06:28:33.734318+00:00,
0b32a7fd-51a0-4d9c-ba8d-4bb0100759c0,monotonic_reads,network_partition,reader-1,read,mr-0b32a7fd-51a0-4d9c-ba8d-4bb0100759c0,,1376,QUORUM,QUORUM,cassandra-1,True,False,4.788,2026-09-16T06:28:33.748286+00:00,
0b32a7fd-51a0-4d9c-ba8d-4bb0100759c0,monotonic_reads,network_partition,reader-1,read,mr-0b32a7fd-51a0-4d9c-ba8d-4bb0100759c0,,1376,QUORUM,QUORUM,cassandra-2,True,False,3.88,2026-09-16T06:28:33.763422+00:00,
0b32a7fd-51a0-4d9c-ba8d-4bb0100759c0,monotonic_reads,network_partition,writer-1,write,mr-0b32a7fd-51a0-4d9c-ba8d-4bb0100759c0,1377,,,QUORUM,cassandra-1,True,False,5.069,2026-09-16T06:28:33.763687+00:00,
0b32a7fd-51a0-4d9c-ba8d-4bb0100759c0,monotonic_reads,network_partition,reader-1,read,mr-0b32a7fd-51a0-4d9c-ba8d-4bb0100759c0,,1377,QUORUM,QUORUM,cassandra-3,True,False,5.671,2026-09-16T06:28:33.780309+00:00,
0b32a7fd-51a0-4d9c-ba8d-4bb0100759c0,monotonic_reads,network_partition,writer-1,write,mr-0b32a7fd-51a0-4d9c-ba8d-4bb0100759c0,1378,,,QUORUM,cassandra-1,True,False,3.86,2026-09-16T06:28:33.788606+00:00,
0b32a7fd-51a0-4d9c-ba8d-4bb0100759c0,monotonic_reads,network_partition,reader-1,read,mr-0b32a7fd-51a0-4d9c-ba8d-4bb0100759c0,,1378,QUORUM,QUORUM,cassandra-1,True,False,4.48,2026-09-16T06:28:33.797214+00:00,
0b32a7fd-51a0-4d9c-ba8d-4bb0100759c0,monotonic_reads,network_partition,reader-1,read,mr-0b32a7fd-51a0-4d9c-ba8d-4bb0100759c0,,1378,QUORUM,QUORUM,cassandra-2,True,False,5.688,2026-09-16T06:28:33.815337+00:00,
0b32a7fd-51a0-4d9c-ba8d-4bb0100759c0,monotonic_reads,network_partition,writer-1,write,mr-0b32a7fd-51a0-4d9c-ba8d-4bb0100759c0,1379,,,QUORUM,cassandra-1,True,False,4.307,2026-09-16T06:28:33.816419+00:00,
0b32a7fd-51a0-4d9c-ba8d-4bb0100759c0,monotonic_reads,network_partition,reader-1,read,mr-0b32a7fd-51a0-4d9c-ba8d-4bb0100759c0,,1379,QUORUM,QUORUM,cassandra-3,True,False,5.431,2026-09-16T06:28:33.832546+00:00,
0b32a7fd-51a0-4d9c-ba8d-4bb0100759c0,monotonic_reads,network_partition,writer-1,write,mr-0b32a7fd-51a0-4d9c-ba8d-4bb0100759c0,1380,,,QUORUM,cassandra-1,True,False,5.081,2026-09-16T06:28:33.843710+00:00,
0b32a7fd-51a0-4d9c-ba8d-4bb0100759c0,monotonic_reads,network_partition,reader-1,read,mr-0b32a7fd-51a0-4d9c-ba8d-4bb0100759c0,,1380,QUORUM,QUORUM,cassandra-1,True,False,4.243,2026-09-16T06:28:33.848083+00:00,
0b32a7fd-51a0-4d9c-ba8d-4bb0100759c0,monotonic_reads,network_partition,reader-1,read,mr-0b32a7fd-51a0-4d9c-ba8d-4bb0100759c0,,1380,QUORUM,QUORUM,cassandra-2,True,False,6.924,2026-09-16T06:28:33.867031+00:00,
0b32a7fd-51a0-4d9c-ba8d-4bb0100759c0,monotonic_reads,network_partition,writer-1,write,mr-0b32a7fd-51a0-4d9c-ba8d-4bb0100759c0,1381,,,QUORUM,cassandra-1,True,False,3.738,2026-09-16T06:28:33.869276+00:00,
0b32a7fd-51a0-4d9c-ba8d-4bb0100759c0,monotonic_reads,network_partition,reader-1,read,mr-0b32a7fd-51a0-4d9c-ba8d-4bb0100759c0,,1381,QUORUM,QUORUM,cassandra-3,True,False,4.498,2026-09-16T06:28:33.882123+00:00,
0b32a7fd-51a0-4d9c-ba8d-4bb0100759c0,monotonic_reads,network_partition,writer-1,write,mr-0b32a7fd-51a0-4d9c-ba8d-4bb0100759c0,1382,,,QUORUM,cassandra-1,True,False,6.201,2026-09-16T06:28:33.900590+00:00,
0b32a7fd-51a0-4d9c-ba8d-4bb0100759c0,monotonic_reads,network_partition,reader-1,read,mr-0b32a7fd-51a0-4d9c-ba8d-4bb0100759c0,,1381,QUORUM,QUORUM,cassandra-1,True,False,6.861,2026-09-16T06:28:33.901831+00:00,
0b32a7fd-51a0-4d9c-ba8d-4bb0100759c0,monotonic_reads,network_partition,reader-1,read,mr-0b32a7fd-51a0-4d9c-ba8d-4bb0100759c0,,1382,QUORUM,QUORUM,cassandra-2,True,False,4.741,2026-09-16T06:28:33.919229+00:00,
0b32a7fd-51a0-4d9c-ba8d-4bb0100759c0,monotonic_reads,network_partition,writer-1,write,mr-0b32a7fd-51a0-4d9c-ba8d-4bb0100759c0,1383,,,QUORUM,cassandra-1,True,False,3.816,2026-09-16T06:28:33.927374+00:00,
0b32a7fd-51a0-4d9c-ba8d-4bb0100759c0,monotonic_reads,network_partition,reader-1,read,mr-0b32a7fd-51a0-4d9c-ba8d-4bb0100759c0,,1383,QUORUM,QUORUM,cassandra-3,True,False,4.615,2026-09-16T06:28:33.934238+00:00,
0b32a7fd-51a0-4d9c-ba8d-4bb0100759c0,monotonic_reads,network_partition,reader-1,read,mr-0b32a7fd-51a0-4d9c-ba8d-4bb0100759c0,,1383,QUORUM,QUORUM,cassandra-1,True,False,6.008,2026-09-16T06:28:33.952639+00:00,
0b32a7fd-51a0-4d9c-ba8d-4bb0100759c0,monotonic_reads,network_partition,writer-1,write,mr-0b32a7fd-51a0-4d9c-ba8d-4bb0100759c0,1384,,,QUORUM,cassandra-1,True,False,5.155,2026-09-16T06:28:33.955761+00:00,
0b32a7fd-51a0-4d9c-ba8d-4bb0100759c0,monotonic_reads,network_partition,reader-1,read,mr-0b32a7fd-51a0-4d9c-ba8d-4bb0100759c0,,1384,QUORUM,QUORUM,cassandra-2,True,False,6.485,2026-09-16T06:28:33.970140+00:00,
0b32a7fd-51a0-4d9c-ba8d-4bb0100759c0,monotonic_reads,network_partition,writer-1,write,mr-0b32a7fd-51a0-4d9c-ba8d-4bb0100759c0,1385,,,QUORUM,cassandra-1,True,False,4.212,2026-09-16T06:28:33.983682+00:00,
0b32a7fd-51a0-4d9c-ba8d-4bb0100759c0,monotonic_reads,network_partition,reader-1,read,mr-0b32a7fd-51a0-4d9c-ba8d-4bb0100759c0,,1385,QUORUM,QUORUM,cassandra-3,True,False,6.409,2026-09-16T06:28:33.987068+00:00,
0b32a7fd-51a0-4d9c-ba8d-4bb0100759c0,monotonic_reads,network_partition,reader-1,read,mr-0b32a7fd-51a0-4d9c-ba8d-4bb0100759c0,,1385,QUORUM,QUORUM,cassandra-1,True,False,6.416,2026-09-16T06:28:34.004054+00:00,
0b32a7fd-51a0-4d9c-ba8d-4bb0100759c0,monotonic_reads,network_partition,writer-1,write,mr-0b32a7fd-51a0-4d9c-ba8d-4bb0100759c0,1386,,,QUORUM,cassandra-1,True,False,4.855,2026-09-16T06:28:34.012487+00:00,
0b32a7fd-51a0-4d9c-ba8d-4bb0100759c0,monotonic_reads,network_partition,reader-1,read,mr-0b32a7fd-51a0-4d9c-ba8d-4bb0100759c0,,1386,QUORUM,QUORUM,cassandra-2,True,False,5.43,2026-09-16T06:28:34.021069+00:00,
0b32a7fd-51a0-4d9c-ba8d-4bb0100759c0,monotonic_reads,network_partition,reader-1,read,mr-0b32a7fd-51a0-4d9c-ba8d-4bb0100759c0,,1386,QUORUM,QUORUM,cassandra-3,True,False,4.717,2026-09-16T06:28:34.037149+00:00,
0b32a7fd-51a0-4d9c-ba8d-4bb0100759c0,monotonic_reads,network_partition,writer-1,write,mr-0b32a7fd-51a0-4d9c-ba8d-4bb0100759c0,1387,,,QUORUM,cassandra-1,True,False,4.104,2026-09-16T06:28:34.038376+00:00,
0b32a7fd-51a0-4d9c-ba8d-4bb0100759c0,monotonic_reads,network_partition,reader-1,read,mr-0b32a7fd-51a0-4d9c-ba8d-4bb0100759c0,,1387,QUORUM,QUORUM,cassandra-1,True,False,11.597,2026-09-16T06:28:34.061454+00:00,
0b32a7fd-51a0-4d9c-ba8d-4bb0100759c0,monotonic_reads,network_partition,writer-1,write,mr-0b32a7fd-51a0-4d9c-ba8d-4bb0100759c0,1388,,,QUORUM,cassandra-1,True,False,4.925,2026-09-16T06:28:34.066485+00:00,
0b32a7fd-51a0-4d9c-ba8d-4bb0100759c0,monotonic_reads,network_partition,reader-1,read,mr-0b32a7fd-51a0-4d9c-ba8d-4bb0100759c0,,1388,QUORUM,QUORUM,cassandra-2,True,False,4.384,2026-09-16T06:28:34.077013+00:00,
0b32a7fd-51a0-4d9c-ba8d-4bb0100759c0,monotonic_reads,network_partition,writer-1,write,mr-0b32a7fd-51a0-4d9c-ba8d-4bb0100759c0,1389,,,QUORUM,cassandra-1,True,False,4.395,2026-09-16T06:28:34.094604+00:00,
0b32a7fd-51a0-4d9c-ba8d-4bb0100759c0,monotonic_reads,network_partition,reader-1,read,mr-0b32a7fd-51a0-4d9c-ba8d-4bb0100759c0,,1388,QUORUM,QUORUM,cassandra-3,True,False,5.766,2026-09-16T06:28:34.095399+00:00,
0b32a7fd-51a0-4d9c-ba8d-4bb0100759c0,monotonic_reads,network_partition,reader-1,read,mr-0b32a7fd-51a0-4d9c-ba8d-4bb0100759c0,,1389,QUORUM,QUORUM,cassandra-1,True,False,6.133,2026-09-16T06:28:34.112684+00:00,
0b32a7fd-51a0-4d9c-ba8d-4bb0100759c0,monotonic_reads,network_partition,writer-1,write,mr-0b32a7fd-51a0-4d9c-ba8d-4bb0100759c0,1390,,,QUORUM,cassandra-1,True,False,6.028,2026-09-16T06:28:34.123994+00:00,
0b32a7fd-51a0-4d9c-ba8d-4bb0100759c0,monotonic_reads,network_partition,reader-1,read,mr-0b32a7fd-51a0-4d9c-ba8d-4bb0100759c0,,1390,QUORUM,QUORUM,cassandra-2,True,False,4.731,2026-09-16T06:28:34.127958+00:00,
0b32a7fd-51a0-4d9c-ba8d-4bb0100759c0,monotonic_reads,network_partition,reader-1,read,mr-0b32a7fd-51a0-4d9c-ba8d-4bb0100759c0,,1390,QUORUM,QUORUM,cassandra-3,True,False,6.041,2026-09-16T06:28:34.146338+00:00,
0b32a7fd-51a0-4d9c-ba8d-4bb0100759c0,monotonic_reads,network_partition,writer-1,write,mr-0b32a7fd-51a0-4d9c-ba8d-4bb0100759c0,1391,,,QUORUM,cassandra-1,True,False,4.01,2026-09-16T06:28:34.148605+00:00,
0b32a7fd-51a0-4d9c-ba8d-4bb0100759c0,monotonic_reads,network_partition,reader-1,read,mr-0b32a7fd-51a0-4d9c-ba8d-4bb0100759c0,,1391,QUORUM,QUORUM,cassandra-1,True,False,4.416,2026-09-16T06:28:34.163041+00:00,
0b32a7fd-51a0-4d9c-ba8d-4bb0100759c0,monotonic_reads,network_partition,writer-1,write,mr-0b32a7fd-51a0-4d9c-ba8d-4bb0100759c0,1392,,,QUORUM,cassandra-1,True,False,5.078,2026-09-16T06:28:34.174720+00:00,
0b32a7fd-51a0-4d9c-ba8d-4bb0100759c0,monotonic_reads,network_partition,reader-1,read,mr-0b32a7fd-51a0-4d9c-ba8d-4bb0100759c0,,1392,QUORUM,QUORUM,cassandra-2,True,False,4.689,2026-09-16T06:28:34.180206+00:00,
0b32a7fd-51a0-4d9c-ba8d-4bb0100759c0,monotonic_reads,network_partition,reader-1,read,mr-0b32a7fd-51a0-4d9c-ba8d-4bb0100759c0,,1392,QUORUM,QUORUM,cassandra-3,True,False,9.015,2026-09-16T06:28:34.201763+00:00,
0b32a7fd-51a0-4d9c-ba8d-4bb0100759c0,monotonic_reads,network_partition,writer-1,write,mr-0b32a7fd-51a0-4d9c-ba8d-4bb0100759c0,1393,,,QUORUM,cassandra-1,True,False,3.464,2026-09-16T06:28:34.202023+00:00,
0b32a7fd-51a0-4d9c-ba8d-4bb0100759c0,monotonic_reads,network_partition,reader-1,read,mr-0b32a7fd-51a0-4d9c-ba8d-4bb0100759c0,,1393,QUORUM,QUORUM,cassandra-1,True,False,5.548,2026-09-16T06:28:34.220143+00:00,
0b32a7fd-51a0-4d9c-ba8d-4bb0100759c0,monotonic_reads,network_partition,writer-1,write,mr-0b32a7fd-51a0-4d9c-ba8d-4bb0100759c0,1394,,,QUORUM,cassandra-1,True,False,6.732,2026-09-16T06:28:34.234099+00:00,
0b32a7fd-51a0-4d9c-ba8d-4bb0100759c0,monotonic_reads,network_partition,reader-1,read,mr-0b32a7fd-51a0-4d9c-ba8d-4bb0100759c0,,1394,QUORUM,QUORUM,cassandra-2,True,False,6.675,2026-09-16T06:28:34.238214+00:00,
0b32a7fd-51a0-4d9c-ba8d-4bb0100759c0,monotonic_reads,network_partition,reader-1,read,mr-0b32a7fd-51a0-4d9c-ba8d-4bb0100759c0,,1394,QUORUM,QUORUM,cassandra-3,True,False,5.639,2026-09-16T06:28:34.255237+00:00,
0b32a7fd-51a0-4d9c-ba8d-4bb0100759c0,monotonic_reads,network_partition,writer-1,write,mr-0b32a7fd-51a0-4d9c-ba8d-4bb0100759c0,1395,,,QUORUM,cassandra-1,True,False,3.638,2026-09-16T06:28:34.262254+00:00,
0b32a7fd-51a0-4d9c-ba8d-4bb0100759c0,monotonic_reads,network_partition,reader-1,read,mr-0b32a7fd-51a0-4d9c-ba8d-4bb0100759c0,,1395,QUORUM,QUORUM,cassandra-1,True,False,12.136,2026-09-16T06:28:34.277601+00:00,
0b32a7fd-51a0-4d9c-ba8d-4bb0100759c0,monotonic_reads,network_partition,writer-1,write,mr-0b32a7fd-51a0-4d9c-ba8d-4bb0100759c0,1396,,,QUORUM,cassandra-1,True,False,3.07,2026-09-16T06:28:34.286970+00:00,
0b32a7fd-51a0-4d9c-ba8d-4bb0100759c0,monotonic_reads,network_partition,reader-1,read,mr-0b32a7fd-51a0-4d9c-ba8d-4bb0100759c0,,1396,QUORUM,QUORUM,cassandra-2,True,False,4.766,2026-09-16T06:28:34.293984+00:00,
0b32a7fd-51a0-4d9c-ba8d-4bb0100759c0,monotonic_reads,network_partition,reader-1,read,mr-0b32a7fd-51a0-4d9c-ba8d-4bb0100759c0,,1396,QUORUM,QUORUM,cassandra-3,True,False,5.546,2026-09-16T06:28:34.310230+00:00,
0b32a7fd-51a0-4d9c-ba8d-4bb0100759c0,monotonic_reads,network_partition,writer-1,write,mr-0b32a7fd-51a0-4d9c-ba8d-4bb0100759c0,1397,,,QUORUM,cassandra-1,True,False,4.536,2026-09-16T06:28:34.315672+00:00,
0b32a7fd-51a0-4d9c-ba8d-4bb0100759c0,monotonic_reads,network_partition,reader-1,read,mr-0b32a7fd-51a0-4d9c-ba8d-4bb0100759c0,,1397,QUORUM,QUORUM,cassandra-1,True,False,4.426,2026-09-16T06:28:34.326053+00:00,
0b32a7fd-51a0-4d9c-ba8d-4bb0100759c0,monotonic_reads,network_partition,reader-1,read,mr-0b32a7fd-51a0-4d9c-ba8d-4bb0100759c0,,1397,QUORUM,QUORUM,cassandra-2,True,False,5.646,2026-09-16T06:28:34.344289+00:00,
0b32a7fd-51a0-4d9c-ba8d-4bb0100759c0,monotonic_reads,network_partition,writer-1,write,mr-0b32a7fd-51a0-4d9c-ba8d-4bb0100759c0,1398,,,QUORUM,cassandra-1,True,False,4.567,2026-09-16T06:28:34.344634+00:00,
0b32a7fd-51a0-4d9c-ba8d-4bb0100759c0,monotonic_reads,network_partition,reader-1,read,mr-0b32a7fd-51a0-4d9c-ba8d-4bb0100759c0,,1398,QUORUM,QUORUM,cassandra-3,True,False,10.497,2026-09-16T06:28:34.367629+00:00,
0b32a7fd-51a0-4d9c-ba8d-4bb0100759c0,monotonic_reads,network_partition,writer-1,write,mr-0b32a7fd-51a0-4d9c-ba8d-4bb0100759c0,1399,,,QUORUM,cassandra-1,True,False,4.923,2026-09-16T06:28:34.371224+00:00,
0b32a7fd-51a0-4d9c-ba8d-4bb0100759c0,monotonic_reads,network_partition,reader-1,read,mr-0b32a7fd-51a0-4d9c-ba8d-4bb0100759c0,,1399,QUORUM,QUORUM,cassandra-1,True,False,5.628,2026-09-16T06:28:34.385534+00:00,
0b32a7fd-51a0-4d9c-ba8d-4bb0100759c0,monotonic_reads,network_partition,writer-1,write,mr-0b32a7fd-51a0-4d9c-ba8d-4bb0100759c0,1400,,,QUORUM,cassandra-1,True,False,4.562,2026-09-16T06:28:34.399095+00:00,
0b32a7fd-51a0-4d9c-ba8d-4bb0100759c0,monotonic_reads,network_partition,reader-1,read,mr-0b32a7fd-51a0-4d9c-ba8d-4bb0100759c0,,1400,QUORUM,QUORUM,cassandra-2,True,False,4.927,2026-09-16T06:28:34.402784+00:00,
0b32a7fd-51a0-4d9c-ba8d-4bb0100759c0,monotonic_reads,network_partition,reader-1,read,mr-0b32a7fd-51a0-4d9c-ba8d-4bb0100759c0,,1400,QUORUM,QUORUM,cassandra-3,True,False,6.075,2026-09-16T06:28:34.421546+00:00,
0b32a7fd-51a0-4d9c-ba8d-4bb0100759c0,monotonic_reads,network_partition,writer-1,write,mr-0b32a7fd-51a0-4d9c-ba8d-4bb0100759c0,1401,,,QUORUM,cassandra-1,True,False,4.694,2026-09-16T06:28:34.426372+00:00,
0b32a7fd-51a0-4d9c-ba8d-4bb0100759c0,monotonic_reads,network_partition,reader-1,read,mr-0b32a7fd-51a0-4d9c-ba8d-4bb0100759c0,,1401,QUORUM,QUORUM,cassandra-1,True,False,9.829,2026-09-16T06:28:34.443412+00:00,
0b32a7fd-51a0-4d9c-ba8d-4bb0100759c0,monotonic_reads,network_partition,writer-1,write,mr-0b32a7fd-51a0-4d9c-ba8d-4bb0100759c0,1402,,,QUORUM,cassandra-1,True,False,3.637,2026-09-16T06:28:34.450305+00:00,
0b32a7fd-51a0-4d9c-ba8d-4bb0100759c0,monotonic_reads,network_partition,reader-1,read,mr-0b32a7fd-51a0-4d9c-ba8d-4bb0100759c0,,1402,QUORUM,QUORUM,cassandra-2,True,False,4.146,2026-09-16T06:28:34.457756+00:00,
0b32a7fd-51a0-4d9c-ba8d-4bb0100759c0,monotonic_reads,network_partition,reader-1,read,mr-0b32a7fd-51a0-4d9c-ba8d-4bb0100759c0,,1402,QUORUM,QUORUM,cassandra-3,True,False,5.688,2026-09-16T06:28:34.475336+00:00,
0b32a7fd-51a0-4d9c-ba8d-4bb0100759c0,monotonic_reads,network_partition,writer-1,write,mr-0b32a7fd-51a0-4d9c-ba8d-4bb0100759c0,1403,,,QUORUM,cassandra-1,True,False,4.476,2026-09-16T06:28:34.476333+00:00,
0b32a7fd-51a0-4d9c-ba8d-4bb0100759c0,monotonic_reads,network_partition,reader-1,read,mr-0b32a7fd-51a0-4d9c-ba8d-4bb0100759c0,,1403,QUORUM,QUORUM,cassandra-1,True,False,4.538,2026-09-16T06:28:34.491164+00:00,
0b32a7fd-51a0-4d9c-ba8d-4bb0100759c0,monotonic_reads,network_partition,writer-1,write,mr-0b32a7fd-51a0-4d9c-ba8d-4bb0100759c0,1404,,,QUORUM,cassandra-1,True,False,4.97,2026-09-16T06:28:34.502948+00:00,
0b32a7fd-51a0-4d9c-ba8d-4bb0100759c0,monotonic_reads,network_partition,reader-1,read,mr-0b32a7fd-51a0-4d9c-ba8d-4bb0100759c0,,1404,QUORUM,QUORUM,cassandra-2,True,False,4.672,2026-09-16T06:28:34.508161+00:00,
0b32a7fd-51a0-4d9c-ba8d-4bb0100759c0,monotonic_reads,network_partition,writer-1,write,mr-0b32a7fd-51a0-4d9c-ba8d-4bb0100759c0,1405,,,QUORUM,cassandra-1,True,False,7.363,2026-09-16T06:28:34.533444+00:00,
0b32a7fd-51a0-4d9c-ba8d-4bb0100759c0,monotonic_reads,network_partition,reader-1,read,mr-0b32a7fd-51a0-4d9c-ba8d-4bb0100759c0,,1404,QUORUM,QUORUM,cassandra-3,True,False,14.527,2026-09-16T06:28:34.534078+00:00,
0b32a7fd-51a0-4d9c-ba8d-4bb0100759c0,monotonic_reads,network_partition,reader-1,read,mr-0b32a7fd-51a0-4d9c-ba8d-4bb0100759c0,,1405,QUORUM,QUORUM,cassandra-1,True,False,5.262,2026-09-16T06:28:34.550516+00:00,
0b32a7fd-51a0-4d9c-ba8d-4bb0100759c0,monotonic_reads,network_partition,writer-1,write,mr-0b32a7fd-51a0-4d9c-ba8d-4bb0100759c0,1406,,,QUORUM,cassandra-1,True,False,12.368,2026-09-16T06:28:34.567517+00:00,
0b32a7fd-51a0-4d9c-ba8d-4bb0100759c0,monotonic_reads,network_partition,reader-1,read,mr-0b32a7fd-51a0-4d9c-ba8d-4bb0100759c0,,1406,QUORUM,QUORUM,cassandra-2,True,False,7.0,2026-09-16T06:28:34.570224+00:00,
0b32a7fd-51a0-4d9c-ba8d-4bb0100759c0,monotonic_reads,network_partition,reader-1,read,mr-0b32a7fd-51a0-4d9c-ba8d-4bb0100759c0,,1406,QUORUM,QUORUM,cassandra-3,True,False,3.811,2026-09-16T06:28:34.586646+00:00,
0b32a7fd-51a0-4d9c-ba8d-4bb0100759c0,monotonic_reads,network_partition,writer-1,write,mr-0b32a7fd-51a0-4d9c-ba8d-4bb0100759c0,1407,,,QUORUM,cassandra-1,True,False,3.833,2026-09-16T06:28:34.595994+00:00,
0b32a7fd-51a0-4d9c-ba8d-4bb0100759c0,monotonic_reads,network_partition,reader-1,read,mr-0b32a7fd-51a0-4d9c-ba8d-4bb0100759c0,,1407,QUORUM,QUORUM,cassandra-1,True,False,3.413,2026-09-16T06:28:34.602548+00:00,
0b32a7fd-51a0-4d9c-ba8d-4bb0100759c0,monotonic_reads,network_partition,reader-1,read,mr-0b32a7fd-51a0-4d9c-ba8d-4bb0100759c0,,1407,QUORUM,QUORUM,cassandra-2,True,False,5.376,2026-09-16T06:28:34.619245+00:00,
0b32a7fd-51a0-4d9c-ba8d-4bb0100759c0,monotonic_reads,network_partition,writer-1,write,mr-0b32a7fd-51a0-4d9c-ba8d-4bb0100759c0,1408,,,QUORUM,cassandra-1,True,False,3.947,2026-09-16T06:28:34.624557+00:00,
0b32a7fd-51a0-4d9c-ba8d-4bb0100759c0,monotonic_reads,network_partition,reader-1,read,mr-0b32a7fd-51a0-4d9c-ba8d-4bb0100759c0,,1408,QUORUM,QUORUM,cassandra-3,True,False,4.613,2026-09-16T06:28:34.634236+00:00,
0b32a7fd-51a0-4d9c-ba8d-4bb0100759c0,monotonic_reads,network_partition,writer-1,write,mr-0b32a7fd-51a0-4d9c-ba8d-4bb0100759c0,1409,,,QUORUM,cassandra-1,True,False,4.085,2026-09-16T06:28:34.651559+00:00,
0b32a7fd-51a0-4d9c-ba8d-4bb0100759c0,monotonic_reads,network_partition,reader-1,read,mr-0b32a7fd-51a0-4d9c-ba8d-4bb0100759c0,,1408,QUORUM,QUORUM,cassandra-1,True,False,5.519,2026-09-16T06:28:34.652459+00:00,
0b32a7fd-51a0-4d9c-ba8d-4bb0100759c0,monotonic_reads,network_partition,reader-1,read,mr-0b32a7fd-51a0-4d9c-ba8d-4bb0100759c0,,1409,QUORUM,QUORUM,cassandra-2,True,False,6.154,2026-09-16T06:28:34.669786+00:00,
0b32a7fd-51a0-4d9c-ba8d-4bb0100759c0,monotonic_reads,network_partition,writer-1,write,mr-0b32a7fd-51a0-4d9c-ba8d-4bb0100759c0,1410,,,QUORUM,cassandra-1,True,False,4.762,2026-09-16T06:28:34.677400+00:00,
0b32a7fd-51a0-4d9c-ba8d-4bb0100759c0,monotonic_reads,network_partition,reader-1,read,mr-0b32a7fd-51a0-4d9c-ba8d-4bb0100759c0,,1410,QUORUM,QUORUM,cassandra-3,True,False,4.13,2026-09-16T06:28:34.684752+00:00,
0b32a7fd-51a0-4d9c-ba8d-4bb0100759c0,monotonic_reads,network_partition,reader-1,read,mr-0b32a7fd-51a0-4d9c-ba8d-4bb0100759c0,,1410,QUORUM,QUORUM,cassandra-1,True,False,2.98,2026-09-16T06:28:34.699620+00:00,
0b32a7fd-51a0-4d9c-ba8d-4bb0100759c0,monotonic_reads,network_partition,writer-1,write,mr-0b32a7fd-51a0-4d9c-ba8d-4bb0100759c0,1411,,,QUORUM,cassandra-1,True,False,4.1,2026-09-16T06:28:34.705667+00:00,
0b32a7fd-51a0-4d9c-ba8d-4bb0100759c0,monotonic_reads,network_partition,reader-1,read,mr-0b32a7fd-51a0-4d9c-ba8d-4bb0100759c0,,1411,QUORUM,QUORUM,cassandra-2,True,False,4.59,2026-09-16T06:28:34.715147+00:00,
0b32a7fd-51a0-4d9c-ba8d-4bb0100759c0,monotonic_reads,network_partition,writer-1,write,mr-0b32a7fd-51a0-4d9c-ba8d-4bb0100759c0,1412,,,QUORUM,cassandra-1,True,False,6.574,2026-09-16T06:28:34.732664+00:00,
0b32a7fd-51a0-4d9c-ba8d-4bb0100759c0,monotonic_reads,network_partition,reader-1,read,mr-0b32a7fd-51a0-4d9c-ba8d-4bb0100759c0,,1411,QUORUM,QUORUM,cassandra-3,True,False,6.496,2026-09-16T06:28:34.733343+00:00,
0b32a7fd-51a0-4d9c-ba8d-4bb0100759c0,monotonic_reads,network_partition,reader-1,read,mr-0b32a7fd-51a0-4d9c-ba8d-4bb0100759c0,,1412,QUORUM,QUORUM,cassandra-1,True,False,6.407,2026-09-16T06:28:34.752405+00:00,
0b32a7fd-51a0-4d9c-ba8d-4bb0100759c0,monotonic_reads,network_partition,writer-1,write,mr-0b32a7fd-51a0-4d9c-ba8d-4bb0100759c0,1413,,,QUORUM,cassandra-1,True,False,4.445,2026-09-16T06:28:34.762432+00:00,
0b32a7fd-51a0-4d9c-ba8d-4bb0100759c0,monotonic_reads,network_partition,reader-1,read,mr-0b32a7fd-51a0-4d9c-ba8d-4bb0100759c0,,1413,QUORUM,QUORUM,cassandra-2,True,False,4.86,2026-09-16T06:28:34.769927+00:00,
0b32a7fd-51a0-4d9c-ba8d-4bb0100759c0,monotonic_reads,network_partition,reader-1,read,mr-0b32a7fd-51a0-4d9c-ba8d-4bb0100759c0,,1413,QUORUM,QUORUM,cassandra-3,True,False,4.067,2026-09-16T06:28:34.786714+00:00,
0b32a7fd-51a0-4d9c-ba8d-4bb0100759c0,monotonic_reads,network_partition,writer-1,write,mr-0b32a7fd-51a0-4d9c-ba8d-4bb0100759c0,1414,,,QUORUM,cassandra-1,True,False,2.477,2026-09-16T06:28:34.788129+00:00,
0b32a7fd-51a0-4d9c-ba8d-4bb0100759c0,monotonic_reads,network_partition,reader-1,read,mr-0b32a7fd-51a0-4d9c-ba8d-4bb0100759c0,,1414,QUORUM,QUORUM,cassandra-1,True,False,5.458,2026-09-16T06:28:34.804137+00:00,
0b32a7fd-51a0-4d9c-ba8d-4bb0100759c0,monotonic_reads,network_partition,writer-1,write,mr-0b32a7fd-51a0-4d9c-ba8d-4bb0100759c0,1415,,,QUORUM,cassandra-1,True,False,3.681,2026-09-16T06:28:34.815293+00:00,
0b32a7fd-51a0-4d9c-ba8d-4bb0100759c0,monotonic_reads,network_partition,reader-1,read,mr-0b32a7fd-51a0-4d9c-ba8d-4bb0100759c0,,1415,QUORUM,QUORUM,cassandra-2,True,False,4.286,2026-09-16T06:28:34.819884+00:00,
0b32a7fd-51a0-4d9c-ba8d-4bb0100759c0,monotonic_reads,network_partition,reader-1,read,mr-0b32a7fd-51a0-4d9c-ba8d-4bb0100759c0,,1415,QUORUM,QUORUM,cassandra-3,True,False,4.804,2026-09-16T06:28:34.836427+00:00,
0b32a7fd-51a0-4d9c-ba8d-4bb0100759c0,monotonic_reads,network_partition,writer-1,write,mr-0b32a7fd-51a0-4d9c-ba8d-4bb0100759c0,1416,,,QUORUM,cassandra-1,True,False,4.238,2026-09-16T06:28:34.844419+00:00,
0b32a7fd-51a0-4d9c-ba8d-4bb0100759c0,monotonic_reads,network_partition,reader-1,read,mr-0b32a7fd-51a0-4d9c-ba8d-4bb0100759c0,,1416,QUORUM,QUORUM,cassandra-1,True,False,4.03,2026-09-16T06:28:34.851675+00:00,
0b32a7fd-51a0-4d9c-ba8d-4bb0100759c0,monotonic_reads,network_partition,reader-1,read,mr-0b32a7fd-51a0-4d9c-ba8d-4bb0100759c0,,1416,QUORUM,QUORUM,cassandra-2,True,False,5.861,2026-09-16T06:28:34.869346+00:00,
0b32a7fd-51a0-4d9c-ba8d-4bb0100759c0,monotonic_reads,network_partition,writer-1,write,mr-0b32a7fd-51a0-4d9c-ba8d-4bb0100759c0,1417,,,QUORUM,cassandra-1,True,False,3.963,2026-09-16T06:28:34.873400+00:00,
0b32a7fd-51a0-4d9c-ba8d-4bb0100759c0,monotonic_reads,network_partition,reader-1,read,mr-0b32a7fd-51a0-4d9c-ba8d-4bb0100759c0,,1417,QUORUM,QUORUM,cassandra-3,True,False,6.725,2026-09-16T06:28:34.888594+00:00,
0b32a7fd-51a0-4d9c-ba8d-4bb0100759c0,monotonic_reads,network_partition,writer-1,write,mr-0b32a7fd-51a0-4d9c-ba8d-4bb0100759c0,1418,,,QUORUM,cassandra-1,True,False,3.105,2026-09-16T06:28:34.901055+00:00,
0b32a7fd-51a0-4d9c-ba8d-4bb0100759c0,monotonic_reads,network_partition,reader-1,read,mr-0b32a7fd-51a0-4d9c-ba8d-4bb0100759c0,,1417,QUORUM,QUORUM,cassandra-1,True,False,2.591,2026-09-16T06:28:34.901361+00:00,
0b32a7fd-51a0-4d9c-ba8d-4bb0100759c0,monotonic_reads,network_partition,reader-1,read,mr-0b32a7fd-51a0-4d9c-ba8d-4bb0100759c0,,1418,QUORUM,QUORUM,cassandra-2,True,False,5.555,2026-09-16T06:28:34.919416+00:00,
0b32a7fd-51a0-4d9c-ba8d-4bb0100759c0,monotonic_reads,network_partition,writer-1,write,mr-0b32a7fd-51a0-4d9c-ba8d-4bb0100759c0,1419,,,QUORUM,cassandra-1,True,False,4.496,2026-09-16T06:28:34.930563+00:00,
0b32a7fd-51a0-4d9c-ba8d-4bb0100759c0,monotonic_reads,network_partition,reader-1,read,mr-0b32a7fd-51a0-4d9c-ba8d-4bb0100759c0,,1419,QUORUM,QUORUM,cassandra-3,True,False,4.166,2026-09-16T06:28:34.935634+00:00,
0b32a7fd-51a0-4d9c-ba8d-4bb0100759c0,monotonic_reads,network_partition,reader-1,read,mr-0b32a7fd-51a0-4d9c-ba8d-4bb0100759c0,,1419,QUORUM,QUORUM,cassandra-1,True,False,5.499,2026-09-16T06:28:34.953585+00:00,
0b32a7fd-51a0-4d9c-ba8d-4bb0100759c0,monotonic_reads,network_partition,writer-1,write,mr-0b32a7fd-51a0-4d9c-ba8d-4bb0100759c0,1420,,,QUORUM,cassandra-1,True,False,3.894,2026-09-16T06:28:34.955546+00:00,
0b32a7fd-51a0-4d9c-ba8d-4bb0100759c0,monotonic_reads,network_partition,reader-1,read,mr-0b32a7fd-51a0-4d9c-ba8d-4bb0100759c0,,1420,QUORUM,QUORUM,cassandra-2,True,False,5.969,2026-09-16T06:28:34.972254+00:00,
0b32a7fd-51a0-4d9c-ba8d-4bb0100759c0,monotonic_reads,network_partition,writer-1,write,mr-0b32a7fd-51a0-4d9c-ba8d-4bb0100759c0,1421,,,QUORUM,cassandra-1,True,False,3.754,2026-09-16T06:28:34.980382+00:00,
0b32a7fd-51a0-4d9c-ba8d-4bb0100759c0,monotonic_reads,network_partition,reader-1,read,mr-0b32a7fd-51a0-4d9c-ba8d-4bb0100759c0,,1421,QUORUM,QUORUM,cassandra-3,True,False,6.393,2026-09-16T06:28:34.991315+00:00,
0b32a7fd-51a0-4d9c-ba8d-4bb0100759c0,monotonic_reads,network_partition,writer-1,write,mr-0b32a7fd-51a0-4d9c-ba8d-4bb0100759c0,1422,,,QUORUM,cassandra-1,True,False,5.102,2026-09-16T06:28:35.008748+00:00,
0b32a7fd-51a0-4d9c-ba8d-4bb0100759c0,monotonic_reads,network_partition,reader-1,read,mr-0b32a7fd-51a0-4d9c-ba8d-4bb0100759c0,,1421,QUORUM,QUORUM,cassandra-1,True,False,5.258,2026-09-16T06:28:35.009540+00:00,
0b32a7fd-51a0-4d9c-ba8d-4bb0100759c0,monotonic_reads,network_partition,reader-1,read,mr-0b32a7fd-51a0-4d9c-ba8d-4bb0100759c0,,1422,QUORUM,QUORUM,cassandra-2,True,False,7.438,2026-09-16T06:28:35.028899+00:00,
0b32a7fd-51a0-4d9c-ba8d-4bb0100759c0,monotonic_reads,network_partition,writer-1,write,mr-0b32a7fd-51a0-4d9c-ba8d-4bb0100759c0,1423,,,QUORUM,cassandra-1,True,False,4.666,2026-09-16T06:28:35.038575+00:00,
0b32a7fd-51a0-4d9c-ba8d-4bb0100759c0,monotonic_reads,network_partition,reader-1,read,mr-0b32a7fd-51a0-4d9c-ba8d-4bb0100759c0,,1423,QUORUM,QUORUM,cassandra-3,True,False,5.517,2026-09-16T06:28:35.045157+00:00,
0b32a7fd-51a0-4d9c-ba8d-4bb0100759c0,monotonic_reads,network_partition,reader-1,read,mr-0b32a7fd-51a0-4d9c-ba8d-4bb0100759c0,,1423,QUORUM,QUORUM,cassandra-1,True,False,6.841,2026-09-16T06:28:35.064495+00:00,
0b32a7fd-51a0-4d9c-ba8d-4bb0100759c0,monotonic_reads,network_partition,writer-1,write,mr-0b32a7fd-51a0-4d9c-ba8d-4bb0100759c0,1424,,,QUORUM,cassandra-1,True,False,5.066,2026-09-16T06:28:35.067689+00:00,
0b32a7fd-51a0-4d9c-ba8d-4bb0100759c0,monotonic_reads,network_partition,reader-1,read,mr-0b32a7fd-51a0-4d9c-ba8d-4bb0100759c0,,1424,QUORUM,QUORUM,cassandra-2,True,False,6.195,2026-09-16T06:28:35.081838+00:00,
0b32a7fd-51a0-4d9c-ba8d-4bb0100759c0,monotonic_reads,network_partition,writer-1,write,mr-0b32a7fd-51a0-4d9c-ba8d-4bb0100759c0,1425,,,QUORUM,cassandra-1,True,False,4.993,2026-09-16T06:28:35.093641+00:00,
0b32a7fd-51a0-4d9c-ba8d-4bb0100759c0,monotonic_reads,network_partition,reader-1,read,mr-0b32a7fd-51a0-4d9c-ba8d-4bb0100759c0,,1425,QUORUM,QUORUM,cassandra-3,True,False,4.364,2026-09-16T06:28:35.098125+00:00,
0b32a7fd-51a0-4d9c-ba8d-4bb0100759c0,monotonic_reads,network_partition,reader-1,read,mr-0b32a7fd-51a0-4d9c-ba8d-4bb0100759c0,,1425,QUORUM,QUORUM,cassandra-1,True,False,5.526,2026-09-16T06:28:35.116223+00:00,
0b32a7fd-51a0-4d9c-ba8d-4bb0100759c0,monotonic_reads,network_partition,writer-1,write,mr-0b32a7fd-51a0-4d9c-ba8d-4bb0100759c0,1426,,,QUORUM,cassandra-1,True,False,3.825,2026-09-16T06:28:35.122459+00:00,
0b32a7fd-51a0-4d9c-ba8d-4bb0100759c0,monotonic_reads,network_partition,reader-1,read,mr-0b32a7fd-51a0-4d9c-ba8d-4bb0100759c0,,1426,QUORUM,QUORUM,cassandra-2,True,False,4.525,2026-09-16T06:28:35.133153+00:00,
0b32a7fd-51a0-4d9c-ba8d-4bb0100759c0,monotonic_reads,network_partition,writer-1,write,mr-0b32a7fd-51a0-4d9c-ba8d-4bb0100759c0,1427,,,QUORUM,cassandra-1,True,False,5.25,2026-09-16T06:28:35.149891+00:00,
0b32a7fd-51a0-4d9c-ba8d-4bb0100759c0,monotonic_reads,network_partition,reader-1,read,mr-0b32a7fd-51a0-4d9c-ba8d-4bb0100759c0,,1426,QUORUM,QUORUM,cassandra-3,True,False,5.544,2026-09-16T06:28:35.150822+00:00,
0b32a7fd-51a0-4d9c-ba8d-4bb0100759c0,monotonic_reads,network_partition,reader-1,read,mr-0b32a7fd-51a0-4d9c-ba8d-4bb0100759c0,,1427,QUORUM,QUORUM,cassandra-1,True,False,6.048,2026-09-16T06:28:35.168688+00:00,
0b32a7fd-51a0-4d9c-ba8d-4bb0100759c0,monotonic_reads,network_partition,writer-1,write,mr-0b32a7fd-51a0-4d9c-ba8d-4bb0100759c0,1428,,,QUORUM,cassandra-1,True,False,4.251,2026-09-16T06:28:35.176392+00:00,
0b32a7fd-51a0-4d9c-ba8d-4bb0100759c0,monotonic_reads,network_partition,reader-1,read,mr-0b32a7fd-51a0-4d9c-ba8d-4bb0100759c0,,1428,QUORUM,QUORUM,cassandra-2,True,False,6.958,2026-09-16T06:28:35.187633+00:00,
0b32a7fd-51a0-4d9c-ba8d-4bb0100759c0,monotonic_reads,network_partition,writer-1,write,mr-0b32a7fd-51a0-4d9c-ba8d-4bb0100759c0,1429,,,QUORUM,cassandra-1,True,False,4.896,2026-09-16T06:28:35.203536+00:00,
0b32a7fd-51a0-4d9c-ba8d-4bb0100759c0,monotonic_reads,network_partition,reader-1,read,mr-0b32a7fd-51a0-4d9c-ba8d-4bb0100759c0,,1428,QUORUM,QUORUM,cassandra-3,True,False,4.699,2026-09-16T06:28:35.204308+00:00,
0b32a7fd-51a0-4d9c-ba8d-4bb0100759c0,monotonic_reads,network_partition,reader-1,read,mr-0b32a7fd-51a0-4d9c-ba8d-4bb0100759c0,,1429,QUORUM,QUORUM,cassandra-1,True,False,8.008,2026-09-16T06:28:35.224991+00:00,
0b32a7fd-51a0-4d9c-ba8d-4bb0100759c0,monotonic_reads,network_partition,writer-1,write,mr-0b32a7fd-51a0-4d9c-ba8d-4bb0100759c0,1430,,,QUORUM,cassandra-1,True,False,5.427,2026-09-16T06:28:35.234082+00:00,
0b32a7fd-51a0-4d9c-ba8d-4bb0100759c0,monotonic_reads,network_partition,reader-1,read,mr-0b32a7fd-51a0-4d9c-ba8d-4bb0100759c0,,1430,QUORUM,QUORUM,cassandra-2,True,False,6.671,2026-09-16T06:28:35.244320+00:00,
0b32a7fd-51a0-4d9c-ba8d-4bb0100759c0,monotonic_reads,network_partition,writer-1,write,mr-0b32a7fd-51a0-4d9c-ba8d-4bb0100759c0,1431,,,QUORUM,cassandra-1,True,False,5.008,2026-09-16T06:28:35.260652+00:00,
0b32a7fd-51a0-4d9c-ba8d-4bb0100759c0,monotonic_reads,network_partition,reader-1,read,mr-0b32a7fd-51a0-4d9c-ba8d-4bb0100759c0,,1430,QUORUM,QUORUM,cassandra-3,True,False,5.031,2026-09-16T06:28:35.261664+00:00,
0b32a7fd-51a0-4d9c-ba8d-4bb0100759c0,monotonic_reads,network_partition,reader-1,read,mr-0b32a7fd-51a0-4d9c-ba8d-4bb0100759c0,,1431,QUORUM,QUORUM,cassandra-1,True,False,5.671,2026-09-16T06:28:35.283679+00:00,
0b32a7fd-51a0-4d9c-ba8d-4bb0100759c0,monotonic_reads,network_partition,writer-1,write,mr-0b32a7fd-51a0-4d9c-ba8d-4bb0100759c0,1432,,,QUORUM,cassandra-1,True,False,4.376,2026-09-16T06:28:35.286530+00:00,
0b32a7fd-51a0-4d9c-ba8d-4bb0100759c0,monotonic_reads,network_partition,reader-1,read,mr-0b32a7fd-51a0-4d9c-ba8d-4bb0100759c0,,1432,QUORUM,QUORUM,cassandra-2,True,False,6.378,2026-09-16T06:28:35.302034+00:00,
0b32a7fd-51a0-4d9c-ba8d-4bb0100759c0,monotonic_reads,network_partition,writer-1,write,mr-0b32a7fd-51a0-4d9c-ba8d-4bb0100759c0,1433,,,QUORUM,cassandra-1,True,False,4.754,2026-09-16T06:28:35.315386+00:00,
0b32a7fd-51a0-4d9c-ba8d-4bb0100759c0,monotonic_reads,network_partition,reader-1,read,mr-0b32a7fd-51a0-4d9c-ba8d-4bb0100759c0,,1433,QUORUM,QUORUM,cassandra-3,True,False,4.502,2026-09-16T06:28:35.319067+00:00,
0b32a7fd-51a0-4d9c-ba8d-4bb0100759c0,monotonic_reads,network_partition,reader-1,read,mr-0b32a7fd-51a0-4d9c-ba8d-4bb0100759c0,,1433,QUORUM,QUORUM,cassandra-1,True,False,7.246,2026-09-16T06:28:35.338989+00:00,
0b32a7fd-51a0-4d9c-ba8d-4bb0100759c0,monotonic_reads,network_partition,writer-1,write,mr-0b32a7fd-51a0-4d9c-ba8d-4bb0100759c0,1434,,,QUORUM,cassandra-1,True,False,5.055,2026-09-16T06:28:35.342510+00:00,
0b32a7fd-51a0-4d9c-ba8d-4bb0100759c0,monotonic_reads,network_partition,reader-1,read,mr-0b32a7fd-51a0-4d9c-ba8d-4bb0100759c0,,1434,QUORUM,QUORUM,cassandra-2,True,False,13.836,2026-09-16T06:28:35.364420+00:00,
0b32a7fd-51a0-4d9c-ba8d-4bb0100759c0,monotonic_reads,network_partition,writer-1,write,mr-0b32a7fd-51a0-4d9c-ba8d-4bb0100759c0,1435,,,QUORUM,cassandra-1,True,False,4.284,2026-09-16T06:28:35.369311+00:00,
0b32a7fd-51a0-4d9c-ba8d-4bb0100759c0,monotonic_reads,network_partition,reader-1,read,mr-0b32a7fd-51a0-4d9c-ba8d-4bb0100759c0,,1435,QUORUM,QUORUM,cassandra-3,True,False,5.749,2026-09-16T06:28:35.382639+00:00,
0b32a7fd-51a0-4d9c-ba8d-4bb0100759c0,monotonic_reads,network_partition,writer-1,write,mr-0b32a7fd-51a0-4d9c-ba8d-4bb0100759c0,1436,,,QUORUM,cassandra-1,True,False,3.188,2026-09-16T06:28:35.397204+00:00,
0b32a7fd-51a0-4d9c-ba8d-4bb0100759c0,monotonic_reads,network_partition,reader-1,read,mr-0b32a7fd-51a0-4d9c-ba8d-4bb0100759c0,,1436,QUORUM,QUORUM,cassandra-1,True,False,6.182,2026-09-16T06:28:35.400919+00:00,
0b32a7fd-51a0-4d9c-ba8d-4bb0100759c0,monotonic_reads,network_partition,reader-1,read,mr-0b32a7fd-51a0-4d9c-ba8d-4bb0100759c0,,1436,QUORUM,QUORUM,cassandra-2,True,False,7.87,2026-09-16T06:28:35.421474+00:00,
0b32a7fd-51a0-4d9c-ba8d-4bb0100759c0,monotonic_reads,network_partition,writer-1,write,mr-0b32a7fd-51a0-4d9c-ba8d-4bb0100759c0,1437,,,QUORUM,cassandra-1,True,False,4.525,2026-09-16T06:28:35.422490+00:00,
0b32a7fd-51a0-4d9c-ba8d-4bb0100759c0,monotonic_reads,network_partition,reader-1,read,mr-0b32a7fd-51a0-4d9c-ba8d-4bb0100759c0,,1437,QUORUM,QUORUM,cassandra-3,True,False,9.504,2026-09-16T06:28:35.442063+00:00,
0b32a7fd-51a0-4d9c-ba8d-4bb0100759c0,monotonic_reads,network_partition,writer-1,write,mr-0b32a7fd-51a0-4d9c-ba8d-4bb0100759c0,1438,,,QUORUM,cassandra-1,True,False,3.973,2026-09-16T06:28:35.451419+00:00,
0b32a7fd-51a0-4d9c-ba8d-4bb0100759c0,monotonic_reads,network_partition,reader-1,read,mr-0b32a7fd-51a0-4d9c-ba8d-4bb0100759c0,,1438,QUORUM,QUORUM,cassandra-1,True,False,4.089,2026-09-16T06:28:35.456705+00:00,
0b32a7fd-51a0-4d9c-ba8d-4bb0100759c0,monotonic_reads,network_partition,reader-1,read,mr-0b32a7fd-51a0-4d9c-ba8d-4bb0100759c0,,1438,QUORUM,QUORUM,cassandra-2,True,False,5.577,2026-09-16T06:28:35.473161+00:00,
0b32a7fd-51a0-4d9c-ba8d-4bb0100759c0,monotonic_reads,network_partition,writer-1,write,mr-0b32a7fd-51a0-4d9c-ba8d-4bb0100759c0,1439,,,QUORUM,cassandra-1,True,False,3.66,2026-09-16T06:28:35.478274+00:00,
0b32a7fd-51a0-4d9c-ba8d-4bb0100759c0,monotonic_reads,network_partition,reader-1,read,mr-0b32a7fd-51a0-4d9c-ba8d-4bb0100759c0,,1439,QUORUM,QUORUM,cassandra-3,True,False,4.531,2026-09-16T06:28:35.489193+00:00,
0b32a7fd-51a0-4d9c-ba8d-4bb0100759c0,monotonic_reads,network_partition,writer-1,write,mr-0b32a7fd-51a0-4d9c-ba8d-4bb0100759c0,1440,,,QUORUM,cassandra-1,True,False,4.86,2026-09-16T06:28:35.504397+00:00,
0b32a7fd-51a0-4d9c-ba8d-4bb0100759c0,monotonic_reads,network_partition,reader-1,read,mr-0b32a7fd-51a0-4d9c-ba8d-4bb0100759c0,,1440,QUORUM,QUORUM,cassandra-1,True,False,4.382,2026-09-16T06:28:35.505878+00:00,
0b32a7fd-51a0-4d9c-ba8d-4bb0100759c0,monotonic_reads,network_partition,reader-1,read,mr-0b32a7fd-51a0-4d9c-ba8d-4bb0100759c0,,1440,QUORUM,QUORUM,cassandra-2,True,False,5.93,2026-09-16T06:28:35.523841+00:00,
0b32a7fd-51a0-4d9c-ba8d-4bb0100759c0,monotonic_reads,network_partition,writer-1,write,mr-0b32a7fd-51a0-4d9c-ba8d-4bb0100759c0,1441,,,QUORUM,cassandra-1,True,False,5.204,2026-09-16T06:28:35.531832+00:00,
0b32a7fd-51a0-4d9c-ba8d-4bb0100759c0,monotonic_reads,network_partition,reader-1,read,mr-0b32a7fd-51a0-4d9c-ba8d-4bb0100759c0,,1441,QUORUM,QUORUM,cassandra-3,True,False,5.628,2026-09-16T06:28:35.540282+00:00,
0b32a7fd-51a0-4d9c-ba8d-4bb0100759c0,monotonic_reads,network_partition,reader-1,read,mr-0b32a7fd-51a0-4d9c-ba8d-4bb0100759c0,,1441,QUORUM,QUORUM,cassandra-1,True,False,5.051,2026-09-16T06:28:35.557721+00:00,
0b32a7fd-51a0-4d9c-ba8d-4bb0100759c0,monotonic_reads,network_partition,writer-1,write,mr-0b32a7fd-51a0-4d9c-ba8d-4bb0100759c0,1442,,,QUORUM,cassandra-1,True,False,3.655,2026-09-16T06:28:35.559122+00:00,
0b32a7fd-51a0-4d9c-ba8d-4bb0100759c0,monotonic_reads,network_partition,reader-1,read,mr-0b32a7fd-51a0-4d9c-ba8d-4bb0100759c0,,1442,QUORUM,QUORUM,cassandra-2,True,False,4.953,2026-09-16T06:28:35.575077+00:00,
0b32a7fd-51a0-4d9c-ba8d-4bb0100759c0,monotonic_reads,network_partition,writer-1,write,mr-0b32a7fd-51a0-4d9c-ba8d-4bb0100759c0,1443,,,QUORUM,cassandra-1,True,False,3.945,2026-09-16T06:28:35.583536+00:00,
0b32a7fd-51a0-4d9c-ba8d-4bb0100759c0,monotonic_reads,network_partition,reader-1,read,mr-0b32a7fd-51a0-4d9c-ba8d-4bb0100759c0,,1443,QUORUM,QUORUM,cassandra-3,True,False,5.368,2026-09-16T06:28:35.592013+00:00,
0b32a7fd-51a0-4d9c-ba8d-4bb0100759c0,monotonic_reads,network_partition,reader-1,read,mr-0b32a7fd-51a0-4d9c-ba8d-4bb0100759c0,,1443,QUORUM,QUORUM,cassandra-1,True,False,5.562,2026-09-16T06:28:35.609117+00:00,
0b32a7fd-51a0-4d9c-ba8d-4bb0100759c0,monotonic_reads,network_partition,writer-1,write,mr-0b32a7fd-51a0-4d9c-ba8d-4bb0100759c0,1444,,,QUORUM,cassandra-1,True,False,3.997,2026-09-16T06:28:35.609493+00:00,
0b32a7fd-51a0-4d9c-ba8d-4bb0100759c0,monotonic_reads,network_partition,reader-1,read,mr-0b32a7fd-51a0-4d9c-ba8d-4bb0100759c0,,1444,QUORUM,QUORUM,cassandra-2,True,False,5.719,2026-09-16T06:28:35.625364+00:00,
0b32a7fd-51a0-4d9c-ba8d-4bb0100759c0,monotonic_reads,network_partition,writer-1,write,mr-0b32a7fd-51a0-4d9c-ba8d-4bb0100759c0,1445,,,QUORUM,cassandra-1,True,False,4.519,2026-09-16T06:28:35.636055+00:00,
0b32a7fd-51a0-4d9c-ba8d-4bb0100759c0,monotonic_reads,network_partition,reader-1,read,mr-0b32a7fd-51a0-4d9c-ba8d-4bb0100759c0,,1445,QUORUM,QUORUM,cassandra-3,True,False,5.244,2026-09-16T06:28:35.643225+00:00,
0b32a7fd-51a0-4d9c-ba8d-4bb0100759c0,monotonic_reads,network_partition,reader-1,read,mr-0b32a7fd-51a0-4d9c-ba8d-4bb0100759c0,,1445,QUORUM,QUORUM,cassandra-1,True,False,5.962,2026-09-16T06:28:35.659603+00:00,
0b32a7fd-51a0-4d9c-ba8d-4bb0100759c0,monotonic_reads,network_partition,writer-1,write,mr-0b32a7fd-51a0-4d9c-ba8d-4bb0100759c0,1446,,,QUORUM,cassandra-1,True,False,5.093,2026-09-16T06:28:35.663427+00:00,
0b32a7fd-51a0-4d9c-ba8d-4bb0100759c0,monotonic_reads,network_partition,reader-1,read,mr-0b32a7fd-51a0-4d9c-ba8d-4bb0100759c0,,1446,QUORUM,QUORUM,cassandra-2,True,False,6.531,2026-09-16T06:28:35.677180+00:00,
0b32a7fd-51a0-4d9c-ba8d-4bb0100759c0,monotonic_reads,network_partition,writer-1,write,mr-0b32a7fd-51a0-4d9c-ba8d-4bb0100759c0,1447,,,QUORUM,cassandra-1,True,False,4.934,2026-09-16T06:28:35.691603+00:00,
0b32a7fd-51a0-4d9c-ba8d-4bb0100759c0,monotonic_reads,network_partition,reader-1,read,mr-0b32a7fd-51a0-4d9c-ba8d-4bb0100759c0,,1447,QUORUM,QUORUM,cassandra-3,True,False,4.62,2026-09-16T06:28:35.694070+00:00,
0b32a7fd-51a0-4d9c-ba8d-4bb0100759c0,monotonic_reads,network_partition,reader-1,read,mr-0b32a7fd-51a0-4d9c-ba8d-4bb0100759c0,,1447,QUORUM,QUORUM,cassandra-1,True,False,5.628,2026-09-16T06:28:35.711264+00:00,
0b32a7fd-51a0-4d9c-ba8d-4bb0100759c0,monotonic_reads,network_partition,writer-1,write,mr-0b32a7fd-51a0-4d9c-ba8d-4bb0100759c0,1448,,,QUORUM,cassandra-1,True,False,4.617,2026-09-16T06:28:35.719265+00:00,
0b32a7fd-51a0-4d9c-ba8d-4bb0100759c0,monotonic_reads,network_partition,reader-1,read,mr-0b32a7fd-51a0-4d9c-ba8d-4bb0100759c0,,1448,QUORUM,QUORUM,cassandra-2,True,False,6.879,2026-09-16T06:28:35.730334+00:00,
0b32a7fd-51a0-4d9c-ba8d-4bb0100759c0,monotonic_reads,network_partition,reader-1,read,mr-0b32a7fd-51a0-4d9c-ba8d-4bb0100759c0,,1448,QUORUM,QUORUM,cassandra-3,True,False,4.15,2026-09-16T06:28:35.744826+00:00,
0b32a7fd-51a0-4d9c-ba8d-4bb0100759c0,monotonic_reads,network_partition,writer-1,write,mr-0b32a7fd-51a0-4d9c-ba8d-4bb0100759c0,1449,,,QUORUM,cassandra-1,True,False,4.64,2026-09-16T06:28:35.748217+00:00,
0b32a7fd-51a0-4d9c-ba8d-4bb0100759c0,monotonic_reads,network_partition,reader-1,read,mr-0b32a7fd-51a0-4d9c-ba8d-4bb0100759c0,,1449,QUORUM,QUORUM,cassandra-1,True,False,3.843,2026-09-16T06:28:35.760477+00:00,
0b32a7fd-51a0-4d9c-ba8d-4bb0100759c0,monotonic_reads,network_partition,writer-1,write,mr-0b32a7fd-51a0-4d9c-ba8d-4bb0100759c0,1450,,,QUORUM,cassandra-1,True,False,2.714,2026-09-16T06:28:35.776123+00:00,
0b32a7fd-51a0-4d9c-ba8d-4bb0100759c0,monotonic_reads,network_partition,reader-1,read,mr-0b32a7fd-51a0-4d9c-ba8d-4bb0100759c0,,1449,QUORUM,QUORUM,cassandra-2,True,False,3.383,2026-09-16T06:28:35.776484+00:00,
0b32a7fd-51a0-4d9c-ba8d-4bb0100759c0,monotonic_reads,network_partition,reader-1,read,mr-0b32a7fd-51a0-4d9c-ba8d-4bb0100759c0,,1450,QUORUM,QUORUM,cassandra-3,True,False,3.232,2026-09-16T06:28:35.792299+00:00,
0b32a7fd-51a0-4d9c-ba8d-4bb0100759c0,monotonic_reads,network_partition,writer-1,write,mr-0b32a7fd-51a0-4d9c-ba8d-4bb0100759c0,1451,,,QUORUM,cassandra-1,True,False,4.168,2026-09-16T06:28:35.802117+00:00,
0b32a7fd-51a0-4d9c-ba8d-4bb0100759c0,monotonic_reads,network_partition,reader-1,read,mr-0b32a7fd-51a0-4d9c-ba8d-4bb0100759c0,,1451,QUORUM,QUORUM,cassandra-1,True,False,3.85,2026-09-16T06:28:35.807470+00:00,
0b32a7fd-51a0-4d9c-ba8d-4bb0100759c0,monotonic_reads,network_partition,reader-1,read,mr-0b32a7fd-51a0-4d9c-ba8d-4bb0100759c0,,1451,QUORUM,QUORUM,cassandra-2,True,False,2.993,2026-09-16T06:28:35.822255+00:00,
0b32a7fd-51a0-4d9c-ba8d-4bb0100759c0,monotonic_reads,network_partition,writer-1,write,mr-0b32a7fd-51a0-4d9c-ba8d-4bb0100759c0,1452,,,QUORUM,cassandra-1,True,False,2.176,2026-09-16T06:28:35.825817+00:00,
0b32a7fd-51a0-4d9c-ba8d-4bb0100759c0,monotonic_reads,network_partition,reader-1,read,mr-0b32a7fd-51a0-4d9c-ba8d-4bb0100759c0,,1452,QUORUM,QUORUM,cassandra-3,True,False,3.69,2026-09-16T06:28:35.837289+00:00,
0b32a7fd-51a0-4d9c-ba8d-4bb0100759c0,monotonic_reads,network_partition,writer-1,write,mr-0b32a7fd-51a0-4d9c-ba8d-4bb0100759c0,1453,,,QUORUM,cassandra-1,True,False,1.917,2026-09-16T06:28:35.852001+00:00,
0b32a7fd-51a0-4d9c-ba8d-4bb0100759c0,monotonic_reads,network_partition,reader-1,read,mr-0b32a7fd-51a0-4d9c-ba8d-4bb0100759c0,,1452,QUORUM,QUORUM,cassandra-1,True,False,2.488,2026-09-16T06:28:35.852360+00:00,
0b32a7fd-51a0-4d9c-ba8d-4bb0100759c0,monotonic_reads,network_partition,reader-1,read,mr-0b32a7fd-51a0-4d9c-ba8d-4bb0100759c0,,1453,QUORUM,QUORUM,cassandra-2,True,False,3.702,2026-09-16T06:28:35.868377+00:00,
0b32a7fd-51a0-4d9c-ba8d-4bb0100759c0,monotonic_reads,network_partition,writer-1,write,mr-0b32a7fd-51a0-4d9c-ba8d-4bb0100759c0,1454,,,QUORUM,cassandra-1,True,False,2.292,2026-09-16T06:28:35.878992+00:00,
0b32a7fd-51a0-4d9c-ba8d-4bb0100759c0,monotonic_reads,network_partition,reader-1,read,mr-0b32a7fd-51a0-4d9c-ba8d-4bb0100759c0,,1454,QUORUM,QUORUM,cassandra-3,True,False,3.791,2026-09-16T06:28:35.884245+00:00,
0b32a7fd-51a0-4d9c-ba8d-4bb0100759c0,monotonic_reads,network_partition,reader-1,read,mr-0b32a7fd-51a0-4d9c-ba8d-4bb0100759c0,,1454,QUORUM,QUORUM,cassandra-1,True,False,2.869,2026-09-16T06:28:35.899195+00:00,
0b32a7fd-51a0-4d9c-ba8d-4bb0100759c0,monotonic_reads,network_partition,writer-1,write,mr-0b32a7fd-51a0-4d9c-ba8d-4bb0100759c0,1455,,,QUORUM,cassandra-1,True,False,3.429,2026-09-16T06:28:35.905843+00:00,
0b32a7fd-51a0-4d9c-ba8d-4bb0100759c0,monotonic_reads,network_partition,reader-1,read,mr-0b32a7fd-51a0-4d9c-ba8d-4bb0100759c0,,1455,QUORUM,QUORUM,cassandra-2,True,False,3.766,2026-09-16T06:28:35.913377+00:00,
0b32a7fd-51a0-4d9c-ba8d-4bb0100759c0,monotonic_reads,network_partition,reader-1,read,mr-0b32a7fd-51a0-4d9c-ba8d-4bb0100759c0,,1455,QUORUM,QUORUM,cassandra-3,True,False,3.309,2026-09-16T06:28:35.929281+00:00,
0b32a7fd-51a0-4d9c-ba8d-4bb0100759c0,monotonic_reads,network_partition,writer-1,write,mr-0b32a7fd-51a0-4d9c-ba8d-4bb0100759c0,1456,,,QUORUM,cassandra-1,True,False,3.722,2026-09-16T06:28:35.929895+00:00,
0b32a7fd-51a0-4d9c-ba8d-4bb0100759c0,monotonic_reads,network_partition,reader-1,read,mr-0b32a7fd-51a0-4d9c-ba8d-4bb0100759c0,,1456,QUORUM,QUORUM,cassandra-1,True,False,2.419,2026-09-16T06:28:35.944246+00:00,
0b32a7fd-51a0-4d9c-ba8d-4bb0100759c0,monotonic_reads,network_partition,writer-1,write,mr-0b32a7fd-51a0-4d9c-ba8d-4bb0100759c0,1457,,,QUORUM,cassandra-1,True,False,2.846,2026-09-16T06:28:35.955947+00:00,
0b32a7fd-51a0-4d9c-ba8d-4bb0100759c0,monotonic_reads,network_partition,reader-1,read,mr-0b32a7fd-51a0-4d9c-ba8d-4bb0100759c0,,1457,QUORUM,QUORUM,cassandra-2,True,False,3.618,2026-09-16T06:28:35.958252+00:00,
0b32a7fd-51a0-4d9c-ba8d-4bb0100759c0,monotonic_reads,network_partition,reader-1,read,mr-0b32a7fd-51a0-4d9c-ba8d-4bb0100759c0,,1457,QUORUM,QUORUM,cassandra-3,True,False,2.672,2026-09-16T06:28:35.973278+00:00,
0b32a7fd-51a0-4d9c-ba8d-4bb0100759c0,monotonic_reads,network_partition,writer-1,write,mr-0b32a7fd-51a0-4d9c-ba8d-4bb0100759c0,1458,,,QUORUM,cassandra-1,True,False,2.999,2026-09-16T06:28:35.982127+00:00,
0b32a7fd-51a0-4d9c-ba8d-4bb0100759c0,monotonic_reads,network_partition,reader-1,read,mr-0b32a7fd-51a0-4d9c-ba8d-4bb0100759c0,,1458,QUORUM,QUORUM,cassandra-1,True,False,3.587,2026-09-16T06:28:35.988468+00:00,
0b32a7fd-51a0-4d9c-ba8d-4bb0100759c0,monotonic_reads,network_partition,reader-1,read,mr-0b32a7fd-51a0-4d9c-ba8d-4bb0100759c0,,1458,QUORUM,QUORUM,cassandra-2,True,False,3.557,2026-09-16T06:28:36.004138+00:00,
0b32a7fd-51a0-4d9c-ba8d-4bb0100759c0,monotonic_reads,network_partition,writer-1,write,mr-0b32a7fd-51a0-4d9c-ba8d-4bb0100759c0,1459,,,QUORUM,cassandra-1,True,False,2.818,2026-09-16T06:28:36.010035+00:00,
0b32a7fd-51a0-4d9c-ba8d-4bb0100759c0,monotonic_reads,network_partition,reader-1,read,mr-0b32a7fd-51a0-4d9c-ba8d-4bb0100759c0,,1459,QUORUM,QUORUM,cassandra-3,True,False,3.809,2026-09-16T06:28:36.019467+00:00,
0b32a7fd-51a0-4d9c-ba8d-4bb0100759c0,monotonic_reads,network_partition,reader-1,read,mr-0b32a7fd-51a0-4d9c-ba8d-4bb0100759c0,,1459,QUORUM,QUORUM,cassandra-1,True,False,3.902,2026-09-16T06:28:36.035255+00:00,
0b32a7fd-51a0-4d9c-ba8d-4bb0100759c0,monotonic_reads,network_partition,writer-1,write,mr-0b32a7fd-51a0-4d9c-ba8d-4bb0100759c0,1460,,,QUORUM,cassandra-1,True,False,2.919,2026-09-16T06:28:36.036793+00:00,
0b32a7fd-51a0-4d9c-ba8d-4bb0100759c0,monotonic_reads,network_partition,reader-1,read,mr-0b32a7fd-51a0-4d9c-ba8d-4bb0100759c0,,1460,QUORUM,QUORUM,cassandra-2,True,False,3.364,2026-09-16T06:28:36.050236+00:00,
0b32a7fd-51a0-4d9c-ba8d-4bb0100759c0,monotonic_reads,network_partition,reader-1,read,mr-0b32a7fd-51a0-4d9c-ba8d-4bb0100759c0,,1460,QUORUM,QUORUM,cassandra-3,True,False,2.982,2026-09-16T06:28:36.063571+00:00,
0b32a7fd-51a0-4d9c-ba8d-4bb0100759c0,monotonic_reads,network_partition,writer-1,write,mr-0b32a7fd-51a0-4d9c-ba8d-4bb0100759c0,1461,,,QUORUM,cassandra-1,True,False,4.006,2026-09-16T06:28:36.065078+00:00,
0b32a7fd-51a0-4d9c-ba8d-4bb0100759c0,monotonic_reads,network_partition,reader-1,read,mr-0b32a7fd-51a0-4d9c-ba8d-4bb0100759c0,,1461,QUORUM,QUORUM,cassandra-1,True,False,3.648,2026-09-16T06:28:36.077388+00:00,
0b32a7fd-51a0-4d9c-ba8d-4bb0100759c0,monotonic_reads,network_partition,reader-1,read,mr-0b32a7fd-51a0-4d9c-ba8d-4bb0100759c0,,1461,QUORUM,QUORUM,cassandra-2,True,False,3.467,2026-09-16T06:28:36.091084+00:00,
0b32a7fd-51a0-4d9c-ba8d-4bb0100759c0,monotonic_reads,network_partition,writer-1,write,mr-0b32a7fd-51a0-4d9c-ba8d-4bb0100759c0,1462,,,QUORUM,cassandra-1,True,False,2.627,2026-09-16T06:28:36.092853+00:00,
0b32a7fd-51a0-4d9c-ba8d-4bb0100759c0,monotonic_reads,network_partition,reader-1,read,mr-0b32a7fd-51a0-4d9c-ba8d-4bb0100759c0,,1462,QUORUM,QUORUM,cassandra-3,True,False,3.948,2026-09-16T06:28:36.107350+00:00,
0b32a7fd-51a0-4d9c-ba8d-4bb0100759c0,monotonic_reads,network_partition,writer-1,write,mr-0b32a7fd-51a0-4d9c-ba8d-4bb0100759c0,1463,,,QUORUM,cassandra-1,True,False,1.634,2026-09-16T06:28:36.118871+00:00,
0b32a7fd-51a0-4d9c-ba8d-4bb0100759c0,monotonic_reads,network_partition,reader-1,read,mr-0b32a7fd-51a0-4d9c-ba8d-4bb0100759c0,,1463,QUORUM,QUORUM,cassandra-1,True,False,4.006,2026-09-16T06:28:36.122408+00:00,
0b32a7fd-51a0-4d9c-ba8d-4bb0100759c0,monotonic_reads,network_partition,reader-1,read,mr-0b32a7fd-51a0-4d9c-ba8d-4bb0100759c0,,1463,QUORUM,QUORUM,cassandra-2,True,False,3.603,2026-09-16T06:28:36.138539+00:00,
0b32a7fd-51a0-4d9c-ba8d-4bb0100759c0,monotonic_reads,network_partition,writer-1,write,mr-0b32a7fd-51a0-4d9c-ba8d-4bb0100759c0,1464,,,QUORUM,cassandra-1,True,False,2.924,2026-09-16T06:28:36.142844+00:00,
0b32a7fd-51a0-4d9c-ba8d-4bb0100759c0,monotonic_reads,network_partition,reader-1,read,mr-0b32a7fd-51a0-4d9c-ba8d-4bb0100759c0,,1464,QUORUM,QUORUM,cassandra-3,True,False,4.303,2026-09-16T06:28:36.155516+00:00,
0b32a7fd-51a0-4d9c-ba8d-4bb0100759c0,monotonic_reads,network_partition,writer-1,write,mr-0b32a7fd-51a0-4d9c-ba8d-4bb0100759c0,1465,,,QUORUM,cassandra-1,True,False,2.025,2026-09-16T06:28:36.167845+00:00,
0b32a7fd-51a0-4d9c-ba8d-4bb0100759c0,monotonic_reads,network_partition,reader-1,read,mr-0b32a7fd-51a0-4d9c-ba8d-4bb0100759c0,,1464,QUORUM,QUORUM,cassandra-1,True,False,3.12,2026-09-16T06:28:36.169422+00:00,
0b32a7fd-51a0-4d9c-ba8d-4bb0100759c0,monotonic_reads,network_partition,reader-1,read,mr-0b32a7fd-51a0-4d9c-ba8d-4bb0100759c0,,1465,QUORUM,QUORUM,cassandra-2,True,False,3.422,2026-09-16T06:28:36.185509+00:00,
0b32a7fd-51a0-4d9c-ba8d-4bb0100759c0,monotonic_reads,network_partition,writer-1,write,mr-0b32a7fd-51a0-4d9c-ba8d-4bb0100759c0,1466,,,QUORUM,cassandra-1,True,False,2.445,2026-09-16T06:28:36.191976+00:00,
0b32a7fd-51a0-4d9c-ba8d-4bb0100759c0,monotonic_reads,network_partition,reader-1,read,mr-0b32a7fd-51a0-4d9c-ba8d-4bb0100759c0,,1466,QUORUM,QUORUM,cassandra-3,True,False,4.223,2026-09-16T06:28:36.202421+00:00,
0b32a7fd-51a0-4d9c-ba8d-4bb0100759c0,monotonic_reads,network_partition,writer-1,write,mr-0b32a7fd-51a0-4d9c-ba8d-4bb0100759c0,1467,,,QUORUM,cassandra-1,True,False,2.881,2026-09-16T06:28:36.216995+00:00,
0b32a7fd-51a0-4d9c-ba8d-4bb0100759c0,monotonic_reads,network_partition,reader-1,read,mr-0b32a7fd-51a0-4d9c-ba8d-4bb0100759c0,,1466,QUORUM,QUORUM,cassandra-1,True,False,2.434,2026-09-16T06:28:36.217550+00:00,
0b32a7fd-51a0-4d9c-ba8d-4bb0100759c0,monotonic_reads,network_partition,reader-1,read,mr-0b32a7fd-51a0-4d9c-ba8d-4bb0100759c0,,1467,QUORUM,QUORUM,cassandra-2,True,False,11.626,2026-09-16T06:28:36.239379+00:00,
0b32a7fd-51a0-4d9c-ba8d-4bb0100759c0,monotonic_reads,network_partition,writer-1,write,mr-0b32a7fd-51a0-4d9c-ba8d-4bb0100759c0,1468,,,QUORUM,cassandra-1,True,False,2.945,2026-09-16T06:28:36.243914+00:00,
0b32a7fd-51a0-4d9c-ba8d-4bb0100759c0,monotonic_reads,network_partition,reader-1,read,mr-0b32a7fd-51a0-4d9c-ba8d-4bb0100759c0,,1468,QUORUM,QUORUM,cassandra-3,True,False,4.247,2026-09-16T06:28:36.256229+00:00,
0b32a7fd-51a0-4d9c-ba8d-4bb0100759c0,monotonic_reads,network_partition,reader-1,read,mr-0b32a7fd-51a0-4d9c-ba8d-4bb0100759c0,,1468,QUORUM,QUORUM,cassandra-1,True,False,2.83,2026-09-16T06:28:36.270355+00:00,
0b32a7fd-51a0-4d9c-ba8d-4bb0100759c0,monotonic_reads,network_partition,writer-1,write,mr-0b32a7fd-51a0-4d9c-ba8d-4bb0100759c0,1469,,,QUORUM,cassandra-1,True,False,2.638,2026-09-16T06:28:36.270414+00:00,
0b32a7fd-51a0-4d9c-ba8d-4bb0100759c0,monotonic_reads,network_partition,reader-1,read,mr-0b32a7fd-51a0-4d9c-ba8d-4bb0100759c0,,1469,QUORUM,QUORUM,cassandra-2,True,False,3.826,2026-09-16T06:28:36.285210+00:00,
0b32a7fd-51a0-4d9c-ba8d-4bb0100759c0,monotonic_reads,network_partition,writer-1,write,mr-0b32a7fd-51a0-4d9c-ba8d-4bb0100759c0,1470,,,QUORUM,cassandra-1,True,False,2.667,2026-09-16T06:28:36.293858+00:00,
0b32a7fd-51a0-4d9c-ba8d-4bb0100759c0,monotonic_reads,network_partition,reader-1,read,mr-0b32a7fd-51a0-4d9c-ba8d-4bb0100759c0,,1470,QUORUM,QUORUM,cassandra-3,True,False,3.56,2026-09-16T06:28:36.301358+00:00,
0b32a7fd-51a0-4d9c-ba8d-4bb0100759c0,monotonic_reads,network_partition,reader-1,read,mr-0b32a7fd-51a0-4d9c-ba8d-4bb0100759c0,,1470,QUORUM,QUORUM,cassandra-1,True,False,4.165,2026-09-16T06:28:36.316783+00:00,
0b32a7fd-51a0-4d9c-ba8d-4bb0100759c0,monotonic_reads,network_partition,writer-1,write,mr-0b32a7fd-51a0-4d9c-ba8d-4bb0100759c0,1471,,,QUORUM,cassandra-1,True,False,3.33,2026-09-16T06:28:36.322248+00:00,
0b32a7fd-51a0-4d9c-ba8d-4bb0100759c0,monotonic_reads,network_partition,reader-1,read,mr-0b32a7fd-51a0-4d9c-ba8d-4bb0100759c0,,1471,QUORUM,QUORUM,cassandra-2,True,False,3.644,2026-09-16T06:28:36.331689+00:00,
0b32a7fd-51a0-4d9c-ba8d-4bb0100759c0,monotonic_reads,network_partition,reader-1,read,mr-0b32a7fd-51a0-4d9c-ba8d-4bb0100759c0,,1471,QUORUM,QUORUM,cassandra-3,True,False,4.282,2026-09-16T06:28:36.347913+00:00,
0b32a7fd-51a0-4d9c-ba8d-4bb0100759c0,monotonic_reads,network_partition,writer-1,write,mr-0b32a7fd-51a0-4d9c-ba8d-4bb0100759c0,1472,,,QUORUM,cassandra-1,True,False,3.78,2026-09-16T06:28:36.350226+00:00,
0b32a7fd-51a0-4d9c-ba8d-4bb0100759c0,monotonic_reads,network_partition,reader-1,read,mr-0b32a7fd-51a0-4d9c-ba8d-4bb0100759c0,,1472,QUORUM,QUORUM,cassandra-1,True,False,5.577,2026-09-16T06:28:36.365222+00:00,
0b32a7fd-51a0-4d9c-ba8d-4bb0100759c0,monotonic_reads,network_partition,writer-1,write,mr-0b32a7fd-51a0-4d9c-ba8d-4bb0100759c0,1473,,,QUORUM,cassandra-1,True,False,4.81,2026-09-16T06:28:36.375444+00:00,
0b32a7fd-51a0-4d9c-ba8d-4bb0100759c0,monotonic_reads,network_partition,reader-1,read,mr-0b32a7fd-51a0-4d9c-ba8d-4bb0100759c0,,1473,QUORUM,QUORUM,cassandra-2,True,False,4.405,2026-09-16T06:28:36.380005+00:00,
0b32a7fd-51a0-4d9c-ba8d-4bb0100759c0,monotonic_reads,network_partition,reader-1,read,mr-0b32a7fd-51a0-4d9c-ba8d-4bb0100759c0,,1473,QUORUM,QUORUM,cassandra-3,True,False,5.614,2026-09-16T06:28:36.397257+00:00,
0b32a7fd-51a0-4d9c-ba8d-4bb0100759c0,monotonic_reads,network_partition,writer-1,write,mr-0b32a7fd-51a0-4d9c-ba8d-4bb0100759c0,1474,,,QUORUM,cassandra-1,True,False,4.617,2026-09-16T06:28:36.403227+00:00,
0b32a7fd-51a0-4d9c-ba8d-4bb0100759c0,monotonic_reads,network_partition,reader-1,read,mr-0b32a7fd-51a0-4d9c-ba8d-4bb0100759c0,,1474,QUORUM,QUORUM,cassandra-1,True,False,4.391,2026-09-16T06:28:36.414009+00:00,
0b32a7fd-51a0-4d9c-ba8d-4bb0100759c0,monotonic_reads,network_partition,reader-1,read,mr-0b32a7fd-51a0-4d9c-ba8d-4bb0100759c0,,1474,QUORUM,QUORUM,cassandra-2,True,False,3.808,2026-09-16T06:28:36.430026+00:00,
0b32a7fd-51a0-4d9c-ba8d-4bb0100759c0,monotonic_reads,network_partition,writer-1,write,mr-0b32a7fd-51a0-4d9c-ba8d-4bb0100759c0,1475,,,QUORUM,cassandra-1,True,False,4.701,2026-09-16T06:28:36.430320+00:00,
0b32a7fd-51a0-4d9c-ba8d-4bb0100759c0,monotonic_reads,network_partition,reader-1,read,mr-0b32a7fd-51a0-4d9c-ba8d-4bb0100759c0,,1475,QUORUM,QUORUM,cassandra-3,True,False,6.099,2026-09-16T06:28:36.446735+00:00,
0b32a7fd-51a0-4d9c-ba8d-4bb0100759c0,monotonic_reads,network_partition,writer-1,write,mr-0b32a7fd-51a0-4d9c-ba8d-4bb0100759c0,1476,,,QUORUM,cassandra-1,True,False,4.014,2026-09-16T06:28:36.454637+00:00,
0b32a7fd-51a0-4d9c-ba8d-4bb0100759c0,monotonic_reads,network_partition,reader-1,read,mr-0b32a7fd-51a0-4d9c-ba8d-4bb0100759c0,,1476,QUORUM,QUORUM,cassandra-1,True,False,4.197,2026-09-16T06:28:36.462853+00:00,
0b32a7fd-51a0-4d9c-ba8d-4bb0100759c0,monotonic_reads,network_partition,reader-1,read,mr-0b32a7fd-51a0-4d9c-ba8d-4bb0100759c0,,1476,QUORUM,QUORUM,cassandra-2,True,False,5.791,2026-09-16T06:28:36.481311+00:00,
0b32a7fd-51a0-4d9c-ba8d-4bb0100759c0,monotonic_reads,network_partition,writer-1,write,mr-0b32a7fd-51a0-4d9c-ba8d-4bb0100759c0,1477,,,QUORUM,cassandra-1,True,False,4.34,2026-09-16T06:28:36.482362+00:00,
0b32a7fd-51a0-4d9c-ba8d-4bb0100759c0,monotonic_reads,network_partition,reader-1,read,mr-0b32a7fd-51a0-4d9c-ba8d-4bb0100759c0,,1477,QUORUM,QUORUM,cassandra-3,True,False,5.872,2026-09-16T06:28:36.498613+00:00,
0b32a7fd-51a0-4d9c-ba8d-4bb0100759c0,monotonic_reads,network_partition,writer-1,write,mr-0b32a7fd-51a0-4d9c-ba8d-4bb0100759c0,1478,,,QUORUM,cassandra-1,True,False,4.014,2026-09-16T06:28:36.509633+00:00,
0b32a7fd-51a0-4d9c-ba8d-4bb0100759c0,monotonic_reads,network_partition,reader-1,read,mr-0b32a7fd-51a0-4d9c-ba8d-4bb0100759c0,,1478,QUORUM,QUORUM,cassandra-1,True,False,4.972,2026-09-16T06:28:36.513934+00:00,
0b32a7fd-51a0-4d9c-ba8d-4bb0100759c0,monotonic_reads,network_partition,reader-1,read,mr-0b32a7fd-51a0-4d9c-ba8d-4bb0100759c0,,1478,QUORUM,QUORUM,cassandra-2,True,False,6.012,2026-09-16T06:28:36.532612+00:00,
0b32a7fd-51a0-4d9c-ba8d-4bb0100759c0,monotonic_reads,network_partition,writer-1,write,mr-0b32a7fd-51a0-4d9c-ba8d-4bb0100759c0,1479,,,QUORUM,cassandra-1,True,False,4.953,2026-09-16T06:28:36.535483+00:00,
0b32a7fd-51a0-4d9c-ba8d-4bb0100759c0,monotonic_reads,network_partition,reader-1,read,mr-0b32a7fd-51a0-4d9c-ba8d-4bb0100759c0,,1479,QUORUM,QUORUM,cassandra-3,True,False,4.674,2026-09-16T06:28:36.548306+00:00,
0b32a7fd-51a0-4d9c-ba8d-4bb0100759c0,monotonic_reads,network_partition,writer-1,write,mr-0b32a7fd-51a0-4d9c-ba8d-4bb0100759c0,1480,,,QUORUM,cassandra-1,True,False,4.006,2026-09-16T06:28:36.561623+00:00,
0b32a7fd-51a0-4d9c-ba8d-4bb0100759c0,monotonic_reads,network_partition,reader-1,read,mr-0b32a7fd-51a0-4d9c-ba8d-4bb0100759c0,,1480,QUORUM,QUORUM,cassandra-1,True,False,4.441,2026-09-16T06:28:36.564054+00:00,
0b32a7fd-51a0-4d9c-ba8d-4bb0100759c0,monotonic_reads,network_partition,reader-1,read,mr-0b32a7fd-51a0-4d9c-ba8d-4bb0100759c0,,1480,QUORUM,QUORUM,cassandra-2,True,False,6.28,2026-09-16T06:28:36.582998+00:00,
0b32a7fd-51a0-4d9c-ba8d-4bb0100759c0,monotonic_reads,network_partition,writer-1,write,mr-0b32a7fd-51a0-4d9c-ba8d-4bb0100759c0,1481,,,QUORUM,cassandra-1,True,False,5.183,2026-09-16T06:28:36.589627+00:00,
0b32a7fd-51a0-4d9c-ba8d-4bb0100759c0,monotonic_reads,network_partition,reader-1,read,mr-0b32a7fd-51a0-4d9c-ba8d-4bb0100759c0,,1481,QUORUM,QUORUM,cassandra-3,True,False,4.641,2026-09-16T06:28:36.598257+00:00,
0b32a7fd-51a0-4d9c-ba8d-4bb0100759c0,monotonic_reads,network_partition,writer-1,write,mr-0b32a7fd-51a0-4d9c-ba8d-4bb0100759c0,1482,,,QUORUM,cassandra-1,True,False,3.906,2026-09-16T06:28:36.614546+00:00,
0b32a7fd-51a0-4d9c-ba8d-4bb0100759c0,monotonic_reads,network_partition,reader-1,read,mr-0b32a7fd-51a0-4d9c-ba8d-4bb0100759c0,,1481,QUORUM,QUORUM,cassandra-1,True,False,5.573,2026-09-16T06:28:36.615248+00:00,
0b32a7fd-51a0-4d9c-ba8d-4bb0100759c0,monotonic_reads,network_partition,reader-1,read,mr-0b32a7fd-51a0-4d9c-ba8d-4bb0100759c0,,1482,QUORUM,QUORUM,cassandra-2,True,False,4.563,2026-09-16T06:28:36.630182+00:00,
0b32a7fd-51a0-4d9c-ba8d-4bb0100759c0,monotonic_reads,network_partition,writer-1,write,mr-0b32a7fd-51a0-4d9c-ba8d-4bb0100759c0,1483,,,QUORUM,cassandra-1,True,False,5.154,2026-09-16T06:28:36.640785+00:00,
0b32a7fd-51a0-4d9c-ba8d-4bb0100759c0,monotonic_reads,network_partition,reader-1,read,mr-0b32a7fd-51a0-4d9c-ba8d-4bb0100759c0,,1483,QUORUM,QUORUM,cassandra-3,True,False,4.365,2026-09-16T06:28:36.646983+00:00,
0b32a7fd-51a0-4d9c-ba8d-4bb0100759c0,monotonic_reads,network_partition,reader-1,read,mr-0b32a7fd-51a0-4d9c-ba8d-4bb0100759c0,,1483,QUORUM,QUORUM,cassandra-1,True,False,4.348,2026-09-16T06:28:36.662967+00:00,
0b32a7fd-51a0-4d9c-ba8d-4bb0100759c0,monotonic_reads,network_partition,writer-1,write,mr-0b32a7fd-51a0-4d9c-ba8d-4bb0100759c0,1484,,,QUORUM,cassandra-1,True,False,3.955,2026-09-16T06:28:36.667538+00:00,
0b32a7fd-51a0-4d9c-ba8d-4bb0100759c0,monotonic_reads,network_partition,reader-1,read,mr-0b32a7fd-51a0-4d9c-ba8d-4bb0100759c0,,1484,QUORUM,QUORUM,cassandra-2,True,False,4.663,2026-09-16T06:28:36.680180+00:00,
0b32a7fd-51a0-4d9c-ba8d-4bb0100759c0,monotonic_reads,network_partition,writer-1,write,mr-0b32a7fd-51a0-4d9c-ba8d-4bb0100759c0,1485,,,QUORUM,cassandra-1,True,False,7.264,2026-09-16T06:28:36.696874+00:00,
0b32a7fd-51a0-4d9c-ba8d-4bb0100759c0,monotonic_reads,network_partition,reader-1,read,mr-0b32a7fd-51a0-4d9c-ba8d-4bb0100759c0,,1484,QUORUM,QUORUM,cassandra-3,True,False,6.405,2026-09-16T06:28:36.697003+00:00,
0b32a7fd-51a0-4d9c-ba8d-4bb0100759c0,monotonic_reads,network_partition,reader-1,read,mr-0b32a7fd-51a0-4d9c-ba8d-4bb0100759c0,,1485,QUORUM,QUORUM,cassandra-1,True,False,4.578,2026-09-16T06:28:36.714197+00:00,
0b32a7fd-51a0-4d9c-ba8d-4bb0100759c0,monotonic_reads,network_partition,writer-1,write,mr-0b32a7fd-51a0-4d9c-ba8d-4bb0100759c0,1486,,,QUORUM,cassandra-1,True,False,3.551,2026-09-16T06:28:36.722188+00:00,
0b32a7fd-51a0-4d9c-ba8d-4bb0100759c0,monotonic_reads,network_partition,reader-1,read,mr-0b32a7fd-51a0-4d9c-ba8d-4bb0100759c0,,1486,QUORUM,QUORUM,cassandra-2,True,False,5.638,2026-09-16T06:28:36.730266+00:00,
0b32a7fd-51a0-4d9c-ba8d-4bb0100759c0,monotonic_reads,network_partition,reader-1,read,mr-0b32a7fd-51a0-4d9c-ba8d-4bb0100759c0,,1486,QUORUM,QUORUM,cassandra-3,True,False,4.683,2026-09-16T06:28:36.746305+00:00,
0b32a7fd-51a0-4d9c-ba8d-4bb0100759c0,monotonic_reads,network_partition,writer-1,write,mr-0b32a7fd-51a0-4d9c-ba8d-4bb0100759c0,1487,,,QUORUM,cassandra-1,True,False,4.655,2026-09-16T06:28:36.751079+00:00,
0b32a7fd-51a0-4d9c-ba8d-4bb0100759c0,monotonic_reads,network_partition,reader-1,read,mr-0b32a7fd-51a0-4d9c-ba8d-4bb0100759c0,,1487,QUORUM,QUORUM,cassandra-1,True,False,5.487,2026-09-16T06:28:36.763146+00:00,
0b32a7fd-51a0-4d9c-ba8d-4bb0100759c0,monotonic_reads,network_partition,writer-1,write,mr-0b32a7fd-51a0-4d9c-ba8d-4bb0100759c0,1488,,,QUORUM,cassandra-1,True,False,6.65,2026-09-16T06:28:36.782180+00:00,
0b32a7fd-51a0-4d9c-ba8d-4bb0100759c0,monotonic_reads,network_partition,reader-1,read,mr-0b32a7fd-51a0-4d9c-ba8d-4bb0100759c0,,1488,QUORUM,QUORUM,cassandra-2,True,False,9.946,2026-09-16T06:28:36.786258+00:00,
0b32a7fd-51a0-4d9c-ba8d-4bb0100759c0,monotonic_reads,network_partition,reader-1,read,mr-0b32a7fd-51a0-4d9c-ba8d-4bb0100759c0,,1488,QUORUM,QUORUM,cassandra-3,True,False,6.218,2026-09-16T06:28:36.803836+00:00,
0b32a7fd-51a0-4d9c-ba8d-4bb0100759c0,monotonic_reads,network_partition,writer-1,write,mr-0b32a7fd-51a0-4d9c-ba8d-4bb0100759c0,1489,,,QUORUM,cassandra-1,True,False,3.894,2026-09-16T06:28:36.809511+00:00,
0b32a7fd-51a0-4d9c-ba8d-4bb0100759c0,monotonic_reads,network_partition,reader-1,read,mr-0b32a7fd-51a0-4d9c-ba8d-4bb0100759c0,,1489,QUORUM,QUORUM,cassandra-1,True,False,4.36,2026-09-16T06:28:36.819994+00:00,
0b32a7fd-51a0-4d9c-ba8d-4bb0100759c0,monotonic_reads,network_partition,reader-1,read,mr-0b32a7fd-51a0-4d9c-ba8d-4bb0100759c0,,1489,QUORUM,QUORUM,cassandra-2,True,False,5.396,2026-09-16T06:28:36.838081+00:00,
0b32a7fd-51a0-4d9c-ba8d-4bb0100759c0,monotonic_reads,network_partition,writer-1,write,mr-0b32a7fd-51a0-4d9c-ba8d-4bb0100759c0,1490,,,QUORUM,cassandra-1,True,False,4.778,2026-09-16T06:28:36.838375+00:00,
0b32a7fd-51a0-4d9c-ba8d-4bb0100759c0,monotonic_reads,network_partition,reader-1,read,mr-0b32a7fd-51a0-4d9c-ba8d-4bb0100759c0,,1490,QUORUM,QUORUM,cassandra-3,True,False,4.779,2026-09-16T06:28:36.855420+00:00,
0b32a7fd-51a0-4d9c-ba8d-4bb0100759c0,monotonic_reads,network_partition,writer-1,write,mr-0b32a7fd-51a0-4d9c-ba8d-4bb0100759c0,1491,,,QUORUM,cassandra-1,True,False,5.356,2026-09-16T06:28:36.863959+00:00,
0b32a7fd-51a0-4d9c-ba8d-4bb0100759c0,monotonic_reads,network_partition,reader-1,read,mr-0b32a7fd-51a0-4d9c-ba8d-4bb0100759c0,,1491,QUORUM,QUORUM,cassandra-1,True,False,5.449,2026-09-16T06:28:36.872050+00:00,
0b32a7fd-51a0-4d9c-ba8d-4bb0100759c0,monotonic_reads,network_partition,reader-1,read,mr-0b32a7fd-51a0-4d9c-ba8d-4bb0100759c0,,1491,QUORUM,QUORUM,cassandra-2,True,False,4.556,2026-09-16T06:28:36.888457+00:00,
0b32a7fd-51a0-4d9c-ba8d-4bb0100759c0,monotonic_reads,network_partition,writer-1,write,mr-0b32a7fd-51a0-4d9c-ba8d-4bb0100759c0,1492,,,QUORUM,cassandra-1,True,False,3.805,2026-09-16T06:28:36.890103+00:00,
0b32a7fd-51a0-4d9c-ba8d-4bb0100759c0,monotonic_reads,network_partition,reader-1,read,mr-0b32a7fd-51a0-4d9c-ba8d-4bb0100759c0,,1492,QUORUM,QUORUM,cassandra-3,True,False,5.564,2026-09-16T06:28:36.904188+00:00,
0b32a7fd-51a0-4d9c-ba8d-4bb0100759c0,monotonic_reads,network_partition,writer-1,write,mr-0b32a7fd-51a0-4d9c-ba8d-4bb0100759c0,1493,,,QUORUM,cassandra-1,True,False,5.282,2026-09-16T06:28:36.919745+00:00,
0b32a7fd-51a0-4d9c-ba8d-4bb0100759c0,monotonic_reads,network_partition,reader-1,read,mr-0b32a7fd-51a0-4d9c-ba8d-4bb0100759c0,,1493,QUORUM,QUORUM,cassandra-1,True,False,5.074,2026-09-16T06:28:36.921863+00:00,
0b32a7fd-51a0-4d9c-ba8d-4bb0100759c0,monotonic_reads,network_partition,reader-1,read,mr-0b32a7fd-51a0-4d9c-ba8d-4bb0100759c0,,1493,QUORUM,QUORUM,cassandra-2,True,False,13.449,2026-09-16T06:28:36.947697+00:00,
0b32a7fd-51a0-4d9c-ba8d-4bb0100759c0,monotonic_reads,network_partition,writer-1,write,mr-0b32a7fd-51a0-4d9c-ba8d-4bb0100759c0,1494,,,QUORUM,cassandra-1,True,False,5.904,2026-09-16T06:28:36.948066+00:00,
0b32a7fd-51a0-4d9c-ba8d-4bb0100759c0,monotonic_reads,network_partition,reader-1,read,mr-0b32a7fd-51a0-4d9c-ba8d-4bb0100759c0,,1494,QUORUM,QUORUM,cassandra-3,True,False,5.978,2026-09-16T06:28:36.965937+00:00,
0b32a7fd-51a0-4d9c-ba8d-4bb0100759c0,monotonic_reads,network_partition,writer-1,write,mr-0b32a7fd-51a0-4d9c-ba8d-4bb0100759c0,1495,,,QUORUM,cassandra-1,True,False,4.832,2026-09-16T06:28:36.973434+00:00,
0b32a7fd-51a0-4d9c-ba8d-4bb0100759c0,monotonic_reads,network_partition,reader-1,read,mr-0b32a7fd-51a0-4d9c-ba8d-4bb0100759c0,,1495,QUORUM,QUORUM,cassandra-1,True,False,4.301,2026-09-16T06:28:36.981856+00:00,
0b32a7fd-51a0-4d9c-ba8d-4bb0100759c0,monotonic_reads,network_partition,reader-1,read,mr-0b32a7fd-51a0-4d9c-ba8d-4bb0100759c0,,1495,QUORUM,QUORUM,cassandra-2,True,False,3.235,2026-09-16T06:28:36.997647+00:00,
0b32a7fd-51a0-4d9c-ba8d-4bb0100759c0,monotonic_reads,network_partition,writer-1,write,mr-0b32a7fd-51a0-4d9c-ba8d-4bb0100759c0,1496,,,QUORUM,cassandra-1,True,False,3.529,2026-09-16T06:28:36.998118+00:00,
0b32a7fd-51a0-4d9c-ba8d-4bb0100759c0,monotonic_reads,network_partition,reader-1,read,mr-0b32a7fd-51a0-4d9c-ba8d-4bb0100759c0,,1496,QUORUM,QUORUM,cassandra-3,True,False,4.577,2026-09-16T06:28:37.014814+00:00,
0b32a7fd-51a0-4d9c-ba8d-4bb0100759c0,monotonic_reads,network_partition,writer-1,write,mr-0b32a7fd-51a0-4d9c-ba8d-4bb0100759c0,1497,,,QUORUM,cassandra-1,True,False,10.904,2026-09-16T06:28:37.034059+00:00,
0b32a7fd-51a0-4d9c-ba8d-4bb0100759c0,monotonic_reads,network_partition,reader-1,read,mr-0b32a7fd-51a0-4d9c-ba8d-4bb0100759c0,,1496,QUORUM,QUORUM,cassandra-1,True,False,6.867,2026-09-16T06:28:37.034239+00:00,
0b32a7fd-51a0-4d9c-ba8d-4bb0100759c0,monotonic_reads,network_partition,reader-1,read,mr-0b32a7fd-51a0-4d9c-ba8d-4bb0100759c0,,1497,QUORUM,QUORUM,cassandra-2,True,False,3.684,2026-09-16T06:28:37.048277+00:00,
0b32a7fd-51a0-4d9c-ba8d-4bb0100759c0,monotonic_reads,network_partition,writer-1,write,mr-0b32a7fd-51a0-4d9c-ba8d-4bb0100759c0,1498,,,QUORUM,cassandra-1,True,False,3.454,2026-09-16T06:28:37.058032+00:00,
0b32a7fd-51a0-4d9c-ba8d-4bb0100759c0,monotonic_reads,network_partition,reader-1,read,mr-0b32a7fd-51a0-4d9c-ba8d-4bb0100759c0,,1498,QUORUM,QUORUM,cassandra-3,True,False,5.441,2026-09-16T06:28:37.064000+00:00,
0b32a7fd-51a0-4d9c-ba8d-4bb0100759c0,monotonic_reads,network_partition,reader-1,read,mr-0b32a7fd-51a0-4d9c-ba8d-4bb0100759c0,,1498,QUORUM,QUORUM,cassandra-1,True,False,3.571,2026-09-16T06:28:37.080114+00:00,
0b32a7fd-51a0-4d9c-ba8d-4bb0100759c0,monotonic_reads,network_partition,writer-1,write,mr-0b32a7fd-51a0-4d9c-ba8d-4bb0100759c0,1499,,,QUORUM,cassandra-1,True,False,5.237,2026-09-16T06:28:37.088328+00:00,
0b32a7fd-51a0-4d9c-ba8d-4bb0100759c0,monotonic_reads,network_partition,reader-1,read,mr-0b32a7fd-51a0-4d9c-ba8d-4bb0100759c0,,1499,QUORUM,QUORUM,cassandra-2,True,False,3.872,2026-09-16T06:28:37.096532+00:00,
0b32a7fd-51a0-4d9c-ba8d-4bb0100759c0,monotonic_reads,network_partition,reader-1,read,mr-0b32a7fd-51a0-4d9c-ba8d-4bb0100759c0,,1499,QUORUM,QUORUM,cassandra-3,True,False,7.142,2026-09-16T06:28:37.116251+00:00,
0b32a7fd-51a0-4d9c-ba8d-4bb0100759c0,monotonic_reads,network_partition,writer-1,write,mr-0b32a7fd-51a0-4d9c-ba8d-4bb0100759c0,1500,,,QUORUM,cassandra-1,True,False,7.021,2026-09-16T06:28:37.116533+00:00,
0b32a7fd-51a0-4d9c-ba8d-4bb0100759c0,monotonic_reads,network_partition,reader-1,read,mr-0b32a7fd-51a0-4d9c-ba8d-4bb0100759c0,,1500,QUORUM,QUORUM,cassandra-1,True,False,5.931,2026-09-16T06:28:37.133607+00:00,
0b32a7fd-51a0-4d9c-ba8d-4bb0100759c0,monotonic_reads,network_partition,writer-1,write,mr-0b32a7fd-51a0-4d9c-ba8d-4bb0100759c0,1501,,,QUORUM,cassandra-1,True,False,4.36,2026-09-16T06:28:37.142530+00:00,
0b32a7fd-51a0-4d9c-ba8d-4bb0100759c0,monotonic_reads,network_partition,reader-1,read,mr-0b32a7fd-51a0-4d9c-ba8d-4bb0100759c0,,1501,QUORUM,QUORUM,cassandra-2,True,False,5.254,2026-09-16T06:28:37.149193+00:00,
0b32a7fd-51a0-4d9c-ba8d-4bb0100759c0,monotonic_reads,network_partition,reader-1,read,mr-0b32a7fd-51a0-4d9c-ba8d-4bb0100759c0,,1501,QUORUM,QUORUM,cassandra-3,True,False,5.489,2026-09-16T06:28:37.167077+00:00,
0b32a7fd-51a0-4d9c-ba8d-4bb0100759c0,monotonic_reads,network_partition,writer-1,write,mr-0b32a7fd-51a0-4d9c-ba8d-4bb0100759c0,1502,,,QUORUM,cassandra-1,True,False,3.958,2026-09-16T06:28:37.167463+00:00,
0b32a7fd-51a0-4d9c-ba8d-4bb0100759c0,monotonic_reads,network_partition,reader-1,read,mr-0b32a7fd-51a0-4d9c-ba8d-4bb0100759c0,,1502,QUORUM,QUORUM,cassandra-1,True,False,5.359,2026-09-16T06:28:37.184981+00:00,
0b32a7fd-51a0-4d9c-ba8d-4bb0100759c0,monotonic_reads,network_partition,writer-1,write,mr-0b32a7fd-51a0-4d9c-ba8d-4bb0100759c0,1503,,,QUORUM,cassandra-1,True,False,6.73,2026-09-16T06:28:37.199367+00:00,
0b32a7fd-51a0-4d9c-ba8d-4bb0100759c0,monotonic_reads,network_partition,reader-1,read,mr-0b32a7fd-51a0-4d9c-ba8d-4bb0100759c0,,1503,QUORUM,QUORUM,cassandra-2,True,False,7.279,2026-09-16T06:28:37.202674+00:00,
0b32a7fd-51a0-4d9c-ba8d-4bb0100759c0,monotonic_reads,network_partition,reader-1,read,mr-0b32a7fd-51a0-4d9c-ba8d-4bb0100759c0,,1503,QUORUM,QUORUM,cassandra-3,True,False,19.46,2026-09-16T06:28:37.234661+00:00,
0b32a7fd-51a0-4d9c-ba8d-4bb0100759c0,monotonic_reads,network_partition,writer-1,write,mr-0b32a7fd-51a0-4d9c-ba8d-4bb0100759c0,1504,,,QUORUM,cassandra-1,True,False,14.219,2026-09-16T06:28:37.237097+00:00,
0b32a7fd-51a0-4d9c-ba8d-4bb0100759c0,monotonic_reads,network_partition,reader-1,read,mr-0b32a7fd-51a0-4d9c-ba8d-4bb0100759c0,,1504,QUORUM,QUORUM,cassandra-1,True,False,3.034,2026-09-16T06:28:37.250384+00:00,
0b32a7fd-51a0-4d9c-ba8d-4bb0100759c0,monotonic_reads,network_partition,writer-1,write,mr-0b32a7fd-51a0-4d9c-ba8d-4bb0100759c0,1505,,,QUORUM,cassandra-1,True,False,3.797,2026-09-16T06:28:37.261907+00:00,
0b32a7fd-51a0-4d9c-ba8d-4bb0100759c0,monotonic_reads,network_partition,reader-1,read,mr-0b32a7fd-51a0-4d9c-ba8d-4bb0100759c0,,1505,QUORUM,QUORUM,cassandra-2,True,False,3.056,2026-09-16T06:28:37.265117+00:00,
0b32a7fd-51a0-4d9c-ba8d-4bb0100759c0,monotonic_reads,network_partition,reader-1,read,mr-0b32a7fd-51a0-4d9c-ba8d-4bb0100759c0,,1505,QUORUM,QUORUM,cassandra-3,True,False,5.618,2026-09-16T06:28:37.283228+00:00,
0b32a7fd-51a0-4d9c-ba8d-4bb0100759c0,monotonic_reads,network_partition,writer-1,write,mr-0b32a7fd-51a0-4d9c-ba8d-4bb0100759c0,1506,,,QUORUM,cassandra-1,True,False,4.245,2026-09-16T06:28:37.286258+00:00,
0b32a7fd-51a0-4d9c-ba8d-4bb0100759c0,monotonic_reads,network_partition,reader-1,read,mr-0b32a7fd-51a0-4d9c-ba8d-4bb0100759c0,,1506,QUORUM,QUORUM,cassandra-1,True,False,8.406,2026-09-16T06:28:37.302041+00:00,
0b32a7fd-51a0-4d9c-ba8d-4bb0100759c0,monotonic_reads,network_partition,writer-1,write,mr-0b32a7fd-51a0-4d9c-ba8d-4bb0100759c0,1507,,,QUORUM,cassandra-1,True,False,3.186,2026-09-16T06:28:37.314299+00:00,
0b32a7fd-51a0-4d9c-ba8d-4bb0100759c0,monotonic_reads,network_partition,reader-1,read,mr-0b32a7fd-51a0-4d9c-ba8d-4bb0100759c0,,1507,QUORUM,QUORUM,cassandra-2,True,False,5.284,2026-09-16T06:28:37.317553+00:00,
0b32a7fd-51a0-4d9c-ba8d-4bb0100759c0,monotonic_reads,network_partition,reader-1,read,mr-0b32a7fd-51a0-4d9c-ba8d-4bb0100759c0,,1507,QUORUM,QUORUM,cassandra-3,True,False,3.834,2026-09-16T06:28:37.333430+00:00,
0b32a7fd-51a0-4d9c-ba8d-4bb0100759c0,monotonic_reads,network_partition,writer-1,write,mr-0b32a7fd-51a0-4d9c-ba8d-4bb0100759c0,1508,,,QUORUM,cassandra-1,True,False,3.505,2026-09-16T06:28:37.338963+00:00,
0b32a7fd-51a0-4d9c-ba8d-4bb0100759c0,monotonic_reads,network_partition,reader-1,read,mr-0b32a7fd-51a0-4d9c-ba8d-4bb0100759c0,,1508,QUORUM,QUORUM,cassandra-1,True,False,4.321,2026-09-16T06:28:37.350368+00:00,
0b32a7fd-51a0-4d9c-ba8d-4bb0100759c0,monotonic_reads,network_partition,writer-1,write,mr-0b32a7fd-51a0-4d9c-ba8d-4bb0100759c0,1509,,,QUORUM,cassandra-1,True,False,3.005,2026-09-16T06:28:37.363160+00:00,
0b32a7fd-51a0-4d9c-ba8d-4bb0100759c0,monotonic_reads,network_partition,reader-1,read,mr-0b32a7fd-51a0-4d9c-ba8d-4bb0100759c0,,1509,QUORUM,QUORUM,cassandra-2,True,False,3.906,2026-09-16T06:28:37.367193+00:00,
0b32a7fd-51a0-4d9c-ba8d-4bb0100759c0,monotonic_reads,network_partition,reader-1,read,mr-0b32a7fd-51a0-4d9c-ba8d-4bb0100759c0,,1509,QUORUM,QUORUM,cassandra-3,True,False,3.593,2026-09-16T06:28:37.381501+00:00,
0b32a7fd-51a0-4d9c-ba8d-4bb0100759c0,monotonic_reads,network_partition,writer-1,write,mr-0b32a7fd-51a0-4d9c-ba8d-4bb0100759c0,1510,,,QUORUM,cassandra-1,True,False,3.347,2026-09-16T06:28:37.392029+00:00,
0b32a7fd-51a0-4d9c-ba8d-4bb0100759c0,monotonic_reads,network_partition,reader-1,read,mr-0b32a7fd-51a0-4d9c-ba8d-4bb0100759c0,,1510,QUORUM,QUORUM,cassandra-1,True,False,3.657,2026-09-16T06:28:37.396383+00:00,
0b32a7fd-51a0-4d9c-ba8d-4bb0100759c0,monotonic_reads,network_partition,reader-1,read,mr-0b32a7fd-51a0-4d9c-ba8d-4bb0100759c0,,1510,QUORUM,QUORUM,cassandra-2,True,False,3.488,2026-09-16T06:28:37.412633+00:00,
0b32a7fd-51a0-4d9c-ba8d-4bb0100759c0,monotonic_reads,network_partition,writer-1,write,mr-0b32a7fd-51a0-4d9c-ba8d-4bb0100759c0,1511,,,QUORUM,cassandra-1,True,False,2.298,2026-09-16T06:28:37.418005+00:00,
0b32a7fd-51a0-4d9c-ba8d-4bb0100759c0,monotonic_reads,network_partition,reader-1,read,mr-0b32a7fd-51a0-4d9c-ba8d-4bb0100759c0,,1511,QUORUM,QUORUM,cassandra-3,True,False,4.285,2026-09-16T06:28:37.429288+00:00,
0b32a7fd-51a0-4d9c-ba8d-4bb0100759c0,monotonic_reads,network_partition,reader-1,read,mr-0b32a7fd-51a0-4d9c-ba8d-4bb0100759c0,,1511,QUORUM,QUORUM,cassandra-1,True,False,2.555,2026-09-16T06:28:37.442431+00:00,
0b32a7fd-51a0-4d9c-ba8d-4bb0100759c0,monotonic_reads,network_partition,writer-1,write,mr-0b32a7fd-51a0-4d9c-ba8d-4bb0100759c0,1512,,,QUORUM,cassandra-1,True,False,2.102,2026-09-16T06:28:37.442545+00:00,
0b32a7fd-51a0-4d9c-ba8d-4bb0100759c0,monotonic_reads,network_partition,reader-1,read,mr-0b32a7fd-51a0-4d9c-ba8d-4bb0100759c0,,1512,QUORUM,QUORUM,cassandra-2,True,False,4.459,2026-09-16T06:28:37.459592+00:00,
0b32a7fd-51a0-4d9c-ba8d-4bb0100759c0,monotonic_reads,network_partition,writer-1,write,mr-0b32a7fd-51a0-4d9c-ba8d-4bb0100759c0,1513,,,QUORUM,cassandra-1,True,False,2.54,2026-09-16T06:28:37.470247+00:00,
0b32a7fd-51a0-4d9c-ba8d-4bb0100759c0,monotonic_reads,network_partition,reader-1,read,mr-0b32a7fd-51a0-4d9c-ba8d-4bb0100759c0,,1513,QUORUM,QUORUM,cassandra-3,True,False,4.533,2026-09-16T06:28:37.476772+00:00,
0b32a7fd-51a0-4d9c-ba8d-4bb0100759c0,monotonic_reads,network_partition,reader-1,read,mr-0b32a7fd-51a0-4d9c-ba8d-4bb0100759c0,,1513,QUORUM,QUORUM,cassandra-1,True,False,2.999,2026-09-16T06:28:37.490654+00:00,
0b32a7fd-51a0-4d9c-ba8d-4bb0100759c0,monotonic_reads,network_partition,writer-1,write,mr-0b32a7fd-51a0-4d9c-ba8d-4bb0100759c0,1514,,,QUORUM,cassandra-1,True,False,3.588,2026-09-16T06:28:37.495216+00:00,
0b32a7fd-51a0-4d9c-ba8d-4bb0100759c0,monotonic_reads,network_partition,reader-1,read,mr-0b32a7fd-51a0-4d9c-ba8d-4bb0100759c0,,1514,QUORUM,QUORUM,cassandra-2,True,False,5.366,2026-09-16T06:28:37.507009+00:00,
0b32a7fd-51a0-4d9c-ba8d-4bb0100759c0,monotonic_reads,network_partition,reader-1,read,mr-0b32a7fd-51a0-4d9c-ba8d-4bb0100759c0,,1514,QUORUM,QUORUM,cassandra-3,True,False,6.152,2026-09-16T06:28:37.523792+00:00,
0b32a7fd-51a0-4d9c-ba8d-4bb0100759c0,monotonic_reads,network_partition,writer-1,write,mr-0b32a7fd-51a0-4d9c-ba8d-4bb0100759c0,1515,,,QUORUM,cassandra-1,True,False,12.506,2026-09-16T06:28:37.530543+00:00,
0b32a7fd-51a0-4d9c-ba8d-4bb0100759c0,monotonic_reads,network_partition,reader-1,read,mr-0b32a7fd-51a0-4d9c-ba8d-4bb0100759c0,,1515,QUORUM,QUORUM,cassandra-1,True,False,4.334,2026-09-16T06:28:37.539653+00:00,
0b32a7fd-51a0-4d9c-ba8d-4bb0100759c0,monotonic_reads,network_partition,reader-1,read,mr-0b32a7fd-51a0-4d9c-ba8d-4bb0100759c0,,1515,QUORUM,QUORUM,cassandra-2,True,False,3.776,2026-09-16T06:28:37.555370+00:00,
0b32a7fd-51a0-4d9c-ba8d-4bb0100759c0,monotonic_reads,network_partition,writer-1,write,mr-0b32a7fd-51a0-4d9c-ba8d-4bb0100759c0,1516,,,QUORUM,cassandra-1,True,False,3.252,2026-09-16T06:28:37.557004+00:00,
0b32a7fd-51a0-4d9c-ba8d-4bb0100759c0,monotonic_reads,network_partition,reader-1,read,mr-0b32a7fd-51a0-4d9c-ba8d-4bb0100759c0,,1516,QUORUM,QUORUM,cassandra-3,True,False,8.416,2026-09-16T06:28:37.576665+00:00,
0b32a7fd-51a0-4d9c-ba8d-4bb0100759c0,monotonic_reads,network_partition,writer-1,write,mr-0b32a7fd-51a0-4d9c-ba8d-4bb0100759c0,1517,,,QUORUM,cassandra-1,True,False,4.131,2026-09-16T06:28:37.584743+00:00,
0b32a7fd-51a0-4d9c-ba8d-4bb0100759c0,monotonic_reads,network_partition,reader-1,read,mr-0b32a7fd-51a0-4d9c-ba8d-4bb0100759c0,,1517,QUORUM,QUORUM,cassandra-1,True,False,4.239,2026-09-16T06:28:37.591879+00:00,
0b32a7fd-51a0-4d9c-ba8d-4bb0100759c0,monotonic_reads,network_partition,reader-1,read,mr-0b32a7fd-51a0-4d9c-ba8d-4bb0100759c0,,1517,QUORUM,QUORUM,cassandra-2,True,False,4.125,2026-09-16T06:28:37.607706+00:00,
0b32a7fd-51a0-4d9c-ba8d-4bb0100759c0,monotonic_reads,network_partition,writer-1,write,mr-0b32a7fd-51a0-4d9c-ba8d-4bb0100759c0,1518,,,QUORUM,cassandra-1,True,False,4.177,2026-09-16T06:28:37.610386+00:00,
0b32a7fd-51a0-4d9c-ba8d-4bb0100759c0,monotonic_reads,network_partition,reader-1,read,mr-0b32a7fd-51a0-4d9c-ba8d-4bb0100759c0,,1518,QUORUM,QUORUM,cassandra-3,True,False,5.312,2026-09-16T06:28:37.623945+00:00,
0b32a7fd-51a0-4d9c-ba8d-4bb0100759c0,monotonic_reads,network_partition,writer-1,write,mr-0b32a7fd-51a0-4d9c-ba8d-4bb0100759c0,1519,,,QUORUM,cassandra-1,True,False,4.238,2026-09-16T06:28:37.639526+00:00,
0b32a7fd-51a0-4d9c-ba8d-4bb0100759c0,monotonic_reads,network_partition,reader-1,read,mr-0b32a7fd-51a0-4d9c-ba8d-4bb0100759c0,,1518,QUORUM,QUORUM,cassandra-1,True,False,5.82,2026-09-16T06:28:37.640450+00:00,
0b32a7fd-51a0-4d9c-ba8d-4bb0100759c0,monotonic_reads,network_partition,reader-1,read,mr-0b32a7fd-51a0-4d9c-ba8d-4bb0100759c0,,1519,QUORUM,QUORUM,cassandra-2,True,False,6.041,2026-09-16T06:28:37.658950+00:00,
0b32a7fd-51a0-4d9c-ba8d-4bb0100759c0,monotonic_reads,network_partition,writer-1,write,mr-0b32a7fd-51a0-4d9c-ba8d-4bb0100759c0,1520,,,QUORUM,cassandra-1,True,False,4.417,2026-09-16T06:28:37.668049+00:00,
0b32a7fd-51a0-4d9c-ba8d-4bb0100759c0,monotonic_reads,network_partition,reader-1,read,mr-0b32a7fd-51a0-4d9c-ba8d-4bb0100759c0,,1520,QUORUM,QUORUM,cassandra-3,True,False,5.305,2026-09-16T06:28:37.676928+00:00,
0b32a7fd-51a0-4d9c-ba8d-4bb0100759c0,monotonic_reads,network_partition,writer-1,write,mr-0b32a7fd-51a0-4d9c-ba8d-4bb0100759c0,1521,,,QUORUM,cassandra-1,True,False,7.99,2026-09-16T06:28:37.698583+00:00,
0b32a7fd-51a0-4d9c-ba8d-4bb0100759c0,monotonic_reads,network_partition,reader-1,read,mr-0b32a7fd-51a0-4d9c-ba8d-4bb0100759c0,,1520,QUORUM,QUORUM,cassandra-1,True,False,9.699,2026-09-16T06:28:37.699281+00:00,
0b32a7fd-51a0-4d9c-ba8d-4bb0100759c0,monotonic_reads,network_partition,reader-1,read,mr-0b32a7fd-51a0-4d9c-ba8d-4bb0100759c0,,1521,QUORUM,QUORUM,cassandra-2,True,False,5.16,2026-09-16T06:28:37.717112+00:00,
0b32a7fd-51a0-4d9c-ba8d-4bb0100759c0,monotonic_reads,network_partition,writer-1,write,mr-0b32a7fd-51a0-4d9c-ba8d-4bb0100759c0,1522,,,QUORUM,cassandra-1,True,False,5.246,2026-09-16T06:28:37.729635+00:00,
0b32a7fd-51a0-4d9c-ba8d-4bb0100759c0,monotonic_reads,network_partition,reader-1,read,mr-0b32a7fd-51a0-4d9c-ba8d-4bb0100759c0,,1522,QUORUM,QUORUM,cassandra-3,True,False,4.329,2026-09-16T06:28:37.731763+00:00,
0b32a7fd-51a0-4d9c-ba8d-4bb0100759c0,monotonic_reads,network_partition,reader-1,read,mr-0b32a7fd-51a0-4d9c-ba8d-4bb0100759c0,,1522,QUORUM,QUORUM,cassandra-1,True,False,4.466,2026-09-16T06:28:37.748080+00:00,
0b32a7fd-51a0-4d9c-ba8d-4bb0100759c0,monotonic_reads,network_partition,writer-1,write,mr-0b32a7fd-51a0-4d9c-ba8d-4bb0100759c0,1523,,,QUORUM,cassandra-1,True,False,5.05,2026-09-16T06:28:37.755723+00:00,
0b32a7fd-51a0-4d9c-ba8d-4bb0100759c0,monotonic_reads,network_partition,reader-1,read,mr-0b32a7fd-51a0-4d9c-ba8d-4bb0100759c0,,1523,QUORUM,QUORUM,cassandra-2,True,False,4.432,2026-09-16T06:28:37.764060+00:00,
0b32a7fd-51a0-4d9c-ba8d-4bb0100759c0,monotonic_reads,network_partition,reader-1,read,mr-0b32a7fd-51a0-4d9c-ba8d-4bb0100759c0,,1523,QUORUM,QUORUM,cassandra-3,True,False,5.288,2026-09-16T06:28:37.780907+00:00,
0b32a7fd-51a0-4d9c-ba8d-4bb0100759c0,monotonic_reads,network_partition,writer-1,write,mr-0b32a7fd-51a0-4d9c-ba8d-4bb0100759c0,1524,,,QUORUM,cassandra-1,True,False,4.363,2026-09-16T06:28:37.783355+00:00,
0b32a7fd-51a0-4d9c-ba8d-4bb0100759c0,monotonic_reads,network_partition,reader-1,read,mr-0b32a7fd-51a0-4d9c-ba8d-4bb0100759c0,,1524,QUORUM,QUORUM,cassandra-1,True,False,4.462,2026-09-16T06:28:37.795841+00:00,
0b32a7fd-51a0-4d9c-ba8d-4bb0100759c0,monotonic_reads,network_partition,writer-1,write,mr-0b32a7fd-51a0-4d9c-ba8d-4bb0100759c0,1525,,,QUORUM,cassandra-1,True,False,5.066,2026-09-16T06:28:37.812711+00:00,
0b32a7fd-51a0-4d9c-ba8d-4bb0100759c0,monotonic_reads,network_partition,reader-1,read,mr-0b32a7fd-51a0-4d9c-ba8d-4bb0100759c0,,1525,QUORUM,QUORUM,cassandra-2,True,False,5.743,2026-09-16T06:28:37.814265+00:00,
0b32a7fd-51a0-4d9c-ba8d-4bb0100759c0,monotonic_reads,network_partition,reader-1,read,mr-0b32a7fd-51a0-4d9c-ba8d-4bb0100759c0,,1525,QUORUM,QUORUM,cassandra-3,True,False,4.741,2026-09-16T06:28:37.831260+00:00,
0b32a7fd-51a0-4d9c-ba8d-4bb0100759c0,monotonic_reads,network_partition,writer-1,write,mr-0b32a7fd-51a0-4d9c-ba8d-4bb0100759c0,1526,,,QUORUM,cassandra-1,True,False,7.158,2026-09-16T06:28:37.841794+00:00,
0b32a7fd-51a0-4d9c-ba8d-4bb0100759c0,monotonic_reads,network_partition,reader-1,read,mr-0b32a7fd-51a0-4d9c-ba8d-4bb0100759c0,,1526,QUORUM,QUORUM,cassandra-1,True,False,5.079,2026-09-16T06:28:37.847005+00:00,
0b32a7fd-51a0-4d9c-ba8d-4bb0100759c0,monotonic_reads,network_partition,reader-1,read,mr-0b32a7fd-51a0-4d9c-ba8d-4bb0100759c0,,1526,QUORUM,QUORUM,cassandra-2,True,False,9.867,2026-09-16T06:28:37.867850+00:00,
0b32a7fd-51a0-4d9c-ba8d-4bb0100759c0,monotonic_reads,network_partition,writer-1,write,mr-0b32a7fd-51a0-4d9c-ba8d-4bb0100759c0,1527,,,QUORUM,cassandra-1,True,False,4.326,2026-09-16T06:28:37.867964+00:00,
0b32a7fd-51a0-4d9c-ba8d-4bb0100759c0,monotonic_reads,network_partition,reader-1,read,mr-0b32a7fd-51a0-4d9c-ba8d-4bb0100759c0,,1527,QUORUM,QUORUM,cassandra-3,True,False,5.116,2026-09-16T06:28:37.884390+00:00,
0b32a7fd-51a0-4d9c-ba8d-4bb0100759c0,monotonic_reads,network_partition,writer-1,write,mr-0b32a7fd-51a0-4d9c-ba8d-4bb0100759c0,1528,,,QUORUM,cassandra-1,True,False,8.185,2026-09-16T06:28:37.901383+00:00,
0b32a7fd-51a0-4d9c-ba8d-4bb0100759c0,monotonic_reads,network_partition,reader-1,read,mr-0b32a7fd-51a0-4d9c-ba8d-4bb0100759c0,,1527,QUORUM,QUORUM,cassandra-1,True,False,4.689,2026-09-16T06:28:37.901717+00:00,
0b32a7fd-51a0-4d9c-ba8d-4bb0100759c0,monotonic_reads,network_partition,reader-1,read,mr-0b32a7fd-51a0-4d9c-ba8d-4bb0100759c0,,1528,QUORUM,QUORUM,cassandra-2,True,False,3.738,2026-09-16T06:28:37.916561+00:00,
0b32a7fd-51a0-4d9c-ba8d-4bb0100759c0,monotonic_reads,network_partition,writer-1,write,mr-0b32a7fd-51a0-4d9c-ba8d-4bb0100759c0,1529,,,QUORUM,cassandra-1,True,False,3.089,2026-09-16T06:28:37.929132+00:00,
0b32a7fd-51a0-4d9c-ba8d-4bb0100759c0,monotonic_reads,network_partition,reader-1,read,mr-0b32a7fd-51a0-4d9c-ba8d-4bb0100759c0,,1529,QUORUM,QUORUM,cassandra-3,True,False,3.974,2026-09-16T06:28:37.932586+00:00,
0b32a7fd-51a0-4d9c-ba8d-4bb0100759c0,monotonic_reads,network_partition,reader-1,read,mr-0b32a7fd-51a0-4d9c-ba8d-4bb0100759c0,,1529,QUORUM,QUORUM,cassandra-1,True,False,4.991,2026-09-16T06:28:37.947731+00:00,
0b32a7fd-51a0-4d9c-ba8d-4bb0100759c0,monotonic_reads,network_partition,writer-1,write,mr-0b32a7fd-51a0-4d9c-ba8d-4bb0100759c0,1530,,,QUORUM,cassandra-1,True,False,3.476,2026-09-16T06:28:37.954026+00:00,
0b32a7fd-51a0-4d9c-ba8d-4bb0100759c0,monotonic_reads,network_partition,reader-1,read,mr-0b32a7fd-51a0-4d9c-ba8d-4bb0100759c0,,1530,QUORUM,QUORUM,cassandra-2,True,False,3.621,2026-09-16T06:28:37.962433+00:00,
0b32a7fd-51a0-4d9c-ba8d-4bb0100759c0,monotonic_reads,network_partition,reader-1,read,mr-0b32a7fd-51a0-4d9c-ba8d-4bb0100759c0,,1530,QUORUM,QUORUM,cassandra-3,True,False,5.548,2026-09-16T06:28:37.978195+00:00,
0b32a7fd-51a0-4d9c-ba8d-4bb0100759c0,monotonic_reads,network_partition,writer-1,write,mr-0b32a7fd-51a0-4d9c-ba8d-4bb0100759c0,1531,,,QUORUM,cassandra-1,True,False,3.443,2026-09-16T06:28:37.982486+00:00,
0b32a7fd-51a0-4d9c-ba8d-4bb0100759c0,monotonic_reads,network_partition,reader-1,read,mr-0b32a7fd-51a0-4d9c-ba8d-4bb0100759c0,,1531,QUORUM,QUORUM,cassandra-1,True,False,6.61,2026-09-16T06:28:37.995246+00:00,
0b32a7fd-51a0-4d9c-ba8d-4bb0100759c0,monotonic_reads,network_partition,writer-1,write,mr-0b32a7fd-51a0-4d9c-ba8d-4bb0100759c0,1532,,,QUORUM,cassandra-1,True,False,5.16,2026-09-16T06:28:38.009803+00:00,
0b32a7fd-51a0-4d9c-ba8d-4bb0100759c0,monotonic_reads,network_partition,reader-1,read,mr-0b32a7fd-51a0-4d9c-ba8d-4bb0100759c0,,1532,QUORUM,QUORUM,cassandra-2,True,False,7.522,2026-09-16T06:28:38.013315+00:00,
0b32a7fd-51a0-4d9c-ba8d-4bb0100759c0,monotonic_reads,network_partition,reader-1,read,mr-0b32a7fd-51a0-4d9c-ba8d-4bb0100759c0,,1532,QUORUM,QUORUM,cassandra-3,True,False,8.408,2026-09-16T06:28:38.034408+00:00,
0b32a7fd-51a0-4d9c-ba8d-4bb0100759c0,monotonic_reads,network_partition,writer-1,write,mr-0b32a7fd-51a0-4d9c-ba8d-4bb0100759c0,1533,,,QUORUM,cassandra-1,True,False,4.69,2026-09-16T06:28:38.039568+00:00,
0b32a7fd-51a0-4d9c-ba8d-4bb0100759c0,monotonic_reads,network_partition,reader-1,read,mr-0b32a7fd-51a0-4d9c-ba8d-4bb0100759c0,,1533,QUORUM,QUORUM,cassandra-1,True,False,6.673,2026-09-16T06:28:38.053810+00:00,
0b32a7fd-51a0-4d9c-ba8d-4bb0100759c0,monotonic_reads,network_partition,writer-1,write,mr-0b32a7fd-51a0-4d9c-ba8d-4bb0100759c0,1534,,,QUORUM,cassandra-1,True,False,4.987,2026-09-16T06:28:38.065008+00:00,
0b32a7fd-51a0-4d9c-ba8d-4bb0100759c0,monotonic_reads,network_partition,reader-1,read,mr-0b32a7fd-51a0-4d9c-ba8d-4bb0100759c0,,1534,QUORUM,QUORUM,cassandra-2,True,False,4.374,2026-09-16T06:28:38.068529+00:00,
0b32a7fd-51a0-4d9c-ba8d-4bb0100759c0,monotonic_reads,network_partition,reader-1,read,mr-0b32a7fd-51a0-4d9c-ba8d-4bb0100759c0,,1534,QUORUM,QUORUM,cassandra-3,True,False,5.803,2026-09-16T06:28:38.085779+00:00,
0b32a7fd-51a0-4d9c-ba8d-4bb0100759c0,monotonic_reads,network_partition,writer-1,write,mr-0b32a7fd-51a0-4d9c-ba8d-4bb0100759c0,1535,,,QUORUM,cassandra-1,True,False,5.118,2026-09-16T06:28:38.092731+00:00,
0b32a7fd-51a0-4d9c-ba8d-4bb0100759c0,monotonic_reads,network_partition,reader-1,read,mr-0b32a7fd-51a0-4d9c-ba8d-4bb0100759c0,,1535,QUORUM,QUORUM,cassandra-1,True,False,6.392,2026-09-16T06:28:38.102430+00:00,
0b32a7fd-51a0-4d9c-ba8d-4bb0100759c0,monotonic_reads,network_partition,reader-1,read,mr-0b32a7fd-51a0-4d9c-ba8d-4bb0100759c0,,1535,QUORUM,QUORUM,cassandra-2,True,False,5.358,2026-09-16T06:28:38.119612+00:00,
0b32a7fd-51a0-4d9c-ba8d-4bb0100759c0,monotonic_reads,network_partition,writer-1,write,mr-0b32a7fd-51a0-4d9c-ba8d-4bb0100759c0,1536,,,QUORUM,cassandra-1,True,False,4.214,2026-09-16T06:28:38.120228+00:00,
0b32a7fd-51a0-4d9c-ba8d-4bb0100759c0,monotonic_reads,network_partition,reader-1,read,mr-0b32a7fd-51a0-4d9c-ba8d-4bb0100759c0,,1536,QUORUM,QUORUM,cassandra-3,True,False,6.549,2026-09-16T06:28:38.137193+00:00,
0b32a7fd-51a0-4d9c-ba8d-4bb0100759c0,monotonic_reads,network_partition,writer-1,write,mr-0b32a7fd-51a0-4d9c-ba8d-4bb0100759c0,1537,,,QUORUM,cassandra-1,True,False,5.454,2026-09-16T06:28:38.148083+00:00,
0b32a7fd-51a0-4d9c-ba8d-4bb0100759c0,monotonic_reads,network_partition,reader-1,read,mr-0b32a7fd-51a0-4d9c-ba8d-4bb0100759c0,,1537,QUORUM,QUORUM,cassandra-1,True,False,5.658,2026-09-16T06:28:38.153309+00:00,
0b32a7fd-51a0-4d9c-ba8d-4bb0100759c0,monotonic_reads,network_partition,reader-1,read,mr-0b32a7fd-51a0-4d9c-ba8d-4bb0100759c0,,1537,QUORUM,QUORUM,cassandra-2,True,False,5.813,2026-09-16T06:28:38.169390+00:00,
0b32a7fd-51a0-4d9c-ba8d-4bb0100759c0,monotonic_reads,network_partition,writer-1,write,mr-0b32a7fd-51a0-4d9c-ba8d-4bb0100759c0,1538,,,QUORUM,cassandra-1,True,False,4.001,2026-09-16T06:28:38.175599+00:00,
0b32a7fd-51a0-4d9c-ba8d-4bb0100759c0,monotonic_reads,network_partition,reader-1,read,mr-0b32a7fd-51a0-4d9c-ba8d-4bb0100759c0,,1538,QUORUM,QUORUM,cassandra-3,True,False,6.389,2026-09-16T06:28:38.187049+00:00,
0b32a7fd-51a0-4d9c-ba8d-4bb0100759c0,monotonic_reads,network_partition,writer-1,write,mr-0b32a7fd-51a0-4d9c-ba8d-4bb0100759c0,1539,,,QUORUM,cassandra-1,True,False,4.821,2026-09-16T06:28:38.201252+00:00,
0b32a7fd-51a0-4d9c-ba8d-4bb0100759c0,monotonic_reads,network_partition,reader-1,read,mr-0b32a7fd-51a0-4d9c-ba8d-4bb0100759c0,,1539,QUORUM,QUORUM,cassandra-1,True,False,3.443,2026-09-16T06:28:38.201885+00:00,
0b32a7fd-51a0-4d9c-ba8d-4bb0100759c0,monotonic_reads,network_partition,reader-1,read,mr-0b32a7fd-51a0-4d9c-ba8d-4bb0100759c0,,1539,QUORUM,QUORUM,cassandra-2,True,False,5.346,2026-09-16T06:28:38.217564+00:00,
0b32a7fd-51a0-4d9c-ba8d-4bb0100759c0,monotonic_reads,network_partition,writer-1,write,mr-0b32a7fd-51a0-4d9c-ba8d-4bb0100759c0,1540,,,QUORUM,cassandra-1,True,False,5.205,2026-09-16T06:28:38.231840+00:00,
0b32a7fd-51a0-4d9c-ba8d-4bb0100759c0,monotonic_reads,network_partition,reader-1,read,mr-0b32a7fd-51a0-4d9c-ba8d-4bb0100759c0,,1540,QUORUM,QUORUM,cassandra-3,True,False,5.085,2026-09-16T06:28:38.235089+00:00,
0b32a7fd-51a0-4d9c-ba8d-4bb0100759c0,monotonic_reads,network_partition,reader-1,read,mr-0b32a7fd-51a0-4d9c-ba8d-4bb0100759c0,,1540,QUORUM,QUORUM,cassandra-1,True,False,6.326,2026-09-16T06:28:38.251967+00:00,
0b32a7fd-51a0-4d9c-ba8d-4bb0100759c0,monotonic_reads,network_partition,writer-1,write,mr-0b32a7fd-51a0-4d9c-ba8d-4bb0100759c0,1541,,,QUORUM,cassandra-1,True,False,4.632,2026-09-16T06:28:38.259719+00:00,
0b32a7fd-51a0-4d9c-ba8d-4bb0100759c0,monotonic_reads,network_partition,reader-1,read,mr-0b32a7fd-51a0-4d9c-ba8d-4bb0100759c0,,1541,QUORUM,QUORUM,cassandra-2,True,False,4.684,2026-09-16T06:28:38.267313+00:00,
0b32a7fd-51a0-4d9c-ba8d-4bb0100759c0,monotonic_reads,network_partition,reader-1,read,mr-0b32a7fd-51a0-4d9c-ba8d-4bb0100759c0,,1541,QUORUM,QUORUM,cassandra-3,True,False,5.28,2026-09-16T06:28:38.285163+00:00,
0b32a7fd-51a0-4d9c-ba8d-4bb0100759c0,monotonic_reads,network_partition,writer-1,write,mr-0b32a7fd-51a0-4d9c-ba8d-4bb0100759c0,1542,,,QUORUM,cassandra-1,True,False,3.807,2026-09-16T06:28:38.287422+00:00,
0b32a7fd-51a0-4d9c-ba8d-4bb0100759c0,monotonic_reads,network_partition,reader-1,read,mr-0b32a7fd-51a0-4d9c-ba8d-4bb0100759c0,,1542,QUORUM,QUORUM,cassandra-1,True,False,6.094,2026-09-16T06:28:38.303731+00:00,
0b32a7fd-51a0-4d9c-ba8d-4bb0100759c0,monotonic_reads,network_partition,writer-1,write,mr-0b32a7fd-51a0-4d9c-ba8d-4bb0100759c0,1543,,,QUORUM,cassandra-1,True,False,5.278,2026-09-16T06:28:38.317036+00:00,
0b32a7fd-51a0-4d9c-ba8d-4bb0100759c0,monotonic_reads,network_partition,reader-1,read,mr-0b32a7fd-51a0-4d9c-ba8d-4bb0100759c0,,1543,QUORUM,QUORUM,cassandra-2,True,False,6.885,2026-09-16T06:28:38.323110+00:00,
0b32a7fd-51a0-4d9c-ba8d-4bb0100759c0,monotonic_reads,network_partition,reader-1,read,mr-0b32a7fd-51a0-4d9c-ba8d-4bb0100759c0,,1543,QUORUM,QUORUM,cassandra-3,True,False,5.831,2026-09-16T06:28:38.340461+00:00,
0b32a7fd-51a0-4d9c-ba8d-4bb0100759c0,monotonic_reads,network_partition,writer-1,write,mr-0b32a7fd-51a0-4d9c-ba8d-4bb0100759c0,1544,,,QUORUM,cassandra-1,True,False,5.943,2026-09-16T06:28:38.344444+00:00,
0b32a7fd-51a0-4d9c-ba8d-4bb0100759c0,monotonic_reads,network_partition,reader-1,read,mr-0b32a7fd-51a0-4d9c-ba8d-4bb0100759c0,,1544,QUORUM,QUORUM,cassandra-1,True,False,14.853,2026-09-16T06:28:38.366467+00:00,
0b32a7fd-51a0-4d9c-ba8d-4bb0100759c0,monotonic_reads,network_partition,writer-1,write,mr-0b32a7fd-51a0-4d9c-ba8d-4bb0100759c0,1545,,,QUORUM,cassandra-1,True,False,3.059,2026-09-16T06:28:38.371272+00:00,
0b32a7fd-51a0-4d9c-ba8d-4bb0100759c0,monotonic_reads,network_partition,reader-1,read,mr-0b32a7fd-51a0-4d9c-ba8d-4bb0100759c0,,1545,QUORUM,QUORUM,cassandra-2,True,False,5.354,2026-09-16T06:28:38.382348+00:00,
0b32a7fd-51a0-4d9c-ba8d-4bb0100759c0,monotonic_reads,network_partition,writer-1,write,mr-0b32a7fd-51a0-4d9c-ba8d-4bb0100759c0,1546,,,QUORUM,cassandra-1,True,False,5.227,2026-09-16T06:28:38.397864+00:00,
0b32a7fd-51a0-4d9c-ba8d-4bb0100759c0,monotonic_reads,network_partition,reader-1,read,mr-0b32a7fd-51a0-4d9c-ba8d-4bb0100759c0,,1545,QUORUM,QUORUM,cassandra-3,True,False,5.656,2026-09-16T06:28:38.398865+00:00,
0b32a7fd-51a0-4d9c-ba8d-4bb0100759c0,monotonic_reads,network_partition,reader-1,read,mr-0b32a7fd-51a0-4d9c-ba8d-4bb0100759c0,,1546,QUORUM,QUORUM,cassandra-1,True,False,5.461,2026-09-16T06:28:38.417073+00:00,
0b32a7fd-51a0-4d9c-ba8d-4bb0100759c0,monotonic_reads,network_partition,writer-1,write,mr-0b32a7fd-51a0-4d9c-ba8d-4bb0100759c0,1547,,,QUORUM,cassandra-1,True,False,3.616,2026-09-16T06:28:38.423256+00:00,
0b32a7fd-51a0-4d9c-ba8d-4bb0100759c0,monotonic_reads,network_partition,reader-1,read,mr-0b32a7fd-51a0-4d9c-ba8d-4bb0100759c0,,1547,QUORUM,QUORUM,cassandra-2,True,False,4.246,2026-09-16T06:28:38.431853+00:00,
0b32a7fd-51a0-4d9c-ba8d-4bb0100759c0,monotonic_reads,network_partition,writer-1,write,mr-0b32a7fd-51a0-4d9c-ba8d-4bb0100759c0,1548,,,QUORUM,cassandra-1,True,False,4.349,2026-09-16T06:28:38.448657+00:00,
0b32a7fd-51a0-4d9c-ba8d-4bb0100759c0,monotonic_reads,network_partition,reader-1,read,mr-0b32a7fd-51a0-4d9c-ba8d-4bb0100759c0,,1547,QUORUM,QUORUM,cassandra-3,True,False,5.71,2026-09-16T06:28:38.449345+00:00,
0b32a7fd-51a0-4d9c-ba8d-4bb0100759c0,monotonic_reads,network_partition,reader-1,read,mr-0b32a7fd-51a0-4d9c-ba8d-4bb0100759c0,,1548,QUORUM,QUORUM,cassandra-1,True,False,5.126,2026-09-16T06:28:38.465221+00:00,
0b32a7fd-51a0-4d9c-ba8d-4bb0100759c0,monotonic_reads,network_partition,writer-1,write,mr-0b32a7fd-51a0-4d9c-ba8d-4bb0100759c0,1549,,,QUORUM,cassandra-1,True,False,4.699,2026-09-16T06:28:38.478578+00:00,
0b32a7fd-51a0-4d9c-ba8d-4bb0100759c0,monotonic_reads,network_partition,reader-1,read,mr-0b32a7fd-51a0-4d9c-ba8d-4bb0100759c0,,1549,QUORUM,QUORUM,cassandra-2,True,False,6.751,2026-09-16T06:28:38.483225+00:00,
0b32a7fd-51a0-4d9c-ba8d-4bb0100759c0,monotonic_reads,network_partition,reader-1,read,mr-0b32a7fd-51a0-4d9c-ba8d-4bb0100759c0,,1549,QUORUM,QUORUM,cassandra-3,True,False,4.696,2026-09-16T06:28:38.498322+00:00,
0b32a7fd-51a0-4d9c-ba8d-4bb0100759c0,monotonic_reads,network_partition,writer-1,write,mr-0b32a7fd-51a0-4d9c-ba8d-4bb0100759c0,1550,,,QUORUM,cassandra-1,True,False,4.834,2026-09-16T06:28:38.505436+00:00,
0b32a7fd-51a0-4d9c-ba8d-4bb0100759c0,monotonic_reads,network_partition,reader-1,read,mr-0b32a7fd-51a0-4d9c-ba8d-4bb0100759c0,,1550,QUORUM,QUORUM,cassandra-1,True,False,4.346,2026-09-16T06:28:38.513961+00:00,
0b32a7fd-51a0-4d9c-ba8d-4bb0100759c0,monotonic_reads,network_partition,writer-1,write,mr-0b32a7fd-51a0-4d9c-ba8d-4bb0100759c0,1551,,,QUORUM,cassandra-1,True,False,5.473,2026-09-16T06:28:38.531116+00:00,
0b32a7fd-51a0-4d9c-ba8d-4bb0100759c0,monotonic_reads,network_partition,reader-1,read,mr-0b32a7fd-51a0-4d9c-ba8d-4bb0100759c0,,1551,QUORUM,QUORUM,cassandra-2,True,False,7.995,2026-09-16T06:28:38.534307+00:00,
0b32a7fd-51a0-4d9c-ba8d-4bb0100759c0,monotonic_reads,network_partition,reader-1,read,mr-0b32a7fd-51a0-4d9c-ba8d-4bb0100759c0,,1551,QUORUM,QUORUM,cassandra-3,True,False,5.301,2026-09-16T06:28:38.551646+00:00,
0b32a7fd-51a0-4d9c-ba8d-4bb0100759c0,monotonic_reads,network_partition,writer-1,write,mr-0b32a7fd-51a0-4d9c-ba8d-4bb0100759c0,1552,,,QUORUM,cassandra-1,True,False,4.974,2026-09-16T06:28:38.558564+00:00,
0b32a7fd-51a0-4d9c-ba8d-4bb0100759c0,monotonic_reads,network_partition,reader-1,read,mr-0b32a7fd-51a0-4d9c-ba8d-4bb0100759c0,,1552,QUORUM,QUORUM,cassandra-1,True,False,4.093,2026-09-16T06:28:38.566682+00:00,
0b32a7fd-51a0-4d9c-ba8d-4bb0100759c0,monotonic_reads,network_partition,reader-1,read,mr-0b32a7fd-51a0-4d9c-ba8d-4bb0100759c0,,1552,QUORUM,QUORUM,cassandra-2,True,False,6.433,2026-09-16T06:28:38.585576+00:00,
0b32a7fd-51a0-4d9c-ba8d-4bb0100759c0,monotonic_reads,network_partition,writer-1,write,mr-0b32a7fd-51a0-4d9c-ba8d-4bb0100759c0,1553,,,QUORUM,cassandra-1,True,False,4.145,2026-09-16T06:28:38.585862+00:00,
0b32a7fd-51a0-4d9c-ba8d-4bb0100759c0,monotonic_reads,network_partition,reader-1,read,mr-0b32a7fd-51a0-4d9c-ba8d-4bb0100759c0,,1553,QUORUM,QUORUM,cassandra-3,True,False,4.709,2026-09-16T06:28:38.602720+00:00,
0b32a7fd-51a0-4d9c-ba8d-4bb0100759c0,monotonic_reads,network_partition,writer-1,write,mr-0b32a7fd-51a0-4d9c-ba8d-4bb0100759c0,1554,,,QUORUM,cassandra-1,True,False,5.282,2026-09-16T06:28:38.614909+00:00,
0b32a7fd-51a0-4d9c-ba8d-4bb0100759c0,monotonic_reads,network_partition,reader-1,read,mr-0b32a7fd-51a0-4d9c-ba8d-4bb0100759c0,,1554,QUORUM,QUORUM,cassandra-1,True,False,5.016,2026-09-16T06:28:38.617994+00:00,
0b32a7fd-51a0-4d9c-ba8d-4bb0100759c0,monotonic_reads,network_partition,reader-1,read,mr-0b32a7fd-51a0-4d9c-ba8d-4bb0100759c0,,1554,QUORUM,QUORUM,cassandra-2,True,False,5.926,2026-09-16T06:28:38.635576+00:00,
0b32a7fd-51a0-4d9c-ba8d-4bb0100759c0,monotonic_reads,network_partition,writer-1,write,mr-0b32a7fd-51a0-4d9c-ba8d-4bb0100759c0,1555,,,QUORUM,cassandra-1,True,False,4.878,2026-09-16T06:28:38.643496+00:00,
0b32a7fd-51a0-4d9c-ba8d-4bb0100759c0,monotonic_reads,network_partition,reader-1,read,mr-0b32a7fd-51a0-4d9c-ba8d-4bb0100759c0,,1555,QUORUM,QUORUM,cassandra-3,True,False,4.513,2026-09-16T06:28:38.650974+00:00,
0b32a7fd-51a0-4d9c-ba8d-4bb0100759c0,monotonic_reads,network_partition,reader-1,read,mr-0b32a7fd-51a0-4d9c-ba8d-4bb0100759c0,,1555,QUORUM,QUORUM,cassandra-1,True,False,4.657,2026-09-16T06:28:38.668145+00:00,
0b32a7fd-51a0-4d9c-ba8d-4bb0100759c0,monotonic_reads,network_partition,writer-1,write,mr-0b32a7fd-51a0-4d9c-ba8d-4bb0100759c0,1556,,,QUORUM,cassandra-1,True,False,4.189,2026-09-16T06:28:38.672442+00:00,
0b32a7fd-51a0-4d9c-ba8d-4bb0100759c0,monotonic_reads,network_partition,reader-1,read,mr-0b32a7fd-51a0-4d9c-ba8d-4bb0100759c0,,1556,QUORUM,QUORUM,cassandra-2,True,False,9.585,2026-09-16T06:28:38.689255+00:00,
0b32a7fd-51a0-4d9c-ba8d-4bb0100759c0,monotonic_reads,network_partition,writer-1,write,mr-0b32a7fd-51a0-4d9c-ba8d-4bb0100759c0,1557,,,QUORUM,cassandra-1,True,False,5.28,2026-09-16T06:28:38.697908+00:00,
0b32a7fd-51a0-4d9c-ba8d-4bb0100759c0,monotonic_reads,network_partition,reader-1,read,mr-0b32a7fd-51a0-4d9c-ba8d-4bb0100759c0,,1557,QUORUM,QUORUM,cassandra-3,True,False,5.291,2026-09-16T06:28:38.707211+00:00,
0b32a7fd-51a0-4d9c-ba8d-4bb0100759c0,monotonic_reads,network_partition,reader-1,read,mr-0b32a7fd-51a0-4d9c-ba8d-4bb0100759c0,,1557,QUORUM,QUORUM,cassandra-1,True,False,5.297,2026-09-16T06:28:38.723304+00:00,
0b32a7fd-51a0-4d9c-ba8d-4bb0100759c0,monotonic_reads,network_partition,writer-1,write,mr-0b32a7fd-51a0-4d9c-ba8d-4bb0100759c0,1558,,,QUORUM,cassandra-1,True,False,4.631,2026-09-16T06:28:38.723663+00:00,
0b32a7fd-51a0-4d9c-ba8d-4bb0100759c0,monotonic_reads,network_partition,reader-1,read,mr-0b32a7fd-51a0-4d9c-ba8d-4bb0100759c0,,1558,QUORUM,QUORUM,cassandra-2,True,False,13.366,2026-09-16T06:28:38.748983+00:00,
0b32a7fd-51a0-4d9c-ba8d-4bb0100759c0,monotonic_reads,network_partition,writer-1,write,mr-0b32a7fd-51a0-4d9c-ba8d-4bb0100759c0,1559,,,QUORUM,cassandra-1,True,False,4.802,2026-09-16T06:28:38.751521+00:00,
0b32a7fd-51a0-4d9c-ba8d-4bb0100759c0,monotonic_reads,network_partition,reader-1,read,mr-0b32a7fd-51a0-4d9c-ba8d-4bb0100759c0,,1559,QUORUM,QUORUM,cassandra-3,True,False,5.137,2026-09-16T06:28:38.765187+00:00,
0b32a7fd-51a0-4d9c-ba8d-4bb0100759c0,monotonic_reads,network_partition,writer-1,write,mr-0b32a7fd-51a0-4d9c-ba8d-4bb0100759c0,1560,,,QUORUM,cassandra-1,True,False,3.788,2026-09-16T06:28:38.780496+00:00,
0b32a7fd-51a0-4d9c-ba8d-4bb0100759c0,monotonic_reads,network_partition,reader-1,read,mr-0b32a7fd-51a0-4d9c-ba8d-4bb0100759c0,,1559,QUORUM,QUORUM,cassandra-1,True,False,5.115,2026-09-16T06:28:38.781167+00:00,
0b32a7fd-51a0-4d9c-ba8d-4bb0100759c0,monotonic_reads,network_partition,reader-1,read,mr-0b32a7fd-51a0-4d9c-ba8d-4bb0100759c0,,1560,QUORUM,QUORUM,cassandra-2,True,False,5.562,2026-09-16T06:28:38.799180+00:00,
0b32a7fd-51a0-4d9c-ba8d-4bb0100759c0,monotonic_reads,network_partition,writer-1,write,mr-0b32a7fd-51a0-4d9c-ba8d-4bb0100759c0,1561,,,QUORUM,cassandra-1,True,False,5.067,2026-09-16T06:28:38.809691+00:00,
0b32a7fd-51a0-4d9c-ba8d-4bb0100759c0,monotonic_reads,network_partition,reader-1,read,mr-0b32a7fd-51a0-4d9c-ba8d-4bb0100759c0,,1561,QUORUM,QUORUM,cassandra-3,True,False,4.273,2026-09-16T06:28:38.814059+00:00,
0b32a7fd-51a0-4d9c-ba8d-4bb0100759c0,monotonic_reads,network_partition,reader-1,read,mr-0b32a7fd-51a0-4d9c-ba8d-4bb0100759c0,,1561,QUORUM,QUORUM,cassandra-1,True,False,5.511,2026-09-16T06:28:38.830132+00:00,
0b32a7fd-51a0-4d9c-ba8d-4bb0100759c0,monotonic_reads,network_partition,writer-1,write,mr-0b32a7fd-51a0-4d9c-ba8d-4bb0100759c0,1562,,,QUORUM,cassandra-1,True,False,3.995,2026-09-16T06:28:38.838623+00:00,
0b32a7fd-51a0-4d9c-ba8d-4bb0100759c0,monotonic_reads,network_partition,reader-1,read,mr-0b32a7fd-51a0-4d9c-ba8d-4bb0100759c0,,1562,QUORUM,QUORUM,cassandra-2,True,False,4.172,2026-09-16T06:28:38.844775+00:00,
0b32a7fd-51a0-4d9c-ba8d-4bb0100759c0,monotonic_reads,network_partition,reader-1,read,mr-0b32a7fd-51a0-4d9c-ba8d-4bb0100759c0,,1562,QUORUM,QUORUM,cassandra-3,True,False,13.438,2026-09-16T06:28:38.869085+00:00,
0b32a7fd-51a0-4d9c-ba8d-4bb0100759c0,monotonic_reads,network_partition,writer-1,write,mr-0b32a7fd-51a0-4d9c-ba8d-4bb0100759c0,1563,,,QUORUM,cassandra-1,True,False,9.966,2026-09-16T06:28:38.869337+00:00,
0b32a7fd-51a0-4d9c-ba8d-4bb0100759c0,monotonic_reads,network_partition,reader-1,read,mr-0b32a7fd-51a0-4d9c-ba8d-4bb0100759c0,,1563,QUORUM,QUORUM,cassandra-1,True,False,3.973,2026-09-16T06:28:38.884848+00:00,
0b32a7fd-51a0-4d9c-ba8d-4bb0100759c0,monotonic_reads,network_partition,writer-1,write,mr-0b32a7fd-51a0-4d9c-ba8d-4bb0100759c0,1564,,,QUORUM,cassandra-1,True,False,3.594,2026-09-16T06:28:38.894224+00:00,
0b32a7fd-51a0-4d9c-ba8d-4bb0100759c0,monotonic_reads,network_partition,reader-1,read,mr-0b32a7fd-51a0-4d9c-ba8d-4bb0100759c0,,1564,QUORUM,QUORUM,cassandra-2,True,False,4.302,2026-09-16T06:28:38.900908+00:00,
0b32a7fd-51a0-4d9c-ba8d-4bb0100759c0,monotonic_reads,network_partition,reader-1,read,mr-0b32a7fd-51a0-4d9c-ba8d-4bb0100759c0,,1564,QUORUM,QUORUM,cassandra-3,True,False,10.277,2026-09-16T06:28:38.923315+00:00,
0b32a7fd-51a0-4d9c-ba8d-4bb0100759c0,monotonic_reads,network_partition,writer-1,write,mr-0b32a7fd-51a0-4d9c-ba8d-4bb0100759c0,1565,,,QUORUM,cassandra-1,True,False,6.974,2026-09-16T06:28:38.924913+00:00,
0b32a7fd-51a0-4d9c-ba8d-4bb0100759c0,monotonic_reads,network_partition,reader-1,read,mr-0b32a7fd-51a0-4d9c-ba8d-4bb0100759c0,,1565,QUORUM,QUORUM,cassandra-1,True,False,3.642,2026-09-16T06:28:38.937334+00:00,
0b32a7fd-51a0-4d9c-ba8d-4bb0100759c0,monotonic_reads,network_partition,writer-1,write,mr-0b32a7fd-51a0-4d9c-ba8d-4bb0100759c0,1566,,,QUORUM,cassandra-1,True,False,3.154,2026-09-16T06:28:38.953437+00:00,
0b32a7fd-51a0-4d9c-ba8d-4bb0100759c0,monotonic_reads,network_partition,reader-1,read,mr-0b32a7fd-51a0-4d9c-ba8d-4bb0100759c0,,1565,QUORUM,QUORUM,cassandra-2,True,False,4.06,2026-09-16T06:28:38.953988+00:00,
0b32a7fd-51a0-4d9c-ba8d-4bb0100759c0,monotonic_reads,network_partition,reader-1,read,mr-0b32a7fd-51a0-4d9c-ba8d-4bb0100759c0,,1566,QUORUM,QUORUM,cassandra-3,True,False,4.584,2026-09-16T06:28:38.970107+00:00,
0b32a7fd-51a0-4d9c-ba8d-4bb0100759c0,monotonic_reads,network_partition,writer-1,write,mr-0b32a7fd-51a0-4d9c-ba8d-4bb0100759c0,1567,,,QUORUM,cassandra-1,True,False,3.832,2026-09-16T06:28:38.982448+00:00,
0b32a7fd-51a0-4d9c-ba8d-4bb0100759c0,monotonic_reads,network_partition,reader-1,read,mr-0b32a7fd-51a0-4d9c-ba8d-4bb0100759c0,,1567,QUORUM,QUORUM,cassandra-1,True,False,5.472,2026-09-16T06:28:38.988072+00:00,
0b32a7fd-51a0-4d9c-ba8d-4bb0100759c0,monotonic_reads,network_partition,reader-1,read,mr-0b32a7fd-51a0-4d9c-ba8d-4bb0100759c0,,1567,QUORUM,QUORUM,cassandra-2,True,False,6.706,2026-09-16T06:28:39.007522+00:00,
0b32a7fd-51a0-4d9c-ba8d-4bb0100759c0,monotonic_reads,network_partition,writer-1,write,mr-0b32a7fd-51a0-4d9c-ba8d-4bb0100759c0,1568,,,QUORUM,cassandra-1,True,False,4.376,2026-09-16T06:28:39.010393+00:00,
0b32a7fd-51a0-4d9c-ba8d-4bb0100759c0,monotonic_reads,network_partition,reader-1,read,mr-0b32a7fd-51a0-4d9c-ba8d-4bb0100759c0,,1568,QUORUM,QUORUM,cassandra-3,True,False,6.59,2026-09-16T06:28:39.024483+00:00,
0b32a7fd-51a0-4d9c-ba8d-4bb0100759c0,monotonic_reads,network_partition,writer-1,write,mr-0b32a7fd-51a0-4d9c-ba8d-4bb0100759c0,1569,,,QUORUM,cassandra-1,True,False,5.055,2026-09-16T06:28:39.039716+00:00,
0b32a7fd-51a0-4d9c-ba8d-4bb0100759c0,monotonic_reads,network_partition,reader-1,read,mr-0b32a7fd-51a0-4d9c-ba8d-4bb0100759c0,,1568,QUORUM,QUORUM,cassandra-1,True,False,4.893,2026-09-16T06:28:39.040400+00:00,
0b32a7fd-51a0-4d9c-ba8d-4bb0100759c0,monotonic_reads,network_partition,reader-1,read,mr-0b32a7fd-51a0-4d9c-ba8d-4bb0100759c0,,1569,QUORUM,QUORUM,cassandra-2,True,False,5.505,2026-09-16T06:28:39.056210+00:00,
0b32a7fd-51a0-4d9c-ba8d-4bb0100759c0,monotonic_reads,network_partition,writer-1,write,mr-0b32a7fd-51a0-4d9c-ba8d-4bb0100759c0,1570,,,QUORUM,cassandra-1,True,False,5.153,2026-09-16T06:28:39.068797+00:00,
0b32a7fd-51a0-4d9c-ba8d-4bb0100759c0,monotonic_reads,network_partition,reader-1,read,mr-0b32a7fd-51a0-4d9c-ba8d-4bb0100759c0,,1570,QUORUM,QUORUM,cassandra-3,True,False,6.842,2026-09-16T06:28:39.074414+00:00,
0b32a7fd-51a0-4d9c-ba8d-4bb0100759c0,monotonic_reads,network_partition,reader-1,read,mr-0b32a7fd-51a0-4d9c-ba8d-4bb0100759c0,,1570,QUORUM,QUORUM,cassandra-1,True,False,5.578,2026-09-16T06:28:39.092208+00:00,
0b32a7fd-51a0-4d9c-ba8d-4bb0100759c0,monotonic_reads,network_partition,writer-1,write,mr-0b32a7fd-51a0-4d9c-ba8d-4bb0100759c0,1571,,,QUORUM,cassandra-1,True,False,4.035,2026-09-16T06:28:39.097680+00:00,
0b32a7fd-51a0-4d9c-ba8d-4bb0100759c0,monotonic_reads,network_partition,reader-1,read,mr-0b32a7fd-51a0-4d9c-ba8d-4bb0100759c0,,1571,QUORUM,QUORUM,cassandra-2,True,False,11.712,2026-09-16T06:28:39.114277+00:00,
0b32a7fd-51a0-4d9c-ba8d-4bb0100759c0,monotonic_reads,network_partition,writer-1,write,mr-0b32a7fd-51a0-4d9c-ba8d-4bb0100759c0,1572,,,QUORUM,cassandra-1,True,False,3.743,2026-09-16T06:28:39.126347+00:00,
0b32a7fd-51a0-4d9c-ba8d-4bb0100759c0,monotonic_reads,network_partition,reader-1,read,mr-0b32a7fd-51a0-4d9c-ba8d-4bb0100759c0,,1572,QUORUM,QUORUM,cassandra-3,True,False,5.16,2026-09-16T06:28:39.131775+00:00,
0b32a7fd-51a0-4d9c-ba8d-4bb0100759c0,monotonic_reads,network_partition,reader-1,read,mr-0b32a7fd-51a0-4d9c-ba8d-4bb0100759c0,,1572,QUORUM,QUORUM,cassandra-1,True,False,5.994,2026-09-16T06:28:39.150427+00:00,
0b32a7fd-51a0-4d9c-ba8d-4bb0100759c0,monotonic_reads,network_partition,writer-1,write,mr-0b32a7fd-51a0-4d9c-ba8d-4bb0100759c0,1573,,,QUORUM,cassandra-1,True,False,4.252,2026-09-16T06:28:39.152728+00:00,
0b32a7fd-51a0-4d9c-ba8d-4bb0100759c0,monotonic_reads,network_partition,reader-1,read,mr-0b32a7fd-51a0-4d9c-ba8d-4bb0100759c0,,1573,QUORUM,QUORUM,cassandra-2,True,False,4.695,2026-09-16T06:28:39.166192+00:00,
0b32a7fd-51a0-4d9c-ba8d-4bb0100759c0,monotonic_reads,network_partition,writer-1,write,mr-0b32a7fd-51a0-4d9c-ba8d-4bb0100759c0,1574,,,QUORUM,cassandra-1,True,False,4.189,2026-09-16T06:28:39.181683+00:00,
0b32a7fd-51a0-4d9c-ba8d-4bb0100759c0,monotonic_reads,network_partition,reader-1,read,mr-0b32a7fd-51a0-4d9c-ba8d-4bb0100759c0,,1573,QUORUM,QUORUM,cassandra-3,True,False,4.538,2026-09-16T06:28:39.182486+00:00,
0b32a7fd-51a0-4d9c-ba8d-4bb0100759c0,monotonic_reads,network_partition,reader-1,read,mr-0b32a7fd-51a0-4d9c-ba8d-4bb0100759c0,,1574,QUORUM,QUORUM,cassandra-1,True,False,6.51,2026-09-16T06:28:39.200960+00:00,
0b32a7fd-51a0-4d9c-ba8d-4bb0100759c0,monotonic_reads,network_partition,writer-1,write,mr-0b32a7fd-51a0-4d9c-ba8d-4bb0100759c0,1575,,,QUORUM,cassandra-1,True,False,2.553,2026-09-16T06:28:39.206034+00:00,
0b32a7fd-51a0-4d9c-ba8d-4bb0100759c0,monotonic_reads,network_partition,reader-1,read,mr-0b32a7fd-51a0-4d9c-ba8d-4bb0100759c0,,1575,QUORUM,QUORUM,cassandra-2,True,False,4.299,2026-09-16T06:28:39.215860+00:00,
0b32a7fd-51a0-4d9c-ba8d-4bb0100759c0,monotonic_reads,network_partition,reader-1,read,mr-0b32a7fd-51a0-4d9c-ba8d-4bb0100759c0,,1575,QUORUM,QUORUM,cassandra-3,True,False,5.567,2026-09-16T06:28:39.232236+00:00,
0b32a7fd-51a0-4d9c-ba8d-4bb0100759c0,monotonic_reads,network_partition,writer-1,write,mr-0b32a7fd-51a0-4d9c-ba8d-4bb0100759c0,1576,,,QUORUM,cassandra-1,True,False,3.611,2026-09-16T06:28:39.233247+00:00,
0b32a7fd-51a0-4d9c-ba8d-4bb0100759c0,monotonic_reads,network_partition,reader-1,read,mr-0b32a7fd-51a0-4d9c-ba8d-4bb0100759c0,,1576,QUORUM,QUORUM,cassandra-1,True,False,9.929,2026-09-16T06:28:39.253462+00:00,
0b32a7fd-51a0-4d9c-ba8d-4bb0100759c0,monotonic_reads,network_partition,writer-1,write,mr-0b32a7fd-51a0-4d9c-ba8d-4bb0100759c0,1577,,,QUORUM,cassandra-1,True,False,4.408,2026-09-16T06:28:39.262358+00:00,
0b32a7fd-51a0-4d9c-ba8d-4bb0100759c0,monotonic_reads,network_partition,reader-1,read,mr-0b32a7fd-51a0-4d9c-ba8d-4bb0100759c0,,1577,QUORUM,QUORUM,cassandra-2,True,False,4.321,2026-09-16T06:28:39.270074+00:00,
0b32a7fd-51a0-4d9c-ba8d-4bb0100759c0,monotonic_reads,network_partition,reader-1,read,mr-0b32a7fd-51a0-4d9c-ba8d-4bb0100759c0,,1577,QUORUM,QUORUM,cassandra-3,True,False,3.945,2026-09-16T06:28:39.285539+00:00,
0b32a7fd-51a0-4d9c-ba8d-4bb0100759c0,monotonic_reads,network_partition,writer-1,write,mr-0b32a7fd-51a0-4d9c-ba8d-4bb0100759c0,1578,,,QUORUM,cassandra-1,True,False,3.638,2026-09-16T06:28:39.290274+00:00,
0b32a7fd-51a0-4d9c-ba8d-4bb0100759c0,monotonic_reads,network_partition,reader-1,read,mr-0b32a7fd-51a0-4d9c-ba8d-4bb0100759c0,,1578,QUORUM,QUORUM,cassandra-1,True,False,4.899,2026-09-16T06:28:39.302520+00:00,
0b32a7fd-51a0-4d9c-ba8d-4bb0100759c0,monotonic_reads,network_partition,writer-1,write,mr-0b32a7fd-51a0-4d9c-ba8d-4bb0100759c0,1579,,,QUORUM,cassandra-1,True,False,4.696,2026-09-16T06:28:39.317696+00:00,
0b32a7fd-51a0-4d9c-ba8d-4bb0100759c0,monotonic_reads,network_partition,reader-1,read,mr-0b32a7fd-51a0-4d9c-ba8d-4bb0100759c0,,1579,QUORUM,QUORUM,cassandra-2,True,False,7.906,2026-09-16T06:28:39.322202+00:00,
0b32a7fd-51a0-4d9c-ba8d-4bb0100759c0,monotonic_reads,network_partition,reader-1,read,mr-0b32a7fd-51a0-4d9c-ba8d-4bb0100759c0,,1579,QUORUM,QUORUM,cassandra-3,True,False,4.347,2026-09-16T06:28:39.336954+00:00,
0b32a7fd-51a0-4d9c-ba8d-4bb0100759c0,monotonic_reads,network_partition,writer-1,write,mr-0b32a7fd-51a0-4d9c-ba8d-4bb0100759c0,1580,,,QUORUM,cassandra-1,True,False,5.958,2026-09-16T06:28:39.347597+00:00,
0b32a7fd-51a0-4d9c-ba8d-4bb0100759c0,monotonic_reads,network_partition,reader-1,read,mr-0b32a7fd-51a0-4d9c-ba8d-4bb0100759c0,,1580,QUORUM,QUORUM,cassandra-1,True,False,4.916,2026-09-16T06:28:39.354529+00:00,
0b32a7fd-51a0-4d9c-ba8d-4bb0100759c0,monotonic_reads,network_partition,reader-1,read,mr-0b32a7fd-51a0-4d9c-ba8d-4bb0100759c0,,1580,QUORUM,QUORUM,cassandra-2,True,False,4.843,2026-09-16T06:28:39.370488+00:00,
0b32a7fd-51a0-4d9c-ba8d-4bb0100759c0,monotonic_reads,network_partition,writer-1,write,mr-0b32a7fd-51a0-4d9c-ba8d-4bb0100759c0,1581,,,QUORUM,cassandra-1,True,False,2.401,2026-09-16T06:28:39.370878+00:00,
0b32a7fd-51a0-4d9c-ba8d-4bb0100759c0,monotonic_reads,network_partition,reader-1,read,mr-0b32a7fd-51a0-4d9c-ba8d-4bb0100759c0,,1581,QUORUM,QUORUM,cassandra-3,True,False,3.188,2026-09-16T06:28:39.384294+00:00,
0b32a7fd-51a0-4d9c-ba8d-4bb0100759c0,monotonic_reads,network_partition,writer-1,write,mr-0b32a7fd-51a0-4d9c-ba8d-4bb0100759c0,1582,,,QUORUM,cassandra-1,True,False,3.524,2026-09-16T06:28:39.394999+00:00,
0b32a7fd-51a0-4d9c-ba8d-4bb0100759c0,monotonic_reads,network_partition,reader-1,read,mr-0b32a7fd-51a0-4d9c-ba8d-4bb0100759c0,,1582,QUORUM,QUORUM,cassandra-1,True,False,3.85,2026-09-16T06:28:39.399286+00:00,
0b32a7fd-51a0-4d9c-ba8d-4bb0100759c0,monotonic_reads,network_partition,reader-1,read,mr-0b32a7fd-51a0-4d9c-ba8d-4bb0100759c0,,1582,QUORUM,QUORUM,cassandra-2,True,False,3.507,2026-09-16T06:28:39.415386+00:00,
0b32a7fd-51a0-4d9c-ba8d-4bb0100759c0,monotonic_reads,network_partition,writer-1,write,mr-0b32a7fd-51a0-4d9c-ba8d-4bb0100759c0,1583,,,QUORUM,cassandra-1,True,False,2.866,2026-09-16T06:28:39.422066+00:00,
0b32a7fd-51a0-4d9c-ba8d-4bb0100759c0,monotonic_reads,network_partition,reader-1,read,mr-0b32a7fd-51a0-4d9c-ba8d-4bb0100759c0,,1583,QUORUM,QUORUM,cassandra-3,True,False,3.479,2026-09-16T06:28:39.431244+00:00,
0b32a7fd-51a0-4d9c-ba8d-4bb0100759c0,monotonic_reads,network_partition,writer-1,write,mr-0b32a7fd-51a0-4d9c-ba8d-4bb0100759c0,1584,,,QUORUM,cassandra-1,True,False,3.223,2026-09-16T06:28:39.445944+00:00,
0b32a7fd-51a0-4d9c-ba8d-4bb0100759c0,monotonic_reads,network_partition,reader-1,read,mr-0b32a7fd-51a0-4d9c-ba8d-4bb0100759c0,,1583,QUORUM,QUORUM,cassandra-1,True,False,2.992,2026-09-16T06:28:39.446281+00:00,
0b32a7fd-51a0-4d9c-ba8d-4bb0100759c0,monotonic_reads,network_partition,reader-1,read,mr-0b32a7fd-51a0-4d9c-ba8d-4bb0100759c0,,1584,QUORUM,QUORUM,cassandra-2,True,False,3.438,2026-09-16T06:28:39.462235+00:00,
0b32a7fd-51a0-4d9c-ba8d-4bb0100759c0,monotonic_reads,network_partition,writer-1,write,mr-0b32a7fd-51a0-4d9c-ba8d-4bb0100759c0,1585,,,QUORUM,cassandra-1,True,False,2.569,2026-09-16T06:28:39.470945+00:00,
0b32a7fd-51a0-4d9c-ba8d-4bb0100759c0,monotonic_reads,network_partition,reader-1,read,mr-0b32a7fd-51a0-4d9c-ba8d-4bb0100759c0,,1585,QUORUM,QUORUM,cassandra-3,True,False,3.438,2026-09-16T06:28:39.478297+00:00,
0b32a7fd-51a0-4d9c-ba8d-4bb0100759c0,monotonic_reads,network_partition,reader-1,read,mr-0b32a7fd-51a0-4d9c-ba8d-4bb0100759c0,,1585,QUORUM,QUORUM,cassandra-1,True,False,3.175,2026-09-16T06:28:39.493310+00:00,
0b32a7fd-51a0-4d9c-ba8d-4bb0100759c0,monotonic_reads,network_partition,writer-1,write,mr-0b32a7fd-51a0-4d9c-ba8d-4bb0100759c0,1586,,,QUORUM,cassandra-1,True,False,2.86,2026-09-16T06:28:39.494917+00:00,
0b32a7fd-51a0-4d9c-ba8d-4bb0100759c0,monotonic_reads,network_partition,reader-1,read,mr-0b32a7fd-51a0-4d9c-ba8d-4bb0100759c0,,1586,QUORUM,QUORUM,cassandra-2,True,False,3.712,2026-09-16T06:28:39.509368+00:00,
0b32a7fd-51a0-4d9c-ba8d-4bb0100759c0,monotonic_reads,network_partition,writer-1,write,mr-0b32a7fd-51a0-4d9c-ba8d-4bb0100759c0,1587,,,QUORUM,cassandra-1,True,False,4.722,2026-09-16T06:28:39.524395+00:00,
0b32a7fd-51a0-4d9c-ba8d-4bb0100759c0,monotonic_reads,network_partition,reader-1,read,mr-0b32a7fd-51a0-4d9c-ba8d-4bb0100759c0,,1586,QUORUM,QUORUM,cassandra-3,True,False,4.333,2026-09-16T06:28:39.524463+00:00,
0b32a7fd-51a0-4d9c-ba8d-4bb0100759c0,monotonic_reads,network_partition,reader-1,read,mr-0b32a7fd-51a0-4d9c-ba8d-4bb0100759c0,,1587,QUORUM,QUORUM,cassandra-1,True,False,2.933,2026-09-16T06:28:39.538421+00:00,
0b32a7fd-51a0-4d9c-ba8d-4bb0100759c0,monotonic_reads,network_partition,writer-1,write,mr-0b32a7fd-51a0-4d9c-ba8d-4bb0100759c0,1588,,,QUORUM,cassandra-1,True,False,2.539,2026-09-16T06:28:39.551013+00:00,
0b32a7fd-51a0-4d9c-ba8d-4bb0100759c0,monotonic_reads,network_partition,reader-1,read,mr-0b32a7fd-51a0-4d9c-ba8d-4bb0100759c0,,1588,QUORUM,QUORUM,cassandra-2,True,False,3.851,2026-09-16T06:28:39.554932+00:00,
0b32a7fd-51a0-4d9c-ba8d-4bb0100759c0,monotonic_reads,network_partition,reader-1,read,mr-0b32a7fd-51a0-4d9c-ba8d-4bb0100759c0,,1588,QUORUM,QUORUM,cassandra-3,True,False,10.448,2026-09-16T06:28:39.578004+00:00,
0b32a7fd-51a0-4d9c-ba8d-4bb0100759c0,monotonic_reads,network_partition,writer-1,write,mr-0b32a7fd-51a0-4d9c-ba8d-4bb0100759c0,1589,,,QUORUM,cassandra-1,True,False,3.41,2026-09-16T06:28:39.579470+00:00,
0b32a7fd-51a0-4d9c-ba8d-4bb0100759c0,monotonic_reads,network_partition,reader-1,read,mr-0b32a7fd-51a0-4d9c-ba8d-4bb0100759c0,,1589,QUORUM,QUORUM,cassandra-1,True,False,2.523,2026-09-16T06:28:39.593236+00:00,
0b32a7fd-51a0-4d9c-ba8d-4bb0100759c0,monotonic_reads,network_partition,writer-1,write,mr-0b32a7fd-51a0-4d9c-ba8d-4bb0100759c0,1590,,,QUORUM,cassandra-1,True,False,3.547,2026-09-16T06:28:39.605184+00:00,
0b32a7fd-51a0-4d9c-ba8d-4bb0100759c0,monotonic_reads,network_partition,reader-1,read,mr-0b32a7fd-51a0-4d9c-ba8d-4bb0100759c0,,1590,QUORUM,QUORUM,cassandra-2,True,False,4.832,2026-09-16T06:28:39.609645+00:00,
0b32a7fd-51a0-4d9c-ba8d-4bb0100759c0,monotonic_reads,network_partition,reader-1,read,mr-0b32a7fd-51a0-4d9c-ba8d-4bb0100759c0,,1590,QUORUM,QUORUM,cassandra-3,True,False,3.928,2026-09-16T06:28:39.624559+00:00,
0b32a7fd-51a0-4d9c-ba8d-4bb0100759c0,monotonic_reads,network_partition,writer-1,write,mr-0b32a7fd-51a0-4d9c-ba8d-4bb0100759c0,1591,,,QUORUM,cassandra-1,True,False,3.668,2026-09-16T06:28:39.629286+00:00,
0b32a7fd-51a0-4d9c-ba8d-4bb0100759c0,monotonic_reads,network_partition,reader-1,read,mr-0b32a7fd-51a0-4d9c-ba8d-4bb0100759c0,,1591,QUORUM,QUORUM,cassandra-1,True,False,5.016,2026-09-16T06:28:39.639896+00:00,
0b32a7fd-51a0-4d9c-ba8d-4bb0100759c0,monotonic_reads,network_partition,reader-1,read,mr-0b32a7fd-51a0-4d9c-ba8d-4bb0100759c0,,1591,QUORUM,QUORUM,cassandra-2,True,False,4.173,2026-09-16T06:28:39.654785+00:00,
0b32a7fd-51a0-4d9c-ba8d-4bb0100759c0,monotonic_reads,network_partition,writer-1,write,mr-0b32a7fd-51a0-4d9c-ba8d-4bb0100759c0,1592,,,QUORUM,cassandra-1,True,False,3.709,2026-09-16T06:28:39.656262+00:00,
0b32a7fd-51a0-4d9c-ba8d-4bb0100759c0,monotonic_reads,network_partition,reader-1,read,mr-0b32a7fd-51a0-4d9c-ba8d-4bb0100759c0,,1592,QUORUM,QUORUM,cassandra-3,True,False,4.43,2026-09-16T06:28:39.670050+00:00,
0b32a7fd-51a0-4d9c-ba8d-4bb0100759c0,monotonic_reads,network_partition,writer-1,write,mr-0b32a7fd-51a0-4d9c-ba8d-4bb0100759c0,1593,,,QUORUM,cassandra-1,True,False,3.99,2026-09-16T06:28:39.680621+00:00,
0b32a7fd-51a0-4d9c-ba8d-4bb0100759c0,monotonic_reads,network_partition,reader-1,read,mr-0b32a7fd-51a0-4d9c-ba8d-4bb0100759c0,,1593,QUORUM,QUORUM,cassandra-1,True,False,7.061,2026-09-16T06:28:39.689779+00:00,
0b32a7fd-51a0-4d9c-ba8d-4bb0100759c0,monotonic_reads,network_partition,reader-1,read,mr-0b32a7fd-51a0-4d9c-ba8d-4bb0100759c0,,1593,QUORUM,QUORUM,cassandra-2,True,False,4.873,2026-09-16T06:28:39.705916+00:00,
0b32a7fd-51a0-4d9c-ba8d-4bb0100759c0,monotonic_reads,network_partition,writer-1,write,mr-0b32a7fd-51a0-4d9c-ba8d-4bb0100759c0,1594,,,QUORUM,cassandra-1,True,False,2.785,2026-09-16T06:28:39.706318+00:00,
0b32a7fd-51a0-4d9c-ba8d-4bb0100759c0,monotonic_reads,network_partition,reader-1,read,mr-0b32a7fd-51a0-4d9c-ba8d-4bb0100759c0,,1594,QUORUM,QUORUM,cassandra-3,True,False,5.406,2026-09-16T06:28:39.723365+00:00,
0b32a7fd-51a0-4d9c-ba8d-4bb0100759c0,monotonic_reads,network_partition,writer-1,write,mr-0b32a7fd-51a0-4d9c-ba8d-4bb0100759c0,1595,,,QUORUM,cassandra-1,True,False,3.843,2026-09-16T06:28:39.730464+00:00,
0b32a7fd-51a0-4d9c-ba8d-4bb0100759c0,monotonic_reads,network_partition,reader-1,read,mr-0b32a7fd-51a0-4d9c-ba8d-4bb0100759c0,,1595,QUORUM,QUORUM,cassandra-1,True,False,5.85,2026-09-16T06:28:39.740489+00:00,
0b32a7fd-51a0-4d9c-ba8d-4bb0100759c0,monotonic_reads,network_partition,writer-1,write,mr-0b32a7fd-51a0-4d9c-ba8d-4bb0100759c0,1596,,,QUORUM,cassandra-1,True,False,4.536,2026-09-16T06:28:39.756573+00:00,
0b32a7fd-51a0-4d9c-ba8d-4bb0100759c0,monotonic_reads,network_partition,reader-1,read,mr-0b32a7fd-51a0-4d9c-ba8d-4bb0100759c0,,1596,QUORUM,QUORUM,cassandra-2,True,False,6.63,2026-09-16T06:28:39.758100+00:00,
0b32a7fd-51a0-4d9c-ba8d-4bb0100759c0,monotonic_reads,network_partition,reader-1,read,mr-0b32a7fd-51a0-4d9c-ba8d-4bb0100759c0,,1596,QUORUM,QUORUM,cassandra-3,True,False,5.788,2026-09-16T06:28:39.774433+00:00,
0b32a7fd-51a0-4d9c-ba8d-4bb0100759c0,monotonic_reads,network_partition,writer-1,write,mr-0b32a7fd-51a0-4d9c-ba8d-4bb0100759c0,1597,,,QUORUM,cassandra-1,True,False,4.621,2026-09-16T06:28:39.783453+00:00,
0b32a7fd-51a0-4d9c-ba8d-4bb0100759c0,monotonic_reads,network_partition,reader-1,read,mr-0b32a7fd-51a0-4d9c-ba8d-4bb0100759c0,,1597,QUORUM,QUORUM,cassandra-1,True,False,4.17,2026-09-16T06:28:39.790677+00:00,
0b32a7fd-51a0-4d9c-ba8d-4bb0100759c0,monotonic_reads,network_partition,reader-1,read,mr-0b32a7fd-51a0-4d9c-ba8d-4bb0100759c0,,1597,QUORUM,QUORUM,cassandra-2,True,False,4.224,2026-09-16T06:28:39.806861+00:00,
0b32a7fd-51a0-4d9c-ba8d-4bb0100759c0,monotonic_reads,network_partition,writer-1,write,mr-0b32a7fd-51a0-4d9c-ba8d-4bb0100759c0,1598,,,QUORUM,cassandra-1,True,False,3.727,2026-09-16T06:28:39.812341+00:00,
0b32a7fd-51a0-4d9c-ba8d-4bb0100759c0,monotonic_reads,network_partition,reader-1,read,mr-0b32a7fd-51a0-4d9c-ba8d-4bb0100759c0,,1598,QUORUM,QUORUM,cassandra-3,True,False,4.452,2026-09-16T06:28:39.823674+00:00,
0b32a7fd-51a0-4d9c-ba8d-4bb0100759c0,monotonic_reads,network_partition,writer-1,write,mr-0b32a7fd-51a0-4d9c-ba8d-4bb0100759c0,1599,,,QUORUM,cassandra-1,True,False,3.693,2026-09-16T06:28:39.839529+00:00,
0b32a7fd-51a0-4d9c-ba8d-4bb0100759c0,monotonic_reads,network_partition,reader-1,read,mr-0b32a7fd-51a0-4d9c-ba8d-4bb0100759c0,,1598,QUORUM,QUORUM,cassandra-1,True,False,4.669,2026-09-16T06:28:39.840172+00:00,
0b32a7fd-51a0-4d9c-ba8d-4bb0100759c0,monotonic_reads,network_partition,reader-1,read,mr-0b32a7fd-51a0-4d9c-ba8d-4bb0100759c0,,1599,QUORUM,QUORUM,cassandra-2,True,False,7.269,2026-09-16T06:28:39.859902+00:00,
0b32a7fd-51a0-4d9c-ba8d-4bb0100759c0,monotonic_reads,network_partition,writer-1,write,mr-0b32a7fd-51a0-4d9c-ba8d-4bb0100759c0,1600,,,QUORUM,cassandra-1,True,False,5.339,2026-09-16T06:28:39.865942+00:00,
0b32a7fd-51a0-4d9c-ba8d-4bb0100759c0,monotonic_reads,network_partition,reader-1,read,mr-0b32a7fd-51a0-4d9c-ba8d-4bb0100759c0,,1600,QUORUM,QUORUM,cassandra-3,True,False,6.801,2026-09-16T06:28:39.878408+00:00,
0b32a7fd-51a0-4d9c-ba8d-4bb0100759c0,monotonic_reads,network_partition,writer-1,write,mr-0b32a7fd-51a0-4d9c-ba8d-4bb0100759c0,1601,,,QUORUM,cassandra-1,True,False,4.99,2026-09-16T06:28:39.892599+00:00,
0b32a7fd-51a0-4d9c-ba8d-4bb0100759c0,monotonic_reads,network_partition,reader-1,read,mr-0b32a7fd-51a0-4d9c-ba8d-4bb0100759c0,,1601,QUORUM,QUORUM,cassandra-1,True,False,6.598,2026-09-16T06:28:39.895226+00:00,
0b32a7fd-51a0-4d9c-ba8d-4bb0100759c0,monotonic_reads,network_partition,reader-1,read,mr-0b32a7fd-51a0-4d9c-ba8d-4bb0100759c0,,1601,QUORUM,QUORUM,cassandra-2,True,False,12.873,2026-09-16T06:28:39.918309+00:00,
0b32a7fd-51a0-4d9c-ba8d-4bb0100759c0,monotonic_reads,network_partition,writer-1,write,mr-0b32a7fd-51a0-4d9c-ba8d-4bb0100759c0,1602,,,QUORUM,cassandra-1,True,False,4.219,2026-09-16T06:28:39.918751+00:00,
0b32a7fd-51a0-4d9c-ba8d-4bb0100759c0,monotonic_reads,network_partition,reader-1,read,mr-0b32a7fd-51a0-4d9c-ba8d-4bb0100759c0,,1602,QUORUM,QUORUM,cassandra-3,True,False,2.997,2026-09-16T06:28:39.934311+00:00,
0b32a7fd-51a0-4d9c-ba8d-4bb0100759c0,monotonic_reads,network_partition,writer-1,write,mr-0b32a7fd-51a0-4d9c-ba8d-4bb0100759c0,1603,,,QUORUM,cassandra-1,True,False,4.441,2026-09-16T06:28:39.945557+00:00,
0b32a7fd-51a0-4d9c-ba8d-4bb0100759c0,monotonic_reads,network_partition,reader-1,read,mr-0b32a7fd-51a0-4d9c-ba8d-4bb0100759c0,,1603,QUORUM,QUORUM,cassandra-1,True,False,4.693,2026-09-16T06:28:39.950351+00:00,
0b32a7fd-51a0-4d9c-ba8d-4bb0100759c0,monotonic_reads,network_partition,reader-1,read,mr-0b32a7fd-51a0-4d9c-ba8d-4bb0100759c0,,1603,QUORUM,QUORUM,cassandra-2,True,False,6.077,2026-09-16T06:28:39.968590+00:00,
0b32a7fd-51a0-4d9c-ba8d-4bb0100759c0,monotonic_reads,network_partition,writer-1,write,mr-0b32a7fd-51a0-4d9c-ba8d-4bb0100759c0,1604,,,QUORUM,cassandra-1,True,False,3.806,2026-09-16T06:28:39.972503+00:00,
0b32a7fd-51a0-4d9c-ba8d-4bb0100759c0,monotonic_reads,network_partition,reader-1,read,mr-0b32a7fd-51a0-4d9c-ba8d-4bb0100759c0,,1604,QUORUM,QUORUM,cassandra-3,True,False,4.463,2026-09-16T06:28:39.984098+00:00,
0b32a7fd-51a0-4d9c-ba8d-4bb0100759c0,monotonic_reads,network_partition,writer-1,write,mr-0b32a7fd-51a0-4d9c-ba8d-4bb0100759c0,1605,,,QUORUM,cassandra-1,True,False,5.629,2026-09-16T06:28:40.002490+00:00,
0b32a7fd-51a0-4d9c-ba8d-4bb0100759c0,monotonic_reads,network_partition,reader-1,read,mr-0b32a7fd-51a0-4d9c-ba8d-4bb0100759c0,,1604,QUORUM,QUORUM,cassandra-1,True,False,7.198,2026-09-16T06:28:40.003394+00:00,
0b32a7fd-51a0-4d9c-ba8d-4bb0100759c0,monotonic_reads,network_partition,reader-1,read,mr-0b32a7fd-51a0-4d9c-ba8d-4bb0100759c0,,1605,QUORUM,QUORUM,cassandra-2,True,False,7.779,2026-09-16T06:28:40.022413+00:00,
0b32a7fd-51a0-4d9c-ba8d-4bb0100759c0,monotonic_reads,network_partition,writer-1,write,mr-0b32a7fd-51a0-4d9c-ba8d-4bb0100759c0,1606,,,QUORUM,cassandra-1,True,False,5.282,2026-09-16T06:28:40.031909+00:00,
0b32a7fd-51a0-4d9c-ba8d-4bb0100759c0,monotonic_reads,network_partition,reader-1,read,mr-0b32a7fd-51a0-4d9c-ba8d-4bb0100759c0,,1606,QUORUM,QUORUM,cassandra-3,True,False,4.286,2026-09-16T06:28:40.036907+00:00,
0b32a7fd-51a0-4d9c-ba8d-4bb0100759c0,monotonic_reads,network_partition,reader-1,read,mr-0b32a7fd-51a0-4d9c-ba8d-4bb0100759c0,,1606,QUORUM,QUORUM,cassandra-1,True,False,5.601,2026-09-16T06:28:40.055253+00:00,
0b32a7fd-51a0-4d9c-ba8d-4bb0100759c0,monotonic_reads,network_partition,writer-1,write,mr-0b32a7fd-51a0-4d9c-ba8d-4bb0100759c0,1607,,,QUORUM,cassandra-1,True,False,3.788,2026-09-16T06:28:40.056247+00:00,
0b32a7fd-51a0-4d9c-ba8d-4bb0100759c0,monotonic_reads,network_partition,reader-1,read,mr-0b32a7fd-51a0-4d9c-ba8d-4bb0100759c0,,1607,QUORUM,QUORUM,cassandra-2,True,False,6.547,2026-09-16T06:28:40.073942+00:00,
0b32a7fd-51a0-4d9c-ba8d-4bb0100759c0,monotonic_reads,network_partition,writer-1,write,mr-0b32a7fd-51a0-4d9c-ba8d-4bb0100759c0,1608,,,QUORUM,cassandra-1,True,False,4.91,2026-09-16T06:28:40.083572+00:00,
0b32a7fd-51a0-4d9c-ba8d-4bb0100759c0,monotonic_reads,network_partition,reader-1,read,mr-0b32a7fd-51a0-4d9c-ba8d-4bb0100759c0,,1608,QUORUM,QUORUM,cassandra-3,True,False,5.117,2026-09-16T06:28:40.091395+00:00,
0b32a7fd-51a0-4d9c-ba8d-4bb0100759c0,monotonic_reads,network_partition,reader-1,read,mr-0b32a7fd-51a0-4d9c-ba8d-4bb0100759c0,,1608,QUORUM,QUORUM,cassandra-1,True,False,5.233,2026-09-16T06:28:40.109392+00:00,
0b32a7fd-51a0-4d9c-ba8d-4bb0100759c0,monotonic_reads,network_partition,writer-1,write,mr-0b32a7fd-51a0-4d9c-ba8d-4bb0100759c0,1609,,,QUORUM,cassandra-1,True,False,4.282,2026-09-16T06:28:40.109525+00:00,
0b32a7fd-51a0-4d9c-ba8d-4bb0100759c0,monotonic_reads,network_partition,reader-1,read,mr-0b32a7fd-51a0-4d9c-ba8d-4bb0100759c0,,1609,QUORUM,QUORUM,cassandra-2,True,False,6.549,2026-09-16T06:28:40.127185+00:00,
0b32a7fd-51a0-4d9c-ba8d-4bb0100759c0,monotonic_reads,network_partition,writer-1,write,mr-0b32a7fd-51a0-4d9c-ba8d-4bb0100759c0,1610,,,QUORUM,cassandra-1,True,False,5.14,2026-09-16T06:28:40.138057+00:00,
0b32a7fd-51a0-4d9c-ba8d-4bb0100759c0,monotonic_reads,network_partition,reader-1,read,mr-0b32a7fd-51a0-4d9c-ba8d-4bb0100759c0,,1610,QUORUM,QUORUM,cassandra-3,True,False,5.416,2026-09-16T06:28:40.144105+00:00,
0b32a7fd-51a0-4d9c-ba8d-4bb0100759c0,monotonic_reads,network_partition,writer-1,write,mr-0b32a7fd-51a0-4d9c-ba8d-4bb0100759c0,1611,,,QUORUM,cassandra-1,True,False,3.237,2026-09-16T06:28:40.161750+00:00,
0b32a7fd-51a0-4d9c-ba8d-4bb0100759c0,monotonic_reads,network_partition,reader-1,read,mr-0b32a7fd-51a0-4d9c-ba8d-4bb0100759c0,,1610,QUORUM,QUORUM,cassandra-1,True,False,6.575,2026-09-16T06:28:40.163206+00:00,
0b32a7fd-51a0-4d9c-ba8d-4bb0100759c0,monotonic_reads,network_partition,reader-1,read,mr-0b32a7fd-51a0-4d9c-ba8d-4bb0100759c0,,1611,QUORUM,QUORUM,cassandra-2,True,False,4.775,2026-09-16T06:28:40.180273+00:00,
0b32a7fd-51a0-4d9c-ba8d-4bb0100759c0,monotonic_reads,network_partition,writer-1,write,mr-0b32a7fd-51a0-4d9c-ba8d-4bb0100759c0,1612,,,QUORUM,cassandra-1,True,False,4.963,2026-09-16T06:28:40.189612+00:00,
0b32a7fd-51a0-4d9c-ba8d-4bb0100759c0,monotonic_reads,network_partition,reader-1,read,mr-0b32a7fd-51a0-4d9c-ba8d-4bb0100759c0,,1612,QUORUM,QUORUM,cassandra-3,True,False,9.833,2026-09-16T06:28:40.202545+00:00,
0b32a7fd-51a0-4d9c-ba8d-4bb0100759c0,monotonic_reads,network_partition,writer-1,write,mr-0b32a7fd-51a0-4d9c-ba8d-4bb0100759c0,1613,,,QUORUM,cassandra-1,True,False,4.561,2026-09-16T06:28:40.219676+00:00,
0b32a7fd-51a0-4d9c-ba8d-4bb0100759c0,monotonic_reads,network_partition,reader-1,read,mr-0b32a7fd-51a0-4d9c-ba8d-4bb0100759c0,,1612,QUORUM,QUORUM,cassandra-1,True,False,5.849,2026-09-16T06:28:40.220422+00:00,
0b32a7fd-51a0-4d9c-ba8d-4bb0100759c0,monotonic_reads,network_partition,reader-1,read,mr-0b32a7fd-51a0-4d9c-ba8d-4bb0100759c0,,1613,QUORUM,QUORUM,cassandra-2,True,False,15.582,2026-09-16T06:28:40.248213+00:00,
0b32a7fd-51a0-4d9c-ba8d-4bb0100759c0,monotonic_reads,network_partition,writer-1,write,mr-0b32a7fd-51a0-4d9c-ba8d-4bb0100759c0,1614,,,QUORUM,cassandra-1,True,False,7.057,2026-09-16T06:28:40.251306+00:00,
0b32a7fd-51a0-4d9c-ba8d-4bb0100759c0,monotonic_reads,network_partition,reader-1,read,mr-0b32a7fd-51a0-4d9c-ba8d-4bb0100759c0,,1614,QUORUM,QUORUM,cassandra-3,True,False,5.422,2026-09-16T06:28:40.265062+00:00,
0b32a7fd-51a0-4d9c-ba8d-4bb0100759c0,monotonic_reads,network_partition,writer-1,write,mr-0b32a7fd-51a0-4d9c-ba8d-4bb0100759c0,1615,,,QUORUM,cassandra-1,True,False,3.196,2026-09-16T06:28:40.279484+00:00,
0b32a7fd-51a0-4d9c-ba8d-4bb0100759c0,monotonic_reads,network_partition,reader-1,read,mr-0b32a7fd-51a0-4d9c-ba8d-4bb0100759c0,,1614,QUORUM,QUORUM,cassandra-1,True,False,4.713,2026-09-16T06:28:40.280336+00:00,
0b32a7fd-51a0-4d9c-ba8d-4bb0100759c0,monotonic_reads,network_partition,reader-1,read,mr-0b32a7fd-51a0-4d9c-ba8d-4bb0100759c0,,1615,QUORUM,QUORUM,cassandra-2,True,False,5.494,2026-09-16T06:28:40.297142+00:00,
0b32a7fd-51a0-4d9c-ba8d-4bb0100759c0,monotonic_reads,network_partition,writer-1,write,mr-0b32a7fd-51a0-4d9c-ba8d-4bb0100759c0,1616,,,QUORUM,cassandra-1,True,False,5.245,2026-09-16T06:28:40.305813+00:00,
0b32a7fd-51a0-4d9c-ba8d-4bb0100759c0,monotonic_reads,network_partition,reader-1,read,mr-0b32a7fd-51a0-4d9c-ba8d-4bb0100759c0,,1616,QUORUM,QUORUM,cassandra-3,True,False,4.298,2026-09-16T06:28:40.311967+00:00,
0b32a7fd-51a0-4d9c-ba8d-4bb0100759c0,monotonic_reads,network_partition,reader-1,read,mr-0b32a7fd-51a0-4d9c-ba8d-4bb0100759c0,,1616,QUORUM,QUORUM,cassandra-1,True,False,5.533,2026-09-16T06:28:40.328150+00:00,
0b32a7fd-51a0-4d9c-ba8d-4bb0100759c0,monotonic_reads,network_partition,writer-1,write,mr-0b32a7fd-51a0-4d9c-ba8d-4bb0100759c0,1617,,,QUORUM,cassandra-1,True,False,3.768,2026-09-16T06:28:40.330324+00:00,
0b32a7fd-51a0-4d9c-ba8d-4bb0100759c0,monotonic_reads,network_partition,reader-1,read,mr-0b32a7fd-51a0-4d9c-ba8d-4bb0100759c0,,1617,QUORUM,QUORUM,cassandra-2,True,False,4.275,2026-09-16T06:28:40.343912+00:00,
0b32a7fd-51a0-4d9c-ba8d-4bb0100759c0,monotonic_reads,network_partition,reader-1,read,mr-0b32a7fd-51a0-4d9c-ba8d-4bb0100759c0,,1617,QUORUM,QUORUM,cassandra-3,True,False,6.061,2026-09-16T06:28:40.360696+00:00,
0b32a7fd-51a0-4d9c-ba8d-4bb0100759c0,monotonic_reads,network_partition,writer-1,write,mr-0b32a7fd-51a0-4d9c-ba8d-4bb0100759c0,1618,,,QUORUM,cassandra-1,True,False,7.339,2026-09-16T06:28:40.360943+00:00,
0b32a7fd-51a0-4d9c-ba8d-4bb0100759c0,monotonic_reads,network_partition,reader-1,read,mr-0b32a7fd-51a0-4d9c-ba8d-4bb0100759c0,,1618,QUORUM,QUORUM,cassandra-1,True,False,6.257,2026-09-16T06:28:40.379369+00:00,
0b32a7fd-51a0-4d9c-ba8d-4bb0100759c0,monotonic_reads,network_partition,writer-1,write,mr-0b32a7fd-51a0-4d9c-ba8d-4bb0100759c0,1619,,,QUORUM,cassandra-1,True,False,4.492,2026-09-16T06:28:40.388318+00:00,
0b32a7fd-51a0-4d9c-ba8d-4bb0100759c0,monotonic_reads,network_partition,reader-1,read,mr-0b32a7fd-51a0-4d9c-ba8d-4bb0100759c0,,1619,QUORUM,QUORUM,cassandra-2,True,False,5.146,2026-09-16T06:28:40.396757+00:00,
0b32a7fd-51a0-4d9c-ba8d-4bb0100759c0,monotonic_reads,network_partition,reader-1,read,mr-0b32a7fd-51a0-4d9c-ba8d-4bb0100759c0,,1619,QUORUM,QUORUM,cassandra-3,True,False,5.877,2026-09-16T06:28:40.415289+00:00,
0b32a7fd-51a0-4d9c-ba8d-4bb0100759c0,monotonic_reads,network_partition,writer-1,write,mr-0b32a7fd-51a0-4d9c-ba8d-4bb0100759c0,1620,,,QUORUM,cassandra-1,True,False,3.749,2026-09-16T06:28:40.416360+00:00,
0b32a7fd-51a0-4d9c-ba8d-4bb0100759c0,monotonic_reads,network_partition,reader-1,read,mr-0b32a7fd-51a0-4d9c-ba8d-4bb0100759c0,,1620,QUORUM,QUORUM,cassandra-1,True,False,3.36,2026-09-16T06:28:40.428956+00:00,
0b32a7fd-51a0-4d9c-ba8d-4bb0100759c0,monotonic_reads,network_partition,writer-1,write,mr-0b32a7fd-51a0-4d9c-ba8d-4bb0100759c0,1621,,,QUORUM,cassandra-1,True,False,10.296,2026-09-16T06:28:40.448674+00:00,
0b32a7fd-51a0-4d9c-ba8d-4bb0100759c0,monotonic_reads,network_partition,reader-1,read,mr-0b32a7fd-51a0-4d9c-ba8d-4bb0100759c0,,1621,QUORUM,QUORUM,cassandra-2,True,False,9.264,2026-09-16T06:28:40.450868+00:00,
0b32a7fd-51a0-4d9c-ba8d-4bb0100759c0,monotonic_reads,network_partition,reader-1,read,mr-0b32a7fd-51a0-4d9c-ba8d-4bb0100759c0,,1621,QUORUM,QUORUM,cassandra-3,True,False,5.179,2026-09-16T06:28:40.468677+00:00,
0b32a7fd-51a0-4d9c-ba8d-4bb0100759c0,monotonic_reads,network_partition,writer-1,write,mr-0b32a7fd-51a0-4d9c-ba8d-4bb0100759c0,1622,,,QUORUM,cassandra-1,True,False,3.923,2026-09-16T06:28:40.475530+00:00,
0b32a7fd-51a0-4d9c-ba8d-4bb0100759c0,monotonic_reads,network_partition,reader-1,read,mr-0b32a7fd-51a0-4d9c-ba8d-4bb0100759c0,,1622,QUORUM,QUORUM,cassandra-1,True,False,5.894,2026-09-16T06:28:40.486544+00:00,
0b32a7fd-51a0-4d9c-ba8d-4bb0100759c0,monotonic_reads,network_partition,writer-1,write,mr-0b32a7fd-51a0-4d9c-ba8d-4bb0100759c0,1623,,,QUORUM,cassandra-1,True,False,3.756,2026-09-16T06:28:40.503609+00:00,
0b32a7fd-51a0-4d9c-ba8d-4bb0100759c0,monotonic_reads,network_partition,reader-1,read,mr-0b32a7fd-51a0-4d9c-ba8d-4bb0100759c0,,1623,QUORUM,QUORUM,cassandra-2,True,False,7.669,2026-09-16T06:28:40.506988+00:00,
0b32a7fd-51a0-4d9c-ba8d-4bb0100759c0,monotonic_reads,network_partition,reader-1,read,mr-0b32a7fd-51a0-4d9c-ba8d-4bb0100759c0,,1623,QUORUM,QUORUM,cassandra-3,True,False,5.731,2026-09-16T06:28:40.525339+00:00,
0b32a7fd-51a0-4d9c-ba8d-4bb0100759c0,monotonic_reads,network_partition,writer-1,write,mr-0b32a7fd-51a0-4d9c-ba8d-4bb0100759c0,1624,,,QUORUM,cassandra-1,True,False,5.361,2026-09-16T06:28:40.533473+00:00,
0b32a7fd-51a0-4d9c-ba8d-4bb0100759c0,monotonic_reads,network_partition,reader-1,read,mr-0b32a7fd-51a0-4d9c-ba8d-4bb0100759c0,,1624,QUORUM,QUORUM,cassandra-1,True,False,6.421,2026-09-16T06:28:40.544431+00:00,
0b32a7fd-51a0-4d9c-ba8d-4bb0100759c0,monotonic_reads,network_partition,reader-1,read,mr-0b32a7fd-51a0-4d9c-ba8d-4bb0100759c0,,1624,QUORUM,QUORUM,cassandra-2,True,False,4.96,2026-09-16T06:28:40.560995+00:00,
0b32a7fd-51a0-4d9c-ba8d-4bb0100759c0,monotonic_reads,network_partition,writer-1,write,mr-0b32a7fd-51a0-4d9c-ba8d-4bb0100759c0,1625,,,QUORUM,cassandra-1,True,False,4.748,2026-09-16T06:28:40.563420+00:00,
0b32a7fd-51a0-4d9c-ba8d-4bb0100759c0,monotonic_reads,network_partition,reader-1,read,mr-0b32a7fd-51a0-4d9c-ba8d-4bb0100759c0,,1625,QUORUM,QUORUM,cassandra-3,True,False,6.159,2026-09-16T06:28:40.579919+00:00,
0b32a7fd-51a0-4d9c-ba8d-4bb0100759c0,monotonic_reads,network_partition,writer-1,write,mr-0b32a7fd-51a0-4d9c-ba8d-4bb0100759c0,1626,,,QUORUM,cassandra-1,True,False,5.296,2026-09-16T06:28:40.592935+00:00,
0b32a7fd-51a0-4d9c-ba8d-4bb0100759c0,monotonic_reads,network_partition,reader-1,read,mr-0b32a7fd-51a0-4d9c-ba8d-4bb0100759c0,,1626,QUORUM,QUORUM,cassandra-1,True,False,4.407,2026-09-16T06:28:40.597067+00:00,
0b32a7fd-51a0-4d9c-ba8d-4bb0100759c0,monotonic_reads,network_partition,reader-1,read,mr-0b32a7fd-51a0-4d9c-ba8d-4bb0100759c0,,1626,QUORUM,QUORUM,cassandra-2,True,False,4.249,2026-09-16T06:28:40.611856+00:00,
0b32a7fd-51a0-4d9c-ba8d-4bb0100759c0,monotonic_reads,network_partition,writer-1,write,mr-0b32a7fd-51a0-4d9c-ba8d-4bb0100759c0,1627,,,QUORUM,cassandra-1,True,False,5.011,2026-09-16T06:28:40.622971+00:00,
0b32a7fd-51a0-4d9c-ba8d-4bb0100759c0,monotonic_reads,network_partition,reader-1,read,mr-0b32a7fd-51a0-4d9c-ba8d-4bb0100759c0,,1627,QUORUM,QUORUM,cassandra-3,True,False,3.91,2026-09-16T06:28:40.626528+00:00,
0b32a7fd-51a0-4d9c-ba8d-4bb0100759c0,monotonic_reads,network_partition,reader-1,read,mr-0b32a7fd-51a0-4d9c-ba8d-4bb0100759c0,,1627,QUORUM,QUORUM,cassandra-1,True,False,5.156,2026-09-16T06:28:40.643129+00:00,
0b32a7fd-51a0-4d9c-ba8d-4bb0100759c0,monotonic_reads,network_partition,writer-1,write,mr-0b32a7fd-51a0-4d9c-ba8d-4bb0100759c0,1628,,,QUORUM,cassandra-1,True,False,2.734,2026-09-16T06:28:40.646366+00:00,
0b32a7fd-51a0-4d9c-ba8d-4bb0100759c0,monotonic_reads,network_partition,reader-1,read,mr-0b32a7fd-51a0-4d9c-ba8d-4bb0100759c0,,1628,QUORUM,QUORUM,cassandra-2,True,False,4.151,2026-09-16T06:28:40.659764+00:00,
0b32a7fd-51a0-4d9c-ba8d-4bb0100759c0,monotonic_reads,network_partition,writer-1,write,mr-0b32a7fd-51a0-4d9c-ba8d-4bb0100759c0,1629,,,QUORUM,cassandra-1,True,False,4.256,2026-09-16T06:28:40.675314+00:00,
0b32a7fd-51a0-4d9c-ba8d-4bb0100759c0,monotonic_reads,network_partition,reader-1,read,mr-0b32a7fd-51a0-4d9c-ba8d-4bb0100759c0,,1628,QUORUM,QUORUM,cassandra-3,True,False,5.296,2026-09-16T06:28:40.675914+00:00,
0b32a7fd-51a0-4d9c-ba8d-4bb0100759c0,monotonic_reads,network_partition,reader-1,read,mr-0b32a7fd-51a0-4d9c-ba8d-4bb0100759c0,,1629,QUORUM,QUORUM,cassandra-1,True,False,5.648,2026-09-16T06:28:40.693296+00:00,
0b32a7fd-51a0-4d9c-ba8d-4bb0100759c0,monotonic_reads,network_partition,writer-1,write,mr-0b32a7fd-51a0-4d9c-ba8d-4bb0100759c0,1630,,,QUORUM,cassandra-1,True,False,5.099,2026-09-16T06:28:40.705660+00:00,
0b32a7fd-51a0-4d9c-ba8d-4bb0100759c0,monotonic_reads,network_partition,reader-1,read,mr-0b32a7fd-51a0-4d9c-ba8d-4bb0100759c0,,1630,QUORUM,QUORUM,cassandra-2,True,False,5.078,2026-09-16T06:28:40.709098+00:00,
0b32a7fd-51a0-4d9c-ba8d-4bb0100759c0,monotonic_reads,network_partition,reader-1,read,mr-0b32a7fd-51a0-4d9c-ba8d-4bb0100759c0,,1630,QUORUM,QUORUM,cassandra-3,True,False,5.665,2026-09-16T06:28:40.726215+00:00,
0b32a7fd-51a0-4d9c-ba8d-4bb0100759c0,monotonic_reads,network_partition,writer-1,write,mr-0b32a7fd-51a0-4d9c-ba8d-4bb0100759c0,1631,,,QUORUM,cassandra-1,True,False,4.203,2026-09-16T06:28:40.732641+00:00,
0b32a7fd-51a0-4d9c-ba8d-4bb0100759c0,monotonic_reads,network_partition,reader-1,read,mr-0b32a7fd-51a0-4d9c-ba8d-4bb0100759c0,,1631,QUORUM,QUORUM,cassandra-1,True,False,5.735,2026-09-16T06:28:40.744512+00:00,
0b32a7fd-51a0-4d9c-ba8d-4bb0100759c0,monotonic_reads,network_partition,writer-1,write,mr-0b32a7fd-51a0-4d9c-ba8d-4bb0100759c0,1632,,,QUORUM,cassandra-1,True,False,4.499,2026-09-16T06:28:40.759518+00:00,
0b32a7fd-51a0-4d9c-ba8d-4bb0100759c0,monotonic_reads,network_partition,reader-1,read,mr-0b32a7fd-51a0-4d9c-ba8d-4bb0100759c0,,1632,QUORUM,QUORUM,cassandra-2,True,False,6.75,2026-09-16T06:28:40.762345+00:00,
0b32a7fd-51a0-4d9c-ba8d-4bb0100759c0,monotonic_reads,network_partition,reader-1,read,mr-0b32a7fd-51a0-4d9c-ba8d-4bb0100759c0,,1632,QUORUM,QUORUM,cassandra-3,True,False,6.015,2026-09-16T06:28:40.779652+00:00,
0b32a7fd-51a0-4d9c-ba8d-4bb0100759c0,monotonic_reads,network_partition,writer-1,write,mr-0b32a7fd-51a0-4d9c-ba8d-4bb0100759c0,1633,,,QUORUM,cassandra-1,True,False,5.06,2026-09-16T06:28:40.785671+00:00,
0b32a7fd-51a0-4d9c-ba8d-4bb0100759c0,monotonic_reads,network_partition,reader-1,read,mr-0b32a7fd-51a0-4d9c-ba8d-4bb0100759c0,,1633,QUORUM,QUORUM,cassandra-1,True,False,6.032,2026-09-16T06:28:40.796674+00:00,
0b32a7fd-51a0-4d9c-ba8d-4bb0100759c0,monotonic_reads,network_partition,writer-1,write,mr-0b32a7fd-51a0-4d9c-ba8d-4bb0100759c0,1634,,,QUORUM,cassandra-1,True,False,4.313,2026-09-16T06:28:40.811408+00:00,
0b32a7fd-51a0-4d9c-ba8d-4bb0100759c0,monotonic_reads,network_partition,reader-1,read,mr-0b32a7fd-51a0-4d9c-ba8d-4bb0100759c0,,1634,QUORUM,QUORUM,cassandra-2,True,False,5.523,2026-09-16T06:28:40.815042+00:00,
0b32a7fd-51a0-4d9c-ba8d-4bb0100759c0,monotonic_reads,network_partition,reader-1,read,mr-0b32a7fd-51a0-4d9c-ba8d-4bb0100759c0,,1634,QUORUM,QUORUM,cassandra-3,True,False,5.941,2026-09-16T06:28:40.833468+00:00,
0b32a7fd-51a0-4d9c-ba8d-4bb0100759c0,monotonic_reads,network_partition,writer-1,write,mr-0b32a7fd-51a0-4d9c-ba8d-4bb0100759c0,1635,,,QUORUM,cassandra-1,True,False,3.869,2026-09-16T06:28:40.838482+00:00,
0b32a7fd-51a0-4d9c-ba8d-4bb0100759c0,monotonic_reads,network_partition,reader-1,read,mr-0b32a7fd-51a0-4d9c-ba8d-4bb0100759c0,,1635,QUORUM,QUORUM,cassandra-1,True,False,4.192,2026-09-16T06:28:40.848795+00:00,
0b32a7fd-51a0-4d9c-ba8d-4bb0100759c0,monotonic_reads,network_partition,reader-1,read,mr-0b32a7fd-51a0-4d9c-ba8d-4bb0100759c0,,1635,QUORUM,QUORUM,cassandra-2,True,False,5.031,2026-09-16T06:28:40.864416+00:00,
0b32a7fd-51a0-4d9c-ba8d-4bb0100759c0,monotonic_reads,network_partition,writer-1,write,mr-0b32a7fd-51a0-4d9c-ba8d-4bb0100759c0,1636,,,QUORUM,cassandra-1,True,False,4.251,2026-09-16T06:28:40.866297+00:00,
0b32a7fd-51a0-4d9c-ba8d-4bb0100759c0,monotonic_reads,network_partition,reader-1,read,mr-0b32a7fd-51a0-4d9c-ba8d-4bb0100759c0,,1636,QUORUM,QUORUM,cassandra-3,True,False,5.957,2026-09-16T06:28:40.882583+00:00,
0b32a7fd-51a0-4d9c-ba8d-4bb0100759c0,monotonic_reads,network_partition,writer-1,write,mr-0b32a7fd-51a0-4d9c-ba8d-4bb0100759c0,1637,,,QUORUM,cassandra-1,True,False,5.06,2026-09-16T06:28:40.892684+00:00,
0b32a7fd-51a0-4d9c-ba8d-4bb0100759c0,monotonic_reads,network_partition,reader-1,read,mr-0b32a7fd-51a0-4d9c-ba8d-4bb0100759c0,,1637,QUORUM,QUORUM,cassandra-1,True,False,4.583,2026-09-16T06:28:40.899195+00:00,
0b32a7fd-51a0-4d9c-ba8d-4bb0100759c0,monotonic_reads,network_partition,reader-1,read,mr-0b32a7fd-51a0-4d9c-ba8d-4bb0100759c0,,1637,QUORUM,QUORUM,cassandra-2,True,False,5.483,2026-09-16T06:28:40.915930+00:00,
0b32a7fd-51a0-4d9c-ba8d-4bb0100759c0,monotonic_reads,network_partition,writer-1,write,mr-0b32a7fd-51a0-4d9c-ba8d-4bb0100759c0,1638,,,QUORUM,cassandra-1,True,False,4.422,2026-09-16T06:28:40.921299+00:00,
0b32a7fd-51a0-4d9c-ba8d-4bb0100759c0,monotonic_reads,network_partition,reader-1,read,mr-0b32a7fd-51a0-4d9c-ba8d-4bb0100759c0,,1638,QUORUM,QUORUM,cassandra-3,True,False,4.217,2026-09-16T06:28:40.932831+00:00,
0b32a7fd-51a0-4d9c-ba8d-4bb0100759c0,monotonic_reads,network_partition,writer-1,write,mr-0b32a7fd-51a0-4d9c-ba8d-4bb0100759c0,1639,,,QUORUM,cassandra-1,True,False,3.809,2026-09-16T06:28:40.948505+00:00,
0b32a7fd-51a0-4d9c-ba8d-4bb0100759c0,monotonic_reads,network_partition,reader-1,read,mr-0b32a7fd-51a0-4d9c-ba8d-4bb0100759c0,,1638,QUORUM,QUORUM,cassandra-1,True,False,5.217,2026-09-16T06:28:40.949082+00:00,
0b32a7fd-51a0-4d9c-ba8d-4bb0100759c0,monotonic_reads,network_partition,reader-1,read,mr-0b32a7fd-51a0-4d9c-ba8d-4bb0100759c0,,1639,QUORUM,QUORUM,cassandra-2,True,False,4.575,2026-09-16T06:28:40.963954+00:00,
0b32a7fd-51a0-4d9c-ba8d-4bb0100759c0,monotonic_reads,network_partition,writer-1,write,mr-0b32a7fd-51a0-4d9c-ba8d-4bb0100759c0,1640,,,QUORUM,cassandra-1,True,False,5.108,2026-09-16T06:28:40.978473+00:00,
0b32a7fd-51a0-4d9c-ba8d-4bb0100759c0,monotonic_reads,network_partition,reader-1,read,mr-0b32a7fd-51a0-4d9c-ba8d-4bb0100759c0,,1640,QUORUM,QUORUM,cassandra-3,True,False,5.074,2026-09-16T06:28:40.981112+00:00,
0b32a7fd-51a0-4d9c-ba8d-4bb0100759c0,monotonic_reads,network_partition,reader-1,read,mr-0b32a7fd-51a0-4d9c-ba8d-4bb0100759c0,,1640,QUORUM,QUORUM,cassandra-1,True,False,6.495,2026-09-16T06:28:40.999217+00:00,
0b32a7fd-51a0-4d9c-ba8d-4bb0100759c0,monotonic_reads,network_partition,writer-1,write,mr-0b32a7fd-51a0-4d9c-ba8d-4bb0100759c0,1641,,,QUORUM,cassandra-1,True,False,3.614,2026-09-16T06:28:41.004213+00:00,
0b32a7fd-51a0-4d9c-ba8d-4bb0100759c0,monotonic_reads,network_partition,reader-1,read,mr-0b32a7fd-51a0-4d9c-ba8d-4bb0100759c0,,1641,QUORUM,QUORUM,cassandra-2,True,False,5.711,2026-09-16T06:28:41.015333+00:00,
0b32a7fd-51a0-4d9c-ba8d-4bb0100759c0,monotonic_reads,network_partition,writer-1,write,mr-0b32a7fd-51a0-4d9c-ba8d-4bb0100759c0,1642,,,QUORUM,cassandra-1,True,False,5.091,2026-09-16T06:28:41.029723+00:00,
0b32a7fd-51a0-4d9c-ba8d-4bb0100759c0,monotonic_reads,network_partition,reader-1,read,mr-0b32a7fd-51a0-4d9c-ba8d-4bb0100759c0,,1641,QUORUM,QUORUM,cassandra-3,True,False,5.568,2026-09-16T06:28:41.031138+00:00,
0b32a7fd-51a0-4d9c-ba8d-4bb0100759c0,monotonic_reads,network_partition,reader-1,read,mr-0b32a7fd-51a0-4d9c-ba8d-4bb0100759c0,,1642,QUORUM,QUORUM,cassandra-1,True,False,5.684,2026-09-16T06:28:41.049319+00:00,
0b32a7fd-51a0-4d9c-ba8d-4bb0100759c0,monotonic_reads,network_partition,writer-1,write,mr-0b32a7fd-51a0-4d9c-ba8d-4bb0100759c0,1643,,,QUORUM,cassandra-1,True,False,4.126,2026-09-16T06:28:41.055763+00:00,
0b32a7fd-51a0-4d9c-ba8d-4bb0100759c0,monotonic_reads,network_partition,reader-1,read,mr-0b32a7fd-51a0-4d9c-ba8d-4bb0100759c0,,1643,QUORUM,QUORUM,cassandra-2,True,False,5.071,2026-09-16T06:28:41.066432+00:00,
0b32a7fd-51a0-4d9c-ba8d-4bb0100759c0,monotonic_reads,network_partition,writer-1,write,mr-0b32a7fd-51a0-4d9c-ba8d-4bb0100759c0,1644,,,QUORUM,cassandra-1,True,False,4.219,2026-09-16T06:28:41.082757+00:00,
0b32a7fd-51a0-4d9c-ba8d-4bb0100759c0,monotonic_reads,network_partition,reader-1,read,mr-0b32a7fd-51a0-4d9c-ba8d-4bb0100759c0,,1643,QUORUM,QUORUM,cassandra-3,True,False,5.753,2026-09-16T06:28:41.083723+00:00,
0b32a7fd-51a0-4d9c-ba8d-4bb0100759c0,monotonic_reads,network_partition,reader-1,read,mr-0b32a7fd-51a0-4d9c-ba8d-4bb0100759c0,,1644,QUORUM,QUORUM,cassandra-1,True,False,7.113,2026-09-16T06:28:41.101749+00:00,
0b32a7fd-51a0-4d9c-ba8d-4bb0100759c0,monotonic_reads,network_partition,writer-1,write,mr-0b32a7fd-51a0-4d9c-ba8d-4bb0100759c0,1645,,,QUORUM,cassandra-1,True,False,5.148,2026-09-16T06:28:41.111800+00:00,
0b32a7fd-51a0-4d9c-ba8d-4bb0100759c0,monotonic_reads,network_partition,reader-1,read,mr-0b32a7fd-51a0-4d9c-ba8d-4bb0100759c0,,1645,QUORUM,QUORUM,cassandra-2,True,False,5.982,2026-09-16T06:28:41.120460+00:00,
0b32a7fd-51a0-4d9c-ba8d-4bb0100759c0,monotonic_reads,network_partition,writer-1,write,mr-0b32a7fd-51a0-4d9c-ba8d-4bb0100759c0,1646,,,QUORUM,cassandra-1,True,False,3.642,2026-09-16T06:28:41.138637+00:00,
0b32a7fd-51a0-4d9c-ba8d-4bb0100759c0,monotonic_reads,network_partition,reader-1,read,mr-0b32a7fd-51a0-4d9c-ba8d-4bb0100759c0,,1645,QUORUM,QUORUM,cassandra-3,True,False,6.294,2026-09-16T06:28:41.139440+00:00,
0b32a7fd-51a0-4d9c-ba8d-4bb0100759c0,monotonic_reads,network_partition,reader-1,read,mr-0b32a7fd-51a0-4d9c-ba8d-4bb0100759c0,,1646,QUORUM,QUORUM,cassandra-1,True,False,6.883,2026-09-16T06:28:41.157483+00:00,
0b32a7fd-51a0-4d9c-ba8d-4bb0100759c0,monotonic_reads,network_partition,writer-1,write,mr-0b32a7fd-51a0-4d9c-ba8d-4bb0100759c0,1647,,,QUORUM,cassandra-1,True,False,5.662,2026-09-16T06:28:41.166856+00:00,
0b32a7fd-51a0-4d9c-ba8d-4bb0100759c0,monotonic_reads,network_partition,reader-1,read,mr-0b32a7fd-51a0-4d9c-ba8d-4bb0100759c0,,1647,QUORUM,QUORUM,cassandra-2,True,False,4.822,2026-09-16T06:28:41.174359+00:00,
0b32a7fd-51a0-4d9c-ba8d-4bb0100759c0,monotonic_reads,network_partition,reader-1,read,mr-0b32a7fd-51a0-4d9c-ba8d-4bb0100759c0,,1647,QUORUM,QUORUM,cassandra-3,True,False,6.162,2026-09-16T06:28:41.190815+00:00,
0b32a7fd-51a0-4d9c-ba8d-4bb0100759c0,monotonic_reads,network_partition,writer-1,write,mr-0b32a7fd-51a0-4d9c-ba8d-4bb0100759c0,1648,,,QUORUM,cassandra-1,True,False,5.719,2026-09-16T06:28:41.194888+00:00,
0b32a7fd-51a0-4d9c-ba8d-4bb0100759c0,monotonic_reads,network_partition,reader-1,read,mr-0b32a7fd-51a0-4d9c-ba8d-4bb0100759c0,,1648,QUORUM,QUORUM,cassandra-1,True,False,5.451,2026-09-16T06:28:41.208483+00:00,
0b32a7fd-51a0-4d9c-ba8d-4bb0100759c0,monotonic_reads,network_partition,writer-1,write,mr-0b32a7fd-51a0-4d9c-ba8d-4bb0100759c0,1649,,,QUORUM,cassandra-1,True,False,5.317,2026-09-16T06:28:41.220941+00:00,
0b32a7fd-51a0-4d9c-ba8d-4bb0100759c0,monotonic_reads,network_partition,reader-1,read,mr-0b32a7fd-51a0-4d9c-ba8d-4bb0100759c0,,1649,QUORUM,QUORUM,cassandra-2,True,False,5.021,2026-09-16T06:28:41.226095+00:00,
0b32a7fd-51a0-4d9c-ba8d-4bb0100759c0,monotonic_reads,network_partition,reader-1,read,mr-0b32a7fd-51a0-4d9c-ba8d-4bb0100759c0,,1649,QUORUM,QUORUM,cassandra-3,True,False,6.698,2026-09-16T06:28:41.245462+00:00,
0b32a7fd-51a0-4d9c-ba8d-4bb0100759c0,monotonic_reads,network_partition,writer-1,write,mr-0b32a7fd-51a0-4d9c-ba8d-4bb0100759c0,1650,,,QUORUM,cassandra-1,True,False,4.234,2026-09-16T06:28:41.245809+00:00,
0b32a7fd-51a0-4d9c-ba8d-4bb0100759c0,monotonic_reads,network_partition,reader-1,read,mr-0b32a7fd-51a0-4d9c-ba8d-4bb0100759c0,,1650,QUORUM,QUORUM,cassandra-1,True,False,5.422,2026-09-16T06:28:41.262043+00:00,
0b32a7fd-51a0-4d9c-ba8d-4bb0100759c0,monotonic_reads,network_partition,writer-1,write,mr-0b32a7fd-51a0-4d9c-ba8d-4bb0100759c0,1651,,,QUORUM,cassandra-1,True,False,5.057,2026-09-16T06:28:41.273706+00:00,
0b32a7fd-51a0-4d9c-ba8d-4bb0100759c0,monotonic_reads,network_partition,reader-1,read,mr-0b32a7fd-51a0-4d9c-ba8d-4bb0100759c0,,1651,QUORUM,QUORUM,cassandra-2,True,False,5.934,2026-09-16T06:28:41.279762+00:00,
0b32a7fd-51a0-4d9c-ba8d-4bb0100759c0,monotonic_reads,network_partition,reader-1,read,mr-0b32a7fd-51a0-4d9c-ba8d-4bb0100759c0,,1651,QUORUM,QUORUM,cassandra-3,True,False,6.098,2026-09-16T06:28:41.298607+00:00,
0b32a7fd-51a0-4d9c-ba8d-4bb0100759c0,monotonic_reads,network_partition,writer-1,write,mr-0b32a7fd-51a0-4d9c-ba8d-4bb0100759c0,1652,,,QUORUM,cassandra-1,True,False,6.371,2026-09-16T06:28:41.305107+00:00,
0b32a7fd-51a0-4d9c-ba8d-4bb0100759c0,monotonic_reads,network_partition,reader-1,read,mr-0b32a7fd-51a0-4d9c-ba8d-4bb0100759c0,,1652,QUORUM,QUORUM,cassandra-1,True,False,5.889,2026-09-16T06:28:41.315533+00:00,
0b32a7fd-51a0-4d9c-ba8d-4bb0100759c0,monotonic_reads,network_partition,writer-1,write,mr-0b32a7fd-51a0-4d9c-ba8d-4bb0100759c0,1653,,,QUORUM,cassandra-1,True,False,5.147,2026-09-16T06:28:41.330775+00:00,
0b32a7fd-51a0-4d9c-ba8d-4bb0100759c0,monotonic_reads,network_partition,reader-1,read,mr-0b32a7fd-51a0-4d9c-ba8d-4bb0100759c0,,1653,QUORUM,QUORUM,cassandra-2,True,False,8.277,2026-09-16T06:28:41.335014+00:00,
0b32a7fd-51a0-4d9c-ba8d-4bb0100759c0,monotonic_reads,network_partition,reader-1,read,mr-0b32a7fd-51a0-4d9c-ba8d-4bb0100759c0,,1653,QUORUM,QUORUM,cassandra-3,True,False,5.694,2026-09-16T06:28:41.351337+00:00,
0b32a7fd-51a0-4d9c-ba8d-4bb0100759c0,monotonic_reads,network_partition,writer-1,write,mr-0b32a7fd-51a0-4d9c-ba8d-4bb0100759c0,1654,,,QUORUM,cassandra-1,True,False,4.498,2026-09-16T06:28:41.356035+00:00,
0b32a7fd-51a0-4d9c-ba8d-4bb0100759c0,monotonic_reads,network_partition,reader-1,read,mr-0b32a7fd-51a0-4d9c-ba8d-4bb0100759c0,,1654,QUORUM,QUORUM,cassandra-1,True,False,5.928,2026-09-16T06:28:41.367541+00:00,
0b32a7fd-51a0-4d9c-ba8d-4bb0100759c0,monotonic_reads,network_partition,writer-1,write,mr-0b32a7fd-51a0-4d9c-ba8d-4bb0100759c0,1655,,,QUORUM,cassandra-1,True,False,5.341,2026-09-16T06:28:41.385001+00:00,
0b32a7fd-51a0-4d9c-ba8d-4bb0100759c0,monotonic_reads,network_partition,reader-1,read,mr-0b32a7fd-51a0-4d9c-ba8d-4bb0100759c0,,1654,QUORUM,QUORUM,cassandra-2,True,False,7.074,2026-09-16T06:28:41.386089+00:00,
0b32a7fd-51a0-4d9c-ba8d-4bb0100759c0,monotonic_reads,network_partition,reader-1,read,mr-0b32a7fd-51a0-4d9c-ba8d-4bb0100759c0,,1655,QUORUM,QUORUM,cassandra-3,True,False,7.076,2026-09-16T06:28:41.404752+00:00,
0b32a7fd-51a0-4d9c-ba8d-4bb0100759c0,monotonic_reads,network_partition,writer-1,write,mr-0b32a7fd-51a0-4d9c-ba8d-4bb0100759c0,1656,,,QUORUM,cassandra-1,True,False,4.602,2026-09-16T06:28:41.415713+00:00,
0b32a7fd-51a0-4d9c-ba8d-4bb0100759c0,monotonic_reads,network_partition,reader-1,read,mr-0b32a7fd-51a0-4d9c-ba8d-4bb0100759c0,,1656,QUORUM,QUORUM,cassandra-1,True,False,6.613,2026-09-16T06:28:41.423595+00:00,
0b32a7fd-51a0-4d9c-ba8d-4bb0100759c0,monotonic_reads,network_partition,reader-1,read,mr-0b32a7fd-51a0-4d9c-ba8d-4bb0100759c0,,1656,QUORUM,QUORUM,cassandra-2,True,False,7.1,2026-09-16T06:28:41.441249+00:00,
0b32a7fd-51a0-4d9c-ba8d-4bb0100759c0,monotonic_reads,network_partition,writer-1,write,mr-0b32a7fd-51a0-4d9c-ba8d-4bb0100759c0,1657,,,QUORUM,cassandra-1,True,False,4.781,2026-09-16T06:28:41.441605+00:00,
0b32a7fd-51a0-4d9c-ba8d-4bb0100759c0,monotonic_reads,network_partition,reader-1,read,mr-0b32a7fd-51a0-4d9c-ba8d-4bb0100759c0,,1657,QUORUM,QUORUM,cassandra-3,True,False,6.077,2026-09-16T06:28:41.460222+00:00,
0b32a7fd-51a0-4d9c-ba8d-4bb0100759c0,monotonic_reads,network_partition,writer-1,write,mr-0b32a7fd-51a0-4d9c-ba8d-4bb0100759c0,1658,,,QUORUM,cassandra-1,True,False,5.053,2026-09-16T06:28:41.469682+00:00,
0b32a7fd-51a0-4d9c-ba8d-4bb0100759c0,monotonic_reads,network_partition,reader-1,read,mr-0b32a7fd-51a0-4d9c-ba8d-4bb0100759c0,,1658,QUORUM,QUORUM,cassandra-1,True,False,4.391,2026-09-16T06:28:41.476967+00:00,
0b32a7fd-51a0-4d9c-ba8d-4bb0100759c0,monotonic_reads,network_partition,reader-1,read,mr-0b32a7fd-51a0-4d9c-ba8d-4bb0100759c0,,1658,QUORUM,QUORUM,cassandra-2,True,False,9.759,2026-09-16T06:28:41.499407+00:00,
0b32a7fd-51a0-4d9c-ba8d-4bb0100759c0,monotonic_reads,network_partition,writer-1,write,mr-0b32a7fd-51a0-4d9c-ba8d-4bb0100759c0,1659,,,QUORUM,cassandra-1,True,False,6.184,2026-09-16T06:28:41.499707+00:00,
0b32a7fd-51a0-4d9c-ba8d-4bb0100759c0,monotonic_reads,network_partition,reader-1,read,mr-0b32a7fd-51a0-4d9c-ba8d-4bb0100759c0,,1659,QUORUM,QUORUM,cassandra-3,True,False,4.448,2026-09-16T06:28:41.515047+00:00,
0b32a7fd-51a0-4d9c-ba8d-4bb0100759c0,monotonic_reads,network_partition,writer-1,write,mr-0b32a7fd-51a0-4d9c-ba8d-4bb0100759c0,1660,,,QUORUM,cassandra-1,True,False,7.456,2026-09-16T06:28:41.531404+00:00,
0b32a7fd-51a0-4d9c-ba8d-4bb0100759c0,monotonic_reads,network_partition,reader-1,read,mr-0b32a7fd-51a0-4d9c-ba8d-4bb0100759c0,,1659,QUORUM,QUORUM,cassandra-1,True,False,6.381,2026-09-16T06:28:41.532171+00:00,
0b32a7fd-51a0-4d9c-ba8d-4bb0100759c0,monotonic_reads,network_partition,reader-1,read,mr-0b32a7fd-51a0-4d9c-ba8d-4bb0100759c0,,1660,QUORUM,QUORUM,cassandra-2,True,False,4.582,2026-09-16T06:28:41.548077+00:00,
0b32a7fd-51a0-4d9c-ba8d-4bb0100759c0,monotonic_reads,network_partition,writer-1,write,mr-0b32a7fd-51a0-4d9c-ba8d-4bb0100759c0,1661,,,QUORUM,cassandra-1,True,False,5.039,2026-09-16T06:28:41.557668+00:00,
0b32a7fd-51a0-4d9c-ba8d-4bb0100759c0,monotonic_reads,network_partition,reader-1,read,mr-0b32a7fd-51a0-4d9c-ba8d-4bb0100759c0,,1661,QUORUM,QUORUM,cassandra-3,True,False,5.002,2026-09-16T06:28:41.565112+00:00,
0b32a7fd-51a0-4d9c-ba8d-4bb0100759c0,monotonic_reads,network_partition,reader-1,read,mr-0b32a7fd-51a0-4d9c-ba8d-4bb0100759c0,,1661,QUORUM,QUORUM,cassandra-1,True,False,4.189,2026-09-16T06:28:41.581757+00:00,
0b32a7fd-51a0-4d9c-ba8d-4bb0100759c0,monotonic_reads,network_partition,writer-1,write,mr-0b32a7fd-51a0-4d9c-ba8d-4bb0100759c0,1662,,,QUORUM,cassandra-1,True,False,3.11,2026-09-16T06:28:41.583074+00:00,
0b32a7fd-51a0-4d9c-ba8d-4bb0100759c0,monotonic_reads,network_partition,reader-1,read,mr-0b32a7fd-51a0-4d9c-ba8d-4bb0100759c0,,1662,QUORUM,QUORUM,cassandra-2,True,False,4.425,2026-09-16T06:28:41.597034+00:00,
0b32a7fd-51a0-4d9c-ba8d-4bb0100759c0,monotonic_reads,network_partition,writer-1,write,mr-0b32a7fd-51a0-4d9c-ba8d-4bb0100759c0,1663,,,QUORUM,cassandra-1,True,False,13.295,2026-09-16T06:28:41.616811+00:00,
0b32a7fd-51a0-4d9c-ba8d-4bb0100759c0,monotonic_reads,network_partition,reader-1,read,mr-0b32a7fd-51a0-4d9c-ba8d-4bb0100759c0,,1663,QUORUM,QUORUM,cassandra-3,True,False,10.406,2026-09-16T06:28:41.619848+00:00,
0b32a7fd-51a0-4d9c-ba8d-4bb0100759c0,monotonic_reads,network_partition,reader-1,read,mr-0b32a7fd-51a0-4d9c-ba8d-4bb0100759c0,,1663,QUORUM,QUORUM,cassandra-1,True,False,6.077,2026-09-16T06:28:41.638185+00:00,
0b32a7fd-51a0-4d9c-ba8d-4bb0100759c0,monotonic_reads,network_partition,writer-1,write,mr-0b32a7fd-51a0-4d9c-ba8d-4bb0100759c0,1664,,,QUORUM,cassandra-1,True,False,4.12,2026-09-16T06:28:41.642410+00:00,
0b32a7fd-51a0-4d9c-ba8d-4bb0100759c0,monotonic_reads,network_partition,reader-1,read,mr-0b32a7fd-51a0-4d9c-ba8d-4bb0100759c0,,1664,QUORUM,QUORUM,cassandra-2,True,False,17.381,2026-09-16T06:28:41.666999+00:00,
0b32a7fd-51a0-4d9c-ba8d-4bb0100759c0,monotonic_reads,network_partition,writer-1,write,mr-0b32a7fd-51a0-4d9c-ba8d-4bb0100759c0,1665,,,QUORUM,cassandra-1,True,False,4.558,2026-09-16T06:28:41.669208+00:00,
0b32a7fd-51a0-4d9c-ba8d-4bb0100759c0,monotonic_reads,network_partition,reader-1,read,mr-0b32a7fd-51a0-4d9c-ba8d-4bb0100759c0,,1665,QUORUM,QUORUM,cassandra-3,True,False,4.658,2026-09-16T06:28:41.682624+00:00,
0b32a7fd-51a0-4d9c-ba8d-4bb0100759c0,monotonic_reads,network_partition,writer-1,write,mr-0b32a7fd-51a0-4d9c-ba8d-4bb0100759c0,1666,,,QUORUM,cassandra-1,True,False,2.504,2026-09-16T06:28:41.696940+00:00,
0b32a7fd-51a0-4d9c-ba8d-4bb0100759c0,monotonic_reads,network_partition,reader-1,read,mr-0b32a7fd-51a0-4d9c-ba8d-4bb0100759c0,,1665,QUORUM,QUORUM,cassandra-1,True,False,3.348,2026-09-16T06:28:41.697249+00:00,
0b32a7fd-51a0-4d9c-ba8d-4bb0100759c0,monotonic_reads,network_partition,reader-1,read,mr-0b32a7fd-51a0-4d9c-ba8d-4bb0100759c0,,1666,QUORUM,QUORUM,cassandra-2,True,False,5.79,2026-09-16T06:28:41.714427+00:00,
0b32a7fd-51a0-4d9c-ba8d-4bb0100759c0,monotonic_reads,network_partition,writer-1,write,mr-0b32a7fd-51a0-4d9c-ba8d-4bb0100759c0,1667,,,QUORUM,cassandra-1,True,False,5.163,2026-09-16T06:28:41.725796+00:00,
0b32a7fd-51a0-4d9c-ba8d-4bb0100759c0,monotonic_reads,network_partition,reader-1,read,mr-0b32a7fd-51a0-4d9c-ba8d-4bb0100759c0,,1667,QUORUM,QUORUM,cassandra-3,True,False,4.596,2026-09-16T06:28:41.731206+00:00,
0b32a7fd-51a0-4d9c-ba8d-4bb0100759c0,monotonic_reads,network_partition,reader-1,read,mr-0b32a7fd-51a0-4d9c-ba8d-4bb0100759c0,,1667,QUORUM,QUORUM,cassandra-1,True,False,4.825,2026-09-16T06:28:41.747533+00:00,
0b32a7fd-51a0-4d9c-ba8d-4bb0100759c0,monotonic_reads,network_partition,writer-1,write,mr-0b32a7fd-51a0-4d9c-ba8d-4bb0100759c0,1668,,,QUORUM,cassandra-1,True,False,5.011,2026-09-16T06:28:41.751319+00:00,
0b32a7fd-51a0-4d9c-ba8d-4bb0100759c0,monotonic_reads,network_partition,reader-1,read,mr-0b32a7fd-51a0-4d9c-ba8d-4bb0100759c0,,1668,QUORUM,QUORUM,cassandra-2,True,False,4.723,2026-09-16T06:28:41.764096+00:00,
0b32a7fd-51a0-4d9c-ba8d-4bb0100759c0,monotonic_reads,network_partition,writer-1,write,mr-0b32a7fd-51a0-4d9c-ba8d-4bb0100759c0,1669,,,QUORUM,cassandra-1,True,False,4.839,2026-09-16T06:28:41.777785+00:00,
0b32a7fd-51a0-4d9c-ba8d-4bb0100759c0,monotonic_reads,network_partition,reader-1,read,mr-0b32a7fd-51a0-4d9c-ba8d-4bb0100759c0,,1669,QUORUM,QUORUM,cassandra-3,True,False,5.558,2026-09-16T06:28:41.782052+00:00,
0b32a7fd-51a0-4d9c-ba8d-4bb0100759c0,monotonic_reads,network_partition,reader-1,read,mr-0b32a7fd-51a0-4d9c-ba8d-4bb0100759c0,,1669,QUORUM,QUORUM,cassandra-1,True,False,4.501,2026-09-16T06:28:41.797115+00:00,
0b32a7fd-51a0-4d9c-ba8d-4bb0100759c0,monotonic_reads,network_partition,writer-1,write,mr-0b32a7fd-51a0-4d9c-ba8d-4bb0100759c0,1670,,,QUORUM,cassandra-1,True,False,5.093,2026-09-16T06:28:41.807709+00:00,
0b32a7fd-51a0-4d9c-ba8d-4bb0100759c0,monotonic_reads,network_partition,reader-1,read,mr-0b32a7fd-51a0-4d9c-ba8d-4bb0100759c0,,1670,QUORUM,QUORUM,cassandra-2,True,False,5.173,2026-09-16T06:28:41.812995+00:00,
0b32a7fd-51a0-4d9c-ba8d-4bb0100759c0,monotonic_reads,network_partition,reader-1,read,mr-0b32a7fd-51a0-4d9c-ba8d-4bb0100759c0,,1670,QUORUM,QUORUM,cassandra-3,True,False,6.46,2026-09-16T06:28:41.831951+00:00,
0b32a7fd-51a0-4d9c-ba8d-4bb0100759c0,monotonic_reads,network_partition,writer-1,write,mr-0b32a7fd-51a0-4d9c-ba8d-4bb0100759c0,1671,,,QUORUM,cassandra-1,True,False,2.76,2026-09-16T06:28:41.835057+00:00,
0b32a7fd-51a0-4d9c-ba8d-4bb0100759c0,monotonic_reads,network_partition,reader-1,read,mr-0b32a7fd-51a0-4d9c-ba8d-4bb0100759c0,,1671,QUORUM,QUORUM,cassandra-1,True,False,4.194,2026-09-16T06:28:41.846682+00:00,
0b32a7fd-51a0-4d9c-ba8d-4bb0100759c0,monotonic_reads,network_partition,writer-1,write,mr-0b32a7fd-51a0-4d9c-ba8d-4bb0100759c0,1672,,,QUORUM,cassandra-1,True,False,5.428,2026-09-16T06:28:41.861938+00:00,
0b32a7fd-51a0-4d9c-ba8d-4bb0100759c0,monotonic_reads,network_partition,reader-1,read,mr-0b32a7fd-51a0-4d9c-ba8d-4bb0100759c0,,1672,QUORUM,QUORUM,cassandra-2,True,False,7.631,2026-09-16T06:28:41.865224+00:00,
0b32a7fd-51a0-4d9c-ba8d-4bb0100759c0,monotonic_reads,network_partition,reader-1,read,mr-0b32a7fd-51a0-4d9c-ba8d-4bb0100759c0,,1672,QUORUM,QUORUM,cassandra-3,True,False,4.832,2026-09-16T06:28:41.881449+00:00,
0b32a7fd-51a0-4d9c-ba8d-4bb0100759c0,monotonic_reads,network_partition,writer-1,write,mr-0b32a7fd-51a0-4d9c-ba8d-4bb0100759c0,1673,,,QUORUM,cassandra-1,True,False,4.94,2026-09-16T06:28:41.889830+00:00,
0b32a7fd-51a0-4d9c-ba8d-4bb0100759c0,monotonic_reads,network_partition,reader-1,read,mr-0b32a7fd-51a0-4d9c-ba8d-4bb0100759c0,,1673,QUORUM,QUORUM,cassandra-1,True,False,5.618,2026-09-16T06:28:41.898214+00:00,
0b32a7fd-51a0-4d9c-ba8d-4bb0100759c0,monotonic_reads,network_partition,reader-1,read,mr-0b32a7fd-51a0-4d9c-ba8d-4bb0100759c0,,1673,QUORUM,QUORUM,cassandra-2,True,False,4.753,2026-09-16T06:28:41.914137+00:00,
0b32a7fd-51a0-4d9c-ba8d-4bb0100759c0,monotonic_reads,network_partition,writer-1,write,mr-0b32a7fd-51a0-4d9c-ba8d-4bb0100759c0,1674,,,QUORUM,cassandra-1,True,False,4.346,2026-09-16T06:28:41.915560+00:00,
0b32a7fd-51a0-4d9c-ba8d-4bb0100759c0,monotonic_reads,network_partition,reader-1,read,mr-0b32a7fd-51a0-4d9c-ba8d-4bb0100759c0,,1674,QUORUM,QUORUM,cassandra-3,True,False,4.477,2026-09-16T06:28:41.930100+00:00,
0b32a7fd-51a0-4d9c-ba8d-4bb0100759c0,monotonic_reads,network_partition,writer-1,write,mr-0b32a7fd-51a0-4d9c-ba8d-4bb0100759c0,1675,,,QUORUM,cassandra-1,True,False,5.178,2026-09-16T06:28:41.943639+00:00,
0b32a7fd-51a0-4d9c-ba8d-4bb0100759c0,monotonic_reads,network_partition,reader-1,read,mr-0b32a7fd-51a0-4d9c-ba8d-4bb0100759c0,,1675,QUORUM,QUORUM,cassandra-1,True,False,4.965,2026-09-16T06:28:41.947379+00:00,
0b32a7fd-51a0-4d9c-ba8d-4bb0100759c0,monotonic_reads,network_partition,reader-1,read,mr-0b32a7fd-51a0-4d9c-ba8d-4bb0100759c0,,1675,QUORUM,QUORUM,cassandra-2,True,False,5.202,2026-09-16T06:28:41.965310+00:00,
0b32a7fd-51a0-4d9c-ba8d-4bb0100759c0,monotonic_reads,network_partition,writer-1,write,mr-0b32a7fd-51a0-4d9c-ba8d-4bb0100759c0,1676,,,QUORUM,cassandra-1,True,False,3.994,2026-09-16T06:28:41.970605+00:00,
0b32a7fd-51a0-4d9c-ba8d-4bb0100759c0,monotonic_reads,network_partition,reader-1,read,mr-0b32a7fd-51a0-4d9c-ba8d-4bb0100759c0,,1676,QUORUM,QUORUM,cassandra-3,True,False,4.507,2026-09-16T06:28:41.981118+00:00,
0b32a7fd-51a0-4d9c-ba8d-4bb0100759c0,monotonic_reads,network_partition,writer-1,write,mr-0b32a7fd-51a0-4d9c-ba8d-4bb0100759c0,1677,,,QUORUM,cassandra-1,True,False,4.533,2026-09-16T06:28:41.998654+00:00,
0b32a7fd-51a0-4d9c-ba8d-4bb0100759c0,monotonic_reads,network_partition,reader-1,read,mr-0b32a7fd-51a0-4d9c-ba8d-4bb0100759c0,,1676,QUORUM,QUORUM,cassandra-1,True,False,6.607,2026-09-16T06:28:41.999331+00:00,
0b32a7fd-51a0-4d9c-ba8d-4bb0100759c0,monotonic_reads,network_partition,reader-1,read,mr-0b32a7fd-51a0-4d9c-ba8d-4bb0100759c0,,1677,QUORUM,QUORUM,cassandra-2,True,False,5.661,2026-09-16T06:28:42.015285+00:00,
0b32a7fd-51a0-4d9c-ba8d-4bb0100759c0,monotonic_reads,network_partition,writer-1,write,mr-0b32a7fd-51a0-4d9c-ba8d-4bb0100759c0,1678,,,QUORUM,cassandra-1,True,False,3.14,2026-09-16T06:28:42.023770+00:00,
0b32a7fd-51a0-4d9c-ba8d-4bb0100759c0,monotonic_reads,network_partition,reader-1,read,mr-0b32a7fd-51a0-4d9c-ba8d-4bb0100759c0,,1678,QUORUM,QUORUM,cassandra-3,True,False,6.083,2026-09-16T06:28:42.033562+00:00,
0b32a7fd-51a0-4d9c-ba8d-4bb0100759c0,monotonic_reads,network_partition,writer-1,write,mr-0b32a7fd-51a0-4d9c-ba8d-4bb0100759c0,1679,,,QUORUM,cassandra-1,True,False,4.687,2026-09-16T06:28:42.049821+00:00,
0b32a7fd-51a0-4d9c-ba8d-4bb0100759c0,monotonic_reads,network_partition,reader-1,read,mr-0b32a7fd-51a0-4d9c-ba8d-4bb0100759c0,,1678,QUORUM,QUORUM,cassandra-1,True,False,5.952,2026-09-16T06:28:42.050565+00:00,
0b32a7fd-51a0-4d9c-ba8d-4bb0100759c0,monotonic_reads,network_partition,reader-1,read,mr-0b32a7fd-51a0-4d9c-ba8d-4bb0100759c0,,1679,QUORUM,QUORUM,cassandra-2,True,False,5.695,2026-09-16T06:28:42.068332+00:00,
0b32a7fd-51a0-4d9c-ba8d-4bb0100759c0,monotonic_reads,network_partition,writer-1,write,mr-0b32a7fd-51a0-4d9c-ba8d-4bb0100759c0,1680,,,QUORUM,cassandra-1,True,False,5.295,2026-09-16T06:28:42.080773+00:00,
0b32a7fd-51a0-4d9c-ba8d-4bb0100759c0,monotonic_reads,network_partition,reader-1,read,mr-0b32a7fd-51a0-4d9c-ba8d-4bb0100759c0,,1680,QUORUM,QUORUM,cassandra-3,True,False,4.817,2026-09-16T06:28:42.084196+00:00,
0b32a7fd-51a0-4d9c-ba8d-4bb0100759c0,monotonic_reads,network_partition,reader-1,read,mr-0b32a7fd-51a0-4d9c-ba8d-4bb0100759c0,,1680,QUORUM,QUORUM,cassandra-1,True,False,7.525,2026-09-16T06:28:42.103087+00:00,
0b32a7fd-51a0-4d9c-ba8d-4bb0100759c0,monotonic_reads,network_partition,writer-1,write,mr-0b32a7fd-51a0-4d9c-ba8d-4bb0100759c0,1681,,,QUORUM,cassandra-1,True,False,4.972,2026-09-16T06:28:42.106044+00:00,
0b32a7fd-51a0-4d9c-ba8d-4bb0100759c0,monotonic_reads,network_partition,reader-1,read,mr-0b32a7fd-51a0-4d9c-ba8d-4bb0100759c0,,1681,QUORUM,QUORUM,cassandra-2,True,False,6.378,2026-09-16T06:28:42.121554+00:00,
0b32a7fd-51a0-4d9c-ba8d-4bb0100759c0,monotonic_reads,network_partition,writer-1,write,mr-0b32a7fd-51a0-4d9c-ba8d-4bb0100759c0,1682,,,QUORUM,cassandra-1,True,False,4.136,2026-09-16T06:28:42.134756+00:00,
0b32a7fd-51a0-4d9c-ba8d-4bb0100759c0,monotonic_reads,network_partition,reader-1,read,mr-0b32a7fd-51a0-4d9c-ba8d-4bb0100759c0,,1682,QUORUM,QUORUM,cassandra-3,True,False,5.144,2026-09-16T06:28:42.138945+00:00,
0b32a7fd-51a0-4d9c-ba8d-4bb0100759c0,monotonic_reads,network_partition,reader-1,read,mr-0b32a7fd-51a0-4d9c-ba8d-4bb0100759c0,,1682,QUORUM,QUORUM,cassandra-1,True,False,5.204,2026-09-16T06:28:42.155816+00:00,
0b32a7fd-51a0-4d9c-ba8d-4bb0100759c0,monotonic_reads,network_partition,writer-1,write,mr-0b32a7fd-51a0-4d9c-ba8d-4bb0100759c0,1683,,,QUORUM,cassandra-1,True,False,4.098,2026-09-16T06:28:42.160741+00:00,
0b32a7fd-51a0-4d9c-ba8d-4bb0100759c0,monotonic_reads,network_partition,reader-1,read,mr-0b32a7fd-51a0-4d9c-ba8d-4bb0100759c0,,1683,QUORUM,QUORUM,cassandra-2,True,False,5.725,2026-09-16T06:28:42.173348+00:00,
0b32a7fd-51a0-4d9c-ba8d-4bb0100759c0,monotonic_reads,network_partition,writer-1,write,mr-0b32a7fd-51a0-4d9c-ba8d-4bb0100759c0,1684,,,QUORUM,cassandra-1,True,False,5.18,2026-09-16T06:28:42.190677+00:00,
0b32a7fd-51a0-4d9c-ba8d-4bb0100759c0,monotonic_reads,network_partition,reader-1,read,mr-0b32a7fd-51a0-4d9c-ba8d-4bb0100759c0,,1683,QUORUM,QUORUM,cassandra-3,True,False,5.232,2026-09-16T06:28:42.191599+00:00,
0b32a7fd-51a0-4d9c-ba8d-4bb0100759c0,monotonic_reads,network_partition,reader-1,read,mr-0b32a7fd-51a0-4d9c-ba8d-4bb0100759c0,,1684,QUORUM,QUORUM,cassandra-1,True,False,4.601,2026-09-16T06:28:42.207225+00:00,
0b32a7fd-51a0-4d9c-ba8d-4bb0100759c0,monotonic_reads,network_partition,writer-1,write,mr-0b32a7fd-51a0-4d9c-ba8d-4bb0100759c0,1685,,,QUORUM,cassandra-1,True,False,4.506,2026-09-16T06:28:42.218140+00:00,
0b32a7fd-51a0-4d9c-ba8d-4bb0100759c0,monotonic_reads,network_partition,reader-1,read,mr-0b32a7fd-51a0-4d9c-ba8d-4bb0100759c0,,1685,QUORUM,QUORUM,cassandra-2,True,False,4.987,2026-09-16T06:28:42.223265+00:00,
0b32a7fd-51a0-4d9c-ba8d-4bb0100759c0,monotonic_reads,network_partition,reader-1,read,mr-0b32a7fd-51a0-4d9c-ba8d-4bb0100759c0,,1685,QUORUM,QUORUM,cassandra-3,True,False,5.728,2026-09-16T06:28:42.239362+00:00,
0b32a7fd-51a0-4d9c-ba8d-4bb0100759c0,monotonic_reads,network_partition,writer-1,write,mr-0b32a7fd-51a0-4d9c-ba8d-4bb0100759c0,1686,,,QUORUM,cassandra-1,True,False,3.822,2026-09-16T06:28:42.244450+00:00,
0b32a7fd-51a0-4d9c-ba8d-4bb0100759c0,monotonic_reads,network_partition,reader-1,read,mr-0b32a7fd-51a0-4d9c-ba8d-4bb0100759c0,,1686,QUORUM,QUORUM,cassandra-1,True,False,5.75,2026-09-16T06:28:42.257479+00:00,
0b32a7fd-51a0-4d9c-ba8d-4bb0100759c0,monotonic_reads,network_partition,writer-1,write,mr-0b32a7fd-51a0-4d9c-ba8d-4bb0100759c0,1687,,,QUORUM,cassandra-1,True,False,4.339,2026-09-16T06:28:42.269830+00:00,
0b32a7fd-51a0-4d9c-ba8d-4bb0100759c0,monotonic_reads,network_partition,reader-1,read,mr-0b32a7fd-51a0-4d9c-ba8d-4bb0100759c0,,1687,QUORUM,QUORUM,cassandra-2,True,False,5.447,2026-09-16T06:28:42.275392+00:00,
0b32a7fd-51a0-4d9c-ba8d-4bb0100759c0,monotonic_reads,network_partition,reader-1,read,mr-0b32a7fd-51a0-4d9c-ba8d-4bb0100759c0,,1687,QUORUM,QUORUM,cassandra-3,True,False,5.793,2026-09-16T06:28:42.292432+00:00,
0b32a7fd-51a0-4d9c-ba8d-4bb0100759c0,monotonic_reads,network_partition,writer-1,write,mr-0b32a7fd-51a0-4d9c-ba8d-4bb0100759c0,1688,,,QUORUM,cassandra-1,True,False,3.886,2026-09-16T06:28:42.296434+00:00,
0b32a7fd-51a0-4d9c-ba8d-4bb0100759c0,monotonic_reads,network_partition,reader-1,read,mr-0b32a7fd-51a0-4d9c-ba8d-4bb0100759c0,,1688,QUORUM,QUORUM,cassandra-1,True,False,6.273,2026-09-16T06:28:42.310925+00:00,
0b32a7fd-51a0-4d9c-ba8d-4bb0100759c0,monotonic_reads,network_partition,writer-1,write,mr-0b32a7fd-51a0-4d9c-ba8d-4bb0100759c0,1689,,,QUORUM,cassandra-1,True,False,5.954,2026-09-16T06:28:42.326716+00:00,
0b32a7fd-51a0-4d9c-ba8d-4bb0100759c0,monotonic_reads,network_partition,reader-1,read,mr-0b32a7fd-51a0-4d9c-ba8d-4bb0100759c0,,1689,QUORUM,QUORUM,cassandra-2,True,False,6.758,2026-09-16T06:28:42.329650+00:00,
0b32a7fd-51a0-4d9c-ba8d-4bb0100759c0,monotonic_reads,network_partition,reader-1,read,mr-0b32a7fd-51a0-4d9c-ba8d-4bb0100759c0,,1689,QUORUM,QUORUM,cassandra-3,True,False,4.668,2026-09-16T06:28:42.346764+00:00,
0b32a7fd-51a0-4d9c-ba8d-4bb0100759c0,monotonic_reads,network_partition,writer-1,write,mr-0b32a7fd-51a0-4d9c-ba8d-4bb0100759c0,1690,,,QUORUM,cassandra-1,True,False,3.58,2026-09-16T06:28:42.354194+00:00,
0b32a7fd-51a0-4d9c-ba8d-4bb0100759c0,monotonic_reads,network_partition,reader-1,read,mr-0b32a7fd-51a0-4d9c-ba8d-4bb0100759c0,,1690,QUORUM,QUORUM,cassandra-1,True,False,4.272,2026-09-16T06:28:42.361883+00:00,
0b32a7fd-51a0-4d9c-ba8d-4bb0100759c0,monotonic_reads,network_partition,reader-1,read,mr-0b32a7fd-51a0-4d9c-ba8d-4bb0100759c0,,1690,QUORUM,QUORUM,cassandra-2,True,False,4.402,2026-09-16T06:28:42.378970+00:00,
0b32a7fd-51a0-4d9c-ba8d-4bb0100759c0,monotonic_reads,network_partition,writer-1,write,mr-0b32a7fd-51a0-4d9c-ba8d-4bb0100759c0,1691,,,QUORUM,cassandra-1,True,False,4.519,2026-09-16T06:28:42.382471+00:00,
0b32a7fd-51a0-4d9c-ba8d-4bb0100759c0,monotonic_reads,network_partition,reader-1,read,mr-0b32a7fd-51a0-4d9c-ba8d-4bb0100759c0,,1691,QUORUM,QUORUM,cassandra-3,True,False,5.411,2026-09-16T06:28:42.396091+00:00,
0b32a7fd-51a0-4d9c-ba8d-4bb0100759c0,monotonic_reads,network_partition,writer-1,write,mr-0b32a7fd-51a0-4d9c-ba8d-4bb0100759c0,1692,,,QUORUM,cassandra-1,True,False,4.823,2026-09-16T06:28:42.410461+00:00,
0b32a7fd-51a0-4d9c-ba8d-4bb0100759c0,monotonic_reads,network_partition,reader-1,read,mr-0b32a7fd-51a0-4d9c-ba8d-4bb0100759c0,,1691,QUORUM,QUORUM,cassandra-1,True,False,4.591,2026-09-16T06:28:42.411178+00:00,
0b32a7fd-51a0-4d9c-ba8d-4bb0100759c0,monotonic_reads,network_partition,reader-1,read,mr-0b32a7fd-51a0-4d9c-ba8d-4bb0100759c0,,1692,QUORUM,QUORUM,cassandra-2,True,False,5.376,2026-09-16T06:28:42.428989+00:00,
0b32a7fd-51a0-4d9c-ba8d-4bb0100759c0,monotonic_reads,network_partition,writer-1,write,mr-0b32a7fd-51a0-4d9c-ba8d-4bb0100759c0,1693,,,QUORUM,cassandra-1,True,False,4.052,2026-09-16T06:28:42.435668+00:00,
0b32a7fd-51a0-4d9c-ba8d-4bb0100759c0,monotonic_reads,network_partition,reader-1,read,mr-0b32a7fd-51a0-4d9c-ba8d-4bb0100759c0,,1693,QUORUM,QUORUM,cassandra-3,True,False,8.342,2026-09-16T06:28:42.450042+00:00,
0b32a7fd-51a0-4d9c-ba8d-4bb0100759c0,monotonic_reads,network_partition,writer-1,write,mr-0b32a7fd-51a0-4d9c-ba8d-4bb0100759c0,1694,,,QUORUM,cassandra-1,True,False,4.042,2026-09-16T06:28:42.460028+00:00,
0b32a7fd-51a0-4d9c-ba8d-4bb0100759c0,monotonic_reads,network_partition,reader-1,read,mr-0b32a7fd-51a0-4d9c-ba8d-4bb0100759c0,,1694,QUORUM,QUORUM,cassandra-1,True,False,4.064,2026-09-16T06:28:42.465631+00:00,
0b32a7fd-51a0-4d9c-ba8d-4bb0100759c0,monotonic_reads,network_partition,reader-1,read,mr-0b32a7fd-51a0-4d9c-ba8d-4bb0100759c0,,1694,QUORUM,QUORUM,cassandra-2,True,False,5.708,2026-09-16T06:28:42.482337+00:00,
0b32a7fd-51a0-4d9c-ba8d-4bb0100759c0,monotonic_reads,network_partition,writer-1,write,mr-0b32a7fd-51a0-4d9c-ba8d-4bb0100759c0,1695,,,QUORUM,cassandra-1,True,False,3.851,2026-09-16T06:28:42.484398+00:00,
0b32a7fd-51a0-4d9c-ba8d-4bb0100759c0,monotonic_reads,network_partition,reader-1,read,mr-0b32a7fd-51a0-4d9c-ba8d-4bb0100759c0,,1695,QUORUM,QUORUM,cassandra-3,True,False,5.919,2026-09-16T06:28:42.499305+00:00,
0b32a7fd-51a0-4d9c-ba8d-4bb0100759c0,monotonic_reads,network_partition,writer-1,write,mr-0b32a7fd-51a0-4d9c-ba8d-4bb0100759c0,1696,,,QUORUM,cassandra-1,True,False,4.769,2026-09-16T06:28:42.513620+00:00,
0b32a7fd-51a0-4d9c-ba8d-4bb0100759c0,monotonic_reads,network_partition,reader-1,read,mr-0b32a7fd-51a0-4d9c-ba8d-4bb0100759c0,,1696,QUORUM,QUORUM,cassandra-1,True,False,4.424,2026-09-16T06:28:42.514987+00:00,
0b32a7fd-51a0-4d9c-ba8d-4bb0100759c0,monotonic_reads,network_partition,reader-1,read,mr-0b32a7fd-51a0-4d9c-ba8d-4bb0100759c0,,1696,QUORUM,QUORUM,cassandra-2,True,False,5.428,2026-09-16T06:28:42.533043+00:00,
0b32a7fd-51a0-4d9c-ba8d-4bb0100759c0,monotonic_reads,network_partition,writer-1,write,mr-0b32a7fd-51a0-4d9c-ba8d-4bb0100759c0,1697,,,QUORUM,cassandra-1,True,False,3.86,2026-09-16T06:28:42.539452+00:00,
0b32a7fd-51a0-4d9c-ba8d-4bb0100759c0,monotonic_reads,network_partition,reader-1,read,mr-0b32a7fd-51a0-4d9c-ba8d-4bb0100759c0,,1697,QUORUM,QUORUM,cassandra-3,True,False,4.42,2026-09-16T06:28:42.548036+00:00,
0b32a7fd-51a0-4d9c-ba8d-4bb0100759c0,monotonic_reads,network_partition,reader-1,read,mr-0b32a7fd-51a0-4d9c-ba8d-4bb0100759c0,,1697,QUORUM,QUORUM,cassandra-1,True,False,6.142,2026-09-16T06:28:42.564774+00:00,
0b32a7fd-51a0-4d9c-ba8d-4bb0100759c0,monotonic_reads,network_partition,writer-1,write,mr-0b32a7fd-51a0-4d9c-ba8d-4bb0100759c0,1698,,,QUORUM,cassandra-1,True,False,5.033,2026-09-16T06:28:42.568469+00:00,
0b32a7fd-51a0-4d9c-ba8d-4bb0100759c0,monotonic_reads,network_partition,reader-1,read,mr-0b32a7fd-51a0-4d9c-ba8d-4bb0100759c0,,1698,QUORUM,QUORUM,cassandra-2,True,False,5.274,2026-09-16T06:28:42.581319+00:00,
0b32a7fd-51a0-4d9c-ba8d-4bb0100759c0,monotonic_reads,network_partition,writer-1,write,mr-0b32a7fd-51a0-4d9c-ba8d-4bb0100759c0,1699,,,QUORUM,cassandra-1,True,False,4.924,2026-09-16T06:28:42.595547+00:00,
0b32a7fd-51a0-4d9c-ba8d-4bb0100759c0,monotonic_reads,network_partition,reader-1,read,mr-0b32a7fd-51a0-4d9c-ba8d-4bb0100759c0,,1699,QUORUM,QUORUM,cassandra-3,True,False,6.93,2026-09-16T06:28:42.599531+00:00,
0b32a7fd-51a0-4d9c-ba8d-4bb0100759c0,monotonic_reads,network_partition,reader-1,read,mr-0b32a7fd-51a0-4d9c-ba8d-4bb0100759c0,,1699,QUORUM,QUORUM,cassandra-1,True,False,5.666,2026-09-16T06:28:42.617655+00:00,
0b32a7fd-51a0-4d9c-ba8d-4bb0100759c0,monotonic_reads,network_partition,writer-1,write,mr-0b32a7fd-51a0-4d9c-ba8d-4bb0100759c0,1700,,,QUORUM,cassandra-1,True,False,2.221,2026-09-16T06:28:42.620172+00:00,
0b32a7fd-51a0-4d9c-ba8d-4bb0100759c0,monotonic_reads,network_partition,reader-1,read,mr-0b32a7fd-51a0-4d9c-ba8d-4bb0100759c0,,1700,QUORUM,QUORUM,cassandra-2,True,False,4.87,2026-09-16T06:28:42.634629+00:00,
0b32a7fd-51a0-4d9c-ba8d-4bb0100759c0,monotonic_reads,network_partition,writer-1,write,mr-0b32a7fd-51a0-4d9c-ba8d-4bb0100759c0,1701,,,QUORUM,cassandra-1,True,False,4.357,2026-09-16T06:28:42.649380+00:00,
0b32a7fd-51a0-4d9c-ba8d-4bb0100759c0,monotonic_reads,network_partition,reader-1,read,mr-0b32a7fd-51a0-4d9c-ba8d-4bb0100759c0,,1701,QUORUM,QUORUM,cassandra-3,True,False,6.252,2026-09-16T06:28:42.652163+00:00,
0b32a7fd-51a0-4d9c-ba8d-4bb0100759c0,monotonic_reads,network_partition,reader-1,read,mr-0b32a7fd-51a0-4d9c-ba8d-4bb0100759c0,,1701,QUORUM,QUORUM,cassandra-1,True,False,4.236,2026-09-16T06:28:42.667878+00:00,
0b32a7fd-51a0-4d9c-ba8d-4bb0100759c0,monotonic_reads,network_partition,writer-1,write,mr-0b32a7fd-51a0-4d9c-ba8d-4bb0100759c0,1702,,,QUORUM,cassandra-1,True,False,3.782,2026-09-16T06:28:42.675117+00:00,
0b32a7fd-51a0-4d9c-ba8d-4bb0100759c0,monotonic_reads,network_partition,reader-1,read,mr-0b32a7fd-51a0-4d9c-ba8d-4bb0100759c0,,1702,QUORUM,QUORUM,cassandra-2,True,False,3.829,2026-09-16T06:28:42.684330+00:00,
0b32a7fd-51a0-4d9c-ba8d-4bb0100759c0,monotonic_reads,network_partition,reader-1,read,mr-0b32a7fd-51a0-4d9c-ba8d-4bb0100759c0,,1702,QUORUM,QUORUM,cassandra-3,True,False,3.895,2026-09-16T06:28:42.701087+00:00,
0b32a7fd-51a0-4d9c-ba8d-4bb0100759c0,monotonic_reads,network_partition,writer-1,write,mr-0b32a7fd-51a0-4d9c-ba8d-4bb0100759c0,1703,,,QUORUM,cassandra-1,True,False,4.782,2026-09-16T06:28:42.701387+00:00,
0b32a7fd-51a0-4d9c-ba8d-4bb0100759c0,monotonic_reads,network_partition,reader-1,read,mr-0b32a7fd-51a0-4d9c-ba8d-4bb0100759c0,,1703,QUORUM,QUORUM,cassandra-1,True,False,4.346,2026-09-16T06:28:42.716416+00:00,
0b32a7fd-51a0-4d9c-ba8d-4bb0100759c0,monotonic_reads,network_partition,writer-1,write,mr-0b32a7fd-51a0-4d9c-ba8d-4bb0100759c0,1704,,,QUORUM,cassandra-1,True,False,4.65,2026-09-16T06:28:42.730699+00:00,
0b32a7fd-51a0-4d9c-ba8d-4bb0100759c0,monotonic_reads,network_partition,reader-1,read,mr-0b32a7fd-51a0-4d9c-ba8d-4bb0100759c0,,1704,QUORUM,QUORUM,cassandra-2,True,False,5.61,2026-09-16T06:28:42.733216+00:00,
0b32a7fd-51a0-4d9c-ba8d-4bb0100759c0,monotonic_reads,network_partition,reader-1,read,mr-0b32a7fd-51a0-4d9c-ba8d-4bb0100759c0,,1704,QUORUM,QUORUM,cassandra-3,True,False,5.353,2026-09-16T06:28:42.751169+00:00,
0b32a7fd-51a0-4d9c-ba8d-4bb0100759c0,monotonic_reads,network_partition,writer-1,write,mr-0b32a7fd-51a0-4d9c-ba8d-4bb0100759c0,1705,,,QUORUM,cassandra-1,True,False,3.777,2026-09-16T06:28:42.756285+00:00,
0b32a7fd-51a0-4d9c-ba8d-4bb0100759c0,monotonic_reads,network_partition,reader-1,read,mr-0b32a7fd-51a0-4d9c-ba8d-4bb0100759c0,,1705,QUORUM,QUORUM,cassandra-1,True,False,4.879,2026-09-16T06:28:42.766993+00:00,
0b32a7fd-51a0-4d9c-ba8d-4bb0100759c0,monotonic_reads,network_partition,reader-1,read,mr-0b32a7fd-51a0-4d9c-ba8d-4bb0100759c0,,1705,QUORUM,QUORUM,cassandra-2,True,False,6.071,2026-09-16T06:28:42.784214+00:00,
0b32a7fd-51a0-4d9c-ba8d-4bb0100759c0,monotonic_reads,network_partition,writer-1,write,mr-0b32a7fd-51a0-4d9c-ba8d-4bb0100759c0,1706,,,QUORUM,cassandra-1,True,False,4.409,2026-09-16T06:28:42.784515+00:00,
0b32a7fd-51a0-4d9c-ba8d-4bb0100759c0,monotonic_reads,network_partition,reader-1,read,mr-0b32a7fd-51a0-4d9c-ba8d-4bb0100759c0,,1706,QUORUM,QUORUM,cassandra-3,True,False,4.591,2026-09-16T06:28:42.801217+00:00,
0b32a7fd-51a0-4d9c-ba8d-4bb0100759c0,monotonic_reads,network_partition,writer-1,write,mr-0b32a7fd-51a0-4d9c-ba8d-4bb0100759c0,1707,,,QUORUM,cassandra-1,True,False,4.156,2026-09-16T06:28:42.813525+00:00,
0b32a7fd-51a0-4d9c-ba8d-4bb0100759c0,monotonic_reads,network_partition,reader-1,read,mr-0b32a7fd-51a0-4d9c-ba8d-4bb0100759c0,,1707,QUORUM,QUORUM,cassandra-1,True,False,4.578,2026-09-16T06:28:42.816034+00:00,
0b32a7fd-51a0-4d9c-ba8d-4bb0100759c0,monotonic_reads,network_partition,reader-1,read,mr-0b32a7fd-51a0-4d9c-ba8d-4bb0100759c0,,1707,QUORUM,QUORUM,cassandra-2,True,False,5.456,2026-09-16T06:28:42.832096+00:00,
0b32a7fd-51a0-4d9c-ba8d-4bb0100759c0,monotonic_reads,network_partition,writer-1,write,mr-0b32a7fd-51a0-4d9c-ba8d-4bb0100759c0,1708,,,QUORUM,cassandra-1,True,False,4.609,2026-09-16T06:28:42.842502+00:00,
0b32a7fd-51a0-4d9c-ba8d-4bb0100759c0,monotonic_reads,network_partition,reader-1,read,mr-0b32a7fd-51a0-4d9c-ba8d-4bb0100759c0,,1708,QUORUM,QUORUM,cassandra-3,True,False,4.429,2026-09-16T06:28:42.848033+00:00,
0b32a7fd-51a0-4d9c-ba8d-4bb0100759c0,monotonic_reads,network_partition,reader-1,read,mr-0b32a7fd-51a0-4d9c-ba8d-4bb0100759c0,,1708,QUORUM,QUORUM,cassandra-1,True,False,5.777,2026-09-16T06:28:42.866429+00:00,
0b32a7fd-51a0-4d9c-ba8d-4bb0100759c0,monotonic_reads,network_partition,writer-1,write,mr-0b32a7fd-51a0-4d9c-ba8d-4bb0100759c0,1709,,,QUORUM,cassandra-1,True,False,4.525,2026-09-16T06:28:42.869287+00:00,
0b32a7fd-51a0-4d9c-ba8d-4bb0100759c0,monotonic_reads,network_partition,reader-1,read,mr-0b32a7fd-51a0-4d9c-ba8d-4bb0100759c0,,1709,QUORUM,QUORUM,cassandra-2,True,False,5.324,2026-09-16T06:28:42.883285+00:00,
0b32a7fd-51a0-4d9c-ba8d-4bb0100759c0,monotonic_reads,network_partition,writer-1,write,mr-0b32a7fd-51a0-4d9c-ba8d-4bb0100759c0,1710,,,QUORUM,cassandra-1,True,False,5.093,2026-09-16T06:28:42.898708+00:00,
0b32a7fd-51a0-4d9c-ba8d-4bb0100759c0,monotonic_reads,network_partition,reader-1,read,mr-0b32a7fd-51a0-4d9c-ba8d-4bb0100759c0,,1710,QUORUM,QUORUM,cassandra-3,True,False,6.663,2026-09-16T06:28:42.902275+00:00,
0b32a7fd-51a0-4d9c-ba8d-4bb0100759c0,monotonic_reads,network_partition,reader-1,read,mr-0b32a7fd-51a0-4d9c-ba8d-4bb0100759c0,,1710,QUORUM,QUORUM,cassandra-1,True,False,5.528,2026-09-16T06:28:42.919315+00:00,
0b32a7fd-51a0-4d9c-ba8d-4bb0100759c0,monotonic_reads,network_partition,writer-1,write,mr-0b32a7fd-51a0-4d9c-ba8d-4bb0100759c0,1711,,,QUORUM,cassandra-1,True,False,4.928,2026-09-16T06:28:42.925537+00:00,
0b32a7fd-51a0-4d9c-ba8d-4bb0100759c0,monotonic_reads,network_partition,reader-1,read,mr-0b32a7fd-51a0-4d9c-ba8d-4bb0100759c0,,1711,QUORUM,QUORUM,cassandra-2,True,False,5.935,2026-09-16T06:28:42.937306+00:00,
0b32a7fd-51a0-4d9c-ba8d-4bb0100759c0,monotonic_reads,network_partition,reader-1,read,mr-0b32a7fd-51a0-4d9c-ba8d-4bb0100759c0,,1711,QUORUM,QUORUM,cassandra-3,True,False,3.656,2026-09-16T06:28:42.953648+00:00,
0b32a7fd-51a0-4d9c-ba8d-4bb0100759c0,monotonic_reads,network_partition,writer-1,write,mr-0b32a7fd-51a0-4d9c-ba8d-4bb0100759c0,1712,,,QUORUM,cassandra-1,True,False,3.447,2026-09-16T06:28:42.954049+00:00,
0b32a7fd-51a0-4d9c-ba8d-4bb0100759c0,monotonic_reads,network_partition,reader-1,read,mr-0b32a7fd-51a0-4d9c-ba8d-4bb0100759c0,,1712,QUORUM,QUORUM,cassandra-1,True,False,4.626,2026-09-16T06:28:42.969237+00:00,
0b32a7fd-51a0-4d9c-ba8d-4bb0100759c0,monotonic_reads,network_partition,reader-1,read,mr-0b32a7fd-51a0-4d9c-ba8d-4bb0100759c0,,1712,QUORUM,QUORUM,cassandra-2,True,False,3.661,2026-09-16T06:28:42.983091+00:00,
0b32a7fd-51a0-4d9c-ba8d-4bb0100759c0,monotonic_reads,network_partition,writer-1,write,mr-0b32a7fd-51a0-4d9c-ba8d-4bb0100759c0,1713,,,QUORUM,cassandra-1,True,False,4.606,2026-09-16T06:28:42.983309+00:00,
0b32a7fd-51a0-4d9c-ba8d-4bb0100759c0,monotonic_reads,network_partition,reader-1,read,mr-0b32a7fd-51a0-4d9c-ba8d-4bb0100759c0,,1713,QUORUM,QUORUM,cassandra-3,True,False,8.345,2026-09-16T06:28:43.003118+00:00,
0b32a7fd-51a0-4d9c-ba8d-4bb0100759c0,monotonic_reads,network_partition,writer-1,write,mr-0b32a7fd-51a0-4d9c-ba8d-4bb0100759c0,1714,,,QUORUM,cassandra-1,True,False,4.88,2026-09-16T06:28:43.012529+00:00,
0b32a7fd-51a0-4d9c-ba8d-4bb0100759c0,monotonic_reads,network_partition,reader-1,read,mr-0b32a7fd-51a0-4d9c-ba8d-4bb0100759c0,,1714,QUORUM,QUORUM,cassandra-1,True,False,4.772,2026-09-16T06:28:43.018371+00:00,
0b32a7fd-51a0-4d9c-ba8d-4bb0100759c0,monotonic_reads,network_partition,reader-1,read,mr-0b32a7fd-51a0-4d9c-ba8d-4bb0100759c0,,1714,QUORUM,QUORUM,cassandra-2,True,False,4.523,2026-09-16T06:28:43.033145+00:00,
0b32a7fd-51a0-4d9c-ba8d-4bb0100759c0,monotonic_reads,network_partition,writer-1,write,mr-0b32a7fd-51a0-4d9c-ba8d-4bb0100759c0,1715,,,QUORUM,cassandra-1,True,False,4.163,2026-09-16T06:28:43.039687+00:00,
0b32a7fd-51a0-4d9c-ba8d-4bb0100759c0,monotonic_reads,network_partition,reader-1,read,mr-0b32a7fd-51a0-4d9c-ba8d-4bb0100759c0,,1715,QUORUM,QUORUM,cassandra-3,True,False,6.181,2026-09-16T06:28:43.051791+00:00,
0b32a7fd-51a0-4d9c-ba8d-4bb0100759c0,monotonic_reads,network_partition,writer-1,write,mr-0b32a7fd-51a0-4d9c-ba8d-4bb0100759c0,1716,,,QUORUM,cassandra-1,True,False,5.125,2026-09-16T06:28:43.065767+00:00,
0b32a7fd-51a0-4d9c-ba8d-4bb0100759c0,monotonic_reads,network_partition,reader-1,read,mr-0b32a7fd-51a0-4d9c-ba8d-4bb0100759c0,,1716,QUORUM,QUORUM,cassandra-1,True,False,4.957,2026-09-16T06:28:43.067974+00:00,
0b32a7fd-51a0-4d9c-ba8d-4bb0100759c0,monotonic_reads,network_partition,reader-1,read,mr-0b32a7fd-51a0-4d9c-ba8d-4bb0100759c0,,1716,QUORUM,QUORUM,cassandra-2,True,False,6.06,2026-09-16T06:28:43.086706+00:00,
0b32a7fd-51a0-4d9c-ba8d-4bb0100759c0,monotonic_reads,network_partition,writer-1,write,mr-0b32a7fd-51a0-4d9c-ba8d-4bb0100759c0,1717,,,QUORUM,cassandra-1,True,False,4.72,2026-09-16T06:28:43.095579+00:00,
0b32a7fd-51a0-4d9c-ba8d-4bb0100759c0,monotonic_reads,network_partition,reader-1,read,mr-0b32a7fd-51a0-4d9c-ba8d-4bb0100759c0,,1717,QUORUM,QUORUM,cassandra-3,True,False,6.771,2026-09-16T06:28:43.104389+00:00,
0b32a7fd-51a0-4d9c-ba8d-4bb0100759c0,monotonic_reads,network_partition,writer-1,write,mr-0b32a7fd-51a0-4d9c-ba8d-4bb0100759c0,1718,,,QUORUM,cassandra-1,True,False,3.381,2026-09-16T06:28:43.122867+00:00,
0b32a7fd-51a0-4d9c-ba8d-4bb0100759c0,monotonic_reads,network_partition,reader-1,read,mr-0b32a7fd-51a0-4d9c-ba8d-4bb0100759c0,,1717,QUORUM,QUORUM,cassandra-1,True,False,6.52,2026-09-16T06:28:43.123685+00:00,
0b32a7fd-51a0-4d9c-ba8d-4bb0100759c0,monotonic_reads,network_partition,reader-1,read,mr-0b32a7fd-51a0-4d9c-ba8d-4bb0100759c0,,1718,QUORUM,QUORUM,cassandra-2,True,False,6.035,2026-09-16T06:28:43.142430+00:00,
0b32a7fd-51a0-4d9c-ba8d-4bb0100759c0,monotonic_reads,network_partition,writer-1,write,mr-0b32a7fd-51a0-4d9c-ba8d-4bb0100759c0,1719,,,QUORUM,cassandra-1,True,False,4.643,2026-09-16T06:28:43.149249+00:00,
0b32a7fd-51a0-4d9c-ba8d-4bb0100759c0,monotonic_reads,network_partition,reader-1,read,mr-0b32a7fd-51a0-4d9c-ba8d-4bb0100759c0,,1719,QUORUM,QUORUM,cassandra-3,True,False,10.602,2026-09-16T06:28:43.165267+00:00,
0b32a7fd-51a0-4d9c-ba8d-4bb0100759c0,monotonic_reads,network_partition,writer-1,write,mr-0b32a7fd-51a0-4d9c-ba8d-4bb0100759c0,1720,,,QUORUM,cassandra-1,True,False,3.787,2026-09-16T06:28:43.173296+00:00,
0b32a7fd-51a0-4d9c-ba8d-4bb0100759c0,monotonic_reads,network_partition,reader-1,read,mr-0b32a7fd-51a0-4d9c-ba8d-4bb0100759c0,,1720,QUORUM,QUORUM,cassandra-1,True,False,4.451,2026-09-16T06:28:43.181060+00:00,
0b32a7fd-51a0-4d9c-ba8d-4bb0100759c0,monotonic_reads,network_partition,writer-1,write,mr-0b32a7fd-51a0-4d9c-ba8d-4bb0100759c0,1721,,,QUORUM,cassandra-1,True,False,4.289,2026-09-16T06:28:43.199663+00:00,
0b32a7fd-51a0-4d9c-ba8d-4bb0100759c0,monotonic_reads,network_partition,reader-1,read,mr-0b32a7fd-51a0-4d9c-ba8d-4bb0100759c0,,1720,QUORUM,QUORUM,cassandra-2,True,False,6.581,2026-09-16T06:28:43.200310+00:00,
0b32a7fd-51a0-4d9c-ba8d-4bb0100759c0,monotonic_reads,network_partition,reader-1,read,mr-0b32a7fd-51a0-4d9c-ba8d-4bb0100759c0,,1721,QUORUM,QUORUM,cassandra-3,True,False,5.829,2026-09-16T06:28:43.218760+00:00,
0b32a7fd-51a0-4d9c-ba8d-4bb0100759c0,monotonic_reads,network_partition,writer-1,write,mr-0b32a7fd-51a0-4d9c-ba8d-4bb0100759c0,1722,,,QUORUM,cassandra-1,True,False,3.977,2026-09-16T06:28:43.224454+00:00,
0b32a7fd-51a0-4d9c-ba8d-4bb0100759c0,monotonic_reads,network_partition,reader-1,read,mr-0b32a7fd-51a0-4d9c-ba8d-4bb0100759c0,,1722,QUORUM,QUORUM,cassandra-1,True,False,5.205,2026-09-16T06:28:43.236362+00:00,
0b32a7fd-51a0-4d9c-ba8d-4bb0100759c0,monotonic_reads,network_partition,writer-1,write,mr-0b32a7fd-51a0-4d9c-ba8d-4bb0100759c0,1723,,,QUORUM,cassandra-1,True,False,3.042,2026-09-16T06:28:43.251557+00:00,
0b32a7fd-51a0-4d9c-ba8d-4bb0100759c0,monotonic_reads,network_partition,reader-1,read,mr-0b32a7fd-51a0-4d9c-ba8d-4bb0100759c0,,1723,QUORUM,QUORUM,cassandra-2,True,False,7.449,2026-09-16T06:28:43.255301+00:00,
0b32a7fd-51a0-4d9c-ba8d-4bb0100759c0,monotonic_reads,network_partition,reader-1,read,mr-0b32a7fd-51a0-4d9c-ba8d-4bb0100759c0,,1723,QUORUM,QUORUM,cassandra-3,True,False,4.917,2026-09-16T06:28:43.270540+00:00,
0b32a7fd-51a0-4d9c-ba8d-4bb0100759c0,monotonic_reads,network_partition,writer-1,write,mr-0b32a7fd-51a0-4d9c-ba8d-4bb0100759c0,1724,,,QUORUM,cassandra-1,True,False,6.291,2026-09-16T06:28:43.280928+00:00,
0b32a7fd-51a0-4d9c-ba8d-4bb0100759c0,monotonic_reads,network_partition,reader-1,read,mr-0b32a7fd-51a0-4d9c-ba8d-4bb0100759c0,,1724,QUORUM,QUORUM,cassandra-1,True,False,5.39,2026-09-16T06:28:43.287014+00:00,
0b32a7fd-51a0-4d9c-ba8d-4bb0100759c0,monotonic_reads,network_partition,reader-1,read,mr-0b32a7fd-51a0-4d9c-ba8d-4bb0100759c0,,1724,QUORUM,QUORUM,cassandra-2,True,False,5.095,2026-09-16T06:28:43.303618+00:00,
0b32a7fd-51a0-4d9c-ba8d-4bb0100759c0,monotonic_reads,network_partition,writer-1,write,mr-0b32a7fd-51a0-4d9c-ba8d-4bb0100759c0,1725,,,QUORUM,cassandra-1,True,False,5.484,2026-09-16T06:28:43.307588+00:00,
0b32a7fd-51a0-4d9c-ba8d-4bb0100759c0,monotonic_reads,network_partition,reader-1,read,mr-0b32a7fd-51a0-4d9c-ba8d-4bb0100759c0,,1725,QUORUM,QUORUM,cassandra-3,True,False,6.187,2026-09-16T06:28:43.321827+00:00,
0b32a7fd-51a0-4d9c-ba8d-4bb0100759c0,monotonic_reads,network_partition,writer-1,write,mr-0b32a7fd-51a0-4d9c-ba8d-4bb0100759c0,1726,,,QUORUM,cassandra-1,True,False,5.252,2026-09-16T06:28:43.337384+00:00,
0b32a7fd-51a0-4d9c-ba8d-4bb0100759c0,monotonic_reads,network_partition,reader-1,read,mr-0b32a7fd-51a0-4d9c-ba8d-4bb0100759c0,,1725,QUORUM,QUORUM,cassandra-1,True,False,4.579,2026-09-16T06:28:43.338228+00:00,
0b32a7fd-51a0-4d9c-ba8d-4bb0100759c0,monotonic_reads,network_partition,reader-1,read,mr-0b32a7fd-51a0-4d9c-ba8d-4bb0100759c0,,1726,QUORUM,QUORUM,cassandra-2,True,False,5.017,2026-09-16T06:28:43.355472+00:00,
0b32a7fd-51a0-4d9c-ba8d-4bb0100759c0,monotonic_reads,network_partition,writer-1,write,mr-0b32a7fd-51a0-4d9c-ba8d-4bb0100759c0,1727,,,QUORUM,cassandra-1,True,False,5.67,2026-09-16T06:28:43.365280+00:00,
0b32a7fd-51a0-4d9c-ba8d-4bb0100759c0,monotonic_reads,network_partition,reader-1,read,mr-0b32a7fd-51a0-4d9c-ba8d-4bb0100759c0,,1727,QUORUM,QUORUM,cassandra-3,True,False,4.514,2026-09-16T06:28:43.372129+00:00,
0b32a7fd-51a0-4d9c-ba8d-4bb0100759c0,monotonic_reads,network_partition,reader-1,read,mr-0b32a7fd-51a0-4d9c-ba8d-4bb0100759c0,,1727,QUORUM,QUORUM,cassandra-1,True,False,5.698,2026-09-16T06:28:43.389508+00:00,
0b32a7fd-51a0-4d9c-ba8d-4bb0100759c0,monotonic_reads,network_partition,writer-1,write,mr-0b32a7fd-51a0-4d9c-ba8d-4bb0100759c0,1728,,,QUORUM,cassandra-1,True,False,3.681,2026-09-16T06:28:43.393321+00:00,
0b32a7fd-51a0-4d9c-ba8d-4bb0100759c0,monotonic_reads,network_partition,reader-1,read,mr-0b32a7fd-51a0-4d9c-ba8d-4bb0100759c0,,1728,QUORUM,QUORUM,cassandra-2,True,False,6.649,2026-09-16T06:28:43.407268+00:00,
0b32a7fd-51a0-4d9c-ba8d-4bb0100759c0,monotonic_reads,network_partition,writer-1,write,mr-0b32a7fd-51a0-4d9c-ba8d-4bb0100759c0,1729,,,QUORUM,cassandra-1,True,False,4.465,2026-09-16T06:28:43.421617+00:00,
0b32a7fd-51a0-4d9c-ba8d-4bb0100759c0,monotonic_reads,network_partition,reader-1,read,mr-0b32a7fd-51a0-4d9c-ba8d-4bb0100759c0,,1728,QUORUM,QUORUM,cassandra-3,True,False,4.906,2026-09-16T06:28:43.422511+00:00,
0b32a7fd-51a0-4d9c-ba8d-4bb0100759c0,monotonic_reads,network_partition,reader-1,read,mr-0b32a7fd-51a0-4d9c-ba8d-4bb0100759c0,,1729,QUORUM,QUORUM,cassandra-1,True,False,6.738,2026-09-16T06:28:43.441387+00:00,
0b32a7fd-51a0-4d9c-ba8d-4bb0100759c0,monotonic_reads,network_partition,writer-1,write,mr-0b32a7fd-51a0-4d9c-ba8d-4bb0100759c0,1730,,,QUORUM,cassandra-1,True,False,5.198,2026-09-16T06:28:43.450824+00:00,
0b32a7fd-51a0-4d9c-ba8d-4bb0100759c0,monotonic_reads,network_partition,reader-1,read,mr-0b32a7fd-51a0-4d9c-ba8d-4bb0100759c0,,1730,QUORUM,QUORUM,cassandra-2,True,False,4.548,2026-09-16T06:28:43.457165+00:00,
0b32a7fd-51a0-4d9c-ba8d-4bb0100759c0,monotonic_reads,network_partition,reader-1,read,mr-0b32a7fd-51a0-4d9c-ba8d-4bb0100759c0,,1730,QUORUM,QUORUM,cassandra-3,True,False,5.898,2026-09-16T06:28:43.475550+00:00,
0b32a7fd-51a0-4d9c-ba8d-4bb0100759c0,monotonic_reads,network_partition,writer-1,write,mr-0b32a7fd-51a0-4d9c-ba8d-4bb0100759c0,1731,,,QUORUM,cassandra-1,True,False,3.852,2026-09-16T06:28:43.479514+00:00,
0b32a7fd-51a0-4d9c-ba8d-4bb0100759c0,monotonic_reads,network_partition,reader-1,read,mr-0b32a7fd-51a0-4d9c-ba8d-4bb0100759c0,,1731,QUORUM,QUORUM,cassandra-1,True,False,5.008,2026-09-16T06:28:43.492157+00:00,
0b32a7fd-51a0-4d9c-ba8d-4bb0100759c0,monotonic_reads,network_partition,writer-1,write,mr-0b32a7fd-51a0-4d9c-ba8d-4bb0100759c0,1732,,,QUORUM,cassandra-1,True,False,5.231,2026-09-16T06:28:43.509681+00:00,
0b32a7fd-51a0-4d9c-ba8d-4bb0100759c0,monotonic_reads,network_partition,reader-1,read,mr-0b32a7fd-51a0-4d9c-ba8d-4bb0100759c0,,1731,QUORUM,QUORUM,cassandra-2,True,False,5.23,2026-09-16T06:28:43.510427+00:00,
0b32a7fd-51a0-4d9c-ba8d-4bb0100759c0,monotonic_reads,network_partition,reader-1,read,mr-0b32a7fd-51a0-4d9c-ba8d-4bb0100759c0,,1732,QUORUM,QUORUM,cassandra-3,True,False,5.919,2026-09-16T06:28:43.528558+00:00,
0b32a7fd-51a0-4d9c-ba8d-4bb0100759c0,monotonic_reads,network_partition,writer-1,write,mr-0b32a7fd-51a0-4d9c-ba8d-4bb0100759c0,1733,,,QUORUM,cassandra-1,True,False,4.266,2026-09-16T06:28:43.537654+00:00,
0b32a7fd-51a0-4d9c-ba8d-4bb0100759c0,monotonic_reads,network_partition,reader-1,read,mr-0b32a7fd-51a0-4d9c-ba8d-4bb0100759c0,,1733,QUORUM,QUORUM,cassandra-1,True,False,4.241,2026-09-16T06:28:43.544858+00:00,
0b32a7fd-51a0-4d9c-ba8d-4bb0100759c0,monotonic_reads,network_partition,reader-1,read,mr-0b32a7fd-51a0-4d9c-ba8d-4bb0100759c0,,1733,QUORUM,QUORUM,cassandra-2,True,False,5.011,2026-09-16T06:28:43.560193+00:00,
0b32a7fd-51a0-4d9c-ba8d-4bb0100759c0,monotonic_reads,network_partition,writer-1,write,mr-0b32a7fd-51a0-4d9c-ba8d-4bb0100759c0,1734,,,QUORUM,cassandra-1,True,False,4.184,2026-09-16T06:28:43.564473+00:00,
0b32a7fd-51a0-4d9c-ba8d-4bb0100759c0,monotonic_reads,network_partition,reader-1,read,mr-0b32a7fd-51a0-4d9c-ba8d-4bb0100759c0,,1734,QUORUM,QUORUM,cassandra-3,True,False,6.073,2026-09-16T06:28:43.578697+00:00,
0b32a7fd-51a0-4d9c-ba8d-4bb0100759c0,monotonic_reads,network_partition,writer-1,write,mr-0b32a7fd-51a0-4d9c-ba8d-4bb0100759c0,1735,,,QUORUM,cassandra-1,True,False,4.075,2026-09-16T06:28:43.589693+00:00,
0b32a7fd-51a0-4d9c-ba8d-4bb0100759c0,monotonic_reads,network_partition,reader-1,read,mr-0b32a7fd-51a0-4d9c-ba8d-4bb0100759c0,,1735,QUORUM,QUORUM,cassandra-1,True,False,3.986,2026-09-16T06:28:43.593791+00:00,
0b32a7fd-51a0-4d9c-ba8d-4bb0100759c0,monotonic_reads,network_partition,reader-1,read,mr-0b32a7fd-51a0-4d9c-ba8d-4bb0100759c0,,1735,QUORUM,QUORUM,cassandra-2,True,False,6.214,2026-09-16T06:28:43.612677+00:00,
0b32a7fd-51a0-4d9c-ba8d-4bb0100759c0,monotonic_reads,network_partition,writer-1,write,mr-0b32a7fd-51a0-4d9c-ba8d-4bb0100759c0,1736,,,QUORUM,cassandra-1,True,False,5.546,2026-09-16T06:28:43.620719+00:00,
0b32a7fd-51a0-4d9c-ba8d-4bb0100759c0,monotonic_reads,network_partition,reader-1,read,mr-0b32a7fd-51a0-4d9c-ba8d-4bb0100759c0,,1736,QUORUM,QUORUM,cassandra-3,True,False,5.425,2026-09-16T06:28:43.629041+00:00,
0b32a7fd-51a0-4d9c-ba8d-4bb0100759c0,monotonic_reads,network_partition,writer-1,write,mr-0b32a7fd-51a0-4d9c-ba8d-4bb0100759c0,1737,,,QUORUM,cassandra-1,True,False,3.878,2026-09-16T06:28:43.646582+00:00,
0b32a7fd-51a0-4d9c-ba8d-4bb0100759c0,monotonic_reads,network_partition,reader-1,read,mr-0b32a7fd-51a0-4d9c-ba8d-4bb0100759c0,,1736,QUORUM,QUORUM,cassandra-1,True,False,5.772,2026-09-16T06:28:43.647396+00:00,
0b32a7fd-51a0-4d9c-ba8d-4bb0100759c0,monotonic_reads,network_partition,reader-1,read,mr-0b32a7fd-51a0-4d9c-ba8d-4bb0100759c0,,1737,QUORUM,QUORUM,cassandra-2,True,False,4.482,2026-09-16T06:28:43.663720+00:00,
0b32a7fd-51a0-4d9c-ba8d-4bb0100759c0,monotonic_reads,network_partition,writer-1,write,mr-0b32a7fd-51a0-4d9c-ba8d-4bb0100759c0,1738,,,QUORUM,cassandra-1,True,False,3.125,2026-09-16T06:28:43.671776+00:00,
0b32a7fd-51a0-4d9c-ba8d-4bb0100759c0,monotonic_reads,network_partition,reader-1,read,mr-0b32a7fd-51a0-4d9c-ba8d-4bb0100759c0,,1738,QUORUM,QUORUM,cassandra-3,True,False,5.395,2026-09-16T06:28:43.680006+00:00,
0b32a7fd-51a0-4d9c-ba8d-4bb0100759c0,monotonic_reads,network_partition,reader-1,read,mr-0b32a7fd-51a0-4d9c-ba8d-4bb0100759c0,,1738,QUORUM,QUORUM,cassandra-1,True,False,5.218,2026-09-16T06:28:43.697368+00:00,
0b32a7fd-51a0-4d9c-ba8d-4bb0100759c0,monotonic_reads,network_partition,writer-1,write,mr-0b32a7fd-51a0-4d9c-ba8d-4bb0100759c0,1739,,,QUORUM,cassandra-1,True,False,4.01,2026-09-16T06:28:43.698472+00:00,
0b32a7fd-51a0-4d9c-ba8d-4bb0100759c0,monotonic_reads,network_partition,reader-1,read,mr-0b32a7fd-51a0-4d9c-ba8d-4bb0100759c0,,1739,QUORUM,QUORUM,cassandra-2,True,False,3.98,2026-09-16T06:28:43.711607+00:00,
0b32a7fd-51a0-4d9c-ba8d-4bb0100759c0,monotonic_reads,network_partition,writer-1,write,mr-0b32a7fd-51a0-4d9c-ba8d-4bb0100759c0,1740,,,QUORUM,cassandra-1,True,False,5.01,2026-09-16T06:28:43.723633+00:00,
0b32a7fd-51a0-4d9c-ba8d-4bb0100759c0,monotonic_reads,network_partition,reader-1,read,mr-0b32a7fd-51a0-4d9c-ba8d-4bb0100759c0,,1740,QUORUM,QUORUM,cassandra-3,True,False,4.113,2026-09-16T06:28:43.726587+00:00,
0b32a7fd-51a0-4d9c-ba8d-4bb0100759c0,monotonic_reads,network_partition,reader-1,read,mr-0b32a7fd-51a0-4d9c-ba8d-4bb0100759c0,,1740,QUORUM,QUORUM,cassandra-1,True,False,5.391,2026-09-16T06:28:43.744044+00:00,
0b32a7fd-51a0-4d9c-ba8d-4bb0100759c0,monotonic_reads,network_partition,writer-1,write,mr-0b32a7fd-51a0-4d9c-ba8d-4bb0100759c0,1741,,,QUORUM,cassandra-1,True,False,3.783,2026-09-16T06:28:43.750448+00:00,
0b32a7fd-51a0-4d9c-ba8d-4bb0100759c0,monotonic_reads,network_partition,reader-1,read,mr-0b32a7fd-51a0-4d9c-ba8d-4bb0100759c0,,1741,QUORUM,QUORUM,cassandra-2,True,False,4.359,2026-09-16T06:28:43.758966+00:00,
0b32a7fd-51a0-4d9c-ba8d-4bb0100759c0,monotonic_reads,network_partition,reader-1,read,mr-0b32a7fd-51a0-4d9c-ba8d-4bb0100759c0,,1741,QUORUM,QUORUM,cassandra-3,True,False,11.826,2026-09-16T06:28:43.781300+00:00,
0b32a7fd-51a0-4d9c-ba8d-4bb0100759c0,monotonic_reads,network_partition,writer-1,write,mr-0b32a7fd-51a0-4d9c-ba8d-4bb0100759c0,1742,,,QUORUM,cassandra-1,True,False,9.784,2026-09-16T06:28:43.782360+00:00,
0b32a7fd-51a0-4d9c-ba8d-4bb0100759c0,monotonic_reads,network_partition,reader-1,read,mr-0b32a7fd-51a0-4d9c-ba8d-4bb0100759c0,,1742,QUORUM,QUORUM,cassandra-1,True,False,2.934,2026-09-16T06:28:43.795556+00:00,
0b32a7fd-51a0-4d9c-ba8d-4bb0100759c0,monotonic_reads,network_partition,writer-1,write,mr-0b32a7fd-51a0-4d9c-ba8d-4bb0100759c0,1743,,,QUORUM,cassandra-1,True,False,3.854,2026-09-16T06:28:43.806385+00:00,
0b32a7fd-51a0-4d9c-ba8d-4bb0100759c0,monotonic_reads,network_partition,reader-1,read,mr-0b32a7fd-51a0-4d9c-ba8d-4bb0100759c0,,1743,QUORUM,QUORUM,cassandra-2,True,False,4.19,2026-09-16T06:28:43.811830+00:00,
0b32a7fd-51a0-4d9c-ba8d-4bb0100759c0,monotonic_reads,network_partition,reader-1,read,mr-0b32a7fd-51a0-4d9c-ba8d-4bb0100759c0,,1743,QUORUM,QUORUM,cassandra-3,True,False,5.819,2026-09-16T06:28:43.830310+00:00,
0b32a7fd-51a0-4d9c-ba8d-4bb0100759c0,monotonic_reads,network_partition,writer-1,write,mr-0b32a7fd-51a0-4d9c-ba8d-4bb0100759c0,1744,,,QUORUM,cassandra-1,True,False,5.228,2026-09-16T06:28:43.833652+00:00,
0b32a7fd-51a0-4d9c-ba8d-4bb0100759c0,monotonic_reads,network_partition,reader-1,read,mr-0b32a7fd-51a0-4d9c-ba8d-4bb0100759c0,,1744,QUORUM,QUORUM,cassandra-1,True,False,4.152,2026-09-16T06:28:43.844764+00:00,
0b32a7fd-51a0-4d9c-ba8d-4bb0100759c0,monotonic_reads,network_partition,writer-1,write,mr-0b32a7fd-51a0-4d9c-ba8d-4bb0100759c0,1745,,,QUORUM,cassandra-1,True,False,10.205,2026-09-16T06:28:43.864759+00:00,
0b32a7fd-51a0-4d9c-ba8d-4bb0100759c0,monotonic_reads,network_partition,reader-1,read,mr-0b32a7fd-51a0-4d9c-ba8d-4bb0100759c0,,1745,QUORUM,QUORUM,cassandra-2,True,False,11.749,2026-09-16T06:28:43.868135+00:00,
0b32a7fd-51a0-4d9c-ba8d-4bb0100759c0,monotonic_reads,network_partition,reader-1,read,mr-0b32a7fd-51a0-4d9c-ba8d-4bb0100759c0,,1745,QUORUM,QUORUM,cassandra-3,True,False,5.779,2026-09-16T06:28:43.884433+00:00,
0b32a7fd-51a0-4d9c-ba8d-4bb0100759c0,monotonic_reads,network_partition,writer-1,write,mr-0b32a7fd-51a0-4d9c-ba8d-4bb0100759c0,1746,,,QUORUM,cassandra-1,True,False,4.801,2026-09-16T06:28:43.894405+00:00,
0b32a7fd-51a0-4d9c-ba8d-4bb0100759c0,monotonic_reads,network_partition,reader-1,read,mr-0b32a7fd-51a0-4d9c-ba8d-4bb0100759c0,,1746,QUORUM,QUORUM,cassandra-1,True,False,4.59,2026-09-16T06:28:43.900162+00:00,
0b32a7fd-51a0-4d9c-ba8d-4bb0100759c0,monotonic_reads,network_partition,reader-1,read,mr-0b32a7fd-51a0-4d9c-ba8d-4bb0100759c0,,1746,QUORUM,QUORUM,cassandra-2,True,False,4.53,2026-09-16T06:28:43.915073+00:00,
0b32a7fd-51a0-4d9c-ba8d-4bb0100759c0,monotonic_reads,network_partition,writer-1,write,mr-0b32a7fd-51a0-4d9c-ba8d-4bb0100759c0,1747,,,QUORUM,cassandra-1,True,False,4.687,2026-09-16T06:28:43.923604+00:00,
0b32a7fd-51a0-4d9c-ba8d-4bb0100759c0,monotonic_reads,network_partition,reader-1,read,mr-0b32a7fd-51a0-4d9c-ba8d-4bb0100759c0,,1747,QUORUM,QUORUM,cassandra-3,True,False,4.432,2026-09-16T06:28:43.929998+00:00,
0b32a7fd-51a0-4d9c-ba8d-4bb0100759c0,monotonic_reads,network_partition,writer-1,write,mr-0b32a7fd-51a0-4d9c-ba8d-4bb0100759c0,1748,,,QUORUM,cassandra-1,True,False,2.651,2026-09-16T06:28:43.951133+00:00,
0b32a7fd-51a0-4d9c-ba8d-4bb0100759c0,monotonic_reads,network_partition,reader-1,read,mr-0b32a7fd-51a0-4d9c-ba8d-4bb0100759c0,,1747,QUORUM,QUORUM,cassandra-1,True,False,9.059,2026-09-16T06:28:43.951757+00:00,
0b32a7fd-51a0-4d9c-ba8d-4bb0100759c0,monotonic_reads,network_partition,reader-1,read,mr-0b32a7fd-51a0-4d9c-ba8d-4bb0100759c0,,1748,QUORUM,QUORUM,cassandra-2,True,False,4.847,2026-09-16T06:28:43.969245+00:00,
0b32a7fd-51a0-4d9c-ba8d-4bb0100759c0,monotonic_reads,network_partition,writer-1,write,mr-0b32a7fd-51a0-4d9c-ba8d-4bb0100759c0,1749,,,QUORUM,cassandra-1,True,False,4.708,2026-09-16T06:28:43.981519+00:00,
0b32a7fd-51a0-4d9c-ba8d-4bb0100759c0,monotonic_reads,network_partition,reader-1,read,mr-0b32a7fd-51a0-4d9c-ba8d-4bb0100759c0,,1749,QUORUM,QUORUM,cassandra-3,True,False,4.737,2026-09-16T06:28:43.986360+00:00,
0b32a7fd-51a0-4d9c-ba8d-4bb0100759c0,monotonic_reads,network_partition,reader-1,read,mr-0b32a7fd-51a0-4d9c-ba8d-4bb0100759c0,,1749,QUORUM,QUORUM,cassandra-1,True,False,8.085,2026-09-16T06:28:44.005225+00:00,
0b32a7fd-51a0-4d9c-ba8d-4bb0100759c0,monotonic_reads,network_partition,writer-1,write,mr-0b32a7fd-51a0-4d9c-ba8d-4bb0100759c0,1750,,,QUORUM,cassandra-1,True,False,6.97,2026-09-16T06:28:44.009508+00:00,
0b32a7fd-51a0-4d9c-ba8d-4bb0100759c0,monotonic_reads,network_partition,reader-1,read,mr-0b32a7fd-51a0-4d9c-ba8d-4bb0100759c0,,1750,QUORUM,QUORUM,cassandra-2,True,False,4.873,2026-09-16T06:28:44.020482+00:00,
0b32a7fd-51a0-4d9c-ba8d-4bb0100759c0,monotonic_reads,network_partition,writer-1,write,mr-0b32a7fd-51a0-4d9c-ba8d-4bb0100759c0,1751,,,QUORUM,cassandra-1,True,False,4.792,2026-09-16T06:28:44.035412+00:00,
0b32a7fd-51a0-4d9c-ba8d-4bb0100759c0,monotonic_reads,network_partition,reader-1,read,mr-0b32a7fd-51a0-4d9c-ba8d-4bb0100759c0,,1751,QUORUM,QUORUM,cassandra-3,True,False,7.101,2026-09-16T06:28:44.039435+00:00,
0b32a7fd-51a0-4d9c-ba8d-4bb0100759c0,monotonic_reads,network_partition,reader-1,read,mr-0b32a7fd-51a0-4d9c-ba8d-4bb0100759c0,,1751,QUORUM,QUORUM,cassandra-1,True,False,5.732,2026-09-16T06:28:44.057380+00:00,
0b32a7fd-51a0-4d9c-ba8d-4bb0100759c0,monotonic_reads,network_partition,writer-1,write,mr-0b32a7fd-51a0-4d9c-ba8d-4bb0100759c0,1752,,,QUORUM,cassandra-1,True,False,3.756,2026-09-16T06:28:44.059412+00:00,
0b32a7fd-51a0-4d9c-ba8d-4bb0100759c0,monotonic_reads,network_partition,reader-1,read,mr-0b32a7fd-51a0-4d9c-ba8d-4bb0100759c0,,1752,QUORUM,QUORUM,cassandra-2,True,False,5.839,2026-09-16T06:28:44.074518+00:00,
0b32a7fd-51a0-4d9c-ba8d-4bb0100759c0,monotonic_reads,network_partition,writer-1,write,mr-0b32a7fd-51a0-4d9c-ba8d-4bb0100759c0,1753,,,QUORUM,cassandra-1,True,False,4.96,2026-09-16T06:28:44.087587+00:00,
0b32a7fd-51a0-4d9c-ba8d-4bb0100759c0,monotonic_reads,network_partition,reader-1,read,mr-0b32a7fd-51a0-4d9c-ba8d-4bb0100759c0,,1753,QUORUM,QUORUM,cassandra-3,True,False,4.536,2026-09-16T06:28:44.090825+00:00,
0b32a7fd-51a0-4d9c-ba8d-4bb0100759c0,monotonic_reads,network_partition,reader-1,read,mr-0b32a7fd-51a0-4d9c-ba8d-4bb0100759c0,,1753,QUORUM,QUORUM,cassandra-1,True,False,16.367,2026-09-16T06:28:44.119226+00:00,
0b32a7fd-51a0-4d9c-ba8d-4bb0100759c0,monotonic_reads,network_partition,writer-1,write,mr-0b32a7fd-51a0-4d9c-ba8d-4bb0100759c0,1754,,,QUORUM,cassandra-1,True,False,10.509,2026-09-16T06:28:44.119345+00:00,
0b32a7fd-51a0-4d9c-ba8d-4bb0100759c0,monotonic_reads,network_partition,reader-1,read,mr-0b32a7fd-51a0-4d9c-ba8d-4bb0100759c0,,1754,QUORUM,QUORUM,cassandra-2,True,False,4.759,2026-09-16T06:28:44.136671+00:00,
0b32a7fd-51a0-4d9c-ba8d-4bb0100759c0,monotonic_reads,network_partition,writer-1,write,mr-0b32a7fd-51a0-4d9c-ba8d-4bb0100759c0,1755,,,QUORUM,cassandra-1,True,False,3.215,2026-09-16T06:28:44.145169+00:00,
0b32a7fd-51a0-4d9c-ba8d-4bb0100759c0,monotonic_reads,network_partition,reader-1,read,mr-0b32a7fd-51a0-4d9c-ba8d-4bb0100759c0,,1755,QUORUM,QUORUM,cassandra-3,True,False,5.311,2026-09-16T06:28:44.153093+00:00,
0b32a7fd-51a0-4d9c-ba8d-4bb0100759c0,monotonic_reads,network_partition,reader-1,read,mr-0b32a7fd-51a0-4d9c-ba8d-4bb0100759c0,,1755,QUORUM,QUORUM,cassandra-1,True,False,3.215,2026-09-16T06:28:44.166542+00:00,
0b32a7fd-51a0-4d9c-ba8d-4bb0100759c0,monotonic_reads,network_partition,writer-1,write,mr-0b32a7fd-51a0-4d9c-ba8d-4bb0100759c0,1756,,,QUORUM,cassandra-1,True,False,4.193,2026-09-16T06:28:44.173321+00:00,
0b32a7fd-51a0-4d9c-ba8d-4bb0100759c0,monotonic_reads,network_partition,reader-1,read,mr-0b32a7fd-51a0-4d9c-ba8d-4bb0100759c0,,1756,QUORUM,QUORUM,cassandra-2,True,False,6.294,2026-09-16T06:28:44.185539+00:00,
0b32a7fd-51a0-4d9c-ba8d-4bb0100759c0,monotonic_reads,network_partition,writer-1,write,mr-0b32a7fd-51a0-4d9c-ba8d-4bb0100759c0,1757,,,QUORUM,cassandra-1,True,False,4.035,2026-09-16T06:28:44.202624+00:00,
0b32a7fd-51a0-4d9c-ba8d-4bb0100759c0,monotonic_reads,network_partition,reader-1,read,mr-0b32a7fd-51a0-4d9c-ba8d-4bb0100759c0,,1756,QUORUM,QUORUM,cassandra-3,True,False,5.336,2026-09-16T06:28:44.203320+00:00,
0b32a7fd-51a0-4d9c-ba8d-4bb0100759c0,monotonic_reads,network_partition,reader-1,read,mr-0b32a7fd-51a0-4d9c-ba8d-4bb0100759c0,,1757,QUORUM,QUORUM,cassandra-1,True,False,6.803,2026-09-16T06:28:44.221292+00:00,
0b32a7fd-51a0-4d9c-ba8d-4bb0100759c0,monotonic_reads,network_partition,writer-1,write,mr-0b32a7fd-51a0-4d9c-ba8d-4bb0100759c0,1758,,,QUORUM,cassandra-1,True,False,4.954,2026-09-16T06:28:44.232812+00:00,
0b32a7fd-51a0-4d9c-ba8d-4bb0100759c0,monotonic_reads,network_partition,reader-1,read,mr-0b32a7fd-51a0-4d9c-ba8d-4bb0100759c0,,1758,QUORUM,QUORUM,cassandra-2,True,False,5.572,2026-09-16T06:28:44.238497+00:00,
0b32a7fd-51a0-4d9c-ba8d-4bb0100759c0,monotonic_reads,network_partition,reader-1,read,mr-0b32a7fd-51a0-4d9c-ba8d-4bb0100759c0,,1758,QUORUM,QUORUM,cassandra-3,True,False,5.909,2026-09-16T06:28:44.255533+00:00,
0b32a7fd-51a0-4d9c-ba8d-4bb0100759c0,monotonic_reads,network_partition,writer-1,write,mr-0b32a7fd-51a0-4d9c-ba8d-4bb0100759c0,1759,,,QUORUM,cassandra-1,True,False,3.924,2026-09-16T06:28:44.259592+00:00,
0b32a7fd-51a0-4d9c-ba8d-4bb0100759c0,monotonic_reads,network_partition,reader-1,read,mr-0b32a7fd-51a0-4d9c-ba8d-4bb0100759c0,,1759,QUORUM,QUORUM,cassandra-1,True,False,6.943,2026-09-16T06:28:44.274446+00:00,
0b32a7fd-51a0-4d9c-ba8d-4bb0100759c0,monotonic_reads,network_partition,writer-1,write,mr-0b32a7fd-51a0-4d9c-ba8d-4bb0100759c0,1760,,,QUORUM,cassandra-1,True,False,4.795,2026-09-16T06:28:44.287825+00:00,
0b32a7fd-51a0-4d9c-ba8d-4bb0100759c0,monotonic_reads,network_partition,reader-1,read,mr-0b32a7fd-51a0-4d9c-ba8d-4bb0100759c0,,1760,QUORUM,QUORUM,cassandra-2,True,False,4.669,2026-09-16T06:28:44.290291+00:00,
0b32a7fd-51a0-4d9c-ba8d-4bb0100759c0,monotonic_reads,network_partition,reader-1,read,mr-0b32a7fd-51a0-4d9c-ba8d-4bb0100759c0,,1760,QUORUM,QUORUM,cassandra-3,True,False,5.996,2026-09-16T06:28:44.306638+00:00,
0b32a7fd-51a0-4d9c-ba8d-4bb0100759c0,monotonic_reads,network_partition,writer-1,write,mr-0b32a7fd-51a0-4d9c-ba8d-4bb0100759c0,1761,,,QUORUM,cassandra-1,True,False,5.184,2026-09-16T06:28:44.314878+00:00,
0b32a7fd-51a0-4d9c-ba8d-4bb0100759c0,monotonic_reads,network_partition,reader-1,read,mr-0b32a7fd-51a0-4d9c-ba8d-4bb0100759c0,,1761,QUORUM,QUORUM,cassandra-1,True,False,5.143,2026-09-16T06:28:44.323782+00:00,
0b32a7fd-51a0-4d9c-ba8d-4bb0100759c0,monotonic_reads,network_partition,reader-1,read,mr-0b32a7fd-51a0-4d9c-ba8d-4bb0100759c0,,1761,QUORUM,QUORUM,cassandra-2,True,False,4.531,2026-09-16T06:28:44.338841+00:00,
0b32a7fd-51a0-4d9c-ba8d-4bb0100759c0,monotonic_reads,network_partition,writer-1,write,mr-0b32a7fd-51a0-4d9c-ba8d-4bb0100759c0,1762,,,QUORUM,cassandra-1,True,False,4.628,2026-09-16T06:28:44.341697+00:00,
0b32a7fd-51a0-4d9c-ba8d-4bb0100759c0,monotonic_reads,network_partition,reader-1,read,mr-0b32a7fd-51a0-4d9c-ba8d-4bb0100759c0,,1762,QUORUM,QUORUM,cassandra-3,True,False,5.284,2026-09-16T06:28:44.355766+00:00,
0b32a7fd-51a0-4d9c-ba8d-4bb0100759c0,monotonic_reads,network_partition,writer-1,write,mr-0b32a7fd-51a0-4d9c-ba8d-4bb0100759c0,1763,,,QUORUM,cassandra-1,True,False,4.981,2026-09-16T06:28:44.368626+00:00,
0b32a7fd-51a0-4d9c-ba8d-4bb0100759c0,monotonic_reads,network_partition,reader-1,read,mr-0b32a7fd-51a0-4d9c-ba8d-4bb0100759c0,,1763,QUORUM,QUORUM,cassandra-1,True,False,4.839,2026-09-16T06:28:44.372246+00:00,
0b32a7fd-51a0-4d9c-ba8d-4bb0100759c0,monotonic_reads,network_partition,reader-1,read,mr-0b32a7fd-51a0-4d9c-ba8d-4bb0100759c0,,1763,QUORUM,QUORUM,cassandra-2,True,False,5.877,2026-09-16T06:28:44.390788+00:00,
0b32a7fd-51a0-4d9c-ba8d-4bb0100759c0,monotonic_reads,network_partition,writer-1,write,mr-0b32a7fd-51a0-4d9c-ba8d-4bb0100759c0,1764,,,QUORUM,cassandra-1,True,False,4.882,2026-09-16T06:28:44.394399+00:00,
0b32a7fd-51a0-4d9c-ba8d-4bb0100759c0,monotonic_reads,network_partition,reader-1,read,mr-0b32a7fd-51a0-4d9c-ba8d-4bb0100759c0,,1764,QUORUM,QUORUM,cassandra-3,True,False,4.355,2026-09-16T06:28:44.406843+00:00,
0b32a7fd-51a0-4d9c-ba8d-4bb0100759c0,monotonic_reads,network_partition,writer-1,write,mr-0b32a7fd-51a0-4d9c-ba8d-4bb0100759c0,1765,,,QUORUM,cassandra-1,True,False,3.905,2026-09-16T06:28:44.419512+00:00,
0b32a7fd-51a0-4d9c-ba8d-4bb0100759c0,monotonic_reads,network_partition,reader-1,read,mr-0b32a7fd-51a0-4d9c-ba8d-4bb0100759c0,,1765,QUORUM,QUORUM,cassandra-1,True,False,4.057,2026-09-16T06:28:44.422009+00:00,
0b32a7fd-51a0-4d9c-ba8d-4bb0100759c0,monotonic_reads,network_partition,reader-1,read,mr-0b32a7fd-51a0-4d9c-ba8d-4bb0100759c0,,1765,QUORUM,QUORUM,cassandra-2,True,False,7.481,2026-09-16T06:28:44.440924+00:00,
0b32a7fd-51a0-4d9c-ba8d-4bb0100759c0,monotonic_reads,network_partition,writer-1,write,mr-0b32a7fd-51a0-4d9c-ba8d-4bb0100759c0,1766,,,QUORUM,cassandra-1,True,False,5.217,2026-09-16T06:28:44.448842+00:00,
0b32a7fd-51a0-4d9c-ba8d-4bb0100759c0,monotonic_reads,network_partition,reader-1,read,mr-0b32a7fd-51a0-4d9c-ba8d-4bb0100759c0,,1766,QUORUM,QUORUM,cassandra-3,True,False,5.696,2026-09-16T06:28:44.458307+00:00,
0b32a7fd-51a0-4d9c-ba8d-4bb0100759c0,monotonic_reads,network_partition,writer-1,write,mr-0b32a7fd-51a0-4d9c-ba8d-4bb0100759c0,1767,,,QUORUM,cassandra-1,True,False,4.279,2026-09-16T06:28:44.474725+00:00,
0b32a7fd-51a0-4d9c-ba8d-4bb0100759c0,monotonic_reads,network_partition,reader-1,read,mr-0b32a7fd-51a0-4d9c-ba8d-4bb0100759c0,,1766,QUORUM,QUORUM,cassandra-1,True,False,5.757,2026-09-16T06:28:44.475351+00:00,
0b32a7fd-51a0-4d9c-ba8d-4bb0100759c0,monotonic_reads,network_partition,reader-1,read,mr-0b32a7fd-51a0-4d9c-ba8d-4bb0100759c0,,1767,QUORUM,QUORUM,cassandra-2,True,False,13.442,2026-09-16T06:28:44.499978+00:00,
0b32a7fd-51a0-4d9c-ba8d-4bb0100759c0,monotonic_reads,network_partition,writer-1,write,mr-0b32a7fd-51a0-4d9c-ba8d-4bb0100759c0,1768,,,QUORUM,cassandra-1,True,False,3.192,2026-09-16T06:28:44.500949+00:00,
0b32a7fd-51a0-4d9c-ba8d-4bb0100759c0,monotonic_reads,network_partition,reader-1,read,mr-0b32a7fd-51a0-4d9c-ba8d-4bb0100759c0,,1768,QUORUM,QUORUM,cassandra-3,True,False,4.752,2026-09-16T06:28:44.517392+00:00,
0b32a7fd-51a0-4d9c-ba8d-4bb0100759c0,monotonic_reads,network_partition,writer-1,write,mr-0b32a7fd-51a0-4d9c-ba8d-4bb0100759c0,1769,,,QUORUM,cassandra-1,True,False,7.271,2026-09-16T06:28:44.531171+00:00,
0b32a7fd-51a0-4d9c-ba8d-4bb0100759c0,monotonic_reads,network_partition,reader-1,read,mr-0b32a7fd-51a0-4d9c-ba8d-4bb0100759c0,,1769,QUORUM,QUORUM,cassandra-1,True,False,4.827,2026-09-16T06:28:44.534928+00:00,
0b32a7fd-51a0-4d9c-ba8d-4bb0100759c0,monotonic_reads,network_partition,reader-1,read,mr-0b32a7fd-51a0-4d9c-ba8d-4bb0100759c0,,1769,QUORUM,QUORUM,cassandra-2,True,False,5.304,2026-09-16T06:28:44.551745+00:00,
0b32a7fd-51a0-4d9c-ba8d-4bb0100759c0,monotonic_reads,network_partition,writer-1,write,mr-0b32a7fd-51a0-4d9c-ba8d-4bb0100759c0,1770,,,QUORUM,cassandra-1,True,False,4.832,2026-09-16T06:28:44.560438+00:00,
0b32a7fd-51a0-4d9c-ba8d-4bb0100759c0,monotonic_reads,network_partition,reader-1,read,mr-0b32a7fd-51a0-4d9c-ba8d-4bb0100759c0,,1770,QUORUM,QUORUM,cassandra-3,True,False,4.486,2026-09-16T06:28:44.567103+00:00,
0b32a7fd-51a0-4d9c-ba8d-4bb0100759c0,monotonic_reads,network_partition,reader-1,read,mr-0b32a7fd-51a0-4d9c-ba8d-4bb0100759c0,,1770,QUORUM,QUORUM,cassandra-1,True,False,4.693,2026-09-16T06:28:44.583301+00:00,
0b32a7fd-51a0-4d9c-ba8d-4bb0100759c0,monotonic_reads,network_partition,writer-1,write,mr-0b32a7fd-51a0-4d9c-ba8d-4bb0100759c0,1771,,,QUORUM,cassandra-1,True,False,3.849,2026-09-16T06:28:44.588445+00:00,
0b32a7fd-51a0-4d9c-ba8d-4bb0100759c0,monotonic_reads,network_partition,reader-1,read,mr-0b32a7fd-51a0-4d9c-ba8d-4bb0100759c0,,1771,QUORUM,QUORUM,cassandra-2,True,False,4.495,2026-09-16T06:28:44.598111+00:00,
0b32a7fd-51a0-4d9c-ba8d-4bb0100759c0,monotonic_reads,network_partition,writer-1,write,mr-0b32a7fd-51a0-4d9c-ba8d-4bb0100759c0,1772,,,QUORUM,cassandra-1,True,False,5.099,2026-09-16T06:28:44.618482+00:00,
0b32a7fd-51a0-4d9c-ba8d-4bb0100759c0,monotonic_reads,network_partition,reader-1,read,mr-0b32a7fd-51a0-4d9c-ba8d-4bb0100759c0,,1771,QUORUM,QUORUM,cassandra-3,True,False,9.575,2026-09-16T06:28:44.619147+00:00,
0b32a7fd-51a0-4d9c-ba8d-4bb0100759c0,monotonic_reads,network_partition,reader-1,read,mr-0b32a7fd-51a0-4d9c-ba8d-4bb0100759c0,,1772,QUORUM,QUORUM,cassandra-1,True,False,4.936,2026-09-16T06:28:44.635560+00:00,
0b32a7fd-51a0-4d9c-ba8d-4bb0100759c0,monotonic_reads,network_partition,writer-1,write,mr-0b32a7fd-51a0-4d9c-ba8d-4bb0100759c0,1773,,,QUORUM,cassandra-1,True,False,3.971,2026-09-16T06:28:44.647631+00:00,
0b32a7fd-51a0-4d9c-ba8d-4bb0100759c0,monotonic_reads,network_partition,reader-1,read,mr-0b32a7fd-51a0-4d9c-ba8d-4bb0100759c0,,1773,QUORUM,QUORUM,cassandra-2,True,False,5.184,2026-09-16T06:28:44.651763+00:00,
0b32a7fd-51a0-4d9c-ba8d-4bb0100759c0,monotonic_reads,network_partition,reader-1,read,mr-0b32a7fd-51a0-4d9c-ba8d-4bb0100759c0,,1773,QUORUM,QUORUM,cassandra-3,True,False,6.292,2026-09-16T06:28:44.669683+00:00,
0b32a7fd-51a0-4d9c-ba8d-4bb0100759c0,monotonic_reads,network_partition,writer-1,write,mr-0b32a7fd-51a0-4d9c-ba8d-4bb0100759c0,1774,,,QUORUM,cassandra-1,True,False,3.283,2026-09-16T06:28:44.671888+00:00,
0b32a7fd-51a0-4d9c-ba8d-4bb0100759c0,monotonic_reads,network_partition,reader-1,read,mr-0b32a7fd-51a0-4d9c-ba8d-4bb0100759c0,,1774,QUORUM,QUORUM,cassandra-1,True,False,4.217,2026-09-16T06:28:44.685368+00:00,
0b32a7fd-51a0-4d9c-ba8d-4bb0100759c0,monotonic_reads,network_partition,reader-1,read,mr-0b32a7fd-51a0-4d9c-ba8d-4bb0100759c0,,1774,QUORUM,QUORUM,cassandra-2,True,False,2.893,2026-09-16T06:28:44.700847+00:00,
0b32a7fd-51a0-4d9c-ba8d-4bb0100759c0,monotonic_reads,network_partition,writer-1,write,mr-0b32a7fd-51a0-4d9c-ba8d-4bb0100759c0,1775,,,QUORUM,cassandra-1,True,False,4.192,2026-09-16T06:28:44.701143+00:00,
0b32a7fd-51a0-4d9c-ba8d-4bb0100759c0,monotonic_reads,network_partition,reader-1,read,mr-0b32a7fd-51a0-4d9c-ba8d-4bb0100759c0,,1775,QUORUM,QUORUM,cassandra-3,True,False,6.105,2026-09-16T06:28:44.718719+00:00,
0b32a7fd-51a0-4d9c-ba8d-4bb0100759c0,monotonic_reads,network_partition,writer-1,write,mr-0b32a7fd-51a0-4d9c-ba8d-4bb0100759c0,1776,,,QUORUM,cassandra-1,True,False,5.079,2026-09-16T06:28:44.730692+00:00,
0b32a7fd-51a0-4d9c-ba8d-4bb0100759c0,monotonic_reads,network_partition,reader-1,read,mr-0b32a7fd-51a0-4d9c-ba8d-4bb0100759c0,,1776,QUORUM,QUORUM,cassandra-1,True,False,5.444,2026-09-16T06:28:44.736263+00:00,
0b32a7fd-51a0-4d9c-ba8d-4bb0100759c0,monotonic_reads,network_partition,reader-1,read,mr-0b32a7fd-51a0-4d9c-ba8d-4bb0100759c0,,1776,QUORUM,QUORUM,cassandra-2,True,False,4.779,2026-09-16T06:28:44.753176+00:00,
0b32a7fd-51a0-4d9c-ba8d-4bb0100759c0,monotonic_reads,network_partition,writer-1,write,mr-0b32a7fd-51a0-4d9c-ba8d-4bb0100759c0,1777,,,QUORUM,cassandra-1,True,False,4.308,2026-09-16T06:28:44.757581+00:00,
0b32a7fd-51a0-4d9c-ba8d-4bb0100759c0,monotonic_reads,network_partition,reader-1,read,mr-0b32a7fd-51a0-4d9c-ba8d-4bb0100759c0,,1777,QUORUM,QUORUM,cassandra-3,True,False,5.353,2026-09-16T06:28:44.770538+00:00,
0b32a7fd-51a0-4d9c-ba8d-4bb0100759c0,monotonic_reads,network_partition,writer-1,write,mr-0b32a7fd-51a0-4d9c-ba8d-4bb0100759c0,1778,,,QUORUM,cassandra-1,True,False,2.882,2026-09-16T06:28:44.783112+00:00,
0b32a7fd-51a0-4d9c-ba8d-4bb0100759c0,monotonic_reads,network_partition,reader-1,read,mr-0b32a7fd-51a0-4d9c-ba8d-4bb0100759c0,,1778,QUORUM,QUORUM,cassandra-1,True,False,4.171,2026-09-16T06:28:44.785656+00:00,
0b32a7fd-51a0-4d9c-ba8d-4bb0100759c0,monotonic_reads,network_partition,reader-1,read,mr-0b32a7fd-51a0-4d9c-ba8d-4bb0100759c0,,1778,QUORUM,QUORUM,cassandra-2,True,False,4.426,2026-09-16T06:28:44.805982+00:00,
0b32a7fd-51a0-4d9c-ba8d-4bb0100759c0,monotonic_reads,network_partition,writer-1,write,mr-0b32a7fd-51a0-4d9c-ba8d-4bb0100759c0,1779,,,QUORUM,cassandra-1,True,False,2.776,2026-09-16T06:28:44.811061+00:00,
0b32a7fd-51a0-4d9c-ba8d-4bb0100759c0,monotonic_reads,network_partition,reader-1,read,mr-0b32a7fd-51a0-4d9c-ba8d-4bb0100759c0,,1779,QUORUM,QUORUM,cassandra-3,True,False,13.138,2026-09-16T06:28:44.831093+00:00,
0b32a7fd-51a0-4d9c-ba8d-4bb0100759c0,monotonic_reads,network_partition,writer-1,write,mr-0b32a7fd-51a0-4d9c-ba8d-4bb0100759c0,1780,,,QUORUM,cassandra-1,True,False,3.292,2026-09-16T06:28:44.838101+00:00,
0b32a7fd-51a0-4d9c-ba8d-4bb0100759c0,monotonic_reads,network_partition,reader-1,read,mr-0b32a7fd-51a0-4d9c-ba8d-4bb0100759c0,,1780,QUORUM,QUORUM,cassandra-1,True,False,4.195,2026-09-16T06:28:44.845799+00:00,
0b32a7fd-51a0-4d9c-ba8d-4bb0100759c0,monotonic_reads,network_partition,reader-1,read,mr-0b32a7fd-51a0-4d9c-ba8d-4bb0100759c0,,1780,QUORUM,QUORUM,cassandra-2,True,False,3.873,2026-09-16T06:28:44.861850+00:00,
0b32a7fd-51a0-4d9c-ba8d-4bb0100759c0,monotonic_reads,network_partition,writer-1,write,mr-0b32a7fd-51a0-4d9c-ba8d-4bb0100759c0,1781,,,QUORUM,cassandra-1,True,False,5.148,2026-09-16T06:28:44.868030+00:00,
0b32a7fd-51a0-4d9c-ba8d-4bb0100759c0,monotonic_reads,network_partition,reader-1,read,mr-0b32a7fd-51a0-4d9c-ba8d-4bb0100759c0,,1781,QUORUM,QUORUM,cassandra-3,True,False,4.041,2026-09-16T06:28:44.877672+00:00,
0b32a7fd-51a0-4d9c-ba8d-4bb0100759c0,monotonic_reads,network_partition,writer-1,write,mr-0b32a7fd-51a0-4d9c-ba8d-4bb0100759c0,1782,,,QUORUM,cassandra-1,True,False,3.029,2026-09-16T06:28:44.894617+00:00,
0b32a7fd-51a0-4d9c-ba8d-4bb0100759c0,monotonic_reads,network_partition,reader-1,read,mr-0b32a7fd-51a0-4d9c-ba8d-4bb0100759c0,,1781,QUORUM,QUORUM,cassandra-1,True,False,5.659,2026-09-16T06:28:44.895274+00:00,
0b32a7fd-51a0-4d9c-ba8d-4bb0100759c0,monotonic_reads,network_partition,reader-1,read,mr-0b32a7fd-51a0-4d9c-ba8d-4bb0100759c0,,1782,QUORUM,QUORUM,cassandra-2,True,False,3.72,2026-09-16T06:28:44.909693+00:00,
0b32a7fd-51a0-4d9c-ba8d-4bb0100759c0,monotonic_reads,network_partition,writer-1,write,mr-0b32a7fd-51a0-4d9c-ba8d-4bb0100759c0,1783,,,QUORUM,cassandra-1,True,False,3.808,2026-09-16T06:28:44.923386+00:00,
0b32a7fd-51a0-4d9c-ba8d-4bb0100759c0,monotonic_reads,network_partition,reader-1,read,mr-0b32a7fd-51a0-4d9c-ba8d-4bb0100759c0,,1783,QUORUM,QUORUM,cassandra-3,True,False,4.201,2026-09-16T06:28:44.925741+00:00,
0b32a7fd-51a0-4d9c-ba8d-4bb0100759c0,monotonic_reads,network_partition,reader-1,read,mr-0b32a7fd-51a0-4d9c-ba8d-4bb0100759c0,,1783,QUORUM,QUORUM,cassandra-1,True,False,15.39,2026-09-16T06:28:44.953752+00:00,
0b32a7fd-51a0-4d9c-ba8d-4bb0100759c0,monotonic_reads,network_partition,writer-1,write,mr-0b32a7fd-51a0-4d9c-ba8d-4bb0100759c0,1784,,,QUORUM,cassandra-1,True,False,8.132,2026-09-16T06:28:44.955263+00:00,
0b32a7fd-51a0-4d9c-ba8d-4bb0100759c0,monotonic_reads,network_partition,reader-1,read,mr-0b32a7fd-51a0-4d9c-ba8d-4bb0100759c0,,1784,QUORUM,QUORUM,cassandra-2,True,False,5.338,2026-09-16T06:28:44.970972+00:00,
0b32a7fd-51a0-4d9c-ba8d-4bb0100759c0,monotonic_reads,network_partition,writer-1,write,mr-0b32a7fd-51a0-4d9c-ba8d-4bb0100759c0,1785,,,QUORUM,cassandra-1,True,False,4.528,2026-09-16T06:28:44.982477+00:00,
0b32a7fd-51a0-4d9c-ba8d-4bb0100759c0,monotonic_reads,network_partition,reader-1,read,mr-0b32a7fd-51a0-4d9c-ba8d-4bb0100759c0,,1785,QUORUM,QUORUM,cassandra-3,True,False,4.202,2026-09-16T06:28:44.985795+00:00,
0b32a7fd-51a0-4d9c-ba8d-4bb0100759c0,monotonic_reads,network_partition,reader-1,read,mr-0b32a7fd-51a0-4d9c-ba8d-4bb0100759c0,,1785,QUORUM,QUORUM,cassandra-1,True,False,6.941,2026-09-16T06:28:45.003336+00:00,
0b32a7fd-51a0-4d9c-ba8d-4bb0100759c0,monotonic_reads,network_partition,writer-1,write,mr-0b32a7fd-51a0-4d9c-ba8d-4bb0100759c0,1786,,,QUORUM,cassandra-1,True,False,3.671,2026-09-16T06:28:45.007246+00:00,
0b32a7fd-51a0-4d9c-ba8d-4bb0100759c0,monotonic_reads,network_partition,reader-1,read,mr-0b32a7fd-51a0-4d9c-ba8d-4bb0100759c0,,1786,QUORUM,QUORUM,cassandra-2,True,False,4.649,2026-09-16T06:28:45.018750+00:00,
0b32a7fd-51a0-4d9c-ba8d-4bb0100759c0,monotonic_reads,network_partition,writer-1,write,mr-0b32a7fd-51a0-4d9c-ba8d-4bb0100759c0,1787,,,QUORUM,cassandra-1,True,False,5.152,2026-09-16T06:28:45.034779+00:00,
0b32a7fd-51a0-4d9c-ba8d-4bb0100759c0,monotonic_reads,network_partition,reader-1,read,mr-0b32a7fd-51a0-4d9c-ba8d-4bb0100759c0,,1786,QUORUM,QUORUM,cassandra-3,True,False,5.272,2026-09-16T06:28:45.035478+00:00,
0b32a7fd-51a0-4d9c-ba8d-4bb0100759c0,monotonic_reads,network_partition,reader-1,read,mr-0b32a7fd-51a0-4d9c-ba8d-4bb0100759c0,,1787,QUORUM,QUORUM,cassandra-1,True,False,5.863,2026-09-16T06:28:45.051484+00:00,
0b32a7fd-51a0-4d9c-ba8d-4bb0100759c0,monotonic_reads,network_partition,writer-1,write,mr-0b32a7fd-51a0-4d9c-ba8d-4bb0100759c0,1788,,,QUORUM,cassandra-1,True,False,3.992,2026-09-16T06:28:45.061624+00:00,
0b32a7fd-51a0-4d9c-ba8d-4bb0100759c0,monotonic_reads,network_partition,reader-1,read,mr-0b32a7fd-51a0-4d9c-ba8d-4bb0100759c0,,1788,QUORUM,QUORUM,cassandra-2,True,False,4.32,2026-09-16T06:28:45.067883+00:00,
0b32a7fd-51a0-4d9c-ba8d-4bb0100759c0,monotonic_reads,network_partition,reader-1,read,mr-0b32a7fd-51a0-4d9c-ba8d-4bb0100759c0,,1788,QUORUM,QUORUM,cassandra-3,True,False,5.83,2026-09-16T06:28:45.085937+00:00,
0b32a7fd-51a0-4d9c-ba8d-4bb0100759c0,monotonic_reads,network_partition,writer-1,write,mr-0b32a7fd-51a0-4d9c-ba8d-4bb0100759c0,1789,,,QUORUM,cassandra-1,True,False,7.35,2026-09-16T06:28:45.091396+00:00,
0b32a7fd-51a0-4d9c-ba8d-4bb0100759c0,monotonic_reads,network_partition,reader-1,read,mr-0b32a7fd-51a0-4d9c-ba8d-4bb0100759c0,,1789,QUORUM,QUORUM,cassandra-1,True,False,5.231,2026-09-16T06:28:45.102902+00:00,
0b32a7fd-51a0-4d9c-ba8d-4bb0100759c0,monotonic_reads,network_partition,writer-1,write,mr-0b32a7fd-51a0-4d9c-ba8d-4bb0100759c0,1790,,,QUORUM,cassandra-1,True,False,4.367,2026-09-16T06:28:45.119650+00:00,
0b32a7fd-51a0-4d9c-ba8d-4bb0100759c0,monotonic_reads,network_partition,reader-1,read,mr-0b32a7fd-51a0-4d9c-ba8d-4bb0100759c0,,1790,QUORUM,QUORUM,cassandra-2,True,False,7.811,2026-09-16T06:28:45.122463+00:00,
0b32a7fd-51a0-4d9c-ba8d-4bb0100759c0,monotonic_reads,network_partition,reader-1,read,mr-0b32a7fd-51a0-4d9c-ba8d-4bb0100759c0,,1790,QUORUM,QUORUM,cassandra-3,True,False,5.236,2026-09-16T06:28:45.140120+00:00,
0b32a7fd-51a0-4d9c-ba8d-4bb0100759c0,monotonic_reads,network_partition,writer-1,write,mr-0b32a7fd-51a0-4d9c-ba8d-4bb0100759c0,1791,,,QUORUM,cassandra-1,True,False,3.82,2026-09-16T06:28:45.145425+00:00,
0b32a7fd-51a0-4d9c-ba8d-4bb0100759c0,monotonic_reads,network_partition,reader-1,read,mr-0b32a7fd-51a0-4d9c-ba8d-4bb0100759c0,,1791,QUORUM,QUORUM,cassandra-1,True,False,7.24,2026-09-16T06:28:45.157636+00:00,
0b32a7fd-51a0-4d9c-ba8d-4bb0100759c0,monotonic_reads,network_partition,reader-1,read,mr-0b32a7fd-51a0-4d9c-ba8d-4bb0100759c0,,1791,QUORUM,QUORUM,cassandra-2,True,False,3.457,2026-09-16T06:28:45.171915+00:00,
0b32a7fd-51a0-4d9c-ba8d-4bb0100759c0,monotonic_reads,network_partition,writer-1,write,mr-0b32a7fd-51a0-4d9c-ba8d-4bb0100759c0,1792,,,QUORUM,cassandra-1,True,False,4.716,2026-09-16T06:28:45.172335+00:00,
0b32a7fd-51a0-4d9c-ba8d-4bb0100759c0,monotonic_reads,network_partition,reader-1,read,mr-0b32a7fd-51a0-4d9c-ba8d-4bb0100759c0,,1792,QUORUM,QUORUM,cassandra-3,True,False,6.107,2026-09-16T06:28:45.189736+00:00,
0b32a7fd-51a0-4d9c-ba8d-4bb0100759c0,monotonic_reads,network_partition,writer-1,write,mr-0b32a7fd-51a0-4d9c-ba8d-4bb0100759c0,1793,,,QUORUM,cassandra-1,True,False,6.393,2026-09-16T06:28:45.201036+00:00,
0b32a7fd-51a0-4d9c-ba8d-4bb0100759c0,monotonic_reads,network_partition,reader-1,read,mr-0b32a7fd-51a0-4d9c-ba8d-4bb0100759c0,,1793,QUORUM,QUORUM,cassandra-1,True,False,4.776,2026-09-16T06:28:45.206295+00:00,
0b32a7fd-51a0-4d9c-ba8d-4bb0100759c0,monotonic_reads,network_partition,reader-1,read,mr-0b32a7fd-51a0-4d9c-ba8d-4bb0100759c0,,1793,QUORUM,QUORUM,cassandra-2,True,False,6.538,2026-09-16T06:28:45.224837+00:00,
0b32a7fd-51a0-4d9c-ba8d-4bb0100759c0,monotonic_reads,network_partition,writer-1,write,mr-0b32a7fd-51a0-4d9c-ba8d-4bb0100759c0,1794,,,QUORUM,cassandra-1,True,False,4.914,2026-09-16T06:28:45.228406+00:00,
0b32a7fd-51a0-4d9c-ba8d-4bb0100759c0,monotonic_reads,network_partition,reader-1,read,mr-0b32a7fd-51a0-4d9c-ba8d-4bb0100759c0,,1794,QUORUM,QUORUM,cassandra-3,True,False,4.822,2026-09-16T06:28:45.241304+00:00,
0b32a7fd-51a0-4d9c-ba8d-4bb0100759c0,monotonic_reads,network_partition,writer-1,write,mr-0b32a7fd-51a0-4d9c-ba8d-4bb0100759c0,1795,,,QUORUM,cassandra-1,True,False,4.605,2026-09-16T06:28:45.256608+00:00,
0b32a7fd-51a0-4d9c-ba8d-4bb0100759c0,monotonic_reads,network_partition,reader-1,read,mr-0b32a7fd-51a0-4d9c-ba8d-4bb0100759c0,,1794,QUORUM,QUORUM,cassandra-1,True,False,5.783,2026-09-16T06:28:45.257383+00:00,
0b32a7fd-51a0-4d9c-ba8d-4bb0100759c0,monotonic_reads,network_partition,reader-1,read,mr-0b32a7fd-51a0-4d9c-ba8d-4bb0100759c0,,1795,QUORUM,QUORUM,cassandra-2,True,False,14.72,2026-09-16T06:28:45.283220+00:00,
0b32a7fd-51a0-4d9c-ba8d-4bb0100759c0,monotonic_reads,network_partition,writer-1,write,mr-0b32a7fd-51a0-4d9c-ba8d-4bb0100759c0,1796,,,QUORUM,cassandra-1,True,False,5.856,2026-09-16T06:28:45.285378+00:00,
0b32a7fd-51a0-4d9c-ba8d-4bb0100759c0,monotonic_reads,network_partition,reader-1,read,mr-0b32a7fd-51a0-4d9c-ba8d-4bb0100759c0,,1796,QUORUM,QUORUM,cassandra-3,True,False,5.122,2026-09-16T06:28:45.298729+00:00,
0b32a7fd-51a0-4d9c-ba8d-4bb0100759c0,monotonic_reads,network_partition,writer-1,write,mr-0b32a7fd-51a0-4d9c-ba8d-4bb0100759c0,1797,,,QUORUM,cassandra-1,True,False,5.03,2026-09-16T06:28:45.311667+00:00,
0b32a7fd-51a0-4d9c-ba8d-4bb0100759c0,monotonic_reads,network_partition,reader-1,read,mr-0b32a7fd-51a0-4d9c-ba8d-4bb0100759c0,,1797,QUORUM,QUORUM,cassandra-1,True,False,4.383,2026-09-16T06:28:45.314109+00:00,
0b32a7fd-51a0-4d9c-ba8d-4bb0100759c0,monotonic_reads,network_partition,reader-1,read,mr-0b32a7fd-51a0-4d9c-ba8d-4bb0100759c0,,1797,QUORUM,QUORUM,cassandra-2,True,False,6.088,2026-09-16T06:28:45.331773+00:00,
0b32a7fd-51a0-4d9c-ba8d-4bb0100759c0,monotonic_reads,network_partition,writer-1,write,mr-0b32a7fd-51a0-4d9c-ba8d-4bb0100759c0,1798,,,QUORUM,cassandra-1,True,False,4.924,2026-09-16T06:28:45.339795+00:00,
0b32a7fd-51a0-4d9c-ba8d-4bb0100759c0,monotonic_reads,network_partition,reader-1,read,mr-0b32a7fd-51a0-4d9c-ba8d-4bb0100759c0,,1798,QUORUM,QUORUM,cassandra-3,True,False,5.996,2026-09-16T06:28:45.348532+00:00,
0b32a7fd-51a0-4d9c-ba8d-4bb0100759c0,monotonic_reads,network_partition,reader-1,read,mr-0b32a7fd-51a0-4d9c-ba8d-4bb0100759c0,,1798,QUORUM,QUORUM,cassandra-1,True,False,5.71,2026-09-16T06:28:45.365347+00:00,
0b32a7fd-51a0-4d9c-ba8d-4bb0100759c0,monotonic_reads,network_partition,writer-1,write,mr-0b32a7fd-51a0-4d9c-ba8d-4bb0100759c0,1799,,,QUORUM,cassandra-1,True,False,4.24,2026-09-16T06:28:45.365674+00:00,
0b32a7fd-51a0-4d9c-ba8d-4bb0100759c0,monotonic_reads,network_partition,reader-1,read,mr-0b32a7fd-51a0-4d9c-ba8d-4bb0100759c0,,1799,QUORUM,QUORUM,cassandra-2,True,False,4.674,2026-09-16T06:28:45.381278+00:00,
0b32a7fd-51a0-4d9c-ba8d-4bb0100759c0,monotonic_reads,network_partition,writer-1,write,mr-0b32a7fd-51a0-4d9c-ba8d-4bb0100759c0,1800,,,QUORUM,cassandra-1,True,False,4.774,2026-09-16T06:28:45.394387+00:00,
0b32a7fd-51a0-4d9c-ba8d-4bb0100759c0,monotonic_reads,network_partition,reader-1,read,mr-0b32a7fd-51a0-4d9c-ba8d-4bb0100759c0,,1800,QUORUM,QUORUM,cassandra-3,True,False,4.213,2026-09-16T06:28:45.395826+00:00,
0b32a7fd-51a0-4d9c-ba8d-4bb0100759c0,monotonic_reads,network_partition,reader-1,read,mr-0b32a7fd-51a0-4d9c-ba8d-4bb0100759c0,,1800,QUORUM,QUORUM,cassandra-1,True,False,5.545,2026-09-16T06:28:45.413158+00:00,
0b32a7fd-51a0-4d9c-ba8d-4bb0100759c0,monotonic_reads,network_partition,writer-1,write,mr-0b32a7fd-51a0-4d9c-ba8d-4bb0100759c0,1801,,,QUORUM,cassandra-1,True,False,4.824,2026-09-16T06:28:45.423336+00:00,
0b32a7fd-51a0-4d9c-ba8d-4bb0100759c0,monotonic_reads,network_partition,reader-1,read,mr-0b32a7fd-51a0-4d9c-ba8d-4bb0100759c0,,1801,QUORUM,QUORUM,cassandra-2,True,False,4.271,2026-09-16T06:28:45.428871+00:00,
0b32a7fd-51a0-4d9c-ba8d-4bb0100759c0,monotonic_reads,network_partition,writer-1,write,mr-0b32a7fd-51a0-4d9c-ba8d-4bb0100759c0,1802,,,QUORUM,cassandra-1,True,False,5.599,2026-09-16T06:28:45.450458+00:00,
0b32a7fd-51a0-4d9c-ba8d-4bb0100759c0,monotonic_reads,network_partition,reader-1,read,mr-0b32a7fd-51a0-4d9c-ba8d-4bb0100759c0,,1801,QUORUM,QUORUM,cassandra-3,True,False,12.008,2026-09-16T06:28:45.451091+00:00,
0b32a7fd-51a0-4d9c-ba8d-4bb0100759c0,monotonic_reads,network_partition,reader-1,read,mr-0b32a7fd-51a0-4d9c-ba8d-4bb0100759c0,,1802,QUORUM,QUORUM,cassandra-1,True,False,5.735,2026-09-16T06:28:45.468356+00:00,
0b32a7fd-51a0-4d9c-ba8d-4bb0100759c0,monotonic_reads,network_partition,writer-1,write,mr-0b32a7fd-51a0-4d9c-ba8d-4bb0100759c0,1803,,,QUORUM,cassandra-1,True,False,4.664,2026-09-16T06:28:45.480680+00:00,
0b32a7fd-51a0-4d9c-ba8d-4bb0100759c0,monotonic_reads,network_partition,reader-1,read,mr-0b32a7fd-51a0-4d9c-ba8d-4bb0100759c0,,1803,QUORUM,QUORUM,cassandra-2,True,False,4.231,2026-09-16T06:28:45.485017+00:00,
0b32a7fd-51a0-4d9c-ba8d-4bb0100759c0,monotonic_reads,network_partition,reader-1,read,mr-0b32a7fd-51a0-4d9c-ba8d-4bb0100759c0,,1803,QUORUM,QUORUM,cassandra-3,True,False,5.194,2026-09-16T06:28:45.502083+00:00,
0b32a7fd-51a0-4d9c-ba8d-4bb0100759c0,monotonic_reads,network_partition,writer-1,write,mr-0b32a7fd-51a0-4d9c-ba8d-4bb0100759c0,1804,,,QUORUM,cassandra-1,True,False,4.049,2026-09-16T06:28:45.506272+00:00,
0b32a7fd-51a0-4d9c-ba8d-4bb0100759c0,monotonic_reads,network_partition,reader-1,read,mr-0b32a7fd-51a0-4d9c-ba8d-4bb0100759c0,,1804,QUORUM,QUORUM,cassandra-1,True,False,6.446,2026-09-16T06:28:45.521088+00:00,
0b32a7fd-51a0-4d9c-ba8d-4bb0100759c0,monotonic_reads,network_partition,writer-1,write,mr-0b32a7fd-51a0-4d9c-ba8d-4bb0100759c0,1805,,,QUORUM,cassandra-1,True,False,5.011,2026-09-16T06:28:45.536434+00:00,
0b32a7fd-51a0-4d9c-ba8d-4bb0100759c0,monotonic_reads,network_partition,reader-1,read,mr-0b32a7fd-51a0-4d9c-ba8d-4bb0100759c0,,1805,QUORUM,QUORUM,cassandra-2,True,False,3.881,2026-09-16T06:28:45.537665+00:00,
0b32a7fd-51a0-4d9c-ba8d-4bb0100759c0,monotonic_reads,network_partition,reader-1,read,mr-0b32a7fd-51a0-4d9c-ba8d-4bb0100759c0,,1805,QUORUM,QUORUM,cassandra-3,True,False,6.092,2026-09-16T06:28:45.556417+00:00,
0b32a7fd-51a0-4d9c-ba8d-4bb0100759c0,monotonic_reads,network_partition,writer-1,write,mr-0b32a7fd-51a0-4d9c-ba8d-4bb0100759c0,1806,,,QUORUM,cassandra-1,True,False,3.839,2026-09-16T06:28:45.562436+00:00,
0b32a7fd-51a0-4d9c-ba8d-4bb0100759c0,monotonic_reads,network_partition,reader-1,read,mr-0b32a7fd-51a0-4d9c-ba8d-4bb0100759c0,,1806,QUORUM,QUORUM,cassandra-1,True,False,5.502,2026-09-16T06:28:45.574124+00:00,
0b32a7fd-51a0-4d9c-ba8d-4bb0100759c0,monotonic_reads,network_partition,reader-1,read,mr-0b32a7fd-51a0-4d9c-ba8d-4bb0100759c0,,1806,QUORUM,QUORUM,cassandra-2,True,False,5.375,2026-09-16T06:28:45.590018+00:00,
0b32a7fd-51a0-4d9c-ba8d-4bb0100759c0,monotonic_reads,network_partition,writer-1,write,mr-0b32a7fd-51a0-4d9c-ba8d-4bb0100759c0,1807,,,QUORUM,cassandra-1,True,False,3.771,2026-09-16T06:28:45.591366+00:00,
0b32a7fd-51a0-4d9c-ba8d-4bb0100759c0,monotonic_reads,network_partition,reader-1,read,mr-0b32a7fd-51a0-4d9c-ba8d-4bb0100759c0,,1807,QUORUM,QUORUM,cassandra-3,True,False,15.378,2026-09-16T06:28:45.616900+00:00,
0b32a7fd-51a0-4d9c-ba8d-4bb0100759c0,monotonic_reads,network_partition,writer-1,write,mr-0b32a7fd-51a0-4d9c-ba8d-4bb0100759c0,1808,,,QUORUM,cassandra-1,True,False,3.564,2026-09-16T06:28:45.619088+00:00,
0b32a7fd-51a0-4d9c-ba8d-4bb0100759c0,monotonic_reads,network_partition,reader-1,read,mr-0b32a7fd-51a0-4d9c-ba8d-4bb0100759c0,,1808,QUORUM,QUORUM,cassandra-1,True,False,4.611,2026-09-16T06:28:45.632596+00:00,
0b32a7fd-51a0-4d9c-ba8d-4bb0100759c0,monotonic_reads,network_partition,writer-1,write,mr-0b32a7fd-51a0-4d9c-ba8d-4bb0100759c0,1809,,,QUORUM,cassandra-1,True,False,4.598,2026-09-16T06:28:45.647567+00:00,
0b32a7fd-51a0-4d9c-ba8d-4bb0100759c0,monotonic_reads,network_partition,reader-1,read,mr-0b32a7fd-51a0-4d9c-ba8d-4bb0100759c0,,1809,QUORUM,QUORUM,cassandra-2,True,False,5.042,2026-09-16T06:28:45.649902+00:00,
0b32a7fd-51a0-4d9c-ba8d-4bb0100759c0,monotonic_reads,network_partition,reader-1,read,mr-0b32a7fd-51a0-4d9c-ba8d-4bb0100759c0,,1809,QUORUM,QUORUM,cassandra-3,True,False,8.25,2026-09-16T06:28:45.670814+00:00,
0b32a7fd-51a0-4d9c-ba8d-4bb0100759c0,monotonic_reads,network_partition,writer-1,write,mr-0b32a7fd-51a0-4d9c-ba8d-4bb0100759c0,1810,,,QUORUM,cassandra-1,True,False,4.308,2026-09-16T06:28:45.672979+00:00,
0b32a7fd-51a0-4d9c-ba8d-4bb0100759c0,monotonic_reads,network_partition,reader-1,read,mr-0b32a7fd-51a0-4d9c-ba8d-4bb0100759c0,,1810,QUORUM,QUORUM,cassandra-1,True,False,2.742,2026-09-16T06:28:45.686219+00:00,
0b32a7fd-51a0-4d9c-ba8d-4bb0100759c0,monotonic_reads,network_partition,writer-1,write,mr-0b32a7fd-51a0-4d9c-ba8d-4bb0100759c0,1811,,,QUORUM,cassandra-1,True,False,3.07,2026-09-16T06:28:45.701124+00:00,
0b32a7fd-51a0-4d9c-ba8d-4bb0100759c0,monotonic_reads,network_partition,reader-1,read,mr-0b32a7fd-51a0-4d9c-ba8d-4bb0100759c0,,1810,QUORUM,QUORUM,cassandra-2,True,False,3.082,2026-09-16T06:28:45.701424+00:00,
0b32a7fd-51a0-4d9c-ba8d-4bb0100759c0,monotonic_reads,network_partition,reader-1,read,mr-0b32a7fd-51a0-4d9c-ba8d-4bb0100759c0,,1811,QUORUM,QUORUM,cassandra-3,True,False,4.984,2026-09-16T06:28:45.718569+00:00,
0b32a7fd-51a0-4d9c-ba8d-4bb0100759c0,monotonic_reads,network_partition,writer-1,write,mr-0b32a7fd-51a0-4d9c-ba8d-4bb0100759c0,1812,,,QUORUM,cassandra-1,True,False,4.423,2026-09-16T06:28:45.730443+00:00,
0b32a7fd-51a0-4d9c-ba8d-4bb0100759c0,monotonic_reads,network_partition,reader-1,read,mr-0b32a7fd-51a0-4d9c-ba8d-4bb0100759c0,,1812,QUORUM,QUORUM,cassandra-1,True,False,5.241,2026-09-16T06:28:45.736549+00:00,
0b32a7fd-51a0-4d9c-ba8d-4bb0100759c0,monotonic_reads,network_partition,reader-1,read,mr-0b32a7fd-51a0-4d9c-ba8d-4bb0100759c0,,1812,QUORUM,QUORUM,cassandra-2,True,False,5.634,2026-09-16T06:28:45.753300+00:00,
0b32a7fd-51a0-4d9c-ba8d-4bb0100759c0,monotonic_reads,network_partition,writer-1,write,mr-0b32a7fd-51a0-4d9c-ba8d-4bb0100759c0,1813,,,QUORUM,cassandra-1,True,False,4.066,2026-09-16T06:28:45.757466+00:00,
0b32a7fd-51a0-4d9c-ba8d-4bb0100759c0,monotonic_reads,network_partition,reader-1,read,mr-0b32a7fd-51a0-4d9c-ba8d-4bb0100759c0,,1813,QUORUM,QUORUM,cassandra-3,True,False,7.14,2026-09-16T06:28:45.772791+00:00,
0b32a7fd-51a0-4d9c-ba8d-4bb0100759c0,monotonic_reads,network_partition,writer-1,write,mr-0b32a7fd-51a0-4d9c-ba8d-4bb0100759c0,1814,,,QUORUM,cassandra-1,True,False,5.072,2026-09-16T06:28:45.786703+00:00,
0b32a7fd-51a0-4d9c-ba8d-4bb0100759c0,monotonic_reads,network_partition,reader-1,read,mr-0b32a7fd-51a0-4d9c-ba8d-4bb0100759c0,,1814,QUORUM,QUORUM,cassandra-1,True,False,4.279,2026-09-16T06:28:45.788882+00:00,
0b32a7fd-51a0-4d9c-ba8d-4bb0100759c0,monotonic_reads,network_partition,reader-1,read,mr-0b32a7fd-51a0-4d9c-ba8d-4bb0100759c0,,1814,QUORUM,QUORUM,cassandra-2,True,False,5.704,2026-09-16T06:28:45.807151+00:00,
0b32a7fd-51a0-4d9c-ba8d-4bb0100759c0,monotonic_reads,network_partition,writer-1,write,mr-0b32a7fd-51a0-4d9c-ba8d-4bb0100759c0,1815,,,QUORUM,cassandra-1,True,False,4.319,2026-09-16T06:28:45.815294+00:00,
0b32a7fd-51a0-4d9c-ba8d-4bb0100759c0,monotonic_reads,network_partition,reader-1,read,mr-0b32a7fd-51a0-4d9c-ba8d-4bb0100759c0,,1815,QUORUM,QUORUM,cassandra-3,True,False,6.807,2026-09-16T06:28:45.825403+00:00,
0b32a7fd-51a0-4d9c-ba8d-4bb0100759c0,monotonic_reads,network_partition,writer-1,write,mr-0b32a7fd-51a0-4d9c-ba8d-4bb0100759c0,1816,,,QUORUM,cassandra-1,True,False,5.817,2026-09-16T06:28:45.845070+00:00,
0b32a7fd-51a0-4d9c-ba8d-4bb0100759c0,monotonic_reads,network_partition,reader-1,read,mr-0b32a7fd-51a0-4d9c-ba8d-4bb0100759c0,,1815,QUORUM,QUORUM,cassandra-1,True,False,8.148,2026-09-16T06:28:45.845809+00:00,
0b32a7fd-51a0-4d9c-ba8d-4bb0100759c0,monotonic_reads,network_partition,reader-1,read,mr-0b32a7fd-51a0-4d9c-ba8d-4bb0100759c0,,1816,QUORUM,QUORUM,cassandra-2,True,False,6.418,2026-09-16T06:28:45.863080+00:00,
0b32a7fd-51a0-4d9c-ba8d-4bb0100759c0,monotonic_reads,network_partition,writer-1,write,mr-0b32a7fd-51a0-4d9c-ba8d-4bb0100759c0,1817,,,QUORUM,cassandra-1,True,False,5.152,2026-09-16T06:28:45.872768+00:00,
0b32a7fd-51a0-4d9c-ba8d-4bb0100759c0,monotonic_reads,network_partition,reader-1,read,mr-0b32a7fd-51a0-4d9c-ba8d-4bb0100759c0,,1817,QUORUM,QUORUM,cassandra-3,True,False,4.085,2026-09-16T06:28:45.877711+00:00,
0b32a7fd-51a0-4d9c-ba8d-4bb0100759c0,monotonic_reads,network_partition,reader-1,read,mr-0b32a7fd-51a0-4d9c-ba8d-4bb0100759c0,,1817,QUORUM,QUORUM,cassandra-1,True,False,5.379,2026-09-16T06:28:45.895015+00:00,
0b32a7fd-51a0-4d9c-ba8d-4bb0100759c0,monotonic_reads,network_partition,writer-1,write,mr-0b32a7fd-51a0-4d9c-ba8d-4bb0100759c0,1818,,,QUORUM,cassandra-1,True,False,4.021,2026-09-16T06:28:45.899520+00:00,
0b32a7fd-51a0-4d9c-ba8d-4bb0100759c0,monotonic_reads,network_partition,reader-1,read,mr-0b32a7fd-51a0-4d9c-ba8d-4bb0100759c0,,1818,QUORUM,QUORUM,cassandra-2,True,False,5.346,2026-09-16T06:28:45.910832+00:00,
0b32a7fd-51a0-4d9c-ba8d-4bb0100759c0,monotonic_reads,network_partition,reader-1,read,mr-0b32a7fd-51a0-4d9c-ba8d-4bb0100759c0,,1818,QUORUM,QUORUM,cassandra-3,True,False,5.42,2026-09-16T06:28:45.926871+00:00,
0b32a7fd-51a0-4d9c-ba8d-4bb0100759c0,monotonic_reads,network_partition,writer-1,write,mr-0b32a7fd-51a0-4d9c-ba8d-4bb0100759c0,1819,,,QUORUM,cassandra-1,True,False,4.684,2026-09-16T06:28:45.929284+00:00,
0b32a7fd-51a0-4d9c-ba8d-4bb0100759c0,monotonic_reads,network_partition,reader-1,read,mr-0b32a7fd-51a0-4d9c-ba8d-4bb0100759c0,,1819,QUORUM,QUORUM,cassandra-1,True,False,14.504,2026-09-16T06:28:45.952170+00:00,
0b32a7fd-51a0-4d9c-ba8d-4bb0100759c0,monotonic_reads,network_partition,writer-1,write,mr-0b32a7fd-51a0-4d9c-ba8d-4bb0100759c0,1820,,,QUORUM,cassandra-1,True,False,3.459,2026-09-16T06:28:45.956853+00:00,
0b32a7fd-51a0-4d9c-ba8d-4bb0100759c0,monotonic_reads,network_partition,reader-1,read,mr-0b32a7fd-51a0-4d9c-ba8d-4bb0100759c0,,1820,QUORUM,QUORUM,cassandra-2,True,False,3.842,2026-09-16T06:28:45.968696+00:00,
0b32a7fd-51a0-4d9c-ba8d-4bb0100759c0,monotonic_reads,network_partition,reader-1,read,mr-0b32a7fd-51a0-4d9c-ba8d-4bb0100759c0,,1820,QUORUM,QUORUM,cassandra-3,True,False,3.411,2026-09-16T06:28:45.982459+00:00,
0b32a7fd-51a0-4d9c-ba8d-4bb0100759c0,monotonic_reads,network_partition,writer-1,write,mr-0b32a7fd-51a0-4d9c-ba8d-4bb0100759c0,1821,,,QUORUM,cassandra-1,True,False,3.54,2026-09-16T06:28:45.982982+00:00,
0b32a7fd-51a0-4d9c-ba8d-4bb0100759c0,monotonic_reads,network_partition,reader-1,read,mr-0b32a7fd-51a0-4d9c-ba8d-4bb0100759c0,,1821,QUORUM,QUORUM,cassandra-1,True,False,5.647,2026-09-16T06:28:46.000814+00:00,
0b32a7fd-51a0-4d9c-ba8d-4bb0100759c0,monotonic_reads,network_partition,writer-1,write,mr-0b32a7fd-51a0-4d9c-ba8d-4bb0100759c0,1822,,,QUORUM,cassandra-1,True,False,2.708,2026-09-16T06:28:46.009839+00:00,
0b32a7fd-51a0-4d9c-ba8d-4bb0100759c0,monotonic_reads,network_partition,reader-1,read,mr-0b32a7fd-51a0-4d9c-ba8d-4bb0100759c0,,1822,QUORUM,QUORUM,cassandra-2,True,False,5.001,2026-09-16T06:28:46.017620+00:00,
0b32a7fd-51a0-4d9c-ba8d-4bb0100759c0,monotonic_reads,network_partition,reader-1,read,mr-0b32a7fd-51a0-4d9c-ba8d-4bb0100759c0,,1822,QUORUM,QUORUM,cassandra-3,True,False,6.264,2026-09-16T06:28:46.036608+00:00,
0b32a7fd-51a0-4d9c-ba8d-4bb0100759c0,monotonic_reads,network_partition,writer-1,write,mr-0b32a7fd-51a0-4d9c-ba8d-4bb0100759c0,1823,,,QUORUM,cassandra-1,True,False,5.766,2026-09-16T06:28:46.040407+00:00,
0b32a7fd-51a0-4d9c-ba8d-4bb0100759c0,monotonic_reads,network_partition,reader-1,read,mr-0b32a7fd-51a0-4d9c-ba8d-4bb0100759c0,,1823,QUORUM,QUORUM,cassandra-1,True,False,3.224,2026-09-16T06:28:46.051190+00:00,
0b32a7fd-51a0-4d9c-ba8d-4bb0100759c0,monotonic_reads,network_partition,writer-1,write,mr-0b32a7fd-51a0-4d9c-ba8d-4bb0100759c0,1824,,,QUORUM,cassandra-1,True,False,2.099,2026-09-16T06:28:46.066087+00:00,
0b32a7fd-51a0-4d9c-ba8d-4bb0100759c0,monotonic_reads,network_partition,reader-1,read,mr-0b32a7fd-51a0-4d9c-ba8d-4bb0100759c0,,1824,QUORUM,QUORUM,cassandra-2,True,False,5.725,2026-09-16T06:28:46.069503+00:00,
0b32a7fd-51a0-4d9c-ba8d-4bb0100759c0,monotonic_reads,network_partition,reader-1,read,mr-0b32a7fd-51a0-4d9c-ba8d-4bb0100759c0,,1824,QUORUM,QUORUM,cassandra-3,True,False,3.257,2026-09-16T06:28:46.085359+00:00,
0b32a7fd-51a0-4d9c-ba8d-4bb0100759c0,monotonic_reads,network_partition,writer-1,write,mr-0b32a7fd-51a0-4d9c-ba8d-4bb0100759c0,1825,,,QUORUM,cassandra-1,True,False,3.921,2026-09-16T06:28:46.095077+00:00,
0b32a7fd-51a0-4d9c-ba8d-4bb0100759c0,monotonic_reads,network_partition,reader-1,read,mr-0b32a7fd-51a0-4d9c-ba8d-4bb0100759c0,,1825,QUORUM,QUORUM,cassandra-1,True,False,2.3,2026-09-16T06:28:46.100236+00:00,
0b32a7fd-51a0-4d9c-ba8d-4bb0100759c0,monotonic_reads,network_partition,reader-1,read,mr-0b32a7fd-51a0-4d9c-ba8d-4bb0100759c0,,1825,QUORUM,QUORUM,cassandra-2,True,False,3.111,2026-09-16T06:28:46.114341+00:00,
0b32a7fd-51a0-4d9c-ba8d-4bb0100759c0,monotonic_reads,network_partition,writer-1,write,mr-0b32a7fd-51a0-4d9c-ba8d-4bb0100759c0,1826,,,QUORUM,cassandra-1,True,False,2.261,2026-09-16T06:28:46.117889+00:00,
0b32a7fd-51a0-4d9c-ba8d-4bb0100759c0,monotonic_reads,network_partition,reader-1,read,mr-0b32a7fd-51a0-4d9c-ba8d-4bb0100759c0,,1826,QUORUM,QUORUM,cassandra-3,True,False,3.391,2026-09-16T06:28:46.130235+00:00,
0b32a7fd-51a0-4d9c-ba8d-4bb0100759c0,monotonic_reads,network_partition,writer-1,write,mr-0b32a7fd-51a0-4d9c-ba8d-4bb0100759c0,1827,,,QUORUM,cassandra-1,True,False,2.241,2026-09-16T06:28:46.143076+00:00,
0b32a7fd-51a0-4d9c-ba8d-4bb0100759c0,monotonic_reads,network_partition,reader-1,read,mr-0b32a7fd-51a0-4d9c-ba8d-4bb0100759c0,,1827,QUORUM,QUORUM,cassandra-1,True,False,4.661,2026-09-16T06:28:46.145277+00:00,
0b32a7fd-51a0-4d9c-ba8d-4bb0100759c0,monotonic_reads,network_partition,reader-1,read,mr-0b32a7fd-51a0-4d9c-ba8d-4bb0100759c0,,1827,QUORUM,QUORUM,cassandra-2,True,False,3.871,2026-09-16T06:28:46.159602+00:00,
0b32a7fd-51a0-4d9c-ba8d-4bb0100759c0,monotonic_reads,network_partition,writer-1,write,mr-0b32a7fd-51a0-4d9c-ba8d-4bb0100759c0,1828,,,QUORUM,cassandra-1,True,False,2.779,2026-09-16T06:28:46.169945+00:00,
0b32a7fd-51a0-4d9c-ba8d-4bb0100759c0,monotonic_reads,network_partition,reader-1,read,mr-0b32a7fd-51a0-4d9c-ba8d-4bb0100759c0,,1828,QUORUM,QUORUM,cassandra-3,True,False,3.285,2026-09-16T06:28:46.174195+00:00,
0b32a7fd-51a0-4d9c-ba8d-4bb0100759c0,monotonic_reads,network_partition,reader-1,read,mr-0b32a7fd-51a0-4d9c-ba8d-4bb0100759c0,,1828,QUORUM,QUORUM,cassandra-1,True,False,3.266,2026-09-16T06:28:46.189288+00:00,
0b32a7fd-51a0-4d9c-ba8d-4bb0100759c0,monotonic_reads,network_partition,writer-1,write,mr-0b32a7fd-51a0-4d9c-ba8d-4bb0100759c0,1829,,,QUORUM,cassandra-1,True,False,3.376,2026-09-16T06:28:46.194981+00:00,
0b32a7fd-51a0-4d9c-ba8d-4bb0100759c0,monotonic_reads,network_partition,reader-1,read,mr-0b32a7fd-51a0-4d9c-ba8d-4bb0100759c0,,1829,QUORUM,QUORUM,cassandra-2,True,False,3.684,2026-09-16T06:28:46.203129+00:00,
0b32a7fd-51a0-4d9c-ba8d-4bb0100759c0,monotonic_reads,network_partition,reader-1,read,mr-0b32a7fd-51a0-4d9c-ba8d-4bb0100759c0,,1829,QUORUM,QUORUM,cassandra-3,True,False,2.56,2026-09-16T06:28:46.218260+00:00,
0b32a7fd-51a0-4d9c-ba8d-4bb0100759c0,monotonic_reads,network_partition,writer-1,write,mr-0b32a7fd-51a0-4d9c-ba8d-4bb0100759c0,1830,,,QUORUM,cassandra-1,True,False,3.203,2026-09-16T06:28:46.221782+00:00,
0b32a7fd-51a0-4d9c-ba8d-4bb0100759c0,monotonic_reads,network_partition,reader-1,read,mr-0b32a7fd-51a0-4d9c-ba8d-4bb0100759c0,,1830,QUORUM,QUORUM,cassandra-1,True,False,3.258,2026-09-16T06:28:46.234114+00:00,
0b32a7fd-51a0-4d9c-ba8d-4bb0100759c0,monotonic_reads,network_partition,writer-1,write,mr-0b32a7fd-51a0-4d9c-ba8d-4bb0100759c0,1831,,,QUORUM,cassandra-1,True,False,2.231,2026-09-16T06:28:46.244896+00:00,
0b32a7fd-51a0-4d9c-ba8d-4bb0100759c0,monotonic_reads,network_partition,reader-1,read,mr-0b32a7fd-51a0-4d9c-ba8d-4bb0100759c0,,1831,QUORUM,QUORUM,cassandra-2,True,False,3.609,2026-09-16T06:28:46.248216+00:00,
0b32a7fd-51a0-4d9c-ba8d-4bb0100759c0,monotonic_reads,network_partition,reader-1,read,mr-0b32a7fd-51a0-4d9c-ba8d-4bb0100759c0,,1831,QUORUM,QUORUM,cassandra-3,True,False,3.598,2026-09-16T06:28:46.264383+00:00,
0b32a7fd-51a0-4d9c-ba8d-4bb0100759c0,monotonic_reads,network_partition,writer-1,write,mr-0b32a7fd-51a0-4d9c-ba8d-4bb0100759c0,1832,,,QUORUM,cassandra-1,True,False,3.388,2026-09-16T06:28:46.271013+00:00,
0b32a7fd-51a0-4d9c-ba8d-4bb0100759c0,monotonic_reads,network_partition,reader-1,read,mr-0b32a7fd-51a0-4d9c-ba8d-4bb0100759c0,,1832,QUORUM,QUORUM,cassandra-1,True,False,3.602,2026-09-16T06:28:46.279189+00:00,
0b32a7fd-51a0-4d9c-ba8d-4bb0100759c0,monotonic_reads,network_partition,reader-1,read,mr-0b32a7fd-51a0-4d9c-ba8d-4bb0100759c0,,1832,QUORUM,QUORUM,cassandra-2,True,False,1.639,2026-09-16T06:28:46.292488+00:00,
0b32a7fd-51a0-4d9c-ba8d-4bb0100759c0,monotonic_reads,network_partition,writer-1,write,mr-0b32a7fd-51a0-4d9c-ba8d-4bb0100759c0,1833,,,QUORUM,cassandra-1,True,False,2.04,2026-09-16T06:28:46.297817+00:00,
0b32a7fd-51a0-4d9c-ba8d-4bb0100759c0,monotonic_reads,network_partition,reader-1,read,mr-0b32a7fd-51a0-4d9c-ba8d-4bb0100759c0,,1833,QUORUM,QUORUM,cassandra-3,True,False,3.556,2026-09-16T06:28:46.307196+00:00,
0b32a7fd-51a0-4d9c-ba8d-4bb0100759c0,monotonic_reads,network_partition,reader-1,read,mr-0b32a7fd-51a0-4d9c-ba8d-4bb0100759c0,,1833,QUORUM,QUORUM,cassandra-1,True,False,4.024,2026-09-16T06:28:46.323381+00:00,
0b32a7fd-51a0-4d9c-ba8d-4bb0100759c0,monotonic_reads,network_partition,writer-1,write,mr-0b32a7fd-51a0-4d9c-ba8d-4bb0100759c0,1834,,,QUORUM,cassandra-1,True,False,3.827,2026-09-16T06:28:46.324931+00:00,
0b32a7fd-51a0-4d9c-ba8d-4bb0100759c0,monotonic_reads,network_partition,reader-1,read,mr-0b32a7fd-51a0-4d9c-ba8d-4bb0100759c0,,1834,QUORUM,QUORUM,cassandra-2,True,False,6.073,2026-09-16T06:28:46.340919+00:00,
0b32a7fd-51a0-4d9c-ba8d-4bb0100759c0,monotonic_reads,network_partition,writer-1,write,mr-0b32a7fd-51a0-4d9c-ba8d-4bb0100759c0,1835,,,QUORUM,cassandra-1,True,False,2.577,2026-09-16T06:28:46.349917+00:00,
0b32a7fd-51a0-4d9c-ba8d-4bb0100759c0,monotonic_reads,network_partition,reader-1,read,mr-0b32a7fd-51a0-4d9c-ba8d-4bb0100759c0,,1835,QUORUM,QUORUM,cassandra-3,True,False,3.705,2026-09-16T06:28:46.355192+00:00,
0b32a7fd-51a0-4d9c-ba8d-4bb0100759c0,monotonic_reads,network_partition,reader-1,read,mr-0b32a7fd-51a0-4d9c-ba8d-4bb0100759c0,,1835,QUORUM,QUORUM,cassandra-1,True,False,2.82,2026-09-16T06:28:46.368162+00:00,
0b32a7fd-51a0-4d9c-ba8d-4bb0100759c0,monotonic_reads,network_partition,writer-1,write,mr-0b32a7fd-51a0-4d9c-ba8d-4bb0100759c0,1836,,,QUORUM,cassandra-1,True,False,3.718,2026-09-16T06:28:46.374958+00:00,
0b32a7fd-51a0-4d9c-ba8d-4bb0100759c0,monotonic_reads,network_partition,reader-1,read,mr-0b32a7fd-51a0-4d9c-ba8d-4bb0100759c0,,1836,QUORUM,QUORUM,cassandra-2,True,False,4.018,2026-09-16T06:28:46.383168+00:00,
0b32a7fd-51a0-4d9c-ba8d-4bb0100759c0,monotonic_reads,network_partition,reader-1,read,mr-0b32a7fd-51a0-4d9c-ba8d-4bb0100759c0,,1836,QUORUM,QUORUM,cassandra-3,True,False,2.947,2026-09-16T06:28:46.398706+00:00,
0b32a7fd-51a0-4d9c-ba8d-4bb0100759c0,monotonic_reads,network_partition,writer-1,write,mr-0b32a7fd-51a0-4d9c-ba8d-4bb0100759c0,1837,,,QUORUM,cassandra-1,True,False,2.93,2026-09-16T06:28:46.401836+00:00,
0b32a7fd-51a0-4d9c-ba8d-4bb0100759c0,monotonic_reads,network_partition,reader-1,read,mr-0b32a7fd-51a0-4d9c-ba8d-4bb0100759c0,,1837,QUORUM,QUORUM,cassandra-1,True,False,2.855,2026-09-16T06:28:46.414098+00:00,
0b32a7fd-51a0-4d9c-ba8d-4bb0100759c0,monotonic_reads,network_partition,writer-1,write,mr-0b32a7fd-51a0-4d9c-ba8d-4bb0100759c0,1838,,,QUORUM,cassandra-1,True,False,2.191,2026-09-16T06:28:46.428797+00:00,
0b32a7fd-51a0-4d9c-ba8d-4bb0100759c0,monotonic_reads,network_partition,reader-1,read,mr-0b32a7fd-51a0-4d9c-ba8d-4bb0100759c0,,1837,QUORUM,QUORUM,cassandra-2,True,False,3.095,2026-09-16T06:28:46.429098+00:00,
0b32a7fd-51a0-4d9c-ba8d-4bb0100759c0,monotonic_reads,network_partition,reader-1,read,mr-0b32a7fd-51a0-4d9c-ba8d-4bb0100759c0,,1838,QUORUM,QUORUM,cassandra-3,True,False,3.554,2026-09-16T06:28:46.445279+00:00,
0b32a7fd-51a0-4d9c-ba8d-4bb0100759c0,monotonic_reads,network_partition,writer-1,write,mr-0b32a7fd-51a0-4d9c-ba8d-4bb0100759c0,1839,,,QUORUM,cassandra-1,True,False,3.476,2026-09-16T06:28:46.454004+00:00,
0b32a7fd-51a0-4d9c-ba8d-4bb0100759c0,monotonic_reads,network_partition,reader-1,read,mr-0b32a7fd-51a0-4d9c-ba8d-4bb0100759c0,,1839,QUORUM,QUORUM,cassandra-1,True,False,4.078,2026-09-16T06:28:46.462327+00:00,
0b32a7fd-51a0-4d9c-ba8d-4bb0100759c0,monotonic_reads,network_partition,reader-1,read,mr-0b32a7fd-51a0-4d9c-ba8d-4bb0100759c0,,1839,QUORUM,QUORUM,cassandra-2,True,False,3.582,2026-09-16T06:28:46.478609+00:00,
0b32a7fd-51a0-4d9c-ba8d-4bb0100759c0,monotonic_reads,network_partition,writer-1,write,mr-0b32a7fd-51a0-4d9c-ba8d-4bb0100759c0,1840,,,QUORUM,cassandra-1,True,False,2.824,2026-09-16T06:28:46.481932+00:00,
0b32a7fd-51a0-4d9c-ba8d-4bb0100759c0,monotonic_reads,network_partition,reader-1,read,mr-0b32a7fd-51a0-4d9c-ba8d-4bb0100759c0,,1840,QUORUM,QUORUM,cassandra-3,True,False,4.129,2026-09-16T06:28:46.495372+00:00,
0b32a7fd-51a0-4d9c-ba8d-4bb0100759c0,monotonic_reads,network_partition,writer-1,write,mr-0b32a7fd-51a0-4d9c-ba8d-4bb0100759c0,1841,,,QUORUM,cassandra-1,True,False,3.615,2026-09-16T06:28:46.506819+00:00,
0b32a7fd-51a0-4d9c-ba8d-4bb0100759c0,monotonic_reads,network_partition,reader-1,read,mr-0b32a7fd-51a0-4d9c-ba8d-4bb0100759c0,,1841,QUORUM,QUORUM,cassandra-1,True,False,3.04,2026-09-16T06:28:46.511016+00:00,
0b32a7fd-51a0-4d9c-ba8d-4bb0100759c0,monotonic_reads,network_partition,reader-1,read,mr-0b32a7fd-51a0-4d9c-ba8d-4bb0100759c0,,1841,QUORUM,QUORUM,cassandra-2,True,False,2.832,2026-09-16T06:28:46.524407+00:00,
0b32a7fd-51a0-4d9c-ba8d-4bb0100759c0,monotonic_reads,network_partition,writer-1,write,mr-0b32a7fd-51a0-4d9c-ba8d-4bb0100759c0,1842,,,QUORUM,cassandra-1,True,False,2.539,2026-09-16T06:28:46.531817+00:00,
0b32a7fd-51a0-4d9c-ba8d-4bb0100759c0,monotonic_reads,network_partition,reader-1,read,mr-0b32a7fd-51a0-4d9c-ba8d-4bb0100759c0,,1842,QUORUM,QUORUM,cassandra-3,True,False,4.294,2026-09-16T06:28:46.539424+00:00,
0b32a7fd-51a0-4d9c-ba8d-4bb0100759c0,monotonic_reads,network_partition,reader-1,read,mr-0b32a7fd-51a0-4d9c-ba8d-4bb0100759c0,,1842,QUORUM,QUORUM,cassandra-1,True,False,2.973,2026-09-16T06:28:46.554020+00:00,
0b32a7fd-51a0-4d9c-ba8d-4bb0100759c0,monotonic_reads,network_partition,writer-1,write,mr-0b32a7fd-51a0-4d9c-ba8d-4bb0100759c0,1843,,,QUORUM,cassandra-1,True,False,3.078,2026-09-16T06:28:46.555861+00:00,
0b32a7fd-51a0-4d9c-ba8d-4bb0100759c0,monotonic_reads,network_partition,reader-1,read,mr-0b32a7fd-51a0-4d9c-ba8d-4bb0100759c0,,1843,QUORUM,QUORUM,cassandra-2,True,False,4.004,2026-09-16T06:28:46.570731+00:00,
0b32a7fd-51a0-4d9c-ba8d-4bb0100759c0,monotonic_reads,network_partition,writer-1,write,mr-0b32a7fd-51a0-4d9c-ba8d-4bb0100759c0,1844,,,QUORUM,cassandra-1,True,False,2.324,2026-09-16T06:28:46.580906+00:00,
0b32a7fd-51a0-4d9c-ba8d-4bb0100759c0,monotonic_reads,network_partition,reader-1,read,mr-0b32a7fd-51a0-4d9c-ba8d-4bb0100759c0,,1844,QUORUM,QUORUM,cassandra-3,True,False,3.807,2026-09-16T06:28:46.587155+00:00,
0b32a7fd-51a0-4d9c-ba8d-4bb0100759c0,monotonic_reads,network_partition,reader-1,read,mr-0b32a7fd-51a0-4d9c-ba8d-4bb0100759c0,,1844,QUORUM,QUORUM,cassandra-1,True,False,2.956,2026-09-16T06:28:46.600734+00:00,
0b32a7fd-51a0-4d9c-ba8d-4bb0100759c0,monotonic_reads,network_partition,writer-1,write,mr-0b32a7fd-51a0-4d9c-ba8d-4bb0100759c0,1845,,,QUORUM,cassandra-1,True,False,3.272,2026-09-16T06:28:46.605011+00:00,
0b32a7fd-51a0-4d9c-ba8d-4bb0100759c0,monotonic_reads,network_partition,reader-1,read,mr-0b32a7fd-51a0-4d9c-ba8d-4bb0100759c0,,1845,QUORUM,QUORUM,cassandra-2,True,False,3.628,2026-09-16T06:28:46.617012+00:00,
0b32a7fd-51a0-4d9c-ba8d-4bb0100759c0,monotonic_reads,network_partition,reader-1,read,mr-0b32a7fd-51a0-4d9c-ba8d-4bb0100759c0,,1845,QUORUM,QUORUM,cassandra-3,True,False,3.207,2026-09-16T06:28:46.631331+00:00,
0b32a7fd-51a0-4d9c-ba8d-4bb0100759c0,monotonic_reads,network_partition,writer-1,write,mr-0b32a7fd-51a0-4d9c-ba8d-4bb0100759c0,1846,,,QUORUM,cassandra-1,True,False,3.096,2026-09-16T06:28:46.631827+00:00,
0b32a7fd-51a0-4d9c-ba8d-4bb0100759c0,monotonic_reads,network_partition,reader-1,read,mr-0b32a7fd-51a0-4d9c-ba8d-4bb0100759c0,,1846,QUORUM,QUORUM,cassandra-1,True,False,2.695,2026-09-16T06:28:46.646573+00:00,
0b32a7fd-51a0-4d9c-ba8d-4bb0100759c0,monotonic_reads,network_partition,writer-1,write,mr-0b32a7fd-51a0-4d9c-ba8d-4bb0100759c0,1847,,,QUORUM,cassandra-1,True,False,4.345,2026-09-16T06:28:46.658138+00:00,
0b32a7fd-51a0-4d9c-ba8d-4bb0100759c0,monotonic_reads,network_partition,reader-1,read,mr-0b32a7fd-51a0-4d9c-ba8d-4bb0100759c0,,1847,QUORUM,QUORUM,cassandra-2,True,False,4.294,2026-09-16T06:28:46.663568+00:00,
0b32a7fd-51a0-4d9c-ba8d-4bb0100759c0,monotonic_reads,network_partition,reader-1,read,mr-0b32a7fd-51a0-4d9c-ba8d-4bb0100759c0,,1847,QUORUM,QUORUM,cassandra-3,True,False,3.065,2026-09-16T06:28:46.678609+00:00,
0b32a7fd-51a0-4d9c-ba8d-4bb0100759c0,monotonic_reads,network_partition,writer-1,write,mr-0b32a7fd-51a0-4d9c-ba8d-4bb0100759c0,1848,,,QUORUM,cassandra-1,True,False,2.569,2026-09-16T06:28:46.686015+00:00,
0b32a7fd-51a0-4d9c-ba8d-4bb0100759c0,monotonic_reads,network_partition,reader-1,read,mr-0b32a7fd-51a0-4d9c-ba8d-4bb0100759c0,,1848,QUORUM,QUORUM,cassandra-1,True,False,4.34,2026-09-16T06:28:46.695601+00:00,
0b32a7fd-51a0-4d9c-ba8d-4bb0100759c0,monotonic_reads,network_partition,reader-1,read,mr-0b32a7fd-51a0-4d9c-ba8d-4bb0100759c0,,1848,QUORUM,QUORUM,cassandra-2,True,False,3.511,2026-09-16T06:28:46.711792+00:00,
0b32a7fd-51a0-4d9c-ba8d-4bb0100759c0,monotonic_reads,network_partition,writer-1,write,mr-0b32a7fd-51a0-4d9c-ba8d-4bb0100759c0,1849,,,QUORUM,cassandra-1,True,False,2.629,2026-09-16T06:28:46.711954+00:00,
0b32a7fd-51a0-4d9c-ba8d-4bb0100759c0,monotonic_reads,network_partition,reader-1,read,mr-0b32a7fd-51a0-4d9c-ba8d-4bb0100759c0,,1849,QUORUM,QUORUM,cassandra-3,True,False,2.841,2026-09-16T06:28:46.727366+00:00,
0b32a7fd-51a0-4d9c-ba8d-4bb0100759c0,monotonic_reads,network_partition,writer-1,write,mr-0b32a7fd-51a0-4d9c-ba8d-4bb0100759c0,1850,,,QUORUM,cassandra-1,True,False,3.714,2026-09-16T06:28:46.736146+00:00,
0b32a7fd-51a0-4d9c-ba8d-4bb0100759c0,monotonic_reads,network_partition,reader-1,read,mr-0b32a7fd-51a0-4d9c-ba8d-4bb0100759c0,,1850,QUORUM,QUORUM,cassandra-1,True,False,4.677,2026-09-16T06:28:46.744684+00:00,
0b32a7fd-51a0-4d9c-ba8d-4bb0100759c0,monotonic_reads,network_partition,reader-1,read,mr-0b32a7fd-51a0-4d9c-ba8d-4bb0100759c0,,1850,QUORUM,QUORUM,cassandra-2,True,False,3.328,2026-09-16T06:28:46.760680+00:00,
0b32a7fd-51a0-4d9c-ba8d-4bb0100759c0,monotonic_reads,network_partition,writer-1,write,mr-0b32a7fd-51a0-4d9c-ba8d-4bb0100759c0,1851,,,QUORUM,cassandra-1,True,False,2.74,2026-09-16T06:28:46.764038+00:00,
0b32a7fd-51a0-4d9c-ba8d-4bb0100759c0,monotonic_reads,network_partition,reader-1,read,mr-0b32a7fd-51a0-4d9c-ba8d-4bb0100759c0,,1851,QUORUM,QUORUM,cassandra-3,True,False,4.477,2026-09-16T06:28:46.777806+00:00,
0b32a7fd-51a0-4d9c-ba8d-4bb0100759c0,monotonic_reads,network_partition,writer-1,write,mr-0b32a7fd-51a0-4d9c-ba8d-4bb0100759c0,1852,,,QUORUM,cassandra-1,True,False,4.698,2026-09-16T06:28:46.790688+00:00,
0b32a7fd-51a0-4d9c-ba8d-4bb0100759c0,monotonic_reads,network_partition,reader-1,read,mr-0b32a7fd-51a0-4d9c-ba8d-4bb0100759c0,,1852,QUORUM,QUORUM,cassandra-1,True,False,5.821,2026-09-16T06:28:46.795463+00:00,
0b32a7fd-51a0-4d9c-ba8d-4bb0100759c0,monotonic_reads,network_partition,reader-1,read,mr-0b32a7fd-51a0-4d9c-ba8d-4bb0100759c0,,1852,QUORUM,QUORUM,cassandra-2,True,False,4.169,2026-09-16T06:28:46.810762+00:00,
0b32a7fd-51a0-4d9c-ba8d-4bb0100759c0,monotonic_reads,network_partition,writer-1,write,mr-0b32a7fd-51a0-4d9c-ba8d-4bb0100759c0,1853,,,QUORUM,cassandra-1,True,False,4.359,2026-09-16T06:28:46.816501+00:00,
0b32a7fd-51a0-4d9c-ba8d-4bb0100759c0,monotonic_reads,network_partition,reader-1,read,mr-0b32a7fd-51a0-4d9c-ba8d-4bb0100759c0,,1853,QUORUM,QUORUM,cassandra-3,True,False,6.764,2026-09-16T06:28:46.828697+00:00,
0b32a7fd-51a0-4d9c-ba8d-4bb0100759c0,monotonic_reads,network_partition,reader-1,read,mr-0b32a7fd-51a0-4d9c-ba8d-4bb0100759c0,,1853,QUORUM,QUORUM,cassandra-1,True,False,4.722,2026-09-16T06:28:46.844341+00:00,
0b32a7fd-51a0-4d9c-ba8d-4bb0100759c0,monotonic_reads,network_partition,writer-1,write,mr-0b32a7fd-51a0-4d9c-ba8d-4bb0100759c0,1854,,,QUORUM,cassandra-1,True,False,3.577,2026-09-16T06:28:46.845206+00:00,
0b32a7fd-51a0-4d9c-ba8d-4bb0100759c0,monotonic_reads,network_partition,reader-1,read,mr-0b32a7fd-51a0-4d9c-ba8d-4bb0100759c0,,1854,QUORUM,QUORUM,cassandra-2,True,False,5.514,2026-09-16T06:28:46.861168+00:00,
0b32a7fd-51a0-4d9c-ba8d-4bb0100759c0,monotonic_reads,network_partition,writer-1,write,mr-0b32a7fd-51a0-4d9c-ba8d-4bb0100759c0,1855,,,QUORUM,cassandra-1,True,False,5.383,2026-09-16T06:28:46.873899+00:00,
0b32a7fd-51a0-4d9c-ba8d-4bb0100759c0,monotonic_reads,network_partition,reader-1,read,mr-0b32a7fd-51a0-4d9c-ba8d-4bb0100759c0,,1855,QUORUM,QUORUM,cassandra-3,True,False,5.786,2026-09-16T06:28:46.878805+00:00,
0b32a7fd-51a0-4d9c-ba8d-4bb0100759c0,monotonic_reads,network_partition,reader-1,read,mr-0b32a7fd-51a0-4d9c-ba8d-4bb0100759c0,,1855,QUORUM,QUORUM,cassandra-1,True,False,5.786,2026-09-16T06:28:46.895398+00:00,
0b32a7fd-51a0-4d9c-ba8d-4bb0100759c0,monotonic_reads,network_partition,writer-1,write,mr-0b32a7fd-51a0-4d9c-ba8d-4bb0100759c0,1856,,,QUORUM,cassandra-1,True,False,4.557,2026-09-16T06:28:46.903529+00:00,
0b32a7fd-51a0-4d9c-ba8d-4bb0100759c0,monotonic_reads,network_partition,reader-1,read,mr-0b32a7fd-51a0-4d9c-ba8d-4bb0100759c0,,1856,QUORUM,QUORUM,cassandra-2,True,False,5.348,2026-09-16T06:28:46.912984+00:00,
0b32a7fd-51a0-4d9c-ba8d-4bb0100759c0,monotonic_reads,network_partition,writer-1,write,mr-0b32a7fd-51a0-4d9c-ba8d-4bb0100759c0,1857,,,QUORUM,cassandra-1,True,False,6.105,2026-09-16T06:28:46.930723+00:00,
0b32a7fd-51a0-4d9c-ba8d-4bb0100759c0,monotonic_reads,network_partition,reader-1,read,mr-0b32a7fd-51a0-4d9c-ba8d-4bb0100759c0,,1856,QUORUM,QUORUM,cassandra-3,True,False,5.51,2026-09-16T06:28:46.931577+00:00,
0b32a7fd-51a0-4d9c-ba8d-4bb0100759c0,monotonic_reads,network_partition,reader-1,read,mr-0b32a7fd-51a0-4d9c-ba8d-4bb0100759c0,,1857,QUORUM,QUORUM,cassandra-1,True,False,5.748,2026-09-16T06:28:46.949411+00:00,
0b32a7fd-51a0-4d9c-ba8d-4bb0100759c0,monotonic_reads,network_partition,writer-1,write,mr-0b32a7fd-51a0-4d9c-ba8d-4bb0100759c0,1858,,,QUORUM,cassandra-1,True,False,5.519,2026-09-16T06:28:46.961076+00:00,
0b32a7fd-51a0-4d9c-ba8d-4bb0100759c0,monotonic_reads,network_partition,reader-1,read,mr-0b32a7fd-51a0-4d9c-ba8d-4bb0100759c0,,1858,QUORUM,QUORUM,cassandra-2,True,False,5.19,2026-09-16T06:28:46.965388+00:00,
0b32a7fd-51a0-4d9c-ba8d-4bb0100759c0,monotonic_reads,network_partition,reader-1,read,mr-0b32a7fd-51a0-4d9c-ba8d-4bb0100759c0,,1858,QUORUM,QUORUM,cassandra-3,True,False,4.696,2026-09-16T06:28:46.980311+00:00,
0b32a7fd-51a0-4d9c-ba8d-4bb0100759c0,monotonic_reads,network_partition,writer-1,write,mr-0b32a7fd-51a0-4d9c-ba8d-4bb0100759c0,1859,,,QUORUM,cassandra-1,True,False,5.087,2026-09-16T06:28:46.989696+00:00,
0b32a7fd-51a0-4d9c-ba8d-4bb0100759c0,monotonic_reads,network_partition,reader-1,read,mr-0b32a7fd-51a0-4d9c-ba8d-4bb0100759c0,,1859,QUORUM,QUORUM,cassandra-1,True,False,3.955,2026-09-16T06:28:46.996625+00:00,
0b32a7fd-51a0-4d9c-ba8d-4bb0100759c0,monotonic_reads,network_partition,reader-1,read,mr-0b32a7fd-51a0-4d9c-ba8d-4bb0100759c0,,1859,QUORUM,QUORUM,cassandra-2,True,False,6.023,2026-09-16T06:28:47.013470+00:00,
0b32a7fd-51a0-4d9c-ba8d-4bb0100759c0,monotonic_reads,network_partition,writer-1,write,mr-0b32a7fd-51a0-4d9c-ba8d-4bb0100759c0,1860,,,QUORUM,cassandra-1,True,False,5.011,2026-09-16T06:28:47.018687+00:00,
0b32a7fd-51a0-4d9c-ba8d-4bb0100759c0,monotonic_reads,network_partition,reader-1,read,mr-0b32a7fd-51a0-4d9c-ba8d-4bb0100759c0,,1860,QUORUM,QUORUM,cassandra-3,True,False,7.193,2026-09-16T06:28:47.032826+00:00,
0b32a7fd-51a0-4d9c-ba8d-4bb0100759c0,monotonic_reads,network_partition,writer-1,write,mr-0b32a7fd-51a0-4d9c-ba8d-4bb0100759c0,1861,,,QUORUM,cassandra-1,True,False,2.811,2026-09-16T06:28:47.046452+00:00,
0b32a7fd-51a0-4d9c-ba8d-4bb0100759c0,monotonic_reads,network_partition,reader-1,read,mr-0b32a7fd-51a0-4d9c-ba8d-4bb0100759c0,,1861,QUORUM,QUORUM,cassandra-1,True,False,4.474,2026-09-16T06:28:47.048903+00:00,
0b32a7fd-51a0-4d9c-ba8d-4bb0100759c0,monotonic_reads,network_partition,reader-1,read,mr-0b32a7fd-51a0-4d9c-ba8d-4bb0100759c0,,1861,QUORUM,QUORUM,cassandra-2,True,False,5.304,2026-09-16T06:28:47.065475+00:00,
0b32a7fd-51a0-4d9c-ba8d-4bb0100759c0,monotonic_reads,network_partition,writer-1,write,mr-0b32a7fd-51a0-4d9c-ba8d-4bb0100759c0,1862,,,QUORUM,cassandra-1,True,False,4.979,2026-09-16T06:28:47.072613+00:00,
0b32a7fd-51a0-4d9c-ba8d-4bb0100759c0,monotonic_reads,network_partition,reader-1,read,mr-0b32a7fd-51a0-4d9c-ba8d-4bb0100759c0,,1862,QUORUM,QUORUM,cassandra-3,True,False,5.811,2026-09-16T06:28:47.083436+00:00,
0b32a7fd-51a0-4d9c-ba8d-4bb0100759c0,monotonic_reads,network_partition,writer-1,write,mr-0b32a7fd-51a0-4d9c-ba8d-4bb0100759c0,1863,,,QUORUM,cassandra-1,True,False,4.674,2026-09-16T06:28:47.098302+00:00,
0b32a7fd-51a0-4d9c-ba8d-4bb0100759c0,monotonic_reads,network_partition,reader-1,read,mr-0b32a7fd-51a0-4d9c-ba8d-4bb0100759c0,,1863,QUORUM,QUORUM,cassandra-1,True,False,4.507,2026-09-16T06:28:47.100042+00:00,
0b32a7fd-51a0-4d9c-ba8d-4bb0100759c0,monotonic_reads,network_partition,reader-1,read,mr-0b32a7fd-51a0-4d9c-ba8d-4bb0100759c0,,1863,QUORUM,QUORUM,cassandra-2,True,False,5.794,2026-09-16T06:28:47.117422+00:00,
0b32a7fd-51a0-4d9c-ba8d-4bb0100759c0,monotonic_reads,network_partition,writer-1,write,mr-0b32a7fd-51a0-4d9c-ba8d-4bb0100759c0,1864,,,QUORUM,cassandra-1,True,False,5.188,2026-09-16T06:28:47.123783+00:00,
0b32a7fd-51a0-4d9c-ba8d-4bb0100759c0,monotonic_reads,network_partition,reader-1,read,mr-0b32a7fd-51a0-4d9c-ba8d-4bb0100759c0,,1864,QUORUM,QUORUM,cassandra-3,True,False,6.286,2026-09-16T06:28:47.134904+00:00,
0b32a7fd-51a0-4d9c-ba8d-4bb0100759c0,monotonic_reads,network_partition,reader-1,read,mr-0b32a7fd-51a0-4d9c-ba8d-4bb0100759c0,,1864,QUORUM,QUORUM,cassandra-1,True,False,6.448,2026-09-16T06:28:47.152085+00:00,
0b32a7fd-51a0-4d9c-ba8d-4bb0100759c0,monotonic_reads,network_partition,writer-1,write,mr-0b32a7fd-51a0-4d9c-ba8d-4bb0100759c0,1865,,,QUORUM,cassandra-1,True,False,5.957,2026-09-16T06:28:47.152545+00:00,
0b32a7fd-51a0-4d9c-ba8d-4bb0100759c0,monotonic_reads,network_partition,reader-1,read,mr-0b32a7fd-51a0-4d9c-ba8d-4bb0100759c0,,1865,QUORUM,QUORUM,cassandra-2,True,False,6.867,2026-09-16T06:28:47.172009+00:00,
0b32a7fd-51a0-4d9c-ba8d-4bb0100759c0,monotonic_reads,network_partition,writer-1,write,mr-0b32a7fd-51a0-4d9c-ba8d-4bb0100759c0,1866,,,QUORUM,cassandra-1,True,False,5.263,2026-09-16T06:28:47.182855+00:00,
0b32a7fd-51a0-4d9c-ba8d-4bb0100759c0,monotonic_reads,network_partition,reader-1,read,mr-0b32a7fd-51a0-4d9c-ba8d-4bb0100759c0,,1866,QUORUM,QUORUM,cassandra-3,True,False,5.537,2026-09-16T06:28:47.188518+00:00,
0b32a7fd-51a0-4d9c-ba8d-4bb0100759c0,monotonic_reads,network_partition,reader-1,read,mr-0b32a7fd-51a0-4d9c-ba8d-4bb0100759c0,,1866,QUORUM,QUORUM,cassandra-1,True,False,6.796,2026-09-16T06:28:47.207419+00:00,
0b32a7fd-51a0-4d9c-ba8d-4bb0100759c0,monotonic_reads,network_partition,writer-1,write,mr-0b32a7fd-51a0-4d9c-ba8d-4bb0100759c0,1867,,,QUORUM,cassandra-1,True,False,4.964,2026-09-16T06:28:47.208354+00:00,
0b32a7fd-51a0-4d9c-ba8d-4bb0100759c0,monotonic_reads,network_partition,reader-1,read,mr-0b32a7fd-51a0-4d9c-ba8d-4bb0100759c0,,1867,QUORUM,QUORUM,cassandra-2,True,False,6.12,2026-09-16T06:28:47.226236+00:00,
0b32a7fd-51a0-4d9c-ba8d-4bb0100759c0,monotonic_reads,network_partition,writer-1,write,mr-0b32a7fd-51a0-4d9c-ba8d-4bb0100759c0,1868,,,QUORUM,cassandra-1,True,False,5.442,2026-09-16T06:28:47.235065+00:00,
0b32a7fd-51a0-4d9c-ba8d-4bb0100759c0,monotonic_reads,network_partition,reader-1,read,mr-0b32a7fd-51a0-4d9c-ba8d-4bb0100759c0,,1868,QUORUM,QUORUM,cassandra-3,True,False,5.359,2026-09-16T06:28:47.243315+00:00,
0b32a7fd-51a0-4d9c-ba8d-4bb0100759c0,monotonic_reads,network_partition,reader-1,read,mr-0b32a7fd-51a0-4d9c-ba8d-4bb0100759c0,,1868,QUORUM,QUORUM,cassandra-1,True,False,5.943,2026-09-16T06:28:47.261383+00:00,
0b32a7fd-51a0-4d9c-ba8d-4bb0100759c0,monotonic_reads,network_partition,writer-1,write,mr-0b32a7fd-51a0-4d9c-ba8d-4bb0100759c0,1869,,,QUORUM,cassandra-1,True,False,5.451,2026-09-16T06:28:47.265585+00:00,
0b32a7fd-51a0-4d9c-ba8d-4bb0100759c0,monotonic_reads,network_partition,reader-1,read,mr-0b32a7fd-51a0-4d9c-ba8d-4bb0100759c0,,1869,QUORUM,QUORUM,cassandra-2,True,False,5.292,2026-09-16T06:28:47.279416+00:00,
0b32a7fd-51a0-4d9c-ba8d-4bb0100759c0,monotonic_reads,network_partition,writer-1,write,mr-0b32a7fd-51a0-4d9c-ba8d-4bb0100759c0,1870,,,QUORUM,cassandra-1,True,False,4.96,2026-09-16T06:28:47.293578+00:00,
0b32a7fd-51a0-4d9c-ba8d-4bb0100759c0,monotonic_reads,network_partition,reader-1,read,mr-0b32a7fd-51a0-4d9c-ba8d-4bb0100759c0,,1870,QUORUM,QUORUM,cassandra-3,True,False,4.521,2026-09-16T06:28:47.296159+00:00,
0b32a7fd-51a0-4d9c-ba8d-4bb0100759c0,monotonic_reads,network_partition,reader-1,read,mr-0b32a7fd-51a0-4d9c-ba8d-4bb0100759c0,,1870,QUORUM,QUORUM,cassandra-1,True,False,5.591,2026-09-16T06:28:47.313251+00:00,
0b32a7fd-51a0-4d9c-ba8d-4bb0100759c0,monotonic_reads,network_partition,writer-1,write,mr-0b32a7fd-51a0-4d9c-ba8d-4bb0100759c0,1871,,,QUORUM,cassandra-1,True,False,7.664,2026-09-16T06:28:47.323801+00:00,
0b32a7fd-51a0-4d9c-ba8d-4bb0100759c0,monotonic_reads,network_partition,reader-1,read,mr-0b32a7fd-51a0-4d9c-ba8d-4bb0100759c0,,1871,QUORUM,QUORUM,cassandra-2,True,False,3.721,2026-09-16T06:28:47.328264+00:00,
0b32a7fd-51a0-4d9c-ba8d-4bb0100759c0,monotonic_reads,network_partition,reader-1,read,mr-0b32a7fd-51a0-4d9c-ba8d-4bb0100759c0,,1871,QUORUM,QUORUM,cassandra-3,True,False,2.574,2026-09-16T06:28:47.342199+00:00,
0b32a7fd-51a0-4d9c-ba8d-4bb0100759c0,monotonic_reads,network_partition,writer-1,write,mr-0b32a7fd-51a0-4d9c-ba8d-4bb0100759c0,1872,,,QUORUM,cassandra-1,True,False,3.932,2026-09-16T06:28:47.352381+00:00,
0b32a7fd-51a0-4d9c-ba8d-4bb0100759c0,monotonic_reads,network_partition,reader-1,read,mr-0b32a7fd-51a0-4d9c-ba8d-4bb0100759c0,,1872,QUORUM,QUORUM,cassandra-1,True,False,4.605,2026-09-16T06:28:47.358745+00:00,
0b32a7fd-51a0-4d9c-ba8d-4bb0100759c0,monotonic_reads,network_partition,reader-1,read,mr-0b32a7fd-51a0-4d9c-ba8d-4bb0100759c0,,1872,QUORUM,QUORUM,cassandra-2,True,False,3.185,2026-09-16T06:28:47.374636+00:00,
0b32a7fd-51a0-4d9c-ba8d-4bb0100759c0,monotonic_reads,network_partition,writer-1,write,mr-0b32a7fd-51a0-4d9c-ba8d-4bb0100759c0,1873,,,QUORUM,cassandra-1,True,False,2.068,2026-09-16T06:28:47.376873+00:00,
0b32a7fd-51a0-4d9c-ba8d-4bb0100759c0,monotonic_reads,network_partition,reader-1,read,mr-0b32a7fd-51a0-4d9c-ba8d-4bb0100759c0,,1873,QUORUM,QUORUM,cassandra-3,True,False,4.185,2026-09-16T06:28:47.390209+00:00,
0b32a7fd-51a0-4d9c-ba8d-4bb0100759c0,monotonic_reads,network_partition,writer-1,write,mr-0b32a7fd-51a0-4d9c-ba8d-4bb0100759c0,1874,,,QUORUM,cassandra-1,True,False,2.743,2026-09-16T06:28:47.403264+00:00,
0b32a7fd-51a0-4d9c-ba8d-4bb0100759c0,monotonic_reads,network_partition,reader-1,read,mr-0b32a7fd-51a0-4d9c-ba8d-4bb0100759c0,,1874,QUORUM,QUORUM,cassandra-1,True,False,3.74,2026-09-16T06:28:47.405141+00:00,
0b32a7fd-51a0-4d9c-ba8d-4bb0100759c0,monotonic_reads,network_partition,reader-1,read,mr-0b32a7fd-51a0-4d9c-ba8d-4bb0100759c0,,1874,QUORUM,QUORUM,cassandra-2,True,False,2.748,2026-09-16T06:28:47.420466+00:00,
0b32a7fd-51a0-4d9c-ba8d-4bb0100759c0,monotonic_reads,network_partition,writer-1,write,mr-0b32a7fd-51a0-4d9c-ba8d-4bb0100759c0,1875,,,QUORUM,cassandra-1,True,False,2.026,2026-09-16T06:28:47.428935+00:00,
0b32a7fd-51a0-4d9c-ba8d-4bb0100759c0,monotonic_reads,network_partition,reader-1,read,mr-0b32a7fd-51a0-4d9c-ba8d-4bb0100759c0,,1875,QUORUM,QUORUM,cassandra-3,True,False,3.942,2026-09-16T06:28:47.436729+00:00,
0b32a7fd-51a0-4d9c-ba8d-4bb0100759c0,monotonic_reads,network_partition,reader-1,read,mr-0b32a7fd-51a0-4d9c-ba8d-4bb0100759c0,,1875,QUORUM,QUORUM,cassandra-1,True,False,2.524,2026-09-16T06:28:47.451181+00:00,
0b32a7fd-51a0-4d9c-ba8d-4bb0100759c0,monotonic_reads,network_partition,writer-1,write,mr-0b32a7fd-51a0-4d9c-ba8d-4bb0100759c0,1876,,,QUORUM,cassandra-1,True,False,4.056,2026-09-16T06:28:47.458084+00:00,
0b32a7fd-51a0-4d9c-ba8d-4bb0100759c0,monotonic_reads,network_partition,reader-1,read,mr-0b32a7fd-51a0-4d9c-ba8d-4bb0100759c0,,1876,QUORUM,QUORUM,cassandra-2,True,False,3.927,2026-09-16T06:28:47.467739+00:00,
0b32a7fd-51a0-4d9c-ba8d-4bb0100759c0,monotonic_reads,network_partition,reader-1,read,mr-0b32a7fd-51a0-4d9c-ba8d-4bb0100759c0,,1876,QUORUM,QUORUM,cassandra-3,True,False,4.949,2026-09-16T06:28:47.485219+00:00,
0b32a7fd-51a0-4d9c-ba8d-4bb0100759c0,monotonic_reads,network_partition,writer-1,write,mr-0b32a7fd-51a0-4d9c-ba8d-4bb0100759c0,1877,,,QUORUM,cassandra-1,True,False,2.8,2026-09-16T06:28:47.488130+00:00,
0b32a7fd-51a0-4d9c-ba8d-4bb0100759c0,monotonic_reads,network_partition,reader-1,read,mr-0b32a7fd-51a0-4d9c-ba8d-4bb0100759c0,,1877,QUORUM,QUORUM,cassandra-1,True,False,4.611,2026-09-16T06:28:47.500716+00:00,
0b32a7fd-51a0-4d9c-ba8d-4bb0100759c0,monotonic_reads,network_partition,writer-1,write,mr-0b32a7fd-51a0-4d9c-ba8d-4bb0100759c0,1878,,,QUORUM,cassandra-1,True,False,4.592,2026-09-16T06:28:47.515704+00:00,
0b32a7fd-51a0-4d9c-ba8d-4bb0100759c0,monotonic_reads,network_partition,reader-1,read,mr-0b32a7fd-51a0-4d9c-ba8d-4bb0100759c0,,1878,QUORUM,QUORUM,cassandra-2,True,False,8.137,2026-09-16T06:28:47.520113+00:00,
0b32a7fd-51a0-4d9c-ba8d-4bb0100759c0,monotonic_reads,network_partition,reader-1,read,mr-0b32a7fd-51a0-4d9c-ba8d-4bb0100759c0,,1878,QUORUM,QUORUM,cassandra-3,True,False,5.298,2026-09-16T06:28:47.537607+00:00,
0b32a7fd-51a0-4d9c-ba8d-4bb0100759c0,monotonic_reads,network_partition,writer-1,write,mr-0b32a7fd-51a0-4d9c-ba8d-4bb0100759c0,1879,,,QUORUM,cassandra-1,True,False,4.935,2026-09-16T06:28:47.544877+00:00,
0b32a7fd-51a0-4d9c-ba8d-4bb0100759c0,monotonic_reads,network_partition,reader-1,read,mr-0b32a7fd-51a0-4d9c-ba8d-4bb0100759c0,,1879,QUORUM,QUORUM,cassandra-1,True,False,4.823,2026-09-16T06:28:47.553420+00:00,
0b32a7fd-51a0-4d9c-ba8d-4bb0100759c0,monotonic_reads,network_partition,writer-1,write,mr-0b32a7fd-51a0-4d9c-ba8d-4bb0100759c0,1880,,,QUORUM,cassandra-1,True,False,5.333,2026-09-16T06:28:47.571482+00:00,
0b32a7fd-51a0-4d9c-ba8d-4bb0100759c0,monotonic_reads,network_partition,reader-1,read,mr-0b32a7fd-51a0-4d9c-ba8d-4bb0100759c0,,1880,QUORUM,QUORUM,cassandra-2,True,False,7.495,2026-09-16T06:28:47.573090+00:00,
0b32a7fd-51a0-4d9c-ba8d-4bb0100759c0,monotonic_reads,network_partition,reader-1,read,mr-0b32a7fd-51a0-4d9c-ba8d-4bb0100759c0,,1880,QUORUM,QUORUM,cassandra-3,True,False,5.946,2026-09-16T06:28:47.590218+00:00,
0b32a7fd-51a0-4d9c-ba8d-4bb0100759c0,monotonic_reads,network_partition,writer-1,write,mr-0b32a7fd-51a0-4d9c-ba8d-4bb0100759c0,1881,,,QUORUM,cassandra-1,True,False,5.233,2026-09-16T06:28:47.601857+00:00,
0b32a7fd-51a0-4d9c-ba8d-4bb0100759c0,monotonic_reads,network_partition,reader-1,read,mr-0b32a7fd-51a0-4d9c-ba8d-4bb0100759c0,,1881,QUORUM,QUORUM,cassandra-1,True,False,5.275,2026-09-16T06:28:47.605884+00:00,
0b32a7fd-51a0-4d9c-ba8d-4bb0100759c0,monotonic_reads,network_partition,reader-1,read,mr-0b32a7fd-51a0-4d9c-ba8d-4bb0100759c0,,1881,QUORUM,QUORUM,cassandra-2,True,False,5.688,2026-09-16T06:28:47.623678+00:00,
0b32a7fd-51a0-4d9c-ba8d-4bb0100759c0,monotonic_reads,network_partition,writer-1,write,mr-0b32a7fd-51a0-4d9c-ba8d-4bb0100759c0,1882,,,QUORUM,cassandra-1,True,False,5.108,2026-09-16T06:28:47.631129+00:00,
0b32a7fd-51a0-4d9c-ba8d-4bb0100759c0,monotonic_reads,network_partition,reader-1,read,mr-0b32a7fd-51a0-4d9c-ba8d-4bb0100759c0,,1882,QUORUM,QUORUM,cassandra-3,True,False,7.19,2026-09-16T06:28:47.641818+00:00,
0b32a7fd-51a0-4d9c-ba8d-4bb0100759c0,monotonic_reads,network_partition,writer-1,write,mr-0b32a7fd-51a0-4d9c-ba8d-4bb0100759c0,1883,,,QUORUM,cassandra-1,True,False,3.937,2026-09-16T06:28:47.655568+00:00,
0b32a7fd-51a0-4d9c-ba8d-4bb0100759c0,monotonic_reads,network_partition,reader-1,read,mr-0b32a7fd-51a0-4d9c-ba8d-4bb0100759c0,,1883,QUORUM,QUORUM,cassandra-1,True,False,4.08,2026-09-16T06:28:47.657912+00:00,
0b32a7fd-51a0-4d9c-ba8d-4bb0100759c0,monotonic_reads,network_partition,reader-1,read,mr-0b32a7fd-51a0-4d9c-ba8d-4bb0100759c0,,1883,QUORUM,QUORUM,cassandra-2,True,False,4.494,2026-09-16T06:28:47.673106+00:00,
0b32a7fd-51a0-4d9c-ba8d-4bb0100759c0,monotonic_reads,network_partition,writer-1,write,mr-0b32a7fd-51a0-4d9c-ba8d-4bb0100759c0,1884,,,QUORUM,cassandra-1,True,False,4.981,2026-09-16T06:28:47.685557+00:00,
0b32a7fd-51a0-4d9c-ba8d-4bb0100759c0,monotonic_reads,network_partition,reader-1,read,mr-0b32a7fd-51a0-4d9c-ba8d-4bb0100759c0,,1884,QUORUM,QUORUM,cassandra-3,True,False,5.408,2026-09-16T06:28:47.688881+00:00,
0b32a7fd-51a0-4d9c-ba8d-4bb0100759c0,monotonic_reads,network_partition,reader-1,read,mr-0b32a7fd-51a0-4d9c-ba8d-4bb0100759c0,,1884,QUORUM,QUORUM,cassandra-1,True,False,5.386,2026-09-16T06:28:47.705267+00:00,
0b32a7fd-51a0-4d9c-ba8d-4bb0100759c0,monotonic_reads,network_partition,writer-1,write,mr-0b32a7fd-51a0-4d9c-ba8d-4bb0100759c0,1885,,,QUORUM,cassandra-1,True,False,3.898,2026-09-16T06:28:47.710494+00:00,
0b32a7fd-51a0-4d9c-ba8d-4bb0100759c0,monotonic_reads,network_partition,reader-1,read,mr-0b32a7fd-51a0-4d9c-ba8d-4bb0100759c0,,1885,QUORUM,QUORUM,cassandra-2,True,False,5.309,2026-09-16T06:28:47.723265+00:00,
0b32a7fd-51a0-4d9c-ba8d-4bb0100759c0,monotonic_reads,network_partition,writer-1,write,mr-0b32a7fd-51a0-4d9c-ba8d-4bb0100759c0,1886,,,QUORUM,cassandra-1,True,False,4.336,2026-09-16T06:28:47.735966+00:00,
0b32a7fd-51a0-4d9c-ba8d-4bb0100759c0,monotonic_reads,network_partition,reader-1,read,mr-0b32a7fd-51a0-4d9c-ba8d-4bb0100759c0,,1886,QUORUM,QUORUM,cassandra-3,True,False,5.262,2026-09-16T06:28:47.739853+00:00,
0b32a7fd-51a0-4d9c-ba8d-4bb0100759c0,monotonic_reads,network_partition,reader-1,read,mr-0b32a7fd-51a0-4d9c-ba8d-4bb0100759c0,,1886,QUORUM,QUORUM,cassandra-1,True,False,5.596,2026-09-16T06:28:47.757203+00:00,
0b32a7fd-51a0-4d9c-ba8d-4bb0100759c0,monotonic_reads,network_partition,writer-1,write,mr-0b32a7fd-51a0-4d9c-ba8d-4bb0100759c0,1887,,,QUORUM,cassandra-1,True,False,3.633,2026-09-16T06:28:47.761247+00:00,
0b32a7fd-51a0-4d9c-ba8d-4bb0100759c0,monotonic_reads,network_partition,reader-1,read,mr-0b32a7fd-51a0-4d9c-ba8d-4bb0100759c0,,1887,QUORUM,QUORUM,cassandra-2,True,False,6.398,2026-09-16T06:28:47.776281+00:00,
0b32a7fd-51a0-4d9c-ba8d-4bb0100759c0,monotonic_reads,network_partition,writer-1,write,mr-0b32a7fd-51a0-4d9c-ba8d-4bb0100759c0,1888,,,QUORUM,cassandra-1,True,False,6.414,2026-09-16T06:28:47.789043+00:00,
0b32a7fd-51a0-4d9c-ba8d-4bb0100759c0,monotonic_reads,network_partition,reader-1,read,mr-0b32a7fd-51a0-4d9c-ba8d-4bb0100759c0,,1888,QUORUM,QUORUM,cassandra-3,True,False,5.14,2026-09-16T06:28:47.794452+00:00,
0b32a7fd-51a0-4d9c-ba8d-4bb0100759c0,monotonic_reads,network_partition,reader-1,read,mr-0b32a7fd-51a0-4d9c-ba8d-4bb0100759c0,,1888,QUORUM,QUORUM,cassandra-1,True,False,5.41,2026-09-16T06:28:47.811044+00:00,
0b32a7fd-51a0-4d9c-ba8d-4bb0100759c0,monotonic_reads,network_partition,writer-1,write,mr-0b32a7fd-51a0-4d9c-ba8d-4bb0100759c0,1889,,,QUORUM,cassandra-1,True,False,4.505,2026-09-16T06:28:47.819111+00:00,
0b32a7fd-51a0-4d9c-ba8d-4bb0100759c0,monotonic_reads,network_partition,reader-1,read,mr-0b32a7fd-51a0-4d9c-ba8d-4bb0100759c0,,1889,QUORUM,QUORUM,cassandra-2,True,False,4.654,2026-09-16T06:28:47.826262+00:00,
0b32a7fd-51a0-4d9c-ba8d-4bb0100759c0,monotonic_reads,network_partition,reader-1,read,mr-0b32a7fd-51a0-4d9c-ba8d-4bb0100759c0,,1889,QUORUM,QUORUM,cassandra-3,True,False,5.365,2026-09-16T06:28:47.843984+00:00,
0b32a7fd-51a0-4d9c-ba8d-4bb0100759c0,monotonic_reads,network_partition,writer-1,write,mr-0b32a7fd-51a0-4d9c-ba8d-4bb0100759c0,1890,,,QUORUM,cassandra-1,True,False,4.745,2026-09-16T06:28:47.846341+00:00,
0b32a7fd-51a0-4d9c-ba8d-4bb0100759c0,monotonic_reads,network_partition,reader-1,read,mr-0b32a7fd-51a0-4d9c-ba8d-4bb0100759c0,,1890,QUORUM,QUORUM,cassandra-1,True,False,4.509,2026-09-16T06:28:47.860162+00:00,
0b32a7fd-51a0-4d9c-ba8d-4bb0100759c0,monotonic_reads,network_partition,writer-1,write,mr-0b32a7fd-51a0-4d9c-ba8d-4bb0100759c0,1891,,,QUORUM,cassandra-1,True,False,4.381,2026-09-16T06:28:47.871865+00:00,
0b32a7fd-51a0-4d9c-ba8d-4bb0100759c0,monotonic_reads,network_partition,reader-1,read,mr-0b32a7fd-51a0-4d9c-ba8d-4bb0100759c0,,1891,QUORUM,QUORUM,cassandra-2,True,False,5.345,2026-09-16T06:28:47.876534+00:00,
0b32a7fd-51a0-4d9c-ba8d-4bb0100759c0,monotonic_reads,network_partition,reader-1,read,mr-0b32a7fd-51a0-4d9c-ba8d-4bb0100759c0,,1891,QUORUM,QUORUM,cassandra-3,True,False,4.761,2026-09-16T06:28:47.894038+00:00,
0b32a7fd-51a0-4d9c-ba8d-4bb0100759c0,monotonic_reads,network_partition,writer-1,write,mr-0b32a7fd-51a0-4d9c-ba8d-4bb0100759c0,1892,,,QUORUM,cassandra-1,True,False,5.45,2026-09-16T06:28:47.899590+00:00,
0b32a7fd-51a0-4d9c-ba8d-4bb0100759c0,monotonic_reads,network_partition,reader-1,read,mr-0b32a7fd-51a0-4d9c-ba8d-4bb0100759c0,,1892,QUORUM,QUORUM,cassandra-1,True,False,5.59,2026-09-16T06:28:47.911956+00:00,
0b32a7fd-51a0-4d9c-ba8d-4bb0100759c0,monotonic_reads,network_partition,reader-1,read,mr-0b32a7fd-51a0-4d9c-ba8d-4bb0100759c0,,1892,QUORUM,QUORUM,cassandra-2,True,False,4.367,2026-09-16T06:28:47.929009+00:00,
0b32a7fd-51a0-4d9c-ba8d-4bb0100759c0,monotonic_reads,network_partition,writer-1,write,mr-0b32a7fd-51a0-4d9c-ba8d-4bb0100759c0,1893,,,QUORUM,cassandra-1,True,False,4.326,2026-09-16T06:28:47.929401+00:00,
0b32a7fd-51a0-4d9c-ba8d-4bb0100759c0,monotonic_reads,network_partition,reader-1,read,mr-0b32a7fd-51a0-4d9c-ba8d-4bb0100759c0,,1893,QUORUM,QUORUM,cassandra-3,True,False,5.577,2026-09-16T06:28:47.946207+00:00,
0b32a7fd-51a0-4d9c-ba8d-4bb0100759c0,monotonic_reads,network_partition,writer-1,write,mr-0b32a7fd-51a0-4d9c-ba8d-4bb0100759c0,1894,,,QUORUM,cassandra-1,True,False,4.365,2026-09-16T06:28:47.954984+00:00,
0b32a7fd-51a0-4d9c-ba8d-4bb0100759c0,monotonic_reads,network_partition,reader-1,read,mr-0b32a7fd-51a0-4d9c-ba8d-4bb0100759c0,,1894,QUORUM,QUORUM,cassandra-1,True,False,6.445,2026-09-16T06:28:47.965085+00:00,
0b32a7fd-51a0-4d9c-ba8d-4bb0100759c0,monotonic_reads,network_partition,reader-1,read,mr-0b32a7fd-51a0-4d9c-ba8d-4bb0100759c0,,1894,QUORUM,QUORUM,cassandra-2,True,False,4.709,2026-09-16T06:28:47.980316+00:00,
0b32a7fd-51a0-4d9c-ba8d-4bb0100759c0,monotonic_reads,network_partition,writer-1,write,mr-0b32a7fd-51a0-4d9c-ba8d-4bb0100759c0,1895,,,QUORUM,cassandra-1,True,False,4.496,2026-09-16T06:28:47.984929+00:00,
0b32a7fd-51a0-4d9c-ba8d-4bb0100759c0,monotonic_reads,network_partition,reader-1,read,mr-0b32a7fd-51a0-4d9c-ba8d-4bb0100759c0,,1895,QUORUM,QUORUM,cassandra-3,True,False,7.689,2026-09-16T06:28:48.000373+00:00,
0b32a7fd-51a0-4d9c-ba8d-4bb0100759c0,monotonic_reads,network_partition,writer-1,write,mr-0b32a7fd-51a0-4d9c-ba8d-4bb0100759c0,1896,,,QUORUM,cassandra-1,True,False,5.523,2026-09-16T06:28:48.014880+00:00,
0b32a7fd-51a0-4d9c-ba8d-4bb0100759c0,monotonic_reads,network_partition,reader-1,read,mr-0b32a7fd-51a0-4d9c-ba8d-4bb0100759c0,,1895,QUORUM,QUORUM,cassandra-1,True,False,5.104,2026-09-16T06:28:48.015698+00:00,
0b32a7fd-51a0-4d9c-ba8d-4bb0100759c0,monotonic_reads,network_partition,reader-1,read,mr-0b32a7fd-51a0-4d9c-ba8d-4bb0100759c0,,1896,QUORUM,QUORUM,cassandra-2,True,False,7.907,2026-09-16T06:28:48.034939+00:00,
0b32a7fd-51a0-4d9c-ba8d-4bb0100759c0,monotonic_reads,network_partition,writer-1,write,mr-0b32a7fd-51a0-4d9c-ba8d-4bb0100759c0,1897,,,QUORUM,cassandra-1,True,False,5.065,2026-09-16T06:28:48.043128+00:00,
0b32a7fd-51a0-4d9c-ba8d-4bb0100759c0,monotonic_reads,network_partition,reader-1,read,mr-0b32a7fd-51a0-4d9c-ba8d-4bb0100759c0,,1897,QUORUM,QUORUM,cassandra-3,True,False,5.012,2026-09-16T06:28:48.050617+00:00,
0b32a7fd-51a0-4d9c-ba8d-4bb0100759c0,monotonic_reads,network_partition,reader-1,read,mr-0b32a7fd-51a0-4d9c-ba8d-4bb0100759c0,,1897,QUORUM,QUORUM,cassandra-1,True,False,3.46,2026-09-16T06:28:48.065886+00:00,
0b32a7fd-51a0-4d9c-ba8d-4bb0100759c0,monotonic_reads,network_partition,writer-1,write,mr-0b32a7fd-51a0-4d9c-ba8d-4bb0100759c0,1898,,,QUORUM,cassandra-1,True,False,3.915,2026-09-16T06:28:48.067502+00:00,
0b32a7fd-51a0-4d9c-ba8d-4bb0100759c0,monotonic_reads,network_partition,reader-1,read,mr-0b32a7fd-51a0-4d9c-ba8d-4bb0100759c0,,1898,QUORUM,QUORUM,cassandra-2,True,False,4.314,2026-09-16T06:28:48.080818+00:00,
0b32a7fd-51a0-4d9c-ba8d-4bb0100759c0,monotonic_reads,network_partition,writer-1,write,mr-0b32a7fd-51a0-4d9c-ba8d-4bb0100759c0,1899,,,QUORUM,cassandra-1,True,False,4.688,2026-09-16T06:28:48.092548+00:00,
0b32a7fd-51a0-4d9c-ba8d-4bb0100759c0,monotonic_reads,network_partition,reader-1,read,mr-0b32a7fd-51a0-4d9c-ba8d-4bb0100759c0,,1899,QUORUM,QUORUM,cassandra-3,True,False,4.494,2026-09-16T06:28:48.096100+00:00,
0b32a7fd-51a0-4d9c-ba8d-4bb0100759c0,monotonic_reads,network_partition,reader-1,read,mr-0b32a7fd-51a0-4d9c-ba8d-4bb0100759c0,,1899,QUORUM,QUORUM,cassandra-1,True,False,6.113,2026-09-16T06:28:48.114698+00:00,
0b32a7fd-51a0-4d9c-ba8d-4bb0100759c0,monotonic_reads,network_partition,writer-1,write,mr-0b32a7fd-51a0-4d9c-ba8d-4bb0100759c0,1900,,,QUORUM,cassandra-1,True,False,5.165,2026-09-16T06:28:48.120011+00:00,
0b32a7fd-51a0-4d9c-ba8d-4bb0100759c0,monotonic_reads,network_partition,reader-1,read,mr-0b32a7fd-51a0-4d9c-ba8d-4bb0100759c0,,1900,QUORUM,QUORUM,cassandra-2,True,False,5.178,2026-09-16T06:28:48.133232+00:00,
0b32a7fd-51a0-4d9c-ba8d-4bb0100759c0,monotonic_reads,network_partition,writer-1,write,mr-0b32a7fd-51a0-4d9c-ba8d-4bb0100759c0,1901,,,QUORUM,cassandra-1,True,False,3.693,2026-09-16T06:28:48.146389+00:00,
0b32a7fd-51a0-4d9c-ba8d-4bb0100759c0,monotonic_reads,network_partition,reader-1,read,mr-0b32a7fd-51a0-4d9c-ba8d-4bb0100759c0,,1901,QUORUM,QUORUM,cassandra-3,True,False,4.664,2026-09-16T06:28:48.150149+00:00,
0b32a7fd-51a0-4d9c-ba8d-4bb0100759c0,monotonic_reads,network_partition,reader-1,read,mr-0b32a7fd-51a0-4d9c-ba8d-4bb0100759c0,,1901,QUORUM,QUORUM,cassandra-1,True,False,5.351,2026-09-16T06:28:48.167978+00:00,
0b32a7fd-51a0-4d9c-ba8d-4bb0100759c0,monotonic_reads,network_partition,writer-1,write,mr-0b32a7fd-51a0-4d9c-ba8d-4bb0100759c0,1902,,,QUORUM,cassandra-1,True,False,4.21,2026-09-16T06:28:48.173820+00:00,
0b32a7fd-51a0-4d9c-ba8d-4bb0100759c0,monotonic_reads,network_partition,reader-1,read,mr-0b32a7fd-51a0-4d9c-ba8d-4bb0100759c0,,1902,QUORUM,QUORUM,cassandra-2,True,False,4.514,2026-09-16T06:28:48.183121+00:00,
0b32a7fd-51a0-4d9c-ba8d-4bb0100759c0,monotonic_reads,network_partition,reader-1,read,mr-0b32a7fd-51a0-4d9c-ba8d-4bb0100759c0,,1902,QUORUM,QUORUM,cassandra-3,True,False,4.785,2026-09-16T06:28:48.199407+00:00,
0b32a7fd-51a0-4d9c-ba8d-4bb0100759c0,monotonic_reads,network_partition,writer-1,write,mr-0b32a7fd-51a0-4d9c-ba8d-4bb0100759c0,1903,,,QUORUM,cassandra-1,True,False,3.701,2026-09-16T06:28:48.201300+00:00,
0b32a7fd-51a0-4d9c-ba8d-4bb0100759c0,monotonic_reads,network_partition,reader-1,read,mr-0b32a7fd-51a0-4d9c-ba8d-4bb0100759c0,,1903,QUORUM,QUORUM,cassandra-1,True,False,5.758,2026-09-16T06:28:48.216374+00:00,
0b32a7fd-51a0-4d9c-ba8d-4bb0100759c0,monotonic_reads,network_partition,writer-1,write,mr-0b32a7fd-51a0-4d9c-ba8d-4bb0100759c0,1904,,,QUORUM,cassandra-1,True,False,3.909,2026-09-16T06:28:48.228524+00:00,
0b32a7fd-51a0-4d9c-ba8d-4bb0100759c0,monotonic_reads,network_partition,reader-1,read,mr-0b32a7fd-51a0-4d9c-ba8d-4bb0100759c0,,1904,QUORUM,QUORUM,cassandra-2,True,False,4.477,2026-09-16T06:28:48.231091+00:00,
0b32a7fd-51a0-4d9c-ba8d-4bb0100759c0,monotonic_reads,network_partition,reader-1,read,mr-0b32a7fd-51a0-4d9c-ba8d-4bb0100759c0,,1904,QUORUM,QUORUM,cassandra-3,True,False,5.988,2026-09-16T06:28:48.248520+00:00,
0b32a7fd-51a0-4d9c-ba8d-4bb0100759c0,monotonic_reads,network_partition,writer-1,write,mr-0b32a7fd-51a0-4d9c-ba8d-4bb0100759c0,1905,,,QUORUM,cassandra-1,True,False,3.919,2026-09-16T06:28:48.255556+00:00,
0b32a7fd-51a0-4d9c-ba8d-4bb0100759c0,monotonic_reads,network_partition,reader-1,read,mr-0b32a7fd-51a0-4d9c-ba8d-4bb0100759c0,,1905,QUORUM,QUORUM,cassandra-1,True,False,4.545,2026-09-16T06:28:48.265084+00:00,
0b32a7fd-51a0-4d9c-ba8d-4bb0100759c0,monotonic_reads,network_partition,reader-1,read,mr-0b32a7fd-51a0-4d9c-ba8d-4bb0100759c0,,1905,QUORUM,QUORUM,cassandra-2,True,False,5.441,2026-09-16T06:28:48.283217+00:00,
0b32a7fd-51a0-4d9c-ba8d-4bb0100759c0,monotonic_reads,network_partition,writer-1,write,mr-0b32a7fd-51a0-4d9c-ba8d-4bb0100759c0,1906,,,QUORUM,cassandra-1,True,False,4.589,2026-09-16T06:28:48.285227+00:00,
0b32a7fd-51a0-4d9c-ba8d-4bb0100759c0,monotonic_reads,network_partition,reader-1,read,mr-0b32a7fd-51a0-4d9c-ba8d-4bb0100759c0,,1906,QUORUM,QUORUM,cassandra-3,True,False,4.595,2026-09-16T06:28:48.298205+00:00,
0b32a7fd-51a0-4d9c-ba8d-4bb0100759c0,monotonic_reads,network_partition,writer-1,write,mr-0b32a7fd-51a0-4d9c-ba8d-4bb0100759c0,1907,,,QUORUM,cassandra-1,True,False,3.733,2026-09-16T06:28:48.310358+00:00,
0b32a7fd-51a0-4d9c-ba8d-4bb0100759c0,monotonic_reads,network_partition,reader-1,read,mr-0b32a7fd-51a0-4d9c-ba8d-4bb0100759c0,,1907,QUORUM,QUORUM,cassandra-1,True,False,4.844,2026-09-16T06:28:48.314386+00:00,
0b32a7fd-51a0-4d9c-ba8d-4bb0100759c0,monotonic_reads,network_partition,reader-1,read,mr-0b32a7fd-51a0-4d9c-ba8d-4bb0100759c0,,1907,QUORUM,QUORUM,cassandra-2,True,False,4.995,2026-09-16T06:28:48.331025+00:00,
0b32a7fd-51a0-4d9c-ba8d-4bb0100759c0,monotonic_reads,network_partition,writer-1,write,mr-0b32a7fd-51a0-4d9c-ba8d-4bb0100759c0,1908,,,QUORUM,cassandra-1,True,False,2.761,2026-09-16T06:28:48.337358+00:00,
0b32a7fd-51a0-4d9c-ba8d-4bb0100759c0,monotonic_reads,network_partition,reader-1,read,mr-0b32a7fd-51a0-4d9c-ba8d-4bb0100759c0,,1908,QUORUM,QUORUM,cassandra-3,True,False,4.264,2026-09-16T06:28:48.345875+00:00,
0b32a7fd-51a0-4d9c-ba8d-4bb0100759c0,monotonic_reads,network_partition,reader-1,read,mr-0b32a7fd-51a0-4d9c-ba8d-4bb0100759c0,,1908,QUORUM,QUORUM,cassandra-1,True,False,9.806,2026-09-16T06:28:48.367776+00:00,
0b32a7fd-51a0-4d9c-ba8d-4bb0100759c0,monotonic_reads,network_partition,writer-1,write,mr-0b32a7fd-51a0-4d9c-ba8d-4bb0100759c0,1909,,,QUORUM,cassandra-1,True,False,7.508,2026-09-16T06:28:48.368168+00:00,
0b32a7fd-51a0-4d9c-ba8d-4bb0100759c0,monotonic_reads,network_partition,reader-1,read,mr-0b32a7fd-51a0-4d9c-ba8d-4bb0100759c0,,1909,QUORUM,QUORUM,cassandra-2,True,False,5.579,2026-09-16T06:28:48.386212+00:00,
0b32a7fd-51a0-4d9c-ba8d-4bb0100759c0,monotonic_reads,network_partition,writer-1,write,mr-0b32a7fd-51a0-4d9c-ba8d-4bb0100759c0,1910,,,QUORUM,cassandra-1,True,False,5.407,2026-09-16T06:28:48.397858+00:00,
0b32a7fd-51a0-4d9c-ba8d-4bb0100759c0,monotonic_reads,network_partition,reader-1,read,mr-0b32a7fd-51a0-4d9c-ba8d-4bb0100759c0,,1910,QUORUM,QUORUM,cassandra-3,True,False,6.692,2026-09-16T06:28:48.403318+00:00,
0b32a7fd-51a0-4d9c-ba8d-4bb0100759c0,monotonic_reads,network_partition,reader-1,read,mr-0b32a7fd-51a0-4d9c-ba8d-4bb0100759c0,,1910,QUORUM,QUORUM,cassandra-1,True,False,7.925,2026-09-16T06:28:48.423506+00:00,
0b32a7fd-51a0-4d9c-ba8d-4bb0100759c0,monotonic_reads,network_partition,writer-1,write,mr-0b32a7fd-51a0-4d9c-ba8d-4bb0100759c0,1911,,,QUORUM,cassandra-1,True,False,5.305,2026-09-16T06:28:48.427524+00:00,
0b32a7fd-51a0-4d9c-ba8d-4bb0100759c0,monotonic_reads,network_partition,reader-1,read,mr-0b32a7fd-51a0-4d9c-ba8d-4bb0100759c0,,1911,QUORUM,QUORUM,cassandra-2,True,False,6.373,2026-09-16T06:28:48.441019+00:00,
0b32a7fd-51a0-4d9c-ba8d-4bb0100759c0,monotonic_reads,network_partition,reader-1,read,mr-0b32a7fd-51a0-4d9c-ba8d-4bb0100759c0,,1911,QUORUM,QUORUM,cassandra-3,True,False,4.646,2026-09-16T06:28:48.457251+00:00,
0b32a7fd-51a0-4d9c-ba8d-4bb0100759c0,monotonic_reads,network_partition,writer-1,write,mr-0b32a7fd-51a0-4d9c-ba8d-4bb0100759c0,1912,,,QUORUM,cassandra-1,True,False,5.95,2026-09-16T06:28:48.457569+00:00,
0b32a7fd-51a0-4d9c-ba8d-4bb0100759c0,monotonic_reads,network_partition,reader-1,read,mr-0b32a7fd-51a0-4d9c-ba8d-4bb0100759c0,,1912,QUORUM,QUORUM,cassandra-1,True,False,5.452,2026-09-16T06:28:48.475601+00:00,
0b32a7fd-51a0-4d9c-ba8d-4bb0100759c0,monotonic_reads,network_partition,writer-1,write,mr-0b32a7fd-51a0-4d9c-ba8d-4bb0100759c0,1913,,,QUORUM,cassandra-1,True,False,6.19,2026-09-16T06:28:48.488719+00:00,
0b32a7fd-51a0-4d9c-ba8d-4bb0100759c0,monotonic_reads,network_partition,reader-1,read,mr-0b32a7fd-51a0-4d9c-ba8d-4bb0100759c0,,1913,QUORUM,QUORUM,cassandra-2,True,False,4.275,2026-09-16T06:28:48.490894+00:00,
0b32a7fd-51a0-4d9c-ba8d-4bb0100759c0,monotonic_reads,network_partition,reader-1,read,mr-0b32a7fd-51a0-4d9c-ba8d-4bb0100759c0,,1913,QUORUM,QUORUM,cassandra-3,True,False,5.206,2026-09-16T06:28:48.507210+00:00,
0b32a7fd-51a0-4d9c-ba8d-4bb0100759c0,monotonic_reads,network_partition,writer-1,write,mr-0b32a7fd-51a0-4d9c-ba8d-4bb0100759c0,1914,,,QUORUM,cassandra-1,True,False,4.961,2026-09-16T06:28:48.516700+00:00,
0b32a7fd-51a0-4d9c-ba8d-4bb0100759c0,monotonic_reads,network_partition,reader-1,read,mr-0b32a7fd-51a0-4d9c-ba8d-4bb0100759c0,,1914,QUORUM,QUORUM,cassandra-1,True,False,5.317,2026-09-16T06:28:48.523037+00:00,
0b32a7fd-51a0-4d9c-ba8d-4bb0100759c0,monotonic_reads,network_partition,writer-1,write,mr-0b32a7fd-51a0-4d9c-ba8d-4bb0100759c0,1915,,,QUORUM,cassandra-1,True,False,6.065,2026-09-16T06:28:48.543595+00:00,
0b32a7fd-51a0-4d9c-ba8d-4bb0100759c0,monotonic_reads,network_partition,reader-1,read,mr-0b32a7fd-51a0-4d9c-ba8d-4bb0100759c0,,1914,QUORUM,QUORUM,cassandra-2,True,False,8.12,2026-09-16T06:28:48.543714+00:00,
0b32a7fd-51a0-4d9c-ba8d-4bb0100759c0,monotonic_reads,network_partition,reader-1,read,mr-0b32a7fd-51a0-4d9c-ba8d-4bb0100759c0,,1915,QUORUM,QUORUM,cassandra-3,True,False,5.932,2026-09-16T06:28:48.560532+00:00,
0b32a7fd-51a0-4d9c-ba8d-4bb0100759c0,monotonic_reads,network_partition,writer-1,write,mr-0b32a7fd-51a0-4d9c-ba8d-4bb0100759c0,1916,,,QUORUM,cassandra-1,True,False,6.164,2026-09-16T06:28:48.573803+00:00,
0b32a7fd-51a0-4d9c-ba8d-4bb0100759c0,monotonic_reads,network_partition,reader-1,read,mr-0b32a7fd-51a0-4d9c-ba8d-4bb0100759c0,,1916,QUORUM,QUORUM,cassandra-1,True,False,4.482,2026-09-16T06:28:48.575931+00:00,
0b32a7fd-51a0-4d9c-ba8d-4bb0100759c0,monotonic_reads,network_partition,reader-1,read,mr-0b32a7fd-51a0-4d9c-ba8d-4bb0100759c0,,1916,QUORUM,QUORUM,cassandra-2,True,False,5.981,2026-09-16T06:28:48.593626+00:00,
0b32a7fd-51a0-4d9c-ba8d-4bb0100759c0,monotonic_reads,network_partition,writer-1,write,mr-0b32a7fd-51a0-4d9c-ba8d-4bb0100759c0,1917,,,QUORUM,cassandra-1,True,False,4.756,2026-09-16T06:28:48.603796+00:00,
0b32a7fd-51a0-4d9c-ba8d-4bb0100759c0,monotonic_reads,network_partition,reader-1,read,mr-0b32a7fd-51a0-4d9c-ba8d-4bb0100759c0,,1917,QUORUM,QUORUM,cassandra-3,True,False,5.478,2026-09-16T06:28:48.611079+00:00,
0b32a7fd-51a0-4d9c-ba8d-4bb0100759c0,monotonic_reads,network_partition,writer-1,write,mr-0b32a7fd-51a0-4d9c-ba8d-4bb0100759c0,1918,,,QUORUM,cassandra-1,True,False,3.474,2026-09-16T06:28:48.631419+00:00,
0b32a7fd-51a0-4d9c-ba8d-4bb0100759c0,monotonic_reads,network_partition,reader-1,read,mr-0b32a7fd-51a0-4d9c-ba8d-4bb0100759c0,,1917,QUORUM,QUORUM,cassandra-1,True,False,10.073,2026-09-16T06:28:48.632025+00:00,
0b32a7fd-51a0-4d9c-ba8d-4bb0100759c0,monotonic_reads,network_partition,reader-1,read,mr-0b32a7fd-51a0-4d9c-ba8d-4bb0100759c0,,1918,QUORUM,QUORUM,cassandra-2,True,False,4.561,2026-09-16T06:28:48.648182+00:00,
0b32a7fd-51a0-4d9c-ba8d-4bb0100759c0,monotonic_reads,network_partition,writer-1,write,mr-0b32a7fd-51a0-4d9c-ba8d-4bb0100759c0,1919,,,QUORUM,cassandra-1,True,False,4.808,2026-09-16T06:28:48.661431+00:00,
0b32a7fd-51a0-4d9c-ba8d-4bb0100759c0,monotonic_reads,network_partition,reader-1,read,mr-0b32a7fd-51a0-4d9c-ba8d-4bb0100759c0,,1919,QUORUM,QUORUM,cassandra-3,True,False,4.686,2026-09-16T06:28:48.664783+00:00,
0b32a7fd-51a0-4d9c-ba8d-4bb0100759c0,monotonic_reads,network_partition,reader-1,read,mr-0b32a7fd-51a0-4d9c-ba8d-4bb0100759c0,,1919,QUORUM,QUORUM,cassandra-1,True,False,5.327,2026-09-16T06:28:48.681341+00:00,
0b32a7fd-51a0-4d9c-ba8d-4bb0100759c0,monotonic_reads,network_partition,writer-1,write,mr-0b32a7fd-51a0-4d9c-ba8d-4bb0100759c0,1920,,,QUORUM,cassandra-1,True,False,4.775,2026-09-16T06:28:48.690648+00:00,
0b32a7fd-51a0-4d9c-ba8d-4bb0100759c0,monotonic_reads,network_partition,reader-1,read,mr-0b32a7fd-51a0-4d9c-ba8d-4bb0100759c0,,1920,QUORUM,QUORUM,cassandra-2,True,False,4.427,2026-09-16T06:28:48.696024+00:00,
0b32a7fd-51a0-4d9c-ba8d-4bb0100759c0,monotonic_reads,network_partition,reader-1,read,mr-0b32a7fd-51a0-4d9c-ba8d-4bb0100759c0,,1920,QUORUM,QUORUM,cassandra-3,True,False,8.289,2026-09-16T06:28:48.716993+00:00,
0b32a7fd-51a0-4d9c-ba8d-4bb0100759c0,monotonic_reads,network_partition,writer-1,write,mr-0b32a7fd-51a0-4d9c-ba8d-4bb0100759c0,1921,,,QUORUM,cassandra-1,True,False,4.933,2026-09-16T06:28:48.719575+00:00,
0b32a7fd-51a0-4d9c-ba8d-4bb0100759c0,monotonic_reads,network_partition,reader-1,read,mr-0b32a7fd-51a0-4d9c-ba8d-4bb0100759c0,,1921,QUORUM,QUORUM,cassandra-1,True,False,4.408,2026-09-16T06:28:48.733011+00:00,
0b32a7fd-51a0-4d9c-ba8d-4bb0100759c0,monotonic_reads,network_partition,reader-1,read,mr-0b32a7fd-51a0-4d9c-ba8d-4bb0100759c0,,1921,QUORUM,QUORUM,cassandra-2,True,False,4.566,2026-09-16T06:28:48.748216+00:00,
0b32a7fd-51a0-4d9c-ba8d-4bb0100759c0,monotonic_reads,network_partition,writer-1,write,mr-0b32a7fd-51a0-4d9c-ba8d-4bb0100759c0,1922,,,QUORUM,cassandra-1,True,False,4.012,2026-09-16T06:28:48.748605+00:00,
0b32a7fd-51a0-4d9c-ba8d-4bb0100759c0,monotonic_reads,network_partition,reader-1,read,mr-0b32a7fd-51a0-4d9c-ba8d-4bb0100759c0,,1922,QUORUM,QUORUM,cassandra-3,True,False,5.591,2026-09-16T06:28:48.766205+00:00,
0b32a7fd-51a0-4d9c-ba8d-4bb0100759c0,monotonic_reads,network_partition,writer-1,write,mr-0b32a7fd-51a0-4d9c-ba8d-4bb0100759c0,1923,,,QUORUM,cassandra-1,True,False,5.074,2026-09-16T06:28:48.774706+00:00,
0b32a7fd-51a0-4d9c-ba8d-4bb0100759c0,monotonic_reads,network_partition,reader-1,read,mr-0b32a7fd-51a0-4d9c-ba8d-4bb0100759c0,,1923,QUORUM,QUORUM,cassandra-1,True,False,4.56,2026-09-16T06:28:48.781166+00:00,
0b32a7fd-51a0-4d9c-ba8d-4bb0100759c0,monotonic_reads,network_partition,reader-1,read,mr-0b32a7fd-51a0-4d9c-ba8d-4bb0100759c0,,1923,QUORUM,QUORUM,cassandra-2,True,False,7.129,2026-09-16T06:28:48.800615+00:00,
0b32a7fd-51a0-4d9c-ba8d-4bb0100759c0,monotonic_reads,network_partition,writer-1,write,mr-0b32a7fd-51a0-4d9c-ba8d-4bb0100759c0,1924,,,QUORUM,cassandra-1,True,False,3.869,2026-09-16T06:28:48.801295+00:00,
0b32a7fd-51a0-4d9c-ba8d-4bb0100759c0,monotonic_reads,network_partition,reader-1,read,mr-0b32a7fd-51a0-4d9c-ba8d-4bb0100759c0,,1924,QUORUM,QUORUM,cassandra-3,True,False,6.297,2026-09-16T06:28:48.819557+00:00,
0b32a7fd-51a0-4d9c-ba8d-4bb0100759c0,monotonic_reads,network_partition,writer-1,write,mr-0b32a7fd-51a0-4d9c-ba8d-4bb0100759c0,1925,,,QUORUM,cassandra-1,True,False,4.653,2026-09-16T06:28:48.830656+00:00,
0b32a7fd-51a0-4d9c-ba8d-4bb0100759c0,monotonic_reads,network_partition,reader-1,read,mr-0b32a7fd-51a0-4d9c-ba8d-4bb0100759c0,,1925,QUORUM,QUORUM,cassandra-1,True,False,4.562,2026-09-16T06:28:48.836782+00:00,
0b32a7fd-51a0-4d9c-ba8d-4bb0100759c0,monotonic_reads,network_partition,reader-1,read,mr-0b32a7fd-51a0-4d9c-ba8d-4bb0100759c0,,1925,QUORUM,QUORUM,cassandra-2,True,False,6.084,2026-09-16T06:28:48.855521+00:00,
0b32a7fd-51a0-4d9c-ba8d-4bb0100759c0,monotonic_reads,network_partition,writer-1,write,mr-0b32a7fd-51a0-4d9c-ba8d-4bb0100759c0,1926,,,QUORUM,cassandra-1,True,False,4.765,2026-09-16T06:28:48.855901+00:00,
0b32a7fd-51a0-4d9c-ba8d-4bb0100759c0,monotonic_reads,network_partition,reader-1,read,mr-0b32a7fd-51a0-4d9c-ba8d-4bb0100759c0,,1926,QUORUM,QUORUM,cassandra-3,True,False,15.023,2026-09-16T06:28:48.882939+00:00,
0b32a7fd-51a0-4d9c-ba8d-4bb0100759c0,monotonic_reads,network_partition,writer-1,write,mr-0b32a7fd-51a0-4d9c-ba8d-4bb0100759c0,1927,,,QUORUM,cassandra-1,True,False,5.172,2026-09-16T06:28:48.884219+00:00,
0b32a7fd-51a0-4d9c-ba8d-4bb0100759c0,monotonic_reads,network_partition,reader-1,read,mr-0b32a7fd-51a0-4d9c-ba8d-4bb0100759c0,,1927,QUORUM,QUORUM,cassandra-1,True,False,4.432,2026-09-16T06:28:48.900074+00:00,
0b32a7fd-51a0-4d9c-ba8d-4bb0100759c0,monotonic_reads,network_partition,writer-1,write,mr-0b32a7fd-51a0-4d9c-ba8d-4bb0100759c0,1928,,,QUORUM,cassandra-1,True,False,5.815,2026-09-16T06:28:48.914356+00:00,
0b32a7fd-51a0-4d9c-ba8d-4bb0100759c0,monotonic_reads,network_partition,reader-1,read,mr-0b32a7fd-51a0-4d9c-ba8d-4bb0100759c0,,1928,QUORUM,QUORUM,cassandra-2,True,False,5.207,2026-09-16T06:28:48.917791+00:00,
0b32a7fd-51a0-4d9c-ba8d-4bb0100759c0,monotonic_reads,network_partition,reader-1,read,mr-0b32a7fd-51a0-4d9c-ba8d-4bb0100759c0,,1928,QUORUM,QUORUM,cassandra-3,True,False,5.302,2026-09-16T06:28:48.935545+00:00,
0b32a7fd-51a0-4d9c-ba8d-4bb0100759c0,monotonic_reads,network_partition,writer-1,write,mr-0b32a7fd-51a0-4d9c-ba8d-4bb0100759c0,1929,,,QUORUM,cassandra-1,True,False,3.556,2026-09-16T06:28:48.939289+00:00,
0b32a7fd-51a0-4d9c-ba8d-4bb0100759c0,monotonic_reads,network_partition,reader-1,read,mr-0b32a7fd-51a0-4d9c-ba8d-4bb0100759c0,,1929,QUORUM,QUORUM,cassandra-1,True,False,4.383,2026-09-16T06:28:48.951012+00:00,
0b32a7fd-51a0-4d9c-ba8d-4bb0100759c0,monotonic_reads,network_partition,reader-1,read,mr-0b32a7fd-51a0-4d9c-ba8d-4bb0100759c0,,1929,QUORUM,QUORUM,cassandra-2,True,False,5.34,2026-09-16T06:28:48.968161+00:00,
0b32a7fd-51a0-4d9c-ba8d-4bb0100759c0,monotonic_reads,network_partition,writer-1,write,mr-0b32a7fd-51a0-4d9c-ba8d-4bb0100759c0,1930,,,QUORUM,cassandra-1,True,False,4.656,2026-09-16T06:28:48.968486+00:00,
0b32a7fd-51a0-4d9c-ba8d-4bb0100759c0,monotonic_reads,network_partition,reader-1,read,mr-0b32a7fd-51a0-4d9c-ba8d-4bb0100759c0,,1930,QUORUM,QUORUM,cassandra-3,True,False,6.701,2026-09-16T06:28:48.986317+00:00,
0b32a7fd-51a0-4d9c-ba8d-4bb0100759c0,monotonic_reads,network_partition,writer-1,write,mr-0b32a7fd-51a0-4d9c-ba8d-4bb0100759c0,1931,,,QUORUM,cassandra-1,True,False,6.308,2026-09-16T06:28:48.997959+00:00,
0b32a7fd-51a0-4d9c-ba8d-4bb0100759c0,monotonic_reads,network_partition,reader-1,read,mr-0b32a7fd-51a0-4d9c-ba8d-4bb0100759c0,,1931,QUORUM,QUORUM,cassandra-1,True,False,4.666,2026-09-16T06:28:49.002760+00:00,
0b32a7fd-51a0-4d9c-ba8d-4bb0100759c0,monotonic_reads,network_partition,reader-1,read,mr-0b32a7fd-51a0-4d9c-ba8d-4bb0100759c0,,1931,QUORUM,QUORUM,cassandra-2,True,False,5.957,2026-09-16T06:28:49.019566+00:00,
0b32a7fd-51a0-4d9c-ba8d-4bb0100759c0,monotonic_reads,network_partition,writer-1,write,mr-0b32a7fd-51a0-4d9c-ba8d-4bb0100759c0,1932,,,QUORUM,cassandra-1,True,False,4.132,2026-09-16T06:28:49.024756+00:00,
0b32a7fd-51a0-4d9c-ba8d-4bb0100759c0,monotonic_reads,network_partition,reader-1,read,mr-0b32a7fd-51a0-4d9c-ba8d-4bb0100759c0,,1932,QUORUM,QUORUM,cassandra-3,True,False,6.387,2026-09-16T06:28:49.037961+00:00,
0b32a7fd-51a0-4d9c-ba8d-4bb0100759c0,monotonic_reads,network_partition,writer-1,write,mr-0b32a7fd-51a0-4d9c-ba8d-4bb0100759c0,1933,,,QUORUM,cassandra-1,True,False,5.181,2026-09-16T06:28:49.051807+00:00,
0b32a7fd-51a0-4d9c-ba8d-4bb0100759c0,monotonic_reads,network_partition,reader-1,read,mr-0b32a7fd-51a0-4d9c-ba8d-4bb0100759c0,,1933,QUORUM,QUORUM,cassandra-1,True,False,5.224,2026-09-16T06:28:49.055429+00:00,
0b32a7fd-51a0-4d9c-ba8d-4bb0100759c0,monotonic_reads,network_partition,reader-1,read,mr-0b32a7fd-51a0-4d9c-ba8d-4bb0100759c0,,1933,QUORUM,QUORUM,cassandra-2,True,False,7.373,2026-09-16T06:28:49.075497+00:00,
0b32a7fd-51a0-4d9c-ba8d-4bb0100759c0,monotonic_reads,network_partition,writer-1,write,mr-0b32a7fd-51a0-4d9c-ba8d-4bb0100759c0,1934,,,QUORUM,cassandra-1,True,False,3.504,2026-09-16T06:28:49.080338+00:00,
0b32a7fd-51a0-4d9c-ba8d-4bb0100759c0,monotonic_reads,network_partition,reader-1,read,mr-0b32a7fd-51a0-4d9c-ba8d-4bb0100759c0,,1934,QUORUM,QUORUM,cassandra-3,True,False,4.491,2026-09-16T06:28:49.091090+00:00,
0b32a7fd-51a0-4d9c-ba8d-4bb0100759c0,monotonic_reads,network_partition,writer-1,write,mr-0b32a7fd-51a0-4d9c-ba8d-4bb0100759c0,1935,,,QUORUM,cassandra-1,True,False,4.963,2026-09-16T06:28:49.105588+00:00,
0b32a7fd-51a0-4d9c-ba8d-4bb0100759c0,monotonic_reads,network_partition,reader-1,read,mr-0b32a7fd-51a0-4d9c-ba8d-4bb0100759c0,,1934,QUORUM,QUORUM,cassandra-1,True,False,4.721,2026-09-16T06:28:49.106397+00:00,
0b32a7fd-51a0-4d9c-ba8d-4bb0100759c0,monotonic_reads,network_partition,reader-1,read,mr-0b32a7fd-51a0-4d9c-ba8d-4bb0100759c0,,1935,QUORUM,QUORUM,cassandra-2,True,False,4.059,2026-09-16T06:28:49.121547+00:00,
0b32a7fd-51a0-4d9c-ba8d-4bb0100759c0,monotonic_reads,network_partition,writer-1,write,mr-0b32a7fd-51a0-4d9c-ba8d-4bb0100759c0,1936,,,QUORUM,cassandra-1,True,False,4.987,2026-09-16T06:28:49.133689+00:00,
0b32a7fd-51a0-4d9c-ba8d-4bb0100759c0,monotonic_reads,network_partition,reader-1,read,mr-0b32a7fd-51a0-4d9c-ba8d-4bb0100759c0,,1936,QUORUM,QUORUM,cassandra-3,True,False,6.53,2026-09-16T06:28:49.140348+00:00,
0b32a7fd-51a0-4d9c-ba8d-4bb0100759c0,monotonic_reads,network_partition,reader-1,read,mr-0b32a7fd-51a0-4d9c-ba8d-4bb0100759c0,,1936,QUORUM,QUORUM,cassandra-1,True,False,4.675,2026-09-16T06:28:49.157200+00:00,
0b32a7fd-51a0-4d9c-ba8d-4bb0100759c0,monotonic_reads,network_partition,writer-1,write,mr-0b32a7fd-51a0-4d9c-ba8d-4bb0100759c0,1937,,,QUORUM,cassandra-1,True,False,3.421,2026-09-16T06:28:49.162184+00:00,
0b32a7fd-51a0-4d9c-ba8d-4bb0100759c0,monotonic_reads,network_partition,reader-1,read,mr-0b32a7fd-51a0-4d9c-ba8d-4bb0100759c0,,1937,QUORUM,QUORUM,cassandra-2,True,False,6.806,2026-09-16T06:28:49.175347+00:00,
0b32a7fd-51a0-4d9c-ba8d-4bb0100759c0,monotonic_reads,network_partition,writer-1,write,mr-0b32a7fd-51a0-4d9c-ba8d-4bb0100759c0,1938,,,QUORUM,cassandra-1,True,False,3.817,2026-09-16T06:28:49.190337+00:00,
0b32a7fd-51a0-4d9c-ba8d-4bb0100759c0,monotonic_reads,network_partition,reader-1,read,mr-0b32a7fd-51a0-4d9c-ba8d-4bb0100759c0,,1938,QUORUM,QUORUM,cassandra-3,True,False,3.979,2026-09-16T06:28:49.191903+00:00,
0b32a7fd-51a0-4d9c-ba8d-4bb0100759c0,monotonic_reads,network_partition,reader-1,read,mr-0b32a7fd-51a0-4d9c-ba8d-4bb0100759c0,,1938,QUORUM,QUORUM,cassandra-1,True,False,5.738,2026-09-16T06:28:49.208287+00:00,
0b32a7fd-51a0-4d9c-ba8d-4bb0100759c0,monotonic_reads,network_partition,writer-1,write,mr-0b32a7fd-51a0-4d9c-ba8d-4bb0100759c0,1939,,,QUORUM,cassandra-1,True,False,3.857,2026-09-16T06:28:49.217481+00:00,
0b32a7fd-51a0-4d9c-ba8d-4bb0100759c0,monotonic_reads,network_partition,reader-1,read,mr-0b32a7fd-51a0-4d9c-ba8d-4bb0100759c0,,1939,QUORUM,QUORUM,cassandra-2,True,False,13.6,2026-09-16T06:28:49.232224+00:00,
0b32a7fd-51a0-4d9c-ba8d-4bb0100759c0,monotonic_reads,network_partition,writer-1,write,mr-0b32a7fd-51a0-4d9c-ba8d-4bb0100759c0,1940,,,QUORUM,cassandra-1,True,False,3.802,2026-09-16T06:28:49.242412+00:00,
0b32a7fd-51a0-4d9c-ba8d-4bb0100759c0,monotonic_reads,network_partition,reader-1,read,mr-0b32a7fd-51a0-4d9c-ba8d-4bb0100759c0,,1940,QUORUM,QUORUM,cassandra-3,True,False,4.583,2026-09-16T06:28:49.248202+00:00,
0b32a7fd-51a0-4d9c-ba8d-4bb0100759c0,monotonic_reads,network_partition,reader-1,read,mr-0b32a7fd-51a0-4d9c-ba8d-4bb0100759c0,,1940,QUORUM,QUORUM,cassandra-1,True,False,5.191,2026-09-16T06:28:49.266113+00:00,
0b32a7fd-51a0-4d9c-ba8d-4bb0100759c0,monotonic_reads,network_partition,writer-1,write,mr-0b32a7fd-51a0-4d9c-ba8d-4bb0100759c0,1941,,,QUORUM,cassandra-1,True,False,4.045,2026-09-16T06:28:49.271214+00:00,
0b32a7fd-51a0-4d9c-ba8d-4bb0100759c0,monotonic_reads,network_partition,reader-1,read,mr-0b32a7fd-51a0-4d9c-ba8d-4bb0100759c0,,1941,QUORUM,QUORUM,cassandra-2,True,False,4.594,2026-09-16T06:28:49.281276+00:00,
0b32a7fd-51a0-4d9c-ba8d-4bb0100759c0,monotonic_reads,network_partition,reader-1,read,mr-0b32a7fd-51a0-4d9c-ba8d-4bb0100759c0,,1941,QUORUM,QUORUM,cassandra-3,True,False,5.648,2026-09-16T06:28:49.298348+00:00,
0b32a7fd-51a0-4d9c-ba8d-4bb0100759c0,monotonic_reads,network_partition,writer-1,write,mr-0b32a7fd-51a0-4d9c-ba8d-4bb0100759c0,1942,,,QUORUM,cassandra-1,True,False,4.088,2026-09-16T06:28:49.298687+00:00,
0b32a7fd-51a0-4d9c-ba8d-4bb0100759c0,monotonic_reads,network_partition,reader-1,read,mr-0b32a7fd-51a0-4d9c-ba8d-4bb0100759c0,,1942,QUORUM,QUORUM,cassandra-1,True,False,5.903,2026-09-16T06:28:49.315560+00:00,
0b32a7fd-51a0-4d9c-ba8d-4bb0100759c0,monotonic_reads,network_partition,writer-1,write,mr-0b32a7fd-51a0-4d9c-ba8d-4bb0100759c0,1943,,,QUORUM,cassandra-1,True,False,4.777,2026-09-16T06:28:49.327379+00:00,
0b32a7fd-51a0-4d9c-ba8d-4bb0100759c0,monotonic_reads,network_partition,reader-1,read,mr-0b32a7fd-51a0-4d9c-ba8d-4bb0100759c0,,1943,QUORUM,QUORUM,cassandra-2,True,False,4.524,2026-09-16T06:28:49.331055+00:00,
0b32a7fd-51a0-4d9c-ba8d-4bb0100759c0,monotonic_reads,network_partition,reader-1,read,mr-0b32a7fd-51a0-4d9c-ba8d-4bb0100759c0,,1943,QUORUM,QUORUM,cassandra-3,True,False,5.753,2026-09-16T06:28:49.349374+00:00,
0b32a7fd-51a0-4d9c-ba8d-4bb0100759c0,monotonic_reads,network_partition,writer-1,write,mr-0b32a7fd-51a0-4d9c-ba8d-4bb0100759c0,1944,,,QUORUM,cassandra-1,True,False,4.595,2026-09-16T06:28:49.355179+00:00,
0b32a7fd-51a0-4d9c-ba8d-4bb0100759c0,monotonic_reads,network_partition,reader-1,read,mr-0b32a7fd-51a0-4d9c-ba8d-4bb0100759c0,,1944,QUORUM,QUORUM,cassandra-1,True,False,5.056,2026-09-16T06:28:49.367169+00:00,
0b32a7fd-51a0-4d9c-ba8d-4bb0100759c0,monotonic_reads,network_partition,writer-1,write,mr-0b32a7fd-51a0-4d9c-ba8d-4bb0100759c0,1945,,,QUORUM,cassandra-1,True,False,7.064,2026-09-16T06:28:49.383080+00:00,
0b32a7fd-51a0-4d9c-ba8d-4bb0100759c0,monotonic_reads,network_partition,reader-1,read,mr-0b32a7fd-51a0-4d9c-ba8d-4bb0100759c0,,1945,QUORUM,QUORUM,cassandra-2,True,False,7.401,2026-09-16T06:28:49.386174+00:00,
0b32a7fd-51a0-4d9c-ba8d-4bb0100759c0,monotonic_reads,network_partition,reader-1,read,mr-0b32a7fd-51a0-4d9c-ba8d-4bb0100759c0,,1945,QUORUM,QUORUM,cassandra-3,True,False,3.441,2026-09-16T06:28:49.402277+00:00,
0b32a7fd-51a0-4d9c-ba8d-4bb0100759c0,monotonic_reads,network_partition,writer-1,write,mr-0b32a7fd-51a0-4d9c-ba8d-4bb0100759c0,1946,,,QUORUM,cassandra-1,True,False,4.036,2026-09-16T06:28:49.412262+00:00,
0b32a7fd-51a0-4d9c-ba8d-4bb0100759c0,monotonic_reads,network_partition,reader-1,read,mr-0b32a7fd-51a0-4d9c-ba8d-4bb0100759c0,,1946,QUORUM,QUORUM,cassandra-1,True,False,4.347,2026-09-16T06:28:49.417383+00:00,
0b32a7fd-51a0-4d9c-ba8d-4bb0100759c0,monotonic_reads,network_partition,reader-1,read,mr-0b32a7fd-51a0-4d9c-ba8d-4bb0100759c0,,1946,QUORUM,QUORUM,cassandra-2,True,False,3.988,2026-09-16T06:28:49.432692+00:00,
0b32a7fd-51a0-4d9c-ba8d-4bb0100759c0,monotonic_reads,network_partition,writer-1,write,mr-0b32a7fd-51a0-4d9c-ba8d-4bb0100759c0,1947,,,QUORUM,cassandra-1,True,False,2.509,2026-09-16T06:28:49.435331+00:00,
0b32a7fd-51a0-4d9c-ba8d-4bb0100759c0,monotonic_reads,network_partition,reader-1,read,mr-0b32a7fd-51a0-4d9c-ba8d-4bb0100759c0,,1947,QUORUM,QUORUM,cassandra-3,True,False,3.74,2026-09-16T06:28:49.449185+00:00,
0b32a7fd-51a0-4d9c-ba8d-4bb0100759c0,monotonic_reads,network_partition,writer-1,write,mr-0b32a7fd-51a0-4d9c-ba8d-4bb0100759c0,1948,,,QUORUM,cassandra-1,True,False,4.091,2026-09-16T06:28:49.460114+00:00,
0b32a7fd-51a0-4d9c-ba8d-4bb0100759c0,monotonic_reads,network_partition,reader-1,read,mr-0b32a7fd-51a0-4d9c-ba8d-4bb0100759c0,,1948,QUORUM,QUORUM,cassandra-1,True,False,3.196,2026-09-16T06:28:49.463164+00:00,
0b32a7fd-51a0-4d9c-ba8d-4bb0100759c0,monotonic_reads,network_partition,reader-1,read,mr-0b32a7fd-51a0-4d9c-ba8d-4bb0100759c0,,1948,QUORUM,QUORUM,cassandra-2,True,False,3.758,2026-09-16T06:28:49.479519+00:00,
0b32a7fd-51a0-4d9c-ba8d-4bb0100759c0,monotonic_reads,network_partition,writer-1,write,mr-0b32a7fd-51a0-4d9c-ba8d-4bb0100759c0,1949,,,QUORUM,cassandra-1,True,False,2.129,2026-09-16T06:28:49.485946+00:00,
0b32a7fd-51a0-4d9c-ba8d-4bb0100759c0,monotonic_reads,network_partition,reader-1,read,mr-0b32a7fd-51a0-4d9c-ba8d-4bb0100759c0,,1949,QUORUM,QUORUM,cassandra-3,True,False,4.088,2026-09-16T06:28:49.494191+00:00,
0b32a7fd-51a0-4d9c-ba8d-4bb0100759c0,monotonic_reads,network_partition,reader-1,read,mr-0b32a7fd-51a0-4d9c-ba8d-4bb0100759c0,,1949,QUORUM,QUORUM,cassandra-1,True,False,3.678,2026-09-16T06:28:49.510482+00:00,
0b32a7fd-51a0-4d9c-ba8d-4bb0100759c0,monotonic_reads,network_partition,writer-1,write,mr-0b32a7fd-51a0-4d9c-ba8d-4bb0100759c0,1950,,,QUORUM,cassandra-1,True,False,2.906,2026-09-16T06:28:49.513961+00:00,
0b32a7fd-51a0-4d9c-ba8d-4bb0100759c0,monotonic_reads,network_partition,reader-1,read,mr-0b32a7fd-51a0-4d9c-ba8d-4bb0100759c0,,1950,QUORUM,QUORUM,cassandra-2,True,False,4.185,2026-09-16T06:28:49.527348+00:00,
0b32a7fd-51a0-4d9c-ba8d-4bb0100759c0,monotonic_reads,network_partition,writer-1,write,mr-0b32a7fd-51a0-4d9c-ba8d-4bb0100759c0,1951,,,QUORUM,cassandra-1,True,False,3.07,2026-09-16T06:28:49.537915+00:00,
0b32a7fd-51a0-4d9c-ba8d-4bb0100759c0,monotonic_reads,network_partition,reader-1,read,mr-0b32a7fd-51a0-4d9c-ba8d-4bb0100759c0,,1951,QUORUM,QUORUM,cassandra-3,True,False,3.427,2026-09-16T06:28:49.543368+00:00,
0b32a7fd-51a0-4d9c-ba8d-4bb0100759c0,monotonic_reads,network_partition,reader-1,read,mr-0b32a7fd-51a0-4d9c-ba8d-4bb0100759c0,,1951,QUORUM,QUORUM,cassandra-1,True,False,3.552,2026-09-16T06:28:49.559548+00:00,
0b32a7fd-51a0-4d9c-ba8d-4bb0100759c0,monotonic_reads,network_partition,writer-1,write,mr-0b32a7fd-51a0-4d9c-ba8d-4bb0100759c0,1952,,,QUORUM,cassandra-1,True,False,3.094,2026-09-16T06:28:49.564009+00:00,
0b32a7fd-51a0-4d9c-ba8d-4bb0100759c0,monotonic_reads,network_partition,reader-1,read,mr-0b32a7fd-51a0-4d9c-ba8d-4bb0100759c0,,1952,QUORUM,QUORUM,cassandra-2,True,False,4.038,2026-09-16T06:28:49.574641+00:00,
0b32a7fd-51a0-4d9c-ba8d-4bb0100759c0,monotonic_reads,network_partition,reader-1,read,mr-0b32a7fd-51a0-4d9c-ba8d-4bb0100759c0,,1952,QUORUM,QUORUM,cassandra-3,True,False,10.574,2026-09-16T06:28:49.596267+00:00,
0b32a7fd-51a0-4d9c-ba8d-4bb0100759c0,monotonic_reads,network_partition,writer-1,write,mr-0b32a7fd-51a0-4d9c-ba8d-4bb0100759c0,1953,,,QUORUM,cassandra-1,True,False,8.448,2026-09-16T06:28:49.596564+00:00,
0b32a7fd-51a0-4d9c-ba8d-4bb0100759c0,monotonic_reads,network_partition,reader-1,read,mr-0b32a7fd-51a0-4d9c-ba8d-4bb0100759c0,,1953,QUORUM,QUORUM,cassandra-1,True,False,3.198,2026-09-16T06:28:49.611789+00:00,
0b32a7fd-51a0-4d9c-ba8d-4bb0100759c0,monotonic_reads,network_partition,writer-1,write,mr-0b32a7fd-51a0-4d9c-ba8d-4bb0100759c0,1954,,,QUORUM,cassandra-1,True,False,4.299,2026-09-16T06:28:49.621368+00:00,
0b32a7fd-51a0-4d9c-ba8d-4bb0100759c0,monotonic_reads,network_partition,reader-1,read,mr-0b32a7fd-51a0-4d9c-ba8d-4bb0100759c0,,1954,QUORUM,QUORUM,cassandra-2,True,False,4.187,2026-09-16T06:28:49.627771+00:00,
0b32a7fd-51a0-4d9c-ba8d-4bb0100759c0,monotonic_reads,network_partition,reader-1,read,mr-0b32a7fd-51a0-4d9c-ba8d-4bb0100759c0,,1954,QUORUM,QUORUM,cassandra-3,True,False,7.313,2026-09-16T06:28:49.647751+00:00,
0b32a7fd-51a0-4d9c-ba8d-4bb0100759c0,monotonic_reads,network_partition,writer-1,write,mr-0b32a7fd-51a0-4d9c-ba8d-4bb0100759c0,1955,,,QUORUM,cassandra-1,True,False,5.43,2026-09-16T06:28:49.648096+00:00,
0b32a7fd-51a0-4d9c-ba8d-4bb0100759c0,monotonic_reads,network_partition,reader-1,read,mr-0b32a7fd-51a0-4d9c-ba8d-4bb0100759c0,,1955,QUORUM,QUORUM,cassandra-1,True,False,3.347,2026-09-16T06:28:49.661963+00:00,
0b32a7fd-51a0-4d9c-ba8d-4bb0100759c0,monotonic_reads,network_partition,writer-1,write,mr-0b32a7fd-51a0-4d9c-ba8d-4bb0100759c0,1956,,,QUORUM,cassandra-1,True,False,4.68,2026-09-16T06:28:49.674328+00:00,
0b32a7fd-51a0-4d9c-ba8d-4bb0100759c0,monotonic_reads,network_partition,reader-1,read,mr-0b32a7fd-51a0-4d9c-ba8d-4bb0100759c0,,1956,QUORUM,QUORUM,cassandra-2,True,False,4.267,2026-09-16T06:28:49.677774+00:00,
0b32a7fd-51a0-4d9c-ba8d-4bb0100759c0,monotonic_reads,network_partition,reader-1,read,mr-0b32a7fd-51a0-4d9c-ba8d-4bb0100759c0,,1956,QUORUM,QUORUM,cassandra-3,True,False,4.637,2026-09-16T06:28:49.694901+00:00,
0b32a7fd-51a0-4d9c-ba8d-4bb0100759c0,monotonic_reads,network_partition,writer-1,write,mr-0b32a7fd-51a0-4d9c-ba8d-4bb0100759c0,1957,,,QUORUM,cassandra-1,True,False,4.404,2026-09-16T06:28:49.699394+00:00,
0b32a7fd-51a0-4d9c-ba8d-4bb0100759c0,monotonic_reads,network_partition,reader-1,read,mr-0b32a7fd-51a0-4d9c-ba8d-4bb0100759c0,,1957,QUORUM,QUORUM,cassandra-1,True,False,4.438,2026-09-16T06:28:49.710964+00:00,
0b32a7fd-51a0-4d9c-ba8d-4bb0100759c0,monotonic_reads,network_partition,writer-1,write,mr-0b32a7fd-51a0-4d9c-ba8d-4bb0100759c0,1958,,,QUORUM,cassandra-1,True,False,12.791,2026-09-16T06:28:49.734405+00:00,
0b32a7fd-51a0-4d9c-ba8d-4bb0100759c0,monotonic_reads,network_partition,reader-1,read,mr-0b32a7fd-51a0-4d9c-ba8d-4bb0100759c0,,1958,QUORUM,QUORUM,cassandra-2,True,False,15.238,2026-09-16T06:28:49.737766+00:00,
0b32a7fd-51a0-4d9c-ba8d-4bb0100759c0,monotonic_reads,network_partition,reader-1,read,mr-0b32a7fd-51a0-4d9c-ba8d-4bb0100759c0,,1958,QUORUM,QUORUM,cassandra-3,True,False,3.633,2026-09-16T06:28:49.751661+00:00,
0b32a7fd-51a0-4d9c-ba8d-4bb0100759c0,monotonic_reads,network_partition,writer-1,write,mr-0b32a7fd-51a0-4d9c-ba8d-4bb0100759c0,1959,,,QUORUM,cassandra-1,True,False,3.699,2026-09-16T06:28:49.763273+00:00,
0b32a7fd-51a0-4d9c-ba8d-4bb0100759c0,monotonic_reads,network_partition,reader-1,read,mr-0b32a7fd-51a0-4d9c-ba8d-4bb0100759c0,,1959,QUORUM,QUORUM,cassandra-1,True,False,7.366,2026-09-16T06:28:49.770811+00:00,
0b32a7fd-51a0-4d9c-ba8d-4bb0100759c0,monotonic_reads,network_partition,reader-1,read,mr-0b32a7fd-51a0-4d9c-ba8d-4bb0100759c0,,1959,QUORUM,QUORUM,cassandra-2,True,False,5.498,2026-09-16T06:28:49.788106+00:00,
0b32a7fd-51a0-4d9c-ba8d-4bb0100759c0,monotonic_reads,network_partition,writer-1,write,mr-0b32a7fd-51a0-4d9c-ba8d-4bb0100759c0,1960,,,QUORUM,cassandra-1,True,False,4.252,2026-09-16T06:28:49.792456+00:00,
0b32a7fd-51a0-4d9c-ba8d-4bb0100759c0,monotonic_reads,network_partition,reader-1,read,mr-0b32a7fd-51a0-4d9c-ba8d-4bb0100759c0,,1960,QUORUM,QUORUM,cassandra-3,True,False,4.288,2026-09-16T06:28:49.803903+00:00,
0b32a7fd-51a0-4d9c-ba8d-4bb0100759c0,monotonic_reads,network_partition,reader-1,read,mr-0b32a7fd-51a0-4d9c-ba8d-4bb0100759c0,,1960,QUORUM,QUORUM,cassandra-1,True,False,4.373,2026-09-16T06:28:49.818989+00:00,
0b32a7fd-51a0-4d9c-ba8d-4bb0100759c0,monotonic_reads,network_partition,writer-1,write,mr-0b32a7fd-51a0-4d9c-ba8d-4bb0100759c0,1961,,,QUORUM,cassandra-1,True,False,3.027,2026-09-16T06:28:49.820180+00:00,
0b32a7fd-51a0-4d9c-ba8d-4bb0100759c0,monotonic_reads,network_partition,reader-1,read,mr-0b32a7fd-51a0-4d9c-ba8d-4bb0100759c0,,1961,QUORUM,QUORUM,cassandra-2,True,False,5.139,2026-09-16T06:28:49.836661+00:00,
0b32a7fd-51a0-4d9c-ba8d-4bb0100759c0,monotonic_reads,network_partition,writer-1,write,mr-0b32a7fd-51a0-4d9c-ba8d-4bb0100759c0,1962,,,QUORUM,cassandra-1,True,False,3.902,2026-09-16T06:28:49.845523+00:00,
0b32a7fd-51a0-4d9c-ba8d-4bb0100759c0,monotonic_reads,network_partition,reader-1,read,mr-0b32a7fd-51a0-4d9c-ba8d-4bb0100759c0,,1962,QUORUM,QUORUM,cassandra-3,True,False,4.764,2026-09-16T06:28:49.852355+00:00,
0b32a7fd-51a0-4d9c-ba8d-4bb0100759c0,monotonic_reads,network_partition,reader-1,read,mr-0b32a7fd-51a0-4d9c-ba8d-4bb0100759c0,,1962,QUORUM,QUORUM,cassandra-1,True,False,5.377,2026-09-16T06:28:49.868899+00:00,
0b32a7fd-51a0-4d9c-ba8d-4bb0100759c0,monotonic_reads,network_partition,writer-1,write,mr-0b32a7fd-51a0-4d9c-ba8d-4bb0100759c0,1963,,,QUORUM,cassandra-1,True,False,3.845,2026-09-16T06:28:49.873469+00:00,
0b32a7fd-51a0-4d9c-ba8d-4bb0100759c0,monotonic_reads,network_partition,reader-1,read,mr-0b32a7fd-51a0-4d9c-ba8d-4bb0100759c0,,1963,QUORUM,QUORUM,cassandra-2,True,False,4.573,2026-09-16T06:28:49.884168+00:00,
0b32a7fd-51a0-4d9c-ba8d-4bb0100759c0,monotonic_reads,network_partition,writer-1,write,mr-0b32a7fd-51a0-4d9c-ba8d-4bb0100759c0,1964,,,QUORUM,cassandra-1,True,False,5.028,2026-09-16T06:28:49.901612+00:00,
0b32a7fd-51a0-4d9c-ba8d-4bb0100759c0,monotonic_reads,network_partition,reader-1,read,mr-0b32a7fd-51a0-4d9c-ba8d-4bb0100759c0,,1963,QUORUM,QUORUM,cassandra-3,True,False,6.251,2026-09-16T06:28:49.902306+00:00,
0b32a7fd-51a0-4d9c-ba8d-4bb0100759c0,monotonic_reads,network_partition,reader-1,read,mr-0b32a7fd-51a0-4d9c-ba8d-4bb0100759c0,,1964,QUORUM,QUORUM,cassandra-1,True,False,4.964,2026-09-16T06:28:49.918582+00:00,
0b32a7fd-51a0-4d9c-ba8d-4bb0100759c0,monotonic_reads,network_partition,writer-1,write,mr-0b32a7fd-51a0-4d9c-ba8d-4bb0100759c0,1965,,,QUORUM,cassandra-1,True,False,4.747,2026-09-16T06:28:49.931731+00:00,
0b32a7fd-51a0-4d9c-ba8d-4bb0100759c0,monotonic_reads,network_partition,reader-1,read,mr-0b32a7fd-51a0-4d9c-ba8d-4bb0100759c0,,1965,QUORUM,QUORUM,cassandra-2,True,False,4.003,2026-09-16T06:28:49.932898+00:00,
0b32a7fd-51a0-4d9c-ba8d-4bb0100759c0,monotonic_reads,network_partition,reader-1,read,mr-0b32a7fd-51a0-4d9c-ba8d-4bb0100759c0,,1965,QUORUM,QUORUM,cassandra-3,True,False,4.552,2026-09-16T06:28:49.949112+00:00,
0b32a7fd-51a0-4d9c-ba8d-4bb0100759c0,monotonic_reads,network_partition,writer-1,write,mr-0b32a7fd-51a0-4d9c-ba8d-4bb0100759c0,1966,,,QUORUM,cassandra-1,True,False,4.951,2026-09-16T06:28:49.961553+00:00,
0b32a7fd-51a0-4d9c-ba8d-4bb0100759c0,monotonic_reads,network_partition,reader-1,read,mr-0b32a7fd-51a0-4d9c-ba8d-4bb0100759c0,,1966,QUORUM,QUORUM,cassandra-1,True,False,4.061,2026-09-16T06:28:49.965848+00:00,
0b32a7fd-51a0-4d9c-ba8d-4bb0100759c0,monotonic_reads,network_partition,reader-1,read,mr-0b32a7fd-51a0-4d9c-ba8d-4bb0100759c0,,1966,QUORUM,QUORUM,cassandra-2,True,False,5.96,2026-09-16T06:28:49.981998+00:00,
0b32a7fd-51a0-4d9c-ba8d-4bb0100759c0,monotonic_reads,network_partition,writer-1,write,mr-0b32a7fd-51a0-4d9c-ba8d-4bb0100759c0,1967,,,QUORUM,cassandra-1,True,False,4.101,2026-09-16T06:28:49.990304+00:00,
0b32a7fd-51a0-4d9c-ba8d-4bb0100759c0,monotonic_reads,network_partition,reader-1,read,mr-0b32a7fd-51a0-4d9c-ba8d-4bb0100759c0,,1967,QUORUM,QUORUM,cassandra-3,True,False,5.21,2026-09-16T06:28:49.997822+00:00,
0b32a7fd-51a0-4d9c-ba8d-4bb0100759c0,monotonic_reads,network_partition,reader-1,read,mr-0b32a7fd-51a0-4d9c-ba8d-4bb0100759c0,,1967,QUORUM,QUORUM,cassandra-1,True,False,5.117,2026-09-16T06:28:50.014486+00:00,
0b32a7fd-51a0-4d9c-ba8d-4bb0100759c0,monotonic_reads,network_partition,writer-1,write,mr-0b32a7fd-51a0-4d9c-ba8d-4bb0100759c0,1968,,,QUORUM,cassandra-1,True,False,4.462,2026-09-16T06:28:50.015318+00:00,
0b32a7fd-51a0-4d9c-ba8d-4bb0100759c0,monotonic_reads,network_partition,reader-1,read,mr-0b32a7fd-51a0-4d9c-ba8d-4bb0100759c0,,1968,QUORUM,QUORUM,cassandra-2,True,False,5.939,2026-09-16T06:28:50.031582+00:00,
0b32a7fd-51a0-4d9c-ba8d-4bb0100759c0,monotonic_reads,network_partition,writer-1,write,mr-0b32a7fd-51a0-4d9c-ba8d-4bb0100759c0,1969,,,QUORUM,cassandra-1,True,False,5.434,2026-09-16T06:28:50.042884+00:00,
0b32a7fd-51a0-4d9c-ba8d-4bb0100759c0,monotonic_reads,network_partition,reader-1,read,mr-0b32a7fd-51a0-4d9c-ba8d-4bb0100759c0,,1969,QUORUM,QUORUM,cassandra-3,True,False,4.869,2026-09-16T06:28:50.046995+00:00,
0b32a7fd-51a0-4d9c-ba8d-4bb0100759c0,monotonic_reads,network_partition,reader-1,read,mr-0b32a7fd-51a0-4d9c-ba8d-4bb0100759c0,,1969,QUORUM,QUORUM,cassandra-1,True,False,7.539,2026-09-16T06:28:50.064962+00:00,
0b32a7fd-51a0-4d9c-ba8d-4bb0100759c0,monotonic_reads,network_partition,writer-1,write,mr-0b32a7fd-51a0-4d9c-ba8d-4bb0100759c0,1970,,,QUORUM,cassandra-1,True,False,5.28,2026-09-16T06:28:50.068533+00:00,
0b32a7fd-51a0-4d9c-ba8d-4bb0100759c0,monotonic_reads,network_partition,reader-1,read,mr-0b32a7fd-51a0-4d9c-ba8d-4bb0100759c0,,1970,QUORUM,QUORUM,cassandra-2,True,False,5.508,2026-09-16T06:28:50.081529+00:00,
0b32a7fd-51a0-4d9c-ba8d-4bb0100759c0,monotonic_reads,network_partition,writer-1,write,mr-0b32a7fd-51a0-4d9c-ba8d-4bb0100759c0,1971,,,QUORUM,cassandra-1,True,False,7.792,2026-09-16T06:28:50.100719+00:00,
0b32a7fd-51a0-4d9c-ba8d-4bb0100759c0,monotonic_reads,network_partition,reader-1,read,mr-0b32a7fd-51a0-4d9c-ba8d-4bb0100759c0,,1970,QUORUM,QUORUM,cassandra-3,True,False,6.903,2026-09-16T06:28:50.101455+00:00,
0b32a7fd-51a0-4d9c-ba8d-4bb0100759c0,monotonic_reads,network_partition,reader-1,read,mr-0b32a7fd-51a0-4d9c-ba8d-4bb0100759c0,,1971,QUORUM,QUORUM,cassandra-1,True,False,5.804,2026-09-16T06:28:50.119428+00:00,
0b32a7fd-51a0-4d9c-ba8d-4bb0100759c0,monotonic_reads,network_partition,writer-1,write,mr-0b32a7fd-51a0-4d9c-ba8d-4bb0100759c0,1972,,,QUORUM,cassandra-1,True,False,4.895,2026-09-16T06:28:50.126490+00:00,
0b32a7fd-51a0-4d9c-ba8d-4bb0100759c0,monotonic_reads,network_partition,reader-1,read,mr-0b32a7fd-51a0-4d9c-ba8d-4bb0100759c0,,1972,QUORUM,QUORUM,cassandra-2,True,False,4.417,2026-09-16T06:28:50.136035+00:00,
0b32a7fd-51a0-4d9c-ba8d-4bb0100759c0,monotonic_reads,network_partition,reader-1,read,mr-0b32a7fd-51a0-4d9c-ba8d-4bb0100759c0,,1972,QUORUM,QUORUM,cassandra-3,True,False,5.208,2026-09-16T06:28:50.152792+00:00,
0b32a7fd-51a0-4d9c-ba8d-4bb0100759c0,monotonic_reads,network_partition,writer-1,write,mr-0b32a7fd-51a0-4d9c-ba8d-4bb0100759c0,1973,,,QUORUM,cassandra-1,True,False,4.176,2026-09-16T06:28:50.154699+00:00,
0b32a7fd-51a0-4d9c-ba8d-4bb0100759c0,monotonic_reads,network_partition,reader-1,read,mr-0b32a7fd-51a0-4d9c-ba8d-4bb0100759c0,,1973,QUORUM,QUORUM,cassandra-1,True,False,6.058,2026-09-16T06:28:50.169680+00:00,
0b32a7fd-51a0-4d9c-ba8d-4bb0100759c0,monotonic_reads,network_partition,writer-1,write,mr-0b32a7fd-51a0-4d9c-ba8d-4bb0100759c0,1974,,,QUORUM,cassandra-1,True,False,3.99,2026-09-16T06:28:50.181606+00:00,
0b32a7fd-51a0-4d9c-ba8d-4bb0100759c0,monotonic_reads,network_partition,reader-1,read,mr-0b32a7fd-51a0-4d9c-ba8d-4bb0100759c0,,1974,QUORUM,QUORUM,cassandra-2,True,False,4.252,2026-09-16T06:28:50.184864+00:00,
0b32a7fd-51a0-4d9c-ba8d-4bb0100759c0,monotonic_reads,network_partition,reader-1,read,mr-0b32a7fd-51a0-4d9c-ba8d-4bb0100759c0,,1974,QUORUM,QUORUM,cassandra-3,True,False,6.207,2026-09-16T06:28:50.202842+00:00,
0b32a7fd-51a0-4d9c-ba8d-4bb0100759c0,monotonic_reads,network_partition,writer-1,write,mr-0b32a7fd-51a0-4d9c-ba8d-4bb0100759c0,1975,,,QUORUM,cassandra-1,True,False,6.269,2026-09-16T06:28:50.209890+00:00,
0b32a7fd-51a0-4d9c-ba8d-4bb0100759c0,monotonic_reads,network_partition,reader-1,read,mr-0b32a7fd-51a0-4d9c-ba8d-4bb0100759c0,,1975,QUORUM,QUORUM,cassandra-1,True,False,5.7,2026-09-16T06:28:50.219306+00:00,
0b32a7fd-51a0-4d9c-ba8d-4bb0100759c0,monotonic_reads,network_partition,reader-1,read,mr-0b32a7fd-51a0-4d9c-ba8d-4bb0100759c0,,1975,QUORUM,QUORUM,cassandra-2,True,False,5.008,2026-09-16T06:28:50.236998+00:00,
0b32a7fd-51a0-4d9c-ba8d-4bb0100759c0,monotonic_reads,network_partition,writer-1,write,mr-0b32a7fd-51a0-4d9c-ba8d-4bb0100759c0,1976,,,QUORUM,cassandra-1,True,False,3.956,2026-09-16T06:28:50.238589+00:00,
0b32a7fd-51a0-4d9c-ba8d-4bb0100759c0,monotonic_reads,network_partition,reader-1,read,mr-0b32a7fd-51a0-4d9c-ba8d-4bb0100759c0,,1976,QUORUM,QUORUM,cassandra-3,True,False,6.464,2026-09-16T06:28:50.255088+00:00,
0b32a7fd-51a0-4d9c-ba8d-4bb0100759c0,monotonic_reads,network_partition,writer-1,write,mr-0b32a7fd-51a0-4d9c-ba8d-4bb0100759c0,1977,,,QUORUM,cassandra-1,True,False,5.936,2026-09-16T06:28:50.267553+00:00,
0b32a7fd-51a0-4d9c-ba8d-4bb0100759c0,monotonic_reads,network_partition,reader-1,read,mr-0b32a7fd-51a0-4d9c-ba8d-4bb0100759c0,,1977,QUORUM,QUORUM,cassandra-1,True,False,4.844,2026-09-16T06:28:50.270506+00:00,
0b32a7fd-51a0-4d9c-ba8d-4bb0100759c0,monotonic_reads,network_partition,reader-1,read,mr-0b32a7fd-51a0-4d9c-ba8d-4bb0100759c0,,1977,QUORUM,QUORUM,cassandra-2,True,False,6.404,2026-09-16T06:28:50.289489+00:00,
0b32a7fd-51a0-4d9c-ba8d-4bb0100759c0,monotonic_reads,network_partition,writer-1,write,mr-0b32a7fd-51a0-4d9c-ba8d-4bb0100759c0,1978,,,QUORUM,cassandra-1,True,False,4.777,2026-09-16T06:28:50.296634+00:00,
0b32a7fd-51a0-4d9c-ba8d-4bb0100759c0,monotonic_reads,network_partition,reader-1,read,mr-0b32a7fd-51a0-4d9c-ba8d-4bb0100759c0,,1978,QUORUM,QUORUM,cassandra-3,True,False,11.349,2026-09-16T06:28:50.311962+00:00,
0b32a7fd-51a0-4d9c-ba8d-4bb0100759c0,monotonic_reads,network_partition,writer-1,write,mr-0b32a7fd-51a0-4d9c-ba8d-4bb0100759c0,1979,,,QUORUM,cassandra-1,True,False,4.937,2026-09-16T06:28:50.324550+00:00,
0b32a7fd-51a0-4d9c-ba8d-4bb0100759c0,monotonic_reads,network_partition,reader-1,read,mr-0b32a7fd-51a0-4d9c-ba8d-4bb0100759c0,,1979,QUORUM,QUORUM,cassandra-1,True,False,4.316,2026-09-16T06:28:50.326759+00:00,
0b32a7fd-51a0-4d9c-ba8d-4bb0100759c0,monotonic_reads,network_partition,reader-1,read,mr-0b32a7fd-51a0-4d9c-ba8d-4bb0100759c0,,1979,QUORUM,QUORUM,cassandra-2,True,False,5.132,2026-09-16T06:28:50.342292+00:00,
0b32a7fd-51a0-4d9c-ba8d-4bb0100759c0,monotonic_reads,network_partition,writer-1,write,mr-0b32a7fd-51a0-4d9c-ba8d-4bb0100759c0,1980,,,QUORUM,cassandra-1,True,False,3.828,2026-09-16T06:28:50.351442+00:00,
0b32a7fd-51a0-4d9c-ba8d-4bb0100759c0,monotonic_reads,network_partition,reader-1,read,mr-0b32a7fd-51a0-4d9c-ba8d-4bb0100759c0,,1980,QUORUM,QUORUM,cassandra-3,True,False,4.613,2026-09-16T06:28:50.358220+00:00,
0b32a7fd-51a0-4d9c-ba8d-4bb0100759c0,monotonic_reads,network_partition,reader-1,read,mr-0b32a7fd-51a0-4d9c-ba8d-4bb0100759c0,,1980,QUORUM,QUORUM,cassandra-1,True,False,5.902,2026-09-16T06:28:50.374691+00:00,
0b32a7fd-51a0-4d9c-ba8d-4bb0100759c0,monotonic_reads,network_partition,writer-1,write,mr-0b32a7fd-51a0-4d9c-ba8d-4bb0100759c0,1981,,,QUORUM,cassandra-1,True,False,5.177,2026-09-16T06:28:50.381784+00:00,
0b32a7fd-51a0-4d9c-ba8d-4bb0100759c0,monotonic_reads,network_partition,reader-1,read,mr-0b32a7fd-51a0-4d9c-ba8d-4bb0100759c0,,1981,QUORUM,QUORUM,cassandra-2,True,False,15.855,2026-09-16T06:28:50.402478+00:00,
0b32a7fd-51a0-4d9c-ba8d-4bb0100759c0,monotonic_reads,network_partition,writer-1,write,mr-0b32a7fd-51a0-4d9c-ba8d-4bb0100759c0,1982,,,QUORUM,cassandra-1,True,False,4.232,2026-09-16T06:28:50.408272+00:00,
0b32a7fd-51a0-4d9c-ba8d-4bb0100759c0,monotonic_reads,network_partition,reader-1,read,mr-0b32a7fd-51a0-4d9c-ba8d-4bb0100759c0,,1982,QUORUM,QUORUM,cassandra-3,True,False,4.761,2026-09-16T06:28:50.419366+00:00,
0b32a7fd-51a0-4d9c-ba8d-4bb0100759c0,monotonic_reads,network_partition,reader-1,read,mr-0b32a7fd-51a0-4d9c-ba8d-4bb0100759c0,,1982,QUORUM,QUORUM,cassandra-1,True,False,4.916,2026-09-16T06:28:50.435770+00:00,
0b32a7fd-51a0-4d9c-ba8d-4bb0100759c0,monotonic_reads,network_partition,writer-1,write,mr-0b32a7fd-51a0-4d9c-ba8d-4bb0100759c0,1983,,,QUORUM,cassandra-1,True,False,4.462,2026-09-16T06:28:50.437076+00:00,
0b32a7fd-51a0-4d9c-ba8d-4bb0100759c0,monotonic_reads,network_partition,reader-1,read,mr-0b32a7fd-51a0-4d9c-ba8d-4bb0100759c0,,1983,QUORUM,QUORUM,cassandra-2,True,False,4.717,2026-09-16T06:28:50.453004+00:00,
0b32a7fd-51a0-4d9c-ba8d-4bb0100759c0,monotonic_reads,network_partition,writer-1,write,mr-0b32a7fd-51a0-4d9c-ba8d-4bb0100759c0,1984,,,QUORUM,cassandra-1,True,False,3.625,2026-09-16T06:28:50.461218+00:00,
0b32a7fd-51a0-4d9c-ba8d-4bb0100759c0,monotonic_reads,network_partition,reader-1,read,mr-0b32a7fd-51a0-4d9c-ba8d-4bb0100759c0,,1984,QUORUM,QUORUM,cassandra-3,True,False,4.285,2026-09-16T06:28:50.468894+00:00,
0b32a7fd-51a0-4d9c-ba8d-4bb0100759c0,monotonic_reads,network_partition,reader-1,read,mr-0b32a7fd-51a0-4d9c-ba8d-4bb0100759c0,,1984,QUORUM,QUORUM,cassandra-1,True,False,6.375,2026-09-16T06:28:50.487740+00:00,
0b32a7fd-51a0-4d9c-ba8d-4bb0100759c0,monotonic_reads,network_partition,writer-1,write,mr-0b32a7fd-51a0-4d9c-ba8d-4bb0100759c0,1985,,,QUORUM,cassandra-1,True,False,4.637,2026-09-16T06:28:50.488457+00:00,
0b32a7fd-51a0-4d9c-ba8d-4bb0100759c0,monotonic_reads,network_partition,reader-1,read,mr-0b32a7fd-51a0-4d9c-ba8d-4bb0100759c0,,1985,QUORUM,QUORUM,cassandra-2,True,False,4.769,2026-09-16T06:28:50.503367+00:00,
0b32a7fd-51a0-4d9c-ba8d-4bb0100759c0,monotonic_reads,network_partition,writer-1,write,mr-0b32a7fd-51a0-4d9c-ba8d-4bb0100759c0,1986,,,QUORUM,cassandra-1,True,False,4.17,2026-09-16T06:28:50.515548+00:00,
0b32a7fd-51a0-4d9c-ba8d-4bb0100759c0,monotonic_reads,network_partition,reader-1,read,mr-0b32a7fd-51a0-4d9c-ba8d-4bb0100759c0,,1986,QUORUM,QUORUM,cassandra-3,True,False,3.976,2026-09-16T06:28:50.519634+00:00,
0b32a7fd-51a0-4d9c-ba8d-4bb0100759c0,monotonic_reads,network_partition,reader-1,read,mr-0b32a7fd-51a0-4d9c-ba8d-4bb0100759c0,,1986,QUORUM,QUORUM,cassandra-1,True,False,5.149,2026-09-16T06:28:50.536250+00:00,
0b32a7fd-51a0-4d9c-ba8d-4bb0100759c0,monotonic_reads,network_partition,writer-1,write,mr-0b32a7fd-51a0-4d9c-ba8d-4bb0100759c0,1987,,,QUORUM,cassandra-1,True,False,3.866,2026-09-16T06:28:50.540441+00:00,
0b32a7fd-51a0-4d9c-ba8d-4bb0100759c0,monotonic_reads,network_partition,reader-1,read,mr-0b32a7fd-51a0-4d9c-ba8d-4bb0100759c0,,1987,QUORUM,QUORUM,cassandra-2,True,False,4.413,2026-09-16T06:28:50.552029+00:00,
0b32a7fd-51a0-4d9c-ba8d-4bb0100759c0,monotonic_reads,network_partition,writer-1,write,mr-0b32a7fd-51a0-4d9c-ba8d-4bb0100759c0,1988,,,QUORUM,cassandra-1,True,False,4.337,2026-09-16T06:28:50.566432+00:00,
0b32a7fd-51a0-4d9c-ba8d-4bb0100759c0,monotonic_reads,network_partition,reader-1,read,mr-0b32a7fd-51a0-4d9c-ba8d-4bb0100759c0,,1987,QUORUM,QUORUM,cassandra-3,True,False,4.167,2026-09-16T06:28:50.567117+00:00,
0b32a7fd-51a0-4d9c-ba8d-4bb0100759c0,monotonic_reads,network_partition,reader-1,read,mr-0b32a7fd-51a0-4d9c-ba8d-4bb0100759c0,,1988,QUORUM,QUORUM,cassandra-1,True,False,4.393,2026-09-16T06:28:50.582991+00:00,
0b32a7fd-51a0-4d9c-ba8d-4bb0100759c0,monotonic_reads,network_partition,writer-1,write,mr-0b32a7fd-51a0-4d9c-ba8d-4bb0100759c0,1989,,,QUORUM,cassandra-1,True,False,6.559,2026-09-16T06:28:50.594943+00:00,
0b32a7fd-51a0-4d9c-ba8d-4bb0100759c0,monotonic_reads,network_partition,reader-1,read,mr-0b32a7fd-51a0-4d9c-ba8d-4bb0100759c0,,1989,QUORUM,QUORUM,cassandra-2,True,False,4.849,2026-09-16T06:28:50.599936+00:00,
0b32a7fd-51a0-4d9c-ba8d-4bb0100759c0,monotonic_reads,network_partition,reader-1,read,mr-0b32a7fd-51a0-4d9c-ba8d-4bb0100759c0,,1989,QUORUM,QUORUM,cassandra-3,True,False,4.44,2026-09-16T06:28:50.616049+00:00,
0b32a7fd-51a0-4d9c-ba8d-4bb0100759c0,monotonic_reads,network_partition,writer-1,write,mr-0b32a7fd-51a0-4d9c-ba8d-4bb0100759c0,1990,,,QUORUM,cassandra-1,True,False,4.995,2026-09-16T06:28:50.622636+00:00,
0b32a7fd-51a0-4d9c-ba8d-4bb0100759c0,monotonic_reads,network_partition,reader-1,read,mr-0b32a7fd-51a0-4d9c-ba8d-4bb0100759c0,,1990,QUORUM,QUORUM,cassandra-1,True,False,4.414,2026-09-16T06:28:50.631024+00:00,
0b32a7fd-51a0-4d9c-ba8d-4bb0100759c0,monotonic_reads,network_partition,reader-1,read,mr-0b32a7fd-51a0-4d9c-ba8d-4bb0100759c0,,1990,QUORUM,QUORUM,cassandra-2,True,False,5.123,2026-09-16T06:28:50.648950+00:00,
0b32a7fd-51a0-4d9c-ba8d-4bb0100759c0,monotonic_reads,network_partition,writer-1,write,mr-0b32a7fd-51a0-4d9c-ba8d-4bb0100759c0,1991,,,QUORUM,cassandra-1,True,False,3.659,2026-09-16T06:28:50.651198+00:00,
0b32a7fd-51a0-4d9c-ba8d-4bb0100759c0,monotonic_reads,network_partition,reader-1,read,mr-0b32a7fd-51a0-4d9c-ba8d-4bb0100759c0,,1991,QUORUM,QUORUM,cassandra-3,True,False,4.591,2026-09-16T06:28:50.665199+00:00,
0b32a7fd-51a0-4d9c-ba8d-4bb0100759c0,monotonic_reads,network_partition,writer-1,write,mr-0b32a7fd-51a0-4d9c-ba8d-4bb0100759c0,1992,,,QUORUM,cassandra-1,True,False,4.705,2026-09-16T06:28:50.677359+00:00,
0b32a7fd-51a0-4d9c-ba8d-4bb0100759c0,monotonic_reads,network_partition,reader-1,read,mr-0b32a7fd-51a0-4d9c-ba8d-4bb0100759c0,,1992,QUORUM,QUORUM,cassandra-1,True,False,5.125,2026-09-16T06:28:50.681665+00:00,
0b32a7fd-51a0-4d9c-ba8d-4bb0100759c0,monotonic_reads,network_partition,reader-1,read,mr-0b32a7fd-51a0-4d9c-ba8d-4bb0100759c0,,1992,QUORUM,QUORUM,cassandra-2,True,False,4.514,2026-09-16T06:28:50.697126+00:00,
0b32a7fd-51a0-4d9c-ba8d-4bb0100759c0,monotonic_reads,network_partition,writer-1,write,mr-0b32a7fd-51a0-4d9c-ba8d-4bb0100759c0,1993,,,QUORUM,cassandra-1,True,False,4.994,2026-09-16T06:28:50.705596+00:00,
0b32a7fd-51a0-4d9c-ba8d-4bb0100759c0,monotonic_reads,network_partition,reader-1,read,mr-0b32a7fd-51a0-4d9c-ba8d-4bb0100759c0,,1993,QUORUM,QUORUM,cassandra-3,True,False,4.32,2026-09-16T06:28:50.711916+00:00,
0b32a7fd-51a0-4d9c-ba8d-4bb0100759c0,monotonic_reads,network_partition,writer-1,write,mr-0b32a7fd-51a0-4d9c-ba8d-4bb0100759c0,1994,,,QUORUM,cassandra-1,True,False,3.565,2026-09-16T06:28:50.733428+00:00,
0b32a7fd-51a0-4d9c-ba8d-4bb0100759c0,monotonic_reads,network_partition,reader-1,read,mr-0b32a7fd-51a0-4d9c-ba8d-4bb0100759c0,,1993,QUORUM,QUORUM,cassandra-1,True,False,9.944,2026-09-16T06:28:50.734082+00:00,
0b32a7fd-51a0-4d9c-ba8d-4bb0100759c0,monotonic_reads,network_partition,reader-1,read,mr-0b32a7fd-51a0-4d9c-ba8d-4bb0100759c0,,1994,QUORUM,QUORUM,cassandra-2,True,False,6.824,2026-09-16T06:28:50.751913+00:00,
0b32a7fd-51a0-4d9c-ba8d-4bb0100759c0,monotonic_reads,network_partition,writer-1,write,mr-0b32a7fd-51a0-4d9c-ba8d-4bb0100759c0,1995,,,QUORUM,cassandra-1,True,False,12.897,2026-09-16T06:28:50.771655+00:00,
0b32a7fd-51a0-4d9c-ba8d-4bb0100759c0,monotonic_reads,network_partition,reader-1,read,mr-0b32a7fd-51a0-4d9c-ba8d-4bb0100759c0,,1995,QUORUM,QUORUM,cassandra-3,True,False,9.671,2026-09-16T06:28:50.773932+00:00,
0b32a7fd-51a0-4d9c-ba8d-4bb0100759c0,monotonic_reads,network_partition,reader-1,read,mr-0b32a7fd-51a0-4d9c-ba8d-4bb0100759c0,,1995,QUORUM,QUORUM,cassandra-1,True,False,3.556,2026-09-16T06:28:50.789455+00:00,
0b32a7fd-51a0-4d9c-ba8d-4bb0100759c0,monotonic_reads,network_partition,writer-1,write,mr-0b32a7fd-51a0-4d9c-ba8d-4bb0100759c0,1996,,,QUORUM,cassandra-1,True,False,4.309,2026-09-16T06:28:50.800088+00:00,
0b32a7fd-51a0-4d9c-ba8d-4bb0100759c0,monotonic_reads,network_partition,reader-1,read,mr-0b32a7fd-51a0-4d9c-ba8d-4bb0100759c0,,1996,QUORUM,QUORUM,cassandra-2,True,False,5.512,2026-09-16T06:28:50.806466+00:00,
0b32a7fd-51a0-4d9c-ba8d-4bb0100759c0,monotonic_reads,network_partition,reader-1,read,mr-0b32a7fd-51a0-4d9c-ba8d-4bb0100759c0,,1996,QUORUM,QUORUM,cassandra-3,True,False,3.566,2026-09-16T06:28:50.822699+00:00,
0b32a7fd-51a0-4d9c-ba8d-4bb0100759c0,monotonic_reads,network_partition,writer-1,write,mr-0b32a7fd-51a0-4d9c-ba8d-4bb0100759c0,1997,,,QUORUM,cassandra-1,True,False,2.807,2026-09-16T06:28:50.828004+00:00,
0b32a7fd-51a0-4d9c-ba8d-4bb0100759c0,monotonic_reads,network_partition,reader-1,read,mr-0b32a7fd-51a0-4d9c-ba8d-4bb0100759c0,,1997,QUORUM,QUORUM,cassandra-1,True,False,4.248,2026-09-16T06:28:50.839500+00:00,
0b32a7fd-51a0-4d9c-ba8d-4bb0100759c0,monotonic_reads,network_partition,writer-1,write,mr-0b32a7fd-51a0-4d9c-ba8d-4bb0100759c0,1998,,,QUORUM,cassandra-1,True,False,3.556,2026-09-16T06:28:50.855394+00:00,
0b32a7fd-51a0-4d9c-ba8d-4bb0100759c0,monotonic_reads,network_partition,reader-1,read,mr-0b32a7fd-51a0-4d9c-ba8d-4bb0100759c0,,1998,QUORUM,QUORUM,cassandra-2,True,False,6.832,2026-09-16T06:28:50.858334+00:00,
0b32a7fd-51a0-4d9c-ba8d-4bb0100759c0,monotonic_reads,network_partition,reader-1,read,mr-0b32a7fd-51a0-4d9c-ba8d-4bb0100759c0,,1998,QUORUM,QUORUM,cassandra-3,True,False,4.437,2026-09-16T06:28:50.875084+00:00,
0b32a7fd-51a0-4d9c-ba8d-4bb0100759c0,monotonic_reads,network_partition,writer-1,write,mr-0b32a7fd-51a0-4d9c-ba8d-4bb0100759c0,1999,,,QUORUM,cassandra-1,True,False,3.712,2026-09-16T06:28:50.882264+00:00,
0b32a7fd-51a0-4d9c-ba8d-4bb0100759c0,monotonic_reads,network_partition,reader-1,read,mr-0b32a7fd-51a0-4d9c-ba8d-4bb0100759c0,,1999,QUORUM,QUORUM,cassandra-1,True,False,10.078,2026-09-16T06:28:50.896689+00:00,
0b32a7fd-51a0-4d9c-ba8d-4bb0100759c0,monotonic_reads,network_partition,writer-1,write,mr-0b32a7fd-51a0-4d9c-ba8d-4bb0100759c0,2000,,,QUORUM,cassandra-1,True,False,4.929,2026-09-16T06:28:50.908443+00:00,
0b32a7fd-51a0-4d9c-ba8d-4bb0100759c0,monotonic_reads,network_partition,reader-1,read,mr-0b32a7fd-51a0-4d9c-ba8d-4bb0100759c0,,2000,QUORUM,QUORUM,cassandra-2,True,False,4.142,2026-09-16T06:28:50.912735+00:00,
0b32a7fd-51a0-4d9c-ba8d-4bb0100759c0,monotonic_reads,network_partition,reader-1,read,mr-0b32a7fd-51a0-4d9c-ba8d-4bb0100759c0,,2000,QUORUM,QUORUM,cassandra-3,True,False,4.738,2026-09-16T06:28:50.930127+00:00,
0b32a7fd-51a0-4d9c-ba8d-4bb0100759c0,monotonic_reads,network_partition,writer-1,write,mr-0b32a7fd-51a0-4d9c-ba8d-4bb0100759c0,2001,,,QUORUM,cassandra-1,True,False,3.766,2026-09-16T06:28:50.934377+00:00,
0b32a7fd-51a0-4d9c-ba8d-4bb0100759c0,monotonic_reads,network_partition,reader-1,read,mr-0b32a7fd-51a0-4d9c-ba8d-4bb0100759c0,,2001,QUORUM,QUORUM,cassandra-1,True,False,5.501,2026-09-16T06:28:50.947121+00:00,
0b32a7fd-51a0-4d9c-ba8d-4bb0100759c0,monotonic_reads,network_partition,writer-1,write,mr-0b32a7fd-51a0-4d9c-ba8d-4bb0100759c0,2002,,,QUORUM,cassandra-1,True,False,4.896,2026-09-16T06:28:50.961425+00:00,
0b32a7fd-51a0-4d9c-ba8d-4bb0100759c0,monotonic_reads,network_partition,reader-1,read,mr-0b32a7fd-51a0-4d9c-ba8d-4bb0100759c0,,2002,QUORUM,QUORUM,cassandra-2,True,False,4.784,2026-09-16T06:28:50.964115+00:00,
0b32a7fd-51a0-4d9c-ba8d-4bb0100759c0,monotonic_reads,network_partition,reader-1,read,mr-0b32a7fd-51a0-4d9c-ba8d-4bb0100759c0,,2002,QUORUM,QUORUM,cassandra-3,True,False,5.131,2026-09-16T06:28:50.981155+00:00,
0b32a7fd-51a0-4d9c-ba8d-4bb0100759c0,monotonic_reads,network_partition,writer-1,write,mr-0b32a7fd-51a0-4d9c-ba8d-4bb0100759c0,2003,,,QUORUM,cassandra-1,True,False,3.727,2026-09-16T06:28:50.987317+00:00,
0b32a7fd-51a0-4d9c-ba8d-4bb0100759c0,monotonic_reads,network_partition,reader-1,read,mr-0b32a7fd-51a0-4d9c-ba8d-4bb0100759c0,,2003,QUORUM,QUORUM,cassandra-1,True,False,4.275,2026-09-16T06:28:50.995894+00:00,
0b32a7fd-51a0-4d9c-ba8d-4bb0100759c0,monotonic_reads,network_partition,writer-1,write,mr-0b32a7fd-51a0-4d9c-ba8d-4bb0100759c0,2004,,,QUORUM,cassandra-1,True,False,4.977,2026-09-16T06:28:51.012613+00:00,
0b32a7fd-51a0-4d9c-ba8d-4bb0100759c0,monotonic_reads,network_partition,reader-1,read,mr-0b32a7fd-51a0-4d9c-ba8d-4bb0100759c0,,2004,QUORUM,QUORUM,cassandra-2,True,False,6.028,2026-09-16T06:28:51.014587+00:00,
0b32a7fd-51a0-4d9c-ba8d-4bb0100759c0,monotonic_reads,network_partition,reader-1,read,mr-0b32a7fd-51a0-4d9c-ba8d-4bb0100759c0,,2004,QUORUM,QUORUM,cassandra-3,True,False,6.025,2026-09-16T06:28:51.032658+00:00,
0b32a7fd-51a0-4d9c-ba8d-4bb0100759c0,monotonic_reads,network_partition,writer-1,write,mr-0b32a7fd-51a0-4d9c-ba8d-4bb0100759c0,2005,,,QUORUM,cassandra-1,True,False,6.278,2026-09-16T06:28:51.041917+00:00,
0b32a7fd-51a0-4d9c-ba8d-4bb0100759c0,monotonic_reads,network_partition,reader-1,read,mr-0b32a7fd-51a0-4d9c-ba8d-4bb0100759c0,,2005,QUORUM,QUORUM,cassandra-1,True,False,4.714,2026-09-16T06:28:51.049316+00:00,
0b32a7fd-51a0-4d9c-ba8d-4bb0100759c0,monotonic_reads,network_partition,reader-1,read,mr-0b32a7fd-51a0-4d9c-ba8d-4bb0100759c0,,2005,QUORUM,QUORUM,cassandra-2,True,False,6.418,2026-09-16T06:28:51.067818+00:00,
0b32a7fd-51a0-4d9c-ba8d-4bb0100759c0,monotonic_reads,network_partition,writer-1,write,mr-0b32a7fd-51a0-4d9c-ba8d-4bb0100759c0,2006,,,QUORUM,cassandra-1,True,False,3.094,2026-09-16T06:28:51.071003+00:00,
0b32a7fd-51a0-4d9c-ba8d-4bb0100759c0,monotonic_reads,network_partition,reader-1,read,mr-0b32a7fd-51a0-4d9c-ba8d-4bb0100759c0,,2006,QUORUM,QUORUM,cassandra-3,True,False,5.691,2026-09-16T06:28:51.086551+00:00,
0b32a7fd-51a0-4d9c-ba8d-4bb0100759c0,monotonic_reads,network_partition,writer-1,write,mr-0b32a7fd-51a0-4d9c-ba8d-4bb0100759c0,2007,,,QUORUM,cassandra-1,True,False,4.706,2026-09-16T06:28:51.100815+00:00,
0b32a7fd-51a0-4d9c-ba8d-4bb0100759c0,monotonic_reads,network_partition,reader-1,read,mr-0b32a7fd-51a0-4d9c-ba8d-4bb0100759c0,,2006,QUORUM,QUORUM,cassandra-1,True,False,4.768,2026-09-16T06:28:51.101696+00:00,
0b32a7fd-51a0-4d9c-ba8d-4bb0100759c0,monotonic_reads,network_partition,reader-1,read,mr-0b32a7fd-51a0-4d9c-ba8d-4bb0100759c0,,2007,QUORUM,QUORUM,cassandra-2,True,False,5.202,2026-09-16T06:28:51.118813+00:00,
0b32a7fd-51a0-4d9c-ba8d-4bb0100759c0,monotonic_reads,network_partition,writer-1,write,mr-0b32a7fd-51a0-4d9c-ba8d-4bb0100759c0,2008,,,QUORUM,cassandra-1,True,False,3.668,2026-09-16T06:28:51.129267+00:00,
0b32a7fd-51a0-4d9c-ba8d-4bb0100759c0,monotonic_reads,network_partition,reader-1,read,mr-0b32a7fd-51a0-4d9c-ba8d-4bb0100759c0,,2008,QUORUM,QUORUM,cassandra-3,True,False,4.585,2026-09-16T06:28:51.135198+00:00,
0b32a7fd-51a0-4d9c-ba8d-4bb0100759c0,monotonic_reads,network_partition,reader-1,read,mr-0b32a7fd-51a0-4d9c-ba8d-4bb0100759c0,,2008,QUORUM,QUORUM,cassandra-1,True,False,4.434,2026-09-16T06:28:51.150891+00:00,
0b32a7fd-51a0-4d9c-ba8d-4bb0100759c0,monotonic_reads,network_partition,writer-1,write,mr-0b32a7fd-51a0-4d9c-ba8d-4bb0100759c0,2009,,,QUORUM,cassandra-1,True,False,4.335,2026-09-16T06:28:51.156523+00:00,
0b32a7fd-51a0-4d9c-ba8d-4bb0100759c0,monotonic_reads,network_partition,reader-1,read,mr-0b32a7fd-51a0-4d9c-ba8d-4bb0100759c0,,2009,QUORUM,QUORUM,cassandra-2,True,False,4.274,2026-09-16T06:28:51.165888+00:00,
0b32a7fd-51a0-4d9c-ba8d-4bb0100759c0,monotonic_reads,network_partition,reader-1,read,mr-0b32a7fd-51a0-4d9c-ba8d-4bb0100759c0,,2009,QUORUM,QUORUM,cassandra-3,True,False,5.664,2026-09-16T06:28:51.184261+00:00,
0b32a7fd-51a0-4d9c-ba8d-4bb0100759c0,monotonic_reads,network_partition,writer-1,write,mr-0b32a7fd-51a0-4d9c-ba8d-4bb0100759c0,2010,,,QUORUM,cassandra-1,True,False,4.557,2026-09-16T06:28:51.184530+00:00,
0b32a7fd-51a0-4d9c-ba8d-4bb0100759c0,monotonic_reads,network_partition,reader-1,read,mr-0b32a7fd-51a0-4d9c-ba8d-4bb0100759c0,,2010,QUORUM,QUORUM,cassandra-1,True,False,3.503,2026-09-16T06:28:51.198073+00:00,
0b32a7fd-51a0-4d9c-ba8d-4bb0100759c0,monotonic_reads,network_partition,writer-1,write,mr-0b32a7fd-51a0-4d9c-ba8d-4bb0100759c0,2011,,,QUORUM,cassandra-1,True,False,3.728,2026-09-16T06:28:51.209294+00:00,
0b32a7fd-51a0-4d9c-ba8d-4bb0100759c0,monotonic_reads,network_partition,reader-1,read,mr-0b32a7fd-51a0-4d9c-ba8d-4bb0100759c0,,2011,QUORUM,QUORUM,cassandra-2,True,False,4.257,2026-09-16T06:28:51.213785+00:00,
0b32a7fd-51a0-4d9c-ba8d-4bb0100759c0,monotonic_reads,network_partition,reader-1,read,mr-0b32a7fd-51a0-4d9c-ba8d-4bb0100759c0,,2011,QUORUM,QUORUM,cassandra-3,True,False,6.422,2026-09-16T06:28:51.232449+00:00,
0b32a7fd-51a0-4d9c-ba8d-4bb0100759c0,monotonic_reads,network_partition,writer-1,write,mr-0b32a7fd-51a0-4d9c-ba8d-4bb0100759c0,2012,,,QUORUM,cassandra-1,True,False,3.672,2026-09-16T06:28:51.236241+00:00,
0b32a7fd-51a0-4d9c-ba8d-4bb0100759c0,monotonic_reads,network_partition,reader-1,read,mr-0b32a7fd-51a0-4d9c-ba8d-4bb0100759c0,,2012,QUORUM,QUORUM,cassandra-1,True,False,4.337,2026-09-16T06:28:51.248960+00:00,
0b32a7fd-51a0-4d9c-ba8d-4bb0100759c0,monotonic_reads,network_partition,writer-1,write,mr-0b32a7fd-51a0-4d9c-ba8d-4bb0100759c0,2013,,,QUORUM,cassandra-1,True,False,4.067,2026-09-16T06:28:51.263669+00:00,
0b32a7fd-51a0-4d9c-ba8d-4bb0100759c0,monotonic_reads,network_partition,reader-1,read,mr-0b32a7fd-51a0-4d9c-ba8d-4bb0100759c0,,2013,QUORUM,QUORUM,cassandra-2,True,False,4.402,2026-09-16T06:28:51.265005+00:00,
0b32a7fd-51a0-4d9c-ba8d-4bb0100759c0,monotonic_reads,network_partition,reader-1,read,mr-0b32a7fd-51a0-4d9c-ba8d-4bb0100759c0,,2013,QUORUM,QUORUM,cassandra-3,True,False,5.905,2026-09-16T06:28:51.282551+00:00,
0b32a7fd-51a0-4d9c-ba8d-4bb0100759c0,monotonic_reads,network_partition,writer-1,write,mr-0b32a7fd-51a0-4d9c-ba8d-4bb0100759c0,2014,,,QUORUM,cassandra-1,True,False,3.795,2026-09-16T06:28:51.290406+00:00,
0b32a7fd-51a0-4d9c-ba8d-4bb0100759c0,monotonic_reads,network_partition,reader-1,read,mr-0b32a7fd-51a0-4d9c-ba8d-4bb0100759c0,,2014,QUORUM,QUORUM,cassandra-1,True,False,5.517,2026-09-16T06:28:51.300126+00:00,
0b32a7fd-51a0-4d9c-ba8d-4bb0100759c0,monotonic_reads,network_partition,writer-1,write,mr-0b32a7fd-51a0-4d9c-ba8d-4bb0100759c0,2015,,,QUORUM,cassandra-1,True,False,4.232,2026-09-16T06:28:51.317645+00:00,
0b32a7fd-51a0-4d9c-ba8d-4bb0100759c0,monotonic_reads,network_partition,reader-1,read,mr-0b32a7fd-51a0-4d9c-ba8d-4bb0100759c0,,2015,QUORUM,QUORUM,cassandra-2,True,False,6.021,2026-09-16T06:28:51.318849+00:00,
0b32a7fd-51a0-4d9c-ba8d-4bb0100759c0,monotonic_reads,network_partition,reader-1,read,mr-0b32a7fd-51a0-4d9c-ba8d-4bb0100759c0,,2015,QUORUM,QUORUM,cassandra-3,True,False,4.858,2026-09-16T06:28:51.335483+00:00,
0b32a7fd-51a0-4d9c-ba8d-4bb0100759c0,monotonic_reads,network_partition,writer-1,write,mr-0b32a7fd-51a0-4d9c-ba8d-4bb0100759c0,2016,,,QUORUM,cassandra-1,True,False,4.775,2026-09-16T06:28:51.343368+00:00,
0b32a7fd-51a0-4d9c-ba8d-4bb0100759c0,monotonic_reads,network_partition,reader-1,read,mr-0b32a7fd-51a0-4d9c-ba8d-4bb0100759c0,,2016,QUORUM,QUORUM,cassandra-1,True,False,4.599,2026-09-16T06:28:51.352229+00:00,
0b32a7fd-51a0-4d9c-ba8d-4bb0100759c0,monotonic_reads,network_partition,reader-1,read,mr-0b32a7fd-51a0-4d9c-ba8d-4bb0100759c0,,2016,QUORUM,QUORUM,cassandra-2,True,False,5.578,2026-09-16T06:28:51.369196+00:00,
0b32a7fd-51a0-4d9c-ba8d-4bb0100759c0,monotonic_reads,network_partition,writer-1,write,mr-0b32a7fd-51a0-4d9c-ba8d-4bb0100759c0,2017,,,QUORUM,cassandra-1,True,False,3.777,2026-09-16T06:28:51.371376+00:00,
0b32a7fd-51a0-4d9c-ba8d-4bb0100759c0,monotonic_reads,network_partition,reader-1,read,mr-0b32a7fd-51a0-4d9c-ba8d-4bb0100759c0,,2017,QUORUM,QUORUM,cassandra-3,True,False,4.44,2026-09-16T06:28:51.384055+00:00,
0b32a7fd-51a0-4d9c-ba8d-4bb0100759c0,monotonic_reads,network_partition,writer-1,write,mr-0b32a7fd-51a0-4d9c-ba8d-4bb0100759c0,2018,,,QUORUM,cassandra-1,True,False,5.119,2026-09-16T06:28:51.397835+00:00,
0b32a7fd-51a0-4d9c-ba8d-4bb0100759c0,monotonic_reads,network_partition,reader-1,read,mr-0b32a7fd-51a0-4d9c-ba8d-4bb0100759c0,,2018,QUORUM,QUORUM,cassandra-1,True,False,5.02,2026-09-16T06:28:51.399874+00:00,
0b32a7fd-51a0-4d9c-ba8d-4bb0100759c0,monotonic_reads,network_partition,reader-1,read,mr-0b32a7fd-51a0-4d9c-ba8d-4bb0100759c0,,2018,QUORUM,QUORUM,cassandra-2,True,False,5.36,2026-09-16T06:28:51.417354+00:00,
0b32a7fd-51a0-4d9c-ba8d-4bb0100759c0,monotonic_reads,network_partition,writer-1,write,mr-0b32a7fd-51a0-4d9c-ba8d-4bb0100759c0,2019,,,QUORUM,cassandra-1,True,False,3.949,2026-09-16T06:28:51.423552+00:00,
0b32a7fd-51a0-4d9c-ba8d-4bb0100759c0,monotonic_reads,network_partition,reader-1,read,mr-0b32a7fd-51a0-4d9c-ba8d-4bb0100759c0,,2019,QUORUM,QUORUM,cassandra-3,True,False,5.194,2026-09-16T06:28:51.435078+00:00,
0b32a7fd-51a0-4d9c-ba8d-4bb0100759c0,monotonic_reads,network_partition,writer-1,write,mr-0b32a7fd-51a0-4d9c-ba8d-4bb0100759c0,2020,,,QUORUM,cassandra-1,True,False,4.726,2026-09-16T06:28:51.450929+00:00,
0b32a7fd-51a0-4d9c-ba8d-4bb0100759c0,monotonic_reads,network_partition,reader-1,read,mr-0b32a7fd-51a0-4d9c-ba8d-4bb0100759c0,,2019,QUORUM,QUORUM,cassandra-1,True,False,6.297,2026-09-16T06:28:51.451920+00:00,
0b32a7fd-51a0-4d9c-ba8d-4bb0100759c0,monotonic_reads,network_partition,reader-1,read,mr-0b32a7fd-51a0-4d9c-ba8d-4bb0100759c0,,2020,QUORUM,QUORUM,cassandra-2,True,False,5.289,2026-09-16T06:28:51.468885+00:00,
0b32a7fd-51a0-4d9c-ba8d-4bb0100759c0,monotonic_reads,network_partition,writer-1,write,mr-0b32a7fd-51a0-4d9c-ba8d-4bb0100759c0,2021,,,QUORUM,cassandra-1,True,False,4.493,2026-09-16T06:28:51.476695+00:00,
0b32a7fd-51a0-4d9c-ba8d-4bb0100759c0,monotonic_reads,network_partition,reader-1,read,mr-0b32a7fd-51a0-4d9c-ba8d-4bb0100759c0,,2021,QUORUM,QUORUM,cassandra-3,True,False,4.48,2026-09-16T06:28:51.484087+00:00,
0b32a7fd-51a0-4d9c-ba8d-4bb0100759c0,monotonic_reads,network_partition,reader-1,read,mr-0b32a7fd-51a0-4d9c-ba8d-4bb0100759c0,,2021,QUORUM,QUORUM,cassandra-1,True,False,5.201,2026-09-16T06:28:51.500392+00:00,
0b32a7fd-51a0-4d9c-ba8d-4bb0100759c0,monotonic_reads,network_partition,writer-1,write,mr-0b32a7fd-51a0-4d9c-ba8d-4bb0100759c0,2022,,,QUORUM,cassandra-1,True,False,3.818,2026-09-16T06:28:51.504417+00:00,
0b32a7fd-51a0-4d9c-ba8d-4bb0100759c0,monotonic_reads,network_partition,reader-1,read,mr-0b32a7fd-51a0-4d9c-ba8d-4bb0100759c0,,2022,QUORUM,QUORUM,cassandra-2,True,False,6.409,2026-09-16T06:28:51.518042+00:00,
0b32a7fd-51a0-4d9c-ba8d-4bb0100759c0,monotonic_reads,network_partition,writer-1,write,mr-0b32a7fd-51a0-4d9c-ba8d-4bb0100759c0,2023,,,QUORUM,cassandra-1,True,False,4.513,2026-09-16T06:28:51.530510+00:00,
0b32a7fd-51a0-4d9c-ba8d-4bb0100759c0,monotonic_reads,network_partition,reader-1,read,mr-0b32a7fd-51a0-4d9c-ba8d-4bb0100759c0,,2023,QUORUM,QUORUM,cassandra-3,True,False,4.614,2026-09-16T06:28:51.534189+00:00,
0b32a7fd-51a0-4d9c-ba8d-4bb0100759c0,monotonic_reads,network_partition,reader-1,read,mr-0b32a7fd-51a0-4d9c-ba8d-4bb0100759c0,,2023,QUORUM,QUORUM,cassandra-1,True,False,7.216,2026-09-16T06:28:51.553747+00:00,
0b32a7fd-51a0-4d9c-ba8d-4bb0100759c0,monotonic_reads,network_partition,writer-1,write,mr-0b32a7fd-51a0-4d9c-ba8d-4bb0100759c0,2024,,,QUORUM,cassandra-1,True,False,5.68,2026-09-16T06:28:51.557482+00:00,
0b32a7fd-51a0-4d9c-ba8d-4bb0100759c0,monotonic_reads,network_partition,reader-1,read,mr-0b32a7fd-51a0-4d9c-ba8d-4bb0100759c0,,2024,QUORUM,QUORUM,cassandra-2,True,False,5.782,2026-09-16T06:28:51.570414+00:00,
0b32a7fd-51a0-4d9c-ba8d-4bb0100759c0,monotonic_reads,network_partition,writer-1,write,mr-0b32a7fd-51a0-4d9c-ba8d-4bb0100759c0,2025,,,QUORUM,cassandra-1,True,False,3.836,2026-09-16T06:28:51.582440+00:00,
0b32a7fd-51a0-4d9c-ba8d-4bb0100759c0,monotonic_reads,network_partition,reader-1,read,mr-0b32a7fd-51a0-4d9c-ba8d-4bb0100759c0,,2025,QUORUM,QUORUM,cassandra-3,True,False,4.878,2026-09-16T06:28:51.588011+00:00,
0b32a7fd-51a0-4d9c-ba8d-4bb0100759c0,monotonic_reads,network_partition,reader-1,read,mr-0b32a7fd-51a0-4d9c-ba8d-4bb0100759c0,,2025,QUORUM,QUORUM,cassandra-1,True,False,7.605,2026-09-16T06:28:51.606222+00:00,
0b32a7fd-51a0-4d9c-ba8d-4bb0100759c0,monotonic_reads,network_partition,writer-1,write,mr-0b32a7fd-51a0-4d9c-ba8d-4bb0100759c0,2026,,,QUORUM,cassandra-1,True,False,6.055,2026-09-16T06:28:51.611945+00:00,
0b32a7fd-51a0-4d9c-ba8d-4bb0100759c0,monotonic_reads,network_partition,reader-1,read,mr-0b32a7fd-51a0-4d9c-ba8d-4bb0100759c0,,2026,QUORUM,QUORUM,cassandra-2,True,False,5.676,2026-09-16T06:28:51.623315+00:00,
0b32a7fd-51a0-4d9c-ba8d-4bb0100759c0,monotonic_reads,network_partition,reader-1,read,mr-0b32a7fd-51a0-4d9c-ba8d-4bb0100759c0,,2026,QUORUM,QUORUM,cassandra-3,True,False,7.17,2026-09-16T06:28:51.642787+00:00,
0b32a7fd-51a0-4d9c-ba8d-4bb0100759c0,monotonic_reads,network_partition,writer-1,write,mr-0b32a7fd-51a0-4d9c-ba8d-4bb0100759c0,2027,,,QUORUM,cassandra-1,True,False,8.09,2026-09-16T06:28:51.642920+00:00,
0b32a7fd-51a0-4d9c-ba8d-4bb0100759c0,monotonic_reads,network_partition,reader-1,read,mr-0b32a7fd-51a0-4d9c-ba8d-4bb0100759c0,,2027,QUORUM,QUORUM,cassandra-1,True,False,5.481,2026-09-16T06:28:51.659102+00:00,
0b32a7fd-51a0-4d9c-ba8d-4bb0100759c0,monotonic_reads,network_partition,writer-1,write,mr-0b32a7fd-51a0-4d9c-ba8d-4bb0100759c0,2028,,,QUORUM,cassandra-1,True,False,4.951,2026-09-16T06:28:51.668846+00:00,
0b32a7fd-51a0-4d9c-ba8d-4bb0100759c0,monotonic_reads,network_partition,reader-1,read,mr-0b32a7fd-51a0-4d9c-ba8d-4bb0100759c0,,2028,QUORUM,QUORUM,cassandra-2,True,False,5.376,2026-09-16T06:28:51.676969+00:00,
0b32a7fd-51a0-4d9c-ba8d-4bb0100759c0,monotonic_reads,network_partition,reader-1,read,mr-0b32a7fd-51a0-4d9c-ba8d-4bb0100759c0,,2028,QUORUM,QUORUM,cassandra-3,True,False,5.088,2026-09-16T06:28:51.693233+00:00,
0b32a7fd-51a0-4d9c-ba8d-4bb0100759c0,monotonic_reads,network_partition,writer-1,write,mr-0b32a7fd-51a0-4d9c-ba8d-4bb0100759c0,2029,,,QUORUM,cassandra-1,True,False,5.108,2026-09-16T06:28:51.698448+00:00,
0b32a7fd-51a0-4d9c-ba8d-4bb0100759c0,monotonic_reads,network_partition,reader-1,read,mr-0b32a7fd-51a0-4d9c-ba8d-4bb0100759c0,,2029,QUORUM,QUORUM,cassandra-1,True,False,4.545,2026-09-16T06:28:51.709132+00:00,
0b32a7fd-51a0-4d9c-ba8d-4bb0100759c0,monotonic_reads,network_partition,writer-1,write,mr-0b32a7fd-51a0-4d9c-ba8d-4bb0100759c0,2030,,,QUORUM,cassandra-1,True,False,10.38,2026-09-16T06:28:51.732916+00:00,
0b32a7fd-51a0-4d9c-ba8d-4bb0100759c0,monotonic_reads,network_partition,reader-1,read,mr-0b32a7fd-51a0-4d9c-ba8d-4bb0100759c0,,2030,QUORUM,QUORUM,cassandra-2,True,False,14.202,2026-09-16T06:28:51.735274+00:00,
0b32a7fd-51a0-4d9c-ba8d-4bb0100759c0,monotonic_reads,network_partition,reader-1,read,mr-0b32a7fd-51a0-4d9c-ba8d-4bb0100759c0,,2030,QUORUM,QUORUM,cassandra-3,True,False,5.347,2026-09-16T06:28:51.750809+00:00,
0b32a7fd-51a0-4d9c-ba8d-4bb0100759c0,monotonic_reads,network_partition,writer-1,write,mr-0b32a7fd-51a0-4d9c-ba8d-4bb0100759c0,2031,,,QUORUM,cassandra-1,True,False,4.84,2026-09-16T06:28:51.758425+00:00,
0b32a7fd-51a0-4d9c-ba8d-4bb0100759c0,monotonic_reads,network_partition,reader-1,read,mr-0b32a7fd-51a0-4d9c-ba8d-4bb0100759c0,,2031,QUORUM,QUORUM,cassandra-1,True,False,4.226,2026-09-16T06:28:51.765822+00:00,
0b32a7fd-51a0-4d9c-ba8d-4bb0100759c0,monotonic_reads,network_partition,writer-1,write,mr-0b32a7fd-51a0-4d9c-ba8d-4bb0100759c0,2032,,,QUORUM,cassandra-1,True,False,3.83,2026-09-16T06:28:51.786316+00:00,
0b32a7fd-51a0-4d9c-ba8d-4bb0100759c0,monotonic_reads,network_partition,reader-1,read,mr-0b32a7fd-51a0-4d9c-ba8d-4bb0100759c0,,2031,QUORUM,QUORUM,cassandra-2,True,False,8.409,2026-09-16T06:28:51.786886+00:00,
0b32a7fd-51a0-4d9c-ba8d-4bb0100759c0,monotonic_reads,network_partition,reader-1,read,mr-0b32a7fd-51a0-4d9c-ba8d-4bb0100759c0,,2032,QUORUM,QUORUM,cassandra-3,True,False,2.865,2026-09-16T06:28:51.802349+00:00,
0b32a7fd-51a0-4d9c-ba8d-4bb0100759c0,monotonic_reads,network_partition,writer-1,write,mr-0b32a7fd-51a0-4d9c-ba8d-4bb0100759c0,2033,,,QUORUM,cassandra-1,True,False,4.06,2026-09-16T06:28:51.815998+00:00,
0b32a7fd-51a0-4d9c-ba8d-4bb0100759c0,monotonic_reads,network_partition,reader-1,read,mr-0b32a7fd-51a0-4d9c-ba8d-4bb0100759c0,,2033,QUORUM,QUORUM,cassandra-1,True,False,3.208,2026-09-16T06:28:51.818158+00:00,
0b32a7fd-51a0-4d9c-ba8d-4bb0100759c0,monotonic_reads,network_partition,reader-1,read,mr-0b32a7fd-51a0-4d9c-ba8d-4bb0100759c0,,2033,QUORUM,QUORUM,cassandra-2,True,False,5.487,2026-09-16T06:28:51.835443+00:00,
0b32a7fd-51a0-4d9c-ba8d-4bb0100759c0,monotonic_reads,network_partition,writer-1,write,mr-0b32a7fd-51a0-4d9c-ba8d-4bb0100759c0,2034,,,QUORUM,cassandra-1,True,False,4.897,2026-09-16T06:28:51.845499+00:00,
0b32a7fd-51a0-4d9c-ba8d-4bb0100759c0,monotonic_reads,network_partition,reader-1,read,mr-0b32a7fd-51a0-4d9c-ba8d-4bb0100759c0,,2034,QUORUM,QUORUM,cassandra-3,True,False,5.532,2026-09-16T06:28:51.853136+00:00,
0b32a7fd-51a0-4d9c-ba8d-4bb0100759c0,monotonic_reads,network_partition,reader-1,read,mr-0b32a7fd-51a0-4d9c-ba8d-4bb0100759c0,,2034,QUORUM,QUORUM,cassandra-1,True,False,5.47,2026-09-16T06:28:51.870371+00:00,
0b32a7fd-51a0-4d9c-ba8d-4bb0100759c0,monotonic_reads,network_partition,writer-1,write,mr-0b32a7fd-51a0-4d9c-ba8d-4bb0100759c0,2035,,,QUORUM,cassandra-1,True,False,4.029,2026-09-16T06:28:51.871489+00:00,
0b32a7fd-51a0-4d9c-ba8d-4bb0100759c0,monotonic_reads,network_partition,reader-1,read,mr-0b32a7fd-51a0-4d9c-ba8d-4bb0100759c0,,2035,QUORUM,QUORUM,cassandra-2,True,False,5.802,2026-09-16T06:28:51.887359+00:00,
0b32a7fd-51a0-4d9c-ba8d-4bb0100759c0,monotonic_reads,network_partition,writer-1,write,mr-0b32a7fd-51a0-4d9c-ba8d-4bb0100759c0,2036,,,QUORUM,cassandra-1,True,False,5.183,2026-09-16T06:28:51.897861+00:00,
0b32a7fd-51a0-4d9c-ba8d-4bb0100759c0,monotonic_reads,network_partition,reader-1,read,mr-0b32a7fd-51a0-4d9c-ba8d-4bb0100759c0,,2036,QUORUM,QUORUM,cassandra-3,True,False,4.241,2026-09-16T06:28:51.902856+00:00,
0b32a7fd-51a0-4d9c-ba8d-4bb0100759c0,monotonic_reads,network_partition,reader-1,read,mr-0b32a7fd-51a0-4d9c-ba8d-4bb0100759c0,,2036,QUORUM,QUORUM,cassandra-1,True,False,5.552,2026-09-16T06:28:51.920193+00:00,
0b32a7fd-51a0-4d9c-ba8d-4bb0100759c0,monotonic_reads,network_partition,writer-1,write,mr-0b32a7fd-51a0-4d9c-ba8d-4bb0100759c0,2037,,,QUORUM,cassandra-1,True,False,4.244,2026-09-16T06:28:51.922419+00:00,
0b32a7fd-51a0-4d9c-ba8d-4bb0100759c0,monotonic_reads,network_partition,reader-1,read,mr-0b32a7fd-51a0-4d9c-ba8d-4bb0100759c0,,2037,QUORUM,QUORUM,cassandra-2,True,False,5.47,2026-09-16T06:28:51.938308+00:00,
0b32a7fd-51a0-4d9c-ba8d-4bb0100759c0,monotonic_reads,network_partition,writer-1,write,mr-0b32a7fd-51a0-4d9c-ba8d-4bb0100759c0,2038,,,QUORUM,cassandra-1,True,False,13.625,2026-09-16T06:28:51.957283+00:00,
0b32a7fd-51a0-4d9c-ba8d-4bb0100759c0,monotonic_reads,network_partition,reader-1,read,mr-0b32a7fd-51a0-4d9c-ba8d-4bb0100759c0,,2037,QUORUM,QUORUM,cassandra-3,True,False,7.426,2026-09-16T06:28:51.958117+00:00,
0b32a7fd-51a0-4d9c-ba8d-4bb0100759c0,monotonic_reads,network_partition,reader-1,read,mr-0b32a7fd-51a0-4d9c-ba8d-4bb0100759c0,,2038,QUORUM,QUORUM,cassandra-1,True,False,4.433,2026-09-16T06:28:51.973069+00:00,
0b32a7fd-51a0-4d9c-ba8d-4bb0100759c0,monotonic_reads,network_partition,writer-1,write,mr-0b32a7fd-51a0-4d9c-ba8d-4bb0100759c0,2039,,,QUORUM,cassandra-1,True,False,4.289,2026-09-16T06:28:51.984342+00:00,
0b32a7fd-51a0-4d9c-ba8d-4bb0100759c0,monotonic_reads,network_partition,reader-1,read,mr-0b32a7fd-51a0-4d9c-ba8d-4bb0100759c0,,2039,QUORUM,QUORUM,cassandra-2,True,False,4.406,2026-09-16T06:28:51.989019+00:00,
0b32a7fd-51a0-4d9c-ba8d-4bb0100759c0,monotonic_reads,network_partition,reader-1,read,mr-0b32a7fd-51a0-4d9c-ba8d-4bb0100759c0,,2039,QUORUM,QUORUM,cassandra-3,True,False,5.066,2026-09-16T06:28:52.006638+00:00,
0b32a7fd-51a0-4d9c-ba8d-4bb0100759c0,monotonic_reads,network_partition,writer-1,write,mr-0b32a7fd-51a0-4d9c-ba8d-4bb0100759c0,2040,,,QUORUM,cassandra-1,True,False,4.308,2026-09-16T06:28:52.013639+00:00,
0b32a7fd-51a0-4d9c-ba8d-4bb0100759c0,monotonic_reads,network_partition,reader-1,read,mr-0b32a7fd-51a0-4d9c-ba8d-4bb0100759c0,,2040,QUORUM,QUORUM,cassandra-1,True,False,4.656,2026-09-16T06:28:52.023268+00:00,
0b32a7fd-51a0-4d9c-ba8d-4bb0100759c0,monotonic_reads,network_partition,reader-1,read,mr-0b32a7fd-51a0-4d9c-ba8d-4bb0100759c0,,2040,QUORUM,QUORUM,cassandra-2,True,False,5.653,2026-09-16T06:28:52.041327+00:00,
0b32a7fd-51a0-4d9c-ba8d-4bb0100759c0,monotonic_reads,network_partition,writer-1,write,mr-0b32a7fd-51a0-4d9c-ba8d-4bb0100759c0,2041,,,QUORUM,cassandra-1,True,False,4.338,2026-09-16T06:28:52.042482+00:00,
0b32a7fd-51a0-4d9c-ba8d-4bb0100759c0,monotonic_reads,network_partition,reader-1,read,mr-0b32a7fd-51a0-4d9c-ba8d-4bb0100759c0,,2041,QUORUM,QUORUM,cassandra-3,True,False,8.473,2026-09-16T06:28:52.061108+00:00,
0b32a7fd-51a0-4d9c-ba8d-4bb0100759c0,monotonic_reads,network_partition,writer-1,write,mr-0b32a7fd-51a0-4d9c-ba8d-4bb0100759c0,2042,,,QUORUM,cassandra-1,True,False,4.911,2026-09-16T06:28:52.069532+00:00,
0b32a7fd-51a0-4d9c-ba8d-4bb0100759c0,monotonic_reads,network_partition,reader-1,read,mr-0b32a7fd-51a0-4d9c-ba8d-4bb0100759c0,,2042,QUORUM,QUORUM,cassandra-1,True,False,4.63,2026-09-16T06:28:52.076233+00:00,
0b32a7fd-51a0-4d9c-ba8d-4bb0100759c0,monotonic_reads,network_partition,reader-1,read,mr-0b32a7fd-51a0-4d9c-ba8d-4bb0100759c0,,2042,QUORUM,QUORUM,cassandra-2,True,False,6.219,2026-09-16T06:28:52.092844+00:00,
0b32a7fd-51a0-4d9c-ba8d-4bb0100759c0,monotonic_reads,network_partition,writer-1,write,mr-0b32a7fd-51a0-4d9c-ba8d-4bb0100759c0,2043,,,QUORUM,cassandra-1,True,False,5.168,2026-09-16T06:28:52.096658+00:00,
0b32a7fd-51a0-4d9c-ba8d-4bb0100759c0,monotonic_reads,network_partition,reader-1,read,mr-0b32a7fd-51a0-4d9c-ba8d-4bb0100759c0,,2043,QUORUM,QUORUM,cassandra-3,True,False,15.136,2026-09-16T06:28:52.119025+00:00,
0b32a7fd-51a0-4d9c-ba8d-4bb0100759c0,monotonic_reads,network_partition,writer-1,write,mr-0b32a7fd-51a0-4d9c-ba8d-4bb0100759c0,2044,,,QUORUM,cassandra-1,True,False,4.114,2026-09-16T06:28:52.122045+00:00,
0b32a7fd-51a0-4d9c-ba8d-4bb0100759c0,monotonic_reads,network_partition,reader-1,read,mr-0b32a7fd-51a0-4d9c-ba8d-4bb0100759c0,,2044,QUORUM,QUORUM,cassandra-1,True,False,4.108,2026-09-16T06:28:52.135414+00:00,
0b32a7fd-51a0-4d9c-ba8d-4bb0100759c0,monotonic_reads,network_partition,writer-1,write,mr-0b32a7fd-51a0-4d9c-ba8d-4bb0100759c0,2045,,,QUORUM,cassandra-1,True,False,4.38,2026-09-16T06:28:52.147041+00:00,
0b32a7fd-51a0-4d9c-ba8d-4bb0100759c0,monotonic_reads,network_partition,reader-1,read,mr-0b32a7fd-51a0-4d9c-ba8d-4bb0100759c0,,2045,QUORUM,QUORUM,cassandra-2,True,False,4.023,2026-09-16T06:28:52.150163+00:00,
0b32a7fd-51a0-4d9c-ba8d-4bb0100759c0,monotonic_reads,network_partition,reader-1,read,mr-0b32a7fd-51a0-4d9c-ba8d-4bb0100759c0,,2045,QUORUM,QUORUM,cassandra-3,True,False,5.006,2026-09-16T06:28:52.167630+00:00,
0b32a7fd-51a0-4d9c-ba8d-4bb0100759c0,monotonic_reads,network_partition,writer-1,write,mr-0b32a7fd-51a0-4d9c-ba8d-4bb0100759c0,2046,,,QUORUM,cassandra-1,True,False,5.492,2026-09-16T06:28:52.177089+00:00,
0b32a7fd-51a0-4d9c-ba8d-4bb0100759c0,monotonic_reads,network_partition,reader-1,read,mr-0b32a7fd-51a0-4d9c-ba8d-4bb0100759c0,,2046,QUORUM,QUORUM,cassandra-1,True,False,4.479,2026-09-16T06:28:52.183076+00:00,
0b32a7fd-51a0-4d9c-ba8d-4bb0100759c0,monotonic_reads,network_partition,reader-1,read,mr-0b32a7fd-51a0-4d9c-ba8d-4bb0100759c0,,2046,QUORUM,QUORUM,cassandra-2,True,False,4.626,2026-09-16T06:28:52.198109+00:00,
0b32a7fd-51a0-4d9c-ba8d-4bb0100759c0,monotonic_reads,network_partition,writer-1,write,mr-0b32a7fd-51a0-4d9c-ba8d-4bb0100759c0,2047,,,QUORUM,cassandra-1,True,False,3.891,2026-09-16T06:28:52.205443+00:00,
0b32a7fd-51a0-4d9c-ba8d-4bb0100759c0,monotonic_reads,network_partition,reader-1,read,mr-0b32a7fd-51a0-4d9c-ba8d-4bb0100759c0,,2047,QUORUM,QUORUM,cassandra-3,True,False,4.617,2026-09-16T06:28:52.214223+00:00,
0b32a7fd-51a0-4d9c-ba8d-4bb0100759c0,monotonic_reads,network_partition,writer-1,write,mr-0b32a7fd-51a0-4d9c-ba8d-4bb0100759c0,2048,,,QUORUM,cassandra-1,True,False,3.219,2026-09-16T06:28:52.233616+00:00,
0b32a7fd-51a0-4d9c-ba8d-4bb0100759c0,monotonic_reads,network_partition,reader-1,read,mr-0b32a7fd-51a0-4d9c-ba8d-4bb0100759c0,,2047,QUORUM,QUORUM,cassandra-1,True,False,7.96,2026-09-16T06:28:52.234395+00:00,
0b32a7fd-51a0-4d9c-ba8d-4bb0100759c0,monotonic_reads,network_partition,reader-1,read,mr-0b32a7fd-51a0-4d9c-ba8d-4bb0100759c0,,2048,QUORUM,QUORUM,cassandra-2,True,False,6.044,2026-09-16T06:28:52.252618+00:00,
0b32a7fd-51a0-4d9c-ba8d-4bb0100759c0,monotonic_reads,network_partition,writer-1,write,mr-0b32a7fd-51a0-4d9c-ba8d-4bb0100759c0,2049,,,QUORUM,cassandra-1,True,False,4.597,2026-09-16T06:28:52.263917+00:00,
0b32a7fd-51a0-4d9c-ba8d-4bb0100759c0,monotonic_reads,network_partition,reader-1,read,mr-0b32a7fd-51a0-4d9c-ba8d-4bb0100759c0,,2049,QUORUM,QUORUM,cassandra-3,True,False,4.395,2026-09-16T06:28:52.267907+00:00,
0b32a7fd-51a0-4d9c-ba8d-4bb0100759c0,monotonic_reads,network_partition,reader-1,read,mr-0b32a7fd-51a0-4d9c-ba8d-4bb0100759c0,,2049,QUORUM,QUORUM,cassandra-1,True,False,5.505,2026-09-16T06:28:52.286097+00:00,
0b32a7fd-51a0-4d9c-ba8d-4bb0100759c0,monotonic_reads,network_partition,writer-1,write,mr-0b32a7fd-51a0-4d9c-ba8d-4bb0100759c0,2050,,,QUORUM,cassandra-1,True,False,3.77,2026-09-16T06:28:52.292380+00:00,
0b32a7fd-51a0-4d9c-ba8d-4bb0100759c0,monotonic_reads,network_partition,reader-1,read,mr-0b32a7fd-51a0-4d9c-ba8d-4bb0100759c0,,2050,QUORUM,QUORUM,cassandra-2,True,False,4.573,2026-09-16T06:28:52.302276+00:00,
0b32a7fd-51a0-4d9c-ba8d-4bb0100759c0,monotonic_reads,network_partition,reader-1,read,mr-0b32a7fd-51a0-4d9c-ba8d-4bb0100759c0,,2050,QUORUM,QUORUM,cassandra-3,True,False,5.4,2026-09-16T06:28:52.318015+00:00,
0b32a7fd-51a0-4d9c-ba8d-4bb0100759c0,monotonic_reads,network_partition,writer-1,write,mr-0b32a7fd-51a0-4d9c-ba8d-4bb0100759c0,2051,,,QUORUM,cassandra-1,True,False,3.836,2026-09-16T06:28:52.318353+00:00,
0b32a7fd-51a0-4d9c-ba8d-4bb0100759c0,monotonic_reads,network_partition,reader-1,read,mr-0b32a7fd-51a0-4d9c-ba8d-4bb0100759c0,,2051,QUORUM,QUORUM,cassandra-1,True,False,4.51,2026-09-16T06:28:52.332996+00:00,
0b32a7fd-51a0-4d9c-ba8d-4bb0100759c0,monotonic_reads,network_partition,writer-1,write,mr-0b32a7fd-51a0-4d9c-ba8d-4bb0100759c0,2052,,,QUORUM,cassandra-1,True,False,4.346,2026-09-16T06:28:52.347452+00:00,
0b32a7fd-51a0-4d9c-ba8d-4bb0100759c0,monotonic_reads,network_partition,reader-1,read,mr-0b32a7fd-51a0-4d9c-ba8d-4bb0100759c0,,2052,QUORUM,QUORUM,cassandra-2,True,False,5.249,2026-09-16T06:28:52.348962+00:00,
0b32a7fd-51a0-4d9c-ba8d-4bb0100759c0,monotonic_reads,network_partition,reader-1,read,mr-0b32a7fd-51a0-4d9c-ba8d-4bb0100759c0,,2052,QUORUM,QUORUM,cassandra-3,True,False,4.7,2026-09-16T06:28:52.365328+00:00,
0b32a7fd-51a0-4d9c-ba8d-4bb0100759c0,monotonic_reads,network_partition,writer-1,write,mr-0b32a7fd-51a0-4d9c-ba8d-4bb0100759c0,2053,,,QUORUM,cassandra-1,True,False,4.735,2026-09-16T06:28:52.377313+00:00,
0b32a7fd-51a0-4d9c-ba8d-4bb0100759c0,monotonic_reads,network_partition,reader-1,read,mr-0b32a7fd-51a0-4d9c-ba8d-4bb0100759c0,,2053,QUORUM,QUORUM,cassandra-1,True,False,5.062,2026-09-16T06:28:52.382659+00:00,
0b32a7fd-51a0-4d9c-ba8d-4bb0100759c0,monotonic_reads,network_partition,reader-1,read,mr-0b32a7fd-51a0-4d9c-ba8d-4bb0100759c0,,2053,QUORUM,QUORUM,cassandra-2,True,False,7.634,2026-09-16T06:28:52.402639+00:00,
0b32a7fd-51a0-4d9c-ba8d-4bb0100759c0,monotonic_reads,network_partition,writer-1,write,mr-0b32a7fd-51a0-4d9c-ba8d-4bb0100759c0,2054,,,QUORUM,cassandra-1,True,False,3.114,2026-09-16T06:28:52.404016+00:00,
0b32a7fd-51a0-4d9c-ba8d-4bb0100759c0,monotonic_reads,network_partition,reader-1,read,mr-0b32a7fd-51a0-4d9c-ba8d-4bb0100759c0,,2054,QUORUM,QUORUM,cassandra-3,True,False,4.755,2026-09-16T06:28:52.418670+00:00,
0b32a7fd-51a0-4d9c-ba8d-4bb0100759c0,monotonic_reads,network_partition,writer-1,write,mr-0b32a7fd-51a0-4d9c-ba8d-4bb0100759c0,2055,,,QUORUM,cassandra-1,True,False,4.585,2026-09-16T06:28:52.430178+00:00,
0b32a7fd-51a0-4d9c-ba8d-4bb0100759c0,monotonic_reads,network_partition,reader-1,read,mr-0b32a7fd-51a0-4d9c-ba8d-4bb0100759c0,,2055,QUORUM,QUORUM,cassandra-1,True,False,4.94,2026-09-16T06:28:52.434009+00:00,
0b32a7fd-51a0-4d9c-ba8d-4bb0100759c0,monotonic_reads,network_partition,reader-1,read,mr-0b32a7fd-51a0-4d9c-ba8d-4bb0100759c0,,2055,QUORUM,QUORUM,cassandra-2,True,False,10.872,2026-09-16T06:28:52.456603+00:00,
0b32a7fd-51a0-4d9c-ba8d-4bb0100759c0,monotonic_reads,network_partition,writer-1,write,mr-0b32a7fd-51a0-4d9c-ba8d-4bb0100759c0,2056,,,QUORUM,cassandra-1,True,False,4.918,2026-09-16T06:28:52.456846+00:00,
0b32a7fd-51a0-4d9c-ba8d-4bb0100759c0,monotonic_reads,network_partition,reader-1,read,mr-0b32a7fd-51a0-4d9c-ba8d-4bb0100759c0,,2056,QUORUM,QUORUM,cassandra-3,True,False,3.328,2026-09-16T06:28:52.471477+00:00,
0b32a7fd-51a0-4d9c-ba8d-4bb0100759c0,monotonic_reads,network_partition,writer-1,write,mr-0b32a7fd-51a0-4d9c-ba8d-4bb0100759c0,2057,,,QUORUM,cassandra-1,True,False,2.839,2026-09-16T06:28:52.484785+00:00,
0b32a7fd-51a0-4d9c-ba8d-4bb0100759c0,monotonic_reads,network_partition,reader-1,read,mr-0b32a7fd-51a0-4d9c-ba8d-4bb0100759c0,,2057,QUORUM,QUORUM,cassandra-1,True,False,3.19,2026-09-16T06:28:52.487252+00:00,
0b32a7fd-51a0-4d9c-ba8d-4bb0100759c0,monotonic_reads,network_partition,reader-1,read,mr-0b32a7fd-51a0-4d9c-ba8d-4bb0100759c0,,2057,QUORUM,QUORUM,cassandra-2,True,False,5.378,2026-09-16T06:28:52.502976+00:00,
0b32a7fd-51a0-4d9c-ba8d-4bb0100759c0,monotonic_reads,network_partition,writer-1,write,mr-0b32a7fd-51a0-4d9c-ba8d-4bb0100759c0,2058,,,QUORUM,cassandra-1,True,False,3.982,2026-09-16T06:28:52.512597+00:00,
0b32a7fd-51a0-4d9c-ba8d-4bb0100759c0,monotonic_reads,network_partition,reader-1,read,mr-0b32a7fd-51a0-4d9c-ba8d-4bb0100759c0,,2058,QUORUM,QUORUM,cassandra-3,True,False,5.309,2026-09-16T06:28:52.519896+00:00,
0b32a7fd-51a0-4d9c-ba8d-4bb0100759c0,monotonic_reads,network_partition,reader-1,read,mr-0b32a7fd-51a0-4d9c-ba8d-4bb0100759c0,,2058,QUORUM,QUORUM,cassandra-1,True,False,10.538,2026-09-16T06:28:52.541020+00:00,
0b32a7fd-51a0-4d9c-ba8d-4bb0100759c0,monotonic_reads,network_partition,writer-1,write,mr-0b32a7fd-51a0-4d9c-ba8d-4bb0100759c0,2059,,,QUORUM,cassandra-1,True,False,5.112,2026-09-16T06:28:52.544260+00:00,
0b32a7fd-51a0-4d9c-ba8d-4bb0100759c0,monotonic_reads,network_partition,reader-1,read,mr-0b32a7fd-51a0-4d9c-ba8d-4bb0100759c0,,2059,QUORUM,QUORUM,cassandra-2,True,False,8.395,2026-09-16T06:28:52.560015+00:00,
0b32a7fd-51a0-4d9c-ba8d-4bb0100759c0,monotonic_reads,network_partition,writer-1,write,mr-0b32a7fd-51a0-4d9c-ba8d-4bb0100759c0,2060,,,QUORUM,cassandra-1,True,False,4.841,2026-09-16T06:28:52.573435+00:00,
0b32a7fd-51a0-4d9c-ba8d-4bb0100759c0,monotonic_reads,network_partition,reader-1,read,mr-0b32a7fd-51a0-4d9c-ba8d-4bb0100759c0,,2060,QUORUM,QUORUM,cassandra-3,True,False,6.076,2026-09-16T06:28:52.576665+00:00,
0b32a7fd-51a0-4d9c-ba8d-4bb0100759c0,monotonic_reads,network_partition,reader-1,read,mr-0b32a7fd-51a0-4d9c-ba8d-4bb0100759c0,,2060,QUORUM,QUORUM,cassandra-1,True,False,4.581,2026-09-16T06:28:52.592184+00:00,
0b32a7fd-51a0-4d9c-ba8d-4bb0100759c0,monotonic_reads,network_partition,writer-1,write,mr-0b32a7fd-51a0-4d9c-ba8d-4bb0100759c0,2061,,,QUORUM,cassandra-1,True,False,4.807,2026-09-16T06:28:52.599382+00:00,
0b32a7fd-51a0-4d9c-ba8d-4bb0100759c0,monotonic_reads,network_partition,reader-1,read,mr-0b32a7fd-51a0-4d9c-ba8d-4bb0100759c0,,2061,QUORUM,QUORUM,cassandra-2,True,False,5.971,2026-09-16T06:28:52.610814+00:00,
0b32a7fd-51a0-4d9c-ba8d-4bb0100759c0,monotonic_reads,network_partition,writer-1,write,mr-0b32a7fd-51a0-4d9c-ba8d-4bb0100759c0,2062,,,QUORUM,cassandra-1,True,False,4.049,2026-09-16T06:28:52.625518+00:00,
0b32a7fd-51a0-4d9c-ba8d-4bb0100759c0,monotonic_reads,network_partition,reader-1,read,mr-0b32a7fd-51a0-4d9c-ba8d-4bb0100759c0,,2061,QUORUM,QUORUM,cassandra-3,True,False,4.187,2026-09-16T06:28:52.626051+00:00,
0b32a7fd-51a0-4d9c-ba8d-4bb0100759c0,monotonic_reads,network_partition,reader-1,read,mr-0b32a7fd-51a0-4d9c-ba8d-4bb0100759c0,,2062,QUORUM,QUORUM,cassandra-1,True,False,6.849,2026-09-16T06:28:52.645179+00:00,
0b32a7fd-51a0-4d9c-ba8d-4bb0100759c0,monotonic_reads,network_partition,writer-1,write,mr-0b32a7fd-51a0-4d9c-ba8d-4bb0100759c0,2063,,,QUORUM,cassandra-1,True,False,2.615,2026-09-16T06:28:52.651205+00:00,
0b32a7fd-51a0-4d9c-ba8d-4bb0100759c0,monotonic_reads,network_partition,reader-1,read,mr-0b32a7fd-51a0-4d9c-ba8d-4bb0100759c0,,2063,QUORUM,QUORUM,cassandra-2,True,False,5.464,2026-09-16T06:28:52.663284+00:00,
0b32a7fd-51a0-4d9c-ba8d-4bb0100759c0,monotonic_reads,network_partition,writer-1,write,mr-0b32a7fd-51a0-4d9c-ba8d-4bb0100759c0,2064,,,QUORUM,cassandra-1,True,False,4.507,2026-09-16T06:28:52.677534+00:00,
0b32a7fd-51a0-4d9c-ba8d-4bb0100759c0,monotonic_reads,network_partition,reader-1,read,mr-0b32a7fd-51a0-4d9c-ba8d-4bb0100759c0,,2064,QUORUM,QUORUM,cassandra-3,True,False,4.233,2026-09-16T06:28:52.679680+00:00,
0b32a7fd-51a0-4d9c-ba8d-4bb0100759c0,monotonic_reads,network_partition,reader-1,read,mr-0b32a7fd-51a0-4d9c-ba8d-4bb0100759c0,,2064,QUORUM,QUORUM,cassandra-1,True,False,4.326,2026-09-16T06:28:52.694937+00:00,
0b32a7fd-51a0-4d9c-ba8d-4bb0100759c0,monotonic_reads,network_partition,writer-1,write,mr-0b32a7fd-51a0-4d9c-ba8d-4bb0100759c0,2065,,,QUORUM,cassandra-1,True,False,3.723,2026-09-16T06:28:52.702337+00:00,
0b32a7fd-51a0-4d9c-ba8d-4bb0100759c0,monotonic_reads,network_partition,reader-1,read,mr-0b32a7fd-51a0-4d9c-ba8d-4bb0100759c0,,2065,QUORUM,QUORUM,cassandra-2,True,False,4.056,2026-09-16T06:28:52.709663+00:00,
0b32a7fd-51a0-4d9c-ba8d-4bb0100759c0,monotonic_reads,network_partition,writer-1,write,mr-0b32a7fd-51a0-4d9c-ba8d-4bb0100759c0,2066,,,QUORUM,cassandra-1,True,False,6.915,2026-09-16T06:28:52.731326+00:00,
0b32a7fd-51a0-4d9c-ba8d-4bb0100759c0,monotonic_reads,network_partition,reader-1,read,mr-0b32a7fd-51a0-4d9c-ba8d-4bb0100759c0,,2065,QUORUM,QUORUM,cassandra-3,True,False,11.19,2026-09-16T06:28:52.731711+00:00,
0b32a7fd-51a0-4d9c-ba8d-4bb0100759c0,monotonic_reads,network_partition,reader-1,read,mr-0b32a7fd-51a0-4d9c-ba8d-4bb0100759c0,,2066,QUORUM,QUORUM,cassandra-1,True,False,5.252,2026-09-16T06:28:52.749084+00:00,
0b32a7fd-51a0-4d9c-ba8d-4bb0100759c0,monotonic_reads,network_partition,writer-1,write,mr-0b32a7fd-51a0-4d9c-ba8d-4bb0100759c0,2067,,,QUORUM,cassandra-1,True,False,5.112,2026-09-16T06:28:52.758730+00:00,
0b32a7fd-51a0-4d9c-ba8d-4bb0100759c0,monotonic_reads,network_partition,reader-1,read,mr-0b32a7fd-51a0-4d9c-ba8d-4bb0100759c0,,2067,QUORUM,QUORUM,cassandra-2,True,False,6.495,2026-09-16T06:28:52.768103+00:00,
0b32a7fd-51a0-4d9c-ba8d-4bb0100759c0,monotonic_reads,network_partition,reader-1,read,mr-0b32a7fd-51a0-4d9c-ba8d-4bb0100759c0,,2067,QUORUM,QUORUM,cassandra-3,True,False,3.044,2026-09-16T06:28:52.783375+00:00,
0b32a7fd-51a0-4d9c-ba8d-4bb0100759c0,monotonic_reads,network_partition,writer-1,write,mr-0b32a7fd-51a0-4d9c-ba8d-4bb0100759c0,2068,,,QUORUM,cassandra-1,True,False,3.438,2026-09-16T06:28:52.785877+00:00,
0b32a7fd-51a0-4d9c-ba8d-4bb0100759c0,monotonic_reads,network_partition,reader-1,read,mr-0b32a7fd-51a0-4d9c-ba8d-4bb0100759c0,,2068,QUORUM,QUORUM,cassandra-1,True,False,3.435,2026-09-16T06:28:52.798207+00:00,
0b32a7fd-51a0-4d9c-ba8d-4bb0100759c0,monotonic_reads,network_partition,writer-1,write,mr-0b32a7fd-51a0-4d9c-ba8d-4bb0100759c0,2069,,,QUORUM,cassandra-1,True,False,3.308,2026-09-16T06:28:52.809528+00:00,
0b32a7fd-51a0-4d9c-ba8d-4bb0100759c0,monotonic_reads,network_partition,reader-1,read,mr-0b32a7fd-51a0-4d9c-ba8d-4bb0100759c0,,2069,QUORUM,QUORUM,cassandra-2,True,False,5.02,2026-09-16T06:28:52.814637+00:00,
0b32a7fd-51a0-4d9c-ba8d-4bb0100759c0,monotonic_reads,network_partition,reader-1,read,mr-0b32a7fd-51a0-4d9c-ba8d-4bb0100759c0,,2069,QUORUM,QUORUM,cassandra-3,True,False,5.286,2026-09-16T06:28:52.831285+00:00,
0b32a7fd-51a0-4d9c-ba8d-4bb0100759c0,monotonic_reads,network_partition,writer-1,write,mr-0b32a7fd-51a0-4d9c-ba8d-4bb0100759c0,2070,,,QUORUM,cassandra-1,True,False,4.668,2026-09-16T06:28:52.837509+00:00,
0b32a7fd-51a0-4d9c-ba8d-4bb0100759c0,monotonic_reads,network_partition,reader-1,read,mr-0b32a7fd-51a0-4d9c-ba8d-4bb0100759c0,,2070,QUORUM,QUORUM,cassandra-1,True,False,4.475,2026-09-16T06:28:52.846978+00:00,
0b32a7fd-51a0-4d9c-ba8d-4bb0100759c0,monotonic_reads,network_partition,reader-1,read,mr-0b32a7fd-51a0-4d9c-ba8d-4bb0100759c0,,2070,QUORUM,QUORUM,cassandra-2,True,False,4.789,2026-09-16T06:28:52.864111+00:00,
0b32a7fd-51a0-4d9c-ba8d-4bb0100759c0,monotonic_reads,network_partition,writer-1,write,mr-0b32a7fd-51a0-4d9c-ba8d-4bb0100759c0,2071,,,QUORUM,cassandra-1,True,False,3.811,2026-09-16T06:28:52.865422+00:00,
0b32a7fd-51a0-4d9c-ba8d-4bb0100759c0,monotonic_reads,network_partition,reader-1,read,mr-0b32a7fd-51a0-4d9c-ba8d-4bb0100759c0,,2071,QUORUM,QUORUM,cassandra-3,True,False,4.399,2026-09-16T06:28:52.879995+00:00,
0b32a7fd-51a0-4d9c-ba8d-4bb0100759c0,monotonic_reads,network_partition,writer-1,write,mr-0b32a7fd-51a0-4d9c-ba8d-4bb0100759c0,2072,,,QUORUM,cassandra-1,True,False,8.289,2026-09-16T06:28:52.897758+00:00,
0b32a7fd-51a0-4d9c-ba8d-4bb0100759c0,monotonic_reads,network_partition,reader-1,read,mr-0b32a7fd-51a0-4d9c-ba8d-4bb0100759c0,,2071,QUORUM,QUORUM,cassandra-1,True,False,7.946,2026-09-16T06:28:52.898503+00:00,
0b32a7fd-51a0-4d9c-ba8d-4bb0100759c0,monotonic_reads,network_partition,reader-1,read,mr-0b32a7fd-51a0-4d9c-ba8d-4bb0100759c0,,2072,QUORUM,QUORUM,cassandra-2,True,False,4.498,2026-09-16T06:28:52.915106+00:00,
0b32a7fd-51a0-4d9c-ba8d-4bb0100759c0,monotonic_reads,network_partition,writer-1,write,mr-0b32a7fd-51a0-4d9c-ba8d-4bb0100759c0,2073,,,QUORUM,cassandra-1,True,False,5.054,2026-09-16T06:28:52.928583+00:00,
0b32a7fd-51a0-4d9c-ba8d-4bb0100759c0,monotonic_reads,network_partition,reader-1,read,mr-0b32a7fd-51a0-4d9c-ba8d-4bb0100759c0,,2073,QUORUM,QUORUM,cassandra-3,True,False,4.733,2026-09-16T06:28:52.932276+00:00,
0b32a7fd-51a0-4d9c-ba8d-4bb0100759c0,monotonic_reads,network_partition,reader-1,read,mr-0b32a7fd-51a0-4d9c-ba8d-4bb0100759c0,,2073,QUORUM,QUORUM,cassandra-1,True,False,5.55,2026-09-16T06:28:52.949105+00:00,
0b32a7fd-51a0-4d9c-ba8d-4bb0100759c0,monotonic_reads,network_partition,writer-1,write,mr-0b32a7fd-51a0-4d9c-ba8d-4bb0100759c0,2074,,,QUORUM,cassandra-1,True,False,4.272,2026-09-16T06:28:52.955409+00:00,
0b32a7fd-51a0-4d9c-ba8d-4bb0100759c0,monotonic_reads,network_partition,reader-1,read,mr-0b32a7fd-51a0-4d9c-ba8d-4bb0100759c0,,2074,QUORUM,QUORUM,cassandra-2,True,False,4.459,2026-09-16T06:28:52.966056+00:00,
0b32a7fd-51a0-4d9c-ba8d-4bb0100759c0,monotonic_reads,network_partition,reader-1,read,mr-0b32a7fd-51a0-4d9c-ba8d-4bb0100759c0,,2074,QUORUM,QUORUM,cassandra-3,True,False,4.8,2026-09-16T06:28:52.981879+00:00,
0b32a7fd-51a0-4d9c-ba8d-4bb0100759c0,monotonic_reads,network_partition,writer-1,write,mr-0b32a7fd-51a0-4d9c-ba8d-4bb0100759c0,2075,,,QUORUM,cassandra-1,True,False,2.595,2026-09-16T06:28:52.982222+00:00,
0b32a7fd-51a0-4d9c-ba8d-4bb0100759c0,monotonic_reads,network_partition,reader-1,read,mr-0b32a7fd-51a0-4d9c-ba8d-4bb0100759c0,,2075,QUORUM,QUORUM,cassandra-1,True,False,4.671,2026-09-16T06:28:52.997527+00:00,
0b32a7fd-51a0-4d9c-ba8d-4bb0100759c0,monotonic_reads,network_partition,writer-1,write,mr-0b32a7fd-51a0-4d9c-ba8d-4bb0100759c0,2076,,,QUORUM,cassandra-1,True,False,5.263,2026-09-16T06:28:53.007805+00:00,
0b32a7fd-51a0-4d9c-ba8d-4bb0100759c0,monotonic_reads,network_partition,reader-1,read,mr-0b32a7fd-51a0-4d9c-ba8d-4bb0100759c0,,2076,QUORUM,QUORUM,cassandra-2,True,False,4.778,2026-09-16T06:28:53.014215+00:00,
0b32a7fd-51a0-4d9c-ba8d-4bb0100759c0,monotonic_reads,network_partition,reader-1,read,mr-0b32a7fd-51a0-4d9c-ba8d-4bb0100759c0,,2076,QUORUM,QUORUM,cassandra-3,True,False,5.327,2026-09-16T06:28:53.031350+00:00,
0b32a7fd-51a0-4d9c-ba8d-4bb0100759c0,monotonic_reads,network_partition,writer-1,write,mr-0b32a7fd-51a0-4d9c-ba8d-4bb0100759c0,2077,,,QUORUM,cassandra-1,True,False,5.481,2026-09-16T06:28:53.033596+00:00,
0b32a7fd-51a0-4d9c-ba8d-4bb0100759c0,monotonic_reads,network_partition,reader-1,read,mr-0b32a7fd-51a0-4d9c-ba8d-4bb0100759c0,,2077,QUORUM,QUORUM,cassandra-1,True,False,6.194,2026-09-16T06:28:53.048810+00:00,
0b32a7fd-51a0-4d9c-ba8d-4bb0100759c0,monotonic_reads,network_partition,writer-1,write,mr-0b32a7fd-51a0-4d9c-ba8d-4bb0100759c0,2078,,,QUORUM,cassandra-1,True,False,8.592,2026-09-16T06:28:53.067354+00:00,
0b32a7fd-51a0-4d9c-ba8d-4bb0100759c0,monotonic_reads,network_partition,reader-1,read,mr-0b32a7fd-51a0-4d9c-ba8d-4bb0100759c0,,2078,QUORUM,QUORUM,cassandra-2,True,False,8.688,2026-09-16T06:28:53.071106+00:00,
0b32a7fd-51a0-4d9c-ba8d-4bb0100759c0,monotonic_reads,network_partition,reader-1,read,mr-0b32a7fd-51a0-4d9c-ba8d-4bb0100759c0,,2078,QUORUM,QUORUM,cassandra-3,True,False,4.125,2026-09-16T06:28:53.086949+00:00,
0b32a7fd-51a0-4d9c-ba8d-4bb0100759c0,monotonic_reads,network_partition,writer-1,write,mr-0b32a7fd-51a0-4d9c-ba8d-4bb0100759c0,2079,,,QUORUM,cassandra-1,True,False,4.526,2026-09-16T06:28:53.096592+00:00,
0b32a7fd-51a0-4d9c-ba8d-4bb0100759c0,monotonic_reads,network_partition,reader-1,read,mr-0b32a7fd-51a0-4d9c-ba8d-4bb0100759c0,,2079,QUORUM,QUORUM,cassandra-1,True,False,4.813,2026-09-16T06:28:53.102436+00:00,
0b32a7fd-51a0-4d9c-ba8d-4bb0100759c0,monotonic_reads,network_partition,reader-1,read,mr-0b32a7fd-51a0-4d9c-ba8d-4bb0100759c0,,2079,QUORUM,QUORUM,cassandra-2,True,False,7.843,2026-09-16T06:28:53.121161+00:00,
0b32a7fd-51a0-4d9c-ba8d-4bb0100759c0,monotonic_reads,network_partition,writer-1,write,mr-0b32a7fd-51a0-4d9c-ba8d-4bb0100759c0,2080,,,QUORUM,cassandra-1,True,False,4.92,2026-09-16T06:28:53.123211+00:00,
0b32a7fd-51a0-4d9c-ba8d-4bb0100759c0,monotonic_reads,network_partition,reader-1,read,mr-0b32a7fd-51a0-4d9c-ba8d-4bb0100759c0,,2080,QUORUM,QUORUM,cassandra-3,True,False,3.952,2026-09-16T06:28:53.137558+00:00,
0b32a7fd-51a0-4d9c-ba8d-4bb0100759c0,monotonic_reads,network_partition,writer-1,write,mr-0b32a7fd-51a0-4d9c-ba8d-4bb0100759c0,2081,,,QUORUM,cassandra-1,True,False,4.983,2026-09-16T06:28:53.149591+00:00,
0b32a7fd-51a0-4d9c-ba8d-4bb0100759c0,monotonic_reads,network_partition,reader-1,read,mr-0b32a7fd-51a0-4d9c-ba8d-4bb0100759c0,,2081,QUORUM,QUORUM,cassandra-1,True,False,5.052,2026-09-16T06:28:53.155122+00:00,
0b32a7fd-51a0-4d9c-ba8d-4bb0100759c0,monotonic_reads,network_partition,reader-1,read,mr-0b32a7fd-51a0-4d9c-ba8d-4bb0100759c0,,2081,QUORUM,QUORUM,cassandra-2,True,False,4.98,2026-09-16T06:28:53.172149+00:00,
0b32a7fd-51a0-4d9c-ba8d-4bb0100759c0,monotonic_reads,network_partition,writer-1,write,mr-0b32a7fd-51a0-4d9c-ba8d-4bb0100759c0,2082,,,QUORUM,cassandra-1,True,False,4.371,2026-09-16T06:28:53.177486+00:00,
0b32a7fd-51a0-4d9c-ba8d-4bb0100759c0,monotonic_reads,network_partition,reader-1,read,mr-0b32a7fd-51a0-4d9c-ba8d-4bb0100759c0,,2082,QUORUM,QUORUM,cassandra-3,True,False,5.536,2026-09-16T06:28:53.190153+00:00,
0b32a7fd-51a0-4d9c-ba8d-4bb0100759c0,monotonic_reads,network_partition,writer-1,write,mr-0b32a7fd-51a0-4d9c-ba8d-4bb0100759c0,2083,,,QUORUM,cassandra-1,True,False,5.097,2026-09-16T06:28:53.205710+00:00,
0b32a7fd-51a0-4d9c-ba8d-4bb0100759c0,monotonic_reads,network_partition,reader-1,read,mr-0b32a7fd-51a0-4d9c-ba8d-4bb0100759c0,,2082,QUORUM,QUORUM,cassandra-1,True,False,5.498,2026-09-16T06:28:53.206616+00:00,
0b32a7fd-51a0-4d9c-ba8d-4bb0100759c0,monotonic_reads,network_partition,reader-1,read,mr-0b32a7fd-51a0-4d9c-ba8d-4bb0100759c0,,2083,QUORUM,QUORUM,cassandra-2,True,False,6.775,2026-09-16T06:28:53.224425+00:00,
0b32a7fd-51a0-4d9c-ba8d-4bb0100759c0,monotonic_reads,network_partition,writer-1,write,mr-0b32a7fd-51a0-4d9c-ba8d-4bb0100759c0,2084,,,QUORUM,cassandra-1,True,False,5.309,2026-09-16T06:28:53.233827+00:00,
0b32a7fd-51a0-4d9c-ba8d-4bb0100759c0,monotonic_reads,network_partition,reader-1,read,mr-0b32a7fd-51a0-4d9c-ba8d-4bb0100759c0,,2084,QUORUM,QUORUM,cassandra-3,True,False,7.324,2026-09-16T06:28:53.242907+00:00,
0b32a7fd-51a0-4d9c-ba8d-4bb0100759c0,monotonic_reads,network_partition,reader-1,read,mr-0b32a7fd-51a0-4d9c-ba8d-4bb0100759c0,,2084,QUORUM,QUORUM,cassandra-1,True,False,5.519,2026-09-16T06:28:53.259141+00:00,
0b32a7fd-51a0-4d9c-ba8d-4bb0100759c0,monotonic_reads,network_partition,writer-1,write,mr-0b32a7fd-51a0-4d9c-ba8d-4bb0100759c0,2085,,,QUORUM,cassandra-1,True,False,4.486,2026-09-16T06:28:53.261463+00:00,
0b32a7fd-51a0-4d9c-ba8d-4bb0100759c0,monotonic_reads,network_partition,reader-1,read,mr-0b32a7fd-51a0-4d9c-ba8d-4bb0100759c0,,2085,QUORUM,QUORUM,cassandra-2,True,False,7.091,2026-09-16T06:28:53.276647+00:00,
0b32a7fd-51a0-4d9c-ba8d-4bb0100759c0,monotonic_reads,network_partition,writer-1,write,mr-0b32a7fd-51a0-4d9c-ba8d-4bb0100759c0,2086,,,QUORUM,cassandra-1,True,False,4.677,2026-09-16T06:28:53.289785+00:00,
0b32a7fd-51a0-4d9c-ba8d-4bb0100759c0,monotonic_reads,network_partition,reader-1,read,mr-0b32a7fd-51a0-4d9c-ba8d-4bb0100759c0,,2086,QUORUM,QUORUM,cassandra-3,True,False,5.257,2026-09-16T06:28:53.293908+00:00,
0b32a7fd-51a0-4d9c-ba8d-4bb0100759c0,monotonic_reads,network_partition,reader-1,read,mr-0b32a7fd-51a0-4d9c-ba8d-4bb0100759c0,,2086,QUORUM,QUORUM,cassandra-1,True,False,9.307,2026-09-16T06:28:53.315117+00:00,
0b32a7fd-51a0-4d9c-ba8d-4bb0100759c0,monotonic_reads,network_partition,writer-1,write,mr-0b32a7fd-51a0-4d9c-ba8d-4bb0100759c0,2087,,,QUORUM,cassandra-1,True,False,4.229,2026-09-16T06:28:53.316216+00:00,
0b32a7fd-51a0-4d9c-ba8d-4bb0100759c0,monotonic_reads,network_partition,reader-1,read,mr-0b32a7fd-51a0-4d9c-ba8d-4bb0100759c0,,2087,QUORUM,QUORUM,cassandra-2,True,False,5.933,2026-09-16T06:28:53.332551+00:00,
0b32a7fd-51a0-4d9c-ba8d-4bb0100759c0,monotonic_reads,network_partition,writer-1,write,mr-0b32a7fd-51a0-4d9c-ba8d-4bb0100759c0,2088,,,QUORUM,cassandra-1,True,False,5.221,2026-09-16T06:28:53.342663+00:00,
0b32a7fd-51a0-4d9c-ba8d-4bb0100759c0,monotonic_reads,network_partition,reader-1,read,mr-0b32a7fd-51a0-4d9c-ba8d-4bb0100759c0,,2088,QUORUM,QUORUM,cassandra-3,True,False,5.786,2026-09-16T06:28:53.349397+00:00,
0b32a7fd-51a0-4d9c-ba8d-4bb0100759c0,monotonic_reads,network_partition,reader-1,read,mr-0b32a7fd-51a0-4d9c-ba8d-4bb0100759c0,,2088,QUORUM,QUORUM,cassandra-1,True,False,6.749,2026-09-16T06:28:53.366349+00:00,
0b32a7fd-51a0-4d9c-ba8d-4bb0100759c0,monotonic_reads,network_partition,writer-1,write,mr-0b32a7fd-51a0-4d9c-ba8d-4bb0100759c0,2089,,,QUORUM,cassandra-1,True,False,3.973,2026-09-16T06:28:53.368442+00:00,
0b32a7fd-51a0-4d9c-ba8d-4bb0100759c0,monotonic_reads,network_partition,reader-1,read,mr-0b32a7fd-51a0-4d9c-ba8d-4bb0100759c0,,2089,QUORUM,QUORUM,cassandra-2,True,False,6.253,2026-09-16T06:28:53.382856+00:00,
0b32a7fd-51a0-4d9c-ba8d-4bb0100759c0,monotonic_reads,network_partition,writer-1,write,mr-0b32a7fd-51a0-4d9c-ba8d-4bb0100759c0,2090,,,QUORUM,cassandra-1,True,False,5.524,2026-09-16T06:28:53.395373+00:00,
0b32a7fd-51a0-4d9c-ba8d-4bb0100759c0,monotonic_reads,network_partition,reader-1,read,mr-0b32a7fd-51a0-4d9c-ba8d-4bb0100759c0,,2090,QUORUM,QUORUM,cassandra-3,True,False,5.82,2026-09-16T06:28:53.400729+00:00,
0b32a7fd-51a0-4d9c-ba8d-4bb0100759c0,monotonic_reads,network_partition,reader-1,read,mr-0b32a7fd-51a0-4d9c-ba8d-4bb0100759c0,,2090,QUORUM,QUORUM,cassandra-1,True,False,6.284,2026-09-16T06:28:53.419737+00:00,
0b32a7fd-51a0-4d9c-ba8d-4bb0100759c0,monotonic_reads,network_partition,writer-1,write,mr-0b32a7fd-51a0-4d9c-ba8d-4bb0100759c0,2091,,,QUORUM,cassandra-1,True,False,5.171,2026-09-16T06:28:53.422231+00:00,
0b32a7fd-51a0-4d9c-ba8d-4bb0100759c0,monotonic_reads,network_partition,reader-1,read,mr-0b32a7fd-51a0-4d9c-ba8d-4bb0100759c0,,2091,QUORUM,QUORUM,cassandra-2,True,False,3.589,2026-09-16T06:28:53.435703+00:00,
0b32a7fd-51a0-4d9c-ba8d-4bb0100759c0,monotonic_reads,network_partition,writer-1,write,mr-0b32a7fd-51a0-4d9c-ba8d-4bb0100759c0,2092,,,QUORUM,cassandra-1,True,False,5.125,2026-09-16T06:28:53.451740+00:00,
0b32a7fd-51a0-4d9c-ba8d-4bb0100759c0,monotonic_reads,network_partition,reader-1,read,mr-0b32a7fd-51a0-4d9c-ba8d-4bb0100759c0,,2091,QUORUM,QUORUM,cassandra-3,True,False,5.645,2026-09-16T06:28:53.452900+00:00,
0b32a7fd-51a0-4d9c-ba8d-4bb0100759c0,monotonic_reads,network_partition,reader-1,read,mr-0b32a7fd-51a0-4d9c-ba8d-4bb0100759c0,,2092,QUORUM,QUORUM,cassandra-1,True,False,4.446,2026-09-16T06:28:53.469526+00:00,
0b32a7fd-51a0-4d9c-ba8d-4bb0100759c0,monotonic_reads,network_partition,writer-1,write,mr-0b32a7fd-51a0-4d9c-ba8d-4bb0100759c0,2093,,,QUORUM,cassandra-1,True,False,4.989,2026-09-16T06:28:53.479588+00:00,
0b32a7fd-51a0-4d9c-ba8d-4bb0100759c0,monotonic_reads,network_partition,reader-1,read,mr-0b32a7fd-51a0-4d9c-ba8d-4bb0100759c0,,2093,QUORUM,QUORUM,cassandra-2,True,False,4.048,2026-09-16T06:28:53.485634+00:00,
0b32a7fd-51a0-4d9c-ba8d-4bb0100759c0,monotonic_reads,network_partition,reader-1,read,mr-0b32a7fd-51a0-4d9c-ba8d-4bb0100759c0,,2093,QUORUM,QUORUM,cassandra-3,True,False,5.127,2026-09-16T06:28:53.503360+00:00,
0b32a7fd-51a0-4d9c-ba8d-4bb0100759c0,monotonic_reads,network_partition,writer-1,write,mr-0b32a7fd-51a0-4d9c-ba8d-4bb0100759c0,2094,,,QUORUM,cassandra-1,True,False,3.77,2026-09-16T06:28:53.508492+00:00,
0b32a7fd-51a0-4d9c-ba8d-4bb0100759c0,monotonic_reads,network_partition,reader-1,read,mr-0b32a7fd-51a0-4d9c-ba8d-4bb0100759c0,,2094,QUORUM,QUORUM,cassandra-1,True,False,4.382,2026-09-16T06:28:53.518001+00:00,
0b32a7fd-51a0-4d9c-ba8d-4bb0100759c0,monotonic_reads,network_partition,reader-1,read,mr-0b32a7fd-51a0-4d9c-ba8d-4bb0100759c0,,2094,QUORUM,QUORUM,cassandra-2,True,False,5.435,2026-09-16T06:28:53.535066+00:00,
0b32a7fd-51a0-4d9c-ba8d-4bb0100759c0,monotonic_reads,network_partition,writer-1,write,mr-0b32a7fd-51a0-4d9c-ba8d-4bb0100759c0,2095,,,QUORUM,cassandra-1,True,False,4.475,2026-09-16T06:28:53.535559+00:00,
0b32a7fd-51a0-4d9c-ba8d-4bb0100759c0,monotonic_reads,network_partition,reader-1,read,mr-0b32a7fd-51a0-4d9c-ba8d-4bb0100759c0,,2095,QUORUM,QUORUM,cassandra-3,True,False,5.01,2026-09-16T06:28:53.551619+00:00,
0b32a7fd-51a0-4d9c-ba8d-4bb0100759c0,monotonic_reads,network_partition,writer-1,write,mr-0b32a7fd-51a0-4d9c-ba8d-4bb0100759c0,2096,,,QUORUM,cassandra-1,True,False,6.252,2026-09-16T06:28:53.563844+00:00,
0b32a7fd-51a0-4d9c-ba8d-4bb0100759c0,monotonic_reads,network_partition,reader-1,read,mr-0b32a7fd-51a0-4d9c-ba8d-4bb0100759c0,,2096,QUORUM,QUORUM,cassandra-1,True,False,4.998,2026-09-16T06:28:53.568941+00:00,
0b32a7fd-51a0-4d9c-ba8d-4bb0100759c0,monotonic_reads,network_partition,reader-1,read,mr-0b32a7fd-51a0-4d9c-ba8d-4bb0100759c0,,2096,QUORUM,QUORUM,cassandra-2,True,False,5.17,2026-09-16T06:28:53.586352+00:00,
0b32a7fd-51a0-4d9c-ba8d-4bb0100759c0,monotonic_reads,network_partition,writer-1,write,mr-0b32a7fd-51a0-4d9c-ba8d-4bb0100759c0,2097,,,QUORUM,cassandra-1,True,False,2.526,2026-09-16T06:28:53.589131+00:00,
0b32a7fd-51a0-4d9c-ba8d-4bb0100759c0,monotonic_reads,network_partition,reader-1,read,mr-0b32a7fd-51a0-4d9c-ba8d-4bb0100759c0,,2097,QUORUM,QUORUM,cassandra-3,True,False,5.028,2026-09-16T06:28:53.603641+00:00,
0b32a7fd-51a0-4d9c-ba8d-4bb0100759c0,monotonic_reads,network_partition,writer-1,write,mr-0b32a7fd-51a0-4d9c-ba8d-4bb0100759c0,2098,,,QUORUM,cassandra-1,True,False,4.962,2026-09-16T06:28:53.616452+00:00,
0b32a7fd-51a0-4d9c-ba8d-4bb0100759c0,monotonic_reads,network_partition,reader-1,read,mr-0b32a7fd-51a0-4d9c-ba8d-4bb0100759c0,,2098,QUORUM,QUORUM,cassandra-1,True,False,4.364,2026-09-16T06:28:53.619779+00:00,
0b32a7fd-51a0-4d9c-ba8d-4bb0100759c0,monotonic_reads,network_partition,reader-1,read,mr-0b32a7fd-51a0-4d9c-ba8d-4bb0100759c0,,2098,QUORUM,QUORUM,cassandra-2,True,False,10.804,2026-09-16T06:28:53.643004+00:00,
0b32a7fd-51a0-4d9c-ba8d-4bb0100759c0,monotonic_reads,network_partition,writer-1,write,mr-0b32a7fd-51a0-4d9c-ba8d-4bb0100759c0,2099,,,QUORUM,cassandra-1,True,False,6.877,2026-09-16T06:28:53.646563+00:00,
0b32a7fd-51a0-4d9c-ba8d-4bb0100759c0,monotonic_reads,network_partition,reader-1,read,mr-0b32a7fd-51a0-4d9c-ba8d-4bb0100759c0,,2099,QUORUM,QUORUM,cassandra-3,True,False,4.237,2026-09-16T06:28:53.659826+00:00,
0b32a7fd-51a0-4d9c-ba8d-4bb0100759c0,monotonic_reads,network_partition,writer-1,write,mr-0b32a7fd-51a0-4d9c-ba8d-4bb0100759c0,2100,,,QUORUM,cassandra-1,True,False,5.608,2026-09-16T06:28:53.676830+00:00,
0b32a7fd-51a0-4d9c-ba8d-4bb0100759c0,monotonic_reads,network_partition,reader-1,read,mr-0b32a7fd-51a0-4d9c-ba8d-4bb0100759c0,,2099,QUORUM,QUORUM,cassandra-1,True,False,7.107,2026-09-16T06:28:53.677732+00:00,
0b32a7fd-51a0-4d9c-ba8d-4bb0100759c0,monotonic_reads,network_partition,reader-1,read,mr-0b32a7fd-51a0-4d9c-ba8d-4bb0100759c0,,2100,QUORUM,QUORUM,cassandra-2,True,False,5.444,2026-09-16T06:28:53.695058+00:00,
0b32a7fd-51a0-4d9c-ba8d-4bb0100759c0,monotonic_reads,network_partition,writer-1,write,mr-0b32a7fd-51a0-4d9c-ba8d-4bb0100759c0,2101,,,QUORUM,cassandra-1,True,False,4.192,2026-09-16T06:28:53.705684+00:00,
0b32a7fd-51a0-4d9c-ba8d-4bb0100759c0,monotonic_reads,network_partition,reader-1,read,mr-0b32a7fd-51a0-4d9c-ba8d-4bb0100759c0,,2101,QUORUM,QUORUM,cassandra-3,True,False,5.299,2026-09-16T06:28:53.712827+00:00,
0b32a7fd-51a0-4d9c-ba8d-4bb0100759c0,monotonic_reads,network_partition,writer-1,write,mr-0b32a7fd-51a0-4d9c-ba8d-4bb0100759c0,2102,,,QUORUM,cassandra-1,True,False,7.771,2026-09-16T06:28:53.734608+00:00,
0b32a7fd-51a0-4d9c-ba8d-4bb0100759c0,monotonic_reads,network_partition,reader-1,read,mr-0b32a7fd-51a0-4d9c-ba8d-4bb0100759c0,,2101,QUORUM,QUORUM,cassandra-1,True,False,9.838,2026-09-16T06:28:53.735253+00:00,
0b32a7fd-51a0-4d9c-ba8d-4bb0100759c0,monotonic_reads,network_partition,reader-1,read,mr-0b32a7fd-51a0-4d9c-ba8d-4bb0100759c0,,2102,QUORUM,QUORUM,cassandra-2,True,False,5.488,2026-09-16T06:28:53.751503+00:00,
0b32a7fd-51a0-4d9c-ba8d-4bb0100759c0,monotonic_reads,network_partition,writer-1,write,mr-0b32a7fd-51a0-4d9c-ba8d-4bb0100759c0,2103,,,QUORUM,cassandra-1,True,False,4.665,2026-09-16T06:28:53.764462+00:00,
0b32a7fd-51a0-4d9c-ba8d-4bb0100759c0,monotonic_reads,network_partition,reader-1,read,mr-0b32a7fd-51a0-4d9c-ba8d-4bb0100759c0,,2103,QUORUM,QUORUM,cassandra-3,True,False,5.103,2026-09-16T06:28:53.766880+00:00,
0b32a7fd-51a0-4d9c-ba8d-4bb0100759c0,monotonic_reads,network_partition,reader-1,read,mr-0b32a7fd-51a0-4d9c-ba8d-4bb0100759c0,,2103,QUORUM,QUORUM,cassandra-1,True,False,11.935,2026-09-16T06:28:53.791399+00:00,
0b32a7fd-51a0-4d9c-ba8d-4bb0100759c0,monotonic_reads,network_partition,writer-1,write,mr-0b32a7fd-51a0-4d9c-ba8d-4bb0100759c0,2104,,,QUORUM,cassandra-1,True,False,3.285,2026-09-16T06:28:53.792993+00:00,
0b32a7fd-51a0-4d9c-ba8d-4bb0100759c0,monotonic_reads,network_partition,reader-1,read,mr-0b32a7fd-51a0-4d9c-ba8d-4bb0100759c0,,2104,QUORUM,QUORUM,cassandra-2,True,False,5.213,2026-09-16T06:28:53.806798+00:00,
0b32a7fd-51a0-4d9c-ba8d-4bb0100759c0,monotonic_reads,network_partition,writer-1,write,mr-0b32a7fd-51a0-4d9c-ba8d-4bb0100759c0,2105,,,QUORUM,cassandra-1,True,False,1.994,2026-09-16T06:28:53.816842+00:00,
0b32a7fd-51a0-4d9c-ba8d-4bb0100759c0,monotonic_reads,network_partition,reader-1,read,mr-0b32a7fd-51a0-4d9c-ba8d-4bb0100759c0,,2105,QUORUM,QUORUM,cassandra-3,True,False,3.383,2026-09-16T06:28:53.822180+00:00,
0b32a7fd-51a0-4d9c-ba8d-4bb0100759c0,monotonic_reads,network_partition,reader-1,read,mr-0b32a7fd-51a0-4d9c-ba8d-4bb0100759c0,,2105,QUORUM,QUORUM,cassandra-1,True,False,5.506,2026-09-16T06:28:53.838091+00:00,
0b32a7fd-51a0-4d9c-ba8d-4bb0100759c0,monotonic_reads,network_partition,writer-1,write,mr-0b32a7fd-51a0-4d9c-ba8d-4bb0100759c0,2106,,,QUORUM,cassandra-1,True,False,4.22,2026-09-16T06:28:53.842437+00:00,
0b32a7fd-51a0-4d9c-ba8d-4bb0100759c0,monotonic_reads,network_partition,reader-1,read,mr-0b32a7fd-51a0-4d9c-ba8d-4bb0100759c0,,2106,QUORUM,QUORUM,cassandra-2,True,False,5.048,2026-09-16T06:28:53.853671+00:00,
0b32a7fd-51a0-4d9c-ba8d-4bb0100759c0,monotonic_reads,network_partition,reader-1,read,mr-0b32a7fd-51a0-4d9c-ba8d-4bb0100759c0,,2106,QUORUM,QUORUM,cassandra-3,True,False,4.384,2026-09-16T06:28:53.869992+00:00,
0b32a7fd-51a0-4d9c-ba8d-4bb0100759c0,monotonic_reads,network_partition,writer-1,write,mr-0b32a7fd-51a0-4d9c-ba8d-4bb0100759c0,2107,,,QUORUM,cassandra-1,True,False,3.198,2026-09-16T06:28:53.870278+00:00,
0b32a7fd-51a0-4d9c-ba8d-4bb0100759c0,monotonic_reads,network_partition,reader-1,read,mr-0b32a7fd-51a0-4d9c-ba8d-4bb0100759c0,,2107,QUORUM,QUORUM,cassandra-1,True,False,8.007,2026-09-16T06:28:53.890794+00:00,
0b32a7fd-51a0-4d9c-ba8d-4bb0100759c0,monotonic_reads,network_partition,writer-1,write,mr-0b32a7fd-51a0-4d9c-ba8d-4bb0100759c0,2108,,,QUORUM,cassandra-1,True,False,4.128,2026-09-16T06:28:53.895731+00:00,
0b32a7fd-51a0-4d9c-ba8d-4bb0100759c0,monotonic_reads,network_partition,reader-1,read,mr-0b32a7fd-51a0-4d9c-ba8d-4bb0100759c0,,2108,QUORUM,QUORUM,cassandra-2,True,False,5.555,2026-09-16T06:28:53.907158+00:00,
0b32a7fd-51a0-4d9c-ba8d-4bb0100759c0,monotonic_reads,network_partition,writer-1,write,mr-0b32a7fd-51a0-4d9c-ba8d-4bb0100759c0,2109,,,QUORUM,cassandra-1,True,False,5.028,2026-09-16T06:28:53.923532+00:00,
0b32a7fd-51a0-4d9c-ba8d-4bb0100759c0,monotonic_reads,network_partition,reader-1,read,mr-0b32a7fd-51a0-4d9c-ba8d-4bb0100759c0,,2108,QUORUM,QUORUM,cassandra-3,True,False,5.039,2026-09-16T06:28:53.924456+00:00,
0b32a7fd-51a0-4d9c-ba8d-4bb0100759c0,monotonic_reads,network_partition,reader-1,read,mr-0b32a7fd-51a0-4d9c-ba8d-4bb0100759c0,,2109,QUORUM,QUORUM,cassandra-1,True,False,12.517,2026-09-16T06:28:53.948118+00:00,
0b32a7fd-51a0-4d9c-ba8d-4bb0100759c0,monotonic_reads,network_partition,writer-1,write,mr-0b32a7fd-51a0-4d9c-ba8d-4bb0100759c0,2110,,,QUORUM,cassandra-1,True,False,3.546,2026-09-16T06:28:53.953080+00:00,
0b32a7fd-51a0-4d9c-ba8d-4bb0100759c0,monotonic_reads,network_partition,reader-1,read,mr-0b32a7fd-51a0-4d9c-ba8d-4bb0100759c0,,2110,QUORUM,QUORUM,cassandra-2,True,False,4.31,2026-09-16T06:28:53.963616+00:00,
0b32a7fd-51a0-4d9c-ba8d-4bb0100759c0,monotonic_reads,network_partition,reader-1,read,mr-0b32a7fd-51a0-4d9c-ba8d-4bb0100759c0,,2110,QUORUM,QUORUM,cassandra-3,True,False,5.921,2026-09-16T06:28:53.981036+00:00,
0b32a7fd-51a0-4d9c-ba8d-4bb0100759c0,monotonic_reads,network_partition,writer-1,write,mr-0b32a7fd-51a0-4d9c-ba8d-4bb0100759c0,2111,,,QUORUM,cassandra-1,True,False,4.049,2026-09-16T06:28:53.981372+00:00,
0b32a7fd-51a0-4d9c-ba8d-4bb0100759c0,monotonic_reads,network_partition,reader-1,read,mr-0b32a7fd-51a0-4d9c-ba8d-4bb0100759c0,,2111,QUORUM,QUORUM,cassandra-1,True,False,4.729,2026-09-16T06:28:53.997388+00:00,
0b32a7fd-51a0-4d9c-ba8d-4bb0100759c0,monotonic_reads,network_partition,writer-1,write,mr-0b32a7fd-51a0-4d9c-ba8d-4bb0100759c0,2112,,,QUORUM,cassandra-1,True,False,6.066,2026-09-16T06:28:54.007738+00:00,
0b32a7fd-51a0-4d9c-ba8d-4bb0100759c0,monotonic_reads,network_partition,reader-1,read,mr-0b32a7fd-51a0-4d9c-ba8d-4bb0100759c0,,2112,QUORUM,QUORUM,cassandra-2,True,False,4.414,2026-09-16T06:28:54.013023+00:00,
0b32a7fd-51a0-4d9c-ba8d-4bb0100759c0,monotonic_reads,network_partition,reader-1,read,mr-0b32a7fd-51a0-4d9c-ba8d-4bb0100759c0,,2112,QUORUM,QUORUM,cassandra-3,True,False,5.899,2026-09-16T06:28:54.031613+00:00,
0b32a7fd-51a0-4d9c-ba8d-4bb0100759c0,monotonic_reads,network_partition,writer-1,write,mr-0b32a7fd-51a0-4d9c-ba8d-4bb0100759c0,2113,,,QUORUM,cassandra-1,True,False,5.047,2026-09-16T06:28:54.036793+00:00,
0b32a7fd-51a0-4d9c-ba8d-4bb0100759c0,monotonic_reads,network_partition,reader-1,read,mr-0b32a7fd-51a0-4d9c-ba8d-4bb0100759c0,,2113,QUORUM,QUORUM,cassandra-1,True,False,4.828,2026-09-16T06:28:54.048453+00:00,
0b32a7fd-51a0-4d9c-ba8d-4bb0100759c0,monotonic_reads,network_partition,writer-1,write,mr-0b32a7fd-51a0-4d9c-ba8d-4bb0100759c0,2114,,,QUORUM,cassandra-1,True,False,8.492,2026-09-16T06:28:54.067877+00:00,
0b32a7fd-51a0-4d9c-ba8d-4bb0100759c0,monotonic_reads,network_partition,reader-1,read,mr-0b32a7fd-51a0-4d9c-ba8d-4bb0100759c0,,2114,QUORUM,QUORUM,cassandra-2,True,False,9.687,2026-09-16T06:28:54.070922+00:00,
0b32a7fd-51a0-4d9c-ba8d-4bb0100759c0,monotonic_reads,network_partition,reader-1,read,mr-0b32a7fd-51a0-4d9c-ba8d-4bb0100759c0,,2114,QUORUM,QUORUM,cassandra-3,True,False,4.781,2026-09-16T06:28:54.085911+00:00,
0b32a7fd-51a0-4d9c-ba8d-4bb0100759c0,monotonic_reads,network_partition,writer-1,write,mr-0b32a7fd-51a0-4d9c-ba8d-4bb0100759c0,2115,,,QUORUM,cassandra-1,True,False,6.293,2026-09-16T06:28:54.094913+00:00,
0b32a7fd-51a0-4d9c-ba8d-4bb0100759c0,monotonic_reads,network_partition,reader-1,read,mr-0b32a7fd-51a0-4d9c-ba8d-4bb0100759c0,,2115,QUORUM,QUORUM,cassandra-1,True,False,6.031,2026-09-16T06:28:54.103632+00:00,
0b32a7fd-51a0-4d9c-ba8d-4bb0100759c0,monotonic_reads,network_partition,reader-1,read,mr-0b32a7fd-51a0-4d9c-ba8d-4bb0100759c0,,2115,QUORUM,QUORUM,cassandra-2,True,False,4.145,2026-09-16T06:28:54.120255+00:00,
0b32a7fd-51a0-4d9c-ba8d-4bb0100759c0,monotonic_reads,network_partition,writer-1,write,mr-0b32a7fd-51a0-4d9c-ba8d-4bb0100759c0,2116,,,QUORUM,cassandra-1,True,False,2.643,2026-09-16T06:28:54.120781+00:00,
0b32a7fd-51a0-4d9c-ba8d-4bb0100759c0,monotonic_reads,network_partition,reader-1,read,mr-0b32a7fd-51a0-4d9c-ba8d-4bb0100759c0,,2116,QUORUM,QUORUM,cassandra-3,True,False,2.699,2026-09-16T06:28:54.134236+00:00,
0b32a7fd-51a0-4d9c-ba8d-4bb0100759c0,monotonic_reads,network_partition,writer-1,write,mr-0b32a7fd-51a0-4d9c-ba8d-4bb0100759c0,2117,,,QUORUM,cassandra-1,True,False,3.962,2026-09-16T06:28:54.146002+00:00,
0b32a7fd-51a0-4d9c-ba8d-4bb0100759c0,monotonic_reads,network_partition,reader-1,read,mr-0b32a7fd-51a0-4d9c-ba8d-4bb0100759c0,,2117,QUORUM,QUORUM,cassandra-1,True,False,3.63,2026-09-16T06:28:54.149101+00:00,
0b32a7fd-51a0-4d9c-ba8d-4bb0100759c0,monotonic_reads,network_partition,reader-1,read,mr-0b32a7fd-51a0-4d9c-ba8d-4bb0100759c0,,2117,QUORUM,QUORUM,cassandra-2,True,False,4.75,2026-09-16T06:28:54.164339+00:00,
0b32a7fd-51a0-4d9c-ba8d-4bb0100759c0,monotonic_reads,network_partition,writer-1,write,mr-0b32a7fd-51a0-4d9c-ba8d-4bb0100759c0,2118,,,QUORUM,cassandra-1,True,False,5.218,2026-09-16T06:28:54.174819+00:00,
0b32a7fd-51a0-4d9c-ba8d-4bb0100759c0,monotonic_reads,network_partition,reader-1,read,mr-0b32a7fd-51a0-4d9c-ba8d-4bb0100759c0,,2118,QUORUM,QUORUM,cassandra-3,True,False,4.63,2026-09-16T06:28:54.180050+00:00,
0b32a7fd-51a0-4d9c-ba8d-4bb0100759c0,monotonic_reads,network_partition,reader-1,read,mr-0b32a7fd-51a0-4d9c-ba8d-4bb0100759c0,,2118,QUORUM,QUORUM,cassandra-1,True,False,5.716,2026-09-16T06:28:54.198376+00:00,
0b32a7fd-51a0-4d9c-ba8d-4bb0100759c0,monotonic_reads,network_partition,writer-1,write,mr-0b32a7fd-51a0-4d9c-ba8d-4bb0100759c0,2119,,,QUORUM,cassandra-1,True,False,3.796,2026-09-16T06:28:54.203373+00:00,
0b32a7fd-51a0-4d9c-ba8d-4bb0100759c0,monotonic_reads,network_partition,reader-1,read,mr-0b32a7fd-51a0-4d9c-ba8d-4bb0100759c0,,2119,QUORUM,QUORUM,cassandra-2,True,False,4.386,2026-09-16T06:28:54.212978+00:00,
0b32a7fd-51a0-4d9c-ba8d-4bb0100759c0,monotonic_reads,network_partition,writer-1,write,mr-0b32a7fd-51a0-4d9c-ba8d-4bb0100759c0,2120,,,QUORUM,cassandra-1,True,False,6.229,2026-09-16T06:28:54.232616+00:00,
0b32a7fd-51a0-4d9c-ba8d-4bb0100759c0,monotonic_reads,network_partition,reader-1,read,mr-0b32a7fd-51a0-4d9c-ba8d-4bb0100759c0,,2119,QUORUM,QUORUM,cassandra-3,True,False,7.916,2026-09-16T06:28:54.233330+00:00,
0b32a7fd-51a0-4d9c-ba8d-4bb0100759c0,monotonic_reads,network_partition,reader-1,read,mr-0b32a7fd-51a0-4d9c-ba8d-4bb0100759c0,,2120,QUORUM,QUORUM,cassandra-1,True,False,4.636,2026-09-16T06:28:54.248236+00:00,
0b32a7fd-51a0-4d9c-ba8d-4bb0100759c0,monotonic_reads,network_partition,writer-1,write,mr-0b32a7fd-51a0-4d9c-ba8d-4bb0100759c0,2121,,,QUORUM,cassandra-1,True,False,4.674,2026-09-16T06:28:54.258535+00:00,
0b32a7fd-51a0-4d9c-ba8d-4bb0100759c0,monotonic_reads,network_partition,reader-1,read,mr-0b32a7fd-51a0-4d9c-ba8d-4bb0100759c0,,2121,QUORUM,QUORUM,cassandra-2,True,False,4.907,2026-09-16T06:28:54.264288+00:00,
0b32a7fd-51a0-4d9c-ba8d-4bb0100759c0,monotonic_reads,network_partition,reader-1,read,mr-0b32a7fd-51a0-4d9c-ba8d-4bb0100759c0,,2121,QUORUM,QUORUM,cassandra-3,True,False,5.755,2026-09-16T06:28:54.282794+00:00,
0b32a7fd-51a0-4d9c-ba8d-4bb0100759c0,monotonic_reads,network_partition,writer-1,write,mr-0b32a7fd-51a0-4d9c-ba8d-4bb0100759c0,2122,,,QUORUM,cassandra-1,True,False,3.629,2026-09-16T06:28:54.287342+00:00,
0b32a7fd-51a0-4d9c-ba8d-4bb0100759c0,monotonic_reads,network_partition,reader-1,read,mr-0b32a7fd-51a0-4d9c-ba8d-4bb0100759c0,,2122,QUORUM,QUORUM,cassandra-1,True,False,4.554,2026-09-16T06:28:54.299029+00:00,
0b32a7fd-51a0-4d9c-ba8d-4bb0100759c0,monotonic_reads,network_partition,reader-1,read,mr-0b32a7fd-51a0-4d9c-ba8d-4bb0100759c0,,2122,QUORUM,QUORUM,cassandra-2,True,False,5.316,2026-09-16T06:28:54.316513+00:00,
0b32a7fd-51a0-4d9c-ba8d-4bb0100759c0,monotonic_reads,network_partition,writer-1,write,mr-0b32a7fd-51a0-4d9c-ba8d-4bb0100759c0,2123,,,QUORUM,cassandra-1,True,False,5.006,2026-09-16T06:28:54.316811+00:00,
0b32a7fd-51a0-4d9c-ba8d-4bb0100759c0,monotonic_reads,network_partition,reader-1,read,mr-0b32a7fd-51a0-4d9c-ba8d-4bb0100759c0,,2123,QUORUM,QUORUM,cassandra-3,True,False,5.383,2026-09-16T06:28:54.334485+00:00,
0b32a7fd-51a0-4d9c-ba8d-4bb0100759c0,monotonic_reads,network_partition,writer-1,write,mr-0b32a7fd-51a0-4d9c-ba8d-4bb0100759c0,2124,,,QUORUM,cassandra-1,True,False,5.725,2026-09-16T06:28:54.343331+00:00,
0b32a7fd-51a0-4d9c-ba8d-4bb0100759c0,monotonic_reads,network_partition,reader-1,read,mr-0b32a7fd-51a0-4d9c-ba8d-4bb0100759c0,,2124,QUORUM,QUORUM,cassandra-1,True,False,4.588,2026-09-16T06:28:54.350191+00:00,
0b32a7fd-51a0-4d9c-ba8d-4bb0100759c0,monotonic_reads,network_partition,reader-1,read,mr-0b32a7fd-51a0-4d9c-ba8d-4bb0100759c0,,2124,QUORUM,QUORUM,cassandra-2,True,False,5.078,2026-09-16T06:28:54.367165+00:00,
0b32a7fd-51a0-4d9c-ba8d-4bb0100759c0,monotonic_reads,network_partition,writer-1,write,mr-0b32a7fd-51a0-4d9c-ba8d-4bb0100759c0,2125,,,QUORUM,cassandra-1,True,False,4.01,2026-09-16T06:28:54.371482+00:00,
0b32a7fd-51a0-4d9c-ba8d-4bb0100759c0,monotonic_reads,network_partition,reader-1,read,mr-0b32a7fd-51a0-4d9c-ba8d-4bb0100759c0,,2125,QUORUM,QUORUM,cassandra-3,True,False,4.424,2026-09-16T06:28:54.384259+00:00,
0b32a7fd-51a0-4d9c-ba8d-4bb0100759c0,monotonic_reads,network_partition,writer-1,write,mr-0b32a7fd-51a0-4d9c-ba8d-4bb0100759c0,2126,,,QUORUM,cassandra-1,True,False,6.952,2026-09-16T06:28:54.400061+00:00,
0b32a7fd-51a0-4d9c-ba8d-4bb0100759c0,monotonic_reads,network_partition,reader-1,read,mr-0b32a7fd-51a0-4d9c-ba8d-4bb0100759c0,,2125,QUORUM,QUORUM,cassandra-1,True,False,4.71,2026-09-16T06:28:54.400742+00:00,
0b32a7fd-51a0-4d9c-ba8d-4bb0100759c0,monotonic_reads,network_partition,reader-1,read,mr-0b32a7fd-51a0-4d9c-ba8d-4bb0100759c0,,2126,QUORUM,QUORUM,cassandra-2,True,False,6.123,2026-09-16T06:28:54.418735+00:00,
0b32a7fd-51a0-4d9c-ba8d-4bb0100759c0,monotonic_reads,network_partition,writer-1,write,mr-0b32a7fd-51a0-4d9c-ba8d-4bb0100759c0,2127,,,QUORUM,cassandra-1,True,False,4.962,2026-09-16T06:28:54.430600+00:00,
0b32a7fd-51a0-4d9c-ba8d-4bb0100759c0,monotonic_reads,network_partition,reader-1,read,mr-0b32a7fd-51a0-4d9c-ba8d-4bb0100759c0,,2127,QUORUM,QUORUM,cassandra-3,True,False,4.432,2026-09-16T06:28:54.434067+00:00,
0b32a7fd-51a0-4d9c-ba8d-4bb0100759c0,monotonic_reads,network_partition,reader-1,read,mr-0b32a7fd-51a0-4d9c-ba8d-4bb0100759c0,,2127,QUORUM,QUORUM,cassandra-1,True,False,6.714,2026-09-16T06:28:54.453447+00:00,
0b32a7fd-51a0-4d9c-ba8d-4bb0100759c0,monotonic_reads,network_partition,writer-1,write,mr-0b32a7fd-51a0-4d9c-ba8d-4bb0100759c0,2128,,,QUORUM,cassandra-1,True,False,3.617,2026-09-16T06:28:54.457987+00:00,
0b32a7fd-51a0-4d9c-ba8d-4bb0100759c0,monotonic_reads,network_partition,reader-1,read,mr-0b32a7fd-51a0-4d9c-ba8d-4bb0100759c0,,2128,QUORUM,QUORUM,cassandra-2,True,False,3.738,2026-09-16T06:28:54.469853+00:00,
0b32a7fd-51a0-4d9c-ba8d-4bb0100759c0,monotonic_reads,network_partition,reader-1,read,mr-0b32a7fd-51a0-4d9c-ba8d-4bb0100759c0,,2128,QUORUM,QUORUM,cassandra-3,True,False,3.622,2026-09-16T06:28:54.486071+00:00,
0b32a7fd-51a0-4d9c-ba8d-4bb0100759c0,monotonic_reads,network_partition,writer-1,write,mr-0b32a7fd-51a0-4d9c-ba8d-4bb0100759c0,2129,,,QUORUM,cassandra-1,True,False,4.286,2026-09-16T06:28:54.487348+00:00,
0b32a7fd-51a0-4d9c-ba8d-4bb0100759c0,monotonic_reads,network_partition,reader-1,read,mr-0b32a7fd-51a0-4d9c-ba8d-4bb0100759c0,,2129,QUORUM,QUORUM,cassandra-1,True,False,4.633,2026-09-16T06:28:54.502235+00:00,
0b32a7fd-51a0-4d9c-ba8d-4bb0100759c0,monotonic_reads,network_partition,writer-1,write,mr-0b32a7fd-51a0-4d9c-ba8d-4bb0100759c0,2130,,,QUORUM,cassandra-1,True,False,4.406,2026-09-16T06:28:54.516626+00:00,
0b32a7fd-51a0-4d9c-ba8d-4bb0100759c0,monotonic_reads,network_partition,reader-1,read,mr-0b32a7fd-51a0-4d9c-ba8d-4bb0100759c0,,2130,QUORUM,QUORUM,cassandra-2,True,False,6.874,2026-09-16T06:28:54.519753+00:00,
0b32a7fd-51a0-4d9c-ba8d-4bb0100759c0,monotonic_reads,network_partition,reader-1,read,mr-0b32a7fd-51a0-4d9c-ba8d-4bb0100759c0,,2130,QUORUM,QUORUM,cassandra-3,True,False,6.034,2026-09-16T06:28:54.537993+00:00,
0b32a7fd-51a0-4d9c-ba8d-4bb0100759c0,monotonic_reads,network_partition,writer-1,write,mr-0b32a7fd-51a0-4d9c-ba8d-4bb0100759c0,2131,,,QUORUM,cassandra-1,True,False,4.242,2026-09-16T06:28:54.542347+00:00,
0b32a7fd-51a0-4d9c-ba8d-4bb0100759c0,monotonic_reads,network_partition,reader-1,read,mr-0b32a7fd-51a0-4d9c-ba8d-4bb0100759c0,,2131,QUORUM,QUORUM,cassandra-1,True,False,5.877,2026-09-16T06:28:54.556292+00:00,
0b32a7fd-51a0-4d9c-ba8d-4bb0100759c0,monotonic_reads,network_partition,writer-1,write,mr-0b32a7fd-51a0-4d9c-ba8d-4bb0100759c0,2132,,,QUORUM,cassandra-1,True,False,5.04,2026-09-16T06:28:54.571581+00:00,
0b32a7fd-51a0-4d9c-ba8d-4bb0100759c0,monotonic_reads,network_partition,reader-1,read,mr-0b32a7fd-51a0-4d9c-ba8d-4bb0100759c0,,2132,QUORUM,QUORUM,cassandra-2,True,False,6.314,2026-09-16T06:28:54.574076+00:00,
0b32a7fd-51a0-4d9c-ba8d-4bb0100759c0,monotonic_reads,network_partition,reader-1,read,mr-0b32a7fd-51a0-4d9c-ba8d-4bb0100759c0,,2132,QUORUM,QUORUM,cassandra-3,True,False,5.424,2026-09-16T06:28:54.592161+00:00,
0b32a7fd-51a0-4d9c-ba8d-4bb0100759c0,monotonic_reads,network_partition,writer-1,write,mr-0b32a7fd-51a0-4d9c-ba8d-4bb0100759c0,2133,,,QUORUM,cassandra-1,True,False,3.809,2026-09-16T06:28:54.596459+00:00,
0b32a7fd-51a0-4d9c-ba8d-4bb0100759c0,monotonic_reads,network_partition,reader-1,read,mr-0b32a7fd-51a0-4d9c-ba8d-4bb0100759c0,,2133,QUORUM,QUORUM,cassandra-1,True,False,11.119,2026-09-16T06:28:54.615259+00:00,
0b32a7fd-51a0-4d9c-ba8d-4bb0100759c0,monotonic_reads,network_partition,writer-1,write,mr-0b32a7fd-51a0-4d9c-ba8d-4bb0100759c0,2134,,,QUORUM,cassandra-1,True,False,5.451,2026-09-16T06:28:54.622121+00:00,
0b32a7fd-51a0-4d9c-ba8d-4bb0100759c0,monotonic_reads,network_partition,reader-1,read,mr-0b32a7fd-51a0-4d9c-ba8d-4bb0100759c0,,2134,QUORUM,QUORUM,cassandra-2,True,False,5.672,2026-09-16T06:28:54.633273+00:00,
0b32a7fd-51a0-4d9c-ba8d-4bb0100759c0,monotonic_reads,network_partition,writer-1,write,mr-0b32a7fd-51a0-4d9c-ba8d-4bb0100759c0,2135,,,QUORUM,cassandra-1,True,False,4.08,2026-09-16T06:28:54.647676+00:00,
0b32a7fd-51a0-4d9c-ba8d-4bb0100759c0,monotonic_reads,network_partition,reader-1,read,mr-0b32a7fd-51a0-4d9c-ba8d-4bb0100759c0,,2135,QUORUM,QUORUM,cassandra-3,True,False,4.378,2026-09-16T06:28:54.649904+00:00,
0b32a7fd-51a0-4d9c-ba8d-4bb0100759c0,monotonic_reads,network_partition,reader-1,read,mr-0b32a7fd-51a0-4d9c-ba8d-4bb0100759c0,,2135,QUORUM,QUORUM,cassandra-1,True,False,6.172,2026-09-16T06:28:54.668696+00:00,
0b32a7fd-51a0-4d9c-ba8d-4bb0100759c0,monotonic_reads,network_partition,writer-1,write,mr-0b32a7fd-51a0-4d9c-ba8d-4bb0100759c0,2136,,,QUORUM,cassandra-1,True,False,4.746,2026-09-16T06:28:54.673575+00:00,
0b32a7fd-51a0-4d9c-ba8d-4bb0100759c0,monotonic_reads,network_partition,reader-1,read,mr-0b32a7fd-51a0-4d9c-ba8d-4bb0100759c0,,2136,QUORUM,QUORUM,cassandra-2,True,False,4.797,2026-09-16T06:28:54.686412+00:00,
0b32a7fd-51a0-4d9c-ba8d-4bb0100759c0,monotonic_reads,network_partition,writer-1,write,mr-0b32a7fd-51a0-4d9c-ba8d-4bb0100759c0,2137,,,QUORUM,cassandra-1,True,False,4.178,2026-09-16T06:28:54.698588+00:00,
0b32a7fd-51a0-4d9c-ba8d-4bb0100759c0,monotonic_reads,network_partition,reader-1,read,mr-0b32a7fd-51a0-4d9c-ba8d-4bb0100759c0,,2137,QUORUM,QUORUM,cassandra-3,True,False,4.498,2026-09-16T06:28:54.703189+00:00,
0b32a7fd-51a0-4d9c-ba8d-4bb0100759c0,monotonic_reads,network_partition,reader-1,read,mr-0b32a7fd-51a0-4d9c-ba8d-4bb0100759c0,,2137,QUORUM,QUORUM,cassandra-1,True,False,4.804,2026-09-16T06:28:54.719409+00:00,
0b32a7fd-51a0-4d9c-ba8d-4bb0100759c0,monotonic_reads,network_partition,writer-1,write,mr-0b32a7fd-51a0-4d9c-ba8d-4bb0100759c0,2138,,,QUORUM,cassandra-1,True,False,6.004,2026-09-16T06:28:54.726637+00:00,
0b32a7fd-51a0-4d9c-ba8d-4bb0100759c0,monotonic_reads,network_partition,reader-1,read,mr-0b32a7fd-51a0-4d9c-ba8d-4bb0100759c0,,2138,QUORUM,QUORUM,cassandra-2,True,False,5.97,2026-09-16T06:28:54.737593+00:00,
0b32a7fd-51a0-4d9c-ba8d-4bb0100759c0,monotonic_reads,network_partition,writer-1,write,mr-0b32a7fd-51a0-4d9c-ba8d-4bb0100759c0,2139,,,QUORUM,cassandra-1,True,False,5.441,2026-09-16T06:28:54.756696+00:00,
0b32a7fd-51a0-4d9c-ba8d-4bb0100759c0,monotonic_reads,network_partition,reader-1,read,mr-0b32a7fd-51a0-4d9c-ba8d-4bb0100759c0,,2139,QUORUM,QUORUM,cassandra-3,True,False,9.234,2026-09-16T06:28:54.759567+00:00,
0b32a7fd-51a0-4d9c-ba8d-4bb0100759c0,monotonic_reads,network_partition,reader-1,read,mr-0b32a7fd-51a0-4d9c-ba8d-4bb0100759c0,,2139,QUORUM,QUORUM,cassandra-1,True,False,4.824,2026-09-16T06:28:54.777059+00:00,
0b32a7fd-51a0-4d9c-ba8d-4bb0100759c0,monotonic_reads,network_partition,writer-1,write,mr-0b32a7fd-51a0-4d9c-ba8d-4bb0100759c0,2140,,,QUORUM,cassandra-1,True,False,4.226,2026-09-16T06:28:54.781401+00:00,
0b32a7fd-51a0-4d9c-ba8d-4bb0100759c0,monotonic_reads,network_partition,reader-1,read,mr-0b32a7fd-51a0-4d9c-ba8d-4bb0100759c0,,2140,QUORUM,QUORUM,cassandra-2,True,False,4.387,2026-09-16T06:28:54.794420+00:00,
0b32a7fd-51a0-4d9c-ba8d-4bb0100759c0,monotonic_reads,network_partition,writer-1,write,mr-0b32a7fd-51a0-4d9c-ba8d-4bb0100759c0,2141,,,QUORUM,cassandra-1,True,False,2.766,2026-09-16T06:28:54.805210+00:00,
0b32a7fd-51a0-4d9c-ba8d-4bb0100759c0,monotonic_reads,network_partition,reader-1,read,mr-0b32a7fd-51a0-4d9c-ba8d-4bb0100759c0,,2141,QUORUM,QUORUM,cassandra-3,True,False,4.963,2026-09-16T06:28:54.810794+00:00,
0b32a7fd-51a0-4d9c-ba8d-4bb0100759c0,monotonic_reads,network_partition,reader-1,read,mr-0b32a7fd-51a0-4d9c-ba8d-4bb0100759c0,,2141,QUORUM,QUORUM,cassandra-1,True,False,2.828,2026-09-16T06:28:54.825418+00:00,
0b32a7fd-51a0-4d9c-ba8d-4bb0100759c0,monotonic_reads,network_partition,writer-1,write,mr-0b32a7fd-51a0-4d9c-ba8d-4bb0100759c0,2142,,,QUORUM,cassandra-1,True,False,3.567,2026-09-16T06:28:54.829140+00:00,
0b32a7fd-51a0-4d9c-ba8d-4bb0100759c0,monotonic_reads,network_partition,reader-1,read,mr-0b32a7fd-51a0-4d9c-ba8d-4bb0100759c0,,2142,QUORUM,QUORUM,cassandra-2,True,False,5.339,2026-09-16T06:28:54.840925+00:00,
0b32a7fd-51a0-4d9c-ba8d-4bb0100759c0,monotonic_reads,network_partition,reader-1,read,mr-0b32a7fd-51a0-4d9c-ba8d-4bb0100759c0,,2142,QUORUM,QUORUM,cassandra-3,True,False,3.895,2026-09-16T06:28:54.856737+00:00,
0b32a7fd-51a0-4d9c-ba8d-4bb0100759c0,monotonic_reads,network_partition,writer-1,write,mr-0b32a7fd-51a0-4d9c-ba8d-4bb0100759c0,2143,,,QUORUM,cassandra-1,True,False,3.583,2026-09-16T06:28:54.857171+00:00,
0b32a7fd-51a0-4d9c-ba8d-4bb0100759c0,monotonic_reads,network_partition,reader-1,read,mr-0b32a7fd-51a0-4d9c-ba8d-4bb0100759c0,,2143,QUORUM,QUORUM,cassandra-1,True,False,2.98,2026-09-16T06:28:54.870667+00:00,
0b32a7fd-51a0-4d9c-ba8d-4bb0100759c0,monotonic_reads,network_partition,reader-1,read,mr-0b32a7fd-51a0-4d9c-ba8d-4bb0100759c0,,2143,QUORUM,QUORUM,cassandra-2,True,False,4.281,2026-09-16T06:28:54.885868+00:00,
0b32a7fd-51a0-4d9c-ba8d-4bb0100759c0,monotonic_reads,network_partition,writer-1,write,mr-0b32a7fd-51a0-4d9c-ba8d-4bb0100759c0,2144,,,QUORUM,cassandra-1,True,False,5.134,2026-09-16T06:28:54.886208+00:00,
0b32a7fd-51a0-4d9c-ba8d-4bb0100759c0,monotonic_reads,network_partition,reader-1,read,mr-0b32a7fd-51a0-4d9c-ba8d-4bb0100759c0,,2144,QUORUM,QUORUM,cassandra-3,True,False,3.949,2026-09-16T06:28:54.900876+00:00,
0b32a7fd-51a0-4d9c-ba8d-4bb0100759c0,monotonic_reads,network_partition,writer-1,write,mr-0b32a7fd-51a0-4d9c-ba8d-4bb0100759c0,2145,,,QUORUM,cassandra-1,True,False,4.032,2026-09-16T06:28:54.913631+00:00,
0b32a7fd-51a0-4d9c-ba8d-4bb0100759c0,monotonic_reads,network_partition,reader-1,read,mr-0b32a7fd-51a0-4d9c-ba8d-4bb0100759c0,,2145,QUORUM,QUORUM,cassandra-1,True,False,5.835,2026-09-16T06:28:54.918763+00:00,
0b32a7fd-51a0-4d9c-ba8d-4bb0100759c0,monotonic_reads,network_partition,reader-1,read,mr-0b32a7fd-51a0-4d9c-ba8d-4bb0100759c0,,2145,QUORUM,QUORUM,cassandra-2,True,False,5.739,2026-09-16T06:28:54.935358+00:00,
0b32a7fd-51a0-4d9c-ba8d-4bb0100759c0,monotonic_reads,network_partition,writer-1,write,mr-0b32a7fd-51a0-4d9c-ba8d-4bb0100759c0,2146,,,QUORUM,cassandra-1,True,False,13.072,2026-09-16T06:28:54.947263+00:00,
0b32a7fd-51a0-4d9c-ba8d-4bb0100759c0,monotonic_reads,network_partition,reader-1,read,mr-0b32a7fd-51a0-4d9c-ba8d-4bb0100759c0,,2146,QUORUM,QUORUM,cassandra-3,True,False,6.224,2026-09-16T06:28:54.951866+00:00,
0b32a7fd-51a0-4d9c-ba8d-4bb0100759c0,monotonic_reads,network_partition,reader-1,read,mr-0b32a7fd-51a0-4d9c-ba8d-4bb0100759c0,,2146,QUORUM,QUORUM,cassandra-1,True,False,5.976,2026-09-16T06:28:54.968855+00:00,
0b32a7fd-51a0-4d9c-ba8d-4bb0100759c0,monotonic_reads,network_partition,writer-1,write,mr-0b32a7fd-51a0-4d9c-ba8d-4bb0100759c0,2147,,,QUORUM,cassandra-1,True,False,8.573,2026-09-16T06:28:54.980684+00:00,
0b32a7fd-51a0-4d9c-ba8d-4bb0100759c0,monotonic_reads,network_partition,reader-1,read,mr-0b32a7fd-51a0-4d9c-ba8d-4bb0100759c0,,2147,QUORUM,QUORUM,cassandra-2,True,False,4.113,2026-09-16T06:28:54.984896+00:00,
0b32a7fd-51a0-4d9c-ba8d-4bb0100759c0,monotonic_reads,network_partition,reader-1,read,mr-0b32a7fd-51a0-4d9c-ba8d-4bb0100759c0,,2147,QUORUM,QUORUM,cassandra-3,True,False,5.92,2026-09-16T06:28:55.002363+00:00,
0b32a7fd-51a0-4d9c-ba8d-4bb0100759c0,monotonic_reads,network_partition,writer-1,write,mr-0b32a7fd-51a0-4d9c-ba8d-4bb0100759c0,2148,,,QUORUM,cassandra-1,True,False,3.839,2026-09-16T06:28:55.008433+00:00,
0b32a7fd-51a0-4d9c-ba8d-4bb0100759c0,monotonic_reads,network_partition,reader-1,read,mr-0b32a7fd-51a0-4d9c-ba8d-4bb0100759c0,,2148,QUORUM,QUORUM,cassandra-1,True,False,4.455,2026-09-16T06:28:55.019060+00:00,
0b32a7fd-51a0-4d9c-ba8d-4bb0100759c0,monotonic_reads,network_partition,writer-1,write,mr-0b32a7fd-51a0-4d9c-ba8d-4bb0100759c0,2149,,,QUORUM,cassandra-1,True,False,5.223,2026-09-16T06:28:55.036753+00:00,
0b32a7fd-51a0-4d9c-ba8d-4bb0100759c0,monotonic_reads,network_partition,reader-1,read,mr-0b32a7fd-51a0-4d9c-ba8d-4bb0100759c0,,2149,QUORUM,QUORUM,cassandra-2,True,False,7.068,2026-09-16T06:28:55.039213+00:00,
0b32a7fd-51a0-4d9c-ba8d-4bb0100759c0,monotonic_reads,network_partition,reader-1,read,mr-0b32a7fd-51a0-4d9c-ba8d-4bb0100759c0,,2149,QUORUM,QUORUM,cassandra-3,True,False,13.896,2026-09-16T06:28:55.064303+00:00,
0b32a7fd-51a0-4d9c-ba8d-4bb0100759c0,monotonic_reads,network_partition,writer-1,write,mr-0b32a7fd-51a0-4d9c-ba8d-4bb0100759c0,2150,,,QUORUM,cassandra-1,True,False,4.998,2026-09-16T06:28:55.066460+00:00,
0b32a7fd-51a0-4d9c-ba8d-4bb0100759c0,monotonic_reads,network_partition,reader-1,read,mr-0b32a7fd-51a0-4d9c-ba8d-4bb0100759c0,,2150,QUORUM,QUORUM,cassandra-1,True,False,5.969,2026-09-16T06:28:55.082589+00:00,
0b32a7fd-51a0-4d9c-ba8d-4bb0100759c0,monotonic_reads,network_partition,writer-1,write,mr-0b32a7fd-51a0-4d9c-ba8d-4bb0100759c0,2151,,,QUORUM,cassandra-1,True,False,5.106,2026-09-16T06:28:55.092716+00:00,
0b32a7fd-51a0-4d9c-ba8d-4bb0100759c0,monotonic_reads,network_partition,reader-1,read,mr-0b32a7fd-51a0-4d9c-ba8d-4bb0100759c0,,2151,QUORUM,QUORUM,cassandra-2,True,False,4.573,2026-09-16T06:28:55.099173+00:00,
0b32a7fd-51a0-4d9c-ba8d-4bb0100759c0,monotonic_reads,network_partition,reader-1,read,mr-0b32a7fd-51a0-4d9c-ba8d-4bb0100759c0,,2151,QUORUM,QUORUM,cassandra-3,True,False,7.365,2026-09-16T06:28:55.118684+00:00,
0b32a7fd-51a0-4d9c-ba8d-4bb0100759c0,monotonic_reads,network_partition,writer-1,write,mr-0b32a7fd-51a0-4d9c-ba8d-4bb0100759c0,2152,,,QUORUM,cassandra-1,True,False,4.581,2026-09-16T06:28:55.122141+00:00,
0b32a7fd-51a0-4d9c-ba8d-4bb0100759c0,monotonic_reads,network_partition,reader-1,read,mr-0b32a7fd-51a0-4d9c-ba8d-4bb0100759c0,,2152,QUORUM,QUORUM,cassandra-1,True,False,3.995,2026-09-16T06:28:55.135321+00:00,
0b32a7fd-51a0-4d9c-ba8d-4bb0100759c0,monotonic_reads,network_partition,writer-1,write,mr-0b32a7fd-51a0-4d9c-ba8d-4bb0100759c0,2153,,,QUORUM,cassandra-1,True,False,2.736,2026-09-16T06:28:55.149102+00:00,
0b32a7fd-51a0-4d9c-ba8d-4bb0100759c0,monotonic_reads,network_partition,reader-1,read,mr-0b32a7fd-51a0-4d9c-ba8d-4bb0100759c0,,2153,QUORUM,QUORUM,cassandra-2,True,False,5.151,2026-09-16T06:28:55.152212+00:00,
0b32a7fd-51a0-4d9c-ba8d-4bb0100759c0,monotonic_reads,network_partition,reader-1,read,mr-0b32a7fd-51a0-4d9c-ba8d-4bb0100759c0,,2153,QUORUM,QUORUM,cassandra-3,True,False,5.714,2026-09-16T06:28:55.168318+00:00,
0b32a7fd-51a0-4d9c-ba8d-4bb0100759c0,monotonic_reads,network_partition,writer-1,write,mr-0b32a7fd-51a0-4d9c-ba8d-4bb0100759c0,2154,,,QUORUM,cassandra-1,True,False,3.877,2026-09-16T06:28:55.174462+00:00,
0b32a7fd-51a0-4d9c-ba8d-4bb0100759c0,monotonic_reads,network_partition,reader-1,read,mr-0b32a7fd-51a0-4d9c-ba8d-4bb0100759c0,,2154,QUORUM,QUORUM,cassandra-1,True,False,5.063,2026-09-16T06:28:55.185701+00:00,
0b32a7fd-51a0-4d9c-ba8d-4bb0100759c0,monotonic_reads,network_partition,writer-1,write,mr-0b32a7fd-51a0-4d9c-ba8d-4bb0100759c0,2155,,,QUORUM,cassandra-1,True,False,4.43,2026-09-16T06:28:55.199516+00:00,
0b32a7fd-51a0-4d9c-ba8d-4bb0100759c0,monotonic_reads,network_partition,reader-1,read,mr-0b32a7fd-51a0-4d9c-ba8d-4bb0100759c0,,2155,QUORUM,QUORUM,cassandra-2,True,False,4.548,2026-09-16T06:28:55.202008+00:00,
0b32a7fd-51a0-4d9c-ba8d-4bb0100759c0,monotonic_reads,network_partition,reader-1,read,mr-0b32a7fd-51a0-4d9c-ba8d-4bb0100759c0,,2155,QUORUM,QUORUM,cassandra-3,True,False,4.435,2026-09-16T06:28:55.217041+00:00,
0b32a7fd-51a0-4d9c-ba8d-4bb0100759c0,monotonic_reads,network_partition,writer-1,write,mr-0b32a7fd-51a0-4d9c-ba8d-4bb0100759c0,2156,,,QUORUM,cassandra-1,True,False,7.423,2026-09-16T06:28:55.231476+00:00,
0b32a7fd-51a0-4d9c-ba8d-4bb0100759c0,monotonic_reads,network_partition,reader-1,read,mr-0b32a7fd-51a0-4d9c-ba8d-4bb0100759c0,,2155,QUORUM,QUORUM,cassandra-1,True,False,4.831,2026-09-16T06:28:55.232153+00:00,
0b32a7fd-51a0-4d9c-ba8d-4bb0100759c0,monotonic_reads,network_partition,reader-1,read,mr-0b32a7fd-51a0-4d9c-ba8d-4bb0100759c0,,2156,QUORUM,QUORUM,cassandra-2,True,False,4.335,2026-09-16T06:28:55.246994+00:00,
0b32a7fd-51a0-4d9c-ba8d-4bb0100759c0,monotonic_reads,network_partition,writer-1,write,mr-0b32a7fd-51a0-4d9c-ba8d-4bb0100759c0,2157,,,QUORUM,cassandra-1,True,False,4.873,2026-09-16T06:28:55.257507+00:00,
0b32a7fd-51a0-4d9c-ba8d-4bb0100759c0,monotonic_reads,network_partition,reader-1,read,mr-0b32a7fd-51a0-4d9c-ba8d-4bb0100759c0,,2157,QUORUM,QUORUM,cassandra-3,True,False,4.986,2026-09-16T06:28:55.263967+00:00,
0b32a7fd-51a0-4d9c-ba8d-4bb0100759c0,monotonic_reads,network_partition,reader-1,read,mr-0b32a7fd-51a0-4d9c-ba8d-4bb0100759c0,,2157,QUORUM,QUORUM,cassandra-1,True,False,4.845,2026-09-16T06:28:55.280835+00:00,
0b32a7fd-51a0-4d9c-ba8d-4bb0100759c0,monotonic_reads,network_partition,writer-1,write,mr-0b32a7fd-51a0-4d9c-ba8d-4bb0100759c0,2158,,,QUORUM,cassandra-1,True,False,3.48,2026-09-16T06:28:55.284004+00:00,
0b32a7fd-51a0-4d9c-ba8d-4bb0100759c0,monotonic_reads,network_partition,reader-1,read,mr-0b32a7fd-51a0-4d9c-ba8d-4bb0100759c0,,2158,QUORUM,QUORUM,cassandra-2,True,False,4.428,2026-09-16T06:28:55.295967+00:00,
0b32a7fd-51a0-4d9c-ba8d-4bb0100759c0,monotonic_reads,network_partition,writer-1,write,mr-0b32a7fd-51a0-4d9c-ba8d-4bb0100759c0,2159,,,QUORUM,cassandra-1,True,False,4.877,2026-09-16T06:28:55.313594+00:00,
0b32a7fd-51a0-4d9c-ba8d-4bb0100759c0,monotonic_reads,network_partition,reader-1,read,mr-0b32a7fd-51a0-4d9c-ba8d-4bb0100759c0,,2158,QUORUM,QUORUM,cassandra-3,True,False,6.898,2026-09-16T06:28:55.314278+00:00,
0b32a7fd-51a0-4d9c-ba8d-4bb0100759c0,monotonic_reads,network_partition,reader-1,read,mr-0b32a7fd-51a0-4d9c-ba8d-4bb0100759c0,,2159,QUORUM,QUORUM,cassandra-1,True,False,4.558,2026-09-16T06:28:55.331162+00:00,
0b32a7fd-51a0-4d9c-ba8d-4bb0100759c0,monotonic_reads,network_partition,writer-1,write,mr-0b32a7fd-51a0-4d9c-ba8d-4bb0100759c0,2160,,,QUORUM,cassandra-1,True,False,5.088,2026-09-16T06:28:55.340708+00:00,
0b32a7fd-51a0-4d9c-ba8d-4bb0100759c0,monotonic_reads,network_partition,reader-1,read,mr-0b32a7fd-51a0-4d9c-ba8d-4bb0100759c0,,2160,QUORUM,QUORUM,cassandra-2,True,False,4.628,2026-09-16T06:28:55.348253+00:00,
0b32a7fd-51a0-4d9c-ba8d-4bb0100759c0,monotonic_reads,network_partition,writer-1,write,mr-0b32a7fd-51a0-4d9c-ba8d-4bb0100759c0,2161,,,QUORUM,cassandra-1,True,False,4.528,2026-09-16T06:28:55.365837+00:00,
0b32a7fd-51a0-4d9c-ba8d-4bb0100759c0,monotonic_reads,network_partition,reader-1,read,mr-0b32a7fd-51a0-4d9c-ba8d-4bb0100759c0,,2160,QUORUM,QUORUM,cassandra-3,True,False,7.046,2026-09-16T06:28:55.367418+00:00,
0b32a7fd-51a0-4d9c-ba8d-4bb0100759c0,monotonic_reads,network_partition,reader-1,read,mr-0b32a7fd-51a0-4d9c-ba8d-4bb0100759c0,,2161,QUORUM,QUORUM,cassandra-1,True,False,4.595,2026-09-16T06:28:55.384218+00:00,
0b32a7fd-51a0-4d9c-ba8d-4bb0100759c0,monotonic_reads,network_partition,writer-1,write,mr-0b32a7fd-51a0-4d9c-ba8d-4bb0100759c0,2162,,,QUORUM,cassandra-1,True,False,10.371,2026-09-16T06:28:55.398238+00:00,
0b32a7fd-51a0-4d9c-ba8d-4bb0100759c0,monotonic_reads,network_partition,reader-1,read,mr-0b32a7fd-51a0-4d9c-ba8d-4bb0100759c0,,2162,QUORUM,QUORUM,cassandra-2,True,False,5.426,2026-09-16T06:28:55.401805+00:00,
0b32a7fd-51a0-4d9c-ba8d-4bb0100759c0,monotonic_reads,network_partition,reader-1,read,mr-0b32a7fd-51a0-4d9c-ba8d-4bb0100759c0,,2162,QUORUM,QUORUM,cassandra-3,True,False,5.308,2026-09-16T06:28:55.419414+00:00,
0b32a7fd-51a0-4d9c-ba8d-4bb0100759c0,monotonic_reads,network_partition,writer-1,write,mr-0b32a7fd-51a0-4d9c-ba8d-4bb0100759c0,2163,,,QUORUM,cassandra-1,True,False,4.814,2026-09-16T06:28:55.426416+00:00,
0b32a7fd-51a0-4d9c-ba8d-4bb0100759c0,monotonic_reads,network_partition,reader-1,read,mr-0b32a7fd-51a0-4d9c-ba8d-4bb0100759c0,,2163,QUORUM,QUORUM,cassandra-1,True,False,4.279,2026-09-16T06:28:55.434891+00:00,
0b32a7fd-51a0-4d9c-ba8d-4bb0100759c0,monotonic_reads,network_partition,reader-1,read,mr-0b32a7fd-51a0-4d9c-ba8d-4bb0100759c0,,2163,QUORUM,QUORUM,cassandra-2,True,False,5.312,2026-09-16T06:28:55.450869+00:00,
0b32a7fd-51a0-4d9c-ba8d-4bb0100759c0,monotonic_reads,network_partition,writer-1,write,mr-0b32a7fd-51a0-4d9c-ba8d-4bb0100759c0,2164,,,QUORUM,cassandra-1,True,False,1.856,2026-09-16T06:28:55.452907+00:00,
0b32a7fd-51a0-4d9c-ba8d-4bb0100759c0,monotonic_reads,network_partition,reader-1,read,mr-0b32a7fd-51a0-4d9c-ba8d-4bb0100759c0,,2164,QUORUM,QUORUM,cassandra-3,True,False,5.504,2026-09-16T06:28:55.467590+00:00,
0b32a7fd-51a0-4d9c-ba8d-4bb0100759c0,monotonic_reads,network_partition,writer-1,write,mr-0b32a7fd-51a0-4d9c-ba8d-4bb0100759c0,2165,,,QUORUM,cassandra-1,True,False,4.841,2026-09-16T06:28:55.478457+00:00,
0b32a7fd-51a0-4d9c-ba8d-4bb0100759c0,monotonic_reads,network_partition,reader-1,read,mr-0b32a7fd-51a0-4d9c-ba8d-4bb0100759c0,,2165,QUORUM,QUORUM,cassandra-1,True,False,4.373,2026-09-16T06:28:55.483017+00:00,
0b32a7fd-51a0-4d9c-ba8d-4bb0100759c0,monotonic_reads,network_partition,reader-1,read,mr-0b32a7fd-51a0-4d9c-ba8d-4bb0100759c0,,2165,QUORUM,QUORUM,cassandra-2,True,False,4.533,2026-09-16T06:28:55.499027+00:00,
0b32a7fd-51a0-4d9c-ba8d-4bb0100759c0,monotonic_reads,network_partition,writer-1,write,mr-0b32a7fd-51a0-4d9c-ba8d-4bb0100759c0,2166,,,QUORUM,cassandra-1,True,False,4.592,2026-09-16T06:28:55.507671+00:00,
0b32a7fd-51a0-4d9c-ba8d-4bb0100759c0,monotonic_reads,network_partition,reader-1,read,mr-0b32a7fd-51a0-4d9c-ba8d-4bb0100759c0,,2166,QUORUM,QUORUM,cassandra-3,True,False,4.738,2026-09-16T06:28:55.516247+00:00,
0b32a7fd-51a0-4d9c-ba8d-4bb0100759c0,monotonic_reads,network_partition,reader-1,read,mr-0b32a7fd-51a0-4d9c-ba8d-4bb0100759c0,,2166,QUORUM,QUORUM,cassandra-1,True,False,5.614,2026-09-16T06:28:55.532213+00:00,
0b32a7fd-51a0-4d9c-ba8d-4bb0100759c0,monotonic_reads,network_partition,writer-1,write,mr-0b32a7fd-51a0-4d9c-ba8d-4bb0100759c0,2167,,,QUORUM,cassandra-1,True,False,4.16,2026-09-16T06:28:55.536490+00:00,
0b32a7fd-51a0-4d9c-ba8d-4bb0100759c0,monotonic_reads,network_partition,reader-1,read,mr-0b32a7fd-51a0-4d9c-ba8d-4bb0100759c0,,2167,QUORUM,QUORUM,cassandra-2,True,False,4.419,2026-09-16T06:28:55.549007+00:00,
0b32a7fd-51a0-4d9c-ba8d-4bb0100759c0,monotonic_reads,network_partition,writer-1,write,mr-0b32a7fd-51a0-4d9c-ba8d-4bb0100759c0,2168,,,QUORUM,cassandra-1,True,False,4.575,2026-09-16T06:28:55.566440+00:00,
0b32a7fd-51a0-4d9c-ba8d-4bb0100759c0,monotonic_reads,network_partition,reader-1,read,mr-0b32a7fd-51a0-4d9c-ba8d-4bb0100759c0,,2167,QUORUM,QUORUM,cassandra-3,True,False,5.854,2026-09-16T06:28:55.567163+00:00,
0b32a7fd-51a0-4d9c-ba8d-4bb0100759c0,monotonic_reads,network_partition,reader-1,read,mr-0b32a7fd-51a0-4d9c-ba8d-4bb0100759c0,,2168,QUORUM,QUORUM,cassandra-1,True,False,5.096,2026-09-16T06:28:55.582696+00:00,
0b32a7fd-51a0-4d9c-ba8d-4bb0100759c0,monotonic_reads,network_partition,writer-1,write,mr-0b32a7fd-51a0-4d9c-ba8d-4bb0100759c0,2169,,,QUORUM,cassandra-1,True,False,4.839,2026-09-16T06:28:55.596557+00:00,
0b32a7fd-51a0-4d9c-ba8d-4bb0100759c0,monotonic_reads,network_partition,reader-1,read,mr-0b32a7fd-51a0-4d9c-ba8d-4bb0100759c0,,2169,QUORUM,QUORUM,cassandra-2,True,False,4.91,2026-09-16T06:28:55.599367+00:00,
0b32a7fd-51a0-4d9c-ba8d-4bb0100759c0,monotonic_reads,network_partition,reader-1,read,mr-0b32a7fd-51a0-4d9c-ba8d-4bb0100759c0,,2169,QUORUM,QUORUM,cassandra-3,True,False,4.373,2026-09-16T06:28:55.615911+00:00,
0b32a7fd-51a0-4d9c-ba8d-4bb0100759c0,monotonic_reads,network_partition,writer-1,write,mr-0b32a7fd-51a0-4d9c-ba8d-4bb0100759c0,2170,,,QUORUM,cassandra-1,True,False,3.73,2026-09-16T06:28:55.622302+00:00,
0b32a7fd-51a0-4d9c-ba8d-4bb0100759c0,monotonic_reads,network_partition,reader-1,read,mr-0b32a7fd-51a0-4d9c-ba8d-4bb0100759c0,,2170,QUORUM,QUORUM,cassandra-1,True,False,4.846,2026-09-16T06:28:55.632921+00:00,
0b32a7fd-51a0-4d9c-ba8d-4bb0100759c0,monotonic_reads,network_partition,writer-1,write,mr-0b32a7fd-51a0-4d9c-ba8d-4bb0100759c0,2171,,,QUORUM,cassandra-1,True,False,3.237,2026-09-16T06:28:55.646064+00:00,
0b32a7fd-51a0-4d9c-ba8d-4bb0100759c0,monotonic_reads,network_partition,reader-1,read,mr-0b32a7fd-51a0-4d9c-ba8d-4bb0100759c0,,2171,QUORUM,QUORUM,cassandra-2,True,False,3.713,2026-09-16T06:28:55.648544+00:00,
0b32a7fd-51a0-4d9c-ba8d-4bb0100759c0,monotonic_reads,network_partition,reader-1,read,mr-0b32a7fd-51a0-4d9c-ba8d-4bb0100759c0,,2171,QUORUM,QUORUM,cassandra-3,True,False,4.381,2026-09-16T06:28:55.665013+00:00,
0b32a7fd-51a0-4d9c-ba8d-4bb0100759c0,monotonic_reads,network_partition,writer-1,write,mr-0b32a7fd-51a0-4d9c-ba8d-4bb0100759c0,2172,,,QUORUM,cassandra-1,True,False,5.067,2026-09-16T06:28:55.672666+00:00,
0b32a7fd-51a0-4d9c-ba8d-4bb0100759c0,monotonic_reads,network_partition,reader-1,read,mr-0b32a7fd-51a0-4d9c-ba8d-4bb0100759c0,,2172,QUORUM,QUORUM,cassandra-1,True,False,4.304,2026-09-16T06:28:55.679950+00:00,
0b32a7fd-51a0-4d9c-ba8d-4bb0100759c0,monotonic_reads,network_partition,reader-1,read,mr-0b32a7fd-51a0-4d9c-ba8d-4bb0100759c0,,2172,QUORUM,QUORUM,cassandra-2,True,False,4.929,2026-09-16T06:28:55.696993+00:00,
0b32a7fd-51a0-4d9c-ba8d-4bb0100759c0,monotonic_reads,network_partition,writer-1,write,mr-0b32a7fd-51a0-4d9c-ba8d-4bb0100759c0,2173,,,QUORUM,cassandra-1,True,False,4.219,2026-09-16T06:28:55.701305+00:00,
0b32a7fd-51a0-4d9c-ba8d-4bb0100759c0,monotonic_reads,network_partition,reader-1,read,mr-0b32a7fd-51a0-4d9c-ba8d-4bb0100759c0,,2173,QUORUM,QUORUM,cassandra-3,True,False,4.523,2026-09-16T06:28:55.713039+00:00,
0b32a7fd-51a0-4d9c-ba8d-4bb0100759c0,monotonic_reads,network_partition,writer-1,write,mr-0b32a7fd-51a0-4d9c-ba8d-4bb0100759c0,2174,,,QUORUM,cassandra-1,True,False,4.99,2026-09-16T06:28:55.727600+00:00,
0b32a7fd-51a0-4d9c-ba8d-4bb0100759c0,monotonic_reads,network_partition,reader-1,read,mr-0b32a7fd-51a0-4d9c-ba8d-4bb0100759c0,,2174,QUORUM,QUORUM,cassandra-1,True,False,4.383,2026-09-16T06:28:55.729836+00:00,
0b32a7fd-51a0-4d9c-ba8d-4bb0100759c0,monotonic_reads,network_partition,reader-1,read,mr-0b32a7fd-51a0-4d9c-ba8d-4bb0100759c0,,2174,QUORUM,QUORUM,cassandra-2,True,False,4.883,2026-09-16T06:28:55.745965+00:00,
0b32a7fd-51a0-4d9c-ba8d-4bb0100759c0,monotonic_reads,network_partition,writer-1,write,mr-0b32a7fd-51a0-4d9c-ba8d-4bb0100759c0,2175,,,QUORUM,cassandra-1,True,False,5.497,2026-09-16T06:28:55.757942+00:00,
0b32a7fd-51a0-4d9c-ba8d-4bb0100759c0,monotonic_reads,network_partition,reader-1,read,mr-0b32a7fd-51a0-4d9c-ba8d-4bb0100759c0,,2175,QUORUM,QUORUM,cassandra-3,True,False,4.765,2026-09-16T06:28:55.761972+00:00,
0b32a7fd-51a0-4d9c-ba8d-4bb0100759c0,monotonic_reads,network_partition,reader-1,read,mr-0b32a7fd-51a0-4d9c-ba8d-4bb0100759c0,,2175,QUORUM,QUORUM,cassandra-1,True,False,11.133,2026-09-16T06:28:55.783749+00:00,
0b32a7fd-51a0-4d9c-ba8d-4bb0100759c0,monotonic_reads,network_partition,writer-1,write,mr-0b32a7fd-51a0-4d9c-ba8d-4bb0100759c0,2176,,,QUORUM,cassandra-1,True,False,4.84,2026-09-16T06:28:55.788752+00:00,
0b32a7fd-51a0-4d9c-ba8d-4bb0100759c0,monotonic_reads,network_partition,reader-1,read,mr-0b32a7fd-51a0-4d9c-ba8d-4bb0100759c0,,2176,QUORUM,QUORUM,cassandra-2,True,False,6.222,2026-09-16T06:28:55.800832+00:00,
0b32a7fd-51a0-4d9c-ba8d-4bb0100759c0,monotonic_reads,network_partition,writer-1,write,mr-0b32a7fd-51a0-4d9c-ba8d-4bb0100759c0,2177,,,QUORUM,cassandra-1,True,False,9.548,2026-09-16T06:28:55.819496+00:00,
0b32a7fd-51a0-4d9c-ba8d-4bb0100759c0,monotonic_reads,network_partition,reader-1,read,mr-0b32a7fd-51a0-4d9c-ba8d-4bb0100759c0,,2176,QUORUM,QUORUM,cassandra-3,True,False,8.367,2026-09-16T06:28:55.820240+00:00,
0b32a7fd-51a0-4d9c-ba8d-4bb0100759c0,monotonic_reads,network_partition,writer-1,write,mr-0b32a7fd-51a0-4d9c-ba8d-4bb0100759c0,2178,,,QUORUM,cassandra-1,True,False,2.476,2026-09-16T06:28:55.844038+00:00,
0b32a7fd-51a0-4d9c-ba8d-4bb0100759c0,monotonic_reads,network_partition,writer-1,write,mr-0b32a7fd-51a0-4d9c-ba8d-4bb0100759c0,2179,,,QUORUM,cassandra-1,True,False,2.202,2026-09-16T06:28:55.871051+00:00,
0b32a7fd-51a0-4d9c-ba8d-4bb0100759c0,monotonic_reads,network_partition,writer-1,write,mr-0b32a7fd-51a0-4d9c-ba8d-4bb0100759c0,2180,,,QUORUM,cassandra-1,True,False,4.125,2026-09-16T06:28:55.899736+00:00,
0b32a7fd-51a0-4d9c-ba8d-4bb0100759c0,monotonic_reads,network_partition,writer-1,write,mr-0b32a7fd-51a0-4d9c-ba8d-4bb0100759c0,2181,,,QUORUM,cassandra-1,True,False,4.507,2026-09-16T06:28:55.924708+00:00,
0b32a7fd-51a0-4d9c-ba8d-4bb0100759c0,monotonic_reads,network_partition,writer-1,write,mr-0b32a7fd-51a0-4d9c-ba8d-4bb0100759c0,2182,,,QUORUM,cassandra-1,True,False,5.126,2026-09-16T06:28:55.953584+00:00,
0b32a7fd-51a0-4d9c-ba8d-4bb0100759c0,monotonic_reads,network_partition,writer-1,write,mr-0b32a7fd-51a0-4d9c-ba8d-4bb0100759c0,2183,,,QUORUM,cassandra-1,True,False,4.207,2026-09-16T06:28:55.980811+00:00,
0b32a7fd-51a0-4d9c-ba8d-4bb0100759c0,monotonic_reads,network_partition,writer-1,write,mr-0b32a7fd-51a0-4d9c-ba8d-4bb0100759c0,2184,,,QUORUM,cassandra-1,True,False,4.955,2026-09-16T06:28:56.010583+00:00,
0b32a7fd-51a0-4d9c-ba8d-4bb0100759c0,monotonic_reads,network_partition,writer-1,write,mr-0b32a7fd-51a0-4d9c-ba8d-4bb0100759c0,2185,,,QUORUM,cassandra-1,True,False,4.625,2026-09-16T06:28:56.039614+00:00,
0b32a7fd-51a0-4d9c-ba8d-4bb0100759c0,monotonic_reads,network_partition,writer-1,write,mr-0b32a7fd-51a0-4d9c-ba8d-4bb0100759c0,2186,,,QUORUM,cassandra-1,True,False,4.795,2026-09-16T06:28:56.068420+00:00,
0b32a7fd-51a0-4d9c-ba8d-4bb0100759c0,monotonic_reads,network_partition,writer-1,write,mr-0b32a7fd-51a0-4d9c-ba8d-4bb0100759c0,2187,,,QUORUM,cassandra-1,True,False,4.191,2026-09-16T06:28:56.097499+00:00,
0b32a7fd-51a0-4d9c-ba8d-4bb0100759c0,monotonic_reads,network_partition,writer-1,write,mr-0b32a7fd-51a0-4d9c-ba8d-4bb0100759c0,2188,,,QUORUM,cassandra-1,True,False,5.12,2026-09-16T06:28:56.126731+00:00,
0b32a7fd-51a0-4d9c-ba8d-4bb0100759c0,monotonic_reads,network_partition,writer-1,write,mr-0b32a7fd-51a0-4d9c-ba8d-4bb0100759c0,2189,,,QUORUM,cassandra-1,True,False,4.797,2026-09-16T06:28:56.156768+00:00,
0b32a7fd-51a0-4d9c-ba8d-4bb0100759c0,monotonic_reads,network_partition,writer-1,write,mr-0b32a7fd-51a0-4d9c-ba8d-4bb0100759c0,2190,,,QUORUM,cassandra-1,True,False,5.473,2026-09-16T06:28:56.186955+00:00,
0b32a7fd-51a0-4d9c-ba8d-4bb0100759c0,monotonic_reads,network_partition,writer-1,write,mr-0b32a7fd-51a0-4d9c-ba8d-4bb0100759c0,2191,,,QUORUM,cassandra-1,True,False,4.505,2026-09-16T06:28:56.215658+00:00,
0b32a7fd-51a0-4d9c-ba8d-4bb0100759c0,monotonic_reads,network_partition,writer-1,write,mr-0b32a7fd-51a0-4d9c-ba8d-4bb0100759c0,2192,,,QUORUM,cassandra-1,True,False,4.929,2026-09-16T06:28:56.245777+00:00,
0b32a7fd-51a0-4d9c-ba8d-4bb0100759c0,monotonic_reads,network_partition,writer-1,write,mr-0b32a7fd-51a0-4d9c-ba8d-4bb0100759c0,2193,,,QUORUM,cassandra-1,True,False,6.475,2026-09-16T06:28:56.272943+00:00,
0b32a7fd-51a0-4d9c-ba8d-4bb0100759c0,monotonic_reads,network_partition,writer-1,write,mr-0b32a7fd-51a0-4d9c-ba8d-4bb0100759c0,2194,,,QUORUM,cassandra-1,True,False,4.854,2026-09-16T06:28:56.299718+00:00,
0b32a7fd-51a0-4d9c-ba8d-4bb0100759c0,monotonic_reads,network_partition,writer-1,write,mr-0b32a7fd-51a0-4d9c-ba8d-4bb0100759c0,2195,,,QUORUM,cassandra-1,True,False,4.633,2026-09-16T06:28:56.326935+00:00,
0b32a7fd-51a0-4d9c-ba8d-4bb0100759c0,monotonic_reads,network_partition,writer-1,write,mr-0b32a7fd-51a0-4d9c-ba8d-4bb0100759c0,2196,,,QUORUM,cassandra-1,True,False,5.733,2026-09-16T06:28:56.353361+00:00,
0b32a7fd-51a0-4d9c-ba8d-4bb0100759c0,monotonic_reads,network_partition,writer-1,write,mr-0b32a7fd-51a0-4d9c-ba8d-4bb0100759c0,2197,,,QUORUM,cassandra-1,True,False,2.744,2026-09-16T06:28:56.379012+00:00,
0b32a7fd-51a0-4d9c-ba8d-4bb0100759c0,monotonic_reads,network_partition,writer-1,write,mr-0b32a7fd-51a0-4d9c-ba8d-4bb0100759c0,2198,,,QUORUM,cassandra-1,True,False,2.076,2026-09-16T06:28:56.402930+00:00,
0b32a7fd-51a0-4d9c-ba8d-4bb0100759c0,monotonic_reads,network_partition,writer-1,write,mr-0b32a7fd-51a0-4d9c-ba8d-4bb0100759c0,2199,,,QUORUM,cassandra-1,True,False,2.45,2026-09-16T06:28:56.426884+00:00,
0b32a7fd-51a0-4d9c-ba8d-4bb0100759c0,monotonic_reads,network_partition,writer-1,write,mr-0b32a7fd-51a0-4d9c-ba8d-4bb0100759c0,2200,,,QUORUM,cassandra-1,True,False,2.962,2026-09-16T06:28:56.454902+00:00,
0b32a7fd-51a0-4d9c-ba8d-4bb0100759c0,monotonic_reads,network_partition,writer-1,write,mr-0b32a7fd-51a0-4d9c-ba8d-4bb0100759c0,2201,,,QUORUM,cassandra-1,True,False,1.935,2026-09-16T06:28:56.481936+00:00,
0b32a7fd-51a0-4d9c-ba8d-4bb0100759c0,monotonic_reads,network_partition,writer-1,write,mr-0b32a7fd-51a0-4d9c-ba8d-4bb0100759c0,2202,,,QUORUM,cassandra-1,True,False,2.905,2026-09-16T06:28:56.509939+00:00,
0b32a7fd-51a0-4d9c-ba8d-4bb0100759c0,monotonic_reads,network_partition,writer-1,write,mr-0b32a7fd-51a0-4d9c-ba8d-4bb0100759c0,2203,,,QUORUM,cassandra-1,True,False,2.168,2026-09-16T06:28:56.535961+00:00,
0b32a7fd-51a0-4d9c-ba8d-4bb0100759c0,monotonic_reads,network_partition,writer-1,write,mr-0b32a7fd-51a0-4d9c-ba8d-4bb0100759c0,2204,,,QUORUM,cassandra-1,True,False,2.673,2026-09-16T06:28:56.560958+00:00,
0b32a7fd-51a0-4d9c-ba8d-4bb0100759c0,monotonic_reads,network_partition,writer-1,write,mr-0b32a7fd-51a0-4d9c-ba8d-4bb0100759c0,2205,,,QUORUM,cassandra-1,True,False,2.808,2026-09-16T06:28:56.584909+00:00,
0b32a7fd-51a0-4d9c-ba8d-4bb0100759c0,monotonic_reads,network_partition,writer-1,write,mr-0b32a7fd-51a0-4d9c-ba8d-4bb0100759c0,2206,,,QUORUM,cassandra-1,True,False,2.032,2026-09-16T06:28:56.611331+00:00,
0b32a7fd-51a0-4d9c-ba8d-4bb0100759c0,monotonic_reads,network_partition,writer-1,write,mr-0b32a7fd-51a0-4d9c-ba8d-4bb0100759c0,2207,,,QUORUM,cassandra-1,True,False,2.587,2026-09-16T06:28:56.638177+00:00,
0b32a7fd-51a0-4d9c-ba8d-4bb0100759c0,monotonic_reads,network_partition,writer-1,write,mr-0b32a7fd-51a0-4d9c-ba8d-4bb0100759c0,2208,,,QUORUM,cassandra-1,True,False,1.651,2026-09-16T06:28:56.660879+00:00,
0b32a7fd-51a0-4d9c-ba8d-4bb0100759c0,monotonic_reads,network_partition,writer-1,write,mr-0b32a7fd-51a0-4d9c-ba8d-4bb0100759c0,2209,,,QUORUM,cassandra-1,True,False,1.776,2026-09-16T06:28:56.685935+00:00,
0b32a7fd-51a0-4d9c-ba8d-4bb0100759c0,monotonic_reads,network_partition,writer-1,write,mr-0b32a7fd-51a0-4d9c-ba8d-4bb0100759c0,2210,,,QUORUM,cassandra-1,True,False,2.329,2026-09-16T06:28:56.712981+00:00,
0b32a7fd-51a0-4d9c-ba8d-4bb0100759c0,monotonic_reads,network_partition,writer-1,write,mr-0b32a7fd-51a0-4d9c-ba8d-4bb0100759c0,2211,,,QUORUM,cassandra-1,True,False,2.38,2026-09-16T06:28:56.739917+00:00,
0b32a7fd-51a0-4d9c-ba8d-4bb0100759c0,monotonic_reads,network_partition,writer-1,write,mr-0b32a7fd-51a0-4d9c-ba8d-4bb0100759c0,2212,,,QUORUM,cassandra-1,True,False,2.772,2026-09-16T06:28:56.766942+00:00,
0b32a7fd-51a0-4d9c-ba8d-4bb0100759c0,monotonic_reads,network_partition,writer-1,write,mr-0b32a7fd-51a0-4d9c-ba8d-4bb0100759c0,2213,,,QUORUM,cassandra-1,True,False,3.063,2026-09-16T06:28:56.795116+00:00,
0b32a7fd-51a0-4d9c-ba8d-4bb0100759c0,monotonic_reads,network_partition,writer-1,write,mr-0b32a7fd-51a0-4d9c-ba8d-4bb0100759c0,2214,,,QUORUM,cassandra-1,True,False,2.815,2026-09-16T06:28:56.821010+00:00,
0b32a7fd-51a0-4d9c-ba8d-4bb0100759c0,monotonic_reads,network_partition,writer-1,write,mr-0b32a7fd-51a0-4d9c-ba8d-4bb0100759c0,2215,,,QUORUM,cassandra-1,True,False,2.913,2026-09-16T06:28:56.849125+00:00,
0b32a7fd-51a0-4d9c-ba8d-4bb0100759c0,monotonic_reads,network_partition,writer-1,write,mr-0b32a7fd-51a0-4d9c-ba8d-4bb0100759c0,2216,,,QUORUM,cassandra-1,True,False,4.349,2026-09-16T06:28:56.876104+00:00,
0b32a7fd-51a0-4d9c-ba8d-4bb0100759c0,monotonic_reads,network_partition,writer-1,write,mr-0b32a7fd-51a0-4d9c-ba8d-4bb0100759c0,2217,,,QUORUM,cassandra-1,True,False,2.401,2026-09-16T06:28:56.903102+00:00,
0b32a7fd-51a0-4d9c-ba8d-4bb0100759c0,monotonic_reads,network_partition,writer-1,write,mr-0b32a7fd-51a0-4d9c-ba8d-4bb0100759c0,2218,,,QUORUM,cassandra-1,True,False,4.861,2026-09-16T06:28:56.932487+00:00,
0b32a7fd-51a0-4d9c-ba8d-4bb0100759c0,monotonic_reads,network_partition,writer-1,write,mr-0b32a7fd-51a0-4d9c-ba8d-4bb0100759c0,2219,,,QUORUM,cassandra-1,True,False,3.758,2026-09-16T06:28:56.959351+00:00,
0b32a7fd-51a0-4d9c-ba8d-4bb0100759c0,monotonic_reads,network_partition,writer-1,write,mr-0b32a7fd-51a0-4d9c-ba8d-4bb0100759c0,2220,,,QUORUM,cassandra-1,True,False,4.361,2026-09-16T06:28:56.986420+00:00,
0b32a7fd-51a0-4d9c-ba8d-4bb0100759c0,monotonic_reads,network_partition,writer-1,write,mr-0b32a7fd-51a0-4d9c-ba8d-4bb0100759c0,2221,,,QUORUM,cassandra-1,True,False,4.887,2026-09-16T06:28:57.015727+00:00,
0b32a7fd-51a0-4d9c-ba8d-4bb0100759c0,monotonic_reads,network_partition,writer-1,write,mr-0b32a7fd-51a0-4d9c-ba8d-4bb0100759c0,2222,,,QUORUM,cassandra-1,True,False,5.324,2026-09-16T06:28:57.044938+00:00,
0b32a7fd-51a0-4d9c-ba8d-4bb0100759c0,monotonic_reads,network_partition,writer-1,write,mr-0b32a7fd-51a0-4d9c-ba8d-4bb0100759c0,2223,,,QUORUM,cassandra-1,True,False,5.546,2026-09-16T06:28:57.071694+00:00,
0b32a7fd-51a0-4d9c-ba8d-4bb0100759c0,monotonic_reads,network_partition,writer-1,write,mr-0b32a7fd-51a0-4d9c-ba8d-4bb0100759c0,2224,,,QUORUM,cassandra-1,True,False,5.85,2026-09-16T06:28:57.098856+00:00,
0b32a7fd-51a0-4d9c-ba8d-4bb0100759c0,monotonic_reads,network_partition,writer-1,write,mr-0b32a7fd-51a0-4d9c-ba8d-4bb0100759c0,2225,,,QUORUM,cassandra-1,True,False,5.08,2026-09-16T06:28:57.128702+00:00,
0b32a7fd-51a0-4d9c-ba8d-4bb0100759c0,monotonic_reads,network_partition,writer-1,write,mr-0b32a7fd-51a0-4d9c-ba8d-4bb0100759c0,2226,,,QUORUM,cassandra-1,True,False,4.28,2026-09-16T06:28:57.154596+00:00,
0b32a7fd-51a0-4d9c-ba8d-4bb0100759c0,monotonic_reads,network_partition,writer-1,write,mr-0b32a7fd-51a0-4d9c-ba8d-4bb0100759c0,2227,,,QUORUM,cassandra-1,True,False,4.64,2026-09-16T06:28:57.179843+00:00,
0b32a7fd-51a0-4d9c-ba8d-4bb0100759c0,monotonic_reads,network_partition,writer-1,write,mr-0b32a7fd-51a0-4d9c-ba8d-4bb0100759c0,2228,,,QUORUM,cassandra-1,True,False,2.517,2026-09-16T06:28:57.205126+00:00,
0b32a7fd-51a0-4d9c-ba8d-4bb0100759c0,monotonic_reads,network_partition,writer-1,write,mr-0b32a7fd-51a0-4d9c-ba8d-4bb0100759c0,2229,,,QUORUM,cassandra-1,True,False,4.674,2026-09-16T06:28:57.232691+00:00,
0b32a7fd-51a0-4d9c-ba8d-4bb0100759c0,monotonic_reads,network_partition,writer-1,write,mr-0b32a7fd-51a0-4d9c-ba8d-4bb0100759c0,2230,,,QUORUM,cassandra-1,True,False,4.835,2026-09-16T06:28:57.259808+00:00,
0b32a7fd-51a0-4d9c-ba8d-4bb0100759c0,monotonic_reads,network_partition,writer-1,write,mr-0b32a7fd-51a0-4d9c-ba8d-4bb0100759c0,2231,,,QUORUM,cassandra-1,True,False,4.086,2026-09-16T06:28:57.288696+00:00,
0b32a7fd-51a0-4d9c-ba8d-4bb0100759c0,monotonic_reads,network_partition,writer-1,write,mr-0b32a7fd-51a0-4d9c-ba8d-4bb0100759c0,2232,,,QUORUM,cassandra-1,True,False,6.152,2026-09-16T06:28:57.320097+00:00,
0b32a7fd-51a0-4d9c-ba8d-4bb0100759c0,monotonic_reads,network_partition,writer-1,write,mr-0b32a7fd-51a0-4d9c-ba8d-4bb0100759c0,2233,,,QUORUM,cassandra-1,True,False,2.092,2026-09-16T06:28:57.343932+00:00,
0b32a7fd-51a0-4d9c-ba8d-4bb0100759c0,monotonic_reads,network_partition,writer-1,write,mr-0b32a7fd-51a0-4d9c-ba8d-4bb0100759c0,2234,,,QUORUM,cassandra-1,True,False,2.47,2026-09-16T06:28:57.370813+00:00,
0b32a7fd-51a0-4d9c-ba8d-4bb0100759c0,monotonic_reads,network_partition,writer-1,write,mr-0b32a7fd-51a0-4d9c-ba8d-4bb0100759c0,2235,,,QUORUM,cassandra-1,True,False,2.329,2026-09-16T06:28:57.394979+00:00,
0b32a7fd-51a0-4d9c-ba8d-4bb0100759c0,monotonic_reads,network_partition,writer-1,write,mr-0b32a7fd-51a0-4d9c-ba8d-4bb0100759c0,2236,,,QUORUM,cassandra-1,True,False,3.085,2026-09-16T06:28:57.418937+00:00,
0b32a7fd-51a0-4d9c-ba8d-4bb0100759c0,monotonic_reads,network_partition,writer-1,write,mr-0b32a7fd-51a0-4d9c-ba8d-4bb0100759c0,2237,,,QUORUM,cassandra-1,True,False,2.55,2026-09-16T06:28:57.445870+00:00,
0b32a7fd-51a0-4d9c-ba8d-4bb0100759c0,monotonic_reads,network_partition,writer-1,write,mr-0b32a7fd-51a0-4d9c-ba8d-4bb0100759c0,2238,,,QUORUM,cassandra-1,True,False,2.955,2026-09-16T06:28:57.473006+00:00,
0b32a7fd-51a0-4d9c-ba8d-4bb0100759c0,monotonic_reads,network_partition,writer-1,write,mr-0b32a7fd-51a0-4d9c-ba8d-4bb0100759c0,2239,,,QUORUM,cassandra-1,True,False,4.781,2026-09-16T06:28:57.502399+00:00,
0b32a7fd-51a0-4d9c-ba8d-4bb0100759c0,monotonic_reads,network_partition,writer-1,write,mr-0b32a7fd-51a0-4d9c-ba8d-4bb0100759c0,2240,,,QUORUM,cassandra-1,True,False,8.485,2026-09-16T06:28:57.534520+00:00,
0b32a7fd-51a0-4d9c-ba8d-4bb0100759c0,monotonic_reads,network_partition,writer-1,write,mr-0b32a7fd-51a0-4d9c-ba8d-4bb0100759c0,2241,,,QUORUM,cassandra-1,True,False,2.558,2026-09-16T06:28:57.561895+00:00,
0b32a7fd-51a0-4d9c-ba8d-4bb0100759c0,monotonic_reads,network_partition,writer-1,write,mr-0b32a7fd-51a0-4d9c-ba8d-4bb0100759c0,2242,,,QUORUM,cassandra-1,True,False,5.41,2026-09-16T06:28:57.591699+00:00,
0b32a7fd-51a0-4d9c-ba8d-4bb0100759c0,monotonic_reads,network_partition,writer-1,write,mr-0b32a7fd-51a0-4d9c-ba8d-4bb0100759c0,2243,,,QUORUM,cassandra-1,True,False,4.685,2026-09-16T06:28:57.621596+00:00,
0b32a7fd-51a0-4d9c-ba8d-4bb0100759c0,monotonic_reads,network_partition,writer-1,write,mr-0b32a7fd-51a0-4d9c-ba8d-4bb0100759c0,2244,,,QUORUM,cassandra-1,True,False,5.216,2026-09-16T06:28:57.648752+00:00,
0b32a7fd-51a0-4d9c-ba8d-4bb0100759c0,monotonic_reads,network_partition,writer-1,write,mr-0b32a7fd-51a0-4d9c-ba8d-4bb0100759c0,2245,,,QUORUM,cassandra-1,True,False,5.192,2026-09-16T06:28:57.674800+00:00,
0b32a7fd-51a0-4d9c-ba8d-4bb0100759c0,monotonic_reads,network_partition,writer-1,write,mr-0b32a7fd-51a0-4d9c-ba8d-4bb0100759c0,2246,,,QUORUM,cassandra-1,True,False,5.106,2026-09-16T06:28:57.701507+00:00,
0b32a7fd-51a0-4d9c-ba8d-4bb0100759c0,monotonic_reads,network_partition,writer-1,write,mr-0b32a7fd-51a0-4d9c-ba8d-4bb0100759c0,2247,,,QUORUM,cassandra-1,True,False,5.434,2026-09-16T06:28:57.727908+00:00,
0b32a7fd-51a0-4d9c-ba8d-4bb0100759c0,monotonic_reads,network_partition,writer-1,write,mr-0b32a7fd-51a0-4d9c-ba8d-4bb0100759c0,2248,,,QUORUM,cassandra-1,True,False,4.969,2026-09-16T06:28:57.756454+00:00,
0b32a7fd-51a0-4d9c-ba8d-4bb0100759c0,monotonic_reads,network_partition,writer-1,write,mr-0b32a7fd-51a0-4d9c-ba8d-4bb0100759c0,2249,,,QUORUM,cassandra-1,True,False,4.061,2026-09-16T06:28:57.785660+00:00,
0b32a7fd-51a0-4d9c-ba8d-4bb0100759c0,monotonic_reads,network_partition,writer-1,write,mr-0b32a7fd-51a0-4d9c-ba8d-4bb0100759c0,2250,,,QUORUM,cassandra-1,True,False,12.39,2026-09-16T06:28:57.818529+00:00,
0b32a7fd-51a0-4d9c-ba8d-4bb0100759c0,monotonic_reads,network_partition,writer-1,write,mr-0b32a7fd-51a0-4d9c-ba8d-4bb0100759c0,2251,,,QUORUM,cassandra-1,True,False,5.197,2026-09-16T06:28:57.847817+00:00,
0b32a7fd-51a0-4d9c-ba8d-4bb0100759c0,monotonic_reads,network_partition,writer-1,write,mr-0b32a7fd-51a0-4d9c-ba8d-4bb0100759c0,2252,,,QUORUM,cassandra-1,True,False,2.617,2026-09-16T06:28:57.871996+00:00,
0b32a7fd-51a0-4d9c-ba8d-4bb0100759c0,monotonic_reads,network_partition,writer-1,write,mr-0b32a7fd-51a0-4d9c-ba8d-4bb0100759c0,2253,,,QUORUM,cassandra-1,True,False,6.05,2026-09-16T06:28:57.898719+00:00,
0b32a7fd-51a0-4d9c-ba8d-4bb0100759c0,monotonic_reads,network_partition,writer-1,write,mr-0b32a7fd-51a0-4d9c-ba8d-4bb0100759c0,2254,,,QUORUM,cassandra-1,True,False,5.042,2026-09-16T06:28:57.926669+00:00,
0b32a7fd-51a0-4d9c-ba8d-4bb0100759c0,monotonic_reads,network_partition,writer-1,write,mr-0b32a7fd-51a0-4d9c-ba8d-4bb0100759c0,2255,,,QUORUM,cassandra-1,True,False,4.569,2026-09-16T06:28:57.954685+00:00,
0b32a7fd-51a0-4d9c-ba8d-4bb0100759c0,monotonic_reads,network_partition,writer-1,write,mr-0b32a7fd-51a0-4d9c-ba8d-4bb0100759c0,2256,,,QUORUM,cassandra-1,True,False,6.397,2026-09-16T06:28:57.981733+00:00,
0b32a7fd-51a0-4d9c-ba8d-4bb0100759c0,monotonic_reads,network_partition,writer-1,write,mr-0b32a7fd-51a0-4d9c-ba8d-4bb0100759c0,2257,,,QUORUM,cassandra-1,True,False,5.188,2026-09-16T06:28:58.009803+00:00,
0b32a7fd-51a0-4d9c-ba8d-4bb0100759c0,monotonic_reads,network_partition,writer-1,write,mr-0b32a7fd-51a0-4d9c-ba8d-4bb0100759c0,2258,,,QUORUM,cassandra-1,True,False,5.003,2026-09-16T06:28:58.039809+00:00,
0b32a7fd-51a0-4d9c-ba8d-4bb0100759c0,monotonic_reads,network_partition,writer-1,write,mr-0b32a7fd-51a0-4d9c-ba8d-4bb0100759c0,2259,,,QUORUM,cassandra-1,True,False,5.152,2026-09-16T06:28:58.069771+00:00,
0b32a7fd-51a0-4d9c-ba8d-4bb0100759c0,monotonic_reads,network_partition,writer-1,write,mr-0b32a7fd-51a0-4d9c-ba8d-4bb0100759c0,2260,,,QUORUM,cassandra-1,True,False,5.42,2026-09-16T06:28:58.095983+00:00,
0b32a7fd-51a0-4d9c-ba8d-4bb0100759c0,monotonic_reads,network_partition,writer-1,write,mr-0b32a7fd-51a0-4d9c-ba8d-4bb0100759c0,2261,,,QUORUM,cassandra-1,True,False,5.043,2026-09-16T06:28:58.123672+00:00,
0b32a7fd-51a0-4d9c-ba8d-4bb0100759c0,monotonic_reads,network_partition,writer-1,write,mr-0b32a7fd-51a0-4d9c-ba8d-4bb0100759c0,2262,,,QUORUM,cassandra-1,True,False,4.62,2026-09-16T06:28:58.148747+00:00,
0b32a7fd-51a0-4d9c-ba8d-4bb0100759c0,monotonic_reads,network_partition,writer-1,write,mr-0b32a7fd-51a0-4d9c-ba8d-4bb0100759c0,2263,,,QUORUM,cassandra-1,True,False,3.908,2026-09-16T06:28:58.176403+00:00,
0b32a7fd-51a0-4d9c-ba8d-4bb0100759c0,monotonic_reads,network_partition,writer-1,write,mr-0b32a7fd-51a0-4d9c-ba8d-4bb0100759c0,2264,,,QUORUM,cassandra-1,True,False,5.045,2026-09-16T06:28:58.203439+00:00,
0b32a7fd-51a0-4d9c-ba8d-4bb0100759c0,monotonic_reads,network_partition,writer-1,write,mr-0b32a7fd-51a0-4d9c-ba8d-4bb0100759c0,2265,,,QUORUM,cassandra-1,True,False,4.846,2026-09-16T06:28:58.231479+00:00,
0b32a7fd-51a0-4d9c-ba8d-4bb0100759c0,monotonic_reads,network_partition,writer-1,write,mr-0b32a7fd-51a0-4d9c-ba8d-4bb0100759c0,2266,,,QUORUM,cassandra-1,True,False,5.154,2026-09-16T06:28:58.260787+00:00,
0b32a7fd-51a0-4d9c-ba8d-4bb0100759c0,monotonic_reads,network_partition,writer-1,write,mr-0b32a7fd-51a0-4d9c-ba8d-4bb0100759c0,2267,,,QUORUM,cassandra-1,True,False,4.817,2026-09-16T06:28:58.289637+00:00,
0b32a7fd-51a0-4d9c-ba8d-4bb0100759c0,monotonic_reads,network_partition,writer-1,write,mr-0b32a7fd-51a0-4d9c-ba8d-4bb0100759c0,2268,,,QUORUM,cassandra-1,True,False,5.174,2026-09-16T06:28:58.316806+00:00,
0b32a7fd-51a0-4d9c-ba8d-4bb0100759c0,monotonic_reads,network_partition,writer-1,write,mr-0b32a7fd-51a0-4d9c-ba8d-4bb0100759c0,2269,,,QUORUM,cassandra-1,True,False,4.446,2026-09-16T06:28:58.345476+00:00,
0b32a7fd-51a0-4d9c-ba8d-4bb0100759c0,monotonic_reads,network_partition,writer-1,write,mr-0b32a7fd-51a0-4d9c-ba8d-4bb0100759c0,2270,,,QUORUM,cassandra-1,True,False,2.848,2026-09-16T06:28:58.370990+00:00,
0b32a7fd-51a0-4d9c-ba8d-4bb0100759c0,monotonic_reads,network_partition,writer-1,write,mr-0b32a7fd-51a0-4d9c-ba8d-4bb0100759c0,2271,,,QUORUM,cassandra-1,True,False,4.864,2026-09-16T06:28:58.397519+00:00,
0b32a7fd-51a0-4d9c-ba8d-4bb0100759c0,monotonic_reads,network_partition,writer-1,write,mr-0b32a7fd-51a0-4d9c-ba8d-4bb0100759c0,2272,,,QUORUM,cassandra-1,True,False,5.285,2026-09-16T06:28:58.424745+00:00,
0b32a7fd-51a0-4d9c-ba8d-4bb0100759c0,monotonic_reads,network_partition,writer-1,write,mr-0b32a7fd-51a0-4d9c-ba8d-4bb0100759c0,2273,,,QUORUM,cassandra-1,True,False,5.078,2026-09-16T06:28:58.451693+00:00,
0b32a7fd-51a0-4d9c-ba8d-4bb0100759c0,monotonic_reads,network_partition,writer-1,write,mr-0b32a7fd-51a0-4d9c-ba8d-4bb0100759c0,2274,,,QUORUM,cassandra-1,True,False,11.303,2026-09-16T06:28:58.487285+00:00,
0b32a7fd-51a0-4d9c-ba8d-4bb0100759c0,monotonic_reads,network_partition,writer-1,write,mr-0b32a7fd-51a0-4d9c-ba8d-4bb0100759c0,2275,,,QUORUM,cassandra-1,True,False,4.375,2026-09-16T06:28:58.513683+00:00,
0b32a7fd-51a0-4d9c-ba8d-4bb0100759c0,monotonic_reads,network_partition,writer-1,write,mr-0b32a7fd-51a0-4d9c-ba8d-4bb0100759c0,2276,,,QUORUM,cassandra-1,True,False,2.533,2026-09-16T06:28:58.539017+00:00,
0b32a7fd-51a0-4d9c-ba8d-4bb0100759c0,monotonic_reads,network_partition,writer-1,write,mr-0b32a7fd-51a0-4d9c-ba8d-4bb0100759c0,2277,,,QUORUM,cassandra-1,True,False,4.299,2026-09-16T06:28:58.565823+00:00,
0b32a7fd-51a0-4d9c-ba8d-4bb0100759c0,monotonic_reads,network_partition,writer-1,write,mr-0b32a7fd-51a0-4d9c-ba8d-4bb0100759c0,2278,,,QUORUM,cassandra-1,True,False,5.148,2026-09-16T06:28:58.591773+00:00,
0b32a7fd-51a0-4d9c-ba8d-4bb0100759c0,monotonic_reads,network_partition,writer-1,write,mr-0b32a7fd-51a0-4d9c-ba8d-4bb0100759c0,2279,,,QUORUM,cassandra-1,True,False,4.707,2026-09-16T06:28:58.617531+00:00,
0b32a7fd-51a0-4d9c-ba8d-4bb0100759c0,monotonic_reads,network_partition,writer-1,write,mr-0b32a7fd-51a0-4d9c-ba8d-4bb0100759c0,2280,,,QUORUM,cassandra-1,True,False,5.06,2026-09-16T06:28:58.646950+00:00,
0b32a7fd-51a0-4d9c-ba8d-4bb0100759c0,monotonic_reads,network_partition,writer-1,write,mr-0b32a7fd-51a0-4d9c-ba8d-4bb0100759c0,2281,,,QUORUM,cassandra-1,True,False,4.477,2026-09-16T06:28:58.674545+00:00,
0b32a7fd-51a0-4d9c-ba8d-4bb0100759c0,monotonic_reads,network_partition,writer-1,write,mr-0b32a7fd-51a0-4d9c-ba8d-4bb0100759c0,2282,,,QUORUM,cassandra-1,True,False,5.31,2026-09-16T06:28:58.704805+00:00,
0b32a7fd-51a0-4d9c-ba8d-4bb0100759c0,monotonic_reads,network_partition,writer-1,write,mr-0b32a7fd-51a0-4d9c-ba8d-4bb0100759c0,2283,,,QUORUM,cassandra-1,True,False,5.032,2026-09-16T06:28:58.731667+00:00,
0b32a7fd-51a0-4d9c-ba8d-4bb0100759c0,monotonic_reads,network_partition,writer-1,write,mr-0b32a7fd-51a0-4d9c-ba8d-4bb0100759c0,2284,,,QUORUM,cassandra-1,True,False,4.92,2026-09-16T06:28:58.759029+00:00,
0b32a7fd-51a0-4d9c-ba8d-4bb0100759c0,monotonic_reads,network_partition,writer-1,write,mr-0b32a7fd-51a0-4d9c-ba8d-4bb0100759c0,2285,,,QUORUM,cassandra-1,True,False,4.572,2026-09-16T06:28:58.785483+00:00,
0b32a7fd-51a0-4d9c-ba8d-4bb0100759c0,monotonic_reads,network_partition,writer-1,write,mr-0b32a7fd-51a0-4d9c-ba8d-4bb0100759c0,2286,,,QUORUM,cassandra-1,True,False,5.597,2026-09-16T06:28:58.814926+00:00,
0b32a7fd-51a0-4d9c-ba8d-4bb0100759c0,monotonic_reads,network_partition,writer-1,write,mr-0b32a7fd-51a0-4d9c-ba8d-4bb0100759c0,2287,,,QUORUM,cassandra-1,True,False,4.4,2026-09-16T06:28:58.844542+00:00,
0b32a7fd-51a0-4d9c-ba8d-4bb0100759c0,monotonic_reads,network_partition,writer-1,write,mr-0b32a7fd-51a0-4d9c-ba8d-4bb0100759c0,2288,,,QUORUM,cassandra-1,True,False,5.609,2026-09-16T06:28:58.873774+00:00,
0b32a7fd-51a0-4d9c-ba8d-4bb0100759c0,monotonic_reads,network_partition,writer-1,write,mr-0b32a7fd-51a0-4d9c-ba8d-4bb0100759c0,2289,,,QUORUM,cassandra-1,True,False,4.79,2026-09-16T06:28:58.903422+00:00,
0b32a7fd-51a0-4d9c-ba8d-4bb0100759c0,monotonic_reads,network_partition,writer-1,write,mr-0b32a7fd-51a0-4d9c-ba8d-4bb0100759c0,2290,,,QUORUM,cassandra-1,True,False,6.112,2026-09-16T06:28:58.934672+00:00,
0b32a7fd-51a0-4d9c-ba8d-4bb0100759c0,monotonic_reads,network_partition,writer-1,write,mr-0b32a7fd-51a0-4d9c-ba8d-4bb0100759c0,2291,,,QUORUM,cassandra-1,True,False,6.585,2026-09-16T06:28:58.962558+00:00,
0b32a7fd-51a0-4d9c-ba8d-4bb0100759c0,monotonic_reads,network_partition,writer-1,write,mr-0b32a7fd-51a0-4d9c-ba8d-4bb0100759c0,2292,,,QUORUM,cassandra-1,True,False,4.908,2026-09-16T06:28:58.992722+00:00,
0b32a7fd-51a0-4d9c-ba8d-4bb0100759c0,monotonic_reads,network_partition,writer-1,write,mr-0b32a7fd-51a0-4d9c-ba8d-4bb0100759c0,2293,,,QUORUM,cassandra-1,True,False,5.453,2026-09-16T06:28:59.020953+00:00,
0b32a7fd-51a0-4d9c-ba8d-4bb0100759c0,monotonic_reads,network_partition,writer-1,write,mr-0b32a7fd-51a0-4d9c-ba8d-4bb0100759c0,2294,,,QUORUM,cassandra-1,True,False,5.017,2026-09-16T06:28:59.047076+00:00,
0b32a7fd-51a0-4d9c-ba8d-4bb0100759c0,monotonic_reads,network_partition,writer-1,write,mr-0b32a7fd-51a0-4d9c-ba8d-4bb0100759c0,2295,,,QUORUM,cassandra-1,True,False,4.403,2026-09-16T06:28:59.073119+00:00,
0b32a7fd-51a0-4d9c-ba8d-4bb0100759c0,monotonic_reads,network_partition,writer-1,write,mr-0b32a7fd-51a0-4d9c-ba8d-4bb0100759c0,2296,,,QUORUM,cassandra-1,True,False,6.28,2026-09-16T06:28:59.104295+00:00,
0b32a7fd-51a0-4d9c-ba8d-4bb0100759c0,monotonic_reads,network_partition,writer-1,write,mr-0b32a7fd-51a0-4d9c-ba8d-4bb0100759c0,2297,,,QUORUM,cassandra-1,True,False,4.709,2026-09-16T06:28:59.132829+00:00,
0b32a7fd-51a0-4d9c-ba8d-4bb0100759c0,monotonic_reads,network_partition,writer-1,write,mr-0b32a7fd-51a0-4d9c-ba8d-4bb0100759c0,2298,,,QUORUM,cassandra-1,True,False,4.632,2026-09-16T06:28:59.162699+00:00,
0b32a7fd-51a0-4d9c-ba8d-4bb0100759c0,monotonic_reads,network_partition,writer-1,write,mr-0b32a7fd-51a0-4d9c-ba8d-4bb0100759c0,2299,,,QUORUM,cassandra-1,True,False,5.551,2026-09-16T06:28:59.189170+00:00,
0b32a7fd-51a0-4d9c-ba8d-4bb0100759c0,monotonic_reads,network_partition,writer-1,write,mr-0b32a7fd-51a0-4d9c-ba8d-4bb0100759c0,2300,,,QUORUM,cassandra-1,True,False,5.597,2026-09-16T06:28:59.218680+00:00,
0b32a7fd-51a0-4d9c-ba8d-4bb0100759c0,monotonic_reads,network_partition,writer-1,write,mr-0b32a7fd-51a0-4d9c-ba8d-4bb0100759c0,2301,,,QUORUM,cassandra-1,True,False,4.85,2026-09-16T06:28:59.245465+00:00,
0b32a7fd-51a0-4d9c-ba8d-4bb0100759c0,monotonic_reads,network_partition,writer-1,write,mr-0b32a7fd-51a0-4d9c-ba8d-4bb0100759c0,2302,,,QUORUM,cassandra-1,True,False,5.136,2026-09-16T06:28:59.274737+00:00,
0b32a7fd-51a0-4d9c-ba8d-4bb0100759c0,monotonic_reads,network_partition,writer-1,write,mr-0b32a7fd-51a0-4d9c-ba8d-4bb0100759c0,2303,,,QUORUM,cassandra-1,True,False,5.625,2026-09-16T06:28:59.305263+00:00,
0b32a7fd-51a0-4d9c-ba8d-4bb0100759c0,monotonic_reads,network_partition,writer-1,write,mr-0b32a7fd-51a0-4d9c-ba8d-4bb0100759c0,2304,,,QUORUM,cassandra-1,True,False,4.967,2026-09-16T06:28:59.332587+00:00,
0b32a7fd-51a0-4d9c-ba8d-4bb0100759c0,monotonic_reads,network_partition,writer-1,write,mr-0b32a7fd-51a0-4d9c-ba8d-4bb0100759c0,2305,,,QUORUM,cassandra-1,True,False,6.001,2026-09-16T06:28:59.362114+00:00,
0b32a7fd-51a0-4d9c-ba8d-4bb0100759c0,monotonic_reads,network_partition,writer-1,write,mr-0b32a7fd-51a0-4d9c-ba8d-4bb0100759c0,2306,,,QUORUM,cassandra-1,True,False,5.587,2026-09-16T06:28:59.389378+00:00,
0b32a7fd-51a0-4d9c-ba8d-4bb0100759c0,monotonic_reads,network_partition,writer-1,write,mr-0b32a7fd-51a0-4d9c-ba8d-4bb0100759c0,2307,,,QUORUM,cassandra-1,True,False,2.411,2026-09-16T06:28:59.416922+00:00,
0b32a7fd-51a0-4d9c-ba8d-4bb0100759c0,monotonic_reads,network_partition,writer-1,write,mr-0b32a7fd-51a0-4d9c-ba8d-4bb0100759c0,2308,,,QUORUM,cassandra-1,True,False,3.034,2026-09-16T06:28:59.445078+00:00,
0b32a7fd-51a0-4d9c-ba8d-4bb0100759c0,monotonic_reads,network_partition,writer-1,write,mr-0b32a7fd-51a0-4d9c-ba8d-4bb0100759c0,2309,,,QUORUM,cassandra-1,True,False,2.84,2026-09-16T06:28:59.470987+00:00,
0b32a7fd-51a0-4d9c-ba8d-4bb0100759c0,monotonic_reads,network_partition,writer-1,write,mr-0b32a7fd-51a0-4d9c-ba8d-4bb0100759c0,2310,,,QUORUM,cassandra-1,True,False,2.122,2026-09-16T06:28:59.495921+00:00,
0b32a7fd-51a0-4d9c-ba8d-4bb0100759c0,monotonic_reads,network_partition,writer-1,write,mr-0b32a7fd-51a0-4d9c-ba8d-4bb0100759c0,2311,,,QUORUM,cassandra-1,True,False,2.598,2026-09-16T06:28:59.522997+00:00,
0b32a7fd-51a0-4d9c-ba8d-4bb0100759c0,monotonic_reads,network_partition,writer-1,write,mr-0b32a7fd-51a0-4d9c-ba8d-4bb0100759c0,2312,,,QUORUM,cassandra-1,True,False,2.803,2026-09-16T06:28:59.551025+00:00,
0b32a7fd-51a0-4d9c-ba8d-4bb0100759c0,monotonic_reads,network_partition,writer-1,write,mr-0b32a7fd-51a0-4d9c-ba8d-4bb0100759c0,2313,,,QUORUM,cassandra-1,True,False,2.54,2026-09-16T06:28:59.575019+00:00,
0b32a7fd-51a0-4d9c-ba8d-4bb0100759c0,monotonic_reads,network_partition,writer-1,write,mr-0b32a7fd-51a0-4d9c-ba8d-4bb0100759c0,2314,,,QUORUM,cassandra-1,True,False,4.121,2026-09-16T06:28:59.599580+00:00,
0b32a7fd-51a0-4d9c-ba8d-4bb0100759c0,monotonic_reads,network_partition,writer-1,write,mr-0b32a7fd-51a0-4d9c-ba8d-4bb0100759c0,2315,,,QUORUM,cassandra-1,True,False,4.373,2026-09-16T06:28:59.627473+00:00,
0b32a7fd-51a0-4d9c-ba8d-4bb0100759c0,monotonic_reads,network_partition,writer-1,write,mr-0b32a7fd-51a0-4d9c-ba8d-4bb0100759c0,2316,,,QUORUM,cassandra-1,True,False,5.471,2026-09-16T06:28:59.657775+00:00,
0b32a7fd-51a0-4d9c-ba8d-4bb0100759c0,monotonic_reads,network_partition,writer-1,write,mr-0b32a7fd-51a0-4d9c-ba8d-4bb0100759c0,2317,,,QUORUM,cassandra-1,True,False,5.089,2026-09-16T06:28:59.685799+00:00,
0b32a7fd-51a0-4d9c-ba8d-4bb0100759c0,monotonic_reads,network_partition,writer-1,write,mr-0b32a7fd-51a0-4d9c-ba8d-4bb0100759c0,2318,,,QUORUM,cassandra-1,True,False,6.123,2026-09-16T06:28:59.714382+00:00,
0b32a7fd-51a0-4d9c-ba8d-4bb0100759c0,monotonic_reads,network_partition,writer-1,write,mr-0b32a7fd-51a0-4d9c-ba8d-4bb0100759c0,2319,,,QUORUM,cassandra-1,True,False,6.081,2026-09-16T06:28:59.742720+00:00,
0b32a7fd-51a0-4d9c-ba8d-4bb0100759c0,monotonic_reads,network_partition,writer-1,write,mr-0b32a7fd-51a0-4d9c-ba8d-4bb0100759c0,2320,,,QUORUM,cassandra-1,True,False,5.153,2026-09-16T06:28:59.769004+00:00,
0b32a7fd-51a0-4d9c-ba8d-4bb0100759c0,monotonic_reads,network_partition,writer-1,write,mr-0b32a7fd-51a0-4d9c-ba8d-4bb0100759c0,2321,,,QUORUM,cassandra-1,True,False,4.907,2026-09-16T06:28:59.798501+00:00,
0b32a7fd-51a0-4d9c-ba8d-4bb0100759c0,monotonic_reads,network_partition,writer-1,write,mr-0b32a7fd-51a0-4d9c-ba8d-4bb0100759c0,2322,,,QUORUM,cassandra-1,True,False,5.137,2026-09-16T06:28:59.828765+00:00,
0b32a7fd-51a0-4d9c-ba8d-4bb0100759c0,monotonic_reads,network_partition,writer-1,write,mr-0b32a7fd-51a0-4d9c-ba8d-4bb0100759c0,2323,,,QUORUM,cassandra-1,True,False,5.685,2026-09-16T06:28:59.857297+00:00,
0b32a7fd-51a0-4d9c-ba8d-4bb0100759c0,monotonic_reads,network_partition,writer-1,write,mr-0b32a7fd-51a0-4d9c-ba8d-4bb0100759c0,2324,,,QUORUM,cassandra-1,True,False,4.639,2026-09-16T06:28:59.882619+00:00,
0b32a7fd-51a0-4d9c-ba8d-4bb0100759c0,monotonic_reads,network_partition,writer-1,write,mr-0b32a7fd-51a0-4d9c-ba8d-4bb0100759c0,2325,,,QUORUM,cassandra-1,True,False,4.963,2026-09-16T06:28:59.908736+00:00,
0b32a7fd-51a0-4d9c-ba8d-4bb0100759c0,monotonic_reads,network_partition,writer-1,write,mr-0b32a7fd-51a0-4d9c-ba8d-4bb0100759c0,2326,,,QUORUM,cassandra-1,True,False,5.124,2026-09-16T06:28:59.935651+00:00,
0b32a7fd-51a0-4d9c-ba8d-4bb0100759c0,monotonic_reads,network_partition,writer-1,write,mr-0b32a7fd-51a0-4d9c-ba8d-4bb0100759c0,2327,,,QUORUM,cassandra-1,True,False,4.787,2026-09-16T06:28:59.965662+00:00,
0b32a7fd-51a0-4d9c-ba8d-4bb0100759c0,monotonic_reads,network_partition,writer-1,write,mr-0b32a7fd-51a0-4d9c-ba8d-4bb0100759c0,2328,,,QUORUM,cassandra-1,True,False,5.74,2026-09-16T06:28:59.995715+00:00,
0b32a7fd-51a0-4d9c-ba8d-4bb0100759c0,monotonic_reads,network_partition,writer-1,write,mr-0b32a7fd-51a0-4d9c-ba8d-4bb0100759c0,2329,,,QUORUM,cassandra-1,True,False,4.564,2026-09-16T06:29:00.021572+00:00,
0b32a7fd-51a0-4d9c-ba8d-4bb0100759c0,monotonic_reads,network_partition,writer-1,write,mr-0b32a7fd-51a0-4d9c-ba8d-4bb0100759c0,2330,,,QUORUM,cassandra-1,True,False,4.893,2026-09-16T06:29:00.050842+00:00,
0b32a7fd-51a0-4d9c-ba8d-4bb0100759c0,monotonic_reads,network_partition,writer-1,write,mr-0b32a7fd-51a0-4d9c-ba8d-4bb0100759c0,2331,,,QUORUM,cassandra-1,True,False,4.842,2026-09-16T06:29:00.079961+00:00,
0b32a7fd-51a0-4d9c-ba8d-4bb0100759c0,monotonic_reads,network_partition,writer-1,write,mr-0b32a7fd-51a0-4d9c-ba8d-4bb0100759c0,2332,,,QUORUM,cassandra-1,True,False,7.148,2026-09-16T06:29:00.110176+00:00,
0b32a7fd-51a0-4d9c-ba8d-4bb0100759c0,monotonic_reads,network_partition,writer-1,write,mr-0b32a7fd-51a0-4d9c-ba8d-4bb0100759c0,2333,,,QUORUM,cassandra-1,True,False,4.881,2026-09-16T06:29:00.137491+00:00,
0b32a7fd-51a0-4d9c-ba8d-4bb0100759c0,monotonic_reads,network_partition,writer-1,write,mr-0b32a7fd-51a0-4d9c-ba8d-4bb0100759c0,2334,,,QUORUM,cassandra-1,True,False,5.049,2026-09-16T06:29:00.166699+00:00,
0b32a7fd-51a0-4d9c-ba8d-4bb0100759c0,monotonic_reads,network_partition,writer-1,write,mr-0b32a7fd-51a0-4d9c-ba8d-4bb0100759c0,2335,,,QUORUM,cassandra-1,True,False,4.79,2026-09-16T06:29:00.191868+00:00,
0b32a7fd-51a0-4d9c-ba8d-4bb0100759c0,monotonic_reads,network_partition,writer-1,write,mr-0b32a7fd-51a0-4d9c-ba8d-4bb0100759c0,2336,,,QUORUM,cassandra-1,True,False,4.729,2026-09-16T06:29:00.220821+00:00,
0b32a7fd-51a0-4d9c-ba8d-4bb0100759c0,monotonic_reads,network_partition,writer-1,write,mr-0b32a7fd-51a0-4d9c-ba8d-4bb0100759c0,2337,,,QUORUM,cassandra-1,True,False,5.042,2026-09-16T06:29:00.249752+00:00,
0b32a7fd-51a0-4d9c-ba8d-4bb0100759c0,monotonic_reads,network_partition,writer-1,write,mr-0b32a7fd-51a0-4d9c-ba8d-4bb0100759c0,2338,,,QUORUM,cassandra-1,True,False,4.856,2026-09-16T06:29:00.275468+00:00,
0b32a7fd-51a0-4d9c-ba8d-4bb0100759c0,monotonic_reads,network_partition,writer-1,write,mr-0b32a7fd-51a0-4d9c-ba8d-4bb0100759c0,2339,,,QUORUM,cassandra-1,True,False,4.918,2026-09-16T06:29:00.305399+00:00,
0b32a7fd-51a0-4d9c-ba8d-4bb0100759c0,monotonic_reads,network_partition,writer-1,write,mr-0b32a7fd-51a0-4d9c-ba8d-4bb0100759c0,2340,,,QUORUM,cassandra-1,True,False,4.826,2026-09-16T06:29:00.334573+00:00,
0b32a7fd-51a0-4d9c-ba8d-4bb0100759c0,monotonic_reads,network_partition,writer-1,write,mr-0b32a7fd-51a0-4d9c-ba8d-4bb0100759c0,2341,,,QUORUM,cassandra-1,True,False,5.479,2026-09-16T06:29:00.364798+00:00,
0b32a7fd-51a0-4d9c-ba8d-4bb0100759c0,monotonic_reads,network_partition,writer-1,write,mr-0b32a7fd-51a0-4d9c-ba8d-4bb0100759c0,2342,,,QUORUM,cassandra-1,True,False,4.556,2026-09-16T06:29:00.389826+00:00,
0b32a7fd-51a0-4d9c-ba8d-4bb0100759c0,monotonic_reads,network_partition,writer-1,write,mr-0b32a7fd-51a0-4d9c-ba8d-4bb0100759c0,2343,,,QUORUM,cassandra-1,True,False,4.711,2026-09-16T06:29:00.418339+00:00,
0b32a7fd-51a0-4d9c-ba8d-4bb0100759c0,monotonic_reads,network_partition,writer-1,write,mr-0b32a7fd-51a0-4d9c-ba8d-4bb0100759c0,2344,,,QUORUM,cassandra-1,True,False,5.387,2026-09-16T06:29:00.445996+00:00,
0b32a7fd-51a0-4d9c-ba8d-4bb0100759c0,monotonic_reads,network_partition,writer-1,write,mr-0b32a7fd-51a0-4d9c-ba8d-4bb0100759c0,2345,,,QUORUM,cassandra-1,True,False,4.718,2026-09-16T06:29:00.474722+00:00,
0b32a7fd-51a0-4d9c-ba8d-4bb0100759c0,monotonic_reads,network_partition,writer-1,write,mr-0b32a7fd-51a0-4d9c-ba8d-4bb0100759c0,2346,,,QUORUM,cassandra-1,True,False,5.523,2026-09-16T06:29:00.502624+00:00,
0b32a7fd-51a0-4d9c-ba8d-4bb0100759c0,monotonic_reads,network_partition,writer-1,write,mr-0b32a7fd-51a0-4d9c-ba8d-4bb0100759c0,2347,,,QUORUM,cassandra-1,True,False,5.157,2026-09-16T06:29:00.531774+00:00,
0b32a7fd-51a0-4d9c-ba8d-4bb0100759c0,monotonic_reads,network_partition,writer-1,write,mr-0b32a7fd-51a0-4d9c-ba8d-4bb0100759c0,2348,,,QUORUM,cassandra-1,True,False,4.508,2026-09-16T06:29:00.558498+00:00,
0b32a7fd-51a0-4d9c-ba8d-4bb0100759c0,monotonic_reads,network_partition,writer-1,write,mr-0b32a7fd-51a0-4d9c-ba8d-4bb0100759c0,2349,,,QUORUM,cassandra-1,True,False,5.146,2026-09-16T06:29:00.587736+00:00,
0b32a7fd-51a0-4d9c-ba8d-4bb0100759c0,monotonic_reads,network_partition,writer-1,write,mr-0b32a7fd-51a0-4d9c-ba8d-4bb0100759c0,2350,,,QUORUM,cassandra-1,True,False,5.069,2026-09-16T06:29:00.614686+00:00,
0b32a7fd-51a0-4d9c-ba8d-4bb0100759c0,monotonic_reads,network_partition,writer-1,write,mr-0b32a7fd-51a0-4d9c-ba8d-4bb0100759c0,2351,,,QUORUM,cassandra-1,True,False,4.983,2026-09-16T06:29:00.640635+00:00,
0b32a7fd-51a0-4d9c-ba8d-4bb0100759c0,monotonic_reads,network_partition,writer-1,write,mr-0b32a7fd-51a0-4d9c-ba8d-4bb0100759c0,2352,,,QUORUM,cassandra-1,True,False,5.082,2026-09-16T06:29:00.668673+00:00,
0b32a7fd-51a0-4d9c-ba8d-4bb0100759c0,monotonic_reads,network_partition,writer-1,write,mr-0b32a7fd-51a0-4d9c-ba8d-4bb0100759c0,2353,,,QUORUM,cassandra-1,True,False,4.88,2026-09-16T06:29:00.697518+00:00,
0b32a7fd-51a0-4d9c-ba8d-4bb0100759c0,monotonic_reads,network_partition,writer-1,write,mr-0b32a7fd-51a0-4d9c-ba8d-4bb0100759c0,2354,,,QUORUM,cassandra-1,True,False,5.01,2026-09-16T06:29:00.724629+00:00,
0b32a7fd-51a0-4d9c-ba8d-4bb0100759c0,monotonic_reads,network_partition,writer-1,write,mr-0b32a7fd-51a0-4d9c-ba8d-4bb0100759c0,2355,,,QUORUM,cassandra-1,True,False,4.772,2026-09-16T06:29:00.752415+00:00,
0b32a7fd-51a0-4d9c-ba8d-4bb0100759c0,monotonic_reads,network_partition,writer-1,write,mr-0b32a7fd-51a0-4d9c-ba8d-4bb0100759c0,2356,,,QUORUM,cassandra-1,True,False,5.402,2026-09-16T06:29:00.779806+00:00,
0b32a7fd-51a0-4d9c-ba8d-4bb0100759c0,monotonic_reads,network_partition,writer-1,write,mr-0b32a7fd-51a0-4d9c-ba8d-4bb0100759c0,2357,,,QUORUM,cassandra-1,True,False,5.585,2026-09-16T06:29:00.806928+00:00,
0b32a7fd-51a0-4d9c-ba8d-4bb0100759c0,monotonic_reads,network_partition,writer-1,write,mr-0b32a7fd-51a0-4d9c-ba8d-4bb0100759c0,2358,,,QUORUM,cassandra-1,True,False,5.078,2026-09-16T06:29:00.834615+00:00,
0b32a7fd-51a0-4d9c-ba8d-4bb0100759c0,monotonic_reads,network_partition,writer-1,write,mr-0b32a7fd-51a0-4d9c-ba8d-4bb0100759c0,2359,,,QUORUM,cassandra-1,True,False,6.443,2026-09-16T06:29:00.865744+00:00,
0b32a7fd-51a0-4d9c-ba8d-4bb0100759c0,monotonic_reads,network_partition,writer-1,write,mr-0b32a7fd-51a0-4d9c-ba8d-4bb0100759c0,2360,,,QUORUM,cassandra-1,True,False,5.13,2026-09-16T06:29:00.892726+00:00,
0b32a7fd-51a0-4d9c-ba8d-4bb0100759c0,monotonic_reads,network_partition,writer-1,write,mr-0b32a7fd-51a0-4d9c-ba8d-4bb0100759c0,2361,,,QUORUM,cassandra-1,True,False,4.751,2026-09-16T06:29:00.921371+00:00,
0b32a7fd-51a0-4d9c-ba8d-4bb0100759c0,monotonic_reads,network_partition,writer-1,write,mr-0b32a7fd-51a0-4d9c-ba8d-4bb0100759c0,2362,,,QUORUM,cassandra-1,True,False,4.777,2026-09-16T06:29:00.948800+00:00,
0b32a7fd-51a0-4d9c-ba8d-4bb0100759c0,monotonic_reads,network_partition,writer-1,write,mr-0b32a7fd-51a0-4d9c-ba8d-4bb0100759c0,2363,,,QUORUM,cassandra-1,True,False,5.253,2026-09-16T06:29:00.975725+00:00,
0b32a7fd-51a0-4d9c-ba8d-4bb0100759c0,monotonic_reads,network_partition,writer-1,write,mr-0b32a7fd-51a0-4d9c-ba8d-4bb0100759c0,2364,,,QUORUM,cassandra-1,True,False,4.452,2026-09-16T06:29:01.004758+00:00,
