trial_id,model,scenario,client,operation,key,version_written,version_observed,read_cl,write_cl,target_node,success,violation,latency_ms,timestamp,error
fcecb323-d229-498f-954e-1a4656ce06d7,monotonic_reads,network_partition,writer-1,write,mr-fcecb323-d229-498f-954e-1a4656ce06d7,1,,,ALL,cassandra-1,True,False,5.182,2026-09-16T12:59:43.349270+00:00,
fcecb323-d229-498f-954e-1a4656ce06d7,monotonic_reads,network_partition,writer-1,write,mr-fcecb323-d229-498f-954e-1a4656ce06d7,2,,,ALL,cassandra-1,True,False,3.961,2026-09-16T12:59:43.376914+00:00,
fcecb323-d229-498f-954e-1a4656ce06d7,monotonic_reads,network_partition,writer-1,write,mr-fcecb323-d229-498f-954e-1a4656ce06d7,3,,,ALL,cassandra-1,True,False,5.36,2026-09-16T12:59:43.403182+00:00,
fcecb323-d229-498f-954e-1a4656ce06d7,monotonic_reads,network_partition,writer-1,write,mr-fcecb323-d229-498f-954e-1a4656ce06d7,4,,,ALL,cassandra-1,True,False,4.961,2026-09-16T12:59:43.433029+00:00,
fcecb323-d229-498f-954e-1a4656ce06d7,monotonic_reads,network_partition,writer-1,write,mr-fcecb323-d229-498f-954e-1a4656ce06d7,5,,,ALL,cassandra-1,True,False,4.758,2026-09-16T12:59:43.460976+00:00,
fcecb323-d229-498f-954e-1a4656ce06d7,monotonic_reads,network_partition,writer-1,write,mr-fcecb323-d229-498f-954e-1a4656ce06d7,6,,,ALL,cassandra-1,True,False,5.105,2026-09-16T12:59:43.487042+00:00,
fcecb323-d229-498f-954e-1a4656ce06d7,monotonic_reads,network_partition,writer-1,write,mr-fcecb323-d229-498f-954e-1a4656ce06d7,7,,,ALL,cassandra-1,True,False,5.925,2026-09-16T12:59:43.517318+00:00,
fcecb323-d229-498f-954e-1a4656ce06d7,monotonic_reads,network_partition,writer-1,write,mr-fcecb323-d229-498f-954e-1a4656ce06d7,8,,,ALL,cassandra-1,True,False,5.176,2026-09-16T12:59:43.546083+00:00,
fcecb323-d229-498f-954e-1a4656ce06d7,monotonic_reads,network_partition,writer-1,write,mr-fcecb323-d229-498f-954e-1a4656ce06d7,9,,,ALL,cassandra-1,True,False,4.917,2026-09-16T12:59:43.575145+00:00,
fcecb323-d229-498f-954e-1a4656ce06d7,monotonic_reads,network_partition,writer-1,write,mr-fcecb323-d229-498f-954e-1a4656ce06d7,10,,,ALL,cassandra-1,True,False,5.15,2026-09-16T12:59:43.601079+00:00,
fcecb323-d229-498f-954e-1a4656ce06d7,monotonic_reads,network_partition,writer-1,write,mr-fcecb323-d229-498f-954e-1a4656ce06d7,11,,,ALL,cassandra-1,True,False,5.091,2026-09-16T12:59:43.627027+00:00,
fcecb323-d229-498f-954e-1a4656ce06d7,monotonic_reads,network_partition,writer-1,write,mr-fcecb323-d229-498f-954e-1a4656ce06d7,12,,,ALL,cassandra-1,True,False,5.58,2026-09-16T12:59:43.657306+00:00,
fcecb323-d229-498f-954e-1a4656ce06d7,monotonic_reads,network_partition,writer-1,write,mr-fcecb323-d229-498f-954e-1a4656ce06d7,13,,,ALL,cassandra-1,True,False,5.043,2026-09-16T12:59:43.686229+00:00,
fcecb323-d229-498f-954e-1a4656ce06d7,monotonic_reads,network_partition,writer-1,write,mr-fcecb323-d229-498f-954e-1a4656ce06d7,14,,,ALL,cassandra-1,True,False,5.231,2026-09-16T12:59:43.716164+00:00,
fcecb323-d229-498f-954e-1a4656ce06d7,monotonic_reads,network_partition,writer-1,write,mr-fcecb323-d229-498f-954e-1a4656ce06d7,15,,,ALL,cassandra-1,True,False,5.158,2026-09-16T12:59:43.746102+00:00,
fcecb323-d229-498f-954e-1a4656ce06d7,monotonic_reads,network_partition,writer-1,write,mr-fcecb323-d229-498f-954e-1a4656ce06d7,16,,,ALL,cassandra-1,True,False,4.787,2026-09-16T12:59:43.773065+00:00,
fcecb323-d229-498f-954e-1a4656ce06d7,monotonic_reads,network_partition,writer-1,write,mr-fcecb323-d229-498f-954e-1a4656ce06d7,17,,,ALL,cassandra-1,True,False,4.693,2026-09-16T12:59:43.797995+00:00,
fcecb323-d229-498f-954e-1a4656ce06d7,monotonic_reads,network_partition,writer-1,write,mr-fcecb323-d229-498f-954e-1a4656ce06d7,18,,,ALL,cassandra-1,True,False,4.737,2026-09-16T12:59:43.825043+00:00,
fcecb323-d229-498f-954e-1a4656ce06d7,monotonic_reads,network_partition,reader-1,read,mr-fcecb323-d229-498f-954e-1a4656ce06d7,,18,ONE,ALL,cassandra-1,True,False,5036.273,2026-09-16T12:59:43.851162+00:00,
fcecb323-d229-498f-954e-1a4656ce06d7,monotonic_reads,network_partition,writer-1,write,mr-fcecb323-d229-498f-954e-1a4656ce06d7,19,,,ALL,cassandra-1,True,False,3.708,2026-09-16T12:59:43.851502+00:00,
fcecb323-d229-498f-954e-1a4656ce06d7,monotonic_reads,network_partition,writer-1,write,mr-fcecb323-d229-498f-954e-1a4656ce06d7,20,,,ALL,cassandra-1,True,False,4.85,2026-09-16T12:59:43.876574+00:00,
fcecb323-d229-498f-954e-1a4656ce06d7,monotonic_reads,network_partition,writer-1,write,mr-fcecb323-d229-498f-954e-1a4656ce06d7,21,,,ALL,cassandra-1,True,False,5.367,2026-09-16T12:59:43.904770+00:00,
fcecb323-d229-498f-954e-1a4656ce06d7,monotonic_reads,network_partition,writer-1,write,mr-fcecb323-d229-498f-954e-1a4656ce06d7,22,,,ALL,cassandra-1,True,False,5.03,2026-09-16T12:59:43.930969+00:00,
fcecb323-d229-498f-954e-1a4656ce06d7,monotonic_reads,network_partition,writer-1,write,mr-fcecb323-d229-498f-954e-1a4656ce06d7,23,,,ALL,cassandra-1,True,False,5.294,2026-09-16T12:59:43.961193+00:00,
fcecb323-d229-498f-954e-1a4656ce06d7,monotonic_reads,network_partition,writer-1,write,mr-fcecb323-d229-498f-954e-1a4656ce06d7,24,,,ALL,cassandra-1,True,False,5.261,2026-09-16T12:59:43.988189+00:00,
fcecb323-d229-498f-954e-1a4656ce06d7,monotonic_reads,network_partition,writer-1,write,mr-fcecb323-d229-498f-954e-1a4656ce06d7,25,,,ALL,cassandra-1,True,False,5.443,2026-09-16T12:59:44.017235+00:00,
fcecb323-d229-498f-954e-1a4656ce06d7,monotonic_reads,network_partition,writer-1,write,mr-fcecb323-d229-498f-954e-1a4656ce06d7,26,,,ALL,cassandra-1,True,False,5.196,2026-09-16T12:59:44.042882+00:00,
fcecb323-d229-498f-954e-1a4656ce06d7,monotonic_reads,network_partition,writer-1,write,mr-fcecb323-d229-498f-954e-1a4656ce06d7,27,,,ALL,cassandra-1,True,False,4.772,2026-09-16T12:59:44.070088+00:00,
fcecb323-d229-498f-954e-1a4656ce06d7,monotonic_reads,network_partition,writer-1,write,mr-fcecb323-d229-498f-954e-1a4656ce06d7,28,,,ALL,cassandra-1,True,False,4.702,2026-09-16T12:59:44.098895+00:00,
fcecb323-d229-498f-954e-1a4656ce06d7,monotonic_reads,network_partition,writer-1,write,mr-fcecb323-d229-498f-954e-1a4656ce06d7,29,,,ALL,cassandra-1,True,False,5.01,2026-09-16T12:59:44.126952+00:00,
fcecb323-d229-498f-954e-1a4656ce06d7,monotonic_reads,network_partition,writer-1,write,mr-fcecb323-d229-498f-954e-1a4656ce06d7,30,,,ALL,cassandra-1,True,False,5.202,2026-09-16T12:59:44.156079+00:00,
fcecb323-d229-498f-954e-1a4656ce06d7,monotonic_reads,network_partition,writer-1,write,mr-fcecb323-d229-498f-954e-1a4656ce06d7,31,,,ALL,cassandra-1,True,False,4.574,2026-09-16T12:59:44.183761+00:00,
fcecb323-d229-498f-954e-1a4656ce06d7,monotonic_reads,network_partition,writer-1,write,mr-fcecb323-d229-498f-954e-1a4656ce06d7,32,,,ALL,cassandra-1,True,False,4.772,2026-09-16T12:59:44.209098+00:00,
fcecb323-d229-498f-954e-1a4656ce06d7,monotonic_reads,network_partition,writer-1,write,mr-fcecb323-d229-498f-954e-1a4656ce06d7,33,,,ALL,cassandra-1,True,False,4.982,2026-09-16T12:59:44.237844+00:00,
fcecb323-d229-498f-954e-1a4656ce06d7,monotonic_reads,network_partition,writer-1,write,mr-fcecb323-d229-498f-954e-1a4656ce06d7,34,,,ALL,cassandra-1,True,False,4.788,2026-09-16T12:59:44.267811+00:00,
fcecb323-d229-498f-954e-1a4656ce06d7,monotonic_reads,network_partition,writer-1,write,mr-fcecb323-d229-498f-954e-1a4656ce06d7,35,,,ALL,cassandra-1,True,False,5.083,2026-09-16T12:59:44.296018+00:00,
fcecb323-d229-498f-954e-1a4656ce06d7,monotonic_reads,network_partition,writer-1,write,mr-fcecb323-d229-498f-954e-1a4656ce06d7,36,,,ALL,cassandra-1,True,False,5.017,2026-09-16T12:59:44.323931+00:00,
fcecb323-d229-498f-954e-1a4656ce06d7,monotonic_reads,network_partition,writer-1,write,mr-fcecb323-d229-498f-954e-1a4656ce06d7,37,,,ALL,cassandra-1,True,False,5.686,2026-09-16T12:59:44.351002+00:00,
fcecb323-d229-498f-954e-1a4656ce06d7,monotonic_reads,network_partition,writer-1,write,mr-fcecb323-d229-498f-954e-1a4656ce06d7,38,,,ALL,cassandra-1,True,False,5.095,2026-09-16T12:59:44.378057+00:00,
fcecb323-d229-498f-954e-1a4656ce06d7,monotonic_reads,network_partition,writer-1,write,mr-fcecb323-d229-498f-954e-1a4656ce06d7,39,,,ALL,cassandra-1,True,False,5.008,2026-09-16T12:59:44.403837+00:00,
fcecb323-d229-498f-954e-1a4656ce06d7,monotonic_reads,network_partition,writer-1,write,mr-fcecb323-d229-498f-954e-1a4656ce06d7,40,,,ALL,cassandra-1,True,False,4.852,2026-09-16T12:59:44.432904+00:00,
fcecb323-d229-498f-954e-1a4656ce06d7,monotonic_reads,network_partition,writer-1,write,mr-fcecb323-d229-498f-954e-1a4656ce06d7,41,,,ALL,cassandra-1,True,False,5.29,2026-09-16T12:59:44.461219+00:00,
fcecb323-d229-498f-954e-1a4656ce06d7,monotonic_reads,network_partition,writer-1,write,mr-fcecb323-d229-498f-954e-1a4656ce06d7,42,,,ALL,cassandra-1,True,False,4.985,2026-09-16T12:59:44.488154+00:00,
fcecb323-d229-498f-954e-1a4656ce06d7,monotonic_reads,network_partition,writer-1,write,mr-fcecb323-d229-498f-954e-1a4656ce06d7,43,,,ALL,cassandra-1,True,False,5.501,2026-09-16T12:59:44.518666+00:00,
fcecb323-d229-498f-954e-1a4656ce06d7,monotonic_reads,network_partition,writer-1,write,mr-fcecb323-d229-498f-954e-1a4656ce06d7,44,,,ALL,cassandra-1,True,False,5.019,2026-09-16T12:59:44.546989+00:00,
fcecb323-d229-498f-954e-1a4656ce06d7,monotonic_reads,network_partition,writer-1,write,mr-fcecb323-d229-498f-954e-1a4656ce06d7,45,,,ALL,cassandra-1,True,False,4.256,2026-09-16T12:59:44.572776+00:00,
fcecb323-d229-498f-954e-1a4656ce06d7,monotonic_reads,network_partition,writer-1,write,mr-fcecb323-d229-498f-954e-1a4656ce06d7,46,,,ALL,cassandra-1,True,False,4.142,2026-09-16T12:59:44.599570+00:00,
fcecb323-d229-498f-954e-1a4656ce06d7,monotonic_reads,network_partition,writer-1,write,mr-fcecb323-d229-498f-954e-1a4656ce06d7,47,,,ALL,cassandra-1,True,False,4.9,2026-09-16T12:59:44.626704+00:00,
fcecb323-d229-498f-954e-1a4656ce06d7,monotonic_reads,network_partition,writer-1,write,mr-fcecb323-d229-498f-954e-1a4656ce06d7,48,,,ALL,cassandra-1,True,False,4.737,2026-09-16T12:59:44.656638+00:00,
fcecb323-d229-498f-954e-1a4656ce06d7,monotonic_reads,network_partition,writer-1,write,mr-fcecb323-d229-498f-954e-1a4656ce06d7,49,,,ALL,cassandra-1,True,False,6.726,2026-09-16T12:59:44.686527+00:00,
fcecb323-d229-498f-954e-1a4656ce06d7,monotonic_reads,network_partition,writer-1,write,mr-fcecb323-d229-498f-954e-1a4656ce06d7,50,,,ALL,cassandra-1,True,False,5.209,2026-09-16T12:59:44.716078+00:00,
fcecb323-d229-498f-954e-1a4656ce06d7,monotonic_reads,network_partition,writer-1,write,mr-fcecb323-d229-498f-954e-1a4656ce06d7,51,,,ALL,cassandra-1,True,False,4.732,2026-09-16T12:59:44.746061+00:00,
fcecb323-d229-498f-954e-1a4656ce06d7,monotonic_reads,network_partition,writer-1,write,mr-fcecb323-d229-498f-954e-1a4656ce06d7,52,,,ALL,cassandra-1,True,False,4.823,2026-09-16T12:59:44.771762+00:00,
fcecb323-d229-498f-954e-1a4656ce06d7,monotonic_reads,network_partition,writer-1,write,mr-fcecb323-d229-498f-954e-1a4656ce06d7,53,,,ALL,cassandra-1,True,False,5.139,2026-09-16T12:59:44.802120+00:00,
fcecb323-d229-498f-954e-1a4656ce06d7,monotonic_reads,network_partition,writer-1,write,mr-fcecb323-d229-498f-954e-1a4656ce06d7,54,,,ALL,cassandra-1,True,False,5.13,2026-09-16T12:59:44.830052+00:00,
fcecb323-d229-498f-954e-1a4656ce06d7,monotonic_reads,network_partition,writer-1,write,mr-fcecb323-d229-498f-954e-1a4656ce06d7,55,,,ALL,cassandra-1,True,False,4.627,2026-09-16T12:59:44.859934+00:00,
fcecb323-d229-498f-954e-1a4656ce06d7,monotonic_reads,network_partition,writer-1,write,mr-fcecb323-d229-498f-954e-1a4656ce06d7,56,,,ALL,cassandra-1,True,False,5.423,2026-09-16T12:59:44.889325+00:00,
fcecb323-d229-498f-954e-1a4656ce06d7,monotonic_reads,network_partition,writer-1,write,mr-fcecb323-d229-498f-954e-1a4656ce06d7,57,,,ALL,cassandra-1,True,False,4.681,2026-09-16T12:59:44.917966+00:00,
fcecb323-d229-498f-954e-1a4656ce06d7,monotonic_reads,network_partition,writer-1,write,mr-fcecb323-d229-498f-954e-1a4656ce06d7,58,,,ALL,cassandra-1,True,False,5.021,2026-09-16T12:59:44.944882+00:00,
fcecb323-d229-498f-954e-1a4656ce06d7,monotonic_reads,network_partition,writer-1,write,mr-fcecb323-d229-498f-954e-1a4656ce06d7,59,,,ALL,cassandra-1,True,False,4.719,2026-09-16T12:59:44.971025+00:00,
fcecb323-d229-498f-954e-1a4656ce06d7,monotonic_reads,network_partition,writer-1,write,mr-fcecb323-d229-498f-954e-1a4656ce06d7,60,,,ALL,cassandra-1,True,False,4.553,2026-09-16T12:59:45.000898+00:00,
fcecb323-d229-498f-954e-1a4656ce06d7,monotonic_reads,network_partition,writer-1,write,mr-fcecb323-d229-498f-954e-1a4656ce06d7,61,,,ALL,cassandra-1,True,False,4.641,2026-09-16T12:59:45.027842+00:00,
fcecb323-d229-498f-954e-1a4656ce06d7,monotonic_reads,network_partition,writer-1,write,mr-fcecb323-d229-498f-954e-1a4656ce06d7,62,,,ALL,cassandra-1,True,False,5.688,2026-09-16T12:59:45.058283+00:00,
fcecb323-d229-498f-954e-1a4656ce06d7,monotonic_reads,network_partition,writer-1,write,mr-fcecb323-d229-498f-954e-1a4656ce06d7,63,,,ALL,cassandra-1,True,False,4.934,2026-09-16T12:59:45.086841+00:00,
fcecb323-d229-498f-954e-1a4656ce06d7,monotonic_reads,network_partition,writer-1,write,mr-fcecb323-d229-498f-954e-1a4656ce06d7,64,,,ALL,cassandra-1,True,False,4.878,2026-09-16T12:59:45.116926+00:00,
fcecb323-d229-498f-954e-1a4656ce06d7,monotonic_reads,network_partition,writer-1,write,mr-fcecb323-d229-498f-954e-1a4656ce06d7,65,,,ALL,cassandra-1,True,False,4.606,2026-09-16T12:59:45.146047+00:00,
fcecb323-d229-498f-954e-1a4656ce06d7,monotonic_reads,network_partition,writer-1,write,mr-fcecb323-d229-498f-954e-1a4656ce06d7,66,,,ALL,cassandra-1,True,False,5.111,2026-09-16T12:59:45.172965+00:00,
fcecb323-d229-498f-954e-1a4656ce06d7,monotonic_reads,network_partition,writer-1,write,mr-fcecb323-d229-498f-954e-1a4656ce06d7,67,,,ALL,cassandra-1,True,False,6.619,2026-09-16T12:59:45.203935+00:00,
fcecb323-d229-498f-954e-1a4656ce06d7,monotonic_reads,network_partition,writer-1,write,mr-fcecb323-d229-498f-954e-1a4656ce06d7,68,,,ALL,cassandra-1,True,False,6.151,2026-09-16T12:59:45.234048+00:00,
fcecb323-d229-498f-954e-1a4656ce06d7,monotonic_reads,network_partition,writer-1,write,mr-fcecb323-d229-498f-954e-1a4656ce06d7,69,,,ALL,cassandra-1,True,False,5.177,2026-09-16T12:59:45.262935+00:00,
fcecb323-d229-498f-954e-1a4656ce06d7,monotonic_reads,network_partition,writer-1,write,mr-fcecb323-d229-498f-954e-1a4656ce06d7,70,,,ALL,cassandra-1,True,False,4.785,2026-09-16T12:59:45.292924+00:00,
fcecb323-d229-498f-954e-1a4656ce06d7,monotonic_reads,network_partition,writer-1,write,mr-fcecb323-d229-498f-954e-1a4656ce06d7,71,,,ALL,cassandra-1,True,False,4.882,2026-09-16T12:59:45.320843+00:00,
fcecb323-d229-498f-954e-1a4656ce06d7,monotonic_reads,network_partition,writer-1,write,mr-fcecb323-d229-498f-954e-1a4656ce06d7,72,,,ALL,cassandra-1,True,False,5.581,2026-09-16T12:59:45.351098+00:00,
fcecb323-d229-498f-954e-1a4656ce06d7,monotonic_reads,network_partition,writer-1,write,mr-fcecb323-d229-498f-954e-1a4656ce06d7,73,,,ALL,cassandra-1,True,False,4.668,2026-09-16T12:59:45.379013+00:00,
fcecb323-d229-498f-954e-1a4656ce06d7,monotonic_reads,network_partition,writer-1,write,mr-fcecb323-d229-498f-954e-1a4656ce06d7,74,,,ALL,cassandra-1,True,False,5.085,2026-09-16T12:59:45.407041+00:00,
fcecb323-d229-498f-954e-1a4656ce06d7,monotonic_reads,network_partition,writer-1,write,mr-fcecb323-d229-498f-954e-1a4656ce06d7,75,,,ALL,cassandra-1,True,False,5.782,2026-09-16T12:59:45.435092+00:00,
fcecb323-d229-498f-954e-1a4656ce06d7,monotonic_reads,network_partition,writer-1,write,mr-fcecb323-d229-498f-954e-1a4656ce06d7,76,,,ALL,cassandra-1,True,False,5.348,2026-09-16T12:59:45.465016+00:00,
fcecb323-d229-498f-954e-1a4656ce06d7,monotonic_reads,network_partition,writer-1,write,mr-fcecb323-d229-498f-954e-1a4656ce06d7,77,,,ALL,cassandra-1,True,False,5.252,2026-09-16T12:59:45.491136+00:00,
fcecb323-d229-498f-954e-1a4656ce06d7,monotonic_reads,network_partition,writer-1,write,mr-fcecb323-d229-498f-954e-1a4656ce06d7,78,,,ALL,cassandra-1,True,False,6.07,2026-09-16T12:59:45.520146+00:00,
fcecb323-d229-498f-954e-1a4656ce06d7,monotonic_reads,network_partition,writer-1,write,mr-fcecb323-d229-498f-954e-1a4656ce06d7,79,,,ALL,cassandra-1,True,False,3.041,2026-09-16T12:59:45.548397+00:00,
fcecb323-d229-498f-954e-1a4656ce06d7,monotonic_reads,network_partition,writer-1,write,mr-fcecb323-d229-498f-954e-1a4656ce06d7,80,,,ALL,cassandra-1,True,False,2.424,2026-09-16T12:59:45.575286+00:00,
fcecb323-d229-498f-954e-1a4656ce06d7,monotonic_reads,network_partition,writer-1,write,mr-fcecb323-d229-498f-954e-1a4656ce06d7,81,,,ALL,cassandra-1,True,False,2.148,2026-09-16T12:59:45.599250+00:00,
fcecb323-d229-498f-954e-1a4656ce06d7,monotonic_reads,network_partition,writer-1,write,mr-fcecb323-d229-498f-954e-1a4656ce06d7,82,,,ALL,cassandra-1,True,False,2.755,2026-09-16T12:59:45.627178+00:00,
fcecb323-d229-498f-954e-1a4656ce06d7,monotonic_reads,network_partition,writer-1,write,mr-fcecb323-d229-498f-954e-1a4656ce06d7,83,,,ALL,cassandra-1,True,False,2.49,2026-09-16T12:59:45.654523+00:00,
fcecb323-d229-498f-954e-1a4656ce06d7,monotonic_reads,network_partition,writer-1,write,mr-fcecb323-d229-498f-954e-1a4656ce06d7,84,,,ALL,cassandra-1,True,False,2.362,2026-09-16T12:59:45.680372+00:00,
fcecb323-d229-498f-954e-1a4656ce06d7,monotonic_reads,network_partition,writer-1,write,mr-fcecb323-d229-498f-954e-1a4656ce06d7,85,,,ALL,cassandra-1,True,False,3.136,2026-09-16T12:59:45.708531+00:00,
fcecb323-d229-498f-954e-1a4656ce06d7,monotonic_reads,network_partition,writer-1,write,mr-fcecb323-d229-498f-954e-1a4656ce06d7,86,,,ALL,cassandra-1,True,False,5.307,2026-09-16T12:59:45.737836+00:00,
fcecb323-d229-498f-954e-1a4656ce06d7,monotonic_reads,network_partition,writer-1,write,mr-fcecb323-d229-498f-954e-1a4656ce06d7,87,,,ALL,cassandra-1,True,False,5.431,2026-09-16T12:59:45.764181+00:00,
fcecb323-d229-498f-954e-1a4656ce06d7,monotonic_reads,network_partition,writer-1,write,mr-fcecb323-d229-498f-954e-1a4656ce06d7,88,,,ALL,cassandra-1,True,False,3.387,2026-09-16T12:59:45.789460+00:00,
fcecb323-d229-498f-954e-1a4656ce06d7,monotonic_reads,network_partition,writer-1,write,mr-fcecb323-d229-498f-954e-1a4656ce06d7,89,,,ALL,cassandra-1,True,False,2.722,2026-09-16T12:59:45.814283+00:00,
fcecb323-d229-498f-954e-1a4656ce06d7,monotonic_reads,network_partition,writer-1,write,mr-fcecb323-d229-498f-954e-1a4656ce06d7,90,,,ALL,cassandra-1,True,False,2.667,2026-09-16T12:59:45.838536+00:00,
fcecb323-d229-498f-954e-1a4656ce06d7,monotonic_reads,network_partition,writer-1,write,mr-fcecb323-d229-498f-954e-1a4656ce06d7,91,,,ALL,cassandra-1,True,False,2.181,2026-09-16T12:59:45.865263+00:00,
fcecb323-d229-498f-954e-1a4656ce06d7,monotonic_reads,network_partition,writer-1,write,mr-fcecb323-d229-498f-954e-1a4656ce06d7,92,,,ALL,cassandra-1,True,False,2.943,2026-09-16T12:59:45.891334+00:00,
fcecb323-d229-498f-954e-1a4656ce06d7,monotonic_reads,network_partition,writer-1,write,mr-fcecb323-d229-498f-954e-1a4656ce06d7,93,,,ALL,cassandra-1,True,False,2.753,2026-09-16T12:59:45.915244+00:00,
fcecb323-d229-498f-954e-1a4656ce06d7,monotonic_reads,network_partition,writer-1,write,mr-fcecb323-d229-498f-954e-1a4656ce06d7,94,,,ALL,cassandra-1,True,False,2.068,2026-09-16T12:59:45.938247+00:00,
fcecb323-d229-498f-954e-1a4656ce06d7,monotonic_reads,network_partition,writer-1,write,mr-fcecb323-d229-498f-954e-1a4656ce06d7,95,,,ALL,cassandra-1,True,False,2.321,2026-09-16T12:59:45.964243+00:00,
fcecb323-d229-498f-954e-1a4656ce06d7,monotonic_reads,network_partition,writer-1,write,mr-fcecb323-d229-498f-954e-1a4656ce06d7,96,,,ALL,cassandra-1,True,False,2.358,2026-09-16T12:59:45.988217+00:00,
fcecb323-d229-498f-954e-1a4656ce06d7,monotonic_reads,network_partition,writer-1,write,mr-fcecb323-d229-498f-954e-1a4656ce06d7,97,,,ALL,cassandra-1,True,False,2.833,2026-09-16T12:59:46.015319+00:00,
fcecb323-d229-498f-954e-1a4656ce06d7,monotonic_reads,network_partition,writer-1,write,mr-fcecb323-d229-498f-954e-1a4656ce06d7,98,,,ALL,cassandra-1,True,False,4.362,2026-09-16T12:59:46.043160+00:00,
fcecb323-d229-498f-954e-1a4656ce06d7,monotonic_reads,network_partition,writer-1,write,mr-fcecb323-d229-498f-954e-1a4656ce06d7,99,,,ALL,cassandra-1,True,False,3.559,2026-09-16T12:59:46.067379+00:00,
fcecb323-d229-498f-954e-1a4656ce06d7,monotonic_reads,network_partition,writer-1,write,mr-fcecb323-d229-498f-954e-1a4656ce06d7,100,,,ALL,cassandra-1,True,False,3.721,2026-09-16T12:59:46.093412+00:00,
fcecb323-d229-498f-954e-1a4656ce06d7,monotonic_reads,network_partition,writer-1,write,mr-fcecb323-d229-498f-954e-1a4656ce06d7,101,,,ALL,cassandra-1,True,False,2.697,2026-09-16T12:59:46.121308+00:00,
fcecb323-d229-498f-954e-1a4656ce06d7,monotonic_reads,network_partition,writer-1,write,mr-fcecb323-d229-498f-954e-1a4656ce06d7,102,,,ALL,cassandra-1,True,False,3.5,2026-09-16T12:59:46.149394+00:00,
fcecb323-d229-498f-954e-1a4656ce06d7,monotonic_reads,network_partition,writer-1,write,mr-fcecb323-d229-498f-954e-1a4656ce06d7,103,,,ALL,cassandra-1,True,False,3.245,2026-09-16T12:59:46.177286+00:00,
fcecb323-d229-498f-954e-1a4656ce06d7,monotonic_reads,network_partition,writer-1,write,mr-fcecb323-d229-498f-954e-1a4656ce06d7,104,,,ALL,cassandra-1,True,False,2.952,2026-09-16T12:59:46.205429+00:00,
fcecb323-d229-498f-954e-1a4656ce06d7,monotonic_reads,network_partition,writer-1,write,mr-fcecb323-d229-498f-954e-1a4656ce06d7,105,,,ALL,cassandra-1,True,False,2.773,2026-09-16T12:59:46.233448+00:00,
fcecb323-d229-498f-954e-1a4656ce06d7,monotonic_reads,network_partition,writer-1,write,mr-fcecb323-d229-498f-954e-1a4656ce06d7,106,,,ALL,cassandra-1,True,False,3.086,2026-09-16T12:59:46.260392+00:00,
fcecb323-d229-498f-954e-1a4656ce06d7,monotonic_reads,network_partition,writer-1,write,mr-fcecb323-d229-498f-954e-1a4656ce06d7,107,,,ALL,cassandra-1,True,False,3.123,2026-09-16T12:59:46.287222+00:00,
fcecb323-d229-498f-954e-1a4656ce06d7,monotonic_reads,network_partition,writer-1,write,mr-fcecb323-d229-498f-954e-1a4656ce06d7,108,,,ALL,cassandra-1,True,False,3.049,2026-09-16T12:59:46.314385+00:00,
fcecb323-d229-498f-954e-1a4656ce06d7,monotonic_reads,network_partition,writer-1,write,mr-fcecb323-d229-498f-954e-1a4656ce06d7,109,,,ALL,cassandra-1,True,False,4.492,2026-09-16T12:59:46.340252+00:00,
fcecb323-d229-498f-954e-1a4656ce06d7,monotonic_reads,network_partition,writer-1,write,mr-fcecb323-d229-498f-954e-1a4656ce06d7,110,,,ALL,cassandra-1,True,False,4.323,2026-09-16T12:59:46.367720+00:00,
fcecb323-d229-498f-954e-1a4656ce06d7,monotonic_reads,network_partition,writer-1,write,mr-fcecb323-d229-498f-954e-1a4656ce06d7,111,,,ALL,cassandra-1,True,False,5.393,2026-09-16T12:59:46.396465+00:00,
fcecb323-d229-498f-954e-1a4656ce06d7,monotonic_reads,network_partition,writer-1,write,mr-fcecb323-d229-498f-954e-1a4656ce06d7,112,,,ALL,cassandra-1,True,False,5.878,2026-09-16T12:59:46.427325+00:00,
fcecb323-d229-498f-954e-1a4656ce06d7,monotonic_reads,network_partition,writer-1,write,mr-fcecb323-d229-498f-954e-1a4656ce06d7,113,,,ALL,cassandra-1,True,False,4.722,2026-09-16T12:59:46.453012+00:00,
fcecb323-d229-498f-954e-1a4656ce06d7,monotonic_reads,network_partition,writer-1,write,mr-fcecb323-d229-498f-954e-1a4656ce06d7,114,,,ALL,cassandra-1,True,False,4.66,2026-09-16T12:59:46.479795+00:00,
fcecb323-d229-498f-954e-1a4656ce06d7,monotonic_reads,network_partition,writer-1,write,mr-fcecb323-d229-498f-954e-1a4656ce06d7,115,,,ALL,cassandra-1,True,False,4.392,2026-09-16T12:59:46.506958+00:00,
fcecb323-d229-498f-954e-1a4656ce06d7,monotonic_reads,network_partition,writer-1,write,mr-fcecb323-d229-498f-954e-1a4656ce06d7,116,,,ALL,cassandra-1,True,False,5.571,2026-09-16T12:59:46.535947+00:00,
fcecb323-d229-498f-954e-1a4656ce06d7,monotonic_reads,network_partition,writer-1,write,mr-fcecb323-d229-498f-954e-1a4656ce06d7,117,,,ALL,cassandra-1,True,False,2.878,2026-09-16T12:59:46.560248+00:00,
fcecb323-d229-498f-954e-1a4656ce06d7,monotonic_reads,network_partition,writer-1,write,mr-fcecb323-d229-498f-954e-1a4656ce06d7,118,,,ALL,cassandra-1,True,False,4.801,2026-09-16T12:59:46.590190+00:00,
fcecb323-d229-498f-954e-1a4656ce06d7,monotonic_reads,network_partition,writer-1,write,mr-fcecb323-d229-498f-954e-1a4656ce06d7,119,,,ALL,cassandra-1,True,False,3.033,2026-09-16T12:59:46.617482+00:00,
fcecb323-d229-498f-954e-1a4656ce06d7,monotonic_reads,network_partition,writer-1,write,mr-fcecb323-d229-498f-954e-1a4656ce06d7,120,,,ALL,cassandra-1,True,False,4.888,2026-09-16T12:59:46.645797+00:00,
fcecb323-d229-498f-954e-1a4656ce06d7,monotonic_reads,network_partition,writer-1,write,mr-fcecb323-d229-498f-954e-1a4656ce06d7,121,,,ALL,cassandra-1,True,False,4.53,2026-09-16T12:59:46.670804+00:00,
fcecb323-d229-498f-954e-1a4656ce06d7,monotonic_reads,network_partition,writer-1,write,mr-fcecb323-d229-498f-954e-1a4656ce06d7,122,,,ALL,cassandra-1,True,False,5.213,2026-09-16T12:59:46.699119+00:00,
fcecb323-d229-498f-954e-1a4656ce06d7,monotonic_reads,network_partition,writer-1,write,mr-fcecb323-d229-498f-954e-1a4656ce06d7,123,,,ALL,cassandra-1,True,False,2.441,2026-09-16T12:59:46.724328+00:00,
fcecb323-d229-498f-954e-1a4656ce06d7,monotonic_reads,network_partition,writer-1,write,mr-fcecb323-d229-498f-954e-1a4656ce06d7,124,,,ALL,cassandra-1,True,False,4.376,2026-09-16T12:59:46.752668+00:00,
fcecb323-d229-498f-954e-1a4656ce06d7,monotonic_reads,network_partition,writer-1,write,mr-fcecb323-d229-498f-954e-1a4656ce06d7,125,,,ALL,cassandra-1,True,False,5.465,2026-09-16T12:59:46.782343+00:00,
fcecb323-d229-498f-954e-1a4656ce06d7,monotonic_reads,network_partition,writer-1,write,mr-fcecb323-d229-498f-954e-1a4656ce06d7,126,,,ALL,cassandra-1,True,False,4.678,2026-09-16T12:59:46.812081+00:00,
fcecb323-d229-498f-954e-1a4656ce06d7,monotonic_reads,network_partition,writer-1,write,mr-fcecb323-d229-498f-954e-1a4656ce06d7,127,,,ALL,cassandra-1,True,False,4.799,2026-09-16T12:59:46.837683+00:00,
fcecb323-d229-498f-954e-1a4656ce06d7,monotonic_reads,network_partition,writer-1,write,mr-fcecb323-d229-498f-954e-1a4656ce06d7,128,,,ALL,cassandra-1,True,False,5.222,2026-09-16T12:59:46.867125+00:00,
fcecb323-d229-498f-954e-1a4656ce06d7,monotonic_reads,network_partition,writer-1,write,mr-fcecb323-d229-498f-954e-1a4656ce06d7,129,,,ALL,cassandra-1,True,False,3.543,2026-09-16T12:59:46.894358+00:00,
fcecb323-d229-498f-954e-1a4656ce06d7,monotonic_reads,network_partition,writer-1,write,mr-fcecb323-d229-498f-954e-1a4656ce06d7,130,,,ALL,cassandra-1,True,False,5.386,2026-09-16T12:59:46.924109+00:00,
fcecb323-d229-498f-954e-1a4656ce06d7,monotonic_reads,network_partition,writer-1,write,mr-fcecb323-d229-498f-954e-1a4656ce06d7,131,,,ALL,cassandra-1,True,False,4.715,2026-09-16T12:59:46.953074+00:00,
fcecb323-d229-498f-954e-1a4656ce06d7,monotonic_reads,network_partition,writer-1,write,mr-fcecb323-d229-498f-954e-1a4656ce06d7,132,,,ALL,cassandra-1,True,False,4.426,2026-09-16T12:59:46.982736+00:00,
fcecb323-d229-498f-954e-1a4656ce06d7,monotonic_reads,network_partition,writer-1,write,mr-fcecb323-d229-498f-954e-1a4656ce06d7,133,,,ALL,cassandra-1,True,False,4.898,2026-09-16T12:59:47.009783+00:00,
fcecb323-d229-498f-954e-1a4656ce06d7,monotonic_reads,network_partition,writer-1,write,mr-fcecb323-d229-498f-954e-1a4656ce06d7,134,,,ALL,cassandra-1,True,False,4.481,2026-09-16T12:59:47.038647+00:00,
fcecb323-d229-498f-954e-1a4656ce06d7,monotonic_reads,network_partition,writer-1,write,mr-fcecb323-d229-498f-954e-1a4656ce06d7,135,,,ALL,cassandra-1,True,False,5.331,2026-09-16T12:59:47.067228+00:00,
fcecb323-d229-498f-954e-1a4656ce06d7,monotonic_reads,network_partition,writer-1,write,mr-fcecb323-d229-498f-954e-1a4656ce06d7,136,,,ALL,cassandra-1,True,False,5.161,2026-09-16T12:59:47.093011+00:00,
fcecb323-d229-498f-954e-1a4656ce06d7,monotonic_reads,network_partition,writer-1,write,mr-fcecb323-d229-498f-954e-1a4656ce06d7,137,,,ALL,cassandra-1,True,False,5.479,2026-09-16T12:59:47.120050+00:00,
fcecb323-d229-498f-954e-1a4656ce06d7,monotonic_reads,network_partition,writer-1,write,mr-fcecb323-d229-498f-954e-1a4656ce06d7,138,,,ALL,cassandra-1,True,False,4.573,2026-09-16T12:59:47.144864+00:00,
fcecb323-d229-498f-954e-1a4656ce06d7,monotonic_reads,network_partition,writer-1,write,mr-fcecb323-d229-498f-954e-1a4656ce06d7,139,,,ALL,cassandra-1,True,False,4.725,2026-09-16T12:59:47.173924+00:00,
fcecb323-d229-498f-954e-1a4656ce06d7,monotonic_reads,network_partition,writer-1,write,mr-fcecb323-d229-498f-954e-1a4656ce06d7,140,,,ALL,cassandra-1,True,False,4.86,2026-09-16T12:59:47.203747+00:00,
fcecb323-d229-498f-954e-1a4656ce06d7,monotonic_reads,network_partition,writer-1,write,mr-fcecb323-d229-498f-954e-1a4656ce06d7,141,,,ALL,cassandra-1,True,False,5.385,2026-09-16T12:59:47.231263+00:00,
fcecb323-d229-498f-954e-1a4656ce06d7,monotonic_reads,network_partition,writer-1,write,mr-fcecb323-d229-498f-954e-1a4656ce06d7,142,,,ALL,cassandra-1,True,False,4.742,2026-09-16T12:59:47.258062+00:00,
fcecb323-d229-498f-954e-1a4656ce06d7,monotonic_reads,network_partition,writer-1,write,mr-fcecb323-d229-498f-954e-1a4656ce06d7,143,,,ALL,cassandra-1,True,False,4.367,2026-09-16T12:59:47.283654+00:00,
fcecb323-d229-498f-954e-1a4656ce06d7,monotonic_reads,network_partition,writer-1,write,mr-fcecb323-d229-498f-954e-1a4656ce06d7,144,,,ALL,cassandra-1,True,False,4.886,2026-09-16T12:59:47.310663+00:00,
fcecb323-d229-498f-954e-1a4656ce06d7,monotonic_reads,network_partition,writer-1,write,mr-fcecb323-d229-498f-954e-1a4656ce06d7,145,,,ALL,cassandra-1,True,False,5.165,2026-09-16T12:59:47.341027+00:00,
fcecb323-d229-498f-954e-1a4656ce06d7,monotonic_reads,network_partition,writer-1,write,mr-fcecb323-d229-498f-954e-1a4656ce06d7,146,,,ALL,cassandra-1,True,False,5.09,2026-09-16T12:59:47.367912+00:00,
fcecb323-d229-498f-954e-1a4656ce06d7,monotonic_reads,network_partition,writer-1,write,mr-fcecb323-d229-498f-954e-1a4656ce06d7,147,,,ALL,cassandra-1,True,False,4.926,2026-09-16T12:59:47.394811+00:00,
fcecb323-d229-498f-954e-1a4656ce06d7,monotonic_reads,network_partition,writer-1,write,mr-fcecb323-d229-498f-954e-1a4656ce06d7,148,,,ALL,cassandra-1,True,False,5.678,2026-09-16T12:59:47.424916+00:00,
fcecb323-d229-498f-954e-1a4656ce06d7,monotonic_reads,network_partition,writer-1,write,mr-fcecb323-d229-498f-954e-1a4656ce06d7,149,,,ALL,cassandra-1,True,False,4.749,2026-09-16T12:59:47.454007+00:00,
fcecb323-d229-498f-954e-1a4656ce06d7,monotonic_reads,network_partition,writer-1,write,mr-fcecb323-d229-498f-954e-1a4656ce06d7,150,,,ALL,cassandra-1,True,False,5.246,2026-09-16T12:59:47.481128+00:00,
fcecb323-d229-498f-954e-1a4656ce06d7,monotonic_reads,network_partition,writer-1,write,mr-fcecb323-d229-498f-954e-1a4656ce06d7,151,,,ALL,cassandra-1,True,False,4.679,2026-09-16T12:59:47.510084+00:00,
fcecb323-d229-498f-954e-1a4656ce06d7,monotonic_reads,network_partition,writer-1,write,mr-fcecb323-d229-498f-954e-1a4656ce06d7,152,,,ALL,cassandra-1,True,False,4.247,2026-09-16T12:59:47.536771+00:00,
fcecb323-d229-498f-954e-1a4656ce06d7,monotonic_reads,network_partition,writer-1,write,mr-fcecb323-d229-498f-954e-1a4656ce06d7,153,,,ALL,cassandra-1,True,False,3.316,2026-09-16T12:59:47.565304+00:00,
fcecb323-d229-498f-954e-1a4656ce06d7,monotonic_reads,network_partition,writer-1,write,mr-fcecb323-d229-498f-954e-1a4656ce06d7,154,,,ALL,cassandra-1,True,False,5.225,2026-09-16T12:59:47.595057+00:00,
fcecb323-d229-498f-954e-1a4656ce06d7,monotonic_reads,network_partition,writer-1,write,mr-fcecb323-d229-498f-954e-1a4656ce06d7,155,,,ALL,cassandra-1,True,False,4.888,2026-09-16T12:59:47.625057+00:00,
fcecb323-d229-498f-954e-1a4656ce06d7,monotonic_reads,network_partition,writer-1,write,mr-fcecb323-d229-498f-954e-1a4656ce06d7,156,,,ALL,cassandra-1,True,False,4.183,2026-09-16T12:59:47.653931+00:00,
fcecb323-d229-498f-954e-1a4656ce06d7,monotonic_reads,network_partition,writer-1,write,mr-fcecb323-d229-498f-954e-1a4656ce06d7,157,,,ALL,cassandra-1,True,False,4.714,2026-09-16T12:59:47.683094+00:00,
fcecb323-d229-498f-954e-1a4656ce06d7,monotonic_reads,network_partition,writer-1,write,mr-fcecb323-d229-498f-954e-1a4656ce06d7,158,,,ALL,cassandra-1,True,False,5.152,2026-09-16T12:59:47.713213+00:00,
fcecb323-d229-498f-954e-1a4656ce06d7,monotonic_reads,network_partition,writer-1,write,mr-fcecb323-d229-498f-954e-1a4656ce06d7,159,,,ALL,cassandra-1,True,False,4.904,2026-09-16T12:59:47.740875+00:00,
fcecb323-d229-498f-954e-1a4656ce06d7,monotonic_reads,network_partition,writer-1,write,mr-fcecb323-d229-498f-954e-1a4656ce06d7,160,,,ALL,cassandra-1,True,False,4.587,2026-09-16T12:59:47.766958+00:00,
fcecb323-d229-498f-954e-1a4656ce06d7,monotonic_reads,network_partition,writer-1,write,mr-fcecb323-d229-498f-954e-1a4656ce06d7,161,,,ALL,cassandra-1,True,False,3.775,2026-09-16T12:59:47.795637+00:00,
fcecb323-d229-498f-954e-1a4656ce06d7,monotonic_reads,network_partition,writer-1,write,mr-fcecb323-d229-498f-954e-1a4656ce06d7,162,,,ALL,cassandra-1,True,False,4.837,2026-09-16T12:59:47.825008+00:00,
fcecb323-d229-498f-954e-1a4656ce06d7,monotonic_reads,network_partition,writer-1,write,mr-fcecb323-d229-498f-954e-1a4656ce06d7,163,,,ALL,cassandra-1,True,False,5.457,2026-09-16T12:59:47.853213+00:00,
fcecb323-d229-498f-954e-1a4656ce06d7,monotonic_reads,network_partition,writer-1,write,mr-fcecb323-d229-498f-954e-1a4656ce06d7,164,,,ALL,cassandra-1,True,False,6.28,2026-09-16T12:59:47.882680+00:00,
fcecb323-d229-498f-954e-1a4656ce06d7,monotonic_reads,network_partition,writer-1,write,mr-fcecb323-d229-498f-954e-1a4656ce06d7,165,,,ALL,cassandra-1,True,False,5.162,2026-09-16T12:59:47.911051+00:00,
fcecb323-d229-498f-954e-1a4656ce06d7,monotonic_reads,network_partition,writer-1,write,mr-fcecb323-d229-498f-954e-1a4656ce06d7,166,,,ALL,cassandra-1,True,False,2.449,2026-09-16T12:59:47.938317+00:00,
fcecb323-d229-498f-954e-1a4656ce06d7,monotonic_reads,network_partition,writer-1,write,mr-fcecb323-d229-498f-954e-1a4656ce06d7,167,,,ALL,cassandra-1,True,False,5.98,2026-09-16T12:59:47.967323+00:00,
fcecb323-d229-498f-954e-1a4656ce06d7,monotonic_reads,network_partition,writer-1,write,mr-fcecb323-d229-498f-954e-1a4656ce06d7,168,,,ALL,cassandra-1,True,False,4.953,2026-09-16T12:59:47.997210+00:00,
fcecb323-d229-498f-954e-1a4656ce06d7,monotonic_reads,network_partition,writer-1,write,mr-fcecb323-d229-498f-954e-1a4656ce06d7,169,,,ALL,cassandra-1,True,False,4.84,2026-09-16T12:59:48.025012+00:00,
fcecb323-d229-498f-954e-1a4656ce06d7,monotonic_reads,network_partition,writer-1,write,mr-fcecb323-d229-498f-954e-1a4656ce06d7,170,,,ALL,cassandra-1,True,False,5.103,2026-09-16T12:59:48.052993+00:00,
fcecb323-d229-498f-954e-1a4656ce06d7,monotonic_reads,network_partition,writer-1,write,mr-fcecb323-d229-498f-954e-1a4656ce06d7,171,,,ALL,cassandra-1,True,False,5.206,2026-09-16T12:59:48.082492+00:00,
fcecb323-d229-498f-954e-1a4656ce06d7,monotonic_reads,network_partition,writer-1,write,mr-fcecb323-d229-498f-954e-1a4656ce06d7,172,,,ALL,cassandra-1,True,False,5.563,2026-09-16T12:59:48.111476+00:00,
fcecb323-d229-498f-954e-1a4656ce06d7,monotonic_reads,network_partition,writer-1,write,mr-fcecb323-d229-498f-954e-1a4656ce06d7,173,,,ALL,cassandra-1,True,False,5.186,2026-09-16T12:59:48.138072+00:00,
fcecb323-d229-498f-954e-1a4656ce06d7,monotonic_reads,network_partition,writer-1,write,mr-fcecb323-d229-498f-954e-1a4656ce06d7,174,,,ALL,cassandra-1,True,False,5.052,2026-09-16T12:59:48.167032+00:00,
fcecb323-d229-498f-954e-1a4656ce06d7,monotonic_reads,network_partition,writer-1,write,mr-fcecb323-d229-498f-954e-1a4656ce06d7,175,,,ALL,cassandra-1,True,False,6.554,2026-09-16T12:59:48.197430+00:00,
fcecb323-d229-498f-954e-1a4656ce06d7,monotonic_reads,network_partition,writer-1,write,mr-fcecb323-d229-498f-954e-1a4656ce06d7,176,,,ALL,cassandra-1,True,False,4.806,2026-09-16T12:59:48.222936+00:00,
fcecb323-d229-498f-954e-1a4656ce06d7,monotonic_reads,network_partition,writer-1,write,mr-fcecb323-d229-498f-954e-1a4656ce06d7,177,,,ALL,cassandra-1,True,False,4.865,2026-09-16T12:59:48.250078+00:00,
fcecb323-d229-498f-954e-1a4656ce06d7,monotonic_reads,network_partition,writer-1,write,mr-fcecb323-d229-498f-954e-1a4656ce06d7,178,,,ALL,cassandra-1,True,False,4.663,2026-09-16T12:59:48.279059+00:00,
fcecb323-d229-498f-954e-1a4656ce06d7,monotonic_reads,network_partition,writer-1,write,mr-fcecb323-d229-498f-954e-1a4656ce06d7,179,,,ALL,cassandra-1,True,False,4.813,2026-09-16T12:59:48.308856+00:00,
fcecb323-d229-498f-954e-1a4656ce06d7,monotonic_reads,network_partition,writer-1,write,mr-fcecb323-d229-498f-954e-1a4656ce06d7,180,,,ALL,cassandra-1,True,False,4.743,2026-09-16T12:59:48.338828+00:00,
fcecb323-d229-498f-954e-1a4656ce06d7,monotonic_reads,network_partition,writer-1,write,mr-fcecb323-d229-498f-954e-1a4656ce06d7,181,,,ALL,cassandra-1,True,False,5.058,2026-09-16T12:59:48.368284+00:00,
fcecb323-d229-498f-954e-1a4656ce06d7,monotonic_reads,network_partition,writer-1,write,mr-fcecb323-d229-498f-954e-1a4656ce06d7,182,,,ALL,cassandra-1,True,False,2.356,2026-09-16T12:59:48.391252+00:00,
fcecb323-d229-498f-954e-1a4656ce06d7,monotonic_reads,network_partition,writer-1,write,mr-fcecb323-d229-498f-954e-1a4656ce06d7,183,,,ALL,cassandra-1,True,False,4.591,2026-09-16T12:59:48.420847+00:00,
fcecb323-d229-498f-954e-1a4656ce06d7,monotonic_reads,network_partition,writer-1,write,mr-fcecb323-d229-498f-954e-1a4656ce06d7,184,,,ALL,cassandra-1,True,False,4.785,2026-09-16T12:59:48.450769+00:00,
fcecb323-d229-498f-954e-1a4656ce06d7,monotonic_reads,network_partition,writer-1,write,mr-fcecb323-d229-498f-954e-1a4656ce06d7,185,,,ALL,cassandra-1,True,False,6.28,2026-09-16T12:59:48.477873+00:00,
fcecb323-d229-498f-954e-1a4656ce06d7,monotonic_reads,network_partition,writer-1,write,mr-fcecb323-d229-498f-954e-1a4656ce06d7,186,,,ALL,cassandra-1,True,False,4.243,2026-09-16T12:59:48.506834+00:00,
fcecb323-d229-498f-954e-1a4656ce06d7,monotonic_reads,network_partition,writer-1,write,mr-fcecb323-d229-498f-954e-1a4656ce06d7,187,,,ALL,cassandra-1,True,False,5.737,2026-09-16T12:59:48.534507+00:00,
fcecb323-d229-498f-954e-1a4656ce06d7,monotonic_reads,network_partition,writer-1,write,mr-fcecb323-d229-498f-954e-1a4656ce06d7,188,,,ALL,cassandra-1,True,False,3.062,2026-09-16T12:59:48.562422+00:00,
fcecb323-d229-498f-954e-1a4656ce06d7,monotonic_reads,network_partition,writer-1,write,mr-fcecb323-d229-498f-954e-1a4656ce06d7,189,,,ALL,cassandra-1,True,False,4.026,2026-09-16T12:59:48.588641+00:00,
fcecb323-d229-498f-954e-1a4656ce06d7,monotonic_reads,network_partition,writer-1,write,mr-fcecb323-d229-498f-954e-1a4656ce06d7,190,,,ALL,cassandra-1,True,False,4.442,2026-09-16T12:59:48.613672+00:00,
fcecb323-d229-498f-954e-1a4656ce06d7,monotonic_reads,network_partition,writer-1,write,mr-fcecb323-d229-498f-954e-1a4656ce06d7,191,,,ALL,cassandra-1,True,False,4.344,2026-09-16T12:59:48.642755+00:00,
fcecb323-d229-498f-954e-1a4656ce06d7,monotonic_reads,network_partition,writer-1,write,mr-fcecb323-d229-498f-954e-1a4656ce06d7,192,,,ALL,cassandra-1,True,False,2.369,2026-09-16T12:59:48.666147+00:00,
fcecb323-d229-498f-954e-1a4656ce06d7,monotonic_reads,network_partition,writer-1,write,mr-fcecb323-d229-498f-954e-1a4656ce06d7,193,,,ALL,cassandra-1,True,False,2.741,2026-09-16T12:59:48.690178+00:00,
fcecb323-d229-498f-954e-1a4656ce06d7,monotonic_reads,network_partition,writer-1,write,mr-fcecb323-d229-498f-954e-1a4656ce06d7,194,,,ALL,cassandra-1,True,False,2.954,2026-09-16T12:59:48.718324+00:00,
fcecb323-d229-498f-954e-1a4656ce06d7,monotonic_reads,network_partition,writer-1,write,mr-fcecb323-d229-498f-954e-1a4656ce06d7,195,,,ALL,cassandra-1,True,False,2.455,2026-09-16T12:59:48.741248+00:00,
fcecb323-d229-498f-954e-1a4656ce06d7,monotonic_reads,network_partition,writer-1,write,mr-fcecb323-d229-498f-954e-1a4656ce06d7,196,,,ALL,cassandra-1,True,False,3.403,2026-09-16T12:59:48.769374+00:00,
fcecb323-d229-498f-954e-1a4656ce06d7,monotonic_reads,network_partition,writer-1,write,mr-fcecb323-d229-498f-954e-1a4656ce06d7,197,,,ALL,cassandra-1,True,False,2.422,2026-09-16T12:59:48.796471+00:00,
fcecb323-d229-498f-954e-1a4656ce06d7,monotonic_reads,network_partition,writer-1,write,mr-fcecb323-d229-498f-954e-1a4656ce06d7,198,,,ALL,cassandra-1,True,False,3.439,2026-09-16T12:59:48.823646+00:00,
fcecb323-d229-498f-954e-1a4656ce06d7,monotonic_reads,network_partition,writer-1,write,mr-fcecb323-d229-498f-954e-1a4656ce06d7,199,,,ALL,cassandra-1,True,False,3.939,2026-09-16T12:59:48.852710+00:00,
fcecb323-d229-498f-954e-1a4656ce06d7,monotonic_reads,network_partition,writer-1,write,mr-fcecb323-d229-498f-954e-1a4656ce06d7,200,,,ALL,cassandra-1,True,False,4.044,2026-09-16T12:59:48.881994+00:00,
fcecb323-d229-498f-954e-1a4656ce06d7,monotonic_reads,network_partition,reader-1,read,mr-fcecb323-d229-498f-954e-1a4656ce06d7,,200,ONE,ALL,cassandra-2,True,False,5042.263,2026-09-16T12:59:48.906284+00:00,
fcecb323-d229-498f-954e-1a4656ce06d7,monotonic_reads,network_partition,writer-1,write,mr-fcecb323-d229-498f-954e-1a4656ce06d7,201,,,ALL,cassandra-1,True,False,3.659,2026-09-16T12:59:48.907656+00:00,
fcecb323-d229-498f-954e-1a4656ce06d7,monotonic_reads,network_partition,writer-1,write,mr-fcecb323-d229-498f-954e-1a4656ce06d7,202,,,ALL,cassandra-1,True,False,3.927,2026-09-16T12:59:48.933985+00:00,
fcecb323-d229-498f-954e-1a4656ce06d7,monotonic_reads,network_partition,writer-1,write,mr-fcecb323-d229-498f-954e-1a4656ce06d7,203,,,ALL,cassandra-1,True,False,3.73,2026-09-16T12:59:48.961576+00:00,
fcecb323-d229-498f-954e-1a4656ce06d7,monotonic_reads,network_partition,writer-1,write,mr-fcecb323-d229-498f-954e-1a4656ce06d7,204,,,ALL,cassandra-1,True,False,2.506,2026-09-16T12:59:48.987441+00:00,
fcecb323-d229-498f-954e-1a4656ce06d7,monotonic_reads,network_partition,writer-1,write,mr-fcecb323-d229-498f-954e-1a4656ce06d7,205,,,ALL,cassandra-1,True,False,3.769,2026-09-16T12:59:49.011636+00:00,
fcecb323-d229-498f-954e-1a4656ce06d7,monotonic_reads,network_partition,writer-1,write,mr-fcecb323-d229-498f-954e-1a4656ce06d7,206,,,ALL,cassandra-1,True,False,2.258,2026-09-16T12:59:49.038146+00:00,
fcecb323-d229-498f-954e-1a4656ce06d7,monotonic_reads,network_partition,writer-1,write,mr-fcecb323-d229-498f-954e-1a4656ce06d7,207,,,ALL,cassandra-1,True,False,2.394,2026-09-16T12:59:49.063271+00:00,
fcecb323-d229-498f-954e-1a4656ce06d7,monotonic_reads,network_partition,writer-1,write,mr-fcecb323-d229-498f-954e-1a4656ce06d7,208,,,ALL,cassandra-1,False,False,2037.115,2026-09-16T12:59:51.120921+00:00,"WriteTimeout: Error from server: code=1100 [Coordinator node timed out waiting for replica nodes' responses] message=""Operation timed out - received only 2 responses."" info={'consistency': 'ALL', 'required_responses': 3, 'received_responses': 2, 'write_type': 'SIMPLE'}"
fcecb323-d229-498f-954e-1a4656ce06d7,monotonic_reads,network_partition,reader-1,read,mr-fcecb323-d229-498f-954e-1a4656ce06d7,,,ONE,ALL,cassandra-3,False,False,11275.913,2026-09-16T13:00:00.193667+00:00,"ReadTimeout: Error from server: code=1200 [Coordinator node timed out waiting for replica nodes' responses] message=""Operation timed out - received only 0 responses."" info={'consistency': 'ONE', 'required_responses': 1, 'received_responses': 0}"
fcecb323-d229-498f-954e-1a4656ce06d7,monotonic_reads,network_partition,reader-1,read,mr-fcecb323-d229-498f-954e-1a4656ce06d7,,208,ONE,ALL,cassandra-1,True,False,2.806,2026-09-16T13:00:00.206938+00:00,
fcecb323-d229-498f-954e-1a4656ce06d7,monotonic_reads,network_partition,reader-1,read,mr-fcecb323-d229-498f-954e-1a4656ce06d7,,208,ONE,ALL,cassandra-2,True,False,3.059,2026-09-16T13:00:00.222758+00:00,
fcecb323-d229-498f-954e-1a4656ce06d7,monotonic_reads,network_partition,reader-1,read,mr-fcecb323-d229-498f-954e-1a4656ce06d7,,207,ONE,ALL,cassandra-3,True,True,41.148,2026-09-16T13:00:00.275368+00:00,
fcecb323-d229-498f-954e-1a4656ce06d7,monotonic_reads,network_partition,reader-1,read,mr-fcecb323-d229-498f-954e-1a4656ce06d7,,208,ONE,ALL,cassandra-1,True,False,2.433,2026-09-16T13:00:00.288133+00:00,
fcecb323-d229-498f-954e-1a4656ce06d7,monotonic_reads,network_partition,reader-1,read,mr-fcecb323-d229-498f-954e-1a4656ce06d7,,208,ONE,ALL,cassandra-2,True,False,2.826,2026-09-16T13:00:00.303005+00:00,
fcecb323-d229-498f-954e-1a4656ce06d7,monotonic_reads,network_partition,reader-1,read,mr-fcecb323-d229-498f-954e-1a4656ce06d7,,207,ONE,ALL,cassandra-3,True,True,3.432,2026-09-16T13:00:00.318157+00:00,
fcecb323-d229-498f-954e-1a4656ce06d7,monotonic_reads,network_partition,reader-1,read,mr-fcecb323-d229-498f-954e-1a4656ce06d7,,208,ONE,ALL,cassandra-1,True,False,4.255,2026-09-16T13:00:00.334420+00:00,
fcecb323-d229-498f-954e-1a4656ce06d7,monotonic_reads,network_partition,reader-1,read,mr-fcecb323-d229-498f-954e-1a4656ce06d7,,208,ONE,ALL,cassandra-2,True,False,3.551,2026-09-16T13:00:00.349258+00:00,
fcecb323-d229-498f-954e-1a4656ce06d7,monotonic_reads,network_partition,reader-1,read,mr-fcecb323-d229-498f-954e-1a4656ce06d7,,207,ONE,ALL,cassandra-3,True,True,3.45,2026-09-16T13:00:00.362966+00:00,
fcecb323-d229-498f-954e-1a4656ce06d7,monotonic_reads,network_partition,reader-1,read,mr-fcecb323-d229-498f-954e-1a4656ce06d7,,208,ONE,ALL,cassandra-1,True,False,3.715,2026-09-16T13:00:00.378427+00:00,
fcecb323-d229-498f-954e-1a4656ce06d7,monotonic_reads,network_partition,reader-1,read,mr-fcecb323-d229-498f-954e-1a4656ce06d7,,208,ONE,ALL,cassandra-2,True,False,1.64,2026-09-16T13:00:00.391584+00:00,
fcecb323-d229-498f-954e-1a4656ce06d7,monotonic_reads,network_partition,reader-1,read,mr-fcecb323-d229-498f-954e-1a4656ce06d7,,207,ONE,ALL,cassandra-3,True,True,4.563,2026-09-16T13:00:00.407297+00:00,
fcecb323-d229-498f-954e-1a4656ce06d7,monotonic_reads,network_partition,reader-1,read,mr-fcecb323-d229-498f-954e-1a4656ce06d7,,208,ONE,ALL,cassandra-1,True,False,4.562,2026-09-16T13:00:00.424546+00:00,
fcecb323-d229-498f-954e-1a4656ce06d7,monotonic_reads,network_partition,reader-1,read,mr-fcecb323-d229-498f-954e-1a4656ce06d7,,208,ONE,ALL,cassandra-2,True,False,4.57,2026-09-16T13:00:00.441809+00:00,
fcecb323-d229-498f-954e-1a4656ce06d7,monotonic_reads,network_partition,reader-1,read,mr-fcecb323-d229-498f-954e-1a4656ce06d7,,207,ONE,ALL,cassandra-3,True,True,3.301,2026-09-16T13:00:00.456389+00:00,
fcecb323-d229-498f-954e-1a4656ce06d7,monotonic_reads,network_partition,reader-1,read,mr-fcecb323-d229-498f-954e-1a4656ce06d7,,208,ONE,ALL,cassandra-1,True,False,3.67,2026-09-16T13:00:00.472243+00:00,
fcecb323-d229-498f-954e-1a4656ce06d7,monotonic_reads,network_partition,reader-1,read,mr-fcecb323-d229-498f-954e-1a4656ce06d7,,208,ONE,ALL,cassandra-2,True,False,3.362,2026-09-16T13:00:00.487568+00:00,
fcecb323-d229-498f-954e-1a4656ce06d7,monotonic_reads,network_partition,reader-1,read,mr-fcecb323-d229-498f-954e-1a4656ce06d7,,207,ONE,ALL,cassandra-3,True,True,3.86,2026-09-16T13:00:00.503995+00:00,
fcecb323-d229-498f-954e-1a4656ce06d7,monotonic_reads,network_partition,reader-1,read,mr-fcecb323-d229-498f-954e-1a4656ce06d7,,208,ONE,ALL,cassandra-1,True,False,3.553,2026-09-16T13:00:00.518783+00:00,
fcecb323-d229-498f-954e-1a4656ce06d7,monotonic_reads,network_partition,reader-1,read,mr-fcecb323-d229-498f-954e-1a4656ce06d7,,208,ONE,ALL,cassandra-2,True,False,4.983,2026-09-16T13:00:00.535353+00:00,
fcecb323-d229-498f-954e-1a4656ce06d7,monotonic_reads,network_partition,reader-1,read,mr-fcecb323-d229-498f-954e-1a4656ce06d7,,207,ONE,ALL,cassandra-3,True,True,3.985,2026-09-16T13:00:00.552030+00:00,
fcecb323-d229-498f-954e-1a4656ce06d7,monotonic_reads,network_partition,reader-1,read,mr-fcecb323-d229-498f-954e-1a4656ce06d7,,208,ONE,ALL,cassandra-1,True,False,3.012,2026-09-16T13:00:00.566736+00:00,
fcecb323-d229-498f-954e-1a4656ce06d7,monotonic_reads,network_partition,reader-1,read,mr-fcecb323-d229-498f-954e-1a4656ce06d7,,208,ONE,ALL,cassandra-2,True,False,3.564,2026-09-16T13:00:00.581531+00:00,
fcecb323-d229-498f-954e-1a4656ce06d7,monotonic_reads,network_partition,reader-1,read,mr-fcecb323-d229-498f-954e-1a4656ce06d7,,207,ONE,ALL,cassandra-3,True,True,3.071,2026-09-16T13:00:00.595425+00:00,
fcecb323-d229-498f-954e-1a4656ce06d7,monotonic_reads,network_partition,reader-1,read,mr-fcecb323-d229-498f-954e-1a4656ce06d7,,208,ONE,ALL,cassandra-1,True,False,3.037,2026-09-16T13:00:00.611129+00:00,
fcecb323-d229-498f-954e-1a4656ce06d7,monotonic_reads,network_partition,reader-1,read,mr-fcecb323-d229-498f-954e-1a4656ce06d7,,208,ONE,ALL,cassandra-2,True,False,3.541,2026-09-16T13:00:00.625150+00:00,
fcecb323-d229-498f-954e-1a4656ce06d7,monotonic_reads,network_partition,reader-1,read,mr-fcecb323-d229-498f-954e-1a4656ce06d7,,207,ONE,ALL,cassandra-3,True,True,3.702,2026-09-16T13:00:00.641122+00:00,
fcecb323-d229-498f-954e-1a4656ce06d7,monotonic_reads,network_partition,reader-1,read,mr-fcecb323-d229-498f-954e-1a4656ce06d7,,208,ONE,ALL,cassandra-1,True,False,3.599,2026-09-16T13:00:00.656751+00:00,
fcecb323-d229-498f-954e-1a4656ce06d7,monotonic_reads,network_partition,reader-1,read,mr-fcecb323-d229-498f-954e-1a4656ce06d7,,208,ONE,ALL,cassandra-2,True,False,3.909,2026-09-16T13:00:00.671142+00:00,
fcecb323-d229-498f-954e-1a4656ce06d7,monotonic_reads,network_partition,reader-1,read,mr-fcecb323-d229-498f-954e-1a4656ce06d7,,207,ONE,ALL,cassandra-3,True,True,3.35,2026-09-16T13:00:00.685959+00:00,
fcecb323-d229-498f-954e-1a4656ce06d7,monotonic_reads,network_partition,reader-1,read,mr-fcecb323-d229-498f-954e-1a4656ce06d7,,208,ONE,ALL,cassandra-1,True,False,3.997,2026-09-16T13:00:00.700629+00:00,
fcecb323-d229-498f-954e-1a4656ce06d7,monotonic_reads,network_partition,reader-1,read,mr-fcecb323-d229-498f-954e-1a4656ce06d7,,208,ONE,ALL,cassandra-2,True,False,2.7,2026-09-16T13:00:00.716002+00:00,
fcecb323-d229-498f-954e-1a4656ce06d7,monotonic_reads,network_partition,reader-1,read,mr-fcecb323-d229-498f-954e-1a4656ce06d7,,207,ONE,ALL,cassandra-3,True,True,1.786,2026-09-16T13:00:00.730397+00:00,
fcecb323-d229-498f-954e-1a4656ce06d7,monotonic_reads,network_partition,reader-1,read,mr-fcecb323-d229-498f-954e-1a4656ce06d7,,208,ONE,ALL,cassandra-1,True,False,1.672,2026-09-16T13:00:00.742175+00:00,
fcecb323-d229-498f-954e-1a4656ce06d7,monotonic_reads,network_partition,reader-1,read,mr-fcecb323-d229-498f-954e-1a4656ce06d7,,208,ONE,ALL,cassandra-2,True,False,1.693,2026-09-16T13:00:00.755013+00:00,
fcecb323-d229-498f-954e-1a4656ce06d7,monotonic_reads,network_partition,reader-1,read,mr-fcecb323-d229-498f-954e-1a4656ce06d7,,207,ONE,ALL,cassandra-3,True,True,1.327,2026-09-16T13:00:00.766801+00:00,
fcecb323-d229-498f-954e-1a4656ce06d7,monotonic_reads,network_partition,reader-1,read,mr-fcecb323-d229-498f-954e-1a4656ce06d7,,208,ONE,ALL,cassandra-1,True,False,1.532,2026-09-16T13:00:00.778888+00:00,
fcecb323-d229-498f-954e-1a4656ce06d7,monotonic_reads,network_partition,reader-1,read,mr-fcecb323-d229-498f-954e-1a4656ce06d7,,208,ONE,ALL,cassandra-2,True,False,1.059,2026-09-16T13:00:00.790271+00:00,
fcecb323-d229-498f-954e-1a4656ce06d7,monotonic_reads,network_partition,reader-1,read,mr-fcecb323-d229-498f-954e-1a4656ce06d7,,207,ONE,ALL,cassandra-3,True,True,1.636,2026-09-16T13:00:00.803896+00:00,
fcecb323-d229-498f-954e-1a4656ce06d7,monotonic_reads,network_partition,reader-1,read,mr-fcecb323-d229-498f-954e-1a4656ce06d7,,208,ONE,ALL,cassandra-1,True,False,1.374,2026-09-16T13:00:00.815780+00:00,
fcecb323-d229-498f-954e-1a4656ce06d7,monotonic_reads,network_partition,reader-1,read,mr-fcecb323-d229-498f-954e-1a4656ce06d7,,208,ONE,ALL,cassandra-2,True,False,1.743,2026-09-16T13:00:00.828766+00:00,
fcecb323-d229-498f-954e-1a4656ce06d7,monotonic_reads,network_partition,reader-1,read,mr-fcecb323-d229-498f-954e-1a4656ce06d7,,207,ONE,ALL,cassandra-3,True,True,1.654,2026-09-16T13:00:00.842245+00:00,
fcecb323-d229-498f-954e-1a4656ce06d7,monotonic_reads,network_partition,reader-1,read,mr-fcecb323-d229-498f-954e-1a4656ce06d7,,208,ONE,ALL,cassandra-1,True,False,2.876,2026-09-16T13:00:00.857776+00:00,
fcecb323-d229-498f-954e-1a4656ce06d7,monotonic_reads,network_partition,reader-1,read,mr-fcecb323-d229-498f-954e-1a4656ce06d7,,208,ONE,ALL,cassandra-2,True,False,1.872,2026-09-16T13:00:00.872299+00:00,
fcecb323-d229-498f-954e-1a4656ce06d7,monotonic_reads,network_partition,reader-1,read,mr-fcecb323-d229-498f-954e-1a4656ce06d7,,207,ONE,ALL,cassandra-3,True,True,2.194,2026-09-16T13:00:00.885837+00:00,
fcecb323-d229-498f-954e-1a4656ce06d7,monotonic_reads,network_partition,reader-1,read,mr-fcecb323-d229-498f-954e-1a4656ce06d7,,208,ONE,ALL,cassandra-1,True,False,2.879,2026-09-16T13:00:00.899606+00:00,
fcecb323-d229-498f-954e-1a4656ce06d7,monotonic_reads,network_partition,reader-1,read,mr-fcecb323-d229-498f-954e-1a4656ce06d7,,208,ONE,ALL,cassandra-2,True,False,4.497,2026-09-16T13:00:00.917837+00:00,
fcecb323-d229-498f-954e-1a4656ce06d7,monotonic_reads,network_partition,reader-1,read,mr-fcecb323-d229-498f-954e-1a4656ce06d7,,207,ONE,ALL,cassandra-3,True,True,3.345,2026-09-16T13:00:00.933877+00:00,
fcecb323-d229-498f-954e-1a4656ce06d7,monotonic_reads,network_partition,reader-1,read,mr-fcecb323-d229-498f-954e-1a4656ce06d7,,208,ONE,ALL,cassandra-1,True,False,3.449,2026-09-16T13:00:00.948424+00:00,
fcecb323-d229-498f-954e-1a4656ce06d7,monotonic_reads,network_partition,reader-1,read,mr-fcecb323-d229-498f-954e-1a4656ce06d7,,208,ONE,ALL,cassandra-2,True,False,3.164,2026-09-16T13:00:00.962219+00:00,
fcecb323-d229-498f-954e-1a4656ce06d7,monotonic_reads,network_partition,reader-1,read,mr-fcecb323-d229-498f-954e-1a4656ce06d7,,207,ONE,ALL,cassandra-3,True,True,3.273,2026-09-16T13:00:00.976998+00:00,
fcecb323-d229-498f-954e-1a4656ce06d7,monotonic_reads,network_partition,reader-1,read,mr-fcecb323-d229-498f-954e-1a4656ce06d7,,208,ONE,ALL,cassandra-1,True,False,3.999,2026-09-16T13:00:00.993397+00:00,
fcecb323-d229-498f-954e-1a4656ce06d7,monotonic_reads,network_partition,reader-1,read,mr-fcecb323-d229-498f-954e-1a4656ce06d7,,208,ONE,ALL,cassandra-2,True,False,4.255,2026-09-16T13:00:01.010392+00:00,
fcecb323-d229-498f-954e-1a4656ce06d7,monotonic_reads,network_partition,reader-1,read,mr-fcecb323-d229-498f-954e-1a4656ce06d7,,207,ONE,ALL,cassandra-3,True,True,4.093,2026-09-16T13:00:01.025873+00:00,
fcecb323-d229-498f-954e-1a4656ce06d7,monotonic_reads,network_partition,reader-1,read,mr-fcecb323-d229-498f-954e-1a4656ce06d7,,208,ONE,ALL,cassandra-1,True,False,3.836,2026-09-16T13:00:01.042487+00:00,
fcecb323-d229-498f-954e-1a4656ce06d7,monotonic_reads,network_partition,reader-1,read,mr-fcecb323-d229-498f-954e-1a4656ce06d7,,208,ONE,ALL,cassandra-2,True,False,3.781,2026-09-16T13:00:01.057890+00:00,
fcecb323-d229-498f-954e-1a4656ce06d7,monotonic_reads,network_partition,reader-1,read,mr-fcecb323-d229-498f-954e-1a4656ce06d7,,207,ONE,ALL,cassandra-3,True,True,4.302,2026-09-16T13:00:01.074051+00:00,
fcecb323-d229-498f-954e-1a4656ce06d7,monotonic_reads,network_partition,reader-1,read,mr-fcecb323-d229-498f-954e-1a4656ce06d7,,208,ONE,ALL,cassandra-1,True,False,4.158,2026-09-16T13:00:01.090800+00:00,
fcecb323-d229-498f-954e-1a4656ce06d7,monotonic_reads,network_partition,reader-1,read,mr-fcecb323-d229-498f-954e-1a4656ce06d7,,208,ONE,ALL,cassandra-2,True,False,4.433,2026-09-16T13:00:01.106772+00:00,
fcecb323-d229-498f-954e-1a4656ce06d7,monotonic_reads,network_partition,reader-1,read,mr-fcecb323-d229-498f-954e-1a4656ce06d7,,207,ONE,ALL,cassandra-3,True,True,3.745,2026-09-16T13:00:01.120965+00:00,
fcecb323-d229-498f-954e-1a4656ce06d7,monotonic_reads,network_partition,reader-1,read,mr-fcecb323-d229-498f-954e-1a4656ce06d7,,208,ONE,ALL,cassandra-1,True,False,4.078,2026-09-16T13:00:01.136430+00:00,
fcecb323-d229-498f-954e-1a4656ce06d7,monotonic_reads,network_partition,reader-1,read,mr-fcecb323-d229-498f-954e-1a4656ce06d7,,208,ONE,ALL,cassandra-2,True,False,3.699,2026-09-16T13:00:01.150516+00:00,
fcecb323-d229-498f-954e-1a4656ce06d7,monotonic_reads,network_partition,reader-1,read,mr-fcecb323-d229-498f-954e-1a4656ce06d7,,207,ONE,ALL,cassandra-3,True,True,4.352,2026-09-16T13:00:01.165950+00:00,
fcecb323-d229-498f-954e-1a4656ce06d7,monotonic_reads,network_partition,reader-1,read,mr-fcecb323-d229-498f-954e-1a4656ce06d7,,208,ONE,ALL,cassandra-1,True,False,4.05,2026-09-16T13:00:01.181427+00:00,
fcecb323-d229-498f-954e-1a4656ce06d7,monotonic_reads,network_partition,reader-1,read,mr-fcecb323-d229-498f-954e-1a4656ce06d7,,208,ONE,ALL,cassandra-2,True,False,4.385,2026-09-16T13:00:01.198104+00:00,
fcecb323-d229-498f-954e-1a4656ce06d7,monotonic_reads,network_partition,reader-1,read,mr-fcecb323-d229-498f-954e-1a4656ce06d7,,207,ONE,ALL,cassandra-3,True,True,3.879,2026-09-16T13:00:01.214777+00:00,
fcecb323-d229-498f-954e-1a4656ce06d7,monotonic_reads,network_partition,reader-1,read,mr-fcecb323-d229-498f-954e-1a4656ce06d7,,208,ONE,ALL,cassandra-1,True,False,3.911,2026-09-16T13:00:01.231251+00:00,
fcecb323-d229-498f-954e-1a4656ce06d7,monotonic_reads,network_partition,reader-1,read,mr-fcecb323-d229-498f-954e-1a4656ce06d7,,208,ONE,ALL,cassandra-2,True,False,2.988,2026-09-16T13:00:01.245701+00:00,
fcecb323-d229-498f-954e-1a4656ce06d7,monotonic_reads,network_partition,reader-1,read,mr-fcecb323-d229-498f-954e-1a4656ce06d7,,207,ONE,ALL,cassandra-3,True,True,3.185,2026-09-16T13:00:01.261526+00:00,
fcecb323-d229-498f-954e-1a4656ce06d7,monotonic_reads,network_partition,reader-1,read,mr-fcecb323-d229-498f-954e-1a4656ce06d7,,208,ONE,ALL,cassandra-1,True,False,3.261,2026-09-16T13:00:01.276007+00:00,
fcecb323-d229-498f-954e-1a4656ce06d7,monotonic_reads,network_partition,reader-1,read,mr-fcecb323-d229-498f-954e-1a4656ce06d7,,208,ONE,ALL,cassandra-2,True,False,2.684,2026-09-16T13:00:01.289300+00:00,
fcecb323-d229-498f-954e-1a4656ce06d7,monotonic_reads,network_partition,reader-1,read,mr-fcecb323-d229-498f-954e-1a4656ce06d7,,207,ONE,ALL,cassandra-3,True,True,3.313,2026-09-16T13:00:01.304520+00:00,
fcecb323-d229-498f-954e-1a4656ce06d7,monotonic_reads,network_partition,reader-1,read,mr-fcecb323-d229-498f-954e-1a4656ce06d7,,208,ONE,ALL,cassandra-1,True,False,3.874,2026-09-16T13:00:01.321079+00:00,
fcecb323-d229-498f-954e-1a4656ce06d7,monotonic_reads,network_partition,reader-1,read,mr-fcecb323-d229-498f-954e-1a4656ce06d7,,208,ONE,ALL,cassandra-2,True,False,3.936,2026-09-16T13:00:01.336671+00:00,
fcecb323-d229-498f-954e-1a4656ce06d7,monotonic_reads,network_partition,reader-1,read,mr-fcecb323-d229-498f-954e-1a4656ce06d7,,207,ONE,ALL,cassandra-3,True,True,3.368,2026-09-16T13:00:01.352057+00:00,
fcecb323-d229-498f-954e-1a4656ce06d7,monotonic_reads,network_partition,reader-1,read,mr-fcecb323-d229-498f-954e-1a4656ce06d7,,208,ONE,ALL,cassandra-1,True,False,4.223,2026-09-16T13:00:01.369008+00:00,
fcecb323-d229-498f-954e-1a4656ce06d7,monotonic_reads,network_partition,reader-1,read,mr-fcecb323-d229-498f-954e-1a4656ce06d7,,208,ONE,ALL,cassandra-2,True,False,3.461,2026-09-16T13:00:01.385201+00:00,
fcecb323-d229-498f-954e-1a4656ce06d7,monotonic_reads,network_partition,reader-1,read,mr-fcecb323-d229-498f-954e-1a4656ce06d7,,207,ONE,ALL,cassandra-3,True,True,3.436,2026-09-16T13:00:01.401318+00:00,
fcecb323-d229-498f-954e-1a4656ce06d7,monotonic_reads,network_partition,reader-1,read,mr-fcecb323-d229-498f-954e-1a4656ce06d7,,208,ONE,ALL,cassandra-1,True,False,4.656,2026-09-16T13:00:01.416423+00:00,
fcecb323-d229-498f-954e-1a4656ce06d7,monotonic_reads,network_partition,reader-1,read,mr-fcecb323-d229-498f-954e-1a4656ce06d7,,208,ONE,ALL,cassandra-2,True,False,4.34,2026-09-16T13:00:01.433102+00:00,
fcecb323-d229-498f-954e-1a4656ce06d7,monotonic_reads,network_partition,reader-1,read,mr-fcecb323-d229-498f-954e-1a4656ce06d7,,207,ONE,ALL,cassandra-3,True,True,3.147,2026-09-16T13:00:01.447157+00:00,
fcecb323-d229-498f-954e-1a4656ce06d7,monotonic_reads,network_partition,reader-1,read,mr-fcecb323-d229-498f-954e-1a4656ce06d7,,208,ONE,ALL,cassandra-1,True,False,3.214,2026-09-16T13:00:01.460657+00:00,
fcecb323-d229-498f-954e-1a4656ce06d7,monotonic_reads,network_partition,reader-1,read,mr-fcecb323-d229-498f-954e-1a4656ce06d7,,208,ONE,ALL,cassandra-2,True,False,3.171,2026-09-16T13:00:01.476472+00:00,
fcecb323-d229-498f-954e-1a4656ce06d7,monotonic_reads,network_partition,reader-1,read,mr-fcecb323-d229-498f-954e-1a4656ce06d7,,207,ONE,ALL,cassandra-3,True,True,4.357,2026-09-16T13:00:01.491912+00:00,
fcecb323-d229-498f-954e-1a4656ce06d7,monotonic_reads,network_partition,reader-1,read,mr-fcecb323-d229-498f-954e-1a4656ce06d7,,208,ONE,ALL,cassandra-1,True,False,3.764,2026-09-16T13:00:01.507343+00:00,
fcecb323-d229-498f-954e-1a4656ce06d7,monotonic_reads,network_partition,reader-1,read,mr-fcecb323-d229-498f-954e-1a4656ce06d7,,208,ONE,ALL,cassandra-2,True,False,2.957,2026-09-16T13:00:01.521669+00:00,
fcecb323-d229-498f-954e-1a4656ce06d7,monotonic_reads,network_partition,reader-1,read,mr-fcecb323-d229-498f-954e-1a4656ce06d7,,207,ONE,ALL,cassandra-3,True,True,3.45,2026-09-16T13:00:01.537545+00:00,
fcecb323-d229-498f-954e-1a4656ce06d7,monotonic_reads,network_partition,reader-1,read,mr-fcecb323-d229-498f-954e-1a4656ce06d7,,208,ONE,ALL,cassandra-1,True,False,3.613,2026-09-16T13:00:01.553233+00:00,
fcecb323-d229-498f-954e-1a4656ce06d7,monotonic_reads,network_partition,reader-1,read,mr-fcecb323-d229-498f-954e-1a4656ce06d7,,208,ONE,ALL,cassandra-2,True,False,3.388,2026-09-16T13:00:01.567476+00:00,
fcecb323-d229-498f-954e-1a4656ce06d7,monotonic_reads,network_partition,reader-1,read,mr-fcecb323-d229-498f-954e-1a4656ce06d7,,207,ONE,ALL,cassandra-3,True,True,4.673,2026-09-16T13:00:01.583037+00:00,
fcecb323-d229-498f-954e-1a4656ce06d7,monotonic_reads,network_partition,reader-1,read,mr-fcecb323-d229-498f-954e-1a4656ce06d7,,208,ONE,ALL,cassandra-1,True,False,3.195,2026-09-16T13:00:01.597681+00:00,
fcecb323-d229-498f-954e-1a4656ce06d7,monotonic_reads,network_partition,reader-1,read,mr-fcecb323-d229-498f-954e-1a4656ce06d7,,208,ONE,ALL,cassandra-2,True,False,3.456,2026-09-16T13:00:01.613152+00:00,
fcecb323-d229-498f-954e-1a4656ce06d7,monotonic_reads,network_partition,reader-1,read,mr-fcecb323-d229-498f-954e-1a4656ce06d7,,207,ONE,ALL,cassandra-3,True,True,3.643,2026-09-16T13:00:01.628228+00:00,
fcecb323-d229-498f-954e-1a4656ce06d7,monotonic_reads,network_partition,reader-1,read,mr-fcecb323-d229-498f-954e-1a4656ce06d7,,208,ONE,ALL,cassandra-1,True,False,3.989,2026-09-16T13:00:01.644679+00:00,
fcecb323-d229-498f-954e-1a4656ce06d7,monotonic_reads,network_partition,reader-1,read,mr-fcecb323-d229-498f-954e-1a4656ce06d7,,208,ONE,ALL,cassandra-2,True,False,4.264,2026-09-16T13:00:01.661676+00:00,
fcecb323-d229-498f-954e-1a4656ce06d7,monotonic_reads,network_partition,reader-1,read,mr-fcecb323-d229-498f-954e-1a4656ce06d7,,207,ONE,ALL,cassandra-3,True,True,3.91,2026-09-16T13:00:01.677506+00:00,
fcecb323-d229-498f-954e-1a4656ce06d7,monotonic_reads,network_partition,reader-1,read,mr-fcecb323-d229-498f-954e-1a4656ce06d7,,208,ONE,ALL,cassandra-1,True,False,4.155,2026-09-16T13:00:01.693884+00:00,
fcecb323-d229-498f-954e-1a4656ce06d7,monotonic_reads,network_partition,reader-1,read,mr-fcecb323-d229-498f-954e-1a4656ce06d7,,208,ONE,ALL,cassandra-2,True,False,4.144,2026-09-16T13:00:01.709392+00:00,
fcecb323-d229-498f-954e-1a4656ce06d7,monotonic_reads,network_partition,reader-1,read,mr-fcecb323-d229-498f-954e-1a4656ce06d7,,207,ONE,ALL,cassandra-3,True,True,3.594,2026-09-16T13:00:01.725249+00:00,
fcecb323-d229-498f-954e-1a4656ce06d7,monotonic_reads,network_partition,reader-1,read,mr-fcecb323-d229-498f-954e-1a4656ce06d7,,208,ONE,ALL,cassandra-1,True,False,2.548,2026-09-16T13:00:01.738224+00:00,
fcecb323-d229-498f-954e-1a4656ce06d7,monotonic_reads,network_partition,reader-1,read,mr-fcecb323-d229-498f-954e-1a4656ce06d7,,208,ONE,ALL,cassandra-2,True,False,3.922,2026-09-16T13:00:01.754935+00:00,
fcecb323-d229-498f-954e-1a4656ce06d7,monotonic_reads,network_partition,reader-1,read,mr-fcecb323-d229-498f-954e-1a4656ce06d7,,207,ONE,ALL,cassandra-3,True,True,2.836,2026-09-16T13:00:01.768942+00:00,
fcecb323-d229-498f-954e-1a4656ce06d7,monotonic_reads,network_partition,reader-1,read,mr-fcecb323-d229-498f-954e-1a4656ce06d7,,208,ONE,ALL,cassandra-1,True,False,4.038,2026-09-16T13:00:01.785828+00:00,
fcecb323-d229-498f-954e-1a4656ce06d7,monotonic_reads,network_partition,reader-1,read,mr-fcecb323-d229-498f-954e-1a4656ce06d7,,208,ONE,ALL,cassandra-2,True,False,4.274,2026-09-16T13:00:01.802209+00:00,
fcecb323-d229-498f-954e-1a4656ce06d7,monotonic_reads,network_partition,reader-1,read,mr-fcecb323-d229-498f-954e-1a4656ce06d7,,207,ONE,ALL,cassandra-3,True,True,3.353,2026-09-16T13:00:01.816049+00:00,
fcecb323-d229-498f-954e-1a4656ce06d7,monotonic_reads,network_partition,reader-1,read,mr-fcecb323-d229-498f-954e-1a4656ce06d7,,208,ONE,ALL,cassandra-1,True,False,3.99,2026-09-16T13:00:01.831549+00:00,
fcecb323-d229-498f-954e-1a4656ce06d7,monotonic_reads,network_partition,reader-1,read,mr-fcecb323-d229-498f-954e-1a4656ce06d7,,208,ONE,ALL,cassandra-2,True,False,3.479,2026-09-16T13:00:01.846473+00:00,
fcecb323-d229-498f-954e-1a4656ce06d7,monotonic_reads,network_partition,reader-1,read,mr-fcecb323-d229-498f-954e-1a4656ce06d7,,207,ONE,ALL,cassandra-3,True,True,2.338,2026-09-16T13:00:01.859952+00:00,
fcecb323-d229-498f-954e-1a4656ce06d7,monotonic_reads,network_partition,reader-1,read,mr-fcecb323-d229-498f-954e-1a4656ce06d7,,208,ONE,ALL,cassandra-1,True,False,2.793,2026-09-16T13:00:01.874491+00:00,
fcecb323-d229-498f-954e-1a4656ce06d7,monotonic_reads,network_partition,reader-1,read,mr-fcecb323-d229-498f-954e-1a4656ce06d7,,208,ONE,ALL,cassandra-2,True,False,3.857,2026-09-16T13:00:01.888571+00:00,
fcecb323-d229-498f-954e-1a4656ce06d7,monotonic_reads,network_partition,reader-1,read,mr-fcecb323-d229-498f-954e-1a4656ce06d7,,207,ONE,ALL,cassandra-3,True,True,3.114,2026-09-16T13:00:01.904428+00:00,
fcecb323-d229-498f-954e-1a4656ce06d7,monotonic_reads,network_partition,reader-1,read,mr-fcecb323-d229-498f-954e-1a4656ce06d7,,208,ONE,ALL,cassandra-1,True,False,3.039,2026-09-16T13:00:01.919170+00:00,
fcecb323-d229-498f-954e-1a4656ce06d7,monotonic_reads,network_partition,reader-1,read,mr-fcecb323-d229-498f-954e-1a4656ce06d7,,208,ONE,ALL,cassandra-2,True,False,4.233,2026-09-16T13:00:01.935942+00:00,
fcecb323-d229-498f-954e-1a4656ce06d7,monotonic_reads,network_partition,reader-1,read,mr-fcecb323-d229-498f-954e-1a4656ce06d7,,207,ONE,ALL,cassandra-3,True,True,3.195,2026-09-16T13:00:01.951229+00:00,
fcecb323-d229-498f-954e-1a4656ce06d7,monotonic_reads,network_partition,reader-1,read,mr-fcecb323-d229-498f-954e-1a4656ce06d7,,208,ONE,ALL,cassandra-1,True,False,3.611,2026-09-16T13:00:01.967608+00:00,
fcecb323-d229-498f-954e-1a4656ce06d7,monotonic_reads,network_partition,reader-1,read,mr-fcecb323-d229-498f-954e-1a4656ce06d7,,208,ONE,ALL,cassandra-2,True,False,3.401,2026-09-16T13:00:01.982123+00:00,
fcecb323-d229-498f-954e-1a4656ce06d7,monotonic_reads,network_partition,reader-1,read,mr-fcecb323-d229-498f-954e-1a4656ce06d7,,207,ONE,ALL,cassandra-3,True,True,4.701,2026-09-16T13:00:01.997387+00:00,
fcecb323-d229-498f-954e-1a4656ce06d7,monotonic_reads,network_partition,reader-1,read,mr-fcecb323-d229-498f-954e-1a4656ce06d7,,208,ONE,ALL,cassandra-1,True,False,3.57,2026-09-16T13:00:02.011271+00:00,
fcecb323-d229-498f-954e-1a4656ce06d7,monotonic_reads,network_partition,reader-1,read,mr-fcecb323-d229-498f-954e-1a4656ce06d7,,208,ONE,ALL,cassandra-2,True,False,2.46,2026-09-16T13:00:02.025983+00:00,
fcecb323-d229-498f-954e-1a4656ce06d7,monotonic_reads,network_partition,reader-1,read,mr-fcecb323-d229-498f-954e-1a4656ce06d7,,207,ONE,ALL,cassandra-3,True,True,3.735,2026-09-16T13:00:02.041427+00:00,
fcecb323-d229-498f-954e-1a4656ce06d7,monotonic_reads,network_partition,reader-1,read,mr-fcecb323-d229-498f-954e-1a4656ce06d7,,208,ONE,ALL,cassandra-1,True,False,3.267,2026-09-16T13:00:02.056984+00:00,
fcecb323-d229-498f-954e-1a4656ce06d7,monotonic_reads,network_partition,reader-1,read,mr-fcecb323-d229-498f-954e-1a4656ce06d7,,208,ONE,ALL,cassandra-2,True,False,3.768,2026-09-16T13:00:02.072851+00:00,
fcecb323-d229-498f-954e-1a4656ce06d7,monotonic_reads,network_partition,reader-1,read,mr-fcecb323-d229-498f-954e-1a4656ce06d7,,207,ONE,ALL,cassandra-3,True,True,3.924,2026-09-16T13:00:02.087146+00:00,
fcecb323-d229-498f-954e-1a4656ce06d7,monotonic_reads,network_partition,reader-1,read,mr-fcecb323-d229-498f-954e-1a4656ce06d7,,208,ONE,ALL,cassandra-1,True,False,3.718,2026-09-16T13:00:02.101911+00:00,
fcecb323-d229-498f-954e-1a4656ce06d7,monotonic_reads,network_partition,reader-1,read,mr-fcecb323-d229-498f-954e-1a4656ce06d7,,208,ONE,ALL,cassandra-2,True,False,4.512,2026-09-16T13:00:02.117273+00:00,
fcecb323-d229-498f-954e-1a4656ce06d7,monotonic_reads,network_partition,reader-1,read,mr-fcecb323-d229-498f-954e-1a4656ce06d7,,207,ONE,ALL,cassandra-3,True,True,4.554,2026-09-16T13:00:02.133546+00:00,
fcecb323-d229-498f-954e-1a4656ce06d7,monotonic_reads,network_partition,reader-1,read,mr-fcecb323-d229-498f-954e-1a4656ce06d7,,208,ONE,ALL,cassandra-1,True,False,4.035,2026-09-16T13:00:02.148741+00:00,
fcecb323-d229-498f-954e-1a4656ce06d7,monotonic_reads,network_partition,reader-1,read,mr-fcecb323-d229-498f-954e-1a4656ce06d7,,208,ONE,ALL,cassandra-2,True,False,4.918,2026-09-16T13:00:02.166107+00:00,
fcecb323-d229-498f-954e-1a4656ce06d7,monotonic_reads,network_partition,reader-1,read,mr-fcecb323-d229-498f-954e-1a4656ce06d7,,207,ONE,ALL,cassandra-3,True,True,4.86,2026-09-16T13:00:02.183724+00:00,
fcecb323-d229-498f-954e-1a4656ce06d7,monotonic_reads,network_partition,reader-1,read,mr-fcecb323-d229-498f-954e-1a4656ce06d7,,208,ONE,ALL,cassandra-1,True,False,4.482,2026-09-16T13:00:02.200015+00:00,
fcecb323-d229-498f-954e-1a4656ce06d7,monotonic_reads,network_partition,reader-1,read,mr-fcecb323-d229-498f-954e-1a4656ce06d7,,208,ONE,ALL,cassandra-2,True,False,4.362,2026-09-16T13:00:02.217011+00:00,
fcecb323-d229-498f-954e-1a4656ce06d7,monotonic_reads,network_partition,reader-1,read,mr-fcecb323-d229-498f-954e-1a4656ce06d7,,207,ONE,ALL,cassandra-3,True,True,3.949,2026-09-16T13:00:02.232316+00:00,
fcecb323-d229-498f-954e-1a4656ce06d7,monotonic_reads,network_partition,reader-1,read,mr-fcecb323-d229-498f-954e-1a4656ce06d7,,208,ONE,ALL,cassandra-1,True,False,5.243,2026-09-16T13:00:02.249960+00:00,
fcecb323-d229-498f-954e-1a4656ce06d7,monotonic_reads,network_partition,reader-1,read,mr-fcecb323-d229-498f-954e-1a4656ce06d7,,208,ONE,ALL,cassandra-2,True,False,4.209,2026-09-16T13:00:02.265923+00:00,
fcecb323-d229-498f-954e-1a4656ce06d7,monotonic_reads,network_partition,reader-1,read,mr-fcecb323-d229-498f-954e-1a4656ce06d7,,207,ONE,ALL,cassandra-3,True,True,3.943,2026-09-16T13:00:02.281725+00:00,
fcecb323-d229-498f-954e-1a4656ce06d7,monotonic_reads,network_partition,reader-1,read,mr-fcecb323-d229-498f-954e-1a4656ce06d7,,208,ONE,ALL,cassandra-1,True,False,6.069,2026-09-16T13:00:02.299775+00:00,
fcecb323-d229-498f-954e-1a4656ce06d7,monotonic_reads,network_partition,reader-1,read,mr-fcecb323-d229-498f-954e-1a4656ce06d7,,208,ONE,ALL,cassandra-2,True,False,4.772,2026-09-16T13:00:02.316490+00:00,
fcecb323-d229-498f-954e-1a4656ce06d7,monotonic_reads,network_partition,writer-1,write,mr-fcecb323-d229-498f-954e-1a4656ce06d7,208,,,ALL,cassandra-1,False,False,6136.394,2026-09-16T13:00:02.320311+00:00,"WriteTimeout: Error from server: code=1100 [Coordinator node timed out waiting for replica nodes' responses] message=""Operation timed out - received only 2 responses."" info={'consistency': 'ALL', 'required_responses': 3, 'received_responses': 2, 'write_type': 'SIMPLE'}"
fcecb323-d229-498f-954e-1a4656ce06d7,monotonic_reads,network_partition,reader-1,read,mr-fcecb323-d229-498f-954e-1a4656ce06d7,,207,ONE,ALL,cassandra-3,True,True,5.153,2026-09-16T13:00:02.333874+00:00,
fcecb323-d229-498f-954e-1a4656ce06d7,monotonic_reads,network_partition,reader-1,read,mr-fcecb323-d229-498f-954e-1a4656ce06d7,,208,ONE,ALL,cassandra-1,True,False,4.131,2026-09-16T13:00:02.350760+00:00,
fcecb323-d229-498f-954e-1a4656ce06d7,monotonic_reads,network_partition,reader-1,read,mr-fcecb323-d229-498f-954e-1a4656ce06d7,,208,ONE,ALL,cassandra-2,True,False,5.691,2026-09-16T13:00:02.368826+00:00,
fcecb323-d229-498f-954e-1a4656ce06d7,monotonic_reads,network_partition,reader-1,read,mr-fcecb323-d229-498f-954e-1a4656ce06d7,,207,ONE,ALL,cassandra-3,True,True,6.308,2026-09-16T13:00:02.402948+00:00,
fcecb323-d229-498f-954e-1a4656ce06d7,monotonic_reads,network_partition,reader-1,read,mr-fcecb323-d229-498f-954e-1a4656ce06d7,,208,ONE,ALL,cassandra-1,True,False,2.671,2026-09-16T13:00:02.418312+00:00,
fcecb323-d229-498f-954e-1a4656ce06d7,monotonic_reads,network_partition,reader-1,read,mr-fcecb323-d229-498f-954e-1a4656ce06d7,,208,ONE,ALL,cassandra-2,True,False,3.199,2026-09-16T13:00:02.434083+00:00,
fcecb323-d229-498f-954e-1a4656ce06d7,monotonic_reads,network_partition,reader-1,read,mr-fcecb323-d229-498f-954e-1a4656ce06d7,,207,ONE,ALL,cassandra-3,True,True,2.766,2026-09-16T13:00:02.449415+00:00,
fcecb323-d229-498f-954e-1a4656ce06d7,monotonic_reads,network_partition,reader-1,read,mr-fcecb323-d229-498f-954e-1a4656ce06d7,,208,ONE,ALL,cassandra-1,True,False,3.413,2026-09-16T13:00:02.464368+00:00,
fcecb323-d229-498f-954e-1a4656ce06d7,monotonic_reads,network_partition,reader-1,read,mr-fcecb323-d229-498f-954e-1a4656ce06d7,,208,ONE,ALL,cassandra-2,True,False,3.456,2026-09-16T13:00:02.480460+00:00,
fcecb323-d229-498f-954e-1a4656ce06d7,monotonic_reads,network_partition,reader-1,read,mr-fcecb323-d229-498f-954e-1a4656ce06d7,,207,ONE,ALL,cassandra-3,True,True,5.114,2026-09-16T13:00:02.497522+00:00,
fcecb323-d229-498f-954e-1a4656ce06d7,monotonic_reads,network_partition,reader-1,read,mr-fcecb323-d229-498f-954e-1a4656ce06d7,,208,ONE,ALL,cassandra-1,True,False,4.485,2026-09-16T13:00:02.514762+00:00,
fcecb323-d229-498f-954e-1a4656ce06d7,monotonic_reads,network_partition,reader-1,read,mr-fcecb323-d229-498f-954e-1a4656ce06d7,,208,ONE,ALL,cassandra-2,True,False,5.688,2026-09-16T13:00:02.531298+00:00,
fcecb323-d229-498f-954e-1a4656ce06d7,monotonic_reads,network_partition,reader-1,read,mr-fcecb323-d229-498f-954e-1a4656ce06d7,,207,ONE,ALL,cassandra-3,True,True,4.536,2026-09-16T13:00:02.548511+00:00,
fcecb323-d229-498f-954e-1a4656ce06d7,monotonic_reads,network_partition,reader-1,read,mr-fcecb323-d229-498f-954e-1a4656ce06d7,,208,ONE,ALL,cassandra-1,True,False,3.766,2026-09-16T13:00:02.563497+00:00,
fcecb323-d229-498f-954e-1a4656ce06d7,monotonic_reads,network_partition,reader-1,read,mr-fcecb323-d229-498f-954e-1a4656ce06d7,,208,ONE,ALL,cassandra-2,True,False,3.075,2026-09-16T13:00:02.576773+00:00,
fcecb323-d229-498f-954e-1a4656ce06d7,monotonic_reads,network_partition,reader-1,read,mr-fcecb323-d229-498f-954e-1a4656ce06d7,,207,ONE,ALL,cassandra-3,True,True,3.897,2026-09-16T13:00:02.591617+00:00,
fcecb323-d229-498f-954e-1a4656ce06d7,monotonic_reads,network_partition,reader-1,read,mr-fcecb323-d229-498f-954e-1a4656ce06d7,,208,ONE,ALL,cassandra-1,True,False,3.328,2026-09-16T13:00:02.606483+00:00,
fcecb323-d229-498f-954e-1a4656ce06d7,monotonic_reads,network_partition,reader-1,read,mr-fcecb323-d229-498f-954e-1a4656ce06d7,,208,ONE,ALL,cassandra-2,True,False,3.488,2026-09-16T13:00:02.622196+00:00,
fcecb323-d229-498f-954e-1a4656ce06d7,monotonic_reads,network_partition,reader-1,read,mr-fcecb323-d229-498f-954e-1a4656ce06d7,,207,ONE,ALL,cassandra-3,True,True,3.572,2026-09-16T13:00:02.638456+00:00,
fcecb323-d229-498f-954e-1a4656ce06d7,monotonic_reads,network_partition,reader-1,read,mr-fcecb323-d229-498f-954e-1a4656ce06d7,,208,ONE,ALL,cassandra-1,True,False,4.078,2026-09-16T13:00:02.653785+00:00,
fcecb323-d229-498f-954e-1a4656ce06d7,monotonic_reads,network_partition,reader-1,read,mr-fcecb323-d229-498f-954e-1a4656ce06d7,,208,ONE,ALL,cassandra-2,True,False,3.923,2026-09-16T13:00:02.669553+00:00,
fcecb323-d229-498f-954e-1a4656ce06d7,monotonic_reads,network_partition,reader-1,read,mr-fcecb323-d229-498f-954e-1a4656ce06d7,,207,ONE,ALL,cassandra-3,True,True,3.623,2026-09-16T13:00:02.684884+00:00,
fcecb323-d229-498f-954e-1a4656ce06d7,monotonic_reads,network_partition,reader-1,read,mr-fcecb323-d229-498f-954e-1a4656ce06d7,,208,ONE,ALL,cassandra-1,True,False,4.214,2026-09-16T13:00:02.699447+00:00,
fcecb323-d229-498f-954e-1a4656ce06d7,monotonic_reads,network_partition,reader-1,read,mr-fcecb323-d229-498f-954e-1a4656ce06d7,,208,ONE,ALL,cassandra-2,True,False,4.01,2026-09-16T13:00:02.716145+00:00,
fcecb323-d229-498f-954e-1a4656ce06d7,monotonic_reads,network_partition,reader-1,read,mr-fcecb323-d229-498f-954e-1a4656ce06d7,,207,ONE,ALL,cassandra-3,True,True,3.372,2026-09-16T13:00:02.730057+00:00,
fcecb323-d229-498f-954e-1a4656ce06d7,monotonic_reads,network_partition,reader-1,read,mr-fcecb323-d229-498f-954e-1a4656ce06d7,,208,ONE,ALL,cassandra-1,True,False,3.792,2026-09-16T13:00:02.745523+00:00,
fcecb323-d229-498f-954e-1a4656ce06d7,monotonic_reads,network_partition,reader-1,read,mr-fcecb323-d229-498f-954e-1a4656ce06d7,,208,ONE,ALL,cassandra-2,True,False,4.025,2026-09-16T13:00:02.762332+00:00,
fcecb323-d229-498f-954e-1a4656ce06d7,monotonic_reads,network_partition,reader-1,read,mr-fcecb323-d229-498f-954e-1a4656ce06d7,,207,ONE,ALL,cassandra-3,True,True,3.263,2026-09-16T13:00:02.776953+00:00,
fcecb323-d229-498f-954e-1a4656ce06d7,monotonic_reads,network_partition,reader-1,read,mr-fcecb323-d229-498f-954e-1a4656ce06d7,,208,ONE,ALL,cassandra-1,True,False,4.027,2026-09-16T13:00:02.791652+00:00,
fcecb323-d229-498f-954e-1a4656ce06d7,monotonic_reads,network_partition,reader-1,read,mr-fcecb323-d229-498f-954e-1a4656ce06d7,,208,ONE,ALL,cassandra-2,True,False,3.543,2026-09-16T13:00:02.806237+00:00,
fcecb323-d229-498f-954e-1a4656ce06d7,monotonic_reads,network_partition,reader-1,read,mr-fcecb323-d229-498f-954e-1a4656ce06d7,,207,ONE,ALL,cassandra-3,True,True,3.583,2026-09-16T13:00:02.822516+00:00,
fcecb323-d229-498f-954e-1a4656ce06d7,monotonic_reads,network_partition,reader-1,read,mr-fcecb323-d229-498f-954e-1a4656ce06d7,,208,ONE,ALL,cassandra-1,True,False,3.626,2026-09-16T13:00:02.837566+00:00,
fcecb323-d229-498f-954e-1a4656ce06d7,monotonic_reads,network_partition,reader-1,read,mr-fcecb323-d229-498f-954e-1a4656ce06d7,,208,ONE,ALL,cassandra-2,True,False,3.225,2026-09-16T13:00:02.852840+00:00,
fcecb323-d229-498f-954e-1a4656ce06d7,monotonic_reads,network_partition,reader-1,read,mr-fcecb323-d229-498f-954e-1a4656ce06d7,,207,ONE,ALL,cassandra-3,True,True,3.718,2026-09-16T13:00:02.868690+00:00,
fcecb323-d229-498f-954e-1a4656ce06d7,monotonic_reads,network_partition,reader-1,read,mr-fcecb323-d229-498f-954e-1a4656ce06d7,,208,ONE,ALL,cassandra-1,True,False,4.195,2026-09-16T13:00:02.883930+00:00,
fcecb323-d229-498f-954e-1a4656ce06d7,monotonic_reads,network_partition,reader-1,read,mr-fcecb323-d229-498f-954e-1a4656ce06d7,,208,ONE,ALL,cassandra-2,True,False,3.793,2026-09-16T13:00:02.899421+00:00,
fcecb323-d229-498f-954e-1a4656ce06d7,monotonic_reads,network_partition,reader-1,read,mr-fcecb323-d229-498f-954e-1a4656ce06d7,,207,ONE,ALL,cassandra-3,True,True,3.217,2026-09-16T13:00:02.912908+00:00,
fcecb323-d229-498f-954e-1a4656ce06d7,monotonic_reads,network_partition,reader-1,read,mr-fcecb323-d229-498f-954e-1a4656ce06d7,,208,ONE,ALL,cassandra-1,True,False,3.196,2026-09-16T13:00:02.928395+00:00,
fcecb323-d229-498f-954e-1a4656ce06d7,monotonic_reads,network_partition,reader-1,read,mr-fcecb323-d229-498f-954e-1a4656ce06d7,,208,ONE,ALL,cassandra-2,True,False,3.695,2026-09-16T13:00:02.942323+00:00,
fcecb323-d229-498f-954e-1a4656ce06d7,monotonic_reads,network_partition,reader-1,read,mr-fcecb323-d229-498f-954e-1a4656ce06d7,,207,ONE,ALL,cassandra-3,True,True,3.571,2026-09-16T13:00:02.958342+00:00,
fcecb323-d229-498f-954e-1a4656ce06d7,monotonic_reads,network_partition,reader-1,read,mr-fcecb323-d229-498f-954e-1a4656ce06d7,,208,ONE,ALL,cassandra-1,True,False,3.871,2026-09-16T13:00:02.973610+00:00,
fcecb323-d229-498f-954e-1a4656ce06d7,monotonic_reads,network_partition,reader-1,read,mr-fcecb323-d229-498f-954e-1a4656ce06d7,,208,ONE,ALL,cassandra-2,True,False,4.355,2026-09-16T13:00:02.988439+00:00,
fcecb323-d229-498f-954e-1a4656ce06d7,monotonic_reads,network_partition,reader-1,read,mr-fcecb323-d229-498f-954e-1a4656ce06d7,,207,ONE,ALL,cassandra-3,True,True,4.102,2026-09-16T13:00:03.004187+00:00,
fcecb323-d229-498f-954e-1a4656ce06d7,monotonic_reads,network_partition,reader-1,read,mr-fcecb323-d229-498f-954e-1a4656ce06d7,,208,ONE,ALL,cassandra-1,True,False,4.188,2026-09-16T13:00:03.018765+00:00,
fcecb323-d229-498f-954e-1a4656ce06d7,monotonic_reads,network_partition,reader-1,read,mr-fcecb323-d229-498f-954e-1a4656ce06d7,,208,ONE,ALL,cassandra-2,True,False,3.534,2026-09-16T13:00:03.033216+00:00,
fcecb323-d229-498f-954e-1a4656ce06d7,monotonic_reads,network_partition,reader-1,read,mr-fcecb323-d229-498f-954e-1a4656ce06d7,,207,ONE,ALL,cassandra-3,True,True,4.4,2026-09-16T13:00:03.048052+00:00,
fcecb323-d229-498f-954e-1a4656ce06d7,monotonic_reads,network_partition,reader-1,read,mr-fcecb323-d229-498f-954e-1a4656ce06d7,,208,ONE,ALL,cassandra-1,True,False,4.019,2026-09-16T13:00:03.064836+00:00,
fcecb323-d229-498f-954e-1a4656ce06d7,monotonic_reads,network_partition,reader-1,read,mr-fcecb323-d229-498f-954e-1a4656ce06d7,,208,ONE,ALL,cassandra-2,True,False,4.351,2026-09-16T13:00:03.081676+00:00,
fcecb323-d229-498f-954e-1a4656ce06d7,monotonic_reads,network_partition,reader-1,read,mr-fcecb323-d229-498f-954e-1a4656ce06d7,,207,ONE,ALL,cassandra-3,True,True,3.857,2026-09-16T13:00:03.098227+00:00,
fcecb323-d229-498f-954e-1a4656ce06d7,monotonic_reads,network_partition,reader-1,read,mr-fcecb323-d229-498f-954e-1a4656ce06d7,,208,ONE,ALL,cassandra-1,True,False,3.169,2026-09-16T13:00:03.111853+00:00,
fcecb323-d229-498f-954e-1a4656ce06d7,monotonic_reads,network_partition,reader-1,read,mr-fcecb323-d229-498f-954e-1a4656ce06d7,,208,ONE,ALL,cassandra-2,True,False,3.35,2026-09-16T13:00:03.126069+00:00,
fcecb323-d229-498f-954e-1a4656ce06d7,monotonic_reads,network_partition,reader-1,read,mr-fcecb323-d229-498f-954e-1a4656ce06d7,,207,ONE,ALL,cassandra-3,True,True,3.007,2026-09-16T13:00:03.139735+00:00,
fcecb323-d229-498f-954e-1a4656ce06d7,monotonic_reads,network_partition,reader-1,read,mr-fcecb323-d229-498f-954e-1a4656ce06d7,,208,ONE,ALL,cassandra-1,True,False,3.235,2026-09-16T13:00:03.155545+00:00,
fcecb323-d229-498f-954e-1a4656ce06d7,monotonic_reads,network_partition,reader-1,read,mr-fcecb323-d229-498f-954e-1a4656ce06d7,,208,ONE,ALL,cassandra-2,True,False,3.541,2026-09-16T13:00:03.171798+00:00,
fcecb323-d229-498f-954e-1a4656ce06d7,monotonic_reads,network_partition,reader-1,read,mr-fcecb323-d229-498f-954e-1a4656ce06d7,,207,ONE,ALL,cassandra-3,True,True,3.415,2026-09-16T13:00:03.187902+00:00,
fcecb323-d229-498f-954e-1a4656ce06d7,monotonic_reads,network_partition,reader-1,read,mr-fcecb323-d229-498f-954e-1a4656ce06d7,,208,ONE,ALL,cassandra-1,True,False,3.666,2026-09-16T13:00:03.203766+00:00,
fcecb323-d229-498f-954e-1a4656ce06d7,monotonic_reads,network_partition,reader-1,read,mr-fcecb323-d229-498f-954e-1a4656ce06d7,,208,ONE,ALL,cassandra-2,True,False,4.324,2026-09-16T13:00:03.219301+00:00,
fcecb323-d229-498f-954e-1a4656ce06d7,monotonic_reads,network_partition,reader-1,read,mr-fcecb323-d229-498f-954e-1a4656ce06d7,,207,ONE,ALL,cassandra-3,True,True,3.8,2026-09-16T13:00:03.235699+00:00,
fcecb323-d229-498f-954e-1a4656ce06d7,monotonic_reads,network_partition,reader-1,read,mr-fcecb323-d229-498f-954e-1a4656ce06d7,,208,ONE,ALL,cassandra-1,True,False,3.918,2026-09-16T13:00:03.252372+00:00,
fcecb323-d229-498f-954e-1a4656ce06d7,monotonic_reads,network_partition,reader-1,read,mr-fcecb323-d229-498f-954e-1a4656ce06d7,,208,ONE,ALL,cassandra-2,True,False,3.113,2026-09-16T13:00:03.267821+00:00,
fcecb323-d229-498f-954e-1a4656ce06d7,monotonic_reads,network_partition,reader-1,read,mr-fcecb323-d229-498f-954e-1a4656ce06d7,,207,ONE,ALL,cassandra-3,True,True,2.931,2026-09-16T13:00:03.281610+00:00,
fcecb323-d229-498f-954e-1a4656ce06d7,monotonic_reads,network_partition,reader-1,read,mr-fcecb323-d229-498f-954e-1a4656ce06d7,,208,ONE,ALL,cassandra-1,True,False,2.673,2026-09-16T13:00:03.294978+00:00,
fcecb323-d229-498f-954e-1a4656ce06d7,monotonic_reads,network_partition,reader-1,read,mr-fcecb323-d229-498f-954e-1a4656ce06d7,,208,ONE,ALL,cassandra-2,True,False,3.104,2026-09-16T13:00:03.309682+00:00,
fcecb323-d229-498f-954e-1a4656ce06d7,monotonic_reads,network_partition,reader-1,read,mr-fcecb323-d229-498f-954e-1a4656ce06d7,,207,ONE,ALL,cassandra-3,True,True,4.67,2026-09-16T13:00:03.326400+00:00,
fcecb323-d229-498f-954e-1a4656ce06d7,monotonic_reads,network_partition,reader-1,read,mr-fcecb323-d229-498f-954e-1a4656ce06d7,,208,ONE,ALL,cassandra-1,True,False,3.309,2026-09-16T13:00:03.340793+00:00,
fcecb323-d229-498f-954e-1a4656ce06d7,monotonic_reads,network_partition,reader-1,read,mr-fcecb323-d229-498f-954e-1a4656ce06d7,,208,ONE,ALL,cassandra-2,True,False,3.07,2026-09-16T13:00:03.355392+00:00,
fcecb323-d229-498f-954e-1a4656ce06d7,monotonic_reads,network_partition,reader-1,read,mr-fcecb323-d229-498f-954e-1a4656ce06d7,,207,ONE,ALL,cassandra-3,True,True,3.548,2026-09-16T13:00:03.370419+00:00,
fcecb323-d229-498f-954e-1a4656ce06d7,monotonic_reads,network_partition,reader-1,read,mr-fcecb323-d229-498f-954e-1a4656ce06d7,,208,ONE,ALL,cassandra-1,True,False,3.48,2026-09-16T13:00:03.386389+00:00,
fcecb323-d229-498f-954e-1a4656ce06d7,monotonic_reads,network_partition,reader-1,read,mr-fcecb323-d229-498f-954e-1a4656ce06d7,,208,ONE,ALL,cassandra-2,True,False,3.518,2026-09-16T13:00:03.402724+00:00,
fcecb323-d229-498f-954e-1a4656ce06d7,monotonic_reads,network_partition,reader-1,read,mr-fcecb323-d229-498f-954e-1a4656ce06d7,,207,ONE,ALL,cassandra-3,True,True,3.713,2026-09-16T13:00:03.417417+00:00,
fcecb323-d229-498f-954e-1a4656ce06d7,monotonic_reads,network_partition,reader-1,read,mr-fcecb323-d229-498f-954e-1a4656ce06d7,,208,ONE,ALL,cassandra-1,True,False,3.496,2026-09-16T13:00:03.432207+00:00,
fcecb323-d229-498f-954e-1a4656ce06d7,monotonic_reads,network_partition,reader-1,read,mr-fcecb323-d229-498f-954e-1a4656ce06d7,,208,ONE,ALL,cassandra-2,True,False,3.125,2026-09-16T13:00:03.447545+00:00,
fcecb323-d229-498f-954e-1a4656ce06d7,monotonic_reads,network_partition,reader-1,read,mr-fcecb323-d229-498f-954e-1a4656ce06d7,,207,ONE,ALL,cassandra-3,True,True,3.216,2026-09-16T13:00:03.460916+00:00,
fcecb323-d229-498f-954e-1a4656ce06d7,monotonic_reads,network_partition,reader-1,read,mr-fcecb323-d229-498f-954e-1a4656ce06d7,,208,ONE,ALL,cassandra-1,True,False,3.192,2026-09-16T13:00:03.475859+00:00,
fcecb323-d229-498f-954e-1a4656ce06d7,monotonic_reads,network_partition,reader-1,read,mr-fcecb323-d229-498f-954e-1a4656ce06d7,,208,ONE,ALL,cassandra-2,True,False,3.365,2026-09-16T13:00:03.490033+00:00,
fcecb323-d229-498f-954e-1a4656ce06d7,monotonic_reads,network_partition,reader-1,read,mr-fcecb323-d229-498f-954e-1a4656ce06d7,,207,ONE,ALL,cassandra-3,True,True,3.855,2026-09-16T13:00:03.505782+00:00,
fcecb323-d229-498f-954e-1a4656ce06d7,monotonic_reads,network_partition,reader-1,read,mr-fcecb323-d229-498f-954e-1a4656ce06d7,,208,ONE,ALL,cassandra-1,True,False,3.176,2026-09-16T13:00:03.521349+00:00,
fcecb323-d229-498f-954e-1a4656ce06d7,monotonic_reads,network_partition,reader-1,read,mr-fcecb323-d229-498f-954e-1a4656ce06d7,,208,ONE,ALL,cassandra-2,True,False,3.41,2026-09-16T13:00:03.536082+00:00,
fcecb323-d229-498f-954e-1a4656ce06d7,monotonic_reads,network_partition,reader-1,read,mr-fcecb323-d229-498f-954e-1a4656ce06d7,,207,ONE,ALL,cassandra-3,True,True,4.019,2026-09-16T13:00:03.550481+00:00,
fcecb323-d229-498f-954e-1a4656ce06d7,monotonic_reads,network_partition,reader-1,read,mr-fcecb323-d229-498f-954e-1a4656ce06d7,,208,ONE,ALL,cassandra-1,True,False,4.073,2026-09-16T13:00:03.567265+00:00,
fcecb323-d229-498f-954e-1a4656ce06d7,monotonic_reads,network_partition,reader-1,read,mr-fcecb323-d229-498f-954e-1a4656ce06d7,,208,ONE,ALL,cassandra-2,True,False,3.525,2026-09-16T13:00:03.582114+00:00,
fcecb323-d229-498f-954e-1a4656ce06d7,monotonic_reads,network_partition,reader-1,read,mr-fcecb323-d229-498f-954e-1a4656ce06d7,,207,ONE,ALL,cassandra-3,True,True,2.506,2026-09-16T13:00:03.595177+00:00,
fcecb323-d229-498f-954e-1a4656ce06d7,monotonic_reads,network_partition,reader-1,read,mr-fcecb323-d229-498f-954e-1a4656ce06d7,,208,ONE,ALL,cassandra-1,True,False,2.872,2026-09-16T13:00:03.609557+00:00,
fcecb323-d229-498f-954e-1a4656ce06d7,monotonic_reads,network_partition,reader-1,read,mr-fcecb323-d229-498f-954e-1a4656ce06d7,,208,ONE,ALL,cassandra-2,True,False,3.191,2026-09-16T13:00:03.625372+00:00,
fcecb323-d229-498f-954e-1a4656ce06d7,monotonic_reads,network_partition,reader-1,read,mr-fcecb323-d229-498f-954e-1a4656ce06d7,,207,ONE,ALL,cassandra-3,True,True,3.446,2026-09-16T13:00:03.640870+00:00,
fcecb323-d229-498f-954e-1a4656ce06d7,monotonic_reads,network_partition,reader-1,read,mr-fcecb323-d229-498f-954e-1a4656ce06d7,,208,ONE,ALL,cassandra-1,True,False,3.573,2026-09-16T13:00:03.655901+00:00,
fcecb323-d229-498f-954e-1a4656ce06d7,monotonic_reads,network_partition,reader-1,read,mr-fcecb323-d229-498f-954e-1a4656ce06d7,,208,ONE,ALL,cassandra-2,True,False,4.147,2026-09-16T13:00:03.672712+00:00,
fcecb323-d229-498f-954e-1a4656ce06d7,monotonic_reads,network_partition,reader-1,read,mr-fcecb323-d229-498f-954e-1a4656ce06d7,,207,ONE,ALL,cassandra-3,True,True,3.198,2026-09-16T13:00:03.686869+00:00,
fcecb323-d229-498f-954e-1a4656ce06d7,monotonic_reads,network_partition,reader-1,read,mr-fcecb323-d229-498f-954e-1a4656ce06d7,,208,ONE,ALL,cassandra-1,True,False,4.619,2026-09-16T13:00:03.701743+00:00,
fcecb323-d229-498f-954e-1a4656ce06d7,monotonic_reads,network_partition,reader-1,read,mr-fcecb323-d229-498f-954e-1a4656ce06d7,,208,ONE,ALL,cassandra-2,True,False,4.039,2026-09-16T13:00:03.716802+00:00,
fcecb323-d229-498f-954e-1a4656ce06d7,monotonic_reads,network_partition,reader-1,read,mr-fcecb323-d229-498f-954e-1a4656ce06d7,,207,ONE,ALL,cassandra-3,True,True,3.818,2026-09-16T13:00:03.732328+00:00,
fcecb323-d229-498f-954e-1a4656ce06d7,monotonic_reads,network_partition,reader-1,read,mr-fcecb323-d229-498f-954e-1a4656ce06d7,,208,ONE,ALL,cassandra-1,True,False,3.7,2026-09-16T13:00:03.748797+00:00,
fcecb323-d229-498f-954e-1a4656ce06d7,monotonic_reads,network_partition,reader-1,read,mr-fcecb323-d229-498f-954e-1a4656ce06d7,,208,ONE,ALL,cassandra-2,True,False,3.371,2026-09-16T13:00:03.763925+00:00,
fcecb323-d229-498f-954e-1a4656ce06d7,monotonic_reads,network_partition,reader-1,read,mr-fcecb323-d229-498f-954e-1a4656ce06d7,,207,ONE,ALL,cassandra-3,True,True,3.082,2026-09-16T13:00:03.777755+00:00,
fcecb323-d229-498f-954e-1a4656ce06d7,monotonic_reads,network_partition,reader-1,read,mr-fcecb323-d229-498f-954e-1a4656ce06d7,,208,ONE,ALL,cassandra-1,True,False,2.982,2026-09-16T13:00:03.791674+00:00,
fcecb323-d229-498f-954e-1a4656ce06d7,monotonic_reads,network_partition,reader-1,read,mr-fcecb323-d229-498f-954e-1a4656ce06d7,,208,ONE,ALL,cassandra-2,True,False,2.834,2026-09-16T13:00:03.805510+00:00,
fcecb323-d229-498f-954e-1a4656ce06d7,monotonic_reads,network_partition,reader-1,read,mr-fcecb323-d229-498f-954e-1a4656ce06d7,,207,ONE,ALL,cassandra-3,True,True,3.351,2026-09-16T13:00:03.821401+00:00,
fcecb323-d229-498f-954e-1a4656ce06d7,monotonic_reads,network_partition,reader-1,read,mr-fcecb323-d229-498f-954e-1a4656ce06d7,,208,ONE,ALL,cassandra-1,True,False,3.514,2026-09-16T13:00:03.836590+00:00,
fcecb323-d229-498f-954e-1a4656ce06d7,monotonic_reads,network_partition,reader-1,read,mr-fcecb323-d229-498f-954e-1a4656ce06d7,,208,ONE,ALL,cassandra-2,True,False,3.203,2026-09-16T13:00:03.851284+00:00,
fcecb323-d229-498f-954e-1a4656ce06d7,monotonic_reads,network_partition,reader-1,read,mr-fcecb323-d229-498f-954e-1a4656ce06d7,,207,ONE,ALL,cassandra-3,True,True,3.723,2026-09-16T13:00:03.866895+00:00,
fcecb323-d229-498f-954e-1a4656ce06d7,monotonic_reads,network_partition,reader-1,read,mr-fcecb323-d229-498f-954e-1a4656ce06d7,,208,ONE,ALL,cassandra-1,True,False,4.558,2026-09-16T13:00:03.882042+00:00,
fcecb323-d229-498f-954e-1a4656ce06d7,monotonic_reads,network_partition,reader-1,read,mr-fcecb323-d229-498f-954e-1a4656ce06d7,,208,ONE,ALL,cassandra-2,True,False,4.126,2026-09-16T13:00:03.898836+00:00,
fcecb323-d229-498f-954e-1a4656ce06d7,monotonic_reads,network_partition,reader-1,read,mr-fcecb323-d229-498f-954e-1a4656ce06d7,,207,ONE,ALL,cassandra-3,True,True,3.64,2026-09-16T13:00:03.915017+00:00,
fcecb323-d229-498f-954e-1a4656ce06d7,monotonic_reads,network_partition,reader-1,read,mr-fcecb323-d229-498f-954e-1a4656ce06d7,,208,ONE,ALL,cassandra-1,True,False,3.378,2026-09-16T13:00:03.929294+00:00,
fcecb323-d229-498f-954e-1a4656ce06d7,monotonic_reads,network_partition,reader-1,read,mr-fcecb323-d229-498f-954e-1a4656ce06d7,,208,ONE,ALL,cassandra-2,True,False,3.288,2026-09-16T13:00:03.943987+00:00,
fcecb323-d229-498f-954e-1a4656ce06d7,monotonic_reads,network_partition,reader-1,read,mr-fcecb323-d229-498f-954e-1a4656ce06d7,,207,ONE,ALL,cassandra-3,True,True,3.409,2026-09-16T13:00:03.960102+00:00,
fcecb323-d229-498f-954e-1a4656ce06d7,monotonic_reads,network_partition,reader-1,read,mr-fcecb323-d229-498f-954e-1a4656ce06d7,,208,ONE,ALL,cassandra-1,True,False,4.313,2026-09-16T13:00:03.975039+00:00,
fcecb323-d229-498f-954e-1a4656ce06d7,monotonic_reads,network_partition,reader-1,read,mr-fcecb323-d229-498f-954e-1a4656ce06d7,,208,ONE,ALL,cassandra-2,True,False,4.736,2026-09-16T13:00:03.991574+00:00,
fcecb323-d229-498f-954e-1a4656ce06d7,monotonic_reads,network_partition,reader-1,read,mr-fcecb323-d229-498f-954e-1a4656ce06d7,,207,ONE,ALL,cassandra-3,True,True,4.373,2026-09-16T13:00:04.008091+00:00,
fcecb323-d229-498f-954e-1a4656ce06d7,monotonic_reads,network_partition,reader-1,read,mr-fcecb323-d229-498f-954e-1a4656ce06d7,,208,ONE,ALL,cassandra-1,True,False,3.687,2026-09-16T13:00:04.023256+00:00,
fcecb323-d229-498f-954e-1a4656ce06d7,monotonic_reads,network_partition,reader-1,read,mr-fcecb323-d229-498f-954e-1a4656ce06d7,,208,ONE,ALL,cassandra-2,True,False,4.944,2026-09-16T13:00:04.040635+00:00,
fcecb323-d229-498f-954e-1a4656ce06d7,monotonic_reads,network_partition,reader-1,read,mr-fcecb323-d229-498f-954e-1a4656ce06d7,,207,ONE,ALL,cassandra-3,True,True,4.061,2026-09-16T13:00:04.055761+00:00,
fcecb323-d229-498f-954e-1a4656ce06d7,monotonic_reads,network_partition,reader-1,read,mr-fcecb323-d229-498f-954e-1a4656ce06d7,,208,ONE,ALL,cassandra-1,True,False,4.669,2026-09-16T13:00:04.072654+00:00,
fcecb323-d229-498f-954e-1a4656ce06d7,monotonic_reads,network_partition,reader-1,read,mr-fcecb323-d229-498f-954e-1a4656ce06d7,,208,ONE,ALL,cassandra-2,True,False,3.765,2026-09-16T13:00:04.088453+00:00,
fcecb323-d229-498f-954e-1a4656ce06d7,monotonic_reads,network_partition,reader-1,read,mr-fcecb323-d229-498f-954e-1a4656ce06d7,,207,ONE,ALL,cassandra-3,True,True,3.684,2026-09-16T13:00:04.104839+00:00,
fcecb323-d229-498f-954e-1a4656ce06d7,monotonic_reads,network_partition,reader-1,read,mr-fcecb323-d229-498f-954e-1a4656ce06d7,,208,ONE,ALL,cassandra-1,True,False,3.525,2026-09-16T13:00:04.119692+00:00,
fcecb323-d229-498f-954e-1a4656ce06d7,monotonic_reads,network_partition,reader-1,read,mr-fcecb323-d229-498f-954e-1a4656ce06d7,,208,ONE,ALL,cassandra-2,True,False,3.958,2026-09-16T13:00:04.136390+00:00,
fcecb323-d229-498f-954e-1a4656ce06d7,monotonic_reads,network_partition,reader-1,read,mr-fcecb323-d229-498f-954e-1a4656ce06d7,,207,ONE,ALL,cassandra-3,True,True,4.331,2026-09-16T13:00:04.153465+00:00,
fcecb323-d229-498f-954e-1a4656ce06d7,monotonic_reads,network_partition,reader-1,read,mr-fcecb323-d229-498f-954e-1a4656ce06d7,,208,ONE,ALL,cassandra-1,True,False,3.972,2026-09-16T13:00:04.169175+00:00,
fcecb323-d229-498f-954e-1a4656ce06d7,monotonic_reads,network_partition,reader-1,read,mr-fcecb323-d229-498f-954e-1a4656ce06d7,,208,ONE,ALL,cassandra-2,True,False,3.861,2026-09-16T13:00:04.185756+00:00,
fcecb323-d229-498f-954e-1a4656ce06d7,monotonic_reads,network_partition,reader-1,read,mr-fcecb323-d229-498f-954e-1a4656ce06d7,,207,ONE,ALL,cassandra-3,True,True,4.39,2026-09-16T13:00:04.200568+00:00,
fcecb323-d229-498f-954e-1a4656ce06d7,monotonic_reads,network_partition,reader-1,read,mr-fcecb323-d229-498f-954e-1a4656ce06d7,,208,ONE,ALL,cassandra-1,True,False,3.258,2026-09-16T13:00:04.216430+00:00,
fcecb323-d229-498f-954e-1a4656ce06d7,monotonic_reads,network_partition,reader-1,read,mr-fcecb323-d229-498f-954e-1a4656ce06d7,,208,ONE,ALL,cassandra-2,True,False,4.529,2026-09-16T13:00:04.233224+00:00,
fcecb323-d229-498f-954e-1a4656ce06d7,monotonic_reads,network_partition,reader-1,read,mr-fcecb323-d229-498f-954e-1a4656ce06d7,,207,ONE,ALL,cassandra-3,True,True,4.059,2026-09-16T13:00:04.249776+00:00,
fcecb323-d229-498f-954e-1a4656ce06d7,monotonic_reads,network_partition,reader-1,read,mr-fcecb323-d229-498f-954e-1a4656ce06d7,,208,ONE,ALL,cassandra-1,True,False,3.615,2026-09-16T13:00:04.265137+00:00,
fcecb323-d229-498f-954e-1a4656ce06d7,monotonic_reads,network_partition,reader-1,read,mr-fcecb323-d229-498f-954e-1a4656ce06d7,,208,ONE,ALL,cassandra-2,True,False,3.493,2026-09-16T13:00:04.281326+00:00,
fcecb323-d229-498f-954e-1a4656ce06d7,monotonic_reads,network_partition,reader-1,read,mr-fcecb323-d229-498f-954e-1a4656ce06d7,,207,ONE,ALL,cassandra-3,True,True,3.426,2026-09-16T13:00:04.297367+00:00,
fcecb323-d229-498f-954e-1a4656ce06d7,monotonic_reads,network_partition,reader-1,read,mr-fcecb323-d229-498f-954e-1a4656ce06d7,,208,ONE,ALL,cassandra-1,True,False,2.98,2026-09-16T13:00:04.312145+00:00,
fcecb323-d229-498f-954e-1a4656ce06d7,monotonic_reads,network_partition,reader-1,read,mr-fcecb323-d229-498f-954e-1a4656ce06d7,,208,ONE,ALL,cassandra-2,True,False,3.91,2026-09-16T13:00:04.326748+00:00,
fcecb323-d229-498f-954e-1a4656ce06d7,monotonic_reads,network_partition,reader-1,read,mr-fcecb323-d229-498f-954e-1a4656ce06d7,,207,ONE,ALL,cassandra-3,True,True,3.941,2026-09-16T13:00:04.343143+00:00,
fcecb323-d229-498f-954e-1a4656ce06d7,monotonic_reads,network_partition,reader-1,read,mr-fcecb323-d229-498f-954e-1a4656ce06d7,,208,ONE,ALL,cassandra-1,True,False,3.544,2026-09-16T13:00:04.357971+00:00,
fcecb323-d229-498f-954e-1a4656ce06d7,monotonic_reads,network_partition,reader-1,read,mr-fcecb323-d229-498f-954e-1a4656ce06d7,,208,ONE,ALL,cassandra-2,True,False,3.373,2026-09-16T13:00:04.373086+00:00,
fcecb323-d229-498f-954e-1a4656ce06d7,monotonic_reads,network_partition,reader-1,read,mr-fcecb323-d229-498f-954e-1a4656ce06d7,,207,ONE,ALL,cassandra-3,True,True,6.634,2026-09-16T13:00:04.390224+00:00,
fcecb323-d229-498f-954e-1a4656ce06d7,monotonic_reads,network_partition,reader-1,read,mr-fcecb323-d229-498f-954e-1a4656ce06d7,,208,ONE,ALL,cassandra-1,True,False,3.499,2026-09-16T13:00:04.404464+00:00,
fcecb323-d229-498f-954e-1a4656ce06d7,monotonic_reads,network_partition,reader-1,read,mr-fcecb323-d229-498f-954e-1a4656ce06d7,,208,ONE,ALL,cassandra-2,True,False,3.867,2026-09-16T13:00:04.420597+00:00,
fcecb323-d229-498f-954e-1a4656ce06d7,monotonic_reads,network_partition,reader-1,read,mr-fcecb323-d229-498f-954e-1a4656ce06d7,,207,ONE,ALL,cassandra-3,True,True,2.91,2026-09-16T13:00:04.435983+00:00,
fcecb323-d229-498f-954e-1a4656ce06d7,monotonic_reads,network_partition,reader-1,read,mr-fcecb323-d229-498f-954e-1a4656ce06d7,,208,ONE,ALL,cassandra-1,True,False,2.785,2026-09-16T13:00:04.451460+00:00,
fcecb323-d229-498f-954e-1a4656ce06d7,monotonic_reads,network_partition,reader-1,read,mr-fcecb323-d229-498f-954e-1a4656ce06d7,,208,ONE,ALL,cassandra-2,True,False,3.615,2026-09-16T13:00:04.466402+00:00,
fcecb323-d229-498f-954e-1a4656ce06d7,monotonic_reads,network_partition,reader-1,read,mr-fcecb323-d229-498f-954e-1a4656ce06d7,,207,ONE,ALL,cassandra-3,True,True,3.448,2026-09-16T13:00:04.482048+00:00,
fcecb323-d229-498f-954e-1a4656ce06d7,monotonic_reads,network_partition,reader-1,read,mr-fcecb323-d229-498f-954e-1a4656ce06d7,,208,ONE,ALL,cassandra-1,True,False,3.75,2026-09-16T13:00:04.496053+00:00,
fcecb323-d229-498f-954e-1a4656ce06d7,monotonic_reads,network_partition,reader-1,read,mr-fcecb323-d229-498f-954e-1a4656ce06d7,,208,ONE,ALL,cassandra-2,True,False,4.006,2026-09-16T13:00:04.512037+00:00,
fcecb323-d229-498f-954e-1a4656ce06d7,monotonic_reads,network_partition,reader-1,read,mr-fcecb323-d229-498f-954e-1a4656ce06d7,,207,ONE,ALL,cassandra-3,True,True,3.305,2026-09-16T13:00:04.527022+00:00,
fcecb323-d229-498f-954e-1a4656ce06d7,monotonic_reads,network_partition,reader-1,read,mr-fcecb323-d229-498f-954e-1a4656ce06d7,,208,ONE,ALL,cassandra-1,True,False,4.626,2026-09-16T13:00:04.543579+00:00,
fcecb323-d229-498f-954e-1a4656ce06d7,monotonic_reads,network_partition,reader-1,read,mr-fcecb323-d229-498f-954e-1a4656ce06d7,,208,ONE,ALL,cassandra-2,True,False,3.249,2026-09-16T13:00:04.559014+00:00,
fcecb323-d229-498f-954e-1a4656ce06d7,monotonic_reads,network_partition,reader-1,read,mr-fcecb323-d229-498f-954e-1a4656ce06d7,,207,ONE,ALL,cassandra-3,True,True,1.932,2026-09-16T13:00:04.572801+00:00,
fcecb323-d229-498f-954e-1a4656ce06d7,monotonic_reads,network_partition,reader-1,read,mr-fcecb323-d229-498f-954e-1a4656ce06d7,,208,ONE,ALL,cassandra-1,True,False,3.119,2026-09-16T13:00:04.586806+00:00,
fcecb323-d229-498f-954e-1a4656ce06d7,monotonic_reads,network_partition,reader-1,read,mr-fcecb323-d229-498f-954e-1a4656ce06d7,,208,ONE,ALL,cassandra-2,True,False,4.341,2026-09-16T13:00:04.601946+00:00,
fcecb323-d229-498f-954e-1a4656ce06d7,monotonic_reads,network_partition,reader-1,read,mr-fcecb323-d229-498f-954e-1a4656ce06d7,,207,ONE,ALL,cassandra-3,True,True,2.197,2026-09-16T13:00:04.614962+00:00,
fcecb323-d229-498f-954e-1a4656ce06d7,monotonic_reads,network_partition,reader-1,read,mr-fcecb323-d229-498f-954e-1a4656ce06d7,,208,ONE,ALL,cassandra-1,True,False,1.954,2026-09-16T13:00:04.629239+00:00,
fcecb323-d229-498f-954e-1a4656ce06d7,monotonic_reads,network_partition,reader-1,read,mr-fcecb323-d229-498f-954e-1a4656ce06d7,,208,ONE,ALL,cassandra-2,True,False,2.328,2026-09-16T13:00:04.643987+00:00,
fcecb323-d229-498f-954e-1a4656ce06d7,monotonic_reads,network_partition,reader-1,read,mr-fcecb323-d229-498f-954e-1a4656ce06d7,,207,ONE,ALL,cassandra-3,True,True,2.888,2026-09-16T13:00:04.659503+00:00,
fcecb323-d229-498f-954e-1a4656ce06d7,monotonic_reads,network_partition,reader-1,read,mr-fcecb323-d229-498f-954e-1a4656ce06d7,,208,ONE,ALL,cassandra-1,True,False,2.135,2026-09-16T13:00:04.672497+00:00,
fcecb323-d229-498f-954e-1a4656ce06d7,monotonic_reads,network_partition,reader-1,read,mr-fcecb323-d229-498f-954e-1a4656ce06d7,,208,ONE,ALL,cassandra-2,True,False,2.656,2026-09-16T13:00:04.687806+00:00,
fcecb323-d229-498f-954e-1a4656ce06d7,monotonic_reads,network_partition,reader-1,read,mr-fcecb323-d229-498f-954e-1a4656ce06d7,,207,ONE,ALL,cassandra-3,True,True,4.515,2026-09-16T13:00:04.704237+00:00,
fcecb323-d229-498f-954e-1a4656ce06d7,monotonic_reads,network_partition,reader-1,read,mr-fcecb323-d229-498f-954e-1a4656ce06d7,,208,ONE,ALL,cassandra-1,True,False,3.852,2026-09-16T13:00:04.720538+00:00,
fcecb323-d229-498f-954e-1a4656ce06d7,monotonic_reads,network_partition,reader-1,read,mr-fcecb323-d229-498f-954e-1a4656ce06d7,,208,ONE,ALL,cassandra-2,True,False,2.979,2026-09-16T13:00:04.735896+00:00,
fcecb323-d229-498f-954e-1a4656ce06d7,monotonic_reads,network_partition,reader-1,read,mr-fcecb323-d229-498f-954e-1a4656ce06d7,,207,ONE,ALL,cassandra-3,True,True,4.188,2026-09-16T13:00:04.752800+00:00,
fcecb323-d229-498f-954e-1a4656ce06d7,monotonic_reads,network_partition,reader-1,read,mr-fcecb323-d229-498f-954e-1a4656ce06d7,,208,ONE,ALL,cassandra-1,True,False,3.284,2026-09-16T13:00:04.767443+00:00,
fcecb323-d229-498f-954e-1a4656ce06d7,monotonic_reads,network_partition,reader-1,read,mr-fcecb323-d229-498f-954e-1a4656ce06d7,,208,ONE,ALL,cassandra-2,True,False,3.075,2026-09-16T13:00:04.781908+00:00,
fcecb323-d229-498f-954e-1a4656ce06d7,monotonic_reads,network_partition,reader-1,read,mr-fcecb323-d229-498f-954e-1a4656ce06d7,,207,ONE,ALL,cassandra-3,True,True,4.751,2026-09-16T13:00:04.798818+00:00,
fcecb323-d229-498f-954e-1a4656ce06d7,monotonic_reads,network_partition,reader-1,read,mr-fcecb323-d229-498f-954e-1a4656ce06d7,,208,ONE,ALL,cassandra-1,True,False,3.795,2026-09-16T13:00:04.814896+00:00,
fcecb323-d229-498f-954e-1a4656ce06d7,monotonic_reads,network_partition,reader-1,read,mr-fcecb323-d229-498f-954e-1a4656ce06d7,,208,ONE,ALL,cassandra-2,True,False,3.96,2026-09-16T13:00:04.831257+00:00,
fcecb323-d229-498f-954e-1a4656ce06d7,monotonic_reads,network_partition,reader-1,read,mr-fcecb323-d229-498f-954e-1a4656ce06d7,,207,ONE,ALL,cassandra-3,True,True,3.456,2026-09-16T13:00:04.847069+00:00,
fcecb323-d229-498f-954e-1a4656ce06d7,monotonic_reads,network_partition,reader-1,read,mr-fcecb323-d229-498f-954e-1a4656ce06d7,,208,ONE,ALL,cassandra-1,True,False,2.857,2026-09-16T13:00:04.861513+00:00,
fcecb323-d229-498f-954e-1a4656ce06d7,monotonic_reads,network_partition,reader-1,read,mr-fcecb323-d229-498f-954e-1a4656ce06d7,,208,ONE,ALL,cassandra-2,True,False,6.239,2026-09-16T13:00:04.880007+00:00,
fcecb323-d229-498f-954e-1a4656ce06d7,monotonic_reads,network_partition,reader-1,read,mr-fcecb323-d229-498f-954e-1a4656ce06d7,,207,ONE,ALL,cassandra-3,True,True,3.707,2026-09-16T13:00:04.894116+00:00,
fcecb323-d229-498f-954e-1a4656ce06d7,monotonic_reads,network_partition,reader-1,read,mr-fcecb323-d229-498f-954e-1a4656ce06d7,,208,ONE,ALL,cassandra-1,True,False,4.324,2026-09-16T13:00:04.909068+00:00,
fcecb323-d229-498f-954e-1a4656ce06d7,monotonic_reads,network_partition,reader-1,read,mr-fcecb323-d229-498f-954e-1a4656ce06d7,,208,ONE,ALL,cassandra-2,True,False,3.393,2026-09-16T13:00:04.923336+00:00,
fcecb323-d229-498f-954e-1a4656ce06d7,monotonic_reads,network_partition,reader-1,read,mr-fcecb323-d229-498f-954e-1a4656ce06d7,,207,ONE,ALL,cassandra-3,True,True,3.597,2026-09-16T13:00:04.939652+00:00,
fcecb323-d229-498f-954e-1a4656ce06d7,monotonic_reads,network_partition,reader-1,read,mr-fcecb323-d229-498f-954e-1a4656ce06d7,,208,ONE,ALL,cassandra-1,True,False,3.788,2026-09-16T13:00:04.955705+00:00,
fcecb323-d229-498f-954e-1a4656ce06d7,monotonic_reads,network_partition,reader-1,read,mr-fcecb323-d229-498f-954e-1a4656ce06d7,,208,ONE,ALL,cassandra-2,True,False,3.824,2026-09-16T13:00:04.971532+00:00,
fcecb323-d229-498f-954e-1a4656ce06d7,monotonic_reads,network_partition,reader-1,read,mr-fcecb323-d229-498f-954e-1a4656ce06d7,,207,ONE,ALL,cassandra-3,True,True,3.87,2026-09-16T13:00:04.987414+00:00,
fcecb323-d229-498f-954e-1a4656ce06d7,monotonic_reads,network_partition,reader-1,read,mr-fcecb323-d229-498f-954e-1a4656ce06d7,,208,ONE,ALL,cassandra-1,True,False,1.816,2026-09-16T13:00:05.000848+00:00,
fcecb323-d229-498f-954e-1a4656ce06d7,monotonic_reads,network_partition,reader-1,read,mr-fcecb323-d229-498f-954e-1a4656ce06d7,,208,ONE,ALL,cassandra-2,True,False,3.528,2026-09-16T13:00:05.015845+00:00,
fcecb323-d229-498f-954e-1a4656ce06d7,monotonic_reads,network_partition,reader-1,read,mr-fcecb323-d229-498f-954e-1a4656ce06d7,,207,ONE,ALL,cassandra-3,True,True,3.966,2026-09-16T13:00:05.031649+00:00,
fcecb323-d229-498f-954e-1a4656ce06d7,monotonic_reads,network_partition,reader-1,read,mr-fcecb323-d229-498f-954e-1a4656ce06d7,,208,ONE,ALL,cassandra-1,True,False,4.568,2026-09-16T13:00:05.048641+00:00,
fcecb323-d229-498f-954e-1a4656ce06d7,monotonic_reads,network_partition,reader-1,read,mr-fcecb323-d229-498f-954e-1a4656ce06d7,,208,ONE,ALL,cassandra-2,True,False,3.334,2026-09-16T13:00:05.064422+00:00,
fcecb323-d229-498f-954e-1a4656ce06d7,monotonic_reads,network_partition,reader-1,read,mr-fcecb323-d229-498f-954e-1a4656ce06d7,,207,ONE,ALL,cassandra-3,True,True,3.313,2026-09-16T13:00:05.080436+00:00,
fcecb323-d229-498f-954e-1a4656ce06d7,monotonic_reads,network_partition,reader-1,read,mr-fcecb323-d229-498f-954e-1a4656ce06d7,,208,ONE,ALL,cassandra-1,True,False,3.02,2026-09-16T13:00:05.095807+00:00,
fcecb323-d229-498f-954e-1a4656ce06d7,monotonic_reads,network_partition,reader-1,read,mr-fcecb323-d229-498f-954e-1a4656ce06d7,,208,ONE,ALL,cassandra-2,True,False,3.07,2026-09-16T13:00:05.110134+00:00,
fcecb323-d229-498f-954e-1a4656ce06d7,monotonic_reads,network_partition,reader-1,read,mr-fcecb323-d229-498f-954e-1a4656ce06d7,,207,ONE,ALL,cassandra-3,True,True,3.7,2026-09-16T13:00:05.124912+00:00,
fcecb323-d229-498f-954e-1a4656ce06d7,monotonic_reads,network_partition,reader-1,read,mr-fcecb323-d229-498f-954e-1a4656ce06d7,,208,ONE,ALL,cassandra-1,True,False,3.243,2026-09-16T13:00:05.139825+00:00,
fcecb323-d229-498f-954e-1a4656ce06d7,monotonic_reads,network_partition,reader-1,read,mr-fcecb323-d229-498f-954e-1a4656ce06d7,,208,ONE,ALL,cassandra-2,True,False,2.744,2026-09-16T13:00:05.155031+00:00,
fcecb323-d229-498f-954e-1a4656ce06d7,monotonic_reads,network_partition,reader-1,read,mr-fcecb323-d229-498f-954e-1a4656ce06d7,,207,ONE,ALL,cassandra-3,True,True,4.093,2026-09-16T13:00:05.169769+00:00,
fcecb323-d229-498f-954e-1a4656ce06d7,monotonic_reads,network_partition,reader-1,read,mr-fcecb323-d229-498f-954e-1a4656ce06d7,,208,ONE,ALL,cassandra-1,True,False,3.635,2026-09-16T13:00:05.184308+00:00,
fcecb323-d229-498f-954e-1a4656ce06d7,monotonic_reads,network_partition,reader-1,read,mr-fcecb323-d229-498f-954e-1a4656ce06d7,,208,ONE,ALL,cassandra-2,True,False,3.642,2026-09-16T13:00:05.198352+00:00,
fcecb323-d229-498f-954e-1a4656ce06d7,monotonic_reads,network_partition,reader-1,read,mr-fcecb323-d229-498f-954e-1a4656ce06d7,,207,ONE,ALL,cassandra-3,True,True,4.075,2026-09-16T13:00:05.214691+00:00,
fcecb323-d229-498f-954e-1a4656ce06d7,monotonic_reads,network_partition,reader-1,read,mr-fcecb323-d229-498f-954e-1a4656ce06d7,,208,ONE,ALL,cassandra-1,True,False,3.548,2026-09-16T13:00:05.230988+00:00,
fcecb323-d229-498f-954e-1a4656ce06d7,monotonic_reads,network_partition,reader-1,read,mr-fcecb323-d229-498f-954e-1a4656ce06d7,,208,ONE,ALL,cassandra-2,True,False,3.23,2026-09-16T13:00:05.246258+00:00,
fcecb323-d229-498f-954e-1a4656ce06d7,monotonic_reads,network_partition,reader-1,read,mr-fcecb323-d229-498f-954e-1a4656ce06d7,,207,ONE,ALL,cassandra-3,True,True,3.096,2026-09-16T13:00:05.262019+00:00,
fcecb323-d229-498f-954e-1a4656ce06d7,monotonic_reads,network_partition,reader-1,read,mr-fcecb323-d229-498f-954e-1a4656ce06d7,,208,ONE,ALL,cassandra-1,True,False,3.357,2026-09-16T13:00:05.277799+00:00,
fcecb323-d229-498f-954e-1a4656ce06d7,monotonic_reads,network_partition,reader-1,read,mr-fcecb323-d229-498f-954e-1a4656ce06d7,,208,ONE,ALL,cassandra-2,True,False,4.201,2026-09-16T13:00:05.294826+00:00,
fcecb323-d229-498f-954e-1a4656ce06d7,monotonic_reads,network_partition,reader-1,read,mr-fcecb323-d229-498f-954e-1a4656ce06d7,,207,ONE,ALL,cassandra-3,True,True,4.002,2026-09-16T13:00:05.309089+00:00,
fcecb323-d229-498f-954e-1a4656ce06d7,monotonic_reads,network_partition,reader-1,read,mr-fcecb323-d229-498f-954e-1a4656ce06d7,,208,ONE,ALL,cassandra-1,True,False,3.279,2026-09-16T13:00:05.323957+00:00,
fcecb323-d229-498f-954e-1a4656ce06d7,monotonic_reads,network_partition,reader-1,read,mr-fcecb323-d229-498f-954e-1a4656ce06d7,,208,ONE,ALL,cassandra-2,True,False,3.098,2026-09-16T13:00:05.337777+00:00,
fcecb323-d229-498f-954e-1a4656ce06d7,monotonic_reads,network_partition,reader-1,read,mr-fcecb323-d229-498f-954e-1a4656ce06d7,,207,ONE,ALL,cassandra-3,True,True,3.262,2026-09-16T13:00:05.351935+00:00,
fcecb323-d229-498f-954e-1a4656ce06d7,monotonic_reads,network_partition,reader-1,read,mr-fcecb323-d229-498f-954e-1a4656ce06d7,,208,ONE,ALL,cassandra-1,True,False,2.799,2026-09-16T13:00:05.366771+00:00,
fcecb323-d229-498f-954e-1a4656ce06d7,monotonic_reads,network_partition,reader-1,read,mr-fcecb323-d229-498f-954e-1a4656ce06d7,,208,ONE,ALL,cassandra-2,True,False,1.817,2026-09-16T13:00:05.379529+00:00,
fcecb323-d229-498f-954e-1a4656ce06d7,monotonic_reads,network_partition,reader-1,read,mr-fcecb323-d229-498f-954e-1a4656ce06d7,,207,ONE,ALL,cassandra-3,True,True,3.031,2026-09-16T13:00:05.394682+00:00,
fcecb323-d229-498f-954e-1a4656ce06d7,monotonic_reads,network_partition,reader-1,read,mr-fcecb323-d229-498f-954e-1a4656ce06d7,,208,ONE,ALL,cassandra-1,True,False,3.337,2026-09-16T13:00:05.409042+00:00,
fcecb323-d229-498f-954e-1a4656ce06d7,monotonic_reads,network_partition,reader-1,read,mr-fcecb323-d229-498f-954e-1a4656ce06d7,,208,ONE,ALL,cassandra-2,True,False,2.482,2026-09-16T13:00:05.422077+00:00,
fcecb323-d229-498f-954e-1a4656ce06d7,monotonic_reads,network_partition,reader-1,read,mr-fcecb323-d229-498f-954e-1a4656ce06d7,,207,ONE,ALL,cassandra-3,True,True,2.525,2026-09-16T13:00:05.435027+00:00,
fcecb323-d229-498f-954e-1a4656ce06d7,monotonic_reads,network_partition,reader-1,read,mr-fcecb323-d229-498f-954e-1a4656ce06d7,,208,ONE,ALL,cassandra-1,True,False,3.173,2026-09-16T13:00:05.448939+00:00,
fcecb323-d229-498f-954e-1a4656ce06d7,monotonic_reads,network_partition,reader-1,read,mr-fcecb323-d229-498f-954e-1a4656ce06d7,,208,ONE,ALL,cassandra-2,True,False,4.167,2026-09-16T13:00:05.465507+00:00,
fcecb323-d229-498f-954e-1a4656ce06d7,monotonic_reads,network_partition,reader-1,read,mr-fcecb323-d229-498f-954e-1a4656ce06d7,,207,ONE,ALL,cassandra-3,True,True,3.755,2026-09-16T13:00:05.479709+00:00,
fcecb323-d229-498f-954e-1a4656ce06d7,monotonic_reads,network_partition,reader-1,read,mr-fcecb323-d229-498f-954e-1a4656ce06d7,,208,ONE,ALL,cassandra-1,True,False,2.525,2026-09-16T13:00:05.494939+00:00,
fcecb323-d229-498f-954e-1a4656ce06d7,monotonic_reads,network_partition,reader-1,read,mr-fcecb323-d229-498f-954e-1a4656ce06d7,,208,ONE,ALL,cassandra-2,True,False,4.093,2026-09-16T13:00:05.511009+00:00,
fcecb323-d229-498f-954e-1a4656ce06d7,monotonic_reads,network_partition,reader-1,read,mr-fcecb323-d229-498f-954e-1a4656ce06d7,,207,ONE,ALL,cassandra-3,True,True,3.481,2026-09-16T13:00:05.526932+00:00,
fcecb323-d229-498f-954e-1a4656ce06d7,monotonic_reads,network_partition,reader-1,read,mr-fcecb323-d229-498f-954e-1a4656ce06d7,,208,ONE,ALL,cassandra-1,True,False,3.582,2026-09-16T13:00:05.540953+00:00,
fcecb323-d229-498f-954e-1a4656ce06d7,monotonic_reads,network_partition,reader-1,read,mr-fcecb323-d229-498f-954e-1a4656ce06d7,,208,ONE,ALL,cassandra-2,True,False,3.252,2026-09-16T13:00:05.556333+00:00,
fcecb323-d229-498f-954e-1a4656ce06d7,monotonic_reads,network_partition,reader-1,read,mr-fcecb323-d229-498f-954e-1a4656ce06d7,,207,ONE,ALL,cassandra-3,True,True,2.705,2026-09-16T13:00:05.569687+00:00,
fcecb323-d229-498f-954e-1a4656ce06d7,monotonic_reads,network_partition,reader-1,read,mr-fcecb323-d229-498f-954e-1a4656ce06d7,,208,ONE,ALL,cassandra-1,True,False,3.477,2026-09-16T13:00:05.585810+00:00,
fcecb323-d229-498f-954e-1a4656ce06d7,monotonic_reads,network_partition,reader-1,read,mr-fcecb323-d229-498f-954e-1a4656ce06d7,,208,ONE,ALL,cassandra-2,True,False,3.917,2026-09-16T13:00:05.601573+00:00,
fcecb323-d229-498f-954e-1a4656ce06d7,monotonic_reads,network_partition,reader-1,read,mr-fcecb323-d229-498f-954e-1a4656ce06d7,,207,ONE,ALL,cassandra-3,True,True,3.308,2026-09-16T13:00:05.615587+00:00,
fcecb323-d229-498f-954e-1a4656ce06d7,monotonic_reads,network_partition,reader-1,read,mr-fcecb323-d229-498f-954e-1a4656ce06d7,,208,ONE,ALL,cassandra-1,True,False,3.351,2026-09-16T13:00:05.630638+00:00,
fcecb323-d229-498f-954e-1a4656ce06d7,monotonic_reads,network_partition,reader-1,read,mr-fcecb323-d229-498f-954e-1a4656ce06d7,,208,ONE,ALL,cassandra-2,True,False,3.269,2026-09-16T13:00:05.645320+00:00,
fcecb323-d229-498f-954e-1a4656ce06d7,monotonic_reads,network_partition,reader-1,read,mr-fcecb323-d229-498f-954e-1a4656ce06d7,,207,ONE,ALL,cassandra-3,True,True,2.14,2026-09-16T13:00:05.659236+00:00,
fcecb323-d229-498f-954e-1a4656ce06d7,monotonic_reads,network_partition,reader-1,read,mr-fcecb323-d229-498f-954e-1a4656ce06d7,,208,ONE,ALL,cassandra-1,True,False,3.589,2026-09-16T13:00:05.675460+00:00,
fcecb323-d229-498f-954e-1a4656ce06d7,monotonic_reads,network_partition,reader-1,read,mr-fcecb323-d229-498f-954e-1a4656ce06d7,,208,ONE,ALL,cassandra-2,True,False,2.071,2026-09-16T13:00:05.690273+00:00,
fcecb323-d229-498f-954e-1a4656ce06d7,monotonic_reads,network_partition,reader-1,read,mr-fcecb323-d229-498f-954e-1a4656ce06d7,,207,ONE,ALL,cassandra-3,True,True,3.027,2026-09-16T13:00:05.704678+00:00,
fcecb323-d229-498f-954e-1a4656ce06d7,monotonic_reads,network_partition,reader-1,read,mr-fcecb323-d229-498f-954e-1a4656ce06d7,,208,ONE,ALL,cassandra-1,True,False,3.588,2026-09-16T13:00:05.720250+00:00,
fcecb323-d229-498f-954e-1a4656ce06d7,monotonic_reads,network_partition,reader-1,read,mr-fcecb323-d229-498f-954e-1a4656ce06d7,,208,ONE,ALL,cassandra-2,True,False,3.074,2026-09-16T13:00:05.735803+00:00,
fcecb323-d229-498f-954e-1a4656ce06d7,monotonic_reads,network_partition,reader-1,read,mr-fcecb323-d229-498f-954e-1a4656ce06d7,,207,ONE,ALL,cassandra-3,True,True,3.727,2026-09-16T13:00:05.752212+00:00,
fcecb323-d229-498f-954e-1a4656ce06d7,monotonic_reads,network_partition,reader-1,read,mr-fcecb323-d229-498f-954e-1a4656ce06d7,,208,ONE,ALL,cassandra-1,True,False,2.932,2026-09-16T13:00:05.767827+00:00,
fcecb323-d229-498f-954e-1a4656ce06d7,monotonic_reads,network_partition,reader-1,read,mr-fcecb323-d229-498f-954e-1a4656ce06d7,,208,ONE,ALL,cassandra-2,True,False,3.294,2026-09-16T13:00:05.783323+00:00,
fcecb323-d229-498f-954e-1a4656ce06d7,monotonic_reads,network_partition,reader-1,read,mr-fcecb323-d229-498f-954e-1a4656ce06d7,,207,ONE,ALL,cassandra-3,True,True,3.764,2026-09-16T13:00:05.798164+00:00,
fcecb323-d229-498f-954e-1a4656ce06d7,monotonic_reads,network_partition,reader-1,read,mr-fcecb323-d229-498f-954e-1a4656ce06d7,,208,ONE,ALL,cassandra-1,True,False,3.674,2026-09-16T13:00:05.814268+00:00,
fcecb323-d229-498f-954e-1a4656ce06d7,monotonic_reads,network_partition,reader-1,read,mr-fcecb323-d229-498f-954e-1a4656ce06d7,,208,ONE,ALL,cassandra-2,True,False,2.125,2026-09-16T13:00:05.826784+00:00,
fcecb323-d229-498f-954e-1a4656ce06d7,monotonic_reads,network_partition,reader-1,read,mr-fcecb323-d229-498f-954e-1a4656ce06d7,,207,ONE,ALL,cassandra-3,True,True,3.208,2026-09-16T13:00:05.842276+00:00,
fcecb323-d229-498f-954e-1a4656ce06d7,monotonic_reads,network_partition,reader-1,read,mr-fcecb323-d229-498f-954e-1a4656ce06d7,,208,ONE,ALL,cassandra-1,True,False,3.174,2026-09-16T13:00:05.856330+00:00,
fcecb323-d229-498f-954e-1a4656ce06d7,monotonic_reads,network_partition,reader-1,read,mr-fcecb323-d229-498f-954e-1a4656ce06d7,,208,ONE,ALL,cassandra-2,True,False,3.424,2026-09-16T13:00:05.870083+00:00,
fcecb323-d229-498f-954e-1a4656ce06d7,monotonic_reads,network_partition,reader-1,read,mr-fcecb323-d229-498f-954e-1a4656ce06d7,,207,ONE,ALL,cassandra-3,True,True,4.342,2026-09-16T13:00:05.884901+00:00,
fcecb323-d229-498f-954e-1a4656ce06d7,monotonic_reads,network_partition,reader-1,read,mr-fcecb323-d229-498f-954e-1a4656ce06d7,,208,ONE,ALL,cassandra-1,True,False,4.116,2026-09-16T13:00:05.899974+00:00,
fcecb323-d229-498f-954e-1a4656ce06d7,monotonic_reads,network_partition,reader-1,read,mr-fcecb323-d229-498f-954e-1a4656ce06d7,,208,ONE,ALL,cassandra-2,True,False,3.476,2026-09-16T13:00:05.915770+00:00,
fcecb323-d229-498f-954e-1a4656ce06d7,monotonic_reads,network_partition,reader-1,read,mr-fcecb323-d229-498f-954e-1a4656ce06d7,,207,ONE,ALL,cassandra-3,True,True,4.057,2026-09-16T13:00:05.931792+00:00,
fcecb323-d229-498f-954e-1a4656ce06d7,monotonic_reads,network_partition,reader-1,read,mr-fcecb323-d229-498f-954e-1a4656ce06d7,,208,ONE,ALL,cassandra-1,True,False,3.827,2026-09-16T13:00:05.948376+00:00,
fcecb323-d229-498f-954e-1a4656ce06d7,monotonic_reads,network_partition,reader-1,read,mr-fcecb323-d229-498f-954e-1a4656ce06d7,,208,ONE,ALL,cassandra-2,True,False,3.547,2026-09-16T13:00:05.964614+00:00,
fcecb323-d229-498f-954e-1a4656ce06d7,monotonic_reads,network_partition,reader-1,read,mr-fcecb323-d229-498f-954e-1a4656ce06d7,,207,ONE,ALL,cassandra-3,True,True,4.524,2026-09-16T13:00:05.981605+00:00,
fcecb323-d229-498f-954e-1a4656ce06d7,monotonic_reads,network_partition,reader-1,read,mr-fcecb323-d229-498f-954e-1a4656ce06d7,,208,ONE,ALL,cassandra-1,True,False,4.019,2026-09-16T13:00:05.996372+00:00,
fcecb323-d229-498f-954e-1a4656ce06d7,monotonic_reads,network_partition,reader-1,read,mr-fcecb323-d229-498f-954e-1a4656ce06d7,,208,ONE,ALL,cassandra-2,True,False,4.036,2026-09-16T13:00:06.012749+00:00,
fcecb323-d229-498f-954e-1a4656ce06d7,monotonic_reads,network_partition,reader-1,read,mr-fcecb323-d229-498f-954e-1a4656ce06d7,,207,ONE,ALL,cassandra-3,True,True,3.644,2026-09-16T13:00:06.028860+00:00,
fcecb323-d229-498f-954e-1a4656ce06d7,monotonic_reads,network_partition,reader-1,read,mr-fcecb323-d229-498f-954e-1a4656ce06d7,,208,ONE,ALL,cassandra-1,True,False,1.987,2026-09-16T13:00:06.041125+00:00,
fcecb323-d229-498f-954e-1a4656ce06d7,monotonic_reads,network_partition,reader-1,read,mr-fcecb323-d229-498f-954e-1a4656ce06d7,,208,ONE,ALL,cassandra-2,True,False,3.01,2026-09-16T13:00:06.055288+00:00,
fcecb323-d229-498f-954e-1a4656ce06d7,monotonic_reads,network_partition,reader-1,read,mr-fcecb323-d229-498f-954e-1a4656ce06d7,,207,ONE,ALL,cassandra-3,True,True,3.346,2026-09-16T13:00:06.071031+00:00,
fcecb323-d229-498f-954e-1a4656ce06d7,monotonic_reads,network_partition,reader-1,read,mr-fcecb323-d229-498f-954e-1a4656ce06d7,,208,ONE,ALL,cassandra-1,True,False,3.491,2026-09-16T13:00:06.087328+00:00,
fcecb323-d229-498f-954e-1a4656ce06d7,monotonic_reads,network_partition,reader-1,read,mr-fcecb323-d229-498f-954e-1a4656ce06d7,,208,ONE,ALL,cassandra-2,True,False,3.15,2026-09-16T13:00:06.102740+00:00,
fcecb323-d229-498f-954e-1a4656ce06d7,monotonic_reads,network_partition,reader-1,read,mr-fcecb323-d229-498f-954e-1a4656ce06d7,,207,ONE,ALL,cassandra-3,True,True,3.26,2026-09-16T13:00:06.118690+00:00,
fcecb323-d229-498f-954e-1a4656ce06d7,monotonic_reads,network_partition,reader-1,read,mr-fcecb323-d229-498f-954e-1a4656ce06d7,,208,ONE,ALL,cassandra-1,True,False,3.983,2026-09-16T13:00:06.132940+00:00,
fcecb323-d229-498f-954e-1a4656ce06d7,monotonic_reads,network_partition,reader-1,read,mr-fcecb323-d229-498f-954e-1a4656ce06d7,,208,ONE,ALL,cassandra-2,True,False,4.005,2026-09-16T13:00:06.149826+00:00,
fcecb323-d229-498f-954e-1a4656ce06d7,monotonic_reads,network_partition,reader-1,read,mr-fcecb323-d229-498f-954e-1a4656ce06d7,,207,ONE,ALL,cassandra-3,True,True,4.39,2026-09-16T13:00:06.165088+00:00,
fcecb323-d229-498f-954e-1a4656ce06d7,monotonic_reads,network_partition,reader-1,read,mr-fcecb323-d229-498f-954e-1a4656ce06d7,,208,ONE,ALL,cassandra-1,True,False,3.468,2026-09-16T13:00:06.181285+00:00,
fcecb323-d229-498f-954e-1a4656ce06d7,monotonic_reads,network_partition,reader-1,read,mr-fcecb323-d229-498f-954e-1a4656ce06d7,,208,ONE,ALL,cassandra-2,True,False,3.521,2026-09-16T13:00:06.196403+00:00,
fcecb323-d229-498f-954e-1a4656ce06d7,monotonic_reads,network_partition,reader-1,read,mr-fcecb323-d229-498f-954e-1a4656ce06d7,,207,ONE,ALL,cassandra-3,True,True,3.547,2026-09-16T13:00:06.212371+00:00,
fcecb323-d229-498f-954e-1a4656ce06d7,monotonic_reads,network_partition,reader-1,read,mr-fcecb323-d229-498f-954e-1a4656ce06d7,,208,ONE,ALL,cassandra-1,True,False,4.451,2026-09-16T13:00:06.228128+00:00,
fcecb323-d229-498f-954e-1a4656ce06d7,monotonic_reads,network_partition,reader-1,read,mr-fcecb323-d229-498f-954e-1a4656ce06d7,,208,ONE,ALL,cassandra-2,True,False,3.586,2026-09-16T13:00:06.244460+00:00,
fcecb323-d229-498f-954e-1a4656ce06d7,monotonic_reads,network_partition,reader-1,read,mr-fcecb323-d229-498f-954e-1a4656ce06d7,,207,ONE,ALL,cassandra-3,True,True,3.19,2026-09-16T13:00:06.260214+00:00,
fcecb323-d229-498f-954e-1a4656ce06d7,monotonic_reads,network_partition,reader-1,read,mr-fcecb323-d229-498f-954e-1a4656ce06d7,,208,ONE,ALL,cassandra-1,True,False,3.476,2026-09-16T13:00:06.276344+00:00,
fcecb323-d229-498f-954e-1a4656ce06d7,monotonic_reads,network_partition,reader-1,read,mr-fcecb323-d229-498f-954e-1a4656ce06d7,,208,ONE,ALL,cassandra-2,True,False,2.786,2026-09-16T13:00:06.290424+00:00,
fcecb323-d229-498f-954e-1a4656ce06d7,monotonic_reads,network_partition,reader-1,read,mr-fcecb323-d229-498f-954e-1a4656ce06d7,,207,ONE,ALL,cassandra-3,True,True,3.089,2026-09-16T13:00:06.306172+00:00,
fcecb323-d229-498f-954e-1a4656ce06d7,monotonic_reads,network_partition,reader-1,read,mr-fcecb323-d229-498f-954e-1a4656ce06d7,,208,ONE,ALL,cassandra-1,True,False,3.859,2026-09-16T13:00:06.322005+00:00,
fcecb323-d229-498f-954e-1a4656ce06d7,monotonic_reads,network_partition,reader-1,read,mr-fcecb323-d229-498f-954e-1a4656ce06d7,,208,ONE,ALL,cassandra-2,True,False,2.46,2026-09-16T13:00:06.336149+00:00,
fcecb323-d229-498f-954e-1a4656ce06d7,monotonic_reads,network_partition,reader-1,read,mr-fcecb323-d229-498f-954e-1a4656ce06d7,,207,ONE,ALL,cassandra-3,True,True,3.785,2026-09-16T13:00:06.351994+00:00,
fcecb323-d229-498f-954e-1a4656ce06d7,monotonic_reads,network_partition,reader-1,read,mr-fcecb323-d229-498f-954e-1a4656ce06d7,,208,ONE,ALL,cassandra-1,True,False,3.213,2026-09-16T13:00:06.366186+00:00,
fcecb323-d229-498f-954e-1a4656ce06d7,monotonic_reads,network_partition,reader-1,read,mr-fcecb323-d229-498f-954e-1a4656ce06d7,,208,ONE,ALL,cassandra-2,True,False,2.996,2026-09-16T13:00:06.379648+00:00,
fcecb323-d229-498f-954e-1a4656ce06d7,monotonic_reads,network_partition,reader-1,read,mr-fcecb323-d229-498f-954e-1a4656ce06d7,,207,ONE,ALL,cassandra-3,True,True,3.481,2026-09-16T13:00:06.395761+00:00,
fcecb323-d229-498f-954e-1a4656ce06d7,monotonic_reads,network_partition,reader-1,read,mr-fcecb323-d229-498f-954e-1a4656ce06d7,,208,ONE,ALL,cassandra-1,True,False,1.667,2026-09-16T13:00:06.408813+00:00,
fcecb323-d229-498f-954e-1a4656ce06d7,monotonic_reads,network_partition,reader-1,read,mr-fcecb323-d229-498f-954e-1a4656ce06d7,,208,ONE,ALL,cassandra-2,True,False,1.487,2026-09-16T13:00:06.421749+00:00,
fcecb323-d229-498f-954e-1a4656ce06d7,monotonic_reads,network_partition,reader-1,read,mr-fcecb323-d229-498f-954e-1a4656ce06d7,,207,ONE,ALL,cassandra-3,True,True,1.622,2026-09-16T13:00:06.435300+00:00,
fcecb323-d229-498f-954e-1a4656ce06d7,monotonic_reads,network_partition,reader-1,read,mr-fcecb323-d229-498f-954e-1a4656ce06d7,,208,ONE,ALL,cassandra-1,True,False,1.435,2026-09-16T13:00:06.446889+00:00,
fcecb323-d229-498f-954e-1a4656ce06d7,monotonic_reads,network_partition,reader-1,read,mr-fcecb323-d229-498f-954e-1a4656ce06d7,,208,ONE,ALL,cassandra-2,True,False,1.584,2026-09-16T13:00:06.458975+00:00,
fcecb323-d229-498f-954e-1a4656ce06d7,monotonic_reads,network_partition,reader-1,read,mr-fcecb323-d229-498f-954e-1a4656ce06d7,,207,ONE,ALL,cassandra-3,True,True,1.428,2026-09-16T13:00:06.471042+00:00,
fcecb323-d229-498f-954e-1a4656ce06d7,monotonic_reads,network_partition,reader-1,read,mr-fcecb323-d229-498f-954e-1a4656ce06d7,,208,ONE,ALL,cassandra-1,True,False,1.375,2026-09-16T13:00:06.482609+00:00,
fcecb323-d229-498f-954e-1a4656ce06d7,monotonic_reads,network_partition,reader-1,read,mr-fcecb323-d229-498f-954e-1a4656ce06d7,,208,ONE,ALL,cassandra-2,True,False,1.477,2026-09-16T13:00:06.496056+00:00,
fcecb323-d229-498f-954e-1a4656ce06d7,monotonic_reads,network_partition,reader-1,read,mr-fcecb323-d229-498f-954e-1a4656ce06d7,,207,ONE,ALL,cassandra-3,True,True,1.333,2026-09-16T13:00:06.509982+00:00,
fcecb323-d229-498f-954e-1a4656ce06d7,monotonic_reads,network_partition,reader-1,read,mr-fcecb323-d229-498f-954e-1a4656ce06d7,,208,ONE,ALL,cassandra-1,True,False,1.29,2026-09-16T13:00:06.521495+00:00,
fcecb323-d229-498f-954e-1a4656ce06d7,monotonic_reads,network_partition,reader-1,read,mr-fcecb323-d229-498f-954e-1a4656ce06d7,,208,ONE,ALL,cassandra-2,True,False,1.437,2026-09-16T13:00:06.535269+00:00,
fcecb323-d229-498f-954e-1a4656ce06d7,monotonic_reads,network_partition,reader-1,read,mr-fcecb323-d229-498f-954e-1a4656ce06d7,,207,ONE,ALL,cassandra-3,True,True,1.299,2026-09-16T13:00:06.549152+00:00,
fcecb323-d229-498f-954e-1a4656ce06d7,monotonic_reads,network_partition,reader-1,read,mr-fcecb323-d229-498f-954e-1a4656ce06d7,,208,ONE,ALL,cassandra-1,True,False,1.562,2026-09-16T13:00:06.563325+00:00,
fcecb323-d229-498f-954e-1a4656ce06d7,monotonic_reads,network_partition,reader-1,read,mr-fcecb323-d229-498f-954e-1a4656ce06d7,,208,ONE,ALL,cassandra-2,True,False,1.171,2026-09-16T13:00:06.574956+00:00,
fcecb323-d229-498f-954e-1a4656ce06d7,monotonic_reads,network_partition,reader-1,read,mr-fcecb323-d229-498f-954e-1a4656ce06d7,,207,ONE,ALL,cassandra-3,True,True,1.263,2026-09-16T13:00:06.586903+00:00,
fcecb323-d229-498f-954e-1a4656ce06d7,monotonic_reads,network_partition,reader-1,read,mr-fcecb323-d229-498f-954e-1a4656ce06d7,,208,ONE,ALL,cassandra-1,True,False,1.168,2026-09-16T13:00:06.600662+00:00,
fcecb323-d229-498f-954e-1a4656ce06d7,monotonic_reads,network_partition,reader-1,read,mr-fcecb323-d229-498f-954e-1a4656ce06d7,,208,ONE,ALL,cassandra-2,True,False,1.243,2026-09-16T13:00:06.613487+00:00,
fcecb323-d229-498f-954e-1a4656ce06d7,monotonic_reads,network_partition,reader-1,read,mr-fcecb323-d229-498f-954e-1a4656ce06d7,,207,ONE,ALL,cassandra-3,True,True,1.448,2026-09-16T13:00:06.626295+00:00,
fcecb323-d229-498f-954e-1a4656ce06d7,monotonic_reads,network_partition,reader-1,read,mr-fcecb323-d229-498f-954e-1a4656ce06d7,,208,ONE,ALL,cassandra-1,True,False,1.812,2026-09-16T13:00:06.640652+00:00,
fcecb323-d229-498f-954e-1a4656ce06d7,monotonic_reads,network_partition,reader-1,read,mr-fcecb323-d229-498f-954e-1a4656ce06d7,,208,ONE,ALL,cassandra-2,True,False,1.265,2026-09-16T13:00:06.653516+00:00,
fcecb323-d229-498f-954e-1a4656ce06d7,monotonic_reads,network_partition,reader-1,read,mr-fcecb323-d229-498f-954e-1a4656ce06d7,,207,ONE,ALL,cassandra-3,True,True,1.757,2026-09-16T13:00:06.667392+00:00,
fcecb323-d229-498f-954e-1a4656ce06d7,monotonic_reads,network_partition,reader-1,read,mr-fcecb323-d229-498f-954e-1a4656ce06d7,,208,ONE,ALL,cassandra-1,True,False,2.625,2026-09-16T13:00:06.681329+00:00,
fcecb323-d229-498f-954e-1a4656ce06d7,monotonic_reads,network_partition,reader-1,read,mr-fcecb323-d229-498f-954e-1a4656ce06d7,,208,ONE,ALL,cassandra-2,True,False,1.347,2026-09-16T13:00:06.695267+00:00,
fcecb323-d229-498f-954e-1a4656ce06d7,monotonic_reads,network_partition,reader-1,read,mr-fcecb323-d229-498f-954e-1a4656ce06d7,,207,ONE,ALL,cassandra-3,True,True,2.457,2026-09-16T13:00:06.710384+00:00,
fcecb323-d229-498f-954e-1a4656ce06d7,monotonic_reads,network_partition,reader-1,read,mr-fcecb323-d229-498f-954e-1a4656ce06d7,,208,ONE,ALL,cassandra-1,True,False,1.326,2026-09-16T13:00:06.722940+00:00,
fcecb323-d229-498f-954e-1a4656ce06d7,monotonic_reads,network_partition,reader-1,read,mr-fcecb323-d229-498f-954e-1a4656ce06d7,,208,ONE,ALL,cassandra-2,True,False,1.566,2026-09-16T13:00:06.736562+00:00,
fcecb323-d229-498f-954e-1a4656ce06d7,monotonic_reads,network_partition,reader-1,read,mr-fcecb323-d229-498f-954e-1a4656ce06d7,,207,ONE,ALL,cassandra-3,True,True,1.448,2026-09-16T13:00:06.750651+00:00,
fcecb323-d229-498f-954e-1a4656ce06d7,monotonic_reads,network_partition,reader-1,read,mr-fcecb323-d229-498f-954e-1a4656ce06d7,,208,ONE,ALL,cassandra-1,True,False,1.338,2026-09-16T13:00:06.764607+00:00,
fcecb323-d229-498f-954e-1a4656ce06d7,monotonic_reads,network_partition,reader-1,read,mr-fcecb323-d229-498f-954e-1a4656ce06d7,,208,ONE,ALL,cassandra-2,True,False,1.428,2026-09-16T13:00:06.778673+00:00,
fcecb323-d229-498f-954e-1a4656ce06d7,monotonic_reads,network_partition,reader-1,read,mr-fcecb323-d229-498f-954e-1a4656ce06d7,,207,ONE,ALL,cassandra-3,True,True,1.492,2026-09-16T13:00:06.792509+00:00,
fcecb323-d229-498f-954e-1a4656ce06d7,monotonic_reads,network_partition,reader-1,read,mr-fcecb323-d229-498f-954e-1a4656ce06d7,,208,ONE,ALL,cassandra-1,True,False,1.825,2026-09-16T13:00:06.806601+00:00,
fcecb323-d229-498f-954e-1a4656ce06d7,monotonic_reads,network_partition,reader-1,read,mr-fcecb323-d229-498f-954e-1a4656ce06d7,,208,ONE,ALL,cassandra-2,True,False,1.798,2026-09-16T13:00:06.821107+00:00,
fcecb323-d229-498f-954e-1a4656ce06d7,monotonic_reads,network_partition,reader-1,read,mr-fcecb323-d229-498f-954e-1a4656ce06d7,,207,ONE,ALL,cassandra-3,True,True,1.485,2026-09-16T13:00:06.832826+00:00,
fcecb323-d229-498f-954e-1a4656ce06d7,monotonic_reads,network_partition,reader-1,read,mr-fcecb323-d229-498f-954e-1a4656ce06d7,,208,ONE,ALL,cassandra-1,True,False,2.19,2026-09-16T13:00:06.846902+00:00,
fcecb323-d229-498f-954e-1a4656ce06d7,monotonic_reads,network_partition,reader-1,read,mr-fcecb323-d229-498f-954e-1a4656ce06d7,,208,ONE,ALL,cassandra-2,True,False,1.661,2026-09-16T13:00:06.860453+00:00,
fcecb323-d229-498f-954e-1a4656ce06d7,monotonic_reads,network_partition,reader-1,read,mr-fcecb323-d229-498f-954e-1a4656ce06d7,,207,ONE,ALL,cassandra-3,True,True,1.789,2026-09-16T13:00:06.875267+00:00,
fcecb323-d229-498f-954e-1a4656ce06d7,monotonic_reads,network_partition,reader-1,read,mr-fcecb323-d229-498f-954e-1a4656ce06d7,,208,ONE,ALL,cassandra-1,True,False,1.67,2026-09-16T13:00:06.888281+00:00,
fcecb323-d229-498f-954e-1a4656ce06d7,monotonic_reads,network_partition,reader-1,read,mr-fcecb323-d229-498f-954e-1a4656ce06d7,,208,ONE,ALL,cassandra-2,True,False,2.207,2026-09-16T13:00:06.903223+00:00,
fcecb323-d229-498f-954e-1a4656ce06d7,monotonic_reads,network_partition,reader-1,read,mr-fcecb323-d229-498f-954e-1a4656ce06d7,,207,ONE,ALL,cassandra-3,True,True,2.357,2026-09-16T13:00:06.916665+00:00,
fcecb323-d229-498f-954e-1a4656ce06d7,monotonic_reads,network_partition,reader-1,read,mr-fcecb323-d229-498f-954e-1a4656ce06d7,,208,ONE,ALL,cassandra-1,True,False,2.265,2026-09-16T13:00:06.929992+00:00,
fcecb323-d229-498f-954e-1a4656ce06d7,monotonic_reads,network_partition,reader-1,read,mr-fcecb323-d229-498f-954e-1a4656ce06d7,,208,ONE,ALL,cassandra-2,True,False,2.364,2026-09-16T13:00:06.945069+00:00,
fcecb323-d229-498f-954e-1a4656ce06d7,monotonic_reads,network_partition,reader-1,read,mr-fcecb323-d229-498f-954e-1a4656ce06d7,,207,ONE,ALL,cassandra-3,True,True,3.606,2026-09-16T13:00:06.960540+00:00,
fcecb323-d229-498f-954e-1a4656ce06d7,monotonic_reads,network_partition,reader-1,read,mr-fcecb323-d229-498f-954e-1a4656ce06d7,,208,ONE,ALL,cassandra-1,True,False,3.07,2026-09-16T13:00:06.975611+00:00,
fcecb323-d229-498f-954e-1a4656ce06d7,monotonic_reads,network_partition,reader-1,read,mr-fcecb323-d229-498f-954e-1a4656ce06d7,,208,ONE,ALL,cassandra-2,True,False,3.283,2026-09-16T13:00:06.989915+00:00,
fcecb323-d229-498f-954e-1a4656ce06d7,monotonic_reads,network_partition,reader-1,read,mr-fcecb323-d229-498f-954e-1a4656ce06d7,,207,ONE,ALL,cassandra-3,True,True,3.514,2026-09-16T13:00:07.005772+00:00,
fcecb323-d229-498f-954e-1a4656ce06d7,monotonic_reads,network_partition,reader-1,read,mr-fcecb323-d229-498f-954e-1a4656ce06d7,,208,ONE,ALL,cassandra-1,True,False,3.651,2026-09-16T13:00:07.020200+00:00,
fcecb323-d229-498f-954e-1a4656ce06d7,monotonic_reads,network_partition,reader-1,read,mr-fcecb323-d229-498f-954e-1a4656ce06d7,,208,ONE,ALL,cassandra-2,True,False,4.17,2026-09-16T13:00:07.036829+00:00,
fcecb323-d229-498f-954e-1a4656ce06d7,monotonic_reads,network_partition,reader-1,read,mr-fcecb323-d229-498f-954e-1a4656ce06d7,,207,ONE,ALL,cassandra-3,True,True,4.568,2026-09-16T13:00:07.054145+00:00,
fcecb323-d229-498f-954e-1a4656ce06d7,monotonic_reads,network_partition,reader-1,read,mr-fcecb323-d229-498f-954e-1a4656ce06d7,,208,ONE,ALL,cassandra-1,True,False,3.758,2026-09-16T13:00:07.069408+00:00,
fcecb323-d229-498f-954e-1a4656ce06d7,monotonic_reads,network_partition,reader-1,read,mr-fcecb323-d229-498f-954e-1a4656ce06d7,,208,ONE,ALL,cassandra-2,True,False,2.333,2026-09-16T13:00:07.082414+00:00,
fcecb323-d229-498f-954e-1a4656ce06d7,monotonic_reads,network_partition,reader-1,read,mr-fcecb323-d229-498f-954e-1a4656ce06d7,,207,ONE,ALL,cassandra-3,True,True,1.642,2026-09-16T13:00:07.094283+00:00,
fcecb323-d229-498f-954e-1a4656ce06d7,monotonic_reads,network_partition,reader-1,read,mr-fcecb323-d229-498f-954e-1a4656ce06d7,,208,ONE,ALL,cassandra-1,True,False,3.689,2026-09-16T13:00:07.108842+00:00,
fcecb323-d229-498f-954e-1a4656ce06d7,monotonic_reads,network_partition,reader-1,read,mr-fcecb323-d229-498f-954e-1a4656ce06d7,,208,ONE,ALL,cassandra-2,True,False,1.639,2026-09-16T13:00:07.122211+00:00,
fcecb323-d229-498f-954e-1a4656ce06d7,monotonic_reads,network_partition,reader-1,read,mr-fcecb323-d229-498f-954e-1a4656ce06d7,,207,ONE,ALL,cassandra-3,True,True,3.455,2026-09-16T13:00:07.137298+00:00,
fcecb323-d229-498f-954e-1a4656ce06d7,monotonic_reads,network_partition,reader-1,read,mr-fcecb323-d229-498f-954e-1a4656ce06d7,,208,ONE,ALL,cassandra-1,True,False,4.226,2026-09-16T13:00:07.152538+00:00,
fcecb323-d229-498f-954e-1a4656ce06d7,monotonic_reads,network_partition,reader-1,read,mr-fcecb323-d229-498f-954e-1a4656ce06d7,,208,ONE,ALL,cassandra-2,True,False,4.4,2026-09-16T13:00:07.167294+00:00,
fcecb323-d229-498f-954e-1a4656ce06d7,monotonic_reads,network_partition,reader-1,read,mr-fcecb323-d229-498f-954e-1a4656ce06d7,,207,ONE,ALL,cassandra-3,True,True,3.678,2026-09-16T13:00:07.181339+00:00,
fcecb323-d229-498f-954e-1a4656ce06d7,monotonic_reads,network_partition,reader-1,read,mr-fcecb323-d229-498f-954e-1a4656ce06d7,,208,ONE,ALL,cassandra-1,True,False,3.159,2026-09-16T13:00:07.197059+00:00,
fcecb323-d229-498f-954e-1a4656ce06d7,monotonic_reads,network_partition,reader-1,read,mr-fcecb323-d229-498f-954e-1a4656ce06d7,,208,ONE,ALL,cassandra-2,True,False,1.948,2026-09-16T13:00:07.211575+00:00,
fcecb323-d229-498f-954e-1a4656ce06d7,monotonic_reads,network_partition,reader-1,read,mr-fcecb323-d229-498f-954e-1a4656ce06d7,,207,ONE,ALL,cassandra-3,True,True,3.494,2026-09-16T13:00:07.227455+00:00,
fcecb323-d229-498f-954e-1a4656ce06d7,monotonic_reads,network_partition,reader-1,read,mr-fcecb323-d229-498f-954e-1a4656ce06d7,,208,ONE,ALL,cassandra-1,True,False,1.568,2026-09-16T13:00:07.240097+00:00,
fcecb323-d229-498f-954e-1a4656ce06d7,monotonic_reads,network_partition,reader-1,read,mr-fcecb323-d229-498f-954e-1a4656ce06d7,,208,ONE,ALL,cassandra-2,True,False,2.336,2026-09-16T13:00:07.255062+00:00,
fcecb323-d229-498f-954e-1a4656ce06d7,monotonic_reads,network_partition,reader-1,read,mr-fcecb323-d229-498f-954e-1a4656ce06d7,,207,ONE,ALL,cassandra-3,True,True,2.956,2026-09-16T13:00:07.269007+00:00,
fcecb323-d229-498f-954e-1a4656ce06d7,monotonic_reads,network_partition,reader-1,read,mr-fcecb323-d229-498f-954e-1a4656ce06d7,,208,ONE,ALL,cassandra-1,True,False,3.1,2026-09-16T13:00:07.284758+00:00,
fcecb323-d229-498f-954e-1a4656ce06d7,monotonic_reads,network_partition,reader-1,read,mr-fcecb323-d229-498f-954e-1a4656ce06d7,,208,ONE,ALL,cassandra-2,True,False,3.253,2026-09-16T13:00:07.298982+00:00,
fcecb323-d229-498f-954e-1a4656ce06d7,monotonic_reads,network_partition,reader-1,read,mr-fcecb323-d229-498f-954e-1a4656ce06d7,,207,ONE,ALL,cassandra-3,True,True,2.938,2026-09-16T13:00:07.314639+00:00,
fcecb323-d229-498f-954e-1a4656ce06d7,monotonic_reads,network_partition,reader-1,read,mr-fcecb323-d229-498f-954e-1a4656ce06d7,,208,ONE,ALL,cassandra-1,True,False,3.194,2026-09-16T13:00:07.330427+00:00,
fcecb323-d229-498f-954e-1a4656ce06d7,monotonic_reads,network_partition,reader-1,read,mr-fcecb323-d229-498f-954e-1a4656ce06d7,,208,ONE,ALL,cassandra-2,True,False,3.281,2026-09-16T13:00:07.343951+00:00,
fcecb323-d229-498f-954e-1a4656ce06d7,monotonic_reads,network_partition,reader-1,read,mr-fcecb323-d229-498f-954e-1a4656ce06d7,,207,ONE,ALL,cassandra-3,True,True,3.283,2026-09-16T13:00:07.358926+00:00,
fcecb323-d229-498f-954e-1a4656ce06d7,monotonic_reads,network_partition,reader-1,read,mr-fcecb323-d229-498f-954e-1a4656ce06d7,,208,ONE,ALL,cassandra-1,True,False,2.765,2026-09-16T13:00:07.372422+00:00,
fcecb323-d229-498f-954e-1a4656ce06d7,monotonic_reads,network_partition,reader-1,read,mr-fcecb323-d229-498f-954e-1a4656ce06d7,,208,ONE,ALL,cassandra-2,True,False,3.204,2026-09-16T13:00:07.386709+00:00,
fcecb323-d229-498f-954e-1a4656ce06d7,monotonic_reads,network_partition,reader-1,read,mr-fcecb323-d229-498f-954e-1a4656ce06d7,,207,ONE,ALL,cassandra-3,True,True,3.614,2026-09-16T13:00:07.401115+00:00,
fcecb323-d229-498f-954e-1a4656ce06d7,monotonic_reads,network_partition,writer-1,write,mr-fcecb323-d229-498f-954e-1a4656ce06d7,208,,,ALL,cassandra-1,False,False,5001.796,2026-09-16T13:00:07.405747+00:00,"WriteTimeout: Error from server: code=1100 [Coordinator node timed out waiting for replica nodes' responses] message=""Operation timed out - received only 2 responses."" info={'consistency': 'ALL', 'required_responses': 3, 'received_responses': 2, 'write_type': 'SIMPLE'}"
fcecb323-d229-498f-954e-1a4656ce06d7,monotonic_reads,network_partition,reader-1,read,mr-fcecb323-d229-498f-954e-1a4656ce06d7,,208,ONE,ALL,cassandra-1,True,False,1.597,2026-09-16T13:00:07.413841+00:00,
fcecb323-d229-498f-954e-1a4656ce06d7,monotonic_reads,network_partition,reader-1,read,mr-fcecb323-d229-498f-954e-1a4656ce06d7,,208,ONE,ALL,cassandra-2,True,False,3.241,2026-09-16T13:00:07.428784+00:00,
fcecb323-d229-498f-954e-1a4656ce06d7,monotonic_reads,network_partition,reader-1,read,mr-fcecb323-d229-498f-954e-1a4656ce06d7,,207,ONE,ALL,cassandra-3,True,True,3.679,2026-09-16T13:00:07.443231+00:00,
fcecb323-d229-498f-954e-1a4656ce06d7,monotonic_reads,network_partition,reader-1,read,mr-fcecb323-d229-498f-954e-1a4656ce06d7,,208,ONE,ALL,cassandra-1,True,False,3.283,2026-09-16T13:00:07.466883+00:00,
fcecb323-d229-498f-954e-1a4656ce06d7,monotonic_reads,network_partition,reader-1,read,mr-fcecb323-d229-498f-954e-1a4656ce06d7,,208,ONE,ALL,cassandra-2,True,False,2.916,2026-09-16T13:00:07.481433+00:00,
fcecb323-d229-498f-954e-1a4656ce06d7,monotonic_reads,network_partition,reader-1,read,mr-fcecb323-d229-498f-954e-1a4656ce06d7,,207,ONE,ALL,cassandra-3,True,True,2.979,2026-09-16T13:00:07.497016+00:00,
fcecb323-d229-498f-954e-1a4656ce06d7,monotonic_reads,network_partition,reader-1,read,mr-fcecb323-d229-498f-954e-1a4656ce06d7,,208,ONE,ALL,cassandra-1,True,False,2.796,2026-09-16T13:00:07.512421+00:00,
fcecb323-d229-498f-954e-1a4656ce06d7,monotonic_reads,network_partition,reader-1,read,mr-fcecb323-d229-498f-954e-1a4656ce06d7,,208,ONE,ALL,cassandra-2,True,False,3.006,2026-09-16T13:00:07.527132+00:00,
fcecb323-d229-498f-954e-1a4656ce06d7,monotonic_reads,network_partition,reader-1,read,mr-fcecb323-d229-498f-954e-1a4656ce06d7,,207,ONE,ALL,cassandra-3,True,True,3.788,2026-09-16T13:00:07.541348+00:00,
fcecb323-d229-498f-954e-1a4656ce06d7,monotonic_reads,network_partition,reader-1,read,mr-fcecb323-d229-498f-954e-1a4656ce06d7,,208,ONE,ALL,cassandra-1,True,False,3.601,2026-09-16T13:00:07.557337+00:00,
fcecb323-d229-498f-954e-1a4656ce06d7,monotonic_reads,network_partition,reader-1,read,mr-fcecb323-d229-498f-954e-1a4656ce06d7,,208,ONE,ALL,cassandra-2,True,False,2.773,2026-09-16T13:00:07.572816+00:00,
fcecb323-d229-498f-954e-1a4656ce06d7,monotonic_reads,network_partition,reader-1,read,mr-fcecb323-d229-498f-954e-1a4656ce06d7,,207,ONE,ALL,cassandra-3,True,True,3.615,2026-09-16T13:00:07.589206+00:00,
fcecb323-d229-498f-954e-1a4656ce06d7,monotonic_reads,network_partition,reader-1,read,mr-fcecb323-d229-498f-954e-1a4656ce06d7,,208,ONE,ALL,cassandra-1,True,False,3.755,2026-09-16T13:00:07.604326+00:00,
fcecb323-d229-498f-954e-1a4656ce06d7,monotonic_reads,network_partition,reader-1,read,mr-fcecb323-d229-498f-954e-1a4656ce06d7,,208,ONE,ALL,cassandra-2,True,False,3.368,2026-09-16T13:00:07.619000+00:00,
fcecb323-d229-498f-954e-1a4656ce06d7,monotonic_reads,network_partition,reader-1,read,mr-fcecb323-d229-498f-954e-1a4656ce06d7,,207,ONE,ALL,cassandra-3,True,True,2.939,2026-09-16T13:00:07.633413+00:00,
fcecb323-d229-498f-954e-1a4656ce06d7,monotonic_reads,network_partition,reader-1,read,mr-fcecb323-d229-498f-954e-1a4656ce06d7,,208,ONE,ALL,cassandra-1,True,False,2.535,2026-09-16T13:00:07.647164+00:00,
fcecb323-d229-498f-954e-1a4656ce06d7,monotonic_reads,network_partition,reader-1,read,mr-fcecb323-d229-498f-954e-1a4656ce06d7,,208,ONE,ALL,cassandra-2,True,False,3.441,2026-09-16T13:00:07.663058+00:00,
fcecb323-d229-498f-954e-1a4656ce06d7,monotonic_reads,network_partition,reader-1,read,mr-fcecb323-d229-498f-954e-1a4656ce06d7,,207,ONE,ALL,cassandra-3,True,True,3.277,2026-09-16T13:00:07.677842+00:00,
fcecb323-d229-498f-954e-1a4656ce06d7,monotonic_reads,network_partition,reader-1,read,mr-fcecb323-d229-498f-954e-1a4656ce06d7,,208,ONE,ALL,cassandra-1,True,False,2.735,2026-09-16T13:00:07.693259+00:00,
fcecb323-d229-498f-954e-1a4656ce06d7,monotonic_reads,network_partition,reader-1,read,mr-fcecb323-d229-498f-954e-1a4656ce06d7,,208,ONE,ALL,cassandra-2,True,False,3.265,2026-09-16T13:00:07.709005+00:00,
fcecb323-d229-498f-954e-1a4656ce06d7,monotonic_reads,network_partition,reader-1,read,mr-fcecb323-d229-498f-954e-1a4656ce06d7,,207,ONE,ALL,cassandra-3,True,True,3.515,2026-09-16T13:00:07.724166+00:00,
fcecb323-d229-498f-954e-1a4656ce06d7,monotonic_reads,network_partition,reader-1,read,mr-fcecb323-d229-498f-954e-1a4656ce06d7,,208,ONE,ALL,cassandra-1,True,False,2.873,2026-09-16T13:00:07.739567+00:00,
fcecb323-d229-498f-954e-1a4656ce06d7,monotonic_reads,network_partition,reader-1,read,mr-fcecb323-d229-498f-954e-1a4656ce06d7,,208,ONE,ALL,cassandra-2,True,False,1.734,2026-09-16T13:00:07.753940+00:00,
fcecb323-d229-498f-954e-1a4656ce06d7,monotonic_reads,network_partition,reader-1,read,mr-fcecb323-d229-498f-954e-1a4656ce06d7,,207,ONE,ALL,cassandra-3,True,True,3.203,2026-09-16T13:00:07.768171+00:00,
fcecb323-d229-498f-954e-1a4656ce06d7,monotonic_reads,network_partition,reader-1,read,mr-fcecb323-d229-498f-954e-1a4656ce06d7,,208,ONE,ALL,cassandra-1,True,False,3.461,2026-09-16T13:00:07.782098+00:00,
fcecb323-d229-498f-954e-1a4656ce06d7,monotonic_reads,network_partition,reader-1,read,mr-fcecb323-d229-498f-954e-1a4656ce06d7,,208,ONE,ALL,cassandra-2,True,False,3.702,2026-09-16T13:00:07.798336+00:00,
fcecb323-d229-498f-954e-1a4656ce06d7,monotonic_reads,network_partition,reader-1,read,mr-fcecb323-d229-498f-954e-1a4656ce06d7,,207,ONE,ALL,cassandra-3,True,True,2.588,2026-09-16T13:00:07.811146+00:00,
fcecb323-d229-498f-954e-1a4656ce06d7,monotonic_reads,network_partition,reader-1,read,mr-fcecb323-d229-498f-954e-1a4656ce06d7,,208,ONE,ALL,cassandra-1,True,False,3.263,2026-09-16T13:00:07.824735+00:00,
fcecb323-d229-498f-954e-1a4656ce06d7,monotonic_reads,network_partition,reader-1,read,mr-fcecb323-d229-498f-954e-1a4656ce06d7,,208,ONE,ALL,cassandra-2,True,False,2.406,2026-09-16T13:00:07.839033+00:00,
fcecb323-d229-498f-954e-1a4656ce06d7,monotonic_reads,network_partition,reader-1,read,mr-fcecb323-d229-498f-954e-1a4656ce06d7,,207,ONE,ALL,cassandra-3,True,True,2.789,2026-09-16T13:00:07.852183+00:00,
fcecb323-d229-498f-954e-1a4656ce06d7,monotonic_reads,network_partition,reader-1,read,mr-fcecb323-d229-498f-954e-1a4656ce06d7,,208,ONE,ALL,cassandra-1,True,False,3.734,2026-09-16T13:00:07.868580+00:00,
fcecb323-d229-498f-954e-1a4656ce06d7,monotonic_reads,network_partition,reader-1,read,mr-fcecb323-d229-498f-954e-1a4656ce06d7,,208,ONE,ALL,cassandra-2,True,False,4.412,2026-09-16T13:00:07.885943+00:00,
fcecb323-d229-498f-954e-1a4656ce06d7,monotonic_reads,network_partition,reader-1,read,mr-fcecb323-d229-498f-954e-1a4656ce06d7,,207,ONE,ALL,cassandra-3,True,True,4.434,2026-09-16T13:00:07.902806+00:00,
fcecb323-d229-498f-954e-1a4656ce06d7,monotonic_reads,network_partition,reader-1,read,mr-fcecb323-d229-498f-954e-1a4656ce06d7,,208,ONE,ALL,cassandra-1,True,False,3.938,2026-09-16T13:00:07.919204+00:00,
fcecb323-d229-498f-954e-1a4656ce06d7,monotonic_reads,network_partition,reader-1,read,mr-fcecb323-d229-498f-954e-1a4656ce06d7,,208,ONE,ALL,cassandra-2,True,False,4.259,2026-09-16T13:00:07.934903+00:00,
fcecb323-d229-498f-954e-1a4656ce06d7,monotonic_reads,network_partition,reader-1,read,mr-fcecb323-d229-498f-954e-1a4656ce06d7,,207,ONE,ALL,cassandra-3,True,True,4.188,2026-09-16T13:00:07.949876+00:00,
fcecb323-d229-498f-954e-1a4656ce06d7,monotonic_reads,network_partition,reader-1,read,mr-fcecb323-d229-498f-954e-1a4656ce06d7,,208,ONE,ALL,cassandra-1,True,False,3.047,2026-09-16T13:00:07.964365+00:00,
fcecb323-d229-498f-954e-1a4656ce06d7,monotonic_reads,network_partition,reader-1,read,mr-fcecb323-d229-498f-954e-1a4656ce06d7,,208,ONE,ALL,cassandra-2,True,False,3.643,2026-09-16T13:00:07.979231+00:00,
fcecb323-d229-498f-954e-1a4656ce06d7,monotonic_reads,network_partition,reader-1,read,mr-fcecb323-d229-498f-954e-1a4656ce06d7,,207,ONE,ALL,cassandra-3,True,True,3.438,2026-09-16T13:00:07.994091+00:00,
fcecb323-d229-498f-954e-1a4656ce06d7,monotonic_reads,network_partition,reader-1,read,mr-fcecb323-d229-498f-954e-1a4656ce06d7,,208,ONE,ALL,cassandra-1,True,False,3.702,2026-09-16T13:00:08.010532+00:00,
fcecb323-d229-498f-954e-1a4656ce06d7,monotonic_reads,network_partition,reader-1,read,mr-fcecb323-d229-498f-954e-1a4656ce06d7,,208,ONE,ALL,cassandra-2,True,False,3.779,2026-09-16T13:00:08.025324+00:00,
fcecb323-d229-498f-954e-1a4656ce06d7,monotonic_reads,network_partition,reader-1,read,mr-fcecb323-d229-498f-954e-1a4656ce06d7,,207,ONE,ALL,cassandra-3,True,True,3.823,2026-09-16T13:00:08.041385+00:00,
fcecb323-d229-498f-954e-1a4656ce06d7,monotonic_reads,network_partition,reader-1,read,mr-fcecb323-d229-498f-954e-1a4656ce06d7,,208,ONE,ALL,cassandra-1,True,False,3.738,2026-09-16T13:00:08.057942+00:00,
fcecb323-d229-498f-954e-1a4656ce06d7,monotonic_reads,network_partition,reader-1,read,mr-fcecb323-d229-498f-954e-1a4656ce06d7,,208,ONE,ALL,cassandra-2,True,False,4.613,2026-09-16T13:00:08.074271+00:00,
fcecb323-d229-498f-954e-1a4656ce06d7,monotonic_reads,network_partition,reader-1,read,mr-fcecb323-d229-498f-954e-1a4656ce06d7,,207,ONE,ALL,cassandra-3,True,True,1.71,2026-09-16T13:00:08.086736+00:00,
fcecb323-d229-498f-954e-1a4656ce06d7,monotonic_reads,network_partition,reader-1,read,mr-fcecb323-d229-498f-954e-1a4656ce06d7,,208,ONE,ALL,cassandra-1,True,False,4.048,2026-09-16T13:00:08.103406+00:00,
fcecb323-d229-498f-954e-1a4656ce06d7,monotonic_reads,network_partition,reader-1,read,mr-fcecb323-d229-498f-954e-1a4656ce06d7,,208,ONE,ALL,cassandra-2,True,False,3.941,2026-09-16T13:00:08.118602+00:00,
fcecb323-d229-498f-954e-1a4656ce06d7,monotonic_reads,network_partition,reader-1,read,mr-fcecb323-d229-498f-954e-1a4656ce06d7,,207,ONE,ALL,cassandra-3,True,True,4.15,2026-09-16T13:00:08.134814+00:00,
fcecb323-d229-498f-954e-1a4656ce06d7,monotonic_reads,network_partition,reader-1,read,mr-fcecb323-d229-498f-954e-1a4656ce06d7,,208,ONE,ALL,cassandra-1,True,False,4.402,2026-09-16T13:00:08.149553+00:00,
fcecb323-d229-498f-954e-1a4656ce06d7,monotonic_reads,network_partition,reader-1,read,mr-fcecb323-d229-498f-954e-1a4656ce06d7,,208,ONE,ALL,cassandra-2,True,False,4.173,2026-09-16T13:00:08.166208+00:00,
fcecb323-d229-498f-954e-1a4656ce06d7,monotonic_reads,network_partition,reader-1,read,mr-fcecb323-d229-498f-954e-1a4656ce06d7,,207,ONE,ALL,cassandra-3,True,True,3.882,2026-09-16T13:00:08.181317+00:00,
fcecb323-d229-498f-954e-1a4656ce06d7,monotonic_reads,network_partition,reader-1,read,mr-fcecb323-d229-498f-954e-1a4656ce06d7,,208,ONE,ALL,cassandra-1,True,False,3.608,2026-09-16T13:00:08.197244+00:00,
fcecb323-d229-498f-954e-1a4656ce06d7,monotonic_reads,network_partition,reader-1,read,mr-fcecb323-d229-498f-954e-1a4656ce06d7,,208,ONE,ALL,cassandra-2,True,False,9.036,2026-09-16T13:00:08.218981+00:00,
fcecb323-d229-498f-954e-1a4656ce06d7,monotonic_reads,network_partition,reader-1,read,mr-fcecb323-d229-498f-954e-1a4656ce06d7,,207,ONE,ALL,cassandra-3,True,True,4.056,2026-09-16T13:00:08.233684+00:00,
fcecb323-d229-498f-954e-1a4656ce06d7,monotonic_reads,network_partition,reader-1,read,mr-fcecb323-d229-498f-954e-1a4656ce06d7,,208,ONE,ALL,cassandra-1,True,False,4.009,2026-09-16T13:00:08.250066+00:00,
fcecb323-d229-498f-954e-1a4656ce06d7,monotonic_reads,network_partition,reader-1,read,mr-fcecb323-d229-498f-954e-1a4656ce06d7,,208,ONE,ALL,cassandra-2,True,False,3.814,2026-09-16T13:00:08.265450+00:00,
fcecb323-d229-498f-954e-1a4656ce06d7,monotonic_reads,network_partition,reader-1,read,mr-fcecb323-d229-498f-954e-1a4656ce06d7,,207,ONE,ALL,cassandra-3,True,True,3.805,2026-09-16T13:00:08.281455+00:00,
fcecb323-d229-498f-954e-1a4656ce06d7,monotonic_reads,network_partition,reader-1,read,mr-fcecb323-d229-498f-954e-1a4656ce06d7,,208,ONE,ALL,cassandra-1,True,False,3.669,2026-09-16T13:00:08.295807+00:00,
fcecb323-d229-498f-954e-1a4656ce06d7,monotonic_reads,network_partition,reader-1,read,mr-fcecb323-d229-498f-954e-1a4656ce06d7,,208,ONE,ALL,cassandra-2,True,False,4.321,2026-09-16T13:00:08.312737+00:00,
fcecb323-d229-498f-954e-1a4656ce06d7,monotonic_reads,network_partition,reader-1,read,mr-fcecb323-d229-498f-954e-1a4656ce06d7,,207,ONE,ALL,cassandra-3,True,True,3.785,2026-09-16T13:00:08.329404+00:00,
fcecb323-d229-498f-954e-1a4656ce06d7,monotonic_reads,network_partition,reader-1,read,mr-fcecb323-d229-498f-954e-1a4656ce06d7,,208,ONE,ALL,cassandra-1,True,False,3.796,2026-09-16T13:00:08.344023+00:00,
fcecb323-d229-498f-954e-1a4656ce06d7,monotonic_reads,network_partition,reader-1,read,mr-fcecb323-d229-498f-954e-1a4656ce06d7,,208,ONE,ALL,cassandra-2,True,False,3.239,2026-09-16T13:00:08.358918+00:00,
fcecb323-d229-498f-954e-1a4656ce06d7,monotonic_reads,network_partition,reader-1,read,mr-fcecb323-d229-498f-954e-1a4656ce06d7,,207,ONE,ALL,cassandra-3,True,True,3.079,2026-09-16T13:00:08.372634+00:00,
fcecb323-d229-498f-954e-1a4656ce06d7,monotonic_reads,network_partition,reader-1,read,mr-fcecb323-d229-498f-954e-1a4656ce06d7,,208,ONE,ALL,cassandra-1,True,False,3.72,2026-09-16T13:00:08.388363+00:00,
fcecb323-d229-498f-954e-1a4656ce06d7,monotonic_reads,network_partition,reader-1,read,mr-fcecb323-d229-498f-954e-1a4656ce06d7,,208,ONE,ALL,cassandra-2,True,False,3.842,2026-09-16T13:00:08.404866+00:00,
fcecb323-d229-498f-954e-1a4656ce06d7,monotonic_reads,network_partition,reader-1,read,mr-fcecb323-d229-498f-954e-1a4656ce06d7,,207,ONE,ALL,cassandra-3,True,True,1.643,2026-09-16T13:00:08.417299+00:00,
fcecb323-d229-498f-954e-1a4656ce06d7,monotonic_reads,network_partition,reader-1,read,mr-fcecb323-d229-498f-954e-1a4656ce06d7,,208,ONE,ALL,cassandra-1,True,False,3.228,2026-09-16T13:00:08.430857+00:00,
fcecb323-d229-498f-954e-1a4656ce06d7,monotonic_reads,network_partition,reader-1,read,mr-fcecb323-d229-498f-954e-1a4656ce06d7,,208,ONE,ALL,cassandra-2,True,False,3.112,2026-09-16T13:00:08.444749+00:00,
fcecb323-d229-498f-954e-1a4656ce06d7,monotonic_reads,network_partition,reader-1,read,mr-fcecb323-d229-498f-954e-1a4656ce06d7,,207,ONE,ALL,cassandra-3,True,True,3.296,2026-09-16T13:00:08.460718+00:00,
fcecb323-d229-498f-954e-1a4656ce06d7,monotonic_reads,network_partition,reader-1,read,mr-fcecb323-d229-498f-954e-1a4656ce06d7,,208,ONE,ALL,cassandra-1,True,False,2.72,2026-09-16T13:00:08.474873+00:00,
fcecb323-d229-498f-954e-1a4656ce06d7,monotonic_reads,network_partition,reader-1,read,mr-fcecb323-d229-498f-954e-1a4656ce06d7,,208,ONE,ALL,cassandra-2,True,False,3.092,2026-09-16T13:00:08.489701+00:00,
fcecb323-d229-498f-954e-1a4656ce06d7,monotonic_reads,network_partition,reader-1,read,mr-fcecb323-d229-498f-954e-1a4656ce06d7,,207,ONE,ALL,cassandra-3,True,True,5.43,2026-09-16T13:00:08.506058+00:00,
fcecb323-d229-498f-954e-1a4656ce06d7,monotonic_reads,network_partition,reader-1,read,mr-fcecb323-d229-498f-954e-1a4656ce06d7,,208,ONE,ALL,cassandra-1,True,False,3.081,2026-09-16T13:00:08.521887+00:00,
fcecb323-d229-498f-954e-1a4656ce06d7,monotonic_reads,network_partition,reader-1,read,mr-fcecb323-d229-498f-954e-1a4656ce06d7,,208,ONE,ALL,cassandra-2,True,False,2.985,2026-09-16T13:00:08.535849+00:00,
fcecb323-d229-498f-954e-1a4656ce06d7,monotonic_reads,network_partition,reader-1,read,mr-fcecb323-d229-498f-954e-1a4656ce06d7,,207,ONE,ALL,cassandra-3,True,True,4.117,2026-09-16T13:00:08.550750+00:00,
fcecb323-d229-498f-954e-1a4656ce06d7,monotonic_reads,network_partition,reader-1,read,mr-fcecb323-d229-498f-954e-1a4656ce06d7,,208,ONE,ALL,cassandra-1,True,False,3.556,2026-09-16T13:00:08.566674+00:00,
fcecb323-d229-498f-954e-1a4656ce06d7,monotonic_reads,network_partition,reader-1,read,mr-fcecb323-d229-498f-954e-1a4656ce06d7,,208,ONE,ALL,cassandra-2,True,False,3.23,2026-09-16T13:00:08.580830+00:00,
fcecb323-d229-498f-954e-1a4656ce06d7,monotonic_reads,network_partition,reader-1,read,mr-fcecb323-d229-498f-954e-1a4656ce06d7,,207,ONE,ALL,cassandra-3,True,True,3.014,2026-09-16T13:00:08.595657+00:00,
fcecb323-d229-498f-954e-1a4656ce06d7,monotonic_reads,network_partition,reader-1,read,mr-fcecb323-d229-498f-954e-1a4656ce06d7,,208,ONE,ALL,cassandra-1,True,False,3.252,2026-09-16T13:00:08.611562+00:00,
fcecb323-d229-498f-954e-1a4656ce06d7,monotonic_reads,network_partition,reader-1,read,mr-fcecb323-d229-498f-954e-1a4656ce06d7,,208,ONE,ALL,cassandra-2,True,False,5.172,2026-09-16T13:00:08.627672+00:00,
fcecb323-d229-498f-954e-1a4656ce06d7,monotonic_reads,network_partition,reader-1,read,mr-fcecb323-d229-498f-954e-1a4656ce06d7,,207,ONE,ALL,cassandra-3,True,True,3.517,2026-09-16T13:00:08.642152+00:00,
fcecb323-d229-498f-954e-1a4656ce06d7,monotonic_reads,network_partition,reader-1,read,mr-fcecb323-d229-498f-954e-1a4656ce06d7,,208,ONE,ALL,cassandra-1,True,False,3.78,2026-09-16T13:00:08.658595+00:00,
fcecb323-d229-498f-954e-1a4656ce06d7,monotonic_reads,network_partition,reader-1,read,mr-fcecb323-d229-498f-954e-1a4656ce06d7,,208,ONE,ALL,cassandra-2,True,False,1.445,2026-09-16T13:00:08.670275+00:00,
fcecb323-d229-498f-954e-1a4656ce06d7,monotonic_reads,network_partition,reader-1,read,mr-fcecb323-d229-498f-954e-1a4656ce06d7,,207,ONE,ALL,cassandra-3,True,True,1.279,2026-09-16T13:00:08.683808+00:00,
fcecb323-d229-498f-954e-1a4656ce06d7,monotonic_reads,network_partition,reader-1,read,mr-fcecb323-d229-498f-954e-1a4656ce06d7,,208,ONE,ALL,cassandra-1,True,False,2.357,2026-09-16T13:00:08.698796+00:00,
fcecb323-d229-498f-954e-1a4656ce06d7,monotonic_reads,network_partition,reader-1,read,mr-fcecb323-d229-498f-954e-1a4656ce06d7,,208,ONE,ALL,cassandra-2,True,False,1.287,2026-09-16T13:00:08.711855+00:00,
fcecb323-d229-498f-954e-1a4656ce06d7,monotonic_reads,network_partition,reader-1,read,mr-fcecb323-d229-498f-954e-1a4656ce06d7,,207,ONE,ALL,cassandra-3,True,True,1.694,2026-09-16T13:00:08.725351+00:00,
fcecb323-d229-498f-954e-1a4656ce06d7,monotonic_reads,network_partition,reader-1,read,mr-fcecb323-d229-498f-954e-1a4656ce06d7,,208,ONE,ALL,cassandra-1,True,False,2.251,2026-09-16T13:00:08.740204+00:00,
fcecb323-d229-498f-954e-1a4656ce06d7,monotonic_reads,network_partition,reader-1,read,mr-fcecb323-d229-498f-954e-1a4656ce06d7,,208,ONE,ALL,cassandra-2,True,False,1.633,2026-09-16T13:00:08.754459+00:00,
fcecb323-d229-498f-954e-1a4656ce06d7,monotonic_reads,network_partition,reader-1,read,mr-fcecb323-d229-498f-954e-1a4656ce06d7,,207,ONE,ALL,cassandra-3,True,True,1.711,2026-09-16T13:00:08.768862+00:00,
fcecb323-d229-498f-954e-1a4656ce06d7,monotonic_reads,network_partition,reader-1,read,mr-fcecb323-d229-498f-954e-1a4656ce06d7,,208,ONE,ALL,cassandra-1,True,False,1.62,2026-09-16T13:00:08.783147+00:00,
fcecb323-d229-498f-954e-1a4656ce06d7,monotonic_reads,network_partition,reader-1,read,mr-fcecb323-d229-498f-954e-1a4656ce06d7,,208,ONE,ALL,cassandra-2,True,False,1.484,2026-09-16T13:00:08.796060+00:00,
fcecb323-d229-498f-954e-1a4656ce06d7,monotonic_reads,network_partition,reader-1,read,mr-fcecb323-d229-498f-954e-1a4656ce06d7,,207,ONE,ALL,cassandra-3,True,True,1.163,2026-09-16T13:00:08.809853+00:00,
fcecb323-d229-498f-954e-1a4656ce06d7,monotonic_reads,network_partition,reader-1,read,mr-fcecb323-d229-498f-954e-1a4656ce06d7,,208,ONE,ALL,cassandra-1,True,False,1.648,2026-09-16T13:00:08.822963+00:00,
fcecb323-d229-498f-954e-1a4656ce06d7,monotonic_reads,network_partition,reader-1,read,mr-fcecb323-d229-498f-954e-1a4656ce06d7,,208,ONE,ALL,cassandra-2,True,False,1.919,2026-09-16T13:00:08.837470+00:00,
fcecb323-d229-498f-954e-1a4656ce06d7,monotonic_reads,network_partition,reader-1,read,mr-fcecb323-d229-498f-954e-1a4656ce06d7,,207,ONE,ALL,cassandra-3,True,True,2.064,2026-09-16T13:00:08.851921+00:00,
fcecb323-d229-498f-954e-1a4656ce06d7,monotonic_reads,network_partition,reader-1,read,mr-fcecb323-d229-498f-954e-1a4656ce06d7,,208,ONE,ALL,cassandra-1,True,False,2.858,2026-09-16T13:00:08.867379+00:00,
fcecb323-d229-498f-954e-1a4656ce06d7,monotonic_reads,network_partition,reader-1,read,mr-fcecb323-d229-498f-954e-1a4656ce06d7,,208,ONE,ALL,cassandra-2,True,False,3.153,2026-09-16T13:00:08.883187+00:00,
fcecb323-d229-498f-954e-1a4656ce06d7,monotonic_reads,network_partition,reader-1,read,mr-fcecb323-d229-498f-954e-1a4656ce06d7,,207,ONE,ALL,cassandra-3,True,True,3.683,2026-09-16T13:00:08.899176+00:00,
fcecb323-d229-498f-954e-1a4656ce06d7,monotonic_reads,network_partition,reader-1,read,mr-fcecb323-d229-498f-954e-1a4656ce06d7,,208,ONE,ALL,cassandra-1,True,False,3.697,2026-09-16T13:00:08.914342+00:00,
fcecb323-d229-498f-954e-1a4656ce06d7,monotonic_reads,network_partition,reader-1,read,mr-fcecb323-d229-498f-954e-1a4656ce06d7,,208,ONE,ALL,cassandra-2,True,False,3.585,2026-09-16T13:00:08.929212+00:00,
fcecb323-d229-498f-954e-1a4656ce06d7,monotonic_reads,network_partition,reader-1,read,mr-fcecb323-d229-498f-954e-1a4656ce06d7,,207,ONE,ALL,cassandra-3,True,True,4.129,2026-09-16T13:00:08.946044+00:00,
fcecb323-d229-498f-954e-1a4656ce06d7,monotonic_reads,network_partition,reader-1,read,mr-fcecb323-d229-498f-954e-1a4656ce06d7,,208,ONE,ALL,cassandra-1,True,False,3.558,2026-09-16T13:00:08.961008+00:00,
fcecb323-d229-498f-954e-1a4656ce06d7,monotonic_reads,network_partition,reader-1,read,mr-fcecb323-d229-498f-954e-1a4656ce06d7,,208,ONE,ALL,cassandra-2,True,False,3.994,2026-09-16T13:00:08.977068+00:00,
fcecb323-d229-498f-954e-1a4656ce06d7,monotonic_reads,network_partition,reader-1,read,mr-fcecb323-d229-498f-954e-1a4656ce06d7,,207,ONE,ALL,cassandra-3,True,True,4.103,2026-09-16T13:00:08.993916+00:00,
fcecb323-d229-498f-954e-1a4656ce06d7,monotonic_reads,network_partition,reader-1,read,mr-fcecb323-d229-498f-954e-1a4656ce06d7,,208,ONE,ALL,cassandra-1,True,False,3.866,2026-09-16T13:00:09.008527+00:00,
fcecb323-d229-498f-954e-1a4656ce06d7,monotonic_reads,network_partition,reader-1,read,mr-fcecb323-d229-498f-954e-1a4656ce06d7,,208,ONE,ALL,cassandra-2,True,False,3.978,2026-09-16T13:00:09.025258+00:00,
fcecb323-d229-498f-954e-1a4656ce06d7,monotonic_reads,network_partition,reader-1,read,mr-fcecb323-d229-498f-954e-1a4656ce06d7,,207,ONE,ALL,cassandra-3,True,True,3.842,2026-09-16T13:00:09.039750+00:00,
fcecb323-d229-498f-954e-1a4656ce06d7,monotonic_reads,network_partition,reader-1,read,mr-fcecb323-d229-498f-954e-1a4656ce06d7,,208,ONE,ALL,cassandra-1,True,False,3.896,2026-09-16T13:00:09.054052+00:00,
fcecb323-d229-498f-954e-1a4656ce06d7,monotonic_reads,network_partition,reader-1,read,mr-fcecb323-d229-498f-954e-1a4656ce06d7,,208,ONE,ALL,cassandra-2,True,False,4.168,2026-09-16T13:00:09.068505+00:00,
fcecb323-d229-498f-954e-1a4656ce06d7,monotonic_reads,network_partition,reader-1,read,mr-fcecb323-d229-498f-954e-1a4656ce06d7,,207,ONE,ALL,cassandra-3,True,True,4.333,2026-09-16T13:00:09.085569+00:00,
fcecb323-d229-498f-954e-1a4656ce06d7,monotonic_reads,network_partition,reader-1,read,mr-fcecb323-d229-498f-954e-1a4656ce06d7,,208,ONE,ALL,cassandra-1,True,False,3.441,2026-09-16T13:00:09.101758+00:00,
fcecb323-d229-498f-954e-1a4656ce06d7,monotonic_reads,network_partition,reader-1,read,mr-fcecb323-d229-498f-954e-1a4656ce06d7,,208,ONE,ALL,cassandra-2,True,False,3.259,2026-09-16T13:00:09.115841+00:00,
fcecb323-d229-498f-954e-1a4656ce06d7,monotonic_reads,network_partition,reader-1,read,mr-fcecb323-d229-498f-954e-1a4656ce06d7,,207,ONE,ALL,cassandra-3,True,True,3.086,2026-09-16T13:00:09.130759+00:00,
fcecb323-d229-498f-954e-1a4656ce06d7,monotonic_reads,network_partition,reader-1,read,mr-fcecb323-d229-498f-954e-1a4656ce06d7,,208,ONE,ALL,cassandra-1,True,False,3.45,2026-09-16T13:00:09.146050+00:00,
fcecb323-d229-498f-954e-1a4656ce06d7,monotonic_reads,network_partition,reader-1,read,mr-fcecb323-d229-498f-954e-1a4656ce06d7,,208,ONE,ALL,cassandra-2,True,False,3.337,2026-09-16T13:00:09.160012+00:00,
fcecb323-d229-498f-954e-1a4656ce06d7,monotonic_reads,network_partition,reader-1,read,mr-fcecb323-d229-498f-954e-1a4656ce06d7,,207,ONE,ALL,cassandra-3,True,True,3.945,2026-09-16T13:00:09.176410+00:00,
fcecb323-d229-498f-954e-1a4656ce06d7,monotonic_reads,network_partition,reader-1,read,mr-fcecb323-d229-498f-954e-1a4656ce06d7,,208,ONE,ALL,cassandra-1,True,False,2.224,2026-09-16T13:00:09.188839+00:00,
fcecb323-d229-498f-954e-1a4656ce06d7,monotonic_reads,network_partition,reader-1,read,mr-fcecb323-d229-498f-954e-1a4656ce06d7,,208,ONE,ALL,cassandra-2,True,False,3.288,2026-09-16T13:00:09.203900+00:00,
fcecb323-d229-498f-954e-1a4656ce06d7,monotonic_reads,network_partition,reader-1,read,mr-fcecb323-d229-498f-954e-1a4656ce06d7,,207,ONE,ALL,cassandra-3,True,True,4.476,2026-09-16T13:00:09.218993+00:00,
fcecb323-d229-498f-954e-1a4656ce06d7,monotonic_reads,network_partition,reader-1,read,mr-fcecb323-d229-498f-954e-1a4656ce06d7,,208,ONE,ALL,cassandra-1,True,False,3.631,2026-09-16T13:00:09.233241+00:00,
fcecb323-d229-498f-954e-1a4656ce06d7,monotonic_reads,network_partition,reader-1,read,mr-fcecb323-d229-498f-954e-1a4656ce06d7,,208,ONE,ALL,cassandra-2,True,False,3.588,2026-09-16T13:00:09.248019+00:00,
fcecb323-d229-498f-954e-1a4656ce06d7,monotonic_reads,network_partition,reader-1,read,mr-fcecb323-d229-498f-954e-1a4656ce06d7,,207,ONE,ALL,cassandra-3,True,True,3.442,2026-09-16T13:00:09.263168+00:00,
fcecb323-d229-498f-954e-1a4656ce06d7,monotonic_reads,network_partition,reader-1,read,mr-fcecb323-d229-498f-954e-1a4656ce06d7,,208,ONE,ALL,cassandra-1,True,False,3.76,2026-09-16T13:00:09.277415+00:00,
fcecb323-d229-498f-954e-1a4656ce06d7,monotonic_reads,network_partition,reader-1,read,mr-fcecb323-d229-498f-954e-1a4656ce06d7,,208,ONE,ALL,cassandra-2,True,False,3.377,2026-09-16T13:00:09.293409+00:00,
fcecb323-d229-498f-954e-1a4656ce06d7,monotonic_reads,network_partition,reader-1,read,mr-fcecb323-d229-498f-954e-1a4656ce06d7,,207,ONE,ALL,cassandra-3,True,True,3.867,2026-09-16T13:00:09.309993+00:00,
fcecb323-d229-498f-954e-1a4656ce06d7,monotonic_reads,network_partition,reader-1,read,mr-fcecb323-d229-498f-954e-1a4656ce06d7,,208,ONE,ALL,cassandra-1,True,False,4.264,2026-09-16T13:00:09.325769+00:00,
fcecb323-d229-498f-954e-1a4656ce06d7,monotonic_reads,network_partition,reader-1,read,mr-fcecb323-d229-498f-954e-1a4656ce06d7,,208,ONE,ALL,cassandra-2,True,False,3.961,2026-09-16T13:00:09.341604+00:00,
fcecb323-d229-498f-954e-1a4656ce06d7,monotonic_reads,network_partition,reader-1,read,mr-fcecb323-d229-498f-954e-1a4656ce06d7,,207,ONE,ALL,cassandra-3,True,True,3.142,2026-09-16T13:00:09.356313+00:00,
fcecb323-d229-498f-954e-1a4656ce06d7,monotonic_reads,network_partition,reader-1,read,mr-fcecb323-d229-498f-954e-1a4656ce06d7,,208,ONE,ALL,cassandra-1,True,False,2.423,2026-09-16T13:00:09.371286+00:00,
fcecb323-d229-498f-954e-1a4656ce06d7,monotonic_reads,network_partition,reader-1,read,mr-fcecb323-d229-498f-954e-1a4656ce06d7,,208,ONE,ALL,cassandra-2,True,False,3.204,2026-09-16T13:00:09.387145+00:00,
fcecb323-d229-498f-954e-1a4656ce06d7,monotonic_reads,network_partition,reader-1,read,mr-fcecb323-d229-498f-954e-1a4656ce06d7,,207,ONE,ALL,cassandra-3,True,True,1.728,2026-09-16T13:00:09.400328+00:00,
fcecb323-d229-498f-954e-1a4656ce06d7,monotonic_reads,network_partition,reader-1,read,mr-fcecb323-d229-498f-954e-1a4656ce06d7,,208,ONE,ALL,cassandra-1,True,False,3.854,2026-09-16T13:00:09.416500+00:00,
fcecb323-d229-498f-954e-1a4656ce06d7,monotonic_reads,network_partition,reader-1,read,mr-fcecb323-d229-498f-954e-1a4656ce06d7,,208,ONE,ALL,cassandra-2,True,False,3.977,2026-09-16T13:00:09.432433+00:00,
fcecb323-d229-498f-954e-1a4656ce06d7,monotonic_reads,network_partition,reader-1,read,mr-fcecb323-d229-498f-954e-1a4656ce06d7,,207,ONE,ALL,cassandra-3,True,True,3.155,2026-09-16T13:00:09.446768+00:00,
fcecb323-d229-498f-954e-1a4656ce06d7,monotonic_reads,network_partition,reader-1,read,mr-fcecb323-d229-498f-954e-1a4656ce06d7,,208,ONE,ALL,cassandra-1,True,False,3.154,2026-09-16T13:00:09.461811+00:00,
fcecb323-d229-498f-954e-1a4656ce06d7,monotonic_reads,network_partition,reader-1,read,mr-fcecb323-d229-498f-954e-1a4656ce06d7,,208,ONE,ALL,cassandra-2,True,False,2.23,2026-09-16T13:00:09.474874+00:00,
fcecb323-d229-498f-954e-1a4656ce06d7,monotonic_reads,network_partition,reader-1,read,mr-fcecb323-d229-498f-954e-1a4656ce06d7,,207,ONE,ALL,cassandra-3,True,True,2.549,2026-09-16T13:00:09.488171+00:00,
fcecb323-d229-498f-954e-1a4656ce06d7,monotonic_reads,network_partition,reader-1,read,mr-fcecb323-d229-498f-954e-1a4656ce06d7,,208,ONE,ALL,cassandra-1,True,False,3.304,2026-09-16T13:00:09.504243+00:00,
fcecb323-d229-498f-954e-1a4656ce06d7,monotonic_reads,network_partition,reader-1,read,mr-fcecb323-d229-498f-954e-1a4656ce06d7,,208,ONE,ALL,cassandra-2,True,False,3.856,2026-09-16T13:00:09.520806+00:00,
fcecb323-d229-498f-954e-1a4656ce06d7,monotonic_reads,network_partition,reader-1,read,mr-fcecb323-d229-498f-954e-1a4656ce06d7,,207,ONE,ALL,cassandra-3,True,True,2.818,2026-09-16T13:00:09.535052+00:00,
fcecb323-d229-498f-954e-1a4656ce06d7,monotonic_reads,network_partition,reader-1,read,mr-fcecb323-d229-498f-954e-1a4656ce06d7,,208,ONE,ALL,cassandra-1,True,False,3.17,2026-09-16T13:00:09.550335+00:00,
fcecb323-d229-498f-954e-1a4656ce06d7,monotonic_reads,network_partition,reader-1,read,mr-fcecb323-d229-498f-954e-1a4656ce06d7,,208,ONE,ALL,cassandra-2,True,False,3.713,2026-09-16T13:00:09.566746+00:00,
fcecb323-d229-498f-954e-1a4656ce06d7,monotonic_reads,network_partition,reader-1,read,mr-fcecb323-d229-498f-954e-1a4656ce06d7,,207,ONE,ALL,cassandra-3,True,True,2.966,2026-09-16T13:00:09.581843+00:00,
fcecb323-d229-498f-954e-1a4656ce06d7,monotonic_reads,network_partition,reader-1,read,mr-fcecb323-d229-498f-954e-1a4656ce06d7,,208,ONE,ALL,cassandra-1,True,False,3.402,2026-09-16T13:00:09.597033+00:00,
fcecb323-d229-498f-954e-1a4656ce06d7,monotonic_reads,network_partition,reader-1,read,mr-fcecb323-d229-498f-954e-1a4656ce06d7,,208,ONE,ALL,cassandra-2,True,False,1.965,2026-09-16T13:00:09.609451+00:00,
fcecb323-d229-498f-954e-1a4656ce06d7,monotonic_reads,network_partition,reader-1,read,mr-fcecb323-d229-498f-954e-1a4656ce06d7,,207,ONE,ALL,cassandra-3,True,True,2.947,2026-09-16T13:00:09.625013+00:00,
fcecb323-d229-498f-954e-1a4656ce06d7,monotonic_reads,network_partition,reader-1,read,mr-fcecb323-d229-498f-954e-1a4656ce06d7,,208,ONE,ALL,cassandra-1,True,False,2.629,2026-09-16T13:00:09.638370+00:00,
fcecb323-d229-498f-954e-1a4656ce06d7,monotonic_reads,network_partition,reader-1,read,mr-fcecb323-d229-498f-954e-1a4656ce06d7,,208,ONE,ALL,cassandra-2,True,False,2.508,2026-09-16T13:00:09.652996+00:00,
fcecb323-d229-498f-954e-1a4656ce06d7,monotonic_reads,network_partition,reader-1,read,mr-fcecb323-d229-498f-954e-1a4656ce06d7,,207,ONE,ALL,cassandra-3,True,True,2.726,2026-09-16T13:00:09.668375+00:00,
fcecb323-d229-498f-954e-1a4656ce06d7,monotonic_reads,network_partition,reader-1,read,mr-fcecb323-d229-498f-954e-1a4656ce06d7,,208,ONE,ALL,cassandra-1,True,False,1.838,2026-09-16T13:00:09.681036+00:00,
fcecb323-d229-498f-954e-1a4656ce06d7,monotonic_reads,network_partition,reader-1,read,mr-fcecb323-d229-498f-954e-1a4656ce06d7,,208,ONE,ALL,cassandra-2,True,False,1.719,2026-09-16T13:00:09.695469+00:00,
fcecb323-d229-498f-954e-1a4656ce06d7,monotonic_reads,network_partition,reader-1,read,mr-fcecb323-d229-498f-954e-1a4656ce06d7,,207,ONE,ALL,cassandra-3,True,True,1.933,2026-09-16T13:00:09.710831+00:00,
fcecb323-d229-498f-954e-1a4656ce06d7,monotonic_reads,network_partition,reader-1,read,mr-fcecb323-d229-498f-954e-1a4656ce06d7,,208,ONE,ALL,cassandra-1,True,False,2.479,2026-09-16T13:00:09.726636+00:00,
fcecb323-d229-498f-954e-1a4656ce06d7,monotonic_reads,network_partition,reader-1,read,mr-fcecb323-d229-498f-954e-1a4656ce06d7,,208,ONE,ALL,cassandra-2,True,False,2.02,2026-09-16T13:00:09.740914+00:00,
fcecb323-d229-498f-954e-1a4656ce06d7,monotonic_reads,network_partition,reader-1,read,mr-fcecb323-d229-498f-954e-1a4656ce06d7,,207,ONE,ALL,cassandra-3,True,True,1.876,2026-09-16T13:00:09.754840+00:00,
fcecb323-d229-498f-954e-1a4656ce06d7,monotonic_reads,network_partition,reader-1,read,mr-fcecb323-d229-498f-954e-1a4656ce06d7,,208,ONE,ALL,cassandra-1,True,False,1.575,2026-09-16T13:00:09.768561+00:00,
fcecb323-d229-498f-954e-1a4656ce06d7,monotonic_reads,network_partition,reader-1,read,mr-fcecb323-d229-498f-954e-1a4656ce06d7,,208,ONE,ALL,cassandra-2,True,False,1.596,2026-09-16T13:00:09.782795+00:00,
fcecb323-d229-498f-954e-1a4656ce06d7,monotonic_reads,network_partition,reader-1,read,mr-fcecb323-d229-498f-954e-1a4656ce06d7,,207,ONE,ALL,cassandra-3,True,True,2.445,2026-09-16T13:00:09.795533+00:00,
fcecb323-d229-498f-954e-1a4656ce06d7,monotonic_reads,network_partition,reader-1,read,mr-fcecb323-d229-498f-954e-1a4656ce06d7,,208,ONE,ALL,cassandra-1,True,False,1.638,2026-09-16T13:00:09.809897+00:00,
fcecb323-d229-498f-954e-1a4656ce06d7,monotonic_reads,network_partition,reader-1,read,mr-fcecb323-d229-498f-954e-1a4656ce06d7,,208,ONE,ALL,cassandra-2,True,False,1.692,2026-09-16T13:00:09.824267+00:00,
fcecb323-d229-498f-954e-1a4656ce06d7,monotonic_reads,network_partition,reader-1,read,mr-fcecb323-d229-498f-954e-1a4656ce06d7,,207,ONE,ALL,cassandra-3,True,True,1.319,2026-09-16T13:00:09.838316+00:00,
fcecb323-d229-498f-954e-1a4656ce06d7,monotonic_reads,network_partition,reader-1,read,mr-fcecb323-d229-498f-954e-1a4656ce06d7,,208,ONE,ALL,cassandra-1,True,False,1.568,2026-09-16T13:00:09.852614+00:00,
fcecb323-d229-498f-954e-1a4656ce06d7,monotonic_reads,network_partition,reader-1,read,mr-fcecb323-d229-498f-954e-1a4656ce06d7,,208,ONE,ALL,cassandra-2,True,False,1.504,2026-09-16T13:00:09.864362+00:00,
fcecb323-d229-498f-954e-1a4656ce06d7,monotonic_reads,network_partition,reader-1,read,mr-fcecb323-d229-498f-954e-1a4656ce06d7,,207,ONE,ALL,cassandra-3,True,True,1.647,2026-09-16T13:00:09.878687+00:00,
fcecb323-d229-498f-954e-1a4656ce06d7,monotonic_reads,network_partition,reader-1,read,mr-fcecb323-d229-498f-954e-1a4656ce06d7,,208,ONE,ALL,cassandra-1,True,False,1.53,2026-09-16T13:00:09.892860+00:00,
fcecb323-d229-498f-954e-1a4656ce06d7,monotonic_reads,network_partition,reader-1,read,mr-fcecb323-d229-498f-954e-1a4656ce06d7,,208,ONE,ALL,cassandra-2,True,False,2.777,2026-09-16T13:00:09.908316+00:00,
fcecb323-d229-498f-954e-1a4656ce06d7,monotonic_reads,network_partition,reader-1,read,mr-fcecb323-d229-498f-954e-1a4656ce06d7,,207,ONE,ALL,cassandra-3,True,True,2.024,2026-09-16T13:00:09.922862+00:00,
fcecb323-d229-498f-954e-1a4656ce06d7,monotonic_reads,network_partition,reader-1,read,mr-fcecb323-d229-498f-954e-1a4656ce06d7,,208,ONE,ALL,cassandra-1,True,False,2.077,2026-09-16T13:00:09.936819+00:00,
fcecb323-d229-498f-954e-1a4656ce06d7,monotonic_reads,network_partition,reader-1,read,mr-fcecb323-d229-498f-954e-1a4656ce06d7,,208,ONE,ALL,cassandra-2,True,False,2.151,2026-09-16T13:00:09.949825+00:00,
fcecb323-d229-498f-954e-1a4656ce06d7,monotonic_reads,network_partition,reader-1,read,mr-fcecb323-d229-498f-954e-1a4656ce06d7,,207,ONE,ALL,cassandra-3,True,True,2.186,2026-09-16T13:00:09.964167+00:00,
fcecb323-d229-498f-954e-1a4656ce06d7,monotonic_reads,network_partition,reader-1,read,mr-fcecb323-d229-498f-954e-1a4656ce06d7,,208,ONE,ALL,cassandra-1,True,False,2.385,2026-09-16T13:00:09.979302+00:00,
fcecb323-d229-498f-954e-1a4656ce06d7,monotonic_reads,network_partition,reader-1,read,mr-fcecb323-d229-498f-954e-1a4656ce06d7,,208,ONE,ALL,cassandra-2,True,False,3.142,2026-09-16T13:00:09.995197+00:00,
fcecb323-d229-498f-954e-1a4656ce06d7,monotonic_reads,network_partition,reader-1,read,mr-fcecb323-d229-498f-954e-1a4656ce06d7,,207,ONE,ALL,cassandra-3,True,True,3.477,2026-09-16T13:00:10.010350+00:00,
fcecb323-d229-498f-954e-1a4656ce06d7,monotonic_reads,network_partition,reader-1,read,mr-fcecb323-d229-498f-954e-1a4656ce06d7,,208,ONE,ALL,cassandra-1,True,False,2.938,2026-09-16T13:00:10.025802+00:00,
fcecb323-d229-498f-954e-1a4656ce06d7,monotonic_reads,network_partition,reader-1,read,mr-fcecb323-d229-498f-954e-1a4656ce06d7,,208,ONE,ALL,cassandra-2,True,False,4.315,2026-09-16T13:00:10.041697+00:00,
fcecb323-d229-498f-954e-1a4656ce06d7,monotonic_reads,network_partition,reader-1,read,mr-fcecb323-d229-498f-954e-1a4656ce06d7,,207,ONE,ALL,cassandra-3,True,True,3.408,2026-09-16T13:00:10.057281+00:00,
fcecb323-d229-498f-954e-1a4656ce06d7,monotonic_reads,network_partition,reader-1,read,mr-fcecb323-d229-498f-954e-1a4656ce06d7,,208,ONE,ALL,cassandra-1,True,False,1.948,2026-09-16T13:00:10.071782+00:00,
fcecb323-d229-498f-954e-1a4656ce06d7,monotonic_reads,network_partition,reader-1,read,mr-fcecb323-d229-498f-954e-1a4656ce06d7,,208,ONE,ALL,cassandra-2,True,False,3.448,2026-09-16T13:00:10.087440+00:00,
fcecb323-d229-498f-954e-1a4656ce06d7,monotonic_reads,network_partition,reader-1,read,mr-fcecb323-d229-498f-954e-1a4656ce06d7,,207,ONE,ALL,cassandra-3,True,True,3.866,2026-09-16T13:00:10.101785+00:00,
fcecb323-d229-498f-954e-1a4656ce06d7,monotonic_reads,network_partition,reader-1,read,mr-fcecb323-d229-498f-954e-1a4656ce06d7,,208,ONE,ALL,cassandra-1,True,False,2.879,2026-09-16T13:00:10.115131+00:00,
fcecb323-d229-498f-954e-1a4656ce06d7,monotonic_reads,network_partition,reader-1,read,mr-fcecb323-d229-498f-954e-1a4656ce06d7,,208,ONE,ALL,cassandra-2,True,False,3.132,2026-09-16T13:00:10.128749+00:00,
fcecb323-d229-498f-954e-1a4656ce06d7,monotonic_reads,network_partition,reader-1,read,mr-fcecb323-d229-498f-954e-1a4656ce06d7,,207,ONE,ALL,cassandra-3,True,True,3.684,2026-09-16T13:00:10.144300+00:00,
fcecb323-d229-498f-954e-1a4656ce06d7,monotonic_reads,network_partition,reader-1,read,mr-fcecb323-d229-498f-954e-1a4656ce06d7,,208,ONE,ALL,cassandra-1,True,False,3.343,2026-09-16T13:00:10.159950+00:00,
fcecb323-d229-498f-954e-1a4656ce06d7,monotonic_reads,network_partition,reader-1,read,mr-fcecb323-d229-498f-954e-1a4656ce06d7,,208,ONE,ALL,cassandra-2,True,False,4.05,2026-09-16T13:00:10.175566+00:00,
fcecb323-d229-498f-954e-1a4656ce06d7,monotonic_reads,network_partition,reader-1,read,mr-fcecb323-d229-498f-954e-1a4656ce06d7,,207,ONE,ALL,cassandra-3,True,True,3.366,2026-09-16T13:00:10.189493+00:00,
fcecb323-d229-498f-954e-1a4656ce06d7,monotonic_reads,network_partition,reader-1,read,mr-fcecb323-d229-498f-954e-1a4656ce06d7,,208,ONE,ALL,cassandra-1,True,False,3.102,2026-09-16T13:00:10.204714+00:00,
fcecb323-d229-498f-954e-1a4656ce06d7,monotonic_reads,network_partition,reader-1,read,mr-fcecb323-d229-498f-954e-1a4656ce06d7,,208,ONE,ALL,cassandra-2,True,False,3.477,2026-09-16T13:00:10.220940+00:00,
fcecb323-d229-498f-954e-1a4656ce06d7,monotonic_reads,network_partition,reader-1,read,mr-fcecb323-d229-498f-954e-1a4656ce06d7,,207,ONE,ALL,cassandra-3,True,True,3.06,2026-09-16T13:00:10.235295+00:00,
fcecb323-d229-498f-954e-1a4656ce06d7,monotonic_reads,network_partition,reader-1,read,mr-fcecb323-d229-498f-954e-1a4656ce06d7,,208,ONE,ALL,cassandra-1,True,False,4.459,2026-09-16T13:00:10.250984+00:00,
fcecb323-d229-498f-954e-1a4656ce06d7,monotonic_reads,network_partition,reader-1,read,mr-fcecb323-d229-498f-954e-1a4656ce06d7,,208,ONE,ALL,cassandra-2,True,False,3.579,2026-09-16T13:00:10.265190+00:00,
fcecb323-d229-498f-954e-1a4656ce06d7,monotonic_reads,network_partition,reader-1,read,mr-fcecb323-d229-498f-954e-1a4656ce06d7,,207,ONE,ALL,cassandra-3,True,True,3.025,2026-09-16T13:00:10.278502+00:00,
fcecb323-d229-498f-954e-1a4656ce06d7,monotonic_reads,network_partition,reader-1,read,mr-fcecb323-d229-498f-954e-1a4656ce06d7,,208,ONE,ALL,cassandra-1,True,False,3.005,2026-09-16T13:00:10.294164+00:00,
fcecb323-d229-498f-954e-1a4656ce06d7,monotonic_reads,network_partition,reader-1,read,mr-fcecb323-d229-498f-954e-1a4656ce06d7,,208,ONE,ALL,cassandra-2,True,False,3.439,2026-09-16T13:00:10.307927+00:00,
fcecb323-d229-498f-954e-1a4656ce06d7,monotonic_reads,network_partition,reader-1,read,mr-fcecb323-d229-498f-954e-1a4656ce06d7,,207,ONE,ALL,cassandra-3,True,True,3.614,2026-09-16T13:00:10.323224+00:00,
fcecb323-d229-498f-954e-1a4656ce06d7,monotonic_reads,network_partition,reader-1,read,mr-fcecb323-d229-498f-954e-1a4656ce06d7,,208,ONE,ALL,cassandra-1,True,False,3.28,2026-09-16T13:00:10.339202+00:00,
fcecb323-d229-498f-954e-1a4656ce06d7,monotonic_reads,network_partition,reader-1,read,mr-fcecb323-d229-498f-954e-1a4656ce06d7,,208,ONE,ALL,cassandra-2,True,False,2.638,2026-09-16T13:00:10.354234+00:00,
fcecb323-d229-498f-954e-1a4656ce06d7,monotonic_reads,network_partition,reader-1,read,mr-fcecb323-d229-498f-954e-1a4656ce06d7,,207,ONE,ALL,cassandra-3,True,True,2.851,2026-09-16T13:00:10.368948+00:00,
fcecb323-d229-498f-954e-1a4656ce06d7,monotonic_reads,network_partition,reader-1,read,mr-fcecb323-d229-498f-954e-1a4656ce06d7,,208,ONE,ALL,cassandra-1,True,False,4.046,2026-09-16T13:00:10.385672+00:00,
fcecb323-d229-498f-954e-1a4656ce06d7,monotonic_reads,network_partition,reader-1,read,mr-fcecb323-d229-498f-954e-1a4656ce06d7,,208,ONE,ALL,cassandra-2,True,False,4.159,2026-09-16T13:00:10.402516+00:00,
fcecb323-d229-498f-954e-1a4656ce06d7,monotonic_reads,network_partition,reader-1,read,mr-fcecb323-d229-498f-954e-1a4656ce06d7,,207,ONE,ALL,cassandra-3,True,True,4.25,2026-09-16T13:00:10.417298+00:00,
fcecb323-d229-498f-954e-1a4656ce06d7,monotonic_reads,network_partition,reader-1,read,mr-fcecb323-d229-498f-954e-1a4656ce06d7,,208,ONE,ALL,cassandra-1,True,False,3.365,2026-09-16T13:00:10.432965+00:00,
fcecb323-d229-498f-954e-1a4656ce06d7,monotonic_reads,network_partition,reader-1,read,mr-fcecb323-d229-498f-954e-1a4656ce06d7,,208,ONE,ALL,cassandra-2,True,False,2.65,2026-09-16T13:00:10.446967+00:00,
fcecb323-d229-498f-954e-1a4656ce06d7,monotonic_reads,network_partition,reader-1,read,mr-fcecb323-d229-498f-954e-1a4656ce06d7,,207,ONE,ALL,cassandra-3,True,True,3.086,2026-09-16T13:00:10.460680+00:00,
fcecb323-d229-498f-954e-1a4656ce06d7,monotonic_reads,network_partition,reader-1,read,mr-fcecb323-d229-498f-954e-1a4656ce06d7,,208,ONE,ALL,cassandra-1,True,False,3.203,2026-09-16T13:00:10.475420+00:00,
fcecb323-d229-498f-954e-1a4656ce06d7,monotonic_reads,network_partition,reader-1,read,mr-fcecb323-d229-498f-954e-1a4656ce06d7,,208,ONE,ALL,cassandra-2,True,False,3.553,2026-09-16T13:00:10.490106+00:00,
fcecb323-d229-498f-954e-1a4656ce06d7,monotonic_reads,network_partition,reader-1,read,mr-fcecb323-d229-498f-954e-1a4656ce06d7,,207,ONE,ALL,cassandra-3,True,True,3.497,2026-09-16T13:00:10.506205+00:00,
fcecb323-d229-498f-954e-1a4656ce06d7,monotonic_reads,network_partition,reader-1,read,mr-fcecb323-d229-498f-954e-1a4656ce06d7,,208,ONE,ALL,cassandra-1,True,False,3.542,2026-09-16T13:00:10.520148+00:00,
fcecb323-d229-498f-954e-1a4656ce06d7,monotonic_reads,network_partition,reader-1,read,mr-fcecb323-d229-498f-954e-1a4656ce06d7,,208,ONE,ALL,cassandra-2,True,False,3.282,2026-09-16T13:00:10.536128+00:00,
fcecb323-d229-498f-954e-1a4656ce06d7,monotonic_reads,network_partition,reader-1,read,mr-fcecb323-d229-498f-954e-1a4656ce06d7,,207,ONE,ALL,cassandra-3,True,True,3.691,2026-09-16T13:00:10.550318+00:00,
fcecb323-d229-498f-954e-1a4656ce06d7,monotonic_reads,network_partition,reader-1,read,mr-fcecb323-d229-498f-954e-1a4656ce06d7,,208,ONE,ALL,cassandra-1,True,False,3.048,2026-09-16T13:00:10.563654+00:00,
fcecb323-d229-498f-954e-1a4656ce06d7,monotonic_reads,network_partition,reader-1,read,mr-fcecb323-d229-498f-954e-1a4656ce06d7,,208,ONE,ALL,cassandra-2,True,False,3.602,2026-09-16T13:00:10.579247+00:00,
fcecb323-d229-498f-954e-1a4656ce06d7,monotonic_reads,network_partition,reader-1,read,mr-fcecb323-d229-498f-954e-1a4656ce06d7,,207,ONE,ALL,cassandra-3,True,True,3.985,2026-09-16T13:00:10.593516+00:00,
fcecb323-d229-498f-954e-1a4656ce06d7,monotonic_reads,network_partition,reader-1,read,mr-fcecb323-d229-498f-954e-1a4656ce06d7,,208,ONE,ALL,cassandra-1,True,False,2.886,2026-09-16T13:00:10.607188+00:00,
fcecb323-d229-498f-954e-1a4656ce06d7,monotonic_reads,network_partition,reader-1,read,mr-fcecb323-d229-498f-954e-1a4656ce06d7,,208,ONE,ALL,cassandra-2,True,False,3.132,2026-09-16T13:00:10.620733+00:00,
fcecb323-d229-498f-954e-1a4656ce06d7,monotonic_reads,network_partition,reader-1,read,mr-fcecb323-d229-498f-954e-1a4656ce06d7,,207,ONE,ALL,cassandra-3,True,True,3.662,2026-09-16T13:00:10.636771+00:00,
fcecb323-d229-498f-954e-1a4656ce06d7,monotonic_reads,network_partition,reader-1,read,mr-fcecb323-d229-498f-954e-1a4656ce06d7,,208,ONE,ALL,cassandra-1,True,False,4.035,2026-09-16T13:00:10.652441+00:00,
fcecb323-d229-498f-954e-1a4656ce06d7,monotonic_reads,network_partition,reader-1,read,mr-fcecb323-d229-498f-954e-1a4656ce06d7,,208,ONE,ALL,cassandra-2,True,False,4.568,2026-09-16T13:00:10.669865+00:00,
fcecb323-d229-498f-954e-1a4656ce06d7,monotonic_reads,network_partition,reader-1,read,mr-fcecb323-d229-498f-954e-1a4656ce06d7,,207,ONE,ALL,cassandra-3,True,True,4.003,2026-09-16T13:00:10.685535+00:00,
fcecb323-d229-498f-954e-1a4656ce06d7,monotonic_reads,network_partition,reader-1,read,mr-fcecb323-d229-498f-954e-1a4656ce06d7,,208,ONE,ALL,cassandra-1,True,False,4.428,2026-09-16T13:00:10.701433+00:00,
fcecb323-d229-498f-954e-1a4656ce06d7,monotonic_reads,network_partition,reader-1,read,mr-fcecb323-d229-498f-954e-1a4656ce06d7,,208,ONE,ALL,cassandra-2,True,False,7.386,2026-09-16T13:00:10.720286+00:00,
fcecb323-d229-498f-954e-1a4656ce06d7,monotonic_reads,network_partition,reader-1,read,mr-fcecb323-d229-498f-954e-1a4656ce06d7,,207,ONE,ALL,cassandra-3,True,True,1.996,2026-09-16T13:00:10.734044+00:00,
fcecb323-d229-498f-954e-1a4656ce06d7,monotonic_reads,network_partition,reader-1,read,mr-fcecb323-d229-498f-954e-1a4656ce06d7,,208,ONE,ALL,cassandra-1,True,False,1.381,2026-09-16T13:00:10.746441+00:00,
fcecb323-d229-498f-954e-1a4656ce06d7,monotonic_reads,network_partition,reader-1,read,mr-fcecb323-d229-498f-954e-1a4656ce06d7,,208,ONE,ALL,cassandra-2,True,False,1.751,2026-09-16T13:00:10.760810+00:00,
fcecb323-d229-498f-954e-1a4656ce06d7,monotonic_reads,network_partition,reader-1,read,mr-fcecb323-d229-498f-954e-1a4656ce06d7,,207,ONE,ALL,cassandra-3,True,True,1.579,2026-09-16T13:00:10.773955+00:00,
fcecb323-d229-498f-954e-1a4656ce06d7,monotonic_reads,network_partition,reader-1,read,mr-fcecb323-d229-498f-954e-1a4656ce06d7,,208,ONE,ALL,cassandra-1,True,False,1.962,2026-09-16T13:00:10.787487+00:00,
fcecb323-d229-498f-954e-1a4656ce06d7,monotonic_reads,network_partition,reader-1,read,mr-fcecb323-d229-498f-954e-1a4656ce06d7,,208,ONE,ALL,cassandra-2,True,False,1.589,2026-09-16T13:00:10.801681+00:00,
fcecb323-d229-498f-954e-1a4656ce06d7,monotonic_reads,network_partition,reader-1,read,mr-fcecb323-d229-498f-954e-1a4656ce06d7,,207,ONE,ALL,cassandra-3,True,True,1.493,2026-09-16T13:00:10.815819+00:00,
fcecb323-d229-498f-954e-1a4656ce06d7,monotonic_reads,network_partition,reader-1,read,mr-fcecb323-d229-498f-954e-1a4656ce06d7,,208,ONE,ALL,cassandra-1,True,False,1.475,2026-09-16T13:00:10.829979+00:00,
fcecb323-d229-498f-954e-1a4656ce06d7,monotonic_reads,network_partition,reader-1,read,mr-fcecb323-d229-498f-954e-1a4656ce06d7,,208,ONE,ALL,cassandra-2,True,False,1.296,2026-09-16T13:00:10.843958+00:00,
fcecb323-d229-498f-954e-1a4656ce06d7,monotonic_reads,network_partition,reader-1,read,mr-fcecb323-d229-498f-954e-1a4656ce06d7,,207,ONE,ALL,cassandra-3,True,True,1.762,2026-09-16T13:00:10.858000+00:00,
fcecb323-d229-498f-954e-1a4656ce06d7,monotonic_reads,network_partition,reader-1,read,mr-fcecb323-d229-498f-954e-1a4656ce06d7,,208,ONE,ALL,cassandra-1,True,False,1.953,2026-09-16T13:00:10.872046+00:00,
fcecb323-d229-498f-954e-1a4656ce06d7,monotonic_reads,network_partition,reader-1,read,mr-fcecb323-d229-498f-954e-1a4656ce06d7,,208,ONE,ALL,cassandra-2,True,False,2.011,2026-09-16T13:00:10.886999+00:00,
fcecb323-d229-498f-954e-1a4656ce06d7,monotonic_reads,network_partition,reader-1,read,mr-fcecb323-d229-498f-954e-1a4656ce06d7,,207,ONE,ALL,cassandra-3,True,True,2.188,2026-09-16T13:00:10.900559+00:00,
fcecb323-d229-498f-954e-1a4656ce06d7,monotonic_reads,network_partition,reader-1,read,mr-fcecb323-d229-498f-954e-1a4656ce06d7,,208,ONE,ALL,cassandra-1,True,False,2.733,2026-09-16T13:00:10.915821+00:00,
fcecb323-d229-498f-954e-1a4656ce06d7,monotonic_reads,network_partition,reader-1,read,mr-fcecb323-d229-498f-954e-1a4656ce06d7,,208,ONE,ALL,cassandra-2,True,False,3.037,2026-09-16T13:00:10.930704+00:00,
fcecb323-d229-498f-954e-1a4656ce06d7,monotonic_reads,network_partition,reader-1,read,mr-fcecb323-d229-498f-954e-1a4656ce06d7,,207,ONE,ALL,cassandra-3,True,True,2.661,2026-09-16T13:00:10.945502+00:00,
fcecb323-d229-498f-954e-1a4656ce06d7,monotonic_reads,network_partition,reader-1,read,mr-fcecb323-d229-498f-954e-1a4656ce06d7,,208,ONE,ALL,cassandra-1,True,False,5.049,2026-09-16T13:00:10.963151+00:00,
fcecb323-d229-498f-954e-1a4656ce06d7,monotonic_reads,network_partition,reader-1,read,mr-fcecb323-d229-498f-954e-1a4656ce06d7,,208,ONE,ALL,cassandra-2,True,False,2.921,2026-09-16T13:00:10.977905+00:00,
fcecb323-d229-498f-954e-1a4656ce06d7,monotonic_reads,network_partition,reader-1,read,mr-fcecb323-d229-498f-954e-1a4656ce06d7,,207,ONE,ALL,cassandra-3,True,True,3.881,2026-09-16T13:00:10.993408+00:00,
fcecb323-d229-498f-954e-1a4656ce06d7,monotonic_reads,network_partition,reader-1,read,mr-fcecb323-d229-498f-954e-1a4656ce06d7,,208,ONE,ALL,cassandra-1,True,False,3.91,2026-09-16T13:00:11.009542+00:00,
fcecb323-d229-498f-954e-1a4656ce06d7,monotonic_reads,network_partition,reader-1,read,mr-fcecb323-d229-498f-954e-1a4656ce06d7,,208,ONE,ALL,cassandra-2,True,False,3.273,2026-09-16T13:00:11.025567+00:00,
fcecb323-d229-498f-954e-1a4656ce06d7,monotonic_reads,network_partition,reader-1,read,mr-fcecb323-d229-498f-954e-1a4656ce06d7,,207,ONE,ALL,cassandra-3,True,True,3.808,2026-09-16T13:00:11.041334+00:00,
fcecb323-d229-498f-954e-1a4656ce06d7,monotonic_reads,network_partition,reader-1,read,mr-fcecb323-d229-498f-954e-1a4656ce06d7,,208,ONE,ALL,cassandra-1,True,False,2.152,2026-09-16T13:00:11.056265+00:00,
fcecb323-d229-498f-954e-1a4656ce06d7,monotonic_reads,network_partition,reader-1,read,mr-fcecb323-d229-498f-954e-1a4656ce06d7,,208,ONE,ALL,cassandra-2,True,False,2.037,2026-09-16T13:00:11.070883+00:00,
fcecb323-d229-498f-954e-1a4656ce06d7,monotonic_reads,network_partition,reader-1,read,mr-fcecb323-d229-498f-954e-1a4656ce06d7,,207,ONE,ALL,cassandra-3,True,True,3.908,2026-09-16T13:00:11.086769+00:00,
fcecb323-d229-498f-954e-1a4656ce06d7,monotonic_reads,network_partition,reader-1,read,mr-fcecb323-d229-498f-954e-1a4656ce06d7,,208,ONE,ALL,cassandra-1,True,False,3.244,2026-09-16T13:00:11.102210+00:00,
fcecb323-d229-498f-954e-1a4656ce06d7,monotonic_reads,network_partition,reader-1,read,mr-fcecb323-d229-498f-954e-1a4656ce06d7,,208,ONE,ALL,cassandra-2,True,False,3.557,2026-09-16T13:00:11.118493+00:00,
fcecb323-d229-498f-954e-1a4656ce06d7,monotonic_reads,network_partition,reader-1,read,mr-fcecb323-d229-498f-954e-1a4656ce06d7,,207,ONE,ALL,cassandra-3,True,True,2.915,2026-09-16T13:00:11.133880+00:00,
fcecb323-d229-498f-954e-1a4656ce06d7,monotonic_reads,network_partition,reader-1,read,mr-fcecb323-d229-498f-954e-1a4656ce06d7,,208,ONE,ALL,cassandra-1,True,False,3.494,2026-09-16T13:00:11.149094+00:00,
fcecb323-d229-498f-954e-1a4656ce06d7,monotonic_reads,network_partition,reader-1,read,mr-fcecb323-d229-498f-954e-1a4656ce06d7,,208,ONE,ALL,cassandra-2,True,False,3.743,2026-09-16T13:00:11.164884+00:00,
fcecb323-d229-498f-954e-1a4656ce06d7,monotonic_reads,network_partition,reader-1,read,mr-fcecb323-d229-498f-954e-1a4656ce06d7,,207,ONE,ALL,cassandra-3,True,True,4.037,2026-09-16T13:00:11.181699+00:00,
fcecb323-d229-498f-954e-1a4656ce06d7,monotonic_reads,network_partition,reader-1,read,mr-fcecb323-d229-498f-954e-1a4656ce06d7,,208,ONE,ALL,cassandra-1,True,False,4.139,2026-09-16T13:00:11.198120+00:00,
fcecb323-d229-498f-954e-1a4656ce06d7,monotonic_reads,network_partition,reader-1,read,mr-fcecb323-d229-498f-954e-1a4656ce06d7,,208,ONE,ALL,cassandra-2,True,False,3.818,2026-09-16T13:00:11.213426+00:00,
fcecb323-d229-498f-954e-1a4656ce06d7,monotonic_reads,network_partition,reader-1,read,mr-fcecb323-d229-498f-954e-1a4656ce06d7,,207,ONE,ALL,cassandra-3,True,True,3.392,2026-09-16T13:00:11.229529+00:00,
fcecb323-d229-498f-954e-1a4656ce06d7,monotonic_reads,network_partition,reader-1,read,mr-fcecb323-d229-498f-954e-1a4656ce06d7,,208,ONE,ALL,cassandra-1,True,False,3.815,2026-09-16T13:00:11.245429+00:00,
fcecb323-d229-498f-954e-1a4656ce06d7,monotonic_reads,network_partition,reader-1,read,mr-fcecb323-d229-498f-954e-1a4656ce06d7,,208,ONE,ALL,cassandra-2,True,False,3.876,2026-09-16T13:00:11.261895+00:00,
fcecb323-d229-498f-954e-1a4656ce06d7,monotonic_reads,network_partition,reader-1,read,mr-fcecb323-d229-498f-954e-1a4656ce06d7,,207,ONE,ALL,cassandra-3,True,True,3.49,2026-09-16T13:00:11.278040+00:00,
fcecb323-d229-498f-954e-1a4656ce06d7,monotonic_reads,network_partition,reader-1,read,mr-fcecb323-d229-498f-954e-1a4656ce06d7,,208,ONE,ALL,cassandra-1,True,False,3.233,2026-09-16T13:00:11.293968+00:00,
fcecb323-d229-498f-954e-1a4656ce06d7,monotonic_reads,network_partition,reader-1,read,mr-fcecb323-d229-498f-954e-1a4656ce06d7,,208,ONE,ALL,cassandra-2,True,False,2.984,2026-09-16T13:00:11.307455+00:00,
fcecb323-d229-498f-954e-1a4656ce06d7,monotonic_reads,network_partition,reader-1,read,mr-fcecb323-d229-498f-954e-1a4656ce06d7,,207,ONE,ALL,cassandra-3,True,True,3.358,2026-09-16T13:00:11.323352+00:00,
fcecb323-d229-498f-954e-1a4656ce06d7,monotonic_reads,network_partition,reader-1,read,mr-fcecb323-d229-498f-954e-1a4656ce06d7,,208,ONE,ALL,cassandra-1,True,False,4.032,2026-09-16T13:00:11.340102+00:00,
fcecb323-d229-498f-954e-1a4656ce06d7,monotonic_reads,network_partition,reader-1,read,mr-fcecb323-d229-498f-954e-1a4656ce06d7,,208,ONE,ALL,cassandra-2,True,False,3.109,2026-09-16T13:00:11.355970+00:00,
fcecb323-d229-498f-954e-1a4656ce06d7,monotonic_reads,network_partition,reader-1,read,mr-fcecb323-d229-498f-954e-1a4656ce06d7,,207,ONE,ALL,cassandra-3,True,True,2.551,2026-09-16T13:00:11.369137+00:00,
fcecb323-d229-498f-954e-1a4656ce06d7,monotonic_reads,network_partition,reader-1,read,mr-fcecb323-d229-498f-954e-1a4656ce06d7,,208,ONE,ALL,cassandra-1,True,False,4.538,2026-09-16T13:00:11.385730+00:00,
fcecb323-d229-498f-954e-1a4656ce06d7,monotonic_reads,network_partition,reader-1,read,mr-fcecb323-d229-498f-954e-1a4656ce06d7,,208,ONE,ALL,cassandra-2,True,False,1.765,2026-09-16T13:00:11.397711+00:00,
fcecb323-d229-498f-954e-1a4656ce06d7,monotonic_reads,network_partition,reader-1,read,mr-fcecb323-d229-498f-954e-1a4656ce06d7,,207,ONE,ALL,cassandra-3,True,True,3.925,2026-09-16T13:00:11.413452+00:00,
fcecb323-d229-498f-954e-1a4656ce06d7,monotonic_reads,network_partition,reader-1,read,mr-fcecb323-d229-498f-954e-1a4656ce06d7,,208,ONE,ALL,cassandra-1,True,False,3.077,2026-09-16T13:00:11.429251+00:00,
fcecb323-d229-498f-954e-1a4656ce06d7,monotonic_reads,network_partition,reader-1,read,mr-fcecb323-d229-498f-954e-1a4656ce06d7,,208,ONE,ALL,cassandra-2,True,False,3.202,2026-09-16T13:00:11.445132+00:00,
fcecb323-d229-498f-954e-1a4656ce06d7,monotonic_reads,network_partition,reader-1,read,mr-fcecb323-d229-498f-954e-1a4656ce06d7,,207,ONE,ALL,cassandra-3,True,True,3.38,2026-09-16T13:00:11.458966+00:00,
fcecb323-d229-498f-954e-1a4656ce06d7,monotonic_reads,network_partition,reader-1,read,mr-fcecb323-d229-498f-954e-1a4656ce06d7,,208,ONE,ALL,cassandra-1,True,False,2.908,2026-09-16T13:00:11.472093+00:00,
fcecb323-d229-498f-954e-1a4656ce06d7,monotonic_reads,network_partition,reader-1,read,mr-fcecb323-d229-498f-954e-1a4656ce06d7,,208,ONE,ALL,cassandra-2,True,False,3.126,2026-09-16T13:00:11.486636+00:00,
fcecb323-d229-498f-954e-1a4656ce06d7,monotonic_reads,network_partition,reader-1,read,mr-fcecb323-d229-498f-954e-1a4656ce06d7,,207,ONE,ALL,cassandra-3,True,True,3.996,2026-09-16T13:00:11.502983+00:00,
fcecb323-d229-498f-954e-1a4656ce06d7,monotonic_reads,network_partition,reader-1,read,mr-fcecb323-d229-498f-954e-1a4656ce06d7,,208,ONE,ALL,cassandra-1,True,False,3.222,2026-09-16T13:00:11.517679+00:00,
fcecb323-d229-498f-954e-1a4656ce06d7,monotonic_reads,network_partition,reader-1,read,mr-fcecb323-d229-498f-954e-1a4656ce06d7,,208,ONE,ALL,cassandra-2,True,False,3.508,2026-09-16T13:00:11.533900+00:00,
fcecb323-d229-498f-954e-1a4656ce06d7,monotonic_reads,network_partition,reader-1,read,mr-fcecb323-d229-498f-954e-1a4656ce06d7,,207,ONE,ALL,cassandra-3,True,True,3.733,2026-09-16T13:00:11.550218+00:00,
fcecb323-d229-498f-954e-1a4656ce06d7,monotonic_reads,network_partition,reader-1,read,mr-fcecb323-d229-498f-954e-1a4656ce06d7,,208,ONE,ALL,cassandra-1,True,False,2.886,2026-09-16T13:00:11.563874+00:00,
fcecb323-d229-498f-954e-1a4656ce06d7,monotonic_reads,network_partition,reader-1,read,mr-fcecb323-d229-498f-954e-1a4656ce06d7,,208,ONE,ALL,cassandra-2,True,False,2.705,2026-09-16T13:00:11.578305+00:00,
fcecb323-d229-498f-954e-1a4656ce06d7,monotonic_reads,network_partition,reader-1,read,mr-fcecb323-d229-498f-954e-1a4656ce06d7,,207,ONE,ALL,cassandra-3,True,True,3.269,2026-09-16T13:00:11.591846+00:00,
fcecb323-d229-498f-954e-1a4656ce06d7,monotonic_reads,network_partition,reader-1,read,mr-fcecb323-d229-498f-954e-1a4656ce06d7,,208,ONE,ALL,cassandra-1,True,False,3.641,2026-09-16T13:00:11.606260+00:00,
fcecb323-d229-498f-954e-1a4656ce06d7,monotonic_reads,network_partition,reader-1,read,mr-fcecb323-d229-498f-954e-1a4656ce06d7,,208,ONE,ALL,cassandra-2,True,False,3.767,2026-09-16T13:00:11.621939+00:00,
fcecb323-d229-498f-954e-1a4656ce06d7,monotonic_reads,network_partition,reader-1,read,mr-fcecb323-d229-498f-954e-1a4656ce06d7,,207,ONE,ALL,cassandra-3,True,True,3.664,2026-09-16T13:00:11.638412+00:00,
fcecb323-d229-498f-954e-1a4656ce06d7,monotonic_reads,network_partition,reader-1,read,mr-fcecb323-d229-498f-954e-1a4656ce06d7,,208,ONE,ALL,cassandra-1,True,False,3.354,2026-09-16T13:00:11.652873+00:00,
fcecb323-d229-498f-954e-1a4656ce06d7,monotonic_reads,network_partition,reader-1,read,mr-fcecb323-d229-498f-954e-1a4656ce06d7,,208,ONE,ALL,cassandra-2,True,False,3.144,2026-09-16T13:00:11.668730+00:00,
fcecb323-d229-498f-954e-1a4656ce06d7,monotonic_reads,network_partition,reader-1,read,mr-fcecb323-d229-498f-954e-1a4656ce06d7,,207,ONE,ALL,cassandra-3,True,True,4.026,2026-09-16T13:00:11.685465+00:00,
fcecb323-d229-498f-954e-1a4656ce06d7,monotonic_reads,network_partition,reader-1,read,mr-fcecb323-d229-498f-954e-1a4656ce06d7,,208,ONE,ALL,cassandra-1,True,False,4.856,2026-09-16T13:00:11.700858+00:00,
fcecb323-d229-498f-954e-1a4656ce06d7,monotonic_reads,network_partition,reader-1,read,mr-fcecb323-d229-498f-954e-1a4656ce06d7,,208,ONE,ALL,cassandra-2,True,False,1.924,2026-09-16T13:00:11.714134+00:00,
fcecb323-d229-498f-954e-1a4656ce06d7,monotonic_reads,network_partition,reader-1,read,mr-fcecb323-d229-498f-954e-1a4656ce06d7,,207,ONE,ALL,cassandra-3,True,True,3.872,2026-09-16T13:00:11.729904+00:00,
fcecb323-d229-498f-954e-1a4656ce06d7,monotonic_reads,network_partition,reader-1,read,mr-fcecb323-d229-498f-954e-1a4656ce06d7,,208,ONE,ALL,cassandra-1,True,False,3.372,2026-09-16T13:00:11.745984+00:00,
fcecb323-d229-498f-954e-1a4656ce06d7,monotonic_reads,network_partition,reader-1,read,mr-fcecb323-d229-498f-954e-1a4656ce06d7,,208,ONE,ALL,cassandra-2,True,False,1.807,2026-09-16T13:00:11.759376+00:00,
fcecb323-d229-498f-954e-1a4656ce06d7,monotonic_reads,network_partition,reader-1,read,mr-fcecb323-d229-498f-954e-1a4656ce06d7,,207,ONE,ALL,cassandra-3,True,True,3.913,2026-09-16T13:00:11.775950+00:00,
fcecb323-d229-498f-954e-1a4656ce06d7,monotonic_reads,network_partition,reader-1,read,mr-fcecb323-d229-498f-954e-1a4656ce06d7,,208,ONE,ALL,cassandra-1,True,False,3.005,2026-09-16T13:00:11.790517+00:00,
fcecb323-d229-498f-954e-1a4656ce06d7,monotonic_reads,network_partition,reader-1,read,mr-fcecb323-d229-498f-954e-1a4656ce06d7,,208,ONE,ALL,cassandra-2,True,False,2.941,2026-09-16T13:00:11.805130+00:00,
fcecb323-d229-498f-954e-1a4656ce06d7,monotonic_reads,network_partition,reader-1,read,mr-fcecb323-d229-498f-954e-1a4656ce06d7,,207,ONE,ALL,cassandra-3,True,True,3.036,2026-09-16T13:00:11.819622+00:00,
fcecb323-d229-498f-954e-1a4656ce06d7,monotonic_reads,network_partition,reader-1,read,mr-fcecb323-d229-498f-954e-1a4656ce06d7,,208,ONE,ALL,cassandra-1,True,False,2.927,2026-09-16T13:00:11.834212+00:00,
fcecb323-d229-498f-954e-1a4656ce06d7,monotonic_reads,network_partition,reader-1,read,mr-fcecb323-d229-498f-954e-1a4656ce06d7,,208,ONE,ALL,cassandra-2,True,False,4.195,2026-09-16T13:00:11.849802+00:00,
fcecb323-d229-498f-954e-1a4656ce06d7,monotonic_reads,network_partition,reader-1,read,mr-fcecb323-d229-498f-954e-1a4656ce06d7,,207,ONE,ALL,cassandra-3,True,True,3.843,2026-09-16T13:00:11.865464+00:00,
fcecb323-d229-498f-954e-1a4656ce06d7,monotonic_reads,network_partition,reader-1,read,mr-fcecb323-d229-498f-954e-1a4656ce06d7,,208,ONE,ALL,cassandra-1,True,False,3.706,2026-09-16T13:00:11.881311+00:00,
fcecb323-d229-498f-954e-1a4656ce06d7,monotonic_reads,network_partition,reader-1,read,mr-fcecb323-d229-498f-954e-1a4656ce06d7,,208,ONE,ALL,cassandra-2,True,False,3.494,2026-09-16T13:00:11.895722+00:00,
fcecb323-d229-498f-954e-1a4656ce06d7,monotonic_reads,network_partition,reader-1,read,mr-fcecb323-d229-498f-954e-1a4656ce06d7,,207,ONE,ALL,cassandra-3,True,True,3.654,2026-09-16T13:00:11.912102+00:00,
fcecb323-d229-498f-954e-1a4656ce06d7,monotonic_reads,network_partition,reader-1,read,mr-fcecb323-d229-498f-954e-1a4656ce06d7,,208,ONE,ALL,cassandra-1,True,False,3.367,2026-09-16T13:00:11.926056+00:00,
fcecb323-d229-498f-954e-1a4656ce06d7,monotonic_reads,network_partition,reader-1,read,mr-fcecb323-d229-498f-954e-1a4656ce06d7,,208,ONE,ALL,cassandra-2,True,False,4.891,2026-09-16T13:00:11.943487+00:00,
fcecb323-d229-498f-954e-1a4656ce06d7,monotonic_reads,network_partition,reader-1,read,mr-fcecb323-d229-498f-954e-1a4656ce06d7,,207,ONE,ALL,cassandra-3,True,True,4.09,2026-09-16T13:00:11.959732+00:00,
fcecb323-d229-498f-954e-1a4656ce06d7,monotonic_reads,network_partition,reader-1,read,mr-fcecb323-d229-498f-954e-1a4656ce06d7,,208,ONE,ALL,cassandra-1,True,False,3.733,2026-09-16T13:00:11.975831+00:00,
fcecb323-d229-498f-954e-1a4656ce06d7,monotonic_reads,network_partition,reader-1,read,mr-fcecb323-d229-498f-954e-1a4656ce06d7,,208,ONE,ALL,cassandra-2,True,False,3.81,2026-09-16T13:00:11.990300+00:00,
fcecb323-d229-498f-954e-1a4656ce06d7,monotonic_reads,network_partition,reader-1,read,mr-fcecb323-d229-498f-954e-1a4656ce06d7,,207,ONE,ALL,cassandra-3,True,True,3.764,2026-09-16T13:00:12.006836+00:00,
fcecb323-d229-498f-954e-1a4656ce06d7,monotonic_reads,network_partition,reader-1,read,mr-fcecb323-d229-498f-954e-1a4656ce06d7,,208,ONE,ALL,cassandra-1,True,False,4.11,2026-09-16T13:00:12.022236+00:00,
fcecb323-d229-498f-954e-1a4656ce06d7,monotonic_reads,network_partition,reader-1,read,mr-fcecb323-d229-498f-954e-1a4656ce06d7,,208,ONE,ALL,cassandra-2,True,False,3.996,2026-09-16T13:00:12.038952+00:00,
fcecb323-d229-498f-954e-1a4656ce06d7,monotonic_reads,network_partition,reader-1,read,mr-fcecb323-d229-498f-954e-1a4656ce06d7,,207,ONE,ALL,cassandra-3,True,True,2.005,2026-09-16T13:00:12.052992+00:00,
fcecb323-d229-498f-954e-1a4656ce06d7,monotonic_reads,network_partition,reader-1,read,mr-fcecb323-d229-498f-954e-1a4656ce06d7,,208,ONE,ALL,cassandra-1,True,False,3.922,2026-09-16T13:00:12.068745+00:00,
fcecb323-d229-498f-954e-1a4656ce06d7,monotonic_reads,network_partition,reader-1,read,mr-fcecb323-d229-498f-954e-1a4656ce06d7,,208,ONE,ALL,cassandra-2,True,False,4.045,2026-09-16T13:00:12.085503+00:00,
fcecb323-d229-498f-954e-1a4656ce06d7,monotonic_reads,network_partition,reader-1,read,mr-fcecb323-d229-498f-954e-1a4656ce06d7,,207,ONE,ALL,cassandra-3,True,True,4.039,2026-09-16T13:00:12.102329+00:00,
fcecb323-d229-498f-954e-1a4656ce06d7,monotonic_reads,network_partition,reader-1,read,mr-fcecb323-d229-498f-954e-1a4656ce06d7,,208,ONE,ALL,cassandra-1,True,False,2.846,2026-09-16T13:00:12.116053+00:00,
fcecb323-d229-498f-954e-1a4656ce06d7,monotonic_reads,network_partition,reader-1,read,mr-fcecb323-d229-498f-954e-1a4656ce06d7,,208,ONE,ALL,cassandra-2,True,False,3.395,2026-09-16T13:00:12.131036+00:00,
fcecb323-d229-498f-954e-1a4656ce06d7,monotonic_reads,network_partition,reader-1,read,mr-fcecb323-d229-498f-954e-1a4656ce06d7,,207,ONE,ALL,cassandra-3,True,True,3.221,2026-09-16T13:00:12.144831+00:00,
fcecb323-d229-498f-954e-1a4656ce06d7,monotonic_reads,network_partition,reader-1,read,mr-fcecb323-d229-498f-954e-1a4656ce06d7,,208,ONE,ALL,cassandra-1,True,False,3.125,2026-09-16T13:00:12.158707+00:00,
fcecb323-d229-498f-954e-1a4656ce06d7,monotonic_reads,network_partition,reader-1,read,mr-fcecb323-d229-498f-954e-1a4656ce06d7,,208,ONE,ALL,cassandra-2,True,False,4.553,2026-09-16T13:00:12.174144+00:00,
fcecb323-d229-498f-954e-1a4656ce06d7,monotonic_reads,network_partition,reader-1,read,mr-fcecb323-d229-498f-954e-1a4656ce06d7,,207,ONE,ALL,cassandra-3,True,True,3.526,2026-09-16T13:00:12.190387+00:00,
fcecb323-d229-498f-954e-1a4656ce06d7,monotonic_reads,network_partition,reader-1,read,mr-fcecb323-d229-498f-954e-1a4656ce06d7,,208,ONE,ALL,cassandra-1,True,False,2.851,2026-09-16T13:00:12.204423+00:00,
fcecb323-d229-498f-954e-1a4656ce06d7,monotonic_reads,network_partition,reader-1,read,mr-fcecb323-d229-498f-954e-1a4656ce06d7,,208,ONE,ALL,cassandra-2,True,False,3.62,2026-09-16T13:00:12.219610+00:00,
fcecb323-d229-498f-954e-1a4656ce06d7,monotonic_reads,network_partition,reader-1,read,mr-fcecb323-d229-498f-954e-1a4656ce06d7,,207,ONE,ALL,cassandra-3,True,True,3.023,2026-09-16T13:00:12.235231+00:00,
fcecb323-d229-498f-954e-1a4656ce06d7,monotonic_reads,network_partition,reader-1,read,mr-fcecb323-d229-498f-954e-1a4656ce06d7,,208,ONE,ALL,cassandra-1,True,False,2.981,2026-09-16T13:00:12.249565+00:00,
fcecb323-d229-498f-954e-1a4656ce06d7,monotonic_reads,network_partition,reader-1,read,mr-fcecb323-d229-498f-954e-1a4656ce06d7,,208,ONE,ALL,cassandra-2,True,False,3.938,2026-09-16T13:00:12.264911+00:00,
fcecb323-d229-498f-954e-1a4656ce06d7,monotonic_reads,network_partition,reader-1,read,mr-fcecb323-d229-498f-954e-1a4656ce06d7,,207,ONE,ALL,cassandra-3,True,True,3.761,2026-09-16T13:00:12.280715+00:00,
fcecb323-d229-498f-954e-1a4656ce06d7,monotonic_reads,network_partition,reader-1,read,mr-fcecb323-d229-498f-954e-1a4656ce06d7,,208,ONE,ALL,cassandra-1,True,False,3.4,2026-09-16T13:00:12.296857+00:00,
fcecb323-d229-498f-954e-1a4656ce06d7,monotonic_reads,network_partition,reader-1,read,mr-fcecb323-d229-498f-954e-1a4656ce06d7,,208,ONE,ALL,cassandra-2,True,False,3.07,2026-09-16T13:00:12.311901+00:00,
fcecb323-d229-498f-954e-1a4656ce06d7,monotonic_reads,network_partition,reader-1,read,mr-fcecb323-d229-498f-954e-1a4656ce06d7,,207,ONE,ALL,cassandra-3,True,True,3.254,2026-09-16T13:00:12.325325+00:00,
fcecb323-d229-498f-954e-1a4656ce06d7,monotonic_reads,network_partition,reader-1,read,mr-fcecb323-d229-498f-954e-1a4656ce06d7,,208,ONE,ALL,cassandra-1,True,False,3.297,2026-09-16T13:00:12.339891+00:00,
fcecb323-d229-498f-954e-1a4656ce06d7,monotonic_reads,network_partition,reader-1,read,mr-fcecb323-d229-498f-954e-1a4656ce06d7,,208,ONE,ALL,cassandra-2,True,False,3.606,2026-09-16T13:00:12.354578+00:00,
fcecb323-d229-498f-954e-1a4656ce06d7,monotonic_reads,network_partition,reader-1,read,mr-fcecb323-d229-498f-954e-1a4656ce06d7,,207,ONE,ALL,cassandra-3,True,True,2.959,2026-09-16T13:00:12.367765+00:00,
fcecb323-d229-498f-954e-1a4656ce06d7,monotonic_reads,network_partition,reader-1,read,mr-fcecb323-d229-498f-954e-1a4656ce06d7,,208,ONE,ALL,cassandra-1,True,False,3.695,2026-09-16T13:00:12.381653+00:00,
fcecb323-d229-498f-954e-1a4656ce06d7,monotonic_reads,network_partition,reader-1,read,mr-fcecb323-d229-498f-954e-1a4656ce06d7,,208,ONE,ALL,cassandra-2,True,False,4.497,2026-09-16T13:00:12.397081+00:00,
fcecb323-d229-498f-954e-1a4656ce06d7,monotonic_reads,network_partition,reader-1,read,mr-fcecb323-d229-498f-954e-1a4656ce06d7,,207,ONE,ALL,cassandra-3,True,True,4.633,2026-09-16T13:00:12.412608+00:00,
fcecb323-d229-498f-954e-1a4656ce06d7,monotonic_reads,network_partition,reader-1,read,mr-fcecb323-d229-498f-954e-1a4656ce06d7,,208,ONE,ALL,cassandra-1,True,False,2.107,2026-09-16T13:00:12.426667+00:00,
fcecb323-d229-498f-954e-1a4656ce06d7,monotonic_reads,network_partition,reader-1,read,mr-fcecb323-d229-498f-954e-1a4656ce06d7,,208,ONE,ALL,cassandra-2,True,False,4.459,2026-09-16T13:00:12.442070+00:00,
fcecb323-d229-498f-954e-1a4656ce06d7,monotonic_reads,network_partition,reader-1,read,mr-fcecb323-d229-498f-954e-1a4656ce06d7,,207,ONE,ALL,cassandra-3,True,True,3.544,2026-09-16T13:00:12.458500+00:00,
fcecb323-d229-498f-954e-1a4656ce06d7,monotonic_reads,network_partition,writer-1,write,mr-fcecb323-d229-498f-954e-1a4656ce06d7,208,,,ALL,cassandra-1,False,False,5001.994,2026-09-16T13:00:12.469046+00:00,"WriteTimeout: Error from server: code=1100 [Coordinator node timed out waiting for replica nodes' responses] message=""Operation timed out - received only 2 responses."" info={'consistency': 'ALL', 'required_responses': 3, 'received_responses': 2, 'write_type': 'SIMPLE'}"
fcecb323-d229-498f-954e-1a4656ce06d7,monotonic_reads,network_partition,reader-1,read,mr-fcecb323-d229-498f-954e-1a4656ce06d7,,208,ONE,ALL,cassandra-1,True,False,2.829,2026-09-16T13:00:12.472893+00:00,
fcecb323-d229-498f-954e-1a4656ce06d7,monotonic_reads,network_partition,reader-1,read,mr-fcecb323-d229-498f-954e-1a4656ce06d7,,208,ONE,ALL,cassandra-2,True,False,3.632,2026-09-16T13:00:12.487224+00:00,
fcecb323-d229-498f-954e-1a4656ce06d7,monotonic_reads,network_partition,reader-1,read,mr-fcecb323-d229-498f-954e-1a4656ce06d7,,207,ONE,ALL,cassandra-3,True,True,2.239,2026-09-16T13:00:12.501978+00:00,
fcecb323-d229-498f-954e-1a4656ce06d7,monotonic_reads,network_partition,reader-1,read,mr-fcecb323-d229-498f-954e-1a4656ce06d7,,208,ONE,ALL,cassandra-1,True,False,13.837,2026-09-16T13:00:12.527835+00:00,
fcecb323-d229-498f-954e-1a4656ce06d7,monotonic_reads,network_partition,reader-1,read,mr-fcecb323-d229-498f-954e-1a4656ce06d7,,208,ONE,ALL,cassandra-2,True,False,2.342,2026-09-16T13:00:12.541700+00:00,
fcecb323-d229-498f-954e-1a4656ce06d7,monotonic_reads,network_partition,reader-1,read,mr-fcecb323-d229-498f-954e-1a4656ce06d7,,207,ONE,ALL,cassandra-3,True,True,2.947,2026-09-16T13:00:12.557074+00:00,
fcecb323-d229-498f-954e-1a4656ce06d7,monotonic_reads,network_partition,reader-1,read,mr-fcecb323-d229-498f-954e-1a4656ce06d7,,208,ONE,ALL,cassandra-1,True,False,3.646,2026-09-16T13:00:12.573104+00:00,
fcecb323-d229-498f-954e-1a4656ce06d7,monotonic_reads,network_partition,reader-1,read,mr-fcecb323-d229-498f-954e-1a4656ce06d7,,208,ONE,ALL,cassandra-2,True,False,3.491,2026-09-16T13:00:12.587694+00:00,
fcecb323-d229-498f-954e-1a4656ce06d7,monotonic_reads,network_partition,reader-1,read,mr-fcecb323-d229-498f-954e-1a4656ce06d7,,207,ONE,ALL,cassandra-3,True,True,3.53,2026-09-16T13:00:12.603891+00:00,
fcecb323-d229-498f-954e-1a4656ce06d7,monotonic_reads,network_partition,reader-1,read,mr-fcecb323-d229-498f-954e-1a4656ce06d7,,208,ONE,ALL,cassandra-1,True,False,3.424,2026-09-16T13:00:12.619505+00:00,
fcecb323-d229-498f-954e-1a4656ce06d7,monotonic_reads,network_partition,reader-1,read,mr-fcecb323-d229-498f-954e-1a4656ce06d7,,208,ONE,ALL,cassandra-2,True,False,3.68,2026-09-16T13:00:12.635892+00:00,
fcecb323-d229-498f-954e-1a4656ce06d7,monotonic_reads,network_partition,reader-1,read,mr-fcecb323-d229-498f-954e-1a4656ce06d7,,207,ONE,ALL,cassandra-3,True,True,3.528,2026-09-16T13:00:12.651301+00:00,
fcecb323-d229-498f-954e-1a4656ce06d7,monotonic_reads,network_partition,reader-1,read,mr-fcecb323-d229-498f-954e-1a4656ce06d7,,208,ONE,ALL,cassandra-1,True,False,3.789,2026-09-16T13:00:12.665384+00:00,
fcecb323-d229-498f-954e-1a4656ce06d7,monotonic_reads,network_partition,reader-1,read,mr-fcecb323-d229-498f-954e-1a4656ce06d7,,208,ONE,ALL,cassandra-2,True,False,4.449,2026-09-16T13:00:12.680051+00:00,
fcecb323-d229-498f-954e-1a4656ce06d7,monotonic_reads,network_partition,reader-1,read,mr-fcecb323-d229-498f-954e-1a4656ce06d7,,207,ONE,ALL,cassandra-3,True,True,2.673,2026-09-16T13:00:12.693752+00:00,
fcecb323-d229-498f-954e-1a4656ce06d7,monotonic_reads,network_partition,reader-1,read,mr-fcecb323-d229-498f-954e-1a4656ce06d7,,208,ONE,ALL,cassandra-1,True,False,4.906,2026-09-16T13:00:12.711400+00:00,
fcecb323-d229-498f-954e-1a4656ce06d7,monotonic_reads,network_partition,reader-1,read,mr-fcecb323-d229-498f-954e-1a4656ce06d7,,208,ONE,ALL,cassandra-2,True,False,1.751,2026-09-16T13:00:12.725320+00:00,
fcecb323-d229-498f-954e-1a4656ce06d7,monotonic_reads,network_partition,reader-1,read,mr-fcecb323-d229-498f-954e-1a4656ce06d7,,207,ONE,ALL,cassandra-3,True,True,4.145,2026-09-16T13:00:12.741536+00:00,
fcecb323-d229-498f-954e-1a4656ce06d7,monotonic_reads,network_partition,reader-1,read,mr-fcecb323-d229-498f-954e-1a4656ce06d7,,208,ONE,ALL,cassandra-1,True,False,1.488,2026-09-16T13:00:12.755324+00:00,
fcecb323-d229-498f-954e-1a4656ce06d7,monotonic_reads,network_partition,reader-1,read,mr-fcecb323-d229-498f-954e-1a4656ce06d7,,208,ONE,ALL,cassandra-2,True,False,2.932,2026-09-16T13:00:12.768979+00:00,
fcecb323-d229-498f-954e-1a4656ce06d7,monotonic_reads,network_partition,reader-1,read,mr-fcecb323-d229-498f-954e-1a4656ce06d7,,207,ONE,ALL,cassandra-3,True,True,3.925,2026-09-16T13:00:12.785562+00:00,
fcecb323-d229-498f-954e-1a4656ce06d7,monotonic_reads,network_partition,reader-1,read,mr-fcecb323-d229-498f-954e-1a4656ce06d7,,208,ONE,ALL,cassandra-1,True,False,3.243,2026-09-16T13:00:12.801484+00:00,
fcecb323-d229-498f-954e-1a4656ce06d7,monotonic_reads,network_partition,reader-1,read,mr-fcecb323-d229-498f-954e-1a4656ce06d7,,208,ONE,ALL,cassandra-2,True,False,3.271,2026-09-16T13:00:12.817090+00:00,
fcecb323-d229-498f-954e-1a4656ce06d7,monotonic_reads,network_partition,reader-1,read,mr-fcecb323-d229-498f-954e-1a4656ce06d7,,207,ONE,ALL,cassandra-3,True,True,2.894,2026-09-16T13:00:12.831282+00:00,
fcecb323-d229-498f-954e-1a4656ce06d7,monotonic_reads,network_partition,reader-1,read,mr-fcecb323-d229-498f-954e-1a4656ce06d7,,208,ONE,ALL,cassandra-1,True,False,2.537,2026-09-16T13:00:12.846470+00:00,
fcecb323-d229-498f-954e-1a4656ce06d7,monotonic_reads,network_partition,reader-1,read,mr-fcecb323-d229-498f-954e-1a4656ce06d7,,208,ONE,ALL,cassandra-2,True,False,3.774,2026-09-16T13:00:12.862886+00:00,
fcecb323-d229-498f-954e-1a4656ce06d7,monotonic_reads,network_partition,reader-1,read,mr-fcecb323-d229-498f-954e-1a4656ce06d7,,207,ONE,ALL,cassandra-3,True,True,2.251,2026-09-16T13:00:12.877528+00:00,
fcecb323-d229-498f-954e-1a4656ce06d7,monotonic_reads,network_partition,reader-1,read,mr-fcecb323-d229-498f-954e-1a4656ce06d7,,208,ONE,ALL,cassandra-1,True,False,3.88,2026-09-16T13:00:12.894099+00:00,
fcecb323-d229-498f-954e-1a4656ce06d7,monotonic_reads,network_partition,reader-1,read,mr-fcecb323-d229-498f-954e-1a4656ce06d7,,208,ONE,ALL,cassandra-2,True,False,4.183,2026-09-16T13:00:12.908772+00:00,
fcecb323-d229-498f-954e-1a4656ce06d7,monotonic_reads,network_partition,reader-1,read,mr-fcecb323-d229-498f-954e-1a4656ce06d7,,207,ONE,ALL,cassandra-3,True,True,3.424,2026-09-16T13:00:12.923508+00:00,
fcecb323-d229-498f-954e-1a4656ce06d7,monotonic_reads,network_partition,reader-1,read,mr-fcecb323-d229-498f-954e-1a4656ce06d7,,208,ONE,ALL,cassandra-1,True,False,2.963,2026-09-16T13:00:12.937183+00:00,
fcecb323-d229-498f-954e-1a4656ce06d7,monotonic_reads,network_partition,reader-1,read,mr-fcecb323-d229-498f-954e-1a4656ce06d7,,208,ONE,ALL,cassandra-2,True,False,3.884,2026-09-16T13:00:12.951757+00:00,
fcecb323-d229-498f-954e-1a4656ce06d7,monotonic_reads,network_partition,reader-1,read,mr-fcecb323-d229-498f-954e-1a4656ce06d7,,207,ONE,ALL,cassandra-3,True,True,3.505,2026-09-16T13:00:12.967087+00:00,
fcecb323-d229-498f-954e-1a4656ce06d7,monotonic_reads,network_partition,reader-1,read,mr-fcecb323-d229-498f-954e-1a4656ce06d7,,208,ONE,ALL,cassandra-1,True,False,3.873,2026-09-16T13:00:12.981505+00:00,
fcecb323-d229-498f-954e-1a4656ce06d7,monotonic_reads,network_partition,reader-1,read,mr-fcecb323-d229-498f-954e-1a4656ce06d7,,208,ONE,ALL,cassandra-2,True,False,3.763,2026-09-16T13:00:12.997592+00:00,
fcecb323-d229-498f-954e-1a4656ce06d7,monotonic_reads,network_partition,reader-1,read,mr-fcecb323-d229-498f-954e-1a4656ce06d7,,207,ONE,ALL,cassandra-3,True,True,3.722,2026-09-16T13:00:13.012332+00:00,
fcecb323-d229-498f-954e-1a4656ce06d7,monotonic_reads,network_partition,reader-1,read,mr-fcecb323-d229-498f-954e-1a4656ce06d7,,208,ONE,ALL,cassandra-1,True,False,7.006,2026-09-16T13:00:13.031004+00:00,
fcecb323-d229-498f-954e-1a4656ce06d7,monotonic_reads,network_partition,reader-1,read,mr-fcecb323-d229-498f-954e-1a4656ce06d7,,208,ONE,ALL,cassandra-2,True,False,4.107,2026-09-16T13:00:13.047835+00:00,
fcecb323-d229-498f-954e-1a4656ce06d7,monotonic_reads,network_partition,reader-1,read,mr-fcecb323-d229-498f-954e-1a4656ce06d7,,207,ONE,ALL,cassandra-3,True,True,4.19,2026-09-16T13:00:13.064362+00:00,
fcecb323-d229-498f-954e-1a4656ce06d7,monotonic_reads,network_partition,reader-1,read,mr-fcecb323-d229-498f-954e-1a4656ce06d7,,208,ONE,ALL,cassandra-1,True,False,3.515,2026-09-16T13:00:13.078107+00:00,
fcecb323-d229-498f-954e-1a4656ce06d7,monotonic_reads,network_partition,reader-1,read,mr-fcecb323-d229-498f-954e-1a4656ce06d7,,208,ONE,ALL,cassandra-2,True,False,1.906,2026-09-16T13:00:13.092474+00:00,
fcecb323-d229-498f-954e-1a4656ce06d7,monotonic_reads,network_partition,reader-1,read,mr-fcecb323-d229-498f-954e-1a4656ce06d7,,207,ONE,ALL,cassandra-3,True,True,3.308,2026-09-16T13:00:13.106922+00:00,
fcecb323-d229-498f-954e-1a4656ce06d7,monotonic_reads,network_partition,reader-1,read,mr-fcecb323-d229-498f-954e-1a4656ce06d7,,208,ONE,ALL,cassandra-1,True,False,3.736,2026-09-16T13:00:13.122593+00:00,
fcecb323-d229-498f-954e-1a4656ce06d7,monotonic_reads,network_partition,reader-1,read,mr-fcecb323-d229-498f-954e-1a4656ce06d7,,208,ONE,ALL,cassandra-2,True,False,4.305,2026-09-16T13:00:13.137314+00:00,
fcecb323-d229-498f-954e-1a4656ce06d7,monotonic_reads,network_partition,reader-1,read,mr-fcecb323-d229-498f-954e-1a4656ce06d7,,207,ONE,ALL,cassandra-3,True,True,4.32,2026-09-16T13:00:13.152234+00:00,
fcecb323-d229-498f-954e-1a4656ce06d7,monotonic_reads,network_partition,reader-1,read,mr-fcecb323-d229-498f-954e-1a4656ce06d7,,208,ONE,ALL,cassandra-1,True,False,4.185,2026-09-16T13:00:13.166782+00:00,
fcecb323-d229-498f-954e-1a4656ce06d7,monotonic_reads,network_partition,reader-1,read,mr-fcecb323-d229-498f-954e-1a4656ce06d7,,208,ONE,ALL,cassandra-2,True,False,4.445,2026-09-16T13:00:13.181537+00:00,
fcecb323-d229-498f-954e-1a4656ce06d7,monotonic_reads,network_partition,reader-1,read,mr-fcecb323-d229-498f-954e-1a4656ce06d7,,207,ONE,ALL,cassandra-3,True,True,3.828,2026-09-16T13:00:13.198096+00:00,
fcecb323-d229-498f-954e-1a4656ce06d7,monotonic_reads,network_partition,reader-1,read,mr-fcecb323-d229-498f-954e-1a4656ce06d7,,208,ONE,ALL,cassandra-1,True,False,4.475,2026-09-16T13:00:13.214066+00:00,
fcecb323-d229-498f-954e-1a4656ce06d7,monotonic_reads,network_partition,reader-1,read,mr-fcecb323-d229-498f-954e-1a4656ce06d7,,208,ONE,ALL,cassandra-2,True,False,3.123,2026-09-16T13:00:13.229509+00:00,
fcecb323-d229-498f-954e-1a4656ce06d7,monotonic_reads,network_partition,reader-1,read,mr-fcecb323-d229-498f-954e-1a4656ce06d7,,207,ONE,ALL,cassandra-3,True,True,3.282,2026-09-16T13:00:13.245489+00:00,
fcecb323-d229-498f-954e-1a4656ce06d7,monotonic_reads,network_partition,reader-1,read,mr-fcecb323-d229-498f-954e-1a4656ce06d7,,208,ONE,ALL,cassandra-1,True,False,4.521,2026-09-16T13:00:13.262708+00:00,
fcecb323-d229-498f-954e-1a4656ce06d7,monotonic_reads,network_partition,reader-1,read,mr-fcecb323-d229-498f-954e-1a4656ce06d7,,208,ONE,ALL,cassandra-2,True,False,2.925,2026-09-16T13:00:13.278340+00:00,
fcecb323-d229-498f-954e-1a4656ce06d7,monotonic_reads,network_partition,reader-1,read,mr-fcecb323-d229-498f-954e-1a4656ce06d7,,207,ONE,ALL,cassandra-3,True,True,3.572,2026-09-16T13:00:13.294455+00:00,
fcecb323-d229-498f-954e-1a4656ce06d7,monotonic_reads,network_partition,reader-1,read,mr-fcecb323-d229-498f-954e-1a4656ce06d7,,208,ONE,ALL,cassandra-1,True,False,3.073,2026-09-16T13:00:13.309008+00:00,
fcecb323-d229-498f-954e-1a4656ce06d7,monotonic_reads,network_partition,reader-1,read,mr-fcecb323-d229-498f-954e-1a4656ce06d7,,208,ONE,ALL,cassandra-2,True,False,3.479,2026-09-16T13:00:13.325055+00:00,
fcecb323-d229-498f-954e-1a4656ce06d7,monotonic_reads,network_partition,reader-1,read,mr-fcecb323-d229-498f-954e-1a4656ce06d7,,207,ONE,ALL,cassandra-3,True,True,4.214,2026-09-16T13:00:13.341663+00:00,
fcecb323-d229-498f-954e-1a4656ce06d7,monotonic_reads,network_partition,reader-1,read,mr-fcecb323-d229-498f-954e-1a4656ce06d7,,208,ONE,ALL,cassandra-1,True,False,3.396,2026-09-16T13:00:13.355971+00:00,
fcecb323-d229-498f-954e-1a4656ce06d7,monotonic_reads,network_partition,reader-1,read,mr-fcecb323-d229-498f-954e-1a4656ce06d7,,208,ONE,ALL,cassandra-2,True,False,3.707,2026-09-16T13:00:13.372048+00:00,
fcecb323-d229-498f-954e-1a4656ce06d7,monotonic_reads,network_partition,reader-1,read,mr-fcecb323-d229-498f-954e-1a4656ce06d7,,207,ONE,ALL,cassandra-3,True,True,2.697,2026-09-16T13:00:13.387534+00:00,
fcecb323-d229-498f-954e-1a4656ce06d7,monotonic_reads,network_partition,reader-1,read,mr-fcecb323-d229-498f-954e-1a4656ce06d7,,208,ONE,ALL,cassandra-1,True,False,3.692,2026-09-16T13:00:13.401978+00:00,
fcecb323-d229-498f-954e-1a4656ce06d7,monotonic_reads,network_partition,reader-1,read,mr-fcecb323-d229-498f-954e-1a4656ce06d7,,208,ONE,ALL,cassandra-2,True,False,3.183,2026-09-16T13:00:13.417722+00:00,
fcecb323-d229-498f-954e-1a4656ce06d7,monotonic_reads,network_partition,reader-1,read,mr-fcecb323-d229-498f-954e-1a4656ce06d7,,207,ONE,ALL,cassandra-3,True,True,4.007,2026-09-16T13:00:13.433615+00:00,
fcecb323-d229-498f-954e-1a4656ce06d7,monotonic_reads,network_partition,reader-1,read,mr-fcecb323-d229-498f-954e-1a4656ce06d7,,208,ONE,ALL,cassandra-1,True,False,3.745,2026-09-16T13:00:13.449295+00:00,
fcecb323-d229-498f-954e-1a4656ce06d7,monotonic_reads,network_partition,reader-1,read,mr-fcecb323-d229-498f-954e-1a4656ce06d7,,208,ONE,ALL,cassandra-2,True,False,3.085,2026-09-16T13:00:13.463952+00:00,
fcecb323-d229-498f-954e-1a4656ce06d7,monotonic_reads,network_partition,reader-1,read,mr-fcecb323-d229-498f-954e-1a4656ce06d7,,207,ONE,ALL,cassandra-3,True,True,3.658,2026-09-16T13:00:13.478950+00:00,
fcecb323-d229-498f-954e-1a4656ce06d7,monotonic_reads,network_partition,reader-1,read,mr-fcecb323-d229-498f-954e-1a4656ce06d7,,208,ONE,ALL,cassandra-1,True,False,2.971,2026-09-16T13:00:13.493534+00:00,
fcecb323-d229-498f-954e-1a4656ce06d7,monotonic_reads,network_partition,reader-1,read,mr-fcecb323-d229-498f-954e-1a4656ce06d7,,208,ONE,ALL,cassandra-2,True,False,3.591,2026-09-16T13:00:13.508661+00:00,
fcecb323-d229-498f-954e-1a4656ce06d7,monotonic_reads,network_partition,reader-1,read,mr-fcecb323-d229-498f-954e-1a4656ce06d7,,207,ONE,ALL,cassandra-3,True,True,3.591,2026-09-16T13:00:13.524922+00:00,
fcecb323-d229-498f-954e-1a4656ce06d7,monotonic_reads,network_partition,reader-1,read,mr-fcecb323-d229-498f-954e-1a4656ce06d7,,208,ONE,ALL,cassandra-1,True,False,4.789,2026-09-16T13:00:13.540421+00:00,
fcecb323-d229-498f-954e-1a4656ce06d7,monotonic_reads,network_partition,reader-1,read,mr-fcecb323-d229-498f-954e-1a4656ce06d7,,208,ONE,ALL,cassandra-2,True,False,4.057,2026-09-16T13:00:13.556505+00:00,
fcecb323-d229-498f-954e-1a4656ce06d7,monotonic_reads,network_partition,reader-1,read,mr-fcecb323-d229-498f-954e-1a4656ce06d7,,207,ONE,ALL,cassandra-3,True,True,3.585,2026-09-16T13:00:13.572659+00:00,
fcecb323-d229-498f-954e-1a4656ce06d7,monotonic_reads,network_partition,reader-1,read,mr-fcecb323-d229-498f-954e-1a4656ce06d7,,208,ONE,ALL,cassandra-1,True,False,3.922,2026-09-16T13:00:13.587486+00:00,
fcecb323-d229-498f-954e-1a4656ce06d7,monotonic_reads,network_partition,reader-1,read,mr-fcecb323-d229-498f-954e-1a4656ce06d7,,208,ONE,ALL,cassandra-2,True,False,3.813,2026-09-16T13:00:13.604057+00:00,
fcecb323-d229-498f-954e-1a4656ce06d7,monotonic_reads,network_partition,reader-1,read,mr-fcecb323-d229-498f-954e-1a4656ce06d7,,207,ONE,ALL,cassandra-3,True,True,3.502,2026-09-16T13:00:13.619076+00:00,
fcecb323-d229-498f-954e-1a4656ce06d7,monotonic_reads,network_partition,reader-1,read,mr-fcecb323-d229-498f-954e-1a4656ce06d7,,208,ONE,ALL,cassandra-1,True,False,4.043,2026-09-16T13:00:13.635100+00:00,
fcecb323-d229-498f-954e-1a4656ce06d7,monotonic_reads,network_partition,reader-1,read,mr-fcecb323-d229-498f-954e-1a4656ce06d7,,208,ONE,ALL,cassandra-2,True,False,4.041,2026-09-16T13:00:13.651614+00:00,
fcecb323-d229-498f-954e-1a4656ce06d7,monotonic_reads,network_partition,reader-1,read,mr-fcecb323-d229-498f-954e-1a4656ce06d7,,207,ONE,ALL,cassandra-3,True,True,3.423,2026-09-16T13:00:13.667388+00:00,
fcecb323-d229-498f-954e-1a4656ce06d7,monotonic_reads,network_partition,reader-1,read,mr-fcecb323-d229-498f-954e-1a4656ce06d7,,208,ONE,ALL,cassandra-1,True,False,3.572,2026-09-16T13:00:13.683658+00:00,
fcecb323-d229-498f-954e-1a4656ce06d7,monotonic_reads,network_partition,reader-1,read,mr-fcecb323-d229-498f-954e-1a4656ce06d7,,208,ONE,ALL,cassandra-2,True,False,4.011,2026-09-16T13:00:13.700236+00:00,
fcecb323-d229-498f-954e-1a4656ce06d7,monotonic_reads,network_partition,reader-1,read,mr-fcecb323-d229-498f-954e-1a4656ce06d7,,207,ONE,ALL,cassandra-3,True,True,3.354,2026-09-16T13:00:13.714961+00:00,
fcecb323-d229-498f-954e-1a4656ce06d7,monotonic_reads,network_partition,reader-1,read,mr-fcecb323-d229-498f-954e-1a4656ce06d7,,208,ONE,ALL,cassandra-1,True,False,2.808,2026-09-16T13:00:13.730216+00:00,
fcecb323-d229-498f-954e-1a4656ce06d7,monotonic_reads,network_partition,reader-1,read,mr-fcecb323-d229-498f-954e-1a4656ce06d7,,208,ONE,ALL,cassandra-2,True,False,3.191,2026-09-16T13:00:13.744129+00:00,
fcecb323-d229-498f-954e-1a4656ce06d7,monotonic_reads,network_partition,reader-1,read,mr-fcecb323-d229-498f-954e-1a4656ce06d7,,207,ONE,ALL,cassandra-3,True,True,3.036,2026-09-16T13:00:13.759967+00:00,
fcecb323-d229-498f-954e-1a4656ce06d7,monotonic_reads,network_partition,reader-1,read,mr-fcecb323-d229-498f-954e-1a4656ce06d7,,208,ONE,ALL,cassandra-1,True,False,3.456,2026-09-16T13:00:13.775650+00:00,
fcecb323-d229-498f-954e-1a4656ce06d7,monotonic_reads,network_partition,reader-1,read,mr-fcecb323-d229-498f-954e-1a4656ce06d7,,208,ONE,ALL,cassandra-2,True,False,3.342,2026-09-16T13:00:13.789784+00:00,
fcecb323-d229-498f-954e-1a4656ce06d7,monotonic_reads,network_partition,reader-1,read,mr-fcecb323-d229-498f-954e-1a4656ce06d7,,207,ONE,ALL,cassandra-3,True,True,3.639,2026-09-16T13:00:13.806117+00:00,
fcecb323-d229-498f-954e-1a4656ce06d7,monotonic_reads,network_partition,reader-1,read,mr-fcecb323-d229-498f-954e-1a4656ce06d7,,208,ONE,ALL,cassandra-1,True,False,3.265,2026-09-16T13:00:13.820961+00:00,
fcecb323-d229-498f-954e-1a4656ce06d7,monotonic_reads,network_partition,reader-1,read,mr-fcecb323-d229-498f-954e-1a4656ce06d7,,208,ONE,ALL,cassandra-2,True,False,3.342,2026-09-16T13:00:13.836305+00:00,
fcecb323-d229-498f-954e-1a4656ce06d7,monotonic_reads,network_partition,reader-1,read,mr-fcecb323-d229-498f-954e-1a4656ce06d7,,207,ONE,ALL,cassandra-3,True,True,3.885,2026-09-16T13:00:13.852745+00:00,
fcecb323-d229-498f-954e-1a4656ce06d7,monotonic_reads,network_partition,reader-1,read,mr-fcecb323-d229-498f-954e-1a4656ce06d7,,208,ONE,ALL,cassandra-1,True,False,4.094,2026-09-16T13:00:13.868077+00:00,
fcecb323-d229-498f-954e-1a4656ce06d7,monotonic_reads,network_partition,reader-1,read,mr-fcecb323-d229-498f-954e-1a4656ce06d7,,208,ONE,ALL,cassandra-2,True,False,4.016,2026-09-16T13:00:13.884011+00:00,
fcecb323-d229-498f-954e-1a4656ce06d7,monotonic_reads,network_partition,reader-1,read,mr-fcecb323-d229-498f-954e-1a4656ce06d7,,207,ONE,ALL,cassandra-3,True,True,4.226,2026-09-16T13:00:13.898803+00:00,
fcecb323-d229-498f-954e-1a4656ce06d7,monotonic_reads,network_partition,reader-1,read,mr-fcecb323-d229-498f-954e-1a4656ce06d7,,208,ONE,ALL,cassandra-1,True,False,3.846,2026-09-16T13:00:13.914790+00:00,
fcecb323-d229-498f-954e-1a4656ce06d7,monotonic_reads,network_partition,reader-1,read,mr-fcecb323-d229-498f-954e-1a4656ce06d7,,208,ONE,ALL,cassandra-2,True,False,3.652,2026-09-16T13:00:13.931090+00:00,
fcecb323-d229-498f-954e-1a4656ce06d7,monotonic_reads,network_partition,reader-1,read,mr-fcecb323-d229-498f-954e-1a4656ce06d7,,207,ONE,ALL,cassandra-3,True,True,3.739,2026-09-16T13:00:13.946747+00:00,
fcecb323-d229-498f-954e-1a4656ce06d7,monotonic_reads,network_partition,reader-1,read,mr-fcecb323-d229-498f-954e-1a4656ce06d7,,208,ONE,ALL,cassandra-1,True,False,3.555,2026-09-16T13:00:13.962139+00:00,
fcecb323-d229-498f-954e-1a4656ce06d7,monotonic_reads,network_partition,reader-1,read,mr-fcecb323-d229-498f-954e-1a4656ce06d7,,208,ONE,ALL,cassandra-2,True,False,2.971,2026-09-16T13:00:13.975409+00:00,
fcecb323-d229-498f-954e-1a4656ce06d7,monotonic_reads,network_partition,reader-1,read,mr-fcecb323-d229-498f-954e-1a4656ce06d7,,207,ONE,ALL,cassandra-3,True,True,3.604,2026-09-16T13:00:13.991697+00:00,
fcecb323-d229-498f-954e-1a4656ce06d7,monotonic_reads,network_partition,reader-1,read,mr-fcecb323-d229-498f-954e-1a4656ce06d7,,208,ONE,ALL,cassandra-1,True,False,3.596,2026-09-16T13:00:14.006159+00:00,
fcecb323-d229-498f-954e-1a4656ce06d7,monotonic_reads,network_partition,reader-1,read,mr-fcecb323-d229-498f-954e-1a4656ce06d7,,208,ONE,ALL,cassandra-2,True,False,2.865,2026-09-16T13:00:14.021821+00:00,
fcecb323-d229-498f-954e-1a4656ce06d7,monotonic_reads,network_partition,reader-1,read,mr-fcecb323-d229-498f-954e-1a4656ce06d7,,207,ONE,ALL,cassandra-3,True,True,3.304,2026-09-16T13:00:14.037501+00:00,
fcecb323-d229-498f-954e-1a4656ce06d7,monotonic_reads,network_partition,reader-1,read,mr-fcecb323-d229-498f-954e-1a4656ce06d7,,208,ONE,ALL,cassandra-1,True,False,2.539,2026-09-16T13:00:14.052827+00:00,
fcecb323-d229-498f-954e-1a4656ce06d7,monotonic_reads,network_partition,reader-1,read,mr-fcecb323-d229-498f-954e-1a4656ce06d7,,208,ONE,ALL,cassandra-2,True,False,2.28,2026-09-16T13:00:14.065830+00:00,
fcecb323-d229-498f-954e-1a4656ce06d7,monotonic_reads,network_partition,reader-1,read,mr-fcecb323-d229-498f-954e-1a4656ce06d7,,207,ONE,ALL,cassandra-3,True,True,2.754,2026-09-16T13:00:14.080346+00:00,
fcecb323-d229-498f-954e-1a4656ce06d7,monotonic_reads,network_partition,reader-1,read,mr-fcecb323-d229-498f-954e-1a4656ce06d7,,208,ONE,ALL,cassandra-1,True,False,2.638,2026-09-16T13:00:14.094830+00:00,
fcecb323-d229-498f-954e-1a4656ce06d7,monotonic_reads,network_partition,reader-1,read,mr-fcecb323-d229-498f-954e-1a4656ce06d7,,208,ONE,ALL,cassandra-2,True,False,2.922,2026-09-16T13:00:14.109471+00:00,
fcecb323-d229-498f-954e-1a4656ce06d7,monotonic_reads,network_partition,reader-1,read,mr-fcecb323-d229-498f-954e-1a4656ce06d7,,207,ONE,ALL,cassandra-3,True,True,4.168,2026-09-16T13:00:14.124022+00:00,
fcecb323-d229-498f-954e-1a4656ce06d7,monotonic_reads,network_partition,reader-1,read,mr-fcecb323-d229-498f-954e-1a4656ce06d7,,208,ONE,ALL,cassandra-1,True,False,3.708,2026-09-16T13:00:14.139690+00:00,
fcecb323-d229-498f-954e-1a4656ce06d7,monotonic_reads,network_partition,reader-1,read,mr-fcecb323-d229-498f-954e-1a4656ce06d7,,208,ONE,ALL,cassandra-2,True,False,4.184,2026-09-16T13:00:14.156380+00:00,
fcecb323-d229-498f-954e-1a4656ce06d7,monotonic_reads,network_partition,reader-1,read,mr-fcecb323-d229-498f-954e-1a4656ce06d7,,207,ONE,ALL,cassandra-3,True,True,7.124,2026-09-16T13:00:14.176055+00:00,
fcecb323-d229-498f-954e-1a4656ce06d7,monotonic_reads,network_partition,reader-1,read,mr-fcecb323-d229-498f-954e-1a4656ce06d7,,208,ONE,ALL,cassandra-1,True,False,3.356,2026-09-16T13:00:14.190916+00:00,
fcecb323-d229-498f-954e-1a4656ce06d7,monotonic_reads,network_partition,reader-1,read,mr-fcecb323-d229-498f-954e-1a4656ce06d7,,208,ONE,ALL,cassandra-2,True,False,6.285,2026-09-16T13:00:14.208095+00:00,
fcecb323-d229-498f-954e-1a4656ce06d7,monotonic_reads,network_partition,reader-1,read,mr-fcecb323-d229-498f-954e-1a4656ce06d7,,207,ONE,ALL,cassandra-3,True,True,3.53,2026-09-16T13:00:14.222077+00:00,
fcecb323-d229-498f-954e-1a4656ce06d7,monotonic_reads,network_partition,reader-1,read,mr-fcecb323-d229-498f-954e-1a4656ce06d7,,208,ONE,ALL,cassandra-1,True,False,3.407,2026-09-16T13:00:14.238191+00:00,
fcecb323-d229-498f-954e-1a4656ce06d7,monotonic_reads,network_partition,reader-1,read,mr-fcecb323-d229-498f-954e-1a4656ce06d7,,208,ONE,ALL,cassandra-2,True,False,3.342,2026-09-16T13:00:14.252895+00:00,
fcecb323-d229-498f-954e-1a4656ce06d7,monotonic_reads,network_partition,reader-1,read,mr-fcecb323-d229-498f-954e-1a4656ce06d7,,207,ONE,ALL,cassandra-3,True,True,3.561,2026-09-16T13:00:14.267123+00:00,
fcecb323-d229-498f-954e-1a4656ce06d7,monotonic_reads,network_partition,reader-1,read,mr-fcecb323-d229-498f-954e-1a4656ce06d7,,208,ONE,ALL,cassandra-1,True,False,3.382,2026-09-16T13:00:14.280996+00:00,
fcecb323-d229-498f-954e-1a4656ce06d7,monotonic_reads,network_partition,reader-1,read,mr-fcecb323-d229-498f-954e-1a4656ce06d7,,208,ONE,ALL,cassandra-2,True,False,3.581,2026-09-16T13:00:14.295074+00:00,
fcecb323-d229-498f-954e-1a4656ce06d7,monotonic_reads,network_partition,reader-1,read,mr-fcecb323-d229-498f-954e-1a4656ce06d7,,207,ONE,ALL,cassandra-3,True,True,3.175,2026-09-16T13:00:14.310949+00:00,
fcecb323-d229-498f-954e-1a4656ce06d7,monotonic_reads,network_partition,reader-1,read,mr-fcecb323-d229-498f-954e-1a4656ce06d7,,208,ONE,ALL,cassandra-1,True,False,3.147,2026-09-16T13:00:14.326754+00:00,
fcecb323-d229-498f-954e-1a4656ce06d7,monotonic_reads,network_partition,reader-1,read,mr-fcecb323-d229-498f-954e-1a4656ce06d7,,208,ONE,ALL,cassandra-2,True,False,3.2,2026-09-16T13:00:14.342399+00:00,
fcecb323-d229-498f-954e-1a4656ce06d7,monotonic_reads,network_partition,reader-1,read,mr-fcecb323-d229-498f-954e-1a4656ce06d7,,207,ONE,ALL,cassandra-3,True,True,3.294,2026-09-16T13:00:14.357704+00:00,
fcecb323-d229-498f-954e-1a4656ce06d7,monotonic_reads,network_partition,reader-1,read,mr-fcecb323-d229-498f-954e-1a4656ce06d7,,208,ONE,ALL,cassandra-1,True,False,8.107,2026-09-16T13:00:14.376919+00:00,
fcecb323-d229-498f-954e-1a4656ce06d7,monotonic_reads,network_partition,reader-1,read,mr-fcecb323-d229-498f-954e-1a4656ce06d7,,208,ONE,ALL,cassandra-2,True,False,3.263,2026-09-16T13:00:14.392889+00:00,
fcecb323-d229-498f-954e-1a4656ce06d7,monotonic_reads,network_partition,reader-1,read,mr-fcecb323-d229-498f-954e-1a4656ce06d7,,207,ONE,ALL,cassandra-3,True,True,3.117,2026-09-16T13:00:14.406670+00:00,
fcecb323-d229-498f-954e-1a4656ce06d7,monotonic_reads,network_partition,reader-1,read,mr-fcecb323-d229-498f-954e-1a4656ce06d7,,208,ONE,ALL,cassandra-1,True,False,5.287,2026-09-16T13:00:14.424084+00:00,
fcecb323-d229-498f-954e-1a4656ce06d7,monotonic_reads,network_partition,reader-1,read,mr-fcecb323-d229-498f-954e-1a4656ce06d7,,208,ONE,ALL,cassandra-2,True,False,3.476,2026-09-16T13:00:14.438909+00:00,
fcecb323-d229-498f-954e-1a4656ce06d7,monotonic_reads,network_partition,reader-1,read,mr-fcecb323-d229-498f-954e-1a4656ce06d7,,207,ONE,ALL,cassandra-3,True,True,3.817,2026-09-16T13:00:14.455311+00:00,
fcecb323-d229-498f-954e-1a4656ce06d7,monotonic_reads,network_partition,reader-1,read,mr-fcecb323-d229-498f-954e-1a4656ce06d7,,208,ONE,ALL,cassandra-1,True,False,3.151,2026-09-16T13:00:14.469724+00:00,
fcecb323-d229-498f-954e-1a4656ce06d7,monotonic_reads,network_partition,reader-1,read,mr-fcecb323-d229-498f-954e-1a4656ce06d7,,208,ONE,ALL,cassandra-2,True,False,2.589,2026-09-16T13:00:14.482997+00:00,
fcecb323-d229-498f-954e-1a4656ce06d7,monotonic_reads,network_partition,reader-1,read,mr-fcecb323-d229-498f-954e-1a4656ce06d7,,207,ONE,ALL,cassandra-3,True,True,2.286,2026-09-16T13:00:14.497877+00:00,
fcecb323-d229-498f-954e-1a4656ce06d7,monotonic_reads,network_partition,reader-1,read,mr-fcecb323-d229-498f-954e-1a4656ce06d7,,208,ONE,ALL,cassandra-1,True,False,1.616,2026-09-16T13:00:14.510157+00:00,
fcecb323-d229-498f-954e-1a4656ce06d7,monotonic_reads,network_partition,reader-1,read,mr-fcecb323-d229-498f-954e-1a4656ce06d7,,208,ONE,ALL,cassandra-2,True,False,1.878,2026-09-16T13:00:14.522443+00:00,
fcecb323-d229-498f-954e-1a4656ce06d7,monotonic_reads,network_partition,reader-1,read,mr-fcecb323-d229-498f-954e-1a4656ce06d7,,207,ONE,ALL,cassandra-3,True,True,1.764,2026-09-16T13:00:14.535837+00:00,
fcecb323-d229-498f-954e-1a4656ce06d7,monotonic_reads,network_partition,reader-1,read,mr-fcecb323-d229-498f-954e-1a4656ce06d7,,208,ONE,ALL,cassandra-1,True,False,1.861,2026-09-16T13:00:14.548677+00:00,
fcecb323-d229-498f-954e-1a4656ce06d7,monotonic_reads,network_partition,reader-1,read,mr-fcecb323-d229-498f-954e-1a4656ce06d7,,208,ONE,ALL,cassandra-2,True,False,2.351,2026-09-16T13:00:14.561721+00:00,
fcecb323-d229-498f-954e-1a4656ce06d7,monotonic_reads,network_partition,reader-1,read,mr-fcecb323-d229-498f-954e-1a4656ce06d7,,207,ONE,ALL,cassandra-3,True,True,2.273,2026-09-16T13:00:14.576705+00:00,
fcecb323-d229-498f-954e-1a4656ce06d7,monotonic_reads,network_partition,reader-1,read,mr-fcecb323-d229-498f-954e-1a4656ce06d7,,208,ONE,ALL,cassandra-1,True,False,2.905,2026-09-16T13:00:14.590998+00:00,
fcecb323-d229-498f-954e-1a4656ce06d7,monotonic_reads,network_partition,reader-1,read,mr-fcecb323-d229-498f-954e-1a4656ce06d7,,208,ONE,ALL,cassandra-2,True,False,1.667,2026-09-16T13:00:14.604461+00:00,
fcecb323-d229-498f-954e-1a4656ce06d7,monotonic_reads,network_partition,reader-1,read,mr-fcecb323-d229-498f-954e-1a4656ce06d7,,207,ONE,ALL,cassandra-3,True,True,2.258,2026-09-16T13:00:14.618511+00:00,
fcecb323-d229-498f-954e-1a4656ce06d7,monotonic_reads,network_partition,reader-1,read,mr-fcecb323-d229-498f-954e-1a4656ce06d7,,208,ONE,ALL,cassandra-1,True,False,1.614,2026-09-16T13:00:14.630841+00:00,
fcecb323-d229-498f-954e-1a4656ce06d7,monotonic_reads,network_partition,reader-1,read,mr-fcecb323-d229-498f-954e-1a4656ce06d7,,208,ONE,ALL,cassandra-2,True,False,1.852,2026-09-16T13:00:14.645302+00:00,
fcecb323-d229-498f-954e-1a4656ce06d7,monotonic_reads,network_partition,reader-1,read,mr-fcecb323-d229-498f-954e-1a4656ce06d7,,207,ONE,ALL,cassandra-3,True,True,1.704,2026-09-16T13:00:14.659692+00:00,
fcecb323-d229-498f-954e-1a4656ce06d7,monotonic_reads,network_partition,reader-1,read,mr-fcecb323-d229-498f-954e-1a4656ce06d7,,208,ONE,ALL,cassandra-1,True,False,1.988,2026-09-16T13:00:14.681288+00:00,
fcecb323-d229-498f-954e-1a4656ce06d7,monotonic_reads,network_partition,reader-1,read,mr-fcecb323-d229-498f-954e-1a4656ce06d7,,208,ONE,ALL,cassandra-2,True,False,2.308,2026-09-16T13:00:14.696089+00:00,
fcecb323-d229-498f-954e-1a4656ce06d7,monotonic_reads,network_partition,reader-1,read,mr-fcecb323-d229-498f-954e-1a4656ce06d7,,207,ONE,ALL,cassandra-3,True,True,9.063,2026-09-16T13:00:14.717899+00:00,
fcecb323-d229-498f-954e-1a4656ce06d7,monotonic_reads,network_partition,reader-1,read,mr-fcecb323-d229-498f-954e-1a4656ce06d7,,208,ONE,ALL,cassandra-1,True,False,1.465,2026-09-16T13:00:14.730558+00:00,
fcecb323-d229-498f-954e-1a4656ce06d7,monotonic_reads,network_partition,reader-1,read,mr-fcecb323-d229-498f-954e-1a4656ce06d7,,208,ONE,ALL,cassandra-2,True,False,1.916,2026-09-16T13:00:14.745073+00:00,
fcecb323-d229-498f-954e-1a4656ce06d7,monotonic_reads,network_partition,reader-1,read,mr-fcecb323-d229-498f-954e-1a4656ce06d7,,207,ONE,ALL,cassandra-3,True,True,3.398,2026-09-16T13:00:14.760909+00:00,
fcecb323-d229-498f-954e-1a4656ce06d7,monotonic_reads,network_partition,reader-1,read,mr-fcecb323-d229-498f-954e-1a4656ce06d7,,208,ONE,ALL,cassandra-1,True,False,3.332,2026-09-16T13:00:14.776913+00:00,
fcecb323-d229-498f-954e-1a4656ce06d7,monotonic_reads,network_partition,reader-1,read,mr-fcecb323-d229-498f-954e-1a4656ce06d7,,208,ONE,ALL,cassandra-2,True,False,3.8,2026-09-16T13:00:14.791452+00:00,
fcecb323-d229-498f-954e-1a4656ce06d7,monotonic_reads,network_partition,reader-1,read,mr-fcecb323-d229-498f-954e-1a4656ce06d7,,207,ONE,ALL,cassandra-3,True,True,3.972,2026-09-16T13:00:14.807523+00:00,
fcecb323-d229-498f-954e-1a4656ce06d7,monotonic_reads,network_partition,reader-1,read,mr-fcecb323-d229-498f-954e-1a4656ce06d7,,208,ONE,ALL,cassandra-1,True,False,3.383,2026-09-16T13:00:14.823154+00:00,
fcecb323-d229-498f-954e-1a4656ce06d7,monotonic_reads,network_partition,reader-1,read,mr-fcecb323-d229-498f-954e-1a4656ce06d7,,208,ONE,ALL,cassandra-2,True,False,12.147,2026-09-16T13:00:14.847697+00:00,
fcecb323-d229-498f-954e-1a4656ce06d7,monotonic_reads,network_partition,reader-1,read,mr-fcecb323-d229-498f-954e-1a4656ce06d7,,207,ONE,ALL,cassandra-3,True,True,2.838,2026-09-16T13:00:14.862447+00:00,
fcecb323-d229-498f-954e-1a4656ce06d7,monotonic_reads,network_partition,reader-1,read,mr-fcecb323-d229-498f-954e-1a4656ce06d7,,208,ONE,ALL,cassandra-1,True,False,6.639,2026-09-16T13:00:14.881801+00:00,
fcecb323-d229-498f-954e-1a4656ce06d7,monotonic_reads,network_partition,reader-1,read,mr-fcecb323-d229-498f-954e-1a4656ce06d7,,208,ONE,ALL,cassandra-2,True,False,3.474,2026-09-16T13:00:14.897751+00:00,
fcecb323-d229-498f-954e-1a4656ce06d7,monotonic_reads,network_partition,reader-1,read,mr-fcecb323-d229-498f-954e-1a4656ce06d7,,207,ONE,ALL,cassandra-3,True,True,3.992,2026-09-16T13:00:14.913017+00:00,
fcecb323-d229-498f-954e-1a4656ce06d7,monotonic_reads,network_partition,reader-1,read,mr-fcecb323-d229-498f-954e-1a4656ce06d7,,208,ONE,ALL,cassandra-1,True,False,6.569,2026-09-16T13:00:14.932365+00:00,
fcecb323-d229-498f-954e-1a4656ce06d7,monotonic_reads,network_partition,reader-1,read,mr-fcecb323-d229-498f-954e-1a4656ce06d7,,208,ONE,ALL,cassandra-2,True,False,2.948,2026-09-16T13:00:14.946761+00:00,
fcecb323-d229-498f-954e-1a4656ce06d7,monotonic_reads,network_partition,reader-1,read,mr-fcecb323-d229-498f-954e-1a4656ce06d7,,207,ONE,ALL,cassandra-3,True,True,3.768,2026-09-16T13:00:14.961217+00:00,
fcecb323-d229-498f-954e-1a4656ce06d7,monotonic_reads,network_partition,reader-1,read,mr-fcecb323-d229-498f-954e-1a4656ce06d7,,208,ONE,ALL,cassandra-1,True,False,3.799,2026-09-16T13:00:14.976078+00:00,
fcecb323-d229-498f-954e-1a4656ce06d7,monotonic_reads,network_partition,reader-1,read,mr-fcecb323-d229-498f-954e-1a4656ce06d7,,208,ONE,ALL,cassandra-2,True,False,3.687,2026-09-16T13:00:14.990237+00:00,
fcecb323-d229-498f-954e-1a4656ce06d7,monotonic_reads,network_partition,reader-1,read,mr-fcecb323-d229-498f-954e-1a4656ce06d7,,207,ONE,ALL,cassandra-3,True,True,4.743,2026-09-16T13:00:15.006894+00:00,
fcecb323-d229-498f-954e-1a4656ce06d7,monotonic_reads,network_partition,reader-1,read,mr-fcecb323-d229-498f-954e-1a4656ce06d7,,208,ONE,ALL,cassandra-1,True,False,3.688,2026-09-16T13:00:15.022732+00:00,
fcecb323-d229-498f-954e-1a4656ce06d7,monotonic_reads,network_partition,reader-1,read,mr-fcecb323-d229-498f-954e-1a4656ce06d7,,208,ONE,ALL,cassandra-2,True,False,4.373,2026-09-16T13:00:15.039855+00:00,
fcecb323-d229-498f-954e-1a4656ce06d7,monotonic_reads,network_partition,reader-1,read,mr-fcecb323-d229-498f-954e-1a4656ce06d7,,207,ONE,ALL,cassandra-3,True,True,3.04,2026-09-16T13:00:15.055240+00:00,
fcecb323-d229-498f-954e-1a4656ce06d7,monotonic_reads,network_partition,reader-1,read,mr-fcecb323-d229-498f-954e-1a4656ce06d7,,208,ONE,ALL,cassandra-1,True,False,3.643,2026-09-16T13:00:15.070412+00:00,
fcecb323-d229-498f-954e-1a4656ce06d7,monotonic_reads,network_partition,reader-1,read,mr-fcecb323-d229-498f-954e-1a4656ce06d7,,208,ONE,ALL,cassandra-2,True,False,3.305,2026-09-16T13:00:15.086353+00:00,
fcecb323-d229-498f-954e-1a4656ce06d7,monotonic_reads,network_partition,reader-1,read,mr-fcecb323-d229-498f-954e-1a4656ce06d7,,207,ONE,ALL,cassandra-3,True,True,3.236,2026-09-16T13:00:15.101646+00:00,
fcecb323-d229-498f-954e-1a4656ce06d7,monotonic_reads,network_partition,reader-1,read,mr-fcecb323-d229-498f-954e-1a4656ce06d7,,208,ONE,ALL,cassandra-1,True,False,3.595,2026-09-16T13:00:15.117143+00:00,
fcecb323-d229-498f-954e-1a4656ce06d7,monotonic_reads,network_partition,reader-1,read,mr-fcecb323-d229-498f-954e-1a4656ce06d7,,208,ONE,ALL,cassandra-2,True,False,2.694,2026-09-16T13:00:15.131227+00:00,
fcecb323-d229-498f-954e-1a4656ce06d7,monotonic_reads,network_partition,reader-1,read,mr-fcecb323-d229-498f-954e-1a4656ce06d7,,207,ONE,ALL,cassandra-3,True,True,3.026,2026-09-16T13:00:15.144580+00:00,
fcecb323-d229-498f-954e-1a4656ce06d7,monotonic_reads,network_partition,reader-1,read,mr-fcecb323-d229-498f-954e-1a4656ce06d7,,208,ONE,ALL,cassandra-1,True,False,3.466,2026-09-16T13:00:15.159020+00:00,
fcecb323-d229-498f-954e-1a4656ce06d7,monotonic_reads,network_partition,reader-1,read,mr-fcecb323-d229-498f-954e-1a4656ce06d7,,208,ONE,ALL,cassandra-2,True,False,4.151,2026-09-16T13:00:15.175086+00:00,
fcecb323-d229-498f-954e-1a4656ce06d7,monotonic_reads,network_partition,reader-1,read,mr-fcecb323-d229-498f-954e-1a4656ce06d7,,207,ONE,ALL,cassandra-3,True,True,3.278,2026-09-16T13:00:15.189216+00:00,
fcecb323-d229-498f-954e-1a4656ce06d7,monotonic_reads,network_partition,reader-1,read,mr-fcecb323-d229-498f-954e-1a4656ce06d7,,208,ONE,ALL,cassandra-1,True,False,3.103,2026-09-16T13:00:15.203670+00:00,
fcecb323-d229-498f-954e-1a4656ce06d7,monotonic_reads,network_partition,reader-1,read,mr-fcecb323-d229-498f-954e-1a4656ce06d7,,208,ONE,ALL,cassandra-2,True,False,3.332,2026-09-16T13:00:15.218709+00:00,
fcecb323-d229-498f-954e-1a4656ce06d7,monotonic_reads,network_partition,reader-1,read,mr-fcecb323-d229-498f-954e-1a4656ce06d7,,207,ONE,ALL,cassandra-3,True,True,6.625,2026-09-16T13:00:15.238033+00:00,
fcecb323-d229-498f-954e-1a4656ce06d7,monotonic_reads,network_partition,reader-1,read,mr-fcecb323-d229-498f-954e-1a4656ce06d7,,208,ONE,ALL,cassandra-1,True,False,4.236,2026-09-16T13:00:15.253827+00:00,
fcecb323-d229-498f-954e-1a4656ce06d7,monotonic_reads,network_partition,reader-1,read,mr-fcecb323-d229-498f-954e-1a4656ce06d7,,208,ONE,ALL,cassandra-2,True,False,3.055,2026-09-16T13:00:15.269305+00:00,
fcecb323-d229-498f-954e-1a4656ce06d7,monotonic_reads,network_partition,reader-1,read,mr-fcecb323-d229-498f-954e-1a4656ce06d7,,207,ONE,ALL,cassandra-3,True,True,3.867,2026-09-16T13:00:15.284422+00:00,
fcecb323-d229-498f-954e-1a4656ce06d7,monotonic_reads,network_partition,reader-1,read,mr-fcecb323-d229-498f-954e-1a4656ce06d7,,208,ONE,ALL,cassandra-1,True,False,3.035,2026-09-16T13:00:15.299401+00:00,
fcecb323-d229-498f-954e-1a4656ce06d7,monotonic_reads,network_partition,reader-1,read,mr-fcecb323-d229-498f-954e-1a4656ce06d7,,208,ONE,ALL,cassandra-2,True,False,3.305,2026-09-16T13:00:15.314229+00:00,
fcecb323-d229-498f-954e-1a4656ce06d7,monotonic_reads,network_partition,reader-1,read,mr-fcecb323-d229-498f-954e-1a4656ce06d7,,207,ONE,ALL,cassandra-3,True,True,3.097,2026-09-16T13:00:15.329636+00:00,
fcecb323-d229-498f-954e-1a4656ce06d7,monotonic_reads,network_partition,reader-1,read,mr-fcecb323-d229-498f-954e-1a4656ce06d7,,208,ONE,ALL,cassandra-1,True,False,3.556,2026-09-16T13:00:15.345095+00:00,
fcecb323-d229-498f-954e-1a4656ce06d7,monotonic_reads,network_partition,reader-1,read,mr-fcecb323-d229-498f-954e-1a4656ce06d7,,208,ONE,ALL,cassandra-2,True,False,3.859,2026-09-16T13:00:15.359303+00:00,
fcecb323-d229-498f-954e-1a4656ce06d7,monotonic_reads,network_partition,reader-1,read,mr-fcecb323-d229-498f-954e-1a4656ce06d7,,207,ONE,ALL,cassandra-3,True,True,3.158,2026-09-16T13:00:15.372710+00:00,
fcecb323-d229-498f-954e-1a4656ce06d7,monotonic_reads,network_partition,reader-1,read,mr-fcecb323-d229-498f-954e-1a4656ce06d7,,208,ONE,ALL,cassandra-1,True,False,3.526,2026-09-16T13:00:15.388374+00:00,
fcecb323-d229-498f-954e-1a4656ce06d7,monotonic_reads,network_partition,reader-1,read,mr-fcecb323-d229-498f-954e-1a4656ce06d7,,208,ONE,ALL,cassandra-2,True,False,3.461,2026-09-16T13:00:15.403421+00:00,
fcecb323-d229-498f-954e-1a4656ce06d7,monotonic_reads,network_partition,reader-1,read,mr-fcecb323-d229-498f-954e-1a4656ce06d7,,207,ONE,ALL,cassandra-3,True,True,3.657,2026-09-16T13:00:15.419193+00:00,
fcecb323-d229-498f-954e-1a4656ce06d7,monotonic_reads,network_partition,reader-1,read,mr-fcecb323-d229-498f-954e-1a4656ce06d7,,208,ONE,ALL,cassandra-1,True,False,3.583,2026-09-16T13:00:15.435106+00:00,
fcecb323-d229-498f-954e-1a4656ce06d7,monotonic_reads,network_partition,reader-1,read,mr-fcecb323-d229-498f-954e-1a4656ce06d7,,208,ONE,ALL,cassandra-2,True,False,3.335,2026-09-16T13:00:15.449792+00:00,
fcecb323-d229-498f-954e-1a4656ce06d7,monotonic_reads,network_partition,reader-1,read,mr-fcecb323-d229-498f-954e-1a4656ce06d7,,207,ONE,ALL,cassandra-3,True,True,4.098,2026-09-16T13:00:15.465044+00:00,
fcecb323-d229-498f-954e-1a4656ce06d7,monotonic_reads,network_partition,reader-1,read,mr-fcecb323-d229-498f-954e-1a4656ce06d7,,208,ONE,ALL,cassandra-1,True,False,2.026,2026-09-16T13:00:15.478066+00:00,
fcecb323-d229-498f-954e-1a4656ce06d7,monotonic_reads,network_partition,reader-1,read,mr-fcecb323-d229-498f-954e-1a4656ce06d7,,208,ONE,ALL,cassandra-2,True,False,1.89,2026-09-16T13:00:15.492526+00:00,
fcecb323-d229-498f-954e-1a4656ce06d7,monotonic_reads,network_partition,reader-1,read,mr-fcecb323-d229-498f-954e-1a4656ce06d7,,207,ONE,ALL,cassandra-3,True,True,4.83,2026-09-16T13:00:15.509978+00:00,
fcecb323-d229-498f-954e-1a4656ce06d7,monotonic_reads,network_partition,reader-1,read,mr-fcecb323-d229-498f-954e-1a4656ce06d7,,208,ONE,ALL,cassandra-1,True,False,2.81,2026-09-16T13:00:15.523410+00:00,
fcecb323-d229-498f-954e-1a4656ce06d7,monotonic_reads,network_partition,reader-1,read,mr-fcecb323-d229-498f-954e-1a4656ce06d7,,208,ONE,ALL,cassandra-2,True,False,1.904,2026-09-16T13:00:15.536144+00:00,
fcecb323-d229-498f-954e-1a4656ce06d7,monotonic_reads,network_partition,reader-1,read,mr-fcecb323-d229-498f-954e-1a4656ce06d7,,207,ONE,ALL,cassandra-3,True,True,2.969,2026-09-16T13:00:15.549454+00:00,
fcecb323-d229-498f-954e-1a4656ce06d7,monotonic_reads,network_partition,reader-1,read,mr-fcecb323-d229-498f-954e-1a4656ce06d7,,208,ONE,ALL,cassandra-1,True,False,2.964,2026-09-16T13:00:15.564999+00:00,
fcecb323-d229-498f-954e-1a4656ce06d7,monotonic_reads,network_partition,reader-1,read,mr-fcecb323-d229-498f-954e-1a4656ce06d7,,208,ONE,ALL,cassandra-2,True,False,2.515,2026-09-16T13:00:15.580083+00:00,
fcecb323-d229-498f-954e-1a4656ce06d7,monotonic_reads,network_partition,reader-1,read,mr-fcecb323-d229-498f-954e-1a4656ce06d7,,207,ONE,ALL,cassandra-3,True,True,2.62,2026-09-16T13:00:15.595286+00:00,
fcecb323-d229-498f-954e-1a4656ce06d7,monotonic_reads,network_partition,reader-1,read,mr-fcecb323-d229-498f-954e-1a4656ce06d7,,208,ONE,ALL,cassandra-1,True,False,3.09,2026-09-16T13:00:15.610136+00:00,
fcecb323-d229-498f-954e-1a4656ce06d7,monotonic_reads,network_partition,reader-1,read,mr-fcecb323-d229-498f-954e-1a4656ce06d7,,208,ONE,ALL,cassandra-2,True,False,3.124,2026-09-16T13:00:15.625994+00:00,
fcecb323-d229-498f-954e-1a4656ce06d7,monotonic_reads,network_partition,reader-1,read,mr-fcecb323-d229-498f-954e-1a4656ce06d7,,207,ONE,ALL,cassandra-3,True,True,3.854,2026-09-16T13:00:15.641916+00:00,
fcecb323-d229-498f-954e-1a4656ce06d7,monotonic_reads,network_partition,reader-1,read,mr-fcecb323-d229-498f-954e-1a4656ce06d7,,208,ONE,ALL,cassandra-1,True,False,3.063,2026-09-16T13:00:15.655506+00:00,
fcecb323-d229-498f-954e-1a4656ce06d7,monotonic_reads,network_partition,reader-1,read,mr-fcecb323-d229-498f-954e-1a4656ce06d7,,208,ONE,ALL,cassandra-2,True,False,3.615,2026-09-16T13:00:15.671183+00:00,
fcecb323-d229-498f-954e-1a4656ce06d7,monotonic_reads,network_partition,reader-1,read,mr-fcecb323-d229-498f-954e-1a4656ce06d7,,207,ONE,ALL,cassandra-3,True,True,4.202,2026-09-16T13:00:15.688178+00:00,
fcecb323-d229-498f-954e-1a4656ce06d7,monotonic_reads,network_partition,reader-1,read,mr-fcecb323-d229-498f-954e-1a4656ce06d7,,208,ONE,ALL,cassandra-1,True,False,3.596,2026-09-16T13:00:15.704119+00:00,
fcecb323-d229-498f-954e-1a4656ce06d7,monotonic_reads,network_partition,reader-1,read,mr-fcecb323-d229-498f-954e-1a4656ce06d7,,208,ONE,ALL,cassandra-2,True,False,3.503,2026-09-16T13:00:15.720267+00:00,
fcecb323-d229-498f-954e-1a4656ce06d7,monotonic_reads,network_partition,reader-1,read,mr-fcecb323-d229-498f-954e-1a4656ce06d7,,207,ONE,ALL,cassandra-3,True,True,2.982,2026-09-16T13:00:15.735184+00:00,
fcecb323-d229-498f-954e-1a4656ce06d7,monotonic_reads,network_partition,reader-1,read,mr-fcecb323-d229-498f-954e-1a4656ce06d7,,208,ONE,ALL,cassandra-1,True,False,2.676,2026-09-16T13:00:15.748952+00:00,
fcecb323-d229-498f-954e-1a4656ce06d7,monotonic_reads,network_partition,reader-1,read,mr-fcecb323-d229-498f-954e-1a4656ce06d7,,208,ONE,ALL,cassandra-2,True,False,3.644,2026-09-16T13:00:15.765212+00:00,
fcecb323-d229-498f-954e-1a4656ce06d7,monotonic_reads,network_partition,reader-1,read,mr-fcecb323-d229-498f-954e-1a4656ce06d7,,207,ONE,ALL,cassandra-3,True,True,3.244,2026-09-16T13:00:15.780892+00:00,
fcecb323-d229-498f-954e-1a4656ce06d7,monotonic_reads,network_partition,reader-1,read,mr-fcecb323-d229-498f-954e-1a4656ce06d7,,208,ONE,ALL,cassandra-1,True,False,6.407,2026-09-16T13:00:15.798596+00:00,
fcecb323-d229-498f-954e-1a4656ce06d7,monotonic_reads,network_partition,reader-1,read,mr-fcecb323-d229-498f-954e-1a4656ce06d7,,208,ONE,ALL,cassandra-2,True,False,3.125,2026-09-16T13:00:15.814410+00:00,
fcecb323-d229-498f-954e-1a4656ce06d7,monotonic_reads,network_partition,reader-1,read,mr-fcecb323-d229-498f-954e-1a4656ce06d7,,207,ONE,ALL,cassandra-3,True,True,3.138,2026-09-16T13:00:15.830244+00:00,
fcecb323-d229-498f-954e-1a4656ce06d7,monotonic_reads,network_partition,reader-1,read,mr-fcecb323-d229-498f-954e-1a4656ce06d7,,208,ONE,ALL,cassandra-1,True,False,11.51,2026-09-16T13:00:15.854420+00:00,
fcecb323-d229-498f-954e-1a4656ce06d7,monotonic_reads,network_partition,reader-1,read,mr-fcecb323-d229-498f-954e-1a4656ce06d7,,208,ONE,ALL,cassandra-2,True,False,2.705,2026-09-16T13:00:15.869892+00:00,
fcecb323-d229-498f-954e-1a4656ce06d7,monotonic_reads,network_partition,reader-1,read,mr-fcecb323-d229-498f-954e-1a4656ce06d7,,207,ONE,ALL,cassandra-3,True,True,2.137,2026-09-16T13:00:15.882832+00:00,
fcecb323-d229-498f-954e-1a4656ce06d7,monotonic_reads,network_partition,reader-1,read,mr-fcecb323-d229-498f-954e-1a4656ce06d7,,208,ONE,ALL,cassandra-1,True,False,3.795,2026-09-16T13:00:15.898694+00:00,
fcecb323-d229-498f-954e-1a4656ce06d7,monotonic_reads,network_partition,reader-1,read,mr-fcecb323-d229-498f-954e-1a4656ce06d7,,208,ONE,ALL,cassandra-2,True,False,5.028,2026-09-16T13:00:15.916534+00:00,
fcecb323-d229-498f-954e-1a4656ce06d7,monotonic_reads,network_partition,reader-1,read,mr-fcecb323-d229-498f-954e-1a4656ce06d7,,207,ONE,ALL,cassandra-3,True,True,4.561,2026-09-16T13:00:15.933868+00:00,
fcecb323-d229-498f-954e-1a4656ce06d7,monotonic_reads,network_partition,reader-1,read,mr-fcecb323-d229-498f-954e-1a4656ce06d7,,208,ONE,ALL,cassandra-1,True,False,4.188,2026-09-16T13:00:15.948834+00:00,
fcecb323-d229-498f-954e-1a4656ce06d7,monotonic_reads,network_partition,reader-1,read,mr-fcecb323-d229-498f-954e-1a4656ce06d7,,208,ONE,ALL,cassandra-2,True,False,5.971,2026-09-16T13:00:15.965577+00:00,
fcecb323-d229-498f-954e-1a4656ce06d7,monotonic_reads,network_partition,reader-1,read,mr-fcecb323-d229-498f-954e-1a4656ce06d7,,207,ONE,ALL,cassandra-3,True,True,2.932,2026-09-16T13:00:15.978856+00:00,
fcecb323-d229-498f-954e-1a4656ce06d7,monotonic_reads,network_partition,reader-1,read,mr-fcecb323-d229-498f-954e-1a4656ce06d7,,208,ONE,ALL,cassandra-1,True,False,3.96,2026-09-16T13:00:15.994385+00:00,
fcecb323-d229-498f-954e-1a4656ce06d7,monotonic_reads,network_partition,reader-1,read,mr-fcecb323-d229-498f-954e-1a4656ce06d7,,208,ONE,ALL,cassandra-2,True,False,7.561,2026-09-16T13:00:16.014689+00:00,
fcecb323-d229-498f-954e-1a4656ce06d7,monotonic_reads,network_partition,reader-1,read,mr-fcecb323-d229-498f-954e-1a4656ce06d7,,207,ONE,ALL,cassandra-3,True,True,3.521,2026-09-16T13:00:16.030919+00:00,
fcecb323-d229-498f-954e-1a4656ce06d7,monotonic_reads,network_partition,reader-1,read,mr-fcecb323-d229-498f-954e-1a4656ce06d7,,208,ONE,ALL,cassandra-1,True,False,4.027,2026-09-16T13:00:16.047704+00:00,
fcecb323-d229-498f-954e-1a4656ce06d7,monotonic_reads,network_partition,reader-1,read,mr-fcecb323-d229-498f-954e-1a4656ce06d7,,208,ONE,ALL,cassandra-2,True,False,3.516,2026-09-16T13:00:16.063946+00:00,
fcecb323-d229-498f-954e-1a4656ce06d7,monotonic_reads,network_partition,reader-1,read,mr-fcecb323-d229-498f-954e-1a4656ce06d7,,207,ONE,ALL,cassandra-3,True,True,4.266,2026-09-16T13:00:16.080306+00:00,
fcecb323-d229-498f-954e-1a4656ce06d7,monotonic_reads,network_partition,reader-1,read,mr-fcecb323-d229-498f-954e-1a4656ce06d7,,208,ONE,ALL,cassandra-1,True,False,4.047,2026-09-16T13:00:16.097104+00:00,
fcecb323-d229-498f-954e-1a4656ce06d7,monotonic_reads,network_partition,reader-1,read,mr-fcecb323-d229-498f-954e-1a4656ce06d7,,208,ONE,ALL,cassandra-2,True,False,3.314,2026-09-16T13:00:16.110866+00:00,
fcecb323-d229-498f-954e-1a4656ce06d7,monotonic_reads,network_partition,reader-1,read,mr-fcecb323-d229-498f-954e-1a4656ce06d7,,207,ONE,ALL,cassandra-3,True,True,3.87,2026-09-16T13:00:16.125357+00:00,
fcecb323-d229-498f-954e-1a4656ce06d7,monotonic_reads,network_partition,reader-1,read,mr-fcecb323-d229-498f-954e-1a4656ce06d7,,208,ONE,ALL,cassandra-1,True,False,1.651,2026-09-16T13:00:16.138827+00:00,
fcecb323-d229-498f-954e-1a4656ce06d7,monotonic_reads,network_partition,reader-1,read,mr-fcecb323-d229-498f-954e-1a4656ce06d7,,208,ONE,ALL,cassandra-2,True,False,1.648,2026-09-16T13:00:16.151487+00:00,
fcecb323-d229-498f-954e-1a4656ce06d7,monotonic_reads,network_partition,reader-1,read,mr-fcecb323-d229-498f-954e-1a4656ce06d7,,207,ONE,ALL,cassandra-3,True,True,1.935,2026-09-16T13:00:16.166136+00:00,
fcecb323-d229-498f-954e-1a4656ce06d7,monotonic_reads,network_partition,reader-1,read,mr-fcecb323-d229-498f-954e-1a4656ce06d7,,208,ONE,ALL,cassandra-1,True,False,1.647,2026-09-16T13:00:16.179224+00:00,
fcecb323-d229-498f-954e-1a4656ce06d7,monotonic_reads,network_partition,reader-1,read,mr-fcecb323-d229-498f-954e-1a4656ce06d7,,208,ONE,ALL,cassandra-2,True,False,1.862,2026-09-16T13:00:16.193827+00:00,
fcecb323-d229-498f-954e-1a4656ce06d7,monotonic_reads,network_partition,reader-1,read,mr-fcecb323-d229-498f-954e-1a4656ce06d7,,207,ONE,ALL,cassandra-3,True,True,1.606,2026-09-16T13:00:16.205664+00:00,
fcecb323-d229-498f-954e-1a4656ce06d7,monotonic_reads,network_partition,reader-1,read,mr-fcecb323-d229-498f-954e-1a4656ce06d7,,208,ONE,ALL,cassandra-1,True,False,1.757,2026-09-16T13:00:16.217987+00:00,
fcecb323-d229-498f-954e-1a4656ce06d7,monotonic_reads,network_partition,reader-1,read,mr-fcecb323-d229-498f-954e-1a4656ce06d7,,208,ONE,ALL,cassandra-2,True,False,1.487,2026-09-16T13:00:16.231232+00:00,
fcecb323-d229-498f-954e-1a4656ce06d7,monotonic_reads,network_partition,reader-1,read,mr-fcecb323-d229-498f-954e-1a4656ce06d7,,207,ONE,ALL,cassandra-3,True,True,1.64,2026-09-16T13:00:16.245404+00:00,
fcecb323-d229-498f-954e-1a4656ce06d7,monotonic_reads,network_partition,reader-1,read,mr-fcecb323-d229-498f-954e-1a4656ce06d7,,208,ONE,ALL,cassandra-1,True,False,1.928,2026-09-16T13:00:16.258387+00:00,
fcecb323-d229-498f-954e-1a4656ce06d7,monotonic_reads,network_partition,reader-1,read,mr-fcecb323-d229-498f-954e-1a4656ce06d7,,208,ONE,ALL,cassandra-2,True,False,2.112,2026-09-16T13:00:16.271457+00:00,
fcecb323-d229-498f-954e-1a4656ce06d7,monotonic_reads,network_partition,reader-1,read,mr-fcecb323-d229-498f-954e-1a4656ce06d7,,207,ONE,ALL,cassandra-3,True,True,1.984,2026-09-16T13:00:16.284872+00:00,
fcecb323-d229-498f-954e-1a4656ce06d7,monotonic_reads,network_partition,reader-1,read,mr-fcecb323-d229-498f-954e-1a4656ce06d7,,208,ONE,ALL,cassandra-1,True,False,2.247,2026-09-16T13:00:16.299767+00:00,
fcecb323-d229-498f-954e-1a4656ce06d7,monotonic_reads,network_partition,reader-1,read,mr-fcecb323-d229-498f-954e-1a4656ce06d7,,208,ONE,ALL,cassandra-2,True,False,2.953,2026-09-16T13:00:16.313505+00:00,
fcecb323-d229-498f-954e-1a4656ce06d7,monotonic_reads,network_partition,reader-1,read,mr-fcecb323-d229-498f-954e-1a4656ce06d7,,207,ONE,ALL,cassandra-3,True,True,2.39,2026-09-16T13:00:16.327924+00:00,
fcecb323-d229-498f-954e-1a4656ce06d7,monotonic_reads,network_partition,reader-1,read,mr-fcecb323-d229-498f-954e-1a4656ce06d7,,208,ONE,ALL,cassandra-1,True,False,5.284,2026-09-16T13:00:16.345886+00:00,
fcecb323-d229-498f-954e-1a4656ce06d7,monotonic_reads,network_partition,reader-1,read,mr-fcecb323-d229-498f-954e-1a4656ce06d7,,208,ONE,ALL,cassandra-2,True,False,2.764,2026-09-16T13:00:16.360241+00:00,
fcecb323-d229-498f-954e-1a4656ce06d7,monotonic_reads,network_partition,reader-1,read,mr-fcecb323-d229-498f-954e-1a4656ce06d7,,207,ONE,ALL,cassandra-3,True,True,9.0,2026-09-16T13:00:16.381158+00:00,
fcecb323-d229-498f-954e-1a4656ce06d7,monotonic_reads,network_partition,reader-1,read,mr-fcecb323-d229-498f-954e-1a4656ce06d7,,208,ONE,ALL,cassandra-1,True,False,3.277,2026-09-16T13:00:16.396552+00:00,
fcecb323-d229-498f-954e-1a4656ce06d7,monotonic_reads,network_partition,reader-1,read,mr-fcecb323-d229-498f-954e-1a4656ce06d7,,208,ONE,ALL,cassandra-2,True,False,3.098,2026-09-16T13:00:16.411011+00:00,
fcecb323-d229-498f-954e-1a4656ce06d7,monotonic_reads,network_partition,reader-1,read,mr-fcecb323-d229-498f-954e-1a4656ce06d7,,207,ONE,ALL,cassandra-3,True,True,3.475,2026-09-16T13:00:16.425265+00:00,
fcecb323-d229-498f-954e-1a4656ce06d7,monotonic_reads,network_partition,reader-1,read,mr-fcecb323-d229-498f-954e-1a4656ce06d7,,208,ONE,ALL,cassandra-1,True,False,3.254,2026-09-16T13:00:16.438798+00:00,
fcecb323-d229-498f-954e-1a4656ce06d7,monotonic_reads,network_partition,reader-1,read,mr-fcecb323-d229-498f-954e-1a4656ce06d7,,208,ONE,ALL,cassandra-2,True,False,3.429,2026-09-16T13:00:16.452861+00:00,
fcecb323-d229-498f-954e-1a4656ce06d7,monotonic_reads,network_partition,reader-1,read,mr-fcecb323-d229-498f-954e-1a4656ce06d7,,207,ONE,ALL,cassandra-3,True,True,3.32,2026-09-16T13:00:16.466864+00:00,
fcecb323-d229-498f-954e-1a4656ce06d7,monotonic_reads,network_partition,reader-1,read,mr-fcecb323-d229-498f-954e-1a4656ce06d7,,208,ONE,ALL,cassandra-1,True,False,3.146,2026-09-16T13:00:16.481046+00:00,
fcecb323-d229-498f-954e-1a4656ce06d7,monotonic_reads,network_partition,reader-1,read,mr-fcecb323-d229-498f-954e-1a4656ce06d7,,208,ONE,ALL,cassandra-2,True,False,3.183,2026-09-16T13:00:16.494756+00:00,
fcecb323-d229-498f-954e-1a4656ce06d7,monotonic_reads,network_partition,reader-1,read,mr-fcecb323-d229-498f-954e-1a4656ce06d7,,207,ONE,ALL,cassandra-3,True,True,11.704,2026-09-16T13:00:16.518897+00:00,
fcecb323-d229-498f-954e-1a4656ce06d7,monotonic_reads,network_partition,reader-1,read,mr-fcecb323-d229-498f-954e-1a4656ce06d7,,208,ONE,ALL,cassandra-1,True,False,1.714,2026-09-16T13:00:16.533344+00:00,
fcecb323-d229-498f-954e-1a4656ce06d7,monotonic_reads,network_partition,reader-1,read,mr-fcecb323-d229-498f-954e-1a4656ce06d7,,208,ONE,ALL,cassandra-2,True,False,3.365,2026-09-16T13:00:16.547318+00:00,
fcecb323-d229-498f-954e-1a4656ce06d7,monotonic_reads,network_partition,reader-1,read,mr-fcecb323-d229-498f-954e-1a4656ce06d7,,207,ONE,ALL,cassandra-3,True,True,3.703,2026-09-16T13:00:16.562259+00:00,
fcecb323-d229-498f-954e-1a4656ce06d7,monotonic_reads,network_partition,reader-1,read,mr-fcecb323-d229-498f-954e-1a4656ce06d7,,208,ONE,ALL,cassandra-1,True,False,3.827,2026-09-16T13:00:16.578778+00:00,
fcecb323-d229-498f-954e-1a4656ce06d7,monotonic_reads,network_partition,reader-1,read,mr-fcecb323-d229-498f-954e-1a4656ce06d7,,208,ONE,ALL,cassandra-2,True,False,3.499,2026-09-16T13:00:16.594905+00:00,
fcecb323-d229-498f-954e-1a4656ce06d7,monotonic_reads,network_partition,reader-1,read,mr-fcecb323-d229-498f-954e-1a4656ce06d7,,207,ONE,ALL,cassandra-3,True,True,3.342,2026-09-16T13:00:16.608907+00:00,
fcecb323-d229-498f-954e-1a4656ce06d7,monotonic_reads,network_partition,reader-1,read,mr-fcecb323-d229-498f-954e-1a4656ce06d7,,208,ONE,ALL,cassandra-1,True,False,4.287,2026-09-16T13:00:16.624838+00:00,
fcecb323-d229-498f-954e-1a4656ce06d7,monotonic_reads,network_partition,reader-1,read,mr-fcecb323-d229-498f-954e-1a4656ce06d7,,208,ONE,ALL,cassandra-2,True,False,3.333,2026-09-16T13:00:16.639881+00:00,
fcecb323-d229-498f-954e-1a4656ce06d7,monotonic_reads,network_partition,reader-1,read,mr-fcecb323-d229-498f-954e-1a4656ce06d7,,207,ONE,ALL,cassandra-3,True,True,3.448,2026-09-16T13:00:16.654855+00:00,
fcecb323-d229-498f-954e-1a4656ce06d7,monotonic_reads,network_partition,reader-1,read,mr-fcecb323-d229-498f-954e-1a4656ce06d7,,208,ONE,ALL,cassandra-1,True,False,3.191,2026-09-16T13:00:16.669948+00:00,
fcecb323-d229-498f-954e-1a4656ce06d7,monotonic_reads,network_partition,reader-1,read,mr-fcecb323-d229-498f-954e-1a4656ce06d7,,208,ONE,ALL,cassandra-2,True,False,4.177,2026-09-16T13:00:16.686812+00:00,
fcecb323-d229-498f-954e-1a4656ce06d7,monotonic_reads,network_partition,reader-1,read,mr-fcecb323-d229-498f-954e-1a4656ce06d7,,207,ONE,ALL,cassandra-3,True,True,4.879,2026-09-16T13:00:16.704259+00:00,
fcecb323-d229-498f-954e-1a4656ce06d7,monotonic_reads,network_partition,reader-1,read,mr-fcecb323-d229-498f-954e-1a4656ce06d7,,208,ONE,ALL,cassandra-1,True,False,2.435,2026-09-16T13:00:16.719013+00:00,
fcecb323-d229-498f-954e-1a4656ce06d7,monotonic_reads,network_partition,reader-1,read,mr-fcecb323-d229-498f-954e-1a4656ce06d7,,208,ONE,ALL,cassandra-2,True,False,1.555,2026-09-16T13:00:16.730925+00:00,
fcecb323-d229-498f-954e-1a4656ce06d7,monotonic_reads,network_partition,reader-1,read,mr-fcecb323-d229-498f-954e-1a4656ce06d7,,207,ONE,ALL,cassandra-3,True,True,1.413,2026-09-16T13:00:16.743552+00:00,
fcecb323-d229-498f-954e-1a4656ce06d7,monotonic_reads,network_partition,reader-1,read,mr-fcecb323-d229-498f-954e-1a4656ce06d7,,208,ONE,ALL,cassandra-1,True,False,1.359,2026-09-16T13:00:16.757496+00:00,
fcecb323-d229-498f-954e-1a4656ce06d7,monotonic_reads,network_partition,reader-1,read,mr-fcecb323-d229-498f-954e-1a4656ce06d7,,208,ONE,ALL,cassandra-2,True,False,1.28,2026-09-16T13:00:16.771041+00:00,
fcecb323-d229-498f-954e-1a4656ce06d7,monotonic_reads,network_partition,reader-1,read,mr-fcecb323-d229-498f-954e-1a4656ce06d7,,207,ONE,ALL,cassandra-3,True,True,1.247,2026-09-16T13:00:16.784861+00:00,
fcecb323-d229-498f-954e-1a4656ce06d7,monotonic_reads,network_partition,reader-1,read,mr-fcecb323-d229-498f-954e-1a4656ce06d7,,208,ONE,ALL,cassandra-1,True,False,1.361,2026-09-16T13:00:16.797258+00:00,
fcecb323-d229-498f-954e-1a4656ce06d7,monotonic_reads,network_partition,reader-1,read,mr-fcecb323-d229-498f-954e-1a4656ce06d7,,208,ONE,ALL,cassandra-2,True,False,1.211,2026-09-16T13:00:16.809772+00:00,
fcecb323-d229-498f-954e-1a4656ce06d7,monotonic_reads,network_partition,reader-1,read,mr-fcecb323-d229-498f-954e-1a4656ce06d7,,207,ONE,ALL,cassandra-3,True,True,1.217,2026-09-16T13:00:16.822188+00:00,
fcecb323-d229-498f-954e-1a4656ce06d7,monotonic_reads,network_partition,reader-1,read,mr-fcecb323-d229-498f-954e-1a4656ce06d7,,208,ONE,ALL,cassandra-1,True,False,1.224,2026-09-16T13:00:16.835972+00:00,
fcecb323-d229-498f-954e-1a4656ce06d7,monotonic_reads,network_partition,reader-1,read,mr-fcecb323-d229-498f-954e-1a4656ce06d7,,208,ONE,ALL,cassandra-2,True,False,5.26,2026-09-16T13:00:16.853823+00:00,
fcecb323-d229-498f-954e-1a4656ce06d7,monotonic_reads,network_partition,reader-1,read,mr-fcecb323-d229-498f-954e-1a4656ce06d7,,207,ONE,ALL,cassandra-3,True,True,1.744,2026-09-16T13:00:16.868177+00:00,
fcecb323-d229-498f-954e-1a4656ce06d7,monotonic_reads,network_partition,reader-1,read,mr-fcecb323-d229-498f-954e-1a4656ce06d7,,208,ONE,ALL,cassandra-1,True,False,1.41,2026-09-16T13:00:16.882177+00:00,
fcecb323-d229-498f-954e-1a4656ce06d7,monotonic_reads,network_partition,reader-1,read,mr-fcecb323-d229-498f-954e-1a4656ce06d7,,208,ONE,ALL,cassandra-2,True,False,1.42,2026-09-16T13:00:16.895009+00:00,
fcecb323-d229-498f-954e-1a4656ce06d7,monotonic_reads,network_partition,reader-1,read,mr-fcecb323-d229-498f-954e-1a4656ce06d7,,207,ONE,ALL,cassandra-3,True,True,1.322,2026-09-16T13:00:16.907196+00:00,
fcecb323-d229-498f-954e-1a4656ce06d7,monotonic_reads,network_partition,reader-1,read,mr-fcecb323-d229-498f-954e-1a4656ce06d7,,208,ONE,ALL,cassandra-1,True,False,1.345,2026-09-16T13:00:16.921070+00:00,
fcecb323-d229-498f-954e-1a4656ce06d7,monotonic_reads,network_partition,reader-1,read,mr-fcecb323-d229-498f-954e-1a4656ce06d7,,208,ONE,ALL,cassandra-2,True,False,1.389,2026-09-16T13:00:16.934864+00:00,
fcecb323-d229-498f-954e-1a4656ce06d7,monotonic_reads,network_partition,reader-1,read,mr-fcecb323-d229-498f-954e-1a4656ce06d7,,207,ONE,ALL,cassandra-3,True,True,1.284,2026-09-16T13:00:16.946913+00:00,
fcecb323-d229-498f-954e-1a4656ce06d7,monotonic_reads,network_partition,reader-1,read,mr-fcecb323-d229-498f-954e-1a4656ce06d7,,208,ONE,ALL,cassandra-1,True,False,1.502,2026-09-16T13:00:16.961002+00:00,
fcecb323-d229-498f-954e-1a4656ce06d7,monotonic_reads,network_partition,reader-1,read,mr-fcecb323-d229-498f-954e-1a4656ce06d7,,208,ONE,ALL,cassandra-2,True,False,1.685,2026-09-16T13:00:16.974119+00:00,
fcecb323-d229-498f-954e-1a4656ce06d7,monotonic_reads,network_partition,reader-1,read,mr-fcecb323-d229-498f-954e-1a4656ce06d7,,207,ONE,ALL,cassandra-3,True,True,1.635,2026-09-16T13:00:16.987060+00:00,
fcecb323-d229-498f-954e-1a4656ce06d7,monotonic_reads,network_partition,reader-1,read,mr-fcecb323-d229-498f-954e-1a4656ce06d7,,208,ONE,ALL,cassandra-1,True,False,2.146,2026-09-16T13:00:17.000039+00:00,
fcecb323-d229-498f-954e-1a4656ce06d7,monotonic_reads,network_partition,reader-1,read,mr-fcecb323-d229-498f-954e-1a4656ce06d7,,208,ONE,ALL,cassandra-2,True,False,2.058,2026-09-16T13:00:17.014187+00:00,
fcecb323-d229-498f-954e-1a4656ce06d7,monotonic_reads,network_partition,reader-1,read,mr-fcecb323-d229-498f-954e-1a4656ce06d7,,207,ONE,ALL,cassandra-3,True,True,1.554,2026-09-16T13:00:17.028333+00:00,
fcecb323-d229-498f-954e-1a4656ce06d7,monotonic_reads,network_partition,reader-1,read,mr-fcecb323-d229-498f-954e-1a4656ce06d7,,208,ONE,ALL,cassandra-1,True,False,1.771,2026-09-16T13:00:17.042731+00:00,
fcecb323-d229-498f-954e-1a4656ce06d7,monotonic_reads,network_partition,reader-1,read,mr-fcecb323-d229-498f-954e-1a4656ce06d7,,208,ONE,ALL,cassandra-2,True,False,1.36,2026-09-16T13:00:17.056771+00:00,
fcecb323-d229-498f-954e-1a4656ce06d7,monotonic_reads,network_partition,reader-1,read,mr-fcecb323-d229-498f-954e-1a4656ce06d7,,207,ONE,ALL,cassandra-3,True,True,1.49,2026-09-16T13:00:17.070258+00:00,
fcecb323-d229-498f-954e-1a4656ce06d7,monotonic_reads,network_partition,reader-1,read,mr-fcecb323-d229-498f-954e-1a4656ce06d7,,208,ONE,ALL,cassandra-1,True,False,1.679,2026-09-16T13:00:17.084616+00:00,
fcecb323-d229-498f-954e-1a4656ce06d7,monotonic_reads,network_partition,reader-1,read,mr-fcecb323-d229-498f-954e-1a4656ce06d7,,208,ONE,ALL,cassandra-2,True,False,1.489,2026-09-16T13:00:17.098739+00:00,
fcecb323-d229-498f-954e-1a4656ce06d7,monotonic_reads,network_partition,reader-1,read,mr-fcecb323-d229-498f-954e-1a4656ce06d7,,207,ONE,ALL,cassandra-3,True,True,1.252,2026-09-16T13:00:17.111592+00:00,
fcecb323-d229-498f-954e-1a4656ce06d7,monotonic_reads,network_partition,reader-1,read,mr-fcecb323-d229-498f-954e-1a4656ce06d7,,208,ONE,ALL,cassandra-1,True,False,1.53,2026-09-16T13:00:17.125562+00:00,
fcecb323-d229-498f-954e-1a4656ce06d7,monotonic_reads,network_partition,reader-1,read,mr-fcecb323-d229-498f-954e-1a4656ce06d7,,208,ONE,ALL,cassandra-2,True,False,1.597,2026-09-16T13:00:17.138021+00:00,
fcecb323-d229-498f-954e-1a4656ce06d7,monotonic_reads,network_partition,reader-1,read,mr-fcecb323-d229-498f-954e-1a4656ce06d7,,207,ONE,ALL,cassandra-3,True,True,1.498,2026-09-16T13:00:17.150698+00:00,
fcecb323-d229-498f-954e-1a4656ce06d7,monotonic_reads,network_partition,reader-1,read,mr-fcecb323-d229-498f-954e-1a4656ce06d7,,208,ONE,ALL,cassandra-1,True,False,1.37,2026-09-16T13:00:17.164744+00:00,
fcecb323-d229-498f-954e-1a4656ce06d7,monotonic_reads,network_partition,reader-1,read,mr-fcecb323-d229-498f-954e-1a4656ce06d7,,208,ONE,ALL,cassandra-2,True,False,3.792,2026-09-16T13:00:17.181192+00:00,
fcecb323-d229-498f-954e-1a4656ce06d7,monotonic_reads,network_partition,reader-1,read,mr-fcecb323-d229-498f-954e-1a4656ce06d7,,207,ONE,ALL,cassandra-3,True,True,1.943,2026-09-16T13:00:17.195910+00:00,
fcecb323-d229-498f-954e-1a4656ce06d7,monotonic_reads,network_partition,reader-1,read,mr-fcecb323-d229-498f-954e-1a4656ce06d7,,208,ONE,ALL,cassandra-1,True,False,2.06,2026-09-16T13:00:17.209806+00:00,
fcecb323-d229-498f-954e-1a4656ce06d7,monotonic_reads,network_partition,reader-1,read,mr-fcecb323-d229-498f-954e-1a4656ce06d7,,208,ONE,ALL,cassandra-2,True,False,1.406,2026-09-16T13:00:17.222157+00:00,
fcecb323-d229-498f-954e-1a4656ce06d7,monotonic_reads,network_partition,reader-1,read,mr-fcecb323-d229-498f-954e-1a4656ce06d7,,207,ONE,ALL,cassandra-3,True,True,1.849,2026-09-16T13:00:17.236465+00:00,
fcecb323-d229-498f-954e-1a4656ce06d7,monotonic_reads,network_partition,reader-1,read,mr-fcecb323-d229-498f-954e-1a4656ce06d7,,208,ONE,ALL,cassandra-1,True,False,1.778,2026-09-16T13:00:17.250224+00:00,
fcecb323-d229-498f-954e-1a4656ce06d7,monotonic_reads,network_partition,reader-1,read,mr-fcecb323-d229-498f-954e-1a4656ce06d7,,208,ONE,ALL,cassandra-2,True,False,1.645,2026-09-16T13:00:17.262760+00:00,
fcecb323-d229-498f-954e-1a4656ce06d7,monotonic_reads,network_partition,reader-1,read,mr-fcecb323-d229-498f-954e-1a4656ce06d7,,207,ONE,ALL,cassandra-3,True,True,1.927,2026-09-16T13:00:17.277090+00:00,
fcecb323-d229-498f-954e-1a4656ce06d7,monotonic_reads,network_partition,reader-1,read,mr-fcecb323-d229-498f-954e-1a4656ce06d7,,208,ONE,ALL,cassandra-1,True,False,3.118,2026-09-16T13:00:17.292833+00:00,
fcecb323-d229-498f-954e-1a4656ce06d7,monotonic_reads,network_partition,reader-1,read,mr-fcecb323-d229-498f-954e-1a4656ce06d7,,208,ONE,ALL,cassandra-2,True,False,2.735,2026-09-16T13:00:17.307635+00:00,
fcecb323-d229-498f-954e-1a4656ce06d7,monotonic_reads,network_partition,reader-1,read,mr-fcecb323-d229-498f-954e-1a4656ce06d7,,207,ONE,ALL,cassandra-3,True,True,2.78,2026-09-16T13:00:17.322681+00:00,
fcecb323-d229-498f-954e-1a4656ce06d7,monotonic_reads,network_partition,reader-1,read,mr-fcecb323-d229-498f-954e-1a4656ce06d7,,208,ONE,ALL,cassandra-1,True,False,3.626,2026-09-16T13:00:17.337210+00:00,
fcecb323-d229-498f-954e-1a4656ce06d7,monotonic_reads,network_partition,reader-1,read,mr-fcecb323-d229-498f-954e-1a4656ce06d7,,208,ONE,ALL,cassandra-2,True,False,3.934,2026-09-16T13:00:17.353900+00:00,
fcecb323-d229-498f-954e-1a4656ce06d7,monotonic_reads,network_partition,reader-1,read,mr-fcecb323-d229-498f-954e-1a4656ce06d7,,207,ONE,ALL,cassandra-3,True,True,3.488,2026-09-16T13:00:17.370080+00:00,
fcecb323-d229-498f-954e-1a4656ce06d7,monotonic_reads,network_partition,reader-1,read,mr-fcecb323-d229-498f-954e-1a4656ce06d7,,208,ONE,ALL,cassandra-1,True,False,3.828,2026-09-16T13:00:17.386624+00:00,
fcecb323-d229-498f-954e-1a4656ce06d7,monotonic_reads,network_partition,reader-1,read,mr-fcecb323-d229-498f-954e-1a4656ce06d7,,208,ONE,ALL,cassandra-2,True,False,4.016,2026-09-16T13:00:17.401565+00:00,
fcecb323-d229-498f-954e-1a4656ce06d7,monotonic_reads,network_partition,reader-1,read,mr-fcecb323-d229-498f-954e-1a4656ce06d7,,207,ONE,ALL,cassandra-3,True,True,4.028,2026-09-16T13:00:17.418315+00:00,
fcecb323-d229-498f-954e-1a4656ce06d7,monotonic_reads,network_partition,reader-1,read,mr-fcecb323-d229-498f-954e-1a4656ce06d7,,208,ONE,ALL,cassandra-1,True,False,3.333,2026-09-16T13:00:17.434351+00:00,
fcecb323-d229-498f-954e-1a4656ce06d7,monotonic_reads,network_partition,reader-1,read,mr-fcecb323-d229-498f-954e-1a4656ce06d7,,208,ONE,ALL,cassandra-2,True,False,3.843,2026-09-16T13:00:17.450875+00:00,
fcecb323-d229-498f-954e-1a4656ce06d7,monotonic_reads,network_partition,reader-1,read,mr-fcecb323-d229-498f-954e-1a4656ce06d7,,207,ONE,ALL,cassandra-3,True,True,3.939,2026-09-16T13:00:17.466439+00:00,
fcecb323-d229-498f-954e-1a4656ce06d7,monotonic_reads,network_partition,reader-1,read,mr-fcecb323-d229-498f-954e-1a4656ce06d7,,208,ONE,ALL,cassandra-1,True,False,3.174,2026-09-16T13:00:17.480537+00:00,
fcecb323-d229-498f-954e-1a4656ce06d7,monotonic_reads,network_partition,reader-1,read,mr-fcecb323-d229-498f-954e-1a4656ce06d7,,208,ONE,ALL,cassandra-2,True,False,3.398,2026-09-16T13:00:17.496656+00:00,
fcecb323-d229-498f-954e-1a4656ce06d7,monotonic_reads,network_partition,reader-1,read,mr-fcecb323-d229-498f-954e-1a4656ce06d7,,207,ONE,ALL,cassandra-3,True,True,7.831,2026-09-16T13:00:17.517186+00:00,
fcecb323-d229-498f-954e-1a4656ce06d7,monotonic_reads,network_partition,reader-1,read,mr-fcecb323-d229-498f-954e-1a4656ce06d7,,208,ONE,ALL,cassandra-1,True,False,4.91,2026-09-16T13:00:17.534469+00:00,
fcecb323-d229-498f-954e-1a4656ce06d7,monotonic_reads,network_partition,reader-1,read,mr-fcecb323-d229-498f-954e-1a4656ce06d7,,208,ONE,ALL,cassandra-2,True,False,3.687,2026-09-16T13:00:17.550464+00:00,
fcecb323-d229-498f-954e-1a4656ce06d7,monotonic_reads,network_partition,reader-1,read,mr-fcecb323-d229-498f-954e-1a4656ce06d7,,207,ONE,ALL,cassandra-3,True,True,3.78,2026-09-16T13:00:17.565688+00:00,
fcecb323-d229-498f-954e-1a4656ce06d7,monotonic_reads,network_partition,reader-1,read,mr-fcecb323-d229-498f-954e-1a4656ce06d7,,208,ONE,ALL,cassandra-1,True,False,3.857,2026-09-16T13:00:17.581427+00:00,
fcecb323-d229-498f-954e-1a4656ce06d7,monotonic_reads,network_partition,reader-1,read,mr-fcecb323-d229-498f-954e-1a4656ce06d7,,208,ONE,ALL,cassandra-2,True,False,3.432,2026-09-16T13:00:17.596959+00:00,
fcecb323-d229-498f-954e-1a4656ce06d7,monotonic_reads,network_partition,reader-1,read,mr-fcecb323-d229-498f-954e-1a4656ce06d7,,207,ONE,ALL,cassandra-3,True,True,2.986,2026-09-16T13:00:17.610501+00:00,
fcecb323-d229-498f-954e-1a4656ce06d7,monotonic_reads,network_partition,reader-1,read,mr-fcecb323-d229-498f-954e-1a4656ce06d7,,208,ONE,ALL,cassandra-1,True,False,4.367,2026-09-16T13:00:17.626534+00:00,
fcecb323-d229-498f-954e-1a4656ce06d7,monotonic_reads,network_partition,writer-1,write,mr-fcecb323-d229-498f-954e-1a4656ce06d7,208,,,ALL,cassandra-1,False,False,5104.681,2026-09-16T13:00:17.633447+00:00,"NoHostAvailable: ('Unable to complete the operation against any hosts', {<Host: 172.18.0.4:9042 datacenter1>: ConnectionException('Host has been marked down or removed'), <Host: 172.18.0.3:9042 datacenter1>: ConnectionException('Host has been marked down or removed'), <Host: 127.0.0.1:10001 datacenter1>: Unavailable('Error from server: code=1000 [Unavailable exception] message=""Cannot achieve consistency level ALL"" info={\'consistency\': \'ALL\', \'required_replicas\': 3, \'alive_replicas\': 2}')})"
fcecb323-d229-498f-954e-1a4656ce06d7,monotonic_reads,network_partition,reader-1,read,mr-fcecb323-d229-498f-954e-1a4656ce06d7,,208,ONE,ALL,cassandra-2,True,False,3.558,2026-09-16T13:00:17.642822+00:00,
fcecb323-d229-498f-954e-1a4656ce06d7,monotonic_reads,network_partition,reader-1,read,mr-fcecb323-d229-498f-954e-1a4656ce06d7,,207,ONE,ALL,cassandra-3,True,True,4.354,2026-09-16T13:00:17.658370+00:00,
fcecb323-d229-498f-954e-1a4656ce06d7,monotonic_reads,network_partition,reader-1,read,mr-fcecb323-d229-498f-954e-1a4656ce06d7,,208,ONE,ALL,cassandra-1,True,False,18.117,2026-09-16T13:00:17.689194+00:00,
fcecb323-d229-498f-954e-1a4656ce06d7,monotonic_reads,network_partition,reader-1,read,mr-fcecb323-d229-498f-954e-1a4656ce06d7,,208,ONE,ALL,cassandra-2,True,False,3.1,2026-09-16T13:00:17.704615+00:00,
fcecb323-d229-498f-954e-1a4656ce06d7,monotonic_reads,network_partition,reader-1,read,mr-fcecb323-d229-498f-954e-1a4656ce06d7,,207,ONE,ALL,cassandra-3,True,True,3.265,2026-09-16T13:00:17.719911+00:00,
fcecb323-d229-498f-954e-1a4656ce06d7,monotonic_reads,network_partition,reader-1,read,mr-fcecb323-d229-498f-954e-1a4656ce06d7,,208,ONE,ALL,cassandra-1,True,False,3.214,2026-09-16T13:00:17.734201+00:00,
fcecb323-d229-498f-954e-1a4656ce06d7,monotonic_reads,network_partition,reader-1,read,mr-fcecb323-d229-498f-954e-1a4656ce06d7,,208,ONE,ALL,cassandra-2,True,False,3.415,2026-09-16T13:00:17.748928+00:00,
fcecb323-d229-498f-954e-1a4656ce06d7,monotonic_reads,network_partition,reader-1,read,mr-fcecb323-d229-498f-954e-1a4656ce06d7,,207,ONE,ALL,cassandra-3,True,True,3.371,2026-09-16T13:00:17.764796+00:00,
fcecb323-d229-498f-954e-1a4656ce06d7,monotonic_reads,network_partition,reader-1,read,mr-fcecb323-d229-498f-954e-1a4656ce06d7,,208,ONE,ALL,cassandra-1,True,False,3.291,2026-09-16T13:00:17.780738+00:00,
fcecb323-d229-498f-954e-1a4656ce06d7,monotonic_reads,network_partition,reader-1,read,mr-fcecb323-d229-498f-954e-1a4656ce06d7,,208,ONE,ALL,cassandra-2,True,False,4.581,2026-09-16T13:00:17.798058+00:00,
fcecb323-d229-498f-954e-1a4656ce06d7,monotonic_reads,network_partition,reader-1,read,mr-fcecb323-d229-498f-954e-1a4656ce06d7,,207,ONE,ALL,cassandra-3,True,True,3.106,2026-09-16T13:00:17.813887+00:00,
fcecb323-d229-498f-954e-1a4656ce06d7,monotonic_reads,network_partition,reader-1,read,mr-fcecb323-d229-498f-954e-1a4656ce06d7,,208,ONE,ALL,cassandra-1,True,False,3.596,2026-09-16T13:00:17.828026+00:00,
fcecb323-d229-498f-954e-1a4656ce06d7,monotonic_reads,network_partition,reader-1,read,mr-fcecb323-d229-498f-954e-1a4656ce06d7,,208,ONE,ALL,cassandra-2,True,False,3.991,2026-09-16T13:00:17.842556+00:00,
fcecb323-d229-498f-954e-1a4656ce06d7,monotonic_reads,network_partition,reader-1,read,mr-fcecb323-d229-498f-954e-1a4656ce06d7,,207,ONE,ALL,cassandra-3,True,True,3.867,2026-09-16T13:00:17.858985+00:00,
fcecb323-d229-498f-954e-1a4656ce06d7,monotonic_reads,network_partition,reader-1,read,mr-fcecb323-d229-498f-954e-1a4656ce06d7,,208,ONE,ALL,cassandra-1,True,False,1.903,2026-09-16T13:00:17.872409+00:00,
fcecb323-d229-498f-954e-1a4656ce06d7,monotonic_reads,network_partition,reader-1,read,mr-fcecb323-d229-498f-954e-1a4656ce06d7,,208,ONE,ALL,cassandra-2,True,False,3.124,2026-09-16T13:00:17.888177+00:00,
fcecb323-d229-498f-954e-1a4656ce06d7,monotonic_reads,network_partition,reader-1,read,mr-fcecb323-d229-498f-954e-1a4656ce06d7,,207,ONE,ALL,cassandra-3,True,True,4.18,2026-09-16T13:00:17.904714+00:00,
fcecb323-d229-498f-954e-1a4656ce06d7,monotonic_reads,network_partition,reader-1,read,mr-fcecb323-d229-498f-954e-1a4656ce06d7,,208,ONE,ALL,cassandra-1,True,False,4.408,2026-09-16T13:00:17.920958+00:00,
fcecb323-d229-498f-954e-1a4656ce06d7,monotonic_reads,network_partition,reader-1,read,mr-fcecb323-d229-498f-954e-1a4656ce06d7,,208,ONE,ALL,cassandra-2,True,False,4.059,2026-09-16T13:00:17.937819+00:00,
fcecb323-d229-498f-954e-1a4656ce06d7,monotonic_reads,network_partition,reader-1,read,mr-fcecb323-d229-498f-954e-1a4656ce06d7,,207,ONE,ALL,cassandra-3,True,True,4.133,2026-09-16T13:00:17.954659+00:00,
fcecb323-d229-498f-954e-1a4656ce06d7,monotonic_reads,network_partition,reader-1,read,mr-fcecb323-d229-498f-954e-1a4656ce06d7,,208,ONE,ALL,cassandra-1,True,False,3.69,2026-09-16T13:00:17.970325+00:00,
fcecb323-d229-498f-954e-1a4656ce06d7,monotonic_reads,network_partition,reader-1,read,mr-fcecb323-d229-498f-954e-1a4656ce06d7,,208,ONE,ALL,cassandra-2,True,False,3.804,2026-09-16T13:00:17.985567+00:00,
fcecb323-d229-498f-954e-1a4656ce06d7,monotonic_reads,network_partition,reader-1,read,mr-fcecb323-d229-498f-954e-1a4656ce06d7,,207,ONE,ALL,cassandra-3,True,True,3.755,2026-09-16T13:00:18.002031+00:00,
fcecb323-d229-498f-954e-1a4656ce06d7,monotonic_reads,network_partition,reader-1,read,mr-fcecb323-d229-498f-954e-1a4656ce06d7,,208,ONE,ALL,cassandra-1,True,False,3.913,2026-09-16T13:00:18.016403+00:00,
fcecb323-d229-498f-954e-1a4656ce06d7,monotonic_reads,network_partition,reader-1,read,mr-fcecb323-d229-498f-954e-1a4656ce06d7,,208,ONE,ALL,cassandra-2,True,False,3.656,2026-09-16T13:00:18.030440+00:00,
fcecb323-d229-498f-954e-1a4656ce06d7,monotonic_reads,network_partition,reader-1,read,mr-fcecb323-d229-498f-954e-1a4656ce06d7,,207,ONE,ALL,cassandra-3,True,True,4.392,2026-09-16T13:00:18.046939+00:00,
fcecb323-d229-498f-954e-1a4656ce06d7,monotonic_reads,network_partition,reader-1,read,mr-fcecb323-d229-498f-954e-1a4656ce06d7,,208,ONE,ALL,cassandra-1,True,False,4.34,2026-09-16T13:00:18.061876+00:00,
fcecb323-d229-498f-954e-1a4656ce06d7,monotonic_reads,network_partition,reader-1,read,mr-fcecb323-d229-498f-954e-1a4656ce06d7,,208,ONE,ALL,cassandra-2,True,False,3.827,2026-09-16T13:00:18.076290+00:00,
fcecb323-d229-498f-954e-1a4656ce06d7,monotonic_reads,network_partition,reader-1,read,mr-fcecb323-d229-498f-954e-1a4656ce06d7,,207,ONE,ALL,cassandra-3,True,True,4.316,2026-09-16T13:00:18.092336+00:00,
fcecb323-d229-498f-954e-1a4656ce06d7,monotonic_reads,network_partition,reader-1,read,mr-fcecb323-d229-498f-954e-1a4656ce06d7,,208,ONE,ALL,cassandra-1,True,False,3.748,2026-09-16T13:00:18.108271+00:00,
fcecb323-d229-498f-954e-1a4656ce06d7,monotonic_reads,network_partition,reader-1,read,mr-fcecb323-d229-498f-954e-1a4656ce06d7,,208,ONE,ALL,cassandra-2,True,False,3.876,2026-09-16T13:00:18.124862+00:00,
fcecb323-d229-498f-954e-1a4656ce06d7,monotonic_reads,network_partition,reader-1,read,mr-fcecb323-d229-498f-954e-1a4656ce06d7,,207,ONE,ALL,cassandra-3,True,True,3.262,2026-09-16T13:00:18.139662+00:00,
fcecb323-d229-498f-954e-1a4656ce06d7,monotonic_reads,network_partition,reader-1,read,mr-fcecb323-d229-498f-954e-1a4656ce06d7,,208,ONE,ALL,cassandra-1,True,False,2.877,2026-09-16T13:00:18.155006+00:00,
fcecb323-d229-498f-954e-1a4656ce06d7,monotonic_reads,network_partition,reader-1,read,mr-fcecb323-d229-498f-954e-1a4656ce06d7,,208,ONE,ALL,cassandra-2,True,False,2.188,2026-09-16T13:00:18.168333+00:00,
fcecb323-d229-498f-954e-1a4656ce06d7,monotonic_reads,network_partition,reader-1,read,mr-fcecb323-d229-498f-954e-1a4656ce06d7,,207,ONE,ALL,cassandra-3,True,True,3.835,2026-09-16T13:00:18.182365+00:00,
fcecb323-d229-498f-954e-1a4656ce06d7,monotonic_reads,network_partition,reader-1,read,mr-fcecb323-d229-498f-954e-1a4656ce06d7,,208,ONE,ALL,cassandra-1,True,False,2.809,2026-09-16T13:00:18.196323+00:00,
fcecb323-d229-498f-954e-1a4656ce06d7,monotonic_reads,network_partition,reader-1,read,mr-fcecb323-d229-498f-954e-1a4656ce06d7,,208,ONE,ALL,cassandra-2,True,False,4.423,2026-09-16T13:00:18.211965+00:00,
fcecb323-d229-498f-954e-1a4656ce06d7,monotonic_reads,network_partition,reader-1,read,mr-fcecb323-d229-498f-954e-1a4656ce06d7,,207,ONE,ALL,cassandra-3,True,True,3.833,2026-09-16T13:00:18.228555+00:00,
fcecb323-d229-498f-954e-1a4656ce06d7,monotonic_reads,network_partition,reader-1,read,mr-fcecb323-d229-498f-954e-1a4656ce06d7,,208,ONE,ALL,cassandra-1,True,False,3.939,2026-09-16T13:00:18.242864+00:00,
fcecb323-d229-498f-954e-1a4656ce06d7,monotonic_reads,network_partition,reader-1,read,mr-fcecb323-d229-498f-954e-1a4656ce06d7,,208,ONE,ALL,cassandra-2,True,False,4.127,2026-09-16T13:00:18.259618+00:00,
fcecb323-d229-498f-954e-1a4656ce06d7,monotonic_reads,network_partition,reader-1,read,mr-fcecb323-d229-498f-954e-1a4656ce06d7,,207,ONE,ALL,cassandra-3,True,True,4.349,2026-09-16T13:00:18.274901+00:00,
fcecb323-d229-498f-954e-1a4656ce06d7,monotonic_reads,network_partition,reader-1,read,mr-fcecb323-d229-498f-954e-1a4656ce06d7,,208,ONE,ALL,cassandra-1,True,False,4.6,2026-09-16T13:00:18.292070+00:00,
fcecb323-d229-498f-954e-1a4656ce06d7,monotonic_reads,network_partition,reader-1,read,mr-fcecb323-d229-498f-954e-1a4656ce06d7,,208,ONE,ALL,cassandra-2,True,False,4.043,2026-09-16T13:00:18.307109+00:00,
fcecb323-d229-498f-954e-1a4656ce06d7,monotonic_reads,network_partition,reader-1,read,mr-fcecb323-d229-498f-954e-1a4656ce06d7,,207,ONE,ALL,cassandra-3,True,True,3.887,2026-09-16T13:00:18.323668+00:00,
fcecb323-d229-498f-954e-1a4656ce06d7,monotonic_reads,network_partition,reader-1,read,mr-fcecb323-d229-498f-954e-1a4656ce06d7,,208,ONE,ALL,cassandra-1,True,False,4.728,2026-09-16T13:00:18.340259+00:00,
fcecb323-d229-498f-954e-1a4656ce06d7,monotonic_reads,network_partition,reader-1,read,mr-fcecb323-d229-498f-954e-1a4656ce06d7,,208,ONE,ALL,cassandra-2,True,False,3.833,2026-09-16T13:00:18.356745+00:00,
fcecb323-d229-498f-954e-1a4656ce06d7,monotonic_reads,network_partition,reader-1,read,mr-fcecb323-d229-498f-954e-1a4656ce06d7,,207,ONE,ALL,cassandra-3,True,True,4.25,2026-09-16T13:00:18.371769+00:00,
fcecb323-d229-498f-954e-1a4656ce06d7,monotonic_reads,network_partition,reader-1,read,mr-fcecb323-d229-498f-954e-1a4656ce06d7,,208,ONE,ALL,cassandra-1,True,False,4.035,2026-09-16T13:00:18.387564+00:00,
fcecb323-d229-498f-954e-1a4656ce06d7,monotonic_reads,network_partition,reader-1,read,mr-fcecb323-d229-498f-954e-1a4656ce06d7,,208,ONE,ALL,cassandra-2,True,False,3.962,2026-09-16T13:00:18.403711+00:00,
fcecb323-d229-498f-954e-1a4656ce06d7,monotonic_reads,network_partition,reader-1,read,mr-fcecb323-d229-498f-954e-1a4656ce06d7,,207,ONE,ALL,cassandra-3,True,True,4.114,2026-09-16T13:00:18.419921+00:00,
fcecb323-d229-498f-954e-1a4656ce06d7,monotonic_reads,network_partition,reader-1,read,mr-fcecb323-d229-498f-954e-1a4656ce06d7,,208,ONE,ALL,cassandra-1,True,False,4.112,2026-09-16T13:00:18.435009+00:00,
fcecb323-d229-498f-954e-1a4656ce06d7,monotonic_reads,network_partition,reader-1,read,mr-fcecb323-d229-498f-954e-1a4656ce06d7,,208,ONE,ALL,cassandra-2,True,False,3.674,2026-09-16T13:00:18.449675+00:00,
fcecb323-d229-498f-954e-1a4656ce06d7,monotonic_reads,network_partition,reader-1,read,mr-fcecb323-d229-498f-954e-1a4656ce06d7,,207,ONE,ALL,cassandra-3,True,True,3.595,2026-09-16T13:00:18.465989+00:00,
fcecb323-d229-498f-954e-1a4656ce06d7,monotonic_reads,network_partition,reader-1,read,mr-fcecb323-d229-498f-954e-1a4656ce06d7,,208,ONE,ALL,cassandra-1,True,False,3.686,2026-09-16T13:00:18.481139+00:00,
fcecb323-d229-498f-954e-1a4656ce06d7,monotonic_reads,network_partition,reader-1,read,mr-fcecb323-d229-498f-954e-1a4656ce06d7,,208,ONE,ALL,cassandra-2,True,False,3.167,2026-09-16T13:00:18.496904+00:00,
fcecb323-d229-498f-954e-1a4656ce06d7,monotonic_reads,network_partition,reader-1,read,mr-fcecb323-d229-498f-954e-1a4656ce06d7,,207,ONE,ALL,cassandra-3,True,True,4.113,2026-09-16T13:00:18.511619+00:00,
fcecb323-d229-498f-954e-1a4656ce06d7,monotonic_reads,network_partition,reader-1,read,mr-fcecb323-d229-498f-954e-1a4656ce06d7,,208,ONE,ALL,cassandra-1,True,False,4.044,2026-09-16T13:00:18.526608+00:00,
fcecb323-d229-498f-954e-1a4656ce06d7,monotonic_reads,network_partition,reader-1,read,mr-fcecb323-d229-498f-954e-1a4656ce06d7,,208,ONE,ALL,cassandra-2,True,False,2.771,2026-09-16T13:00:18.542115+00:00,
fcecb323-d229-498f-954e-1a4656ce06d7,monotonic_reads,network_partition,reader-1,read,mr-fcecb323-d229-498f-954e-1a4656ce06d7,,207,ONE,ALL,cassandra-3,True,True,3.237,2026-09-16T13:00:18.557154+00:00,
fcecb323-d229-498f-954e-1a4656ce06d7,monotonic_reads,network_partition,reader-1,read,mr-fcecb323-d229-498f-954e-1a4656ce06d7,,208,ONE,ALL,cassandra-1,True,False,3.267,2026-09-16T13:00:18.572976+00:00,
fcecb323-d229-498f-954e-1a4656ce06d7,monotonic_reads,network_partition,reader-1,read,mr-fcecb323-d229-498f-954e-1a4656ce06d7,,208,ONE,ALL,cassandra-2,True,False,2.901,2026-09-16T13:00:18.586419+00:00,
fcecb323-d229-498f-954e-1a4656ce06d7,monotonic_reads,network_partition,reader-1,read,mr-fcecb323-d229-498f-954e-1a4656ce06d7,,207,ONE,ALL,cassandra-3,True,True,3.462,2026-09-16T13:00:18.600476+00:00,
fcecb323-d229-498f-954e-1a4656ce06d7,monotonic_reads,network_partition,reader-1,read,mr-fcecb323-d229-498f-954e-1a4656ce06d7,,208,ONE,ALL,cassandra-1,True,False,3.468,2026-09-16T13:00:18.615606+00:00,
fcecb323-d229-498f-954e-1a4656ce06d7,monotonic_reads,network_partition,reader-1,read,mr-fcecb323-d229-498f-954e-1a4656ce06d7,,208,ONE,ALL,cassandra-2,True,False,3.797,2026-09-16T13:00:18.632122+00:00,
fcecb323-d229-498f-954e-1a4656ce06d7,monotonic_reads,network_partition,reader-1,read,mr-fcecb323-d229-498f-954e-1a4656ce06d7,,207,ONE,ALL,cassandra-3,True,True,4.214,2026-09-16T13:00:18.648938+00:00,
fcecb323-d229-498f-954e-1a4656ce06d7,monotonic_reads,network_partition,reader-1,read,mr-fcecb323-d229-498f-954e-1a4656ce06d7,,208,ONE,ALL,cassandra-1,True,False,3.621,2026-09-16T13:00:18.664324+00:00,
fcecb323-d229-498f-954e-1a4656ce06d7,monotonic_reads,network_partition,reader-1,read,mr-fcecb323-d229-498f-954e-1a4656ce06d7,,208,ONE,ALL,cassandra-2,True,False,1.395,2026-09-16T13:00:18.676345+00:00,
fcecb323-d229-498f-954e-1a4656ce06d7,monotonic_reads,network_partition,reader-1,read,mr-fcecb323-d229-498f-954e-1a4656ce06d7,,207,ONE,ALL,cassandra-3,True,True,1.542,2026-09-16T13:00:18.689246+00:00,
fcecb323-d229-498f-954e-1a4656ce06d7,monotonic_reads,network_partition,reader-1,read,mr-fcecb323-d229-498f-954e-1a4656ce06d7,,208,ONE,ALL,cassandra-1,True,False,2.293,2026-09-16T13:00:18.704173+00:00,
fcecb323-d229-498f-954e-1a4656ce06d7,monotonic_reads,network_partition,reader-1,read,mr-fcecb323-d229-498f-954e-1a4656ce06d7,,208,ONE,ALL,cassandra-2,True,False,1.688,2026-09-16T13:00:18.718685+00:00,
fcecb323-d229-498f-954e-1a4656ce06d7,monotonic_reads,network_partition,reader-1,read,mr-fcecb323-d229-498f-954e-1a4656ce06d7,,207,ONE,ALL,cassandra-3,True,True,2.475,2026-09-16T13:00:18.733857+00:00,
fcecb323-d229-498f-954e-1a4656ce06d7,monotonic_reads,network_partition,reader-1,read,mr-fcecb323-d229-498f-954e-1a4656ce06d7,,208,ONE,ALL,cassandra-1,True,False,1.503,2026-09-16T13:00:18.746814+00:00,
fcecb323-d229-498f-954e-1a4656ce06d7,monotonic_reads,network_partition,reader-1,read,mr-fcecb323-d229-498f-954e-1a4656ce06d7,,208,ONE,ALL,cassandra-2,True,False,1.313,2026-09-16T13:00:18.758702+00:00,
fcecb323-d229-498f-954e-1a4656ce06d7,monotonic_reads,network_partition,reader-1,read,mr-fcecb323-d229-498f-954e-1a4656ce06d7,,207,ONE,ALL,cassandra-3,True,True,1.57,2026-09-16T13:00:18.772100+00:00,
fcecb323-d229-498f-954e-1a4656ce06d7,monotonic_reads,network_partition,reader-1,read,mr-fcecb323-d229-498f-954e-1a4656ce06d7,,208,ONE,ALL,cassandra-1,True,False,1.396,2026-09-16T13:00:18.785199+00:00,
fcecb323-d229-498f-954e-1a4656ce06d7,monotonic_reads,network_partition,reader-1,read,mr-fcecb323-d229-498f-954e-1a4656ce06d7,,208,ONE,ALL,cassandra-2,True,False,1.893,2026-09-16T13:00:18.798533+00:00,
fcecb323-d229-498f-954e-1a4656ce06d7,monotonic_reads,network_partition,reader-1,read,mr-fcecb323-d229-498f-954e-1a4656ce06d7,,207,ONE,ALL,cassandra-3,True,True,1.617,2026-09-16T13:00:18.812514+00:00,
fcecb323-d229-498f-954e-1a4656ce06d7,monotonic_reads,network_partition,reader-1,read,mr-fcecb323-d229-498f-954e-1a4656ce06d7,,208,ONE,ALL,cassandra-1,True,False,2.254,2026-09-16T13:00:18.826999+00:00,
fcecb323-d229-498f-954e-1a4656ce06d7,monotonic_reads,network_partition,reader-1,read,mr-fcecb323-d229-498f-954e-1a4656ce06d7,,208,ONE,ALL,cassandra-2,True,False,14.18,2026-09-16T13:00:18.853827+00:00,
fcecb323-d229-498f-954e-1a4656ce06d7,monotonic_reads,network_partition,reader-1,read,mr-fcecb323-d229-498f-954e-1a4656ce06d7,,207,ONE,ALL,cassandra-3,True,True,1.338,2026-09-16T13:00:18.867782+00:00,
fcecb323-d229-498f-954e-1a4656ce06d7,monotonic_reads,network_partition,reader-1,read,mr-fcecb323-d229-498f-954e-1a4656ce06d7,,208,ONE,ALL,cassandra-1,True,False,1.53,2026-09-16T13:00:18.881919+00:00,
fcecb323-d229-498f-954e-1a4656ce06d7,monotonic_reads,network_partition,reader-1,read,mr-fcecb323-d229-498f-954e-1a4656ce06d7,,208,ONE,ALL,cassandra-2,True,False,1.538,2026-09-16T13:00:18.895727+00:00,
fcecb323-d229-498f-954e-1a4656ce06d7,monotonic_reads,network_partition,reader-1,read,mr-fcecb323-d229-498f-954e-1a4656ce06d7,,207,ONE,ALL,cassandra-3,True,True,1.332,2026-09-16T13:00:18.909720+00:00,
fcecb323-d229-498f-954e-1a4656ce06d7,monotonic_reads,network_partition,reader-1,read,mr-fcecb323-d229-498f-954e-1a4656ce06d7,,208,ONE,ALL,cassandra-1,True,False,1.481,2026-09-16T13:00:18.923822+00:00,
fcecb323-d229-498f-954e-1a4656ce06d7,monotonic_reads,network_partition,reader-1,read,mr-fcecb323-d229-498f-954e-1a4656ce06d7,,208,ONE,ALL,cassandra-2,True,False,1.647,2026-09-16T13:00:18.937066+00:00,
fcecb323-d229-498f-954e-1a4656ce06d7,monotonic_reads,network_partition,reader-1,read,mr-fcecb323-d229-498f-954e-1a4656ce06d7,,207,ONE,ALL,cassandra-3,True,True,3.556,2026-09-16T13:00:18.951776+00:00,
fcecb323-d229-498f-954e-1a4656ce06d7,monotonic_reads,network_partition,reader-1,read,mr-fcecb323-d229-498f-954e-1a4656ce06d7,,208,ONE,ALL,cassandra-1,True,False,1.632,2026-09-16T13:00:18.966161+00:00,
fcecb323-d229-498f-954e-1a4656ce06d7,monotonic_reads,network_partition,reader-1,read,mr-fcecb323-d229-498f-954e-1a4656ce06d7,,208,ONE,ALL,cassandra-2,True,False,1.758,2026-09-16T13:00:18.979451+00:00,
fcecb323-d229-498f-954e-1a4656ce06d7,monotonic_reads,network_partition,reader-1,read,mr-fcecb323-d229-498f-954e-1a4656ce06d7,,207,ONE,ALL,cassandra-3,True,True,1.441,2026-09-16T13:00:18.993614+00:00,
fcecb323-d229-498f-954e-1a4656ce06d7,monotonic_reads,network_partition,reader-1,read,mr-fcecb323-d229-498f-954e-1a4656ce06d7,,208,ONE,ALL,cassandra-1,True,False,1.793,2026-09-16T13:00:19.008122+00:00,
fcecb323-d229-498f-954e-1a4656ce06d7,monotonic_reads,network_partition,reader-1,read,mr-fcecb323-d229-498f-954e-1a4656ce06d7,,208,ONE,ALL,cassandra-2,True,False,1.683,2026-09-16T13:00:19.021401+00:00,
fcecb323-d229-498f-954e-1a4656ce06d7,monotonic_reads,network_partition,reader-1,read,mr-fcecb323-d229-498f-954e-1a4656ce06d7,,207,ONE,ALL,cassandra-3,True,True,1.638,2026-09-16T13:00:19.033766+00:00,
fcecb323-d229-498f-954e-1a4656ce06d7,monotonic_reads,network_partition,reader-1,read,mr-fcecb323-d229-498f-954e-1a4656ce06d7,,208,ONE,ALL,cassandra-1,True,False,1.886,2026-09-16T13:00:19.048382+00:00,
fcecb323-d229-498f-954e-1a4656ce06d7,monotonic_reads,network_partition,reader-1,read,mr-fcecb323-d229-498f-954e-1a4656ce06d7,,208,ONE,ALL,cassandra-2,True,False,1.962,2026-09-16T13:00:19.063111+00:00,
fcecb323-d229-498f-954e-1a4656ce06d7,monotonic_reads,network_partition,reader-1,read,mr-fcecb323-d229-498f-954e-1a4656ce06d7,,207,ONE,ALL,cassandra-3,True,True,2.254,2026-09-16T13:00:19.078133+00:00,
fcecb323-d229-498f-954e-1a4656ce06d7,monotonic_reads,network_partition,reader-1,read,mr-fcecb323-d229-498f-954e-1a4656ce06d7,,208,ONE,ALL,cassandra-1,True,False,2.786,2026-09-16T13:00:19.093317+00:00,
fcecb323-d229-498f-954e-1a4656ce06d7,monotonic_reads,network_partition,reader-1,read,mr-fcecb323-d229-498f-954e-1a4656ce06d7,,208,ONE,ALL,cassandra-2,True,False,3.389,2026-09-16T13:00:19.109142+00:00,
fcecb323-d229-498f-954e-1a4656ce06d7,monotonic_reads,network_partition,reader-1,read,mr-fcecb323-d229-498f-954e-1a4656ce06d7,,207,ONE,ALL,cassandra-3,True,True,3.816,2026-09-16T13:00:19.125355+00:00,
fcecb323-d229-498f-954e-1a4656ce06d7,monotonic_reads,network_partition,reader-1,read,mr-fcecb323-d229-498f-954e-1a4656ce06d7,,208,ONE,ALL,cassandra-1,True,False,3.2,2026-09-16T13:00:19.140139+00:00,
fcecb323-d229-498f-954e-1a4656ce06d7,monotonic_reads,network_partition,reader-1,read,mr-fcecb323-d229-498f-954e-1a4656ce06d7,,208,ONE,ALL,cassandra-2,True,False,2.813,2026-09-16T13:00:19.155310+00:00,
fcecb323-d229-498f-954e-1a4656ce06d7,monotonic_reads,network_partition,reader-1,read,mr-fcecb323-d229-498f-954e-1a4656ce06d7,,207,ONE,ALL,cassandra-3,True,True,3.378,2026-09-16T13:00:19.170810+00:00,
fcecb323-d229-498f-954e-1a4656ce06d7,monotonic_reads,network_partition,reader-1,read,mr-fcecb323-d229-498f-954e-1a4656ce06d7,,208,ONE,ALL,cassandra-1,True,False,3.87,2026-09-16T13:00:19.186290+00:00,
fcecb323-d229-498f-954e-1a4656ce06d7,monotonic_reads,network_partition,reader-1,read,mr-fcecb323-d229-498f-954e-1a4656ce06d7,,208,ONE,ALL,cassandra-2,True,False,3.519,2026-09-16T13:00:19.200224+00:00,
fcecb323-d229-498f-954e-1a4656ce06d7,monotonic_reads,network_partition,reader-1,read,mr-fcecb323-d229-498f-954e-1a4656ce06d7,,207,ONE,ALL,cassandra-3,True,True,3.739,2026-09-16T13:00:19.215876+00:00,
fcecb323-d229-498f-954e-1a4656ce06d7,monotonic_reads,network_partition,reader-1,read,mr-fcecb323-d229-498f-954e-1a4656ce06d7,,208,ONE,ALL,cassandra-1,True,False,3.075,2026-09-16T13:00:19.230606+00:00,
fcecb323-d229-498f-954e-1a4656ce06d7,monotonic_reads,network_partition,reader-1,read,mr-fcecb323-d229-498f-954e-1a4656ce06d7,,208,ONE,ALL,cassandra-2,True,False,3.507,2026-09-16T13:00:19.246235+00:00,
fcecb323-d229-498f-954e-1a4656ce06d7,monotonic_reads,network_partition,reader-1,read,mr-fcecb323-d229-498f-954e-1a4656ce06d7,,207,ONE,ALL,cassandra-3,True,True,3.438,2026-09-16T13:00:19.260967+00:00,
fcecb323-d229-498f-954e-1a4656ce06d7,monotonic_reads,network_partition,reader-1,read,mr-fcecb323-d229-498f-954e-1a4656ce06d7,,208,ONE,ALL,cassandra-1,True,False,3.185,2026-09-16T13:00:19.274685+00:00,
fcecb323-d229-498f-954e-1a4656ce06d7,monotonic_reads,network_partition,reader-1,read,mr-fcecb323-d229-498f-954e-1a4656ce06d7,,208,ONE,ALL,cassandra-2,True,False,3.846,2026-09-16T13:00:19.290218+00:00,
fcecb323-d229-498f-954e-1a4656ce06d7,monotonic_reads,network_partition,reader-1,read,mr-fcecb323-d229-498f-954e-1a4656ce06d7,,207,ONE,ALL,cassandra-3,True,True,3.663,2026-09-16T13:00:19.304453+00:00,
fcecb323-d229-498f-954e-1a4656ce06d7,monotonic_reads,network_partition,reader-1,read,mr-fcecb323-d229-498f-954e-1a4656ce06d7,,208,ONE,ALL,cassandra-1,True,False,3.182,2026-09-16T13:00:19.318063+00:00,
fcecb323-d229-498f-954e-1a4656ce06d7,monotonic_reads,network_partition,reader-1,read,mr-fcecb323-d229-498f-954e-1a4656ce06d7,,208,ONE,ALL,cassandra-2,True,False,3.635,2026-09-16T13:00:19.332511+00:00,
fcecb323-d229-498f-954e-1a4656ce06d7,monotonic_reads,network_partition,reader-1,read,mr-fcecb323-d229-498f-954e-1a4656ce06d7,,207,ONE,ALL,cassandra-3,True,True,6.364,2026-09-16T13:00:19.349601+00:00,
fcecb323-d229-498f-954e-1a4656ce06d7,monotonic_reads,network_partition,reader-1,read,mr-fcecb323-d229-498f-954e-1a4656ce06d7,,208,ONE,ALL,cassandra-1,True,False,2.021,2026-09-16T13:00:19.363560+00:00,
fcecb323-d229-498f-954e-1a4656ce06d7,monotonic_reads,network_partition,reader-1,read,mr-fcecb323-d229-498f-954e-1a4656ce06d7,,208,ONE,ALL,cassandra-2,True,False,2.891,2026-09-16T13:00:19.379166+00:00,
fcecb323-d229-498f-954e-1a4656ce06d7,monotonic_reads,network_partition,reader-1,read,mr-fcecb323-d229-498f-954e-1a4656ce06d7,,207,ONE,ALL,cassandra-3,True,True,1.749,2026-09-16T13:00:19.393623+00:00,
fcecb323-d229-498f-954e-1a4656ce06d7,monotonic_reads,network_partition,reader-1,read,mr-fcecb323-d229-498f-954e-1a4656ce06d7,,208,ONE,ALL,cassandra-1,True,False,2.466,2026-09-16T13:00:19.408745+00:00,
fcecb323-d229-498f-954e-1a4656ce06d7,monotonic_reads,network_partition,reader-1,read,mr-fcecb323-d229-498f-954e-1a4656ce06d7,,208,ONE,ALL,cassandra-2,True,False,2.436,2026-09-16T13:00:19.422651+00:00,
fcecb323-d229-498f-954e-1a4656ce06d7,monotonic_reads,network_partition,reader-1,read,mr-fcecb323-d229-498f-954e-1a4656ce06d7,,207,ONE,ALL,cassandra-3,True,True,2.432,2026-09-16T13:00:19.436500+00:00,
fcecb323-d229-498f-954e-1a4656ce06d7,monotonic_reads,network_partition,reader-1,read,mr-fcecb323-d229-498f-954e-1a4656ce06d7,,208,ONE,ALL,cassandra-1,True,False,2.58,2026-09-16T13:00:19.449447+00:00,
fcecb323-d229-498f-954e-1a4656ce06d7,monotonic_reads,network_partition,reader-1,read,mr-fcecb323-d229-498f-954e-1a4656ce06d7,,208,ONE,ALL,cassandra-2,True,False,2.86,2026-09-16T13:00:19.464340+00:00,
fcecb323-d229-498f-954e-1a4656ce06d7,monotonic_reads,network_partition,reader-1,read,mr-fcecb323-d229-498f-954e-1a4656ce06d7,,207,ONE,ALL,cassandra-3,True,True,2.572,2026-09-16T13:00:19.477426+00:00,
fcecb323-d229-498f-954e-1a4656ce06d7,monotonic_reads,network_partition,reader-1,read,mr-fcecb323-d229-498f-954e-1a4656ce06d7,,208,ONE,ALL,cassandra-1,True,False,2.348,2026-09-16T13:00:19.492448+00:00,
fcecb323-d229-498f-954e-1a4656ce06d7,monotonic_reads,network_partition,reader-1,read,mr-fcecb323-d229-498f-954e-1a4656ce06d7,,208,ONE,ALL,cassandra-2,True,False,15.156,2026-09-16T13:00:19.518181+00:00,
fcecb323-d229-498f-954e-1a4656ce06d7,monotonic_reads,network_partition,reader-1,read,mr-fcecb323-d229-498f-954e-1a4656ce06d7,,207,ONE,ALL,cassandra-3,True,True,1.903,2026-09-16T13:00:19.532758+00:00,
fcecb323-d229-498f-954e-1a4656ce06d7,monotonic_reads,network_partition,reader-1,read,mr-fcecb323-d229-498f-954e-1a4656ce06d7,,208,ONE,ALL,cassandra-1,True,False,2.257,2026-09-16T13:00:19.547505+00:00,
fcecb323-d229-498f-954e-1a4656ce06d7,monotonic_reads,network_partition,reader-1,read,mr-fcecb323-d229-498f-954e-1a4656ce06d7,,208,ONE,ALL,cassandra-2,True,False,3.423,2026-09-16T13:00:19.563588+00:00,
fcecb323-d229-498f-954e-1a4656ce06d7,monotonic_reads,network_partition,reader-1,read,mr-fcecb323-d229-498f-954e-1a4656ce06d7,,207,ONE,ALL,cassandra-3,True,True,3.344,2026-09-16T13:00:19.579275+00:00,
fcecb323-d229-498f-954e-1a4656ce06d7,monotonic_reads,network_partition,reader-1,read,mr-fcecb323-d229-498f-954e-1a4656ce06d7,,208,ONE,ALL,cassandra-1,True,False,2.859,2026-09-16T13:00:19.593243+00:00,
fcecb323-d229-498f-954e-1a4656ce06d7,monotonic_reads,network_partition,reader-1,read,mr-fcecb323-d229-498f-954e-1a4656ce06d7,,208,ONE,ALL,cassandra-2,True,False,2.753,2026-09-16T13:00:19.608705+00:00,
fcecb323-d229-498f-954e-1a4656ce06d7,monotonic_reads,network_partition,reader-1,read,mr-fcecb323-d229-498f-954e-1a4656ce06d7,,207,ONE,ALL,cassandra-3,True,True,3.809,2026-09-16T13:00:19.623326+00:00,
fcecb323-d229-498f-954e-1a4656ce06d7,monotonic_reads,network_partition,reader-1,read,mr-fcecb323-d229-498f-954e-1a4656ce06d7,,208,ONE,ALL,cassandra-1,True,False,3.52,2026-09-16T13:00:19.639585+00:00,
fcecb323-d229-498f-954e-1a4656ce06d7,monotonic_reads,network_partition,reader-1,read,mr-fcecb323-d229-498f-954e-1a4656ce06d7,,208,ONE,ALL,cassandra-2,True,False,3.007,2026-09-16T13:00:19.655299+00:00,
fcecb323-d229-498f-954e-1a4656ce06d7,monotonic_reads,network_partition,reader-1,read,mr-fcecb323-d229-498f-954e-1a4656ce06d7,,207,ONE,ALL,cassandra-3,True,True,4.716,2026-09-16T13:00:19.672733+00:00,
fcecb323-d229-498f-954e-1a4656ce06d7,monotonic_reads,network_partition,reader-1,read,mr-fcecb323-d229-498f-954e-1a4656ce06d7,,208,ONE,ALL,cassandra-1,True,False,3.267,2026-09-16T13:00:19.687584+00:00,
fcecb323-d229-498f-954e-1a4656ce06d7,monotonic_reads,network_partition,reader-1,read,mr-fcecb323-d229-498f-954e-1a4656ce06d7,,208,ONE,ALL,cassandra-2,True,False,2.615,2026-09-16T13:00:19.702936+00:00,
fcecb323-d229-498f-954e-1a4656ce06d7,monotonic_reads,network_partition,reader-1,read,mr-fcecb323-d229-498f-954e-1a4656ce06d7,,207,ONE,ALL,cassandra-3,True,True,2.718,2026-09-16T13:00:19.717087+00:00,
fcecb323-d229-498f-954e-1a4656ce06d7,monotonic_reads,network_partition,reader-1,read,mr-fcecb323-d229-498f-954e-1a4656ce06d7,,208,ONE,ALL,cassandra-1,True,False,2.795,2026-09-16T13:00:19.731326+00:00,
fcecb323-d229-498f-954e-1a4656ce06d7,monotonic_reads,network_partition,reader-1,read,mr-fcecb323-d229-498f-954e-1a4656ce06d7,,208,ONE,ALL,cassandra-2,True,False,2.126,2026-09-16T13:00:19.745617+00:00,
fcecb323-d229-498f-954e-1a4656ce06d7,monotonic_reads,network_partition,reader-1,read,mr-fcecb323-d229-498f-954e-1a4656ce06d7,,207,ONE,ALL,cassandra-3,True,True,2.859,2026-09-16T13:00:19.760621+00:00,
fcecb323-d229-498f-954e-1a4656ce06d7,monotonic_reads,network_partition,reader-1,read,mr-fcecb323-d229-498f-954e-1a4656ce06d7,,208,ONE,ALL,cassandra-1,True,False,2.693,2026-09-16T13:00:19.774808+00:00,
fcecb323-d229-498f-954e-1a4656ce06d7,monotonic_reads,network_partition,reader-1,read,mr-fcecb323-d229-498f-954e-1a4656ce06d7,,208,ONE,ALL,cassandra-2,True,False,3.193,2026-09-16T13:00:19.789562+00:00,
fcecb323-d229-498f-954e-1a4656ce06d7,monotonic_reads,network_partition,reader-1,read,mr-fcecb323-d229-498f-954e-1a4656ce06d7,,207,ONE,ALL,cassandra-3,True,True,3.554,2026-09-16T13:00:19.805609+00:00,
fcecb323-d229-498f-954e-1a4656ce06d7,monotonic_reads,network_partition,reader-1,read,mr-fcecb323-d229-498f-954e-1a4656ce06d7,,208,ONE,ALL,cassandra-1,True,False,3.244,2026-09-16T13:00:19.820602+00:00,
fcecb323-d229-498f-954e-1a4656ce06d7,monotonic_reads,network_partition,reader-1,read,mr-fcecb323-d229-498f-954e-1a4656ce06d7,,208,ONE,ALL,cassandra-2,True,False,3.32,2026-09-16T13:00:19.834510+00:00,
fcecb323-d229-498f-954e-1a4656ce06d7,monotonic_reads,network_partition,reader-1,read,mr-fcecb323-d229-498f-954e-1a4656ce06d7,,207,ONE,ALL,cassandra-3,True,True,4.527,2026-09-16T13:00:19.851770+00:00,
fcecb323-d229-498f-954e-1a4656ce06d7,monotonic_reads,network_partition,reader-1,read,mr-fcecb323-d229-498f-954e-1a4656ce06d7,,208,ONE,ALL,cassandra-1,True,False,4.903,2026-09-16T13:00:19.867235+00:00,
fcecb323-d229-498f-954e-1a4656ce06d7,monotonic_reads,network_partition,reader-1,read,mr-fcecb323-d229-498f-954e-1a4656ce06d7,,208,ONE,ALL,cassandra-2,True,False,4.029,2026-09-16T13:00:19.883996+00:00,
fcecb323-d229-498f-954e-1a4656ce06d7,monotonic_reads,network_partition,reader-1,read,mr-fcecb323-d229-498f-954e-1a4656ce06d7,,207,ONE,ALL,cassandra-3,True,True,4.099,2026-09-16T13:00:19.898584+00:00,
fcecb323-d229-498f-954e-1a4656ce06d7,monotonic_reads,network_partition,reader-1,read,mr-fcecb323-d229-498f-954e-1a4656ce06d7,,208,ONE,ALL,cassandra-1,True,False,3.851,2026-09-16T13:00:19.915152+00:00,
fcecb323-d229-498f-954e-1a4656ce06d7,monotonic_reads,network_partition,reader-1,read,mr-fcecb323-d229-498f-954e-1a4656ce06d7,,208,ONE,ALL,cassandra-2,True,False,3.905,2026-09-16T13:00:19.931848+00:00,
fcecb323-d229-498f-954e-1a4656ce06d7,monotonic_reads,network_partition,reader-1,read,mr-fcecb323-d229-498f-954e-1a4656ce06d7,,207,ONE,ALL,cassandra-3,True,True,3.767,2026-09-16T13:00:19.947268+00:00,
fcecb323-d229-498f-954e-1a4656ce06d7,monotonic_reads,network_partition,reader-1,read,mr-fcecb323-d229-498f-954e-1a4656ce06d7,,208,ONE,ALL,cassandra-1,True,False,3.436,2026-09-16T13:00:19.962937+00:00,
fcecb323-d229-498f-954e-1a4656ce06d7,monotonic_reads,network_partition,reader-1,read,mr-fcecb323-d229-498f-954e-1a4656ce06d7,,208,ONE,ALL,cassandra-2,True,False,4.008,2026-09-16T13:00:19.979678+00:00,
fcecb323-d229-498f-954e-1a4656ce06d7,monotonic_reads,network_partition,reader-1,read,mr-fcecb323-d229-498f-954e-1a4656ce06d7,,207,ONE,ALL,cassandra-3,True,True,3.29,2026-09-16T13:00:19.994221+00:00,
fcecb323-d229-498f-954e-1a4656ce06d7,monotonic_reads,network_partition,reader-1,read,mr-fcecb323-d229-498f-954e-1a4656ce06d7,,208,ONE,ALL,cassandra-1,True,False,3.651,2026-09-16T13:00:20.009179+00:00,
fcecb323-d229-498f-954e-1a4656ce06d7,monotonic_reads,network_partition,reader-1,read,mr-fcecb323-d229-498f-954e-1a4656ce06d7,,208,ONE,ALL,cassandra-2,True,False,3.883,2026-09-16T13:00:20.025844+00:00,
fcecb323-d229-498f-954e-1a4656ce06d7,monotonic_reads,network_partition,reader-1,read,mr-fcecb323-d229-498f-954e-1a4656ce06d7,,207,ONE,ALL,cassandra-3,True,True,3.039,2026-09-16T13:00:20.041345+00:00,
fcecb323-d229-498f-954e-1a4656ce06d7,monotonic_reads,network_partition,reader-1,read,mr-fcecb323-d229-498f-954e-1a4656ce06d7,,208,ONE,ALL,cassandra-1,True,False,3.76,2026-09-16T13:00:20.056163+00:00,
fcecb323-d229-498f-954e-1a4656ce06d7,monotonic_reads,network_partition,reader-1,read,mr-fcecb323-d229-498f-954e-1a4656ce06d7,,208,ONE,ALL,cassandra-2,True,False,3.81,2026-09-16T13:00:20.070534+00:00,
fcecb323-d229-498f-954e-1a4656ce06d7,monotonic_reads,network_partition,reader-1,read,mr-fcecb323-d229-498f-954e-1a4656ce06d7,,207,ONE,ALL,cassandra-3,True,True,3.359,2026-09-16T13:00:20.084274+00:00,
fcecb323-d229-498f-954e-1a4656ce06d7,monotonic_reads,network_partition,reader-1,read,mr-fcecb323-d229-498f-954e-1a4656ce06d7,,208,ONE,ALL,cassandra-1,True,False,3.553,2026-09-16T13:00:20.100332+00:00,
fcecb323-d229-498f-954e-1a4656ce06d7,monotonic_reads,network_partition,reader-1,read,mr-fcecb323-d229-498f-954e-1a4656ce06d7,,208,ONE,ALL,cassandra-2,True,False,4.878,2026-09-16T13:00:20.117686+00:00,
fcecb323-d229-498f-954e-1a4656ce06d7,monotonic_reads,network_partition,reader-1,read,mr-fcecb323-d229-498f-954e-1a4656ce06d7,,207,ONE,ALL,cassandra-3,True,True,3.233,2026-09-16T13:00:20.131721+00:00,
fcecb323-d229-498f-954e-1a4656ce06d7,monotonic_reads,network_partition,reader-1,read,mr-fcecb323-d229-498f-954e-1a4656ce06d7,,208,ONE,ALL,cassandra-1,True,False,4.441,2026-09-16T13:00:20.146952+00:00,
fcecb323-d229-498f-954e-1a4656ce06d7,monotonic_reads,network_partition,reader-1,read,mr-fcecb323-d229-498f-954e-1a4656ce06d7,,208,ONE,ALL,cassandra-2,True,False,3.48,2026-09-16T13:00:20.163237+00:00,
fcecb323-d229-498f-954e-1a4656ce06d7,monotonic_reads,network_partition,reader-1,read,mr-fcecb323-d229-498f-954e-1a4656ce06d7,,207,ONE,ALL,cassandra-3,True,True,2.067,2026-09-16T13:00:20.177607+00:00,
fcecb323-d229-498f-954e-1a4656ce06d7,monotonic_reads,network_partition,reader-1,read,mr-fcecb323-d229-498f-954e-1a4656ce06d7,,208,ONE,ALL,cassandra-1,True,False,4.066,2026-09-16T13:00:20.192555+00:00,
fcecb323-d229-498f-954e-1a4656ce06d7,monotonic_reads,network_partition,reader-1,read,mr-fcecb323-d229-498f-954e-1a4656ce06d7,,208,ONE,ALL,cassandra-2,True,False,3.509,2026-09-16T13:00:20.207133+00:00,
fcecb323-d229-498f-954e-1a4656ce06d7,monotonic_reads,network_partition,reader-1,read,mr-fcecb323-d229-498f-954e-1a4656ce06d7,,207,ONE,ALL,cassandra-3,True,True,4.674,2026-09-16T13:00:20.223442+00:00,
fcecb323-d229-498f-954e-1a4656ce06d7,monotonic_reads,network_partition,reader-1,read,mr-fcecb323-d229-498f-954e-1a4656ce06d7,,208,ONE,ALL,cassandra-1,True,False,3.485,2026-09-16T13:00:20.238882+00:00,
fcecb323-d229-498f-954e-1a4656ce06d7,monotonic_reads,network_partition,reader-1,read,mr-fcecb323-d229-498f-954e-1a4656ce06d7,,208,ONE,ALL,cassandra-2,True,False,3.396,2026-09-16T13:00:20.253113+00:00,
fcecb323-d229-498f-954e-1a4656ce06d7,monotonic_reads,network_partition,reader-1,read,mr-fcecb323-d229-498f-954e-1a4656ce06d7,,207,ONE,ALL,cassandra-3,True,True,3.303,2026-09-16T13:00:20.269148+00:00,
fcecb323-d229-498f-954e-1a4656ce06d7,monotonic_reads,network_partition,reader-1,read,mr-fcecb323-d229-498f-954e-1a4656ce06d7,,208,ONE,ALL,cassandra-1,True,False,3.763,2026-09-16T13:00:20.285260+00:00,
fcecb323-d229-498f-954e-1a4656ce06d7,monotonic_reads,network_partition,reader-1,read,mr-fcecb323-d229-498f-954e-1a4656ce06d7,,208,ONE,ALL,cassandra-2,True,False,3.37,2026-09-16T13:00:20.300522+00:00,
fcecb323-d229-498f-954e-1a4656ce06d7,monotonic_reads,network_partition,reader-1,read,mr-fcecb323-d229-498f-954e-1a4656ce06d7,,207,ONE,ALL,cassandra-3,True,True,3.83,2026-09-16T13:00:20.316268+00:00,
fcecb323-d229-498f-954e-1a4656ce06d7,monotonic_reads,network_partition,reader-1,read,mr-fcecb323-d229-498f-954e-1a4656ce06d7,,208,ONE,ALL,cassandra-1,True,False,3.551,2026-09-16T13:00:20.332108+00:00,
fcecb323-d229-498f-954e-1a4656ce06d7,monotonic_reads,network_partition,reader-1,read,mr-fcecb323-d229-498f-954e-1a4656ce06d7,,208,ONE,ALL,cassandra-2,True,False,4.584,2026-09-16T13:00:20.349463+00:00,
fcecb323-d229-498f-954e-1a4656ce06d7,monotonic_reads,network_partition,reader-1,read,mr-fcecb323-d229-498f-954e-1a4656ce06d7,,207,ONE,ALL,cassandra-3,True,True,3.378,2026-09-16T13:00:20.363877+00:00,
fcecb323-d229-498f-954e-1a4656ce06d7,monotonic_reads,network_partition,reader-1,read,mr-fcecb323-d229-498f-954e-1a4656ce06d7,,208,ONE,ALL,cassandra-1,True,False,3.52,2026-09-16T13:00:20.379303+00:00,
fcecb323-d229-498f-954e-1a4656ce06d7,monotonic_reads,network_partition,reader-1,read,mr-fcecb323-d229-498f-954e-1a4656ce06d7,,208,ONE,ALL,cassandra-2,True,False,4.09,2026-09-16T13:00:20.396139+00:00,
fcecb323-d229-498f-954e-1a4656ce06d7,monotonic_reads,network_partition,reader-1,read,mr-fcecb323-d229-498f-954e-1a4656ce06d7,,207,ONE,ALL,cassandra-3,True,True,3.349,2026-09-16T13:00:20.410249+00:00,
fcecb323-d229-498f-954e-1a4656ce06d7,monotonic_reads,network_partition,reader-1,read,mr-fcecb323-d229-498f-954e-1a4656ce06d7,,208,ONE,ALL,cassandra-1,True,False,3.726,2026-09-16T13:00:20.424226+00:00,
fcecb323-d229-498f-954e-1a4656ce06d7,monotonic_reads,network_partition,reader-1,read,mr-fcecb323-d229-498f-954e-1a4656ce06d7,,208,ONE,ALL,cassandra-2,True,False,3.428,2026-09-16T13:00:20.438919+00:00,
fcecb323-d229-498f-954e-1a4656ce06d7,monotonic_reads,network_partition,reader-1,read,mr-fcecb323-d229-498f-954e-1a4656ce06d7,,207,ONE,ALL,cassandra-3,True,True,2.83,2026-09-16T13:00:20.452325+00:00,
fcecb323-d229-498f-954e-1a4656ce06d7,monotonic_reads,network_partition,reader-1,read,mr-fcecb323-d229-498f-954e-1a4656ce06d7,,208,ONE,ALL,cassandra-1,True,False,3.171,2026-09-16T13:00:20.466523+00:00,
fcecb323-d229-498f-954e-1a4656ce06d7,monotonic_reads,network_partition,reader-1,read,mr-fcecb323-d229-498f-954e-1a4656ce06d7,,208,ONE,ALL,cassandra-2,True,False,2.622,2026-09-16T13:00:20.481758+00:00,
fcecb323-d229-498f-954e-1a4656ce06d7,monotonic_reads,network_partition,reader-1,read,mr-fcecb323-d229-498f-954e-1a4656ce06d7,,207,ONE,ALL,cassandra-3,True,True,2.161,2026-09-16T13:00:20.496505+00:00,
fcecb323-d229-498f-954e-1a4656ce06d7,monotonic_reads,network_partition,reader-1,read,mr-fcecb323-d229-498f-954e-1a4656ce06d7,,208,ONE,ALL,cassandra-1,True,False,9.446,2026-09-16T13:00:20.518523+00:00,
fcecb323-d229-498f-954e-1a4656ce06d7,monotonic_reads,network_partition,reader-1,read,mr-fcecb323-d229-498f-954e-1a4656ce06d7,,208,ONE,ALL,cassandra-2,True,False,1.408,2026-09-16T13:00:20.530862+00:00,
fcecb323-d229-498f-954e-1a4656ce06d7,monotonic_reads,network_partition,reader-1,read,mr-fcecb323-d229-498f-954e-1a4656ce06d7,,207,ONE,ALL,cassandra-3,True,True,1.219,2026-09-16T13:00:20.542687+00:00,
fcecb323-d229-498f-954e-1a4656ce06d7,monotonic_reads,network_partition,reader-1,read,mr-fcecb323-d229-498f-954e-1a4656ce06d7,,208,ONE,ALL,cassandra-1,True,False,1.263,2026-09-16T13:00:20.556496+00:00,
fcecb323-d229-498f-954e-1a4656ce06d7,monotonic_reads,network_partition,reader-1,read,mr-fcecb323-d229-498f-954e-1a4656ce06d7,,208,ONE,ALL,cassandra-2,True,False,2.304,2026-09-16T13:00:20.571347+00:00,
fcecb323-d229-498f-954e-1a4656ce06d7,monotonic_reads,network_partition,reader-1,read,mr-fcecb323-d229-498f-954e-1a4656ce06d7,,207,ONE,ALL,cassandra-3,True,True,2.206,2026-09-16T13:00:20.586109+00:00,
fcecb323-d229-498f-954e-1a4656ce06d7,monotonic_reads,network_partition,reader-1,read,mr-fcecb323-d229-498f-954e-1a4656ce06d7,,208,ONE,ALL,cassandra-1,True,False,2.596,2026-09-16T13:00:20.601293+00:00,
fcecb323-d229-498f-954e-1a4656ce06d7,monotonic_reads,network_partition,reader-1,read,mr-fcecb323-d229-498f-954e-1a4656ce06d7,,208,ONE,ALL,cassandra-2,True,False,3.713,2026-09-16T13:00:20.617138+00:00,
fcecb323-d229-498f-954e-1a4656ce06d7,monotonic_reads,network_partition,reader-1,read,mr-fcecb323-d229-498f-954e-1a4656ce06d7,,207,ONE,ALL,cassandra-3,True,True,5.644,2026-09-16T13:00:20.633270+00:00,
fcecb323-d229-498f-954e-1a4656ce06d7,monotonic_reads,network_partition,reader-1,read,mr-fcecb323-d229-498f-954e-1a4656ce06d7,,208,ONE,ALL,cassandra-1,True,False,3.184,2026-09-16T13:00:20.647268+00:00,
fcecb323-d229-498f-954e-1a4656ce06d7,monotonic_reads,network_partition,reader-1,read,mr-fcecb323-d229-498f-954e-1a4656ce06d7,,208,ONE,ALL,cassandra-2,True,False,3.315,2026-09-16T13:00:20.663297+00:00,
fcecb323-d229-498f-954e-1a4656ce06d7,monotonic_reads,network_partition,reader-1,read,mr-fcecb323-d229-498f-954e-1a4656ce06d7,,207,ONE,ALL,cassandra-3,True,True,3.901,2026-09-16T13:00:20.677676+00:00,
fcecb323-d229-498f-954e-1a4656ce06d7,monotonic_reads,network_partition,reader-1,read,mr-fcecb323-d229-498f-954e-1a4656ce06d7,,208,ONE,ALL,cassandra-1,True,False,3.01,2026-09-16T13:00:20.693405+00:00,
fcecb323-d229-498f-954e-1a4656ce06d7,monotonic_reads,network_partition,reader-1,read,mr-fcecb323-d229-498f-954e-1a4656ce06d7,,208,ONE,ALL,cassandra-2,True,False,4.782,2026-09-16T13:00:20.709283+00:00,
fcecb323-d229-498f-954e-1a4656ce06d7,monotonic_reads,network_partition,reader-1,read,mr-fcecb323-d229-498f-954e-1a4656ce06d7,,207,ONE,ALL,cassandra-3,True,True,3.51,2026-09-16T13:00:20.724497+00:00,
fcecb323-d229-498f-954e-1a4656ce06d7,monotonic_reads,network_partition,reader-1,read,mr-fcecb323-d229-498f-954e-1a4656ce06d7,,208,ONE,ALL,cassandra-1,True,False,1.526,2026-09-16T13:00:20.738687+00:00,
fcecb323-d229-498f-954e-1a4656ce06d7,monotonic_reads,network_partition,reader-1,read,mr-fcecb323-d229-498f-954e-1a4656ce06d7,,208,ONE,ALL,cassandra-2,True,False,1.579,2026-09-16T13:00:20.752871+00:00,
fcecb323-d229-498f-954e-1a4656ce06d7,monotonic_reads,network_partition,reader-1,read,mr-fcecb323-d229-498f-954e-1a4656ce06d7,,207,ONE,ALL,cassandra-3,True,True,2.11,2026-09-16T13:00:20.767689+00:00,
fcecb323-d229-498f-954e-1a4656ce06d7,monotonic_reads,network_partition,reader-1,read,mr-fcecb323-d229-498f-954e-1a4656ce06d7,,208,ONE,ALL,cassandra-1,True,False,1.608,2026-09-16T13:00:20.782044+00:00,
fcecb323-d229-498f-954e-1a4656ce06d7,monotonic_reads,network_partition,reader-1,read,mr-fcecb323-d229-498f-954e-1a4656ce06d7,,208,ONE,ALL,cassandra-2,True,False,1.281,2026-09-16T13:00:20.795434+00:00,
fcecb323-d229-498f-954e-1a4656ce06d7,monotonic_reads,network_partition,reader-1,read,mr-fcecb323-d229-498f-954e-1a4656ce06d7,,207,ONE,ALL,cassandra-3,True,True,1.212,2026-09-16T13:00:20.808540+00:00,
fcecb323-d229-498f-954e-1a4656ce06d7,monotonic_reads,network_partition,reader-1,read,mr-fcecb323-d229-498f-954e-1a4656ce06d7,,208,ONE,ALL,cassandra-1,True,False,1.321,2026-09-16T13:00:20.821818+00:00,
fcecb323-d229-498f-954e-1a4656ce06d7,monotonic_reads,network_partition,reader-1,read,mr-fcecb323-d229-498f-954e-1a4656ce06d7,,208,ONE,ALL,cassandra-2,True,False,1.252,2026-09-16T13:00:20.835353+00:00,
fcecb323-d229-498f-954e-1a4656ce06d7,monotonic_reads,network_partition,reader-1,read,mr-fcecb323-d229-498f-954e-1a4656ce06d7,,207,ONE,ALL,cassandra-3,True,True,1.629,2026-09-16T13:00:20.849661+00:00,
fcecb323-d229-498f-954e-1a4656ce06d7,monotonic_reads,network_partition,reader-1,read,mr-fcecb323-d229-498f-954e-1a4656ce06d7,,208,ONE,ALL,cassandra-1,True,False,1.993,2026-09-16T13:00:20.864326+00:00,
fcecb323-d229-498f-954e-1a4656ce06d7,monotonic_reads,network_partition,reader-1,read,mr-fcecb323-d229-498f-954e-1a4656ce06d7,,208,ONE,ALL,cassandra-2,True,False,2.04,2026-09-16T13:00:20.879036+00:00,
fcecb323-d229-498f-954e-1a4656ce06d7,monotonic_reads,network_partition,reader-1,read,mr-fcecb323-d229-498f-954e-1a4656ce06d7,,207,ONE,ALL,cassandra-3,True,True,1.84,2026-09-16T13:00:20.893220+00:00,
fcecb323-d229-498f-954e-1a4656ce06d7,monotonic_reads,network_partition,reader-1,read,mr-fcecb323-d229-498f-954e-1a4656ce06d7,,208,ONE,ALL,cassandra-1,True,False,2.686,2026-09-16T13:00:20.908621+00:00,
fcecb323-d229-498f-954e-1a4656ce06d7,monotonic_reads,network_partition,reader-1,read,mr-fcecb323-d229-498f-954e-1a4656ce06d7,,208,ONE,ALL,cassandra-2,True,False,4.252,2026-09-16T13:00:20.923941+00:00,
fcecb323-d229-498f-954e-1a4656ce06d7,monotonic_reads,network_partition,reader-1,read,mr-fcecb323-d229-498f-954e-1a4656ce06d7,,207,ONE,ALL,cassandra-3,True,True,3.075,2026-09-16T13:00:20.938565+00:00,
fcecb323-d229-498f-954e-1a4656ce06d7,monotonic_reads,network_partition,reader-1,read,mr-fcecb323-d229-498f-954e-1a4656ce06d7,,208,ONE,ALL,cassandra-1,True,False,3.229,2026-09-16T13:00:20.953960+00:00,
fcecb323-d229-498f-954e-1a4656ce06d7,monotonic_reads,network_partition,reader-1,read,mr-fcecb323-d229-498f-954e-1a4656ce06d7,,208,ONE,ALL,cassandra-2,True,False,3.489,2026-09-16T13:00:20.969217+00:00,
fcecb323-d229-498f-954e-1a4656ce06d7,monotonic_reads,network_partition,reader-1,read,mr-fcecb323-d229-498f-954e-1a4656ce06d7,,207,ONE,ALL,cassandra-3,True,True,3.942,2026-09-16T13:00:20.985203+00:00,
fcecb323-d229-498f-954e-1a4656ce06d7,monotonic_reads,network_partition,reader-1,read,mr-fcecb323-d229-498f-954e-1a4656ce06d7,,208,ONE,ALL,cassandra-1,True,False,4.268,2026-09-16T13:00:21.002140+00:00,
fcecb323-d229-498f-954e-1a4656ce06d7,monotonic_reads,network_partition,reader-1,read,mr-fcecb323-d229-498f-954e-1a4656ce06d7,,208,ONE,ALL,cassandra-2,True,False,4.061,2026-09-16T13:00:21.018571+00:00,
fcecb323-d229-498f-954e-1a4656ce06d7,monotonic_reads,network_partition,reader-1,read,mr-fcecb323-d229-498f-954e-1a4656ce06d7,,207,ONE,ALL,cassandra-3,True,True,4.987,2026-09-16T13:00:21.035381+00:00,
fcecb323-d229-498f-954e-1a4656ce06d7,monotonic_reads,network_partition,reader-1,read,mr-fcecb323-d229-498f-954e-1a4656ce06d7,,208,ONE,ALL,cassandra-1,True,False,3.422,2026-09-16T13:00:21.050505+00:00,
fcecb323-d229-498f-954e-1a4656ce06d7,monotonic_reads,network_partition,reader-1,read,mr-fcecb323-d229-498f-954e-1a4656ce06d7,,208,ONE,ALL,cassandra-2,True,False,3.819,2026-09-16T13:00:21.064569+00:00,
fcecb323-d229-498f-954e-1a4656ce06d7,monotonic_reads,network_partition,reader-1,read,mr-fcecb323-d229-498f-954e-1a4656ce06d7,,207,ONE,ALL,cassandra-3,True,True,3.445,2026-09-16T13:00:21.080490+00:00,
fcecb323-d229-498f-954e-1a4656ce06d7,monotonic_reads,network_partition,reader-1,read,mr-fcecb323-d229-498f-954e-1a4656ce06d7,,208,ONE,ALL,cassandra-1,True,False,3.502,2026-09-16T13:00:21.095987+00:00,
fcecb323-d229-498f-954e-1a4656ce06d7,monotonic_reads,network_partition,reader-1,read,mr-fcecb323-d229-498f-954e-1a4656ce06d7,,208,ONE,ALL,cassandra-2,True,False,3.093,2026-09-16T13:00:21.109577+00:00,
fcecb323-d229-498f-954e-1a4656ce06d7,monotonic_reads,network_partition,reader-1,read,mr-fcecb323-d229-498f-954e-1a4656ce06d7,,207,ONE,ALL,cassandra-3,True,True,3.035,2026-09-16T13:00:21.124332+00:00,
fcecb323-d229-498f-954e-1a4656ce06d7,monotonic_reads,network_partition,reader-1,read,mr-fcecb323-d229-498f-954e-1a4656ce06d7,,208,ONE,ALL,cassandra-1,True,False,3.74,2026-09-16T13:00:21.139117+00:00,
fcecb323-d229-498f-954e-1a4656ce06d7,monotonic_reads,network_partition,reader-1,read,mr-fcecb323-d229-498f-954e-1a4656ce06d7,,208,ONE,ALL,cassandra-2,True,False,4.432,2026-09-16T13:00:21.154938+00:00,
fcecb323-d229-498f-954e-1a4656ce06d7,monotonic_reads,network_partition,reader-1,read,mr-fcecb323-d229-498f-954e-1a4656ce06d7,,207,ONE,ALL,cassandra-3,True,True,3.621,2026-09-16T13:00:21.171237+00:00,
fcecb323-d229-498f-954e-1a4656ce06d7,monotonic_reads,network_partition,reader-1,read,mr-fcecb323-d229-498f-954e-1a4656ce06d7,,208,ONE,ALL,cassandra-1,True,False,3.625,2026-09-16T13:00:21.186111+00:00,
fcecb323-d229-498f-954e-1a4656ce06d7,monotonic_reads,network_partition,reader-1,read,mr-fcecb323-d229-498f-954e-1a4656ce06d7,,208,ONE,ALL,cassandra-2,True,False,3.762,2026-09-16T13:00:21.200924+00:00,
fcecb323-d229-498f-954e-1a4656ce06d7,monotonic_reads,network_partition,reader-1,read,mr-fcecb323-d229-498f-954e-1a4656ce06d7,,207,ONE,ALL,cassandra-3,True,True,3.206,2026-09-16T13:00:21.216841+00:00,
fcecb323-d229-498f-954e-1a4656ce06d7,monotonic_reads,network_partition,reader-1,read,mr-fcecb323-d229-498f-954e-1a4656ce06d7,,208,ONE,ALL,cassandra-1,True,False,3.555,2026-09-16T13:00:21.233113+00:00,
fcecb323-d229-498f-954e-1a4656ce06d7,monotonic_reads,network_partition,reader-1,read,mr-fcecb323-d229-498f-954e-1a4656ce06d7,,208,ONE,ALL,cassandra-2,True,False,3.258,2026-09-16T13:00:21.247733+00:00,
fcecb323-d229-498f-954e-1a4656ce06d7,monotonic_reads,network_partition,reader-1,read,mr-fcecb323-d229-498f-954e-1a4656ce06d7,,207,ONE,ALL,cassandra-3,True,True,3.708,2026-09-16T13:00:21.262158+00:00,
fcecb323-d229-498f-954e-1a4656ce06d7,monotonic_reads,network_partition,reader-1,read,mr-fcecb323-d229-498f-954e-1a4656ce06d7,,208,ONE,ALL,cassandra-1,True,False,3.54,2026-09-16T13:00:21.278404+00:00,
fcecb323-d229-498f-954e-1a4656ce06d7,monotonic_reads,network_partition,reader-1,read,mr-fcecb323-d229-498f-954e-1a4656ce06d7,,208,ONE,ALL,cassandra-2,True,False,3.311,2026-09-16T13:00:21.294280+00:00,
fcecb323-d229-498f-954e-1a4656ce06d7,monotonic_reads,network_partition,reader-1,read,mr-fcecb323-d229-498f-954e-1a4656ce06d7,,207,ONE,ALL,cassandra-3,True,True,4.108,2026-09-16T13:00:21.311080+00:00,
fcecb323-d229-498f-954e-1a4656ce06d7,monotonic_reads,network_partition,reader-1,read,mr-fcecb323-d229-498f-954e-1a4656ce06d7,,208,ONE,ALL,cassandra-1,True,False,3.703,2026-09-16T13:00:21.327538+00:00,
fcecb323-d229-498f-954e-1a4656ce06d7,monotonic_reads,network_partition,reader-1,read,mr-fcecb323-d229-498f-954e-1a4656ce06d7,,208,ONE,ALL,cassandra-2,True,False,4.024,2026-09-16T13:00:21.343727+00:00,
fcecb323-d229-498f-954e-1a4656ce06d7,monotonic_reads,network_partition,reader-1,read,mr-fcecb323-d229-498f-954e-1a4656ce06d7,,207,ONE,ALL,cassandra-3,True,True,3.677,2026-09-16T13:00:21.358171+00:00,
fcecb323-d229-498f-954e-1a4656ce06d7,monotonic_reads,network_partition,reader-1,read,mr-fcecb323-d229-498f-954e-1a4656ce06d7,,208,ONE,ALL,cassandra-1,True,False,3.422,2026-09-16T13:00:21.371897+00:00,
fcecb323-d229-498f-954e-1a4656ce06d7,monotonic_reads,network_partition,reader-1,read,mr-fcecb323-d229-498f-954e-1a4656ce06d7,,208,ONE,ALL,cassandra-2,True,False,3.128,2026-09-16T13:00:21.387709+00:00,
fcecb323-d229-498f-954e-1a4656ce06d7,monotonic_reads,network_partition,reader-1,read,mr-fcecb323-d229-498f-954e-1a4656ce06d7,,207,ONE,ALL,cassandra-3,True,True,3.222,2026-09-16T13:00:21.402087+00:00,
fcecb323-d229-498f-954e-1a4656ce06d7,monotonic_reads,network_partition,reader-1,read,mr-fcecb323-d229-498f-954e-1a4656ce06d7,,208,ONE,ALL,cassandra-1,True,False,2.636,2026-09-16T13:00:21.417406+00:00,
fcecb323-d229-498f-954e-1a4656ce06d7,monotonic_reads,network_partition,reader-1,read,mr-fcecb323-d229-498f-954e-1a4656ce06d7,,208,ONE,ALL,cassandra-2,True,False,3.554,2026-09-16T13:00:21.433284+00:00,
fcecb323-d229-498f-954e-1a4656ce06d7,monotonic_reads,network_partition,reader-1,read,mr-fcecb323-d229-498f-954e-1a4656ce06d7,,207,ONE,ALL,cassandra-3,True,True,2.946,2026-09-16T13:00:21.447355+00:00,
fcecb323-d229-498f-954e-1a4656ce06d7,monotonic_reads,network_partition,reader-1,read,mr-fcecb323-d229-498f-954e-1a4656ce06d7,,208,ONE,ALL,cassandra-1,True,False,3.053,2026-09-16T13:00:21.463115+00:00,
fcecb323-d229-498f-954e-1a4656ce06d7,monotonic_reads,network_partition,reader-1,read,mr-fcecb323-d229-498f-954e-1a4656ce06d7,,208,ONE,ALL,cassandra-2,True,False,3.703,2026-09-16T13:00:21.477177+00:00,
fcecb323-d229-498f-954e-1a4656ce06d7,monotonic_reads,network_partition,reader-1,read,mr-fcecb323-d229-498f-954e-1a4656ce06d7,,207,ONE,ALL,cassandra-3,True,True,3.473,2026-09-16T13:00:21.493344+00:00,
fcecb323-d229-498f-954e-1a4656ce06d7,monotonic_reads,network_partition,reader-1,read,mr-fcecb323-d229-498f-954e-1a4656ce06d7,,208,ONE,ALL,cassandra-1,True,False,5.275,2026-09-16T13:00:21.510968+00:00,
fcecb323-d229-498f-954e-1a4656ce06d7,monotonic_reads,network_partition,reader-1,read,mr-fcecb323-d229-498f-954e-1a4656ce06d7,,208,ONE,ALL,cassandra-2,True,False,3.719,2026-09-16T13:00:21.525478+00:00,
fcecb323-d229-498f-954e-1a4656ce06d7,monotonic_reads,network_partition,reader-1,read,mr-fcecb323-d229-498f-954e-1a4656ce06d7,,207,ONE,ALL,cassandra-3,True,True,3.288,2026-09-16T13:00:21.540768+00:00,
fcecb323-d229-498f-954e-1a4656ce06d7,monotonic_reads,network_partition,reader-1,read,mr-fcecb323-d229-498f-954e-1a4656ce06d7,,208,ONE,ALL,cassandra-1,True,False,3.81,2026-09-16T13:00:21.556284+00:00,
fcecb323-d229-498f-954e-1a4656ce06d7,monotonic_reads,network_partition,reader-1,read,mr-fcecb323-d229-498f-954e-1a4656ce06d7,,208,ONE,ALL,cassandra-2,True,False,3.356,2026-09-16T13:00:21.572388+00:00,
fcecb323-d229-498f-954e-1a4656ce06d7,monotonic_reads,network_partition,reader-1,read,mr-fcecb323-d229-498f-954e-1a4656ce06d7,,207,ONE,ALL,cassandra-3,True,True,4.126,2026-09-16T13:00:21.589245+00:00,
fcecb323-d229-498f-954e-1a4656ce06d7,monotonic_reads,network_partition,reader-1,read,mr-fcecb323-d229-498f-954e-1a4656ce06d7,,208,ONE,ALL,cassandra-1,True,False,3.556,2026-09-16T13:00:21.603037+00:00,
fcecb323-d229-498f-954e-1a4656ce06d7,monotonic_reads,network_partition,reader-1,read,mr-fcecb323-d229-498f-954e-1a4656ce06d7,,208,ONE,ALL,cassandra-2,True,False,3.957,2026-09-16T13:00:21.618183+00:00,
fcecb323-d229-498f-954e-1a4656ce06d7,monotonic_reads,network_partition,reader-1,read,mr-fcecb323-d229-498f-954e-1a4656ce06d7,,207,ONE,ALL,cassandra-3,True,True,3.487,2026-09-16T13:00:21.634399+00:00,
fcecb323-d229-498f-954e-1a4656ce06d7,monotonic_reads,network_partition,reader-1,read,mr-fcecb323-d229-498f-954e-1a4656ce06d7,,208,ONE,ALL,cassandra-1,True,False,3.784,2026-09-16T13:00:21.648662+00:00,
fcecb323-d229-498f-954e-1a4656ce06d7,monotonic_reads,network_partition,reader-1,read,mr-fcecb323-d229-498f-954e-1a4656ce06d7,,208,ONE,ALL,cassandra-2,True,False,3.862,2026-09-16T13:00:21.665219+00:00,
fcecb323-d229-498f-954e-1a4656ce06d7,monotonic_reads,network_partition,reader-1,read,mr-fcecb323-d229-498f-954e-1a4656ce06d7,,207,ONE,ALL,cassandra-3,True,True,4.069,2026-09-16T13:00:21.679556+00:00,
fcecb323-d229-498f-954e-1a4656ce06d7,monotonic_reads,network_partition,reader-1,read,mr-fcecb323-d229-498f-954e-1a4656ce06d7,,208,ONE,ALL,cassandra-1,True,False,3.066,2026-09-16T13:00:21.695346+00:00,
fcecb323-d229-498f-954e-1a4656ce06d7,monotonic_reads,network_partition,reader-1,read,mr-fcecb323-d229-498f-954e-1a4656ce06d7,,208,ONE,ALL,cassandra-2,True,False,3.026,2026-09-16T13:00:21.710499+00:00,
fcecb323-d229-498f-954e-1a4656ce06d7,monotonic_reads,network_partition,reader-1,read,mr-fcecb323-d229-498f-954e-1a4656ce06d7,,207,ONE,ALL,cassandra-3,True,True,4.335,2026-09-16T13:00:21.727570+00:00,
fcecb323-d229-498f-954e-1a4656ce06d7,monotonic_reads,network_partition,reader-1,read,mr-fcecb323-d229-498f-954e-1a4656ce06d7,,208,ONE,ALL,cassandra-1,True,False,5.225,2026-09-16T13:00:21.745556+00:00,
fcecb323-d229-498f-954e-1a4656ce06d7,monotonic_reads,network_partition,reader-1,read,mr-fcecb323-d229-498f-954e-1a4656ce06d7,,208,ONE,ALL,cassandra-2,True,False,3.733,2026-09-16T13:00:21.761212+00:00,
fcecb323-d229-498f-954e-1a4656ce06d7,monotonic_reads,network_partition,reader-1,read,mr-fcecb323-d229-498f-954e-1a4656ce06d7,,207,ONE,ALL,cassandra-3,True,True,3.944,2026-09-16T13:00:21.776209+00:00,
fcecb323-d229-498f-954e-1a4656ce06d7,monotonic_reads,network_partition,reader-1,read,mr-fcecb323-d229-498f-954e-1a4656ce06d7,,208,ONE,ALL,cassandra-1,True,False,3.398,2026-09-16T13:00:21.791828+00:00,
fcecb323-d229-498f-954e-1a4656ce06d7,monotonic_reads,network_partition,reader-1,read,mr-fcecb323-d229-498f-954e-1a4656ce06d7,,208,ONE,ALL,cassandra-2,True,False,9.1,2026-09-16T13:00:21.813397+00:00,
fcecb323-d229-498f-954e-1a4656ce06d7,monotonic_reads,network_partition,reader-1,read,mr-fcecb323-d229-498f-954e-1a4656ce06d7,,207,ONE,ALL,cassandra-3,True,True,3.542,2026-09-16T13:00:21.828275+00:00,
fcecb323-d229-498f-954e-1a4656ce06d7,monotonic_reads,network_partition,reader-1,read,mr-fcecb323-d229-498f-954e-1a4656ce06d7,,208,ONE,ALL,cassandra-1,True,False,3.68,2026-09-16T13:00:21.844659+00:00,
fcecb323-d229-498f-954e-1a4656ce06d7,monotonic_reads,network_partition,reader-1,read,mr-fcecb323-d229-498f-954e-1a4656ce06d7,,208,ONE,ALL,cassandra-2,True,False,4.283,2026-09-16T13:00:21.860879+00:00,
fcecb323-d229-498f-954e-1a4656ce06d7,monotonic_reads,network_partition,reader-1,read,mr-fcecb323-d229-498f-954e-1a4656ce06d7,,208,ONE,ALL,cassandra-3,True,False,3.741,2026-09-16T13:00:21.877127+00:00,
fcecb323-d229-498f-954e-1a4656ce06d7,monotonic_reads,network_partition,reader-1,read,mr-fcecb323-d229-498f-954e-1a4656ce06d7,,208,ONE,ALL,cassandra-1,True,False,3.979,2026-09-16T13:00:21.892594+00:00,
fcecb323-d229-498f-954e-1a4656ce06d7,monotonic_reads,network_partition,reader-1,read,mr-fcecb323-d229-498f-954e-1a4656ce06d7,,208,ONE,ALL,cassandra-2,True,False,4.031,2026-09-16T13:00:21.908950+00:00,
fcecb323-d229-498f-954e-1a4656ce06d7,monotonic_reads,network_partition,reader-1,read,mr-fcecb323-d229-498f-954e-1a4656ce06d7,,208,ONE,ALL,cassandra-3,True,False,3.557,2026-09-16T13:00:21.923044+00:00,
fcecb323-d229-498f-954e-1a4656ce06d7,monotonic_reads,network_partition,reader-1,read,mr-fcecb323-d229-498f-954e-1a4656ce06d7,,208,ONE,ALL,cassandra-1,True,False,3.963,2026-09-16T13:00:21.938848+00:00,
fcecb323-d229-498f-954e-1a4656ce06d7,monotonic_reads,network_partition,reader-1,read,mr-fcecb323-d229-498f-954e-1a4656ce06d7,,208,ONE,ALL,cassandra-2,True,False,4.219,2026-09-16T13:00:21.953696+00:00,
fcecb323-d229-498f-954e-1a4656ce06d7,monotonic_reads,network_partition,reader-1,read,mr-fcecb323-d229-498f-954e-1a4656ce06d7,,208,ONE,ALL,cassandra-3,True,False,3.544,2026-09-16T13:00:21.968421+00:00,
fcecb323-d229-498f-954e-1a4656ce06d7,monotonic_reads,network_partition,reader-1,read,mr-fcecb323-d229-498f-954e-1a4656ce06d7,,208,ONE,ALL,cassandra-1,True,False,3.519,2026-09-16T13:00:21.982937+00:00,
fcecb323-d229-498f-954e-1a4656ce06d7,monotonic_reads,network_partition,reader-1,read,mr-fcecb323-d229-498f-954e-1a4656ce06d7,,208,ONE,ALL,cassandra-2,True,False,4.841,2026-09-16T13:00:21.999823+00:00,
fcecb323-d229-498f-954e-1a4656ce06d7,monotonic_reads,network_partition,reader-1,read,mr-fcecb323-d229-498f-954e-1a4656ce06d7,,208,ONE,ALL,cassandra-3,True,False,3.773,2026-09-16T13:00:22.015299+00:00,
fcecb323-d229-498f-954e-1a4656ce06d7,monotonic_reads,network_partition,reader-1,read,mr-fcecb323-d229-498f-954e-1a4656ce06d7,,208,ONE,ALL,cassandra-1,True,False,3.714,2026-09-16T13:00:22.031202+00:00,
fcecb323-d229-498f-954e-1a4656ce06d7,monotonic_reads,network_partition,reader-1,read,mr-fcecb323-d229-498f-954e-1a4656ce06d7,,208,ONE,ALL,cassandra-2,True,False,3.498,2026-09-16T13:00:22.044972+00:00,
fcecb323-d229-498f-954e-1a4656ce06d7,monotonic_reads,network_partition,reader-1,read,mr-fcecb323-d229-498f-954e-1a4656ce06d7,,208,ONE,ALL,cassandra-3,True,False,4.485,2026-09-16T13:00:22.060055+00:00,
fcecb323-d229-498f-954e-1a4656ce06d7,monotonic_reads,network_partition,reader-1,read,mr-fcecb323-d229-498f-954e-1a4656ce06d7,,208,ONE,ALL,cassandra-1,True,False,4.296,2026-09-16T13:00:22.077036+00:00,
fcecb323-d229-498f-954e-1a4656ce06d7,monotonic_reads,network_partition,reader-1,read,mr-fcecb323-d229-498f-954e-1a4656ce06d7,,208,ONE,ALL,cassandra-2,True,False,4.09,2026-09-16T13:00:22.093139+00:00,
fcecb323-d229-498f-954e-1a4656ce06d7,monotonic_reads,network_partition,reader-1,read,mr-fcecb323-d229-498f-954e-1a4656ce06d7,,208,ONE,ALL,cassandra-3,True,False,3.933,2026-09-16T13:00:22.107948+00:00,
fcecb323-d229-498f-954e-1a4656ce06d7,monotonic_reads,network_partition,reader-1,read,mr-fcecb323-d229-498f-954e-1a4656ce06d7,,208,ONE,ALL,cassandra-1,True,False,3.831,2026-09-16T13:00:22.123504+00:00,
fcecb323-d229-498f-954e-1a4656ce06d7,monotonic_reads,network_partition,reader-1,read,mr-fcecb323-d229-498f-954e-1a4656ce06d7,,208,ONE,ALL,cassandra-2,True,False,4.297,2026-09-16T13:00:22.139699+00:00,
fcecb323-d229-498f-954e-1a4656ce06d7,monotonic_reads,network_partition,reader-1,read,mr-fcecb323-d229-498f-954e-1a4656ce06d7,,208,ONE,ALL,cassandra-3,True,False,3.912,2026-09-16T13:00:22.154694+00:00,
fcecb323-d229-498f-954e-1a4656ce06d7,monotonic_reads,network_partition,reader-1,read,mr-fcecb323-d229-498f-954e-1a4656ce06d7,,208,ONE,ALL,cassandra-1,True,False,4.036,2026-09-16T13:00:22.169910+00:00,
fcecb323-d229-498f-954e-1a4656ce06d7,monotonic_reads,network_partition,reader-1,read,mr-fcecb323-d229-498f-954e-1a4656ce06d7,,208,ONE,ALL,cassandra-2,True,False,3.766,2026-09-16T13:00:22.186239+00:00,
fcecb323-d229-498f-954e-1a4656ce06d7,monotonic_reads,network_partition,reader-1,read,mr-fcecb323-d229-498f-954e-1a4656ce06d7,,208,ONE,ALL,cassandra-3,True,False,3.869,2026-09-16T13:00:22.202810+00:00,
fcecb323-d229-498f-954e-1a4656ce06d7,monotonic_reads,network_partition,reader-1,read,mr-fcecb323-d229-498f-954e-1a4656ce06d7,,208,ONE,ALL,cassandra-1,True,False,3.647,2026-09-16T13:00:22.217313+00:00,
fcecb323-d229-498f-954e-1a4656ce06d7,monotonic_reads,network_partition,reader-1,read,mr-fcecb323-d229-498f-954e-1a4656ce06d7,,208,ONE,ALL,cassandra-2,True,False,3.905,2026-09-16T13:00:22.232333+00:00,
fcecb323-d229-498f-954e-1a4656ce06d7,monotonic_reads,network_partition,reader-1,read,mr-fcecb323-d229-498f-954e-1a4656ce06d7,,208,ONE,ALL,cassandra-3,True,False,5.476,2026-09-16T13:00:22.250562+00:00,
fcecb323-d229-498f-954e-1a4656ce06d7,monotonic_reads,network_partition,reader-1,read,mr-fcecb323-d229-498f-954e-1a4656ce06d7,,208,ONE,ALL,cassandra-1,True,False,3.948,2026-09-16T13:00:22.265838+00:00,
fcecb323-d229-498f-954e-1a4656ce06d7,monotonic_reads,network_partition,reader-1,read,mr-fcecb323-d229-498f-954e-1a4656ce06d7,,208,ONE,ALL,cassandra-2,True,False,4.293,2026-09-16T13:00:22.282847+00:00,
fcecb323-d229-498f-954e-1a4656ce06d7,monotonic_reads,network_partition,reader-1,read,mr-fcecb323-d229-498f-954e-1a4656ce06d7,,208,ONE,ALL,cassandra-3,True,False,2.946,2026-09-16T13:00:22.298398+00:00,
fcecb323-d229-498f-954e-1a4656ce06d7,monotonic_reads,network_partition,reader-1,read,mr-fcecb323-d229-498f-954e-1a4656ce06d7,,208,ONE,ALL,cassandra-1,True,False,2.655,2026-09-16T13:00:22.313476+00:00,
fcecb323-d229-498f-954e-1a4656ce06d7,monotonic_reads,network_partition,reader-1,read,mr-fcecb323-d229-498f-954e-1a4656ce06d7,,208,ONE,ALL,cassandra-2,True,False,4.201,2026-09-16T13:00:22.329857+00:00,
fcecb323-d229-498f-954e-1a4656ce06d7,monotonic_reads,network_partition,reader-1,read,mr-fcecb323-d229-498f-954e-1a4656ce06d7,,208,ONE,ALL,cassandra-3,True,False,3.835,2026-09-16T13:00:22.344342+00:00,
fcecb323-d229-498f-954e-1a4656ce06d7,monotonic_reads,network_partition,reader-1,read,mr-fcecb323-d229-498f-954e-1a4656ce06d7,,208,ONE,ALL,cassandra-1,True,False,3.851,2026-09-16T13:00:22.360509+00:00,
fcecb323-d229-498f-954e-1a4656ce06d7,monotonic_reads,network_partition,reader-1,read,mr-fcecb323-d229-498f-954e-1a4656ce06d7,,208,ONE,ALL,cassandra-2,True,False,3.297,2026-09-16T13:00:22.375757+00:00,
fcecb323-d229-498f-954e-1a4656ce06d7,monotonic_reads,network_partition,reader-1,read,mr-fcecb323-d229-498f-954e-1a4656ce06d7,,208,ONE,ALL,cassandra-3,True,False,3.004,2026-09-16T13:00:22.390380+00:00,
fcecb323-d229-498f-954e-1a4656ce06d7,monotonic_reads,network_partition,reader-1,read,mr-fcecb323-d229-498f-954e-1a4656ce06d7,,208,ONE,ALL,cassandra-1,True,False,2.426,2026-09-16T13:00:22.403876+00:00,
fcecb323-d229-498f-954e-1a4656ce06d7,monotonic_reads,network_partition,reader-1,read,mr-fcecb323-d229-498f-954e-1a4656ce06d7,,208,ONE,ALL,cassandra-2,True,False,3.191,2026-09-16T13:00:22.418335+00:00,
fcecb323-d229-498f-954e-1a4656ce06d7,monotonic_reads,network_partition,reader-1,read,mr-fcecb323-d229-498f-954e-1a4656ce06d7,,208,ONE,ALL,cassandra-3,True,False,3.459,2026-09-16T13:00:22.432188+00:00,
fcecb323-d229-498f-954e-1a4656ce06d7,monotonic_reads,network_partition,reader-1,read,mr-fcecb323-d229-498f-954e-1a4656ce06d7,,208,ONE,ALL,cassandra-1,True,False,3.015,2026-09-16T13:00:22.445977+00:00,
fcecb323-d229-498f-954e-1a4656ce06d7,monotonic_reads,network_partition,reader-1,read,mr-fcecb323-d229-498f-954e-1a4656ce06d7,,208,ONE,ALL,cassandra-2,True,False,3.409,2026-09-16T13:00:22.459880+00:00,
fcecb323-d229-498f-954e-1a4656ce06d7,monotonic_reads,network_partition,reader-1,read,mr-fcecb323-d229-498f-954e-1a4656ce06d7,,208,ONE,ALL,cassandra-3,True,False,4.918,2026-09-16T13:00:22.477016+00:00,
fcecb323-d229-498f-954e-1a4656ce06d7,monotonic_reads,network_partition,reader-1,read,mr-fcecb323-d229-498f-954e-1a4656ce06d7,,208,ONE,ALL,cassandra-1,True,False,4.051,2026-09-16T13:00:22.493803+00:00,
fcecb323-d229-498f-954e-1a4656ce06d7,monotonic_reads,network_partition,reader-1,read,mr-fcecb323-d229-498f-954e-1a4656ce06d7,,208,ONE,ALL,cassandra-2,True,False,3.795,2026-09-16T13:00:22.509284+00:00,
fcecb323-d229-498f-954e-1a4656ce06d7,monotonic_reads,network_partition,reader-1,read,mr-fcecb323-d229-498f-954e-1a4656ce06d7,,208,ONE,ALL,cassandra-3,True,False,3.758,2026-09-16T13:00:22.524247+00:00,
fcecb323-d229-498f-954e-1a4656ce06d7,monotonic_reads,network_partition,reader-1,read,mr-fcecb323-d229-498f-954e-1a4656ce06d7,,208,ONE,ALL,cassandra-1,True,False,3.218,2026-09-16T13:00:22.539681+00:00,
fcecb323-d229-498f-954e-1a4656ce06d7,monotonic_reads,network_partition,reader-1,read,mr-fcecb323-d229-498f-954e-1a4656ce06d7,,208,ONE,ALL,cassandra-2,True,False,3.911,2026-09-16T13:00:22.556014+00:00,
fcecb323-d229-498f-954e-1a4656ce06d7,monotonic_reads,network_partition,reader-1,read,mr-fcecb323-d229-498f-954e-1a4656ce06d7,,208,ONE,ALL,cassandra-3,True,False,3.337,2026-09-16T13:00:22.571790+00:00,
fcecb323-d229-498f-954e-1a4656ce06d7,monotonic_reads,network_partition,reader-1,read,mr-fcecb323-d229-498f-954e-1a4656ce06d7,,208,ONE,ALL,cassandra-1,True,False,3.553,2026-09-16T13:00:22.588020+00:00,
fcecb323-d229-498f-954e-1a4656ce06d7,monotonic_reads,network_partition,reader-1,read,mr-fcecb323-d229-498f-954e-1a4656ce06d7,,208,ONE,ALL,cassandra-2,True,False,3.651,2026-09-16T13:00:22.603126+00:00,
fcecb323-d229-498f-954e-1a4656ce06d7,monotonic_reads,network_partition,reader-1,read,mr-fcecb323-d229-498f-954e-1a4656ce06d7,,208,ONE,ALL,cassandra-3,True,False,3.941,2026-09-16T13:00:22.617350+00:00,
fcecb323-d229-498f-954e-1a4656ce06d7,monotonic_reads,network_partition,reader-1,read,mr-fcecb323-d229-498f-954e-1a4656ce06d7,,208,ONE,ALL,cassandra-1,True,False,3.096,2026-09-16T13:00:22.630930+00:00,
fcecb323-d229-498f-954e-1a4656ce06d7,monotonic_reads,network_partition,reader-1,read,mr-fcecb323-d229-498f-954e-1a4656ce06d7,,208,ONE,ALL,cassandra-2,True,False,3.727,2026-09-16T13:00:22.645127+00:00,
fcecb323-d229-498f-954e-1a4656ce06d7,monotonic_reads,network_partition,reader-1,read,mr-fcecb323-d229-498f-954e-1a4656ce06d7,,208,ONE,ALL,cassandra-3,True,False,3.497,2026-09-16T13:00:22.661023+00:00,
fcecb323-d229-498f-954e-1a4656ce06d7,monotonic_reads,network_partition,reader-1,read,mr-fcecb323-d229-498f-954e-1a4656ce06d7,,208,ONE,ALL,cassandra-1,True,False,3.787,2026-09-16T13:00:22.675279+00:00,
fcecb323-d229-498f-954e-1a4656ce06d7,monotonic_reads,network_partition,reader-1,read,mr-fcecb323-d229-498f-954e-1a4656ce06d7,,208,ONE,ALL,cassandra-2,True,False,3.128,2026-09-16T13:00:22.689509+00:00,
fcecb323-d229-498f-954e-1a4656ce06d7,monotonic_reads,network_partition,writer-1,write,mr-fcecb323-d229-498f-954e-1a4656ce06d7,208,,,ALL,cassandra-1,True,False,4.198,2026-09-16T13:00:22.698443+00:00,
fcecb323-d229-498f-954e-1a4656ce06d7,monotonic_reads,network_partition,reader-1,read,mr-fcecb323-d229-498f-954e-1a4656ce06d7,,208,ONE,ALL,cassandra-3,True,False,3.212,2026-09-16T13:00:22.705222+00:00,
fcecb323-d229-498f-954e-1a4656ce06d7,monotonic_reads,network_partition,reader-1,read,mr-fcecb323-d229-498f-954e-1a4656ce06d7,,208,ONE,ALL,cassandra-1,True,False,5.302,2026-09-16T13:00:22.720810+00:00,
fcecb323-d229-498f-954e-1a4656ce06d7,monotonic_reads,network_partition,writer-1,write,mr-fcecb323-d229-498f-954e-1a4656ce06d7,209,,,ALL,cassandra-1,True,False,3.771,2026-09-16T13:00:22.726183+00:00,
fcecb323-d229-498f-954e-1a4656ce06d7,monotonic_reads,network_partition,reader-1,read,mr-fcecb323-d229-498f-954e-1a4656ce06d7,,209,ONE,ALL,cassandra-2,True,False,2.473,2026-09-16T13:00:22.734924+00:00,
fcecb323-d229-498f-954e-1a4656ce06d7,monotonic_reads,network_partition,reader-1,read,mr-fcecb323-d229-498f-954e-1a4656ce06d7,,209,ONE,ALL,cassandra-3,True,False,3.733,2026-09-16T13:00:22.749201+00:00,
fcecb323-d229-498f-954e-1a4656ce06d7,monotonic_reads,network_partition,writer-1,write,mr-fcecb323-d229-498f-954e-1a4656ce06d7,210,,,ALL,cassandra-1,True,False,5.618,2026-09-16T13:00:22.754499+00:00,
fcecb323-d229-498f-954e-1a4656ce06d7,monotonic_reads,network_partition,reader-1,read,mr-fcecb323-d229-498f-954e-1a4656ce06d7,,210,ONE,ALL,cassandra-1,True,False,4.772,2026-09-16T13:00:22.765256+00:00,
fcecb323-d229-498f-954e-1a4656ce06d7,monotonic_reads,network_partition,reader-1,read,mr-fcecb323-d229-498f-954e-1a4656ce06d7,,210,ONE,ALL,cassandra-2,True,False,3.345,2026-09-16T13:00:22.780338+00:00,
fcecb323-d229-498f-954e-1a4656ce06d7,monotonic_reads,network_partition,writer-1,write,mr-fcecb323-d229-498f-954e-1a4656ce06d7,211,,,ALL,cassandra-1,True,False,3.716,2026-09-16T13:00:22.784144+00:00,
fcecb323-d229-498f-954e-1a4656ce06d7,monotonic_reads,network_partition,reader-1,read,mr-fcecb323-d229-498f-954e-1a4656ce06d7,,211,ONE,ALL,cassandra-3,True,False,4.226,2026-09-16T13:00:22.796727+00:00,
fcecb323-d229-498f-954e-1a4656ce06d7,monotonic_reads,network_partition,reader-1,read,mr-fcecb323-d229-498f-954e-1a4656ce06d7,,211,ONE,ALL,cassandra-1,True,False,2.812,2026-09-16T13:00:22.810286+00:00,
fcecb323-d229-498f-954e-1a4656ce06d7,monotonic_reads,network_partition,writer-1,write,mr-fcecb323-d229-498f-954e-1a4656ce06d7,212,,,ALL,cassandra-1,True,False,4.515,2026-09-16T13:00:22.811143+00:00,
fcecb323-d229-498f-954e-1a4656ce06d7,monotonic_reads,network_partition,reader-1,read,mr-fcecb323-d229-498f-954e-1a4656ce06d7,,212,ONE,ALL,cassandra-2,True,False,3.293,2026-09-16T13:00:22.824765+00:00,
fcecb323-d229-498f-954e-1a4656ce06d7,monotonic_reads,network_partition,writer-1,write,mr-fcecb323-d229-498f-954e-1a4656ce06d7,213,,,ALL,cassandra-1,True,False,5.497,2026-09-16T13:00:22.839467+00:00,
fcecb323-d229-498f-954e-1a4656ce06d7,monotonic_reads,network_partition,reader-1,read,mr-fcecb323-d229-498f-954e-1a4656ce06d7,,213,ONE,ALL,cassandra-3,True,False,4.45,2026-09-16T13:00:22.841874+00:00,
fcecb323-d229-498f-954e-1a4656ce06d7,monotonic_reads,network_partition,reader-1,read,mr-fcecb323-d229-498f-954e-1a4656ce06d7,,213,ONE,ALL,cassandra-1,True,False,4.436,2026-09-16T13:00:22.856933+00:00,
fcecb323-d229-498f-954e-1a4656ce06d7,monotonic_reads,network_partition,writer-1,write,mr-fcecb323-d229-498f-954e-1a4656ce06d7,214,,,ALL,cassandra-1,True,False,5.496,2026-09-16T13:00:22.866699+00:00,
fcecb323-d229-498f-954e-1a4656ce06d7,monotonic_reads,network_partition,reader-1,read,mr-fcecb323-d229-498f-954e-1a4656ce06d7,,214,ONE,ALL,cassandra-2,True,False,4.845,2026-09-16T13:00:22.874322+00:00,
fcecb323-d229-498f-954e-1a4656ce06d7,monotonic_reads,network_partition,reader-1,read,mr-fcecb323-d229-498f-954e-1a4656ce06d7,,214,ONE,ALL,cassandra-3,True,False,4.691,2026-09-16T13:00:22.891746+00:00,
fcecb323-d229-498f-954e-1a4656ce06d7,monotonic_reads,network_partition,writer-1,write,mr-fcecb323-d229-498f-954e-1a4656ce06d7,215,,,ALL,cassandra-1,True,False,4.824,2026-09-16T13:00:22.893269+00:00,
fcecb323-d229-498f-954e-1a4656ce06d7,monotonic_reads,network_partition,reader-1,read,mr-fcecb323-d229-498f-954e-1a4656ce06d7,,215,ONE,ALL,cassandra-1,True,False,4.8,2026-09-16T13:00:22.909202+00:00,
fcecb323-d229-498f-954e-1a4656ce06d7,monotonic_reads,network_partition,writer-1,write,mr-fcecb323-d229-498f-954e-1a4656ce06d7,216,,,ALL,cassandra-1,True,False,4.487,2026-09-16T13:00:22.920664+00:00,
fcecb323-d229-498f-954e-1a4656ce06d7,monotonic_reads,network_partition,reader-1,read,mr-fcecb323-d229-498f-954e-1a4656ce06d7,,216,ONE,ALL,cassandra-2,True,False,12.549,2026-09-16T13:00:22.934018+00:00,
fcecb323-d229-498f-954e-1a4656ce06d7,monotonic_reads,network_partition,reader-1,read,mr-fcecb323-d229-498f-954e-1a4656ce06d7,,216,ONE,ALL,cassandra-3,True,False,3.608,2026-09-16T13:00:22.949073+00:00,
fcecb323-d229-498f-954e-1a4656ce06d7,monotonic_reads,network_partition,writer-1,write,mr-fcecb323-d229-498f-954e-1a4656ce06d7,217,,,ALL,cassandra-1,True,False,5.354,2026-09-16T13:00:22.950179+00:00,
fcecb323-d229-498f-954e-1a4656ce06d7,monotonic_reads,network_partition,reader-1,read,mr-fcecb323-d229-498f-954e-1a4656ce06d7,,217,ONE,ALL,cassandra-1,True,False,3.834,2026-09-16T13:00:22.965128+00:00,
fcecb323-d229-498f-954e-1a4656ce06d7,monotonic_reads,network_partition,writer-1,write,mr-fcecb323-d229-498f-954e-1a4656ce06d7,218,,,ALL,cassandra-1,True,False,4.201,2026-09-16T13:00:22.976660+00:00,
fcecb323-d229-498f-954e-1a4656ce06d7,monotonic_reads,network_partition,reader-1,read,mr-fcecb323-d229-498f-954e-1a4656ce06d7,,218,ONE,ALL,cassandra-2,True,False,4.134,2026-09-16T13:00:22.979656+00:00,
fcecb323-d229-498f-954e-1a4656ce06d7,monotonic_reads,network_partition,reader-1,read,mr-fcecb323-d229-498f-954e-1a4656ce06d7,,218,ONE,ALL,cassandra-3,True,False,3.877,2026-09-16T13:00:22.995999+00:00,
fcecb323-d229-498f-954e-1a4656ce06d7,monotonic_reads,network_partition,writer-1,write,mr-fcecb323-d229-498f-954e-1a4656ce06d7,219,,,ALL,cassandra-1,True,False,5.977,2026-09-16T13:00:23.003437+00:00,
fcecb323-d229-498f-954e-1a4656ce06d7,monotonic_reads,network_partition,reader-1,read,mr-fcecb323-d229-498f-954e-1a4656ce06d7,,219,ONE,ALL,cassandra-1,True,False,4.933,2026-09-16T13:00:23.012408+00:00,
fcecb323-d229-498f-954e-1a4656ce06d7,monotonic_reads,network_partition,reader-1,read,mr-fcecb323-d229-498f-954e-1a4656ce06d7,,219,ONE,ALL,cassandra-2,True,False,2.978,2026-09-16T13:00:23.025923+00:00,
fcecb323-d229-498f-954e-1a4656ce06d7,monotonic_reads,network_partition,writer-1,write,mr-fcecb323-d229-498f-954e-1a4656ce06d7,220,,,ALL,cassandra-1,True,False,3.709,2026-09-16T13:00:23.028149+00:00,
fcecb323-d229-498f-954e-1a4656ce06d7,monotonic_reads,network_partition,reader-1,read,mr-fcecb323-d229-498f-954e-1a4656ce06d7,,220,ONE,ALL,cassandra-3,True,False,3.296,2026-09-16T13:00:23.041247+00:00,
fcecb323-d229-498f-954e-1a4656ce06d7,monotonic_reads,network_partition,reader-1,read,mr-fcecb323-d229-498f-954e-1a4656ce06d7,,220,ONE,ALL,cassandra-1,True,False,3.904,2026-09-16T13:00:23.056742+00:00,
fcecb323-d229-498f-954e-1a4656ce06d7,monotonic_reads,network_partition,writer-1,write,mr-fcecb323-d229-498f-954e-1a4656ce06d7,221,,,ALL,cassandra-1,True,False,5.831,2026-09-16T13:00:23.058304+00:00,
fcecb323-d229-498f-954e-1a4656ce06d7,monotonic_reads,network_partition,reader-1,read,mr-fcecb323-d229-498f-954e-1a4656ce06d7,,221,ONE,ALL,cassandra-2,True,False,3.083,2026-09-16T13:00:23.072542+00:00,
fcecb323-d229-498f-954e-1a4656ce06d7,monotonic_reads,network_partition,reader-1,read,mr-fcecb323-d229-498f-954e-1a4656ce06d7,,221,ONE,ALL,cassandra-3,True,False,3.029,2026-09-16T13:00:23.086309+00:00,
fcecb323-d229-498f-954e-1a4656ce06d7,monotonic_reads,network_partition,writer-1,write,mr-fcecb323-d229-498f-954e-1a4656ce06d7,222,,,ALL,cassandra-1,True,False,13.54,2026-09-16T13:00:23.096013+00:00,
fcecb323-d229-498f-954e-1a4656ce06d7,monotonic_reads,network_partition,reader-1,read,mr-fcecb323-d229-498f-954e-1a4656ce06d7,,222,ONE,ALL,cassandra-1,True,False,3.883,2026-09-16T13:00:23.102859+00:00,
fcecb323-d229-498f-954e-1a4656ce06d7,monotonic_reads,network_partition,reader-1,read,mr-fcecb323-d229-498f-954e-1a4656ce06d7,,222,ONE,ALL,cassandra-2,True,False,3.735,2026-09-16T13:00:23.119226+00:00,
fcecb323-d229-498f-954e-1a4656ce06d7,monotonic_reads,network_partition,writer-1,write,mr-fcecb323-d229-498f-954e-1a4656ce06d7,223,,,ALL,cassandra-1,True,False,3.745,2026-09-16T13:00:23.123181+00:00,
fcecb323-d229-498f-954e-1a4656ce06d7,monotonic_reads,network_partition,reader-1,read,mr-fcecb323-d229-498f-954e-1a4656ce06d7,,223,ONE,ALL,cassandra-3,True,False,2.711,2026-09-16T13:00:23.132164+00:00,
fcecb323-d229-498f-954e-1a4656ce06d7,monotonic_reads,network_partition,reader-1,read,mr-fcecb323-d229-498f-954e-1a4656ce06d7,,223,ONE,ALL,cassandra-1,True,False,5.445,2026-09-16T13:00:23.149371+00:00,
fcecb323-d229-498f-954e-1a4656ce06d7,monotonic_reads,network_partition,writer-1,write,mr-fcecb323-d229-498f-954e-1a4656ce06d7,224,,,ALL,cassandra-1,True,False,4.911,2026-09-16T13:00:23.150076+00:00,
fcecb323-d229-498f-954e-1a4656ce06d7,monotonic_reads,network_partition,reader-1,read,mr-fcecb323-d229-498f-954e-1a4656ce06d7,,224,ONE,ALL,cassandra-2,True,False,3.025,2026-09-16T13:00:23.164016+00:00,
fcecb323-d229-498f-954e-1a4656ce06d7,monotonic_reads,network_partition,reader-1,read,mr-fcecb323-d229-498f-954e-1a4656ce06d7,,224,ONE,ALL,cassandra-3,True,False,3.209,2026-09-16T13:00:23.178076+00:00,
fcecb323-d229-498f-954e-1a4656ce06d7,monotonic_reads,network_partition,writer-1,write,mr-fcecb323-d229-498f-954e-1a4656ce06d7,225,,,ALL,cassandra-1,True,False,6.09,2026-09-16T13:00:23.178547+00:00,
fcecb323-d229-498f-954e-1a4656ce06d7,monotonic_reads,network_partition,reader-1,read,mr-fcecb323-d229-498f-954e-1a4656ce06d7,,225,ONE,ALL,cassandra-1,True,False,5.105,2026-09-16T13:00:23.194582+00:00,
fcecb323-d229-498f-954e-1a4656ce06d7,monotonic_reads,network_partition,writer-1,write,mr-fcecb323-d229-498f-954e-1a4656ce06d7,226,,,ALL,cassandra-1,True,False,4.535,2026-09-16T13:00:23.205468+00:00,
fcecb323-d229-498f-954e-1a4656ce06d7,monotonic_reads,network_partition,reader-1,read,mr-fcecb323-d229-498f-954e-1a4656ce06d7,,226,ONE,ALL,cassandra-2,True,False,2.623,2026-09-16T13:00:23.208201+00:00,
fcecb323-d229-498f-954e-1a4656ce06d7,monotonic_reads,network_partition,reader-1,read,mr-fcecb323-d229-498f-954e-1a4656ce06d7,,226,ONE,ALL,cassandra-3,True,False,3.968,2026-09-16T13:00:23.224301+00:00,
fcecb323-d229-498f-954e-1a4656ce06d7,monotonic_reads,network_partition,writer-1,write,mr-fcecb323-d229-498f-954e-1a4656ce06d7,227,,,ALL,cassandra-1,True,False,4.86,2026-09-16T13:00:23.232324+00:00,
fcecb323-d229-498f-954e-1a4656ce06d7,monotonic_reads,network_partition,reader-1,read,mr-fcecb323-d229-498f-954e-1a4656ce06d7,,227,ONE,ALL,cassandra-1,True,False,3.554,2026-09-16T13:00:23.239048+00:00,
fcecb323-d229-498f-954e-1a4656ce06d7,monotonic_reads,network_partition,reader-1,read,mr-fcecb323-d229-498f-954e-1a4656ce06d7,,227,ONE,ALL,cassandra-2,True,False,2.972,2026-09-16T13:00:23.252408+00:00,
fcecb323-d229-498f-954e-1a4656ce06d7,monotonic_reads,network_partition,writer-1,write,mr-fcecb323-d229-498f-954e-1a4656ce06d7,228,,,ALL,cassandra-1,True,False,5.19,2026-09-16T13:00:23.261656+00:00,
fcecb323-d229-498f-954e-1a4656ce06d7,monotonic_reads,network_partition,reader-1,read,mr-fcecb323-d229-498f-954e-1a4656ce06d7,,228,ONE,ALL,cassandra-3,True,False,4.19,2026-09-16T13:00:23.268896+00:00,
fcecb323-d229-498f-954e-1a4656ce06d7,monotonic_reads,network_partition,reader-1,read,mr-fcecb323-d229-498f-954e-1a4656ce06d7,,228,ONE,ALL,cassandra-1,True,False,4.202,2026-09-16T13:00:23.285669+00:00,
fcecb323-d229-498f-954e-1a4656ce06d7,monotonic_reads,network_partition,writer-1,write,mr-fcecb323-d229-498f-954e-1a4656ce06d7,229,,,ALL,cassandra-1,True,False,4.488,2026-09-16T13:00:23.290266+00:00,
fcecb323-d229-498f-954e-1a4656ce06d7,monotonic_reads,network_partition,reader-1,read,mr-fcecb323-d229-498f-954e-1a4656ce06d7,,229,ONE,ALL,cassandra-2,True,False,4.067,2026-09-16T13:00:23.302705+00:00,
fcecb323-d229-498f-954e-1a4656ce06d7,monotonic_reads,network_partition,reader-1,read,mr-fcecb323-d229-498f-954e-1a4656ce06d7,,230,ONE,ALL,cassandra-3,True,False,3.267,2026-09-16T13:00:23.318643+00:00,
fcecb323-d229-498f-954e-1a4656ce06d7,monotonic_reads,network_partition,writer-1,write,mr-fcecb323-d229-498f-954e-1a4656ce06d7,230,,,ALL,cassandra-1,True,False,6.404,2026-09-16T13:00:23.318905+00:00,
fcecb323-d229-498f-954e-1a4656ce06d7,monotonic_reads,network_partition,reader-1,read,mr-fcecb323-d229-498f-954e-1a4656ce06d7,,230,ONE,ALL,cassandra-1,True,False,5.472,2026-09-16T13:00:23.335942+00:00,
fcecb323-d229-498f-954e-1a4656ce06d7,monotonic_reads,network_partition,writer-1,write,mr-fcecb323-d229-498f-954e-1a4656ce06d7,231,,,ALL,cassandra-1,True,False,5.248,2026-09-16T13:00:23.344703+00:00,
fcecb323-d229-498f-954e-1a4656ce06d7,monotonic_reads,network_partition,reader-1,read,mr-fcecb323-d229-498f-954e-1a4656ce06d7,,231,ONE,ALL,cassandra-2,True,False,4.009,2026-09-16T13:00:23.352665+00:00,
fcecb323-d229-498f-954e-1a4656ce06d7,monotonic_reads,network_partition,reader-1,read,mr-fcecb323-d229-498f-954e-1a4656ce06d7,,231,ONE,ALL,cassandra-3,True,False,3.06,2026-09-16T13:00:23.366543+00:00,
fcecb323-d229-498f-954e-1a4656ce06d7,monotonic_reads,network_partition,writer-1,write,mr-fcecb323-d229-498f-954e-1a4656ce06d7,232,,,ALL,cassandra-1,True,False,4.03,2026-09-16T13:00:23.373499+00:00,
fcecb323-d229-498f-954e-1a4656ce06d7,monotonic_reads,network_partition,reader-1,read,mr-fcecb323-d229-498f-954e-1a4656ce06d7,,232,ONE,ALL,cassandra-1,True,False,3.75,2026-09-16T13:00:23.382205+00:00,
fcecb323-d229-498f-954e-1a4656ce06d7,monotonic_reads,network_partition,reader-1,read,mr-fcecb323-d229-498f-954e-1a4656ce06d7,,232,ONE,ALL,cassandra-2,True,False,3.04,2026-09-16T13:00:23.397181+00:00,
fcecb323-d229-498f-954e-1a4656ce06d7,monotonic_reads,network_partition,writer-1,write,mr-fcecb323-d229-498f-954e-1a4656ce06d7,233,,,ALL,cassandra-1,True,False,3.79,2026-09-16T13:00:23.402221+00:00,
fcecb323-d229-498f-954e-1a4656ce06d7,monotonic_reads,network_partition,reader-1,read,mr-fcecb323-d229-498f-954e-1a4656ce06d7,,233,ONE,ALL,cassandra-3,True,False,3.055,2026-09-16T13:00:23.411523+00:00,
fcecb323-d229-498f-954e-1a4656ce06d7,monotonic_reads,network_partition,reader-1,read,mr-fcecb323-d229-498f-954e-1a4656ce06d7,,233,ONE,ALL,cassandra-1,True,False,4.689,2026-09-16T13:00:23.428891+00:00,
fcecb323-d229-498f-954e-1a4656ce06d7,monotonic_reads,network_partition,writer-1,write,mr-fcecb323-d229-498f-954e-1a4656ce06d7,234,,,ALL,cassandra-1,True,False,4.501,2026-09-16T13:00:23.431502+00:00,
fcecb323-d229-498f-954e-1a4656ce06d7,monotonic_reads,network_partition,reader-1,read,mr-fcecb323-d229-498f-954e-1a4656ce06d7,,234,ONE,ALL,cassandra-2,True,False,3.293,2026-09-16T13:00:23.442774+00:00,
fcecb323-d229-498f-954e-1a4656ce06d7,monotonic_reads,network_partition,reader-1,read,mr-fcecb323-d229-498f-954e-1a4656ce06d7,,234,ONE,ALL,cassandra-3,True,False,3.037,2026-09-16T13:00:23.456723+00:00,
fcecb323-d229-498f-954e-1a4656ce06d7,monotonic_reads,network_partition,writer-1,write,mr-fcecb323-d229-498f-954e-1a4656ce06d7,235,,,ALL,cassandra-1,True,False,4.499,2026-09-16T13:00:23.459433+00:00,
fcecb323-d229-498f-954e-1a4656ce06d7,monotonic_reads,network_partition,reader-1,read,mr-fcecb323-d229-498f-954e-1a4656ce06d7,,235,ONE,ALL,cassandra-1,True,False,3.862,2026-09-16T13:00:23.471332+00:00,
fcecb323-d229-498f-954e-1a4656ce06d7,monotonic_reads,network_partition,writer-1,write,mr-fcecb323-d229-498f-954e-1a4656ce06d7,236,,,ALL,cassandra-1,True,False,4.685,2026-09-16T13:00:23.484529+00:00,
fcecb323-d229-498f-954e-1a4656ce06d7,monotonic_reads,network_partition,reader-1,read,mr-fcecb323-d229-498f-954e-1a4656ce06d7,,236,ONE,ALL,cassandra-2,True,False,3.502,2026-09-16T13:00:23.485470+00:00,
fcecb323-d229-498f-954e-1a4656ce06d7,monotonic_reads,network_partition,reader-1,read,mr-fcecb323-d229-498f-954e-1a4656ce06d7,,236,ONE,ALL,cassandra-3,True,False,3.653,2026-09-16T13:00:23.501595+00:00,
fcecb323-d229-498f-954e-1a4656ce06d7,monotonic_reads,network_partition,writer-1,write,mr-fcecb323-d229-498f-954e-1a4656ce06d7,237,,,ALL,cassandra-1,True,False,5.367,2026-09-16T13:00:23.511861+00:00,
fcecb323-d229-498f-954e-1a4656ce06d7,monotonic_reads,network_partition,reader-1,read,mr-fcecb323-d229-498f-954e-1a4656ce06d7,,237,ONE,ALL,cassandra-1,True,False,4.403,2026-09-16T13:00:23.518688+00:00,
fcecb323-d229-498f-954e-1a4656ce06d7,monotonic_reads,network_partition,reader-1,read,mr-fcecb323-d229-498f-954e-1a4656ce06d7,,237,ONE,ALL,cassandra-2,True,False,2.975,2026-09-16T13:00:23.533502+00:00,
fcecb323-d229-498f-954e-1a4656ce06d7,monotonic_reads,network_partition,writer-1,write,mr-fcecb323-d229-498f-954e-1a4656ce06d7,238,,,ALL,cassandra-1,True,False,3.884,2026-09-16T13:00:23.539329+00:00,
fcecb323-d229-498f-954e-1a4656ce06d7,monotonic_reads,network_partition,reader-1,read,mr-fcecb323-d229-498f-954e-1a4656ce06d7,,238,ONE,ALL,cassandra-3,True,False,2.883,2026-09-16T13:00:23.547332+00:00,
fcecb323-d229-498f-954e-1a4656ce06d7,monotonic_reads,network_partition,reader-1,read,mr-fcecb323-d229-498f-954e-1a4656ce06d7,,238,ONE,ALL,cassandra-1,True,False,2.918,2026-09-16T13:00:23.562382+00:00,
fcecb323-d229-498f-954e-1a4656ce06d7,monotonic_reads,network_partition,writer-1,write,mr-fcecb323-d229-498f-954e-1a4656ce06d7,239,,,ALL,cassandra-1,True,False,3.717,2026-09-16T13:00:23.567437+00:00,
fcecb323-d229-498f-954e-1a4656ce06d7,monotonic_reads,network_partition,reader-1,read,mr-fcecb323-d229-498f-954e-1a4656ce06d7,,239,ONE,ALL,cassandra-2,True,False,3.07,2026-09-16T13:00:23.576517+00:00,
fcecb323-d229-498f-954e-1a4656ce06d7,monotonic_reads,network_partition,reader-1,read,mr-fcecb323-d229-498f-954e-1a4656ce06d7,,240,ONE,ALL,cassandra-3,True,False,9.282,2026-09-16T13:00:23.598463+00:00,
fcecb323-d229-498f-954e-1a4656ce06d7,monotonic_reads,network_partition,writer-1,write,mr-fcecb323-d229-498f-954e-1a4656ce06d7,240,,,ALL,cassandra-1,True,False,14.571,2026-09-16T13:00:23.602735+00:00,
fcecb323-d229-498f-954e-1a4656ce06d7,monotonic_reads,network_partition,reader-1,read,mr-fcecb323-d229-498f-954e-1a4656ce06d7,,240,ONE,ALL,cassandra-1,True,False,3.137,2026-09-16T13:00:23.612593+00:00,
fcecb323-d229-498f-954e-1a4656ce06d7,monotonic_reads,network_partition,reader-1,read,mr-fcecb323-d229-498f-954e-1a4656ce06d7,,240,ONE,ALL,cassandra-2,True,False,2.833,2026-09-16T13:00:23.626774+00:00,
fcecb323-d229-498f-954e-1a4656ce06d7,monotonic_reads,network_partition,writer-1,write,mr-fcecb323-d229-498f-954e-1a4656ce06d7,241,,,ALL,cassandra-1,True,False,3.661,2026-09-16T13:00:23.631135+00:00,
fcecb323-d229-498f-954e-1a4656ce06d7,monotonic_reads,network_partition,reader-1,read,mr-fcecb323-d229-498f-954e-1a4656ce06d7,,241,ONE,ALL,cassandra-3,True,False,12.159,2026-09-16T13:00:23.651468+00:00,
fcecb323-d229-498f-954e-1a4656ce06d7,monotonic_reads,network_partition,writer-1,write,mr-fcecb323-d229-498f-954e-1a4656ce06d7,242,,,ALL,cassandra-1,True,False,4.125,2026-09-16T13:00:23.657104+00:00,
fcecb323-d229-498f-954e-1a4656ce06d7,monotonic_reads,network_partition,reader-1,read,mr-fcecb323-d229-498f-954e-1a4656ce06d7,,242,ONE,ALL,cassandra-1,True,False,4.416,2026-09-16T13:00:23.667904+00:00,
fcecb323-d229-498f-954e-1a4656ce06d7,monotonic_reads,network_partition,writer-1,write,mr-fcecb323-d229-498f-954e-1a4656ce06d7,243,,,ALL,cassandra-1,True,False,4.687,2026-09-16T13:00:23.682167+00:00,
fcecb323-d229-498f-954e-1a4656ce06d7,monotonic_reads,network_partition,reader-1,read,mr-fcecb323-d229-498f-954e-1a4656ce06d7,,243,ONE,ALL,cassandra-2,True,False,2.779,2026-09-16T13:00:23.682827+00:00,
fcecb323-d229-498f-954e-1a4656ce06d7,monotonic_reads,network_partition,reader-1,read,mr-fcecb323-d229-498f-954e-1a4656ce06d7,,243,ONE,ALL,cassandra-3,True,False,3.273,2026-09-16T13:00:23.697721+00:00,
fcecb323-d229-498f-954e-1a4656ce06d7,monotonic_reads,network_partition,writer-1,write,mr-fcecb323-d229-498f-954e-1a4656ce06d7,244,,,ALL,cassandra-1,True,False,3.719,2026-09-16T13:00:23.710190+00:00,
fcecb323-d229-498f-954e-1a4656ce06d7,monotonic_reads,network_partition,reader-1,read,mr-fcecb323-d229-498f-954e-1a4656ce06d7,,244,ONE,ALL,cassandra-1,True,False,3.492,2026-09-16T13:00:23.711829+00:00,
fcecb323-d229-498f-954e-1a4656ce06d7,monotonic_reads,network_partition,reader-1,read,mr-fcecb323-d229-498f-954e-1a4656ce06d7,,244,ONE,ALL,cassandra-2,True,False,4.011,2026-09-16T13:00:23.727299+00:00,
fcecb323-d229-498f-954e-1a4656ce06d7,monotonic_reads,network_partition,writer-1,write,mr-fcecb323-d229-498f-954e-1a4656ce06d7,245,,,ALL,cassandra-1,True,False,5.32,2026-09-16T13:00:23.739571+00:00,
fcecb323-d229-498f-954e-1a4656ce06d7,monotonic_reads,network_partition,reader-1,read,mr-fcecb323-d229-498f-954e-1a4656ce06d7,,245,ONE,ALL,cassandra-3,True,False,2.678,2026-09-16T13:00:23.742345+00:00,
fcecb323-d229-498f-954e-1a4656ce06d7,monotonic_reads,network_partition,reader-1,read,mr-fcecb323-d229-498f-954e-1a4656ce06d7,,245,ONE,ALL,cassandra-1,True,False,4.982,2026-09-16T13:00:23.760015+00:00,
fcecb323-d229-498f-954e-1a4656ce06d7,monotonic_reads,network_partition,writer-1,write,mr-fcecb323-d229-498f-954e-1a4656ce06d7,246,,,ALL,cassandra-1,True,False,5.114,2026-09-16T13:00:23.767578+00:00,
fcecb323-d229-498f-954e-1a4656ce06d7,monotonic_reads,network_partition,reader-1,read,mr-fcecb323-d229-498f-954e-1a4656ce06d7,,246,ONE,ALL,cassandra-2,True,False,3.17,2026-09-16T13:00:23.774633+00:00,
fcecb323-d229-498f-954e-1a4656ce06d7,monotonic_reads,network_partition,reader-1,read,mr-fcecb323-d229-498f-954e-1a4656ce06d7,,246,ONE,ALL,cassandra-3,True,False,2.643,2026-09-16T13:00:23.788035+00:00,
fcecb323-d229-498f-954e-1a4656ce06d7,monotonic_reads,network_partition,writer-1,write,mr-fcecb323-d229-498f-954e-1a4656ce06d7,247,,,ALL,cassandra-1,True,False,4.726,2026-09-16T13:00:23.794157+00:00,
fcecb323-d229-498f-954e-1a4656ce06d7,monotonic_reads,network_partition,reader-1,read,mr-fcecb323-d229-498f-954e-1a4656ce06d7,,247,ONE,ALL,cassandra-1,True,False,3.49,2026-09-16T13:00:23.801931+00:00,
fcecb323-d229-498f-954e-1a4656ce06d7,monotonic_reads,network_partition,reader-1,read,mr-fcecb323-d229-498f-954e-1a4656ce06d7,,247,ONE,ALL,cassandra-2,True,False,3.711,2026-09-16T13:00:23.818198+00:00,
fcecb323-d229-498f-954e-1a4656ce06d7,monotonic_reads,network_partition,writer-1,write,mr-fcecb323-d229-498f-954e-1a4656ce06d7,248,,,ALL,cassandra-1,True,False,4.748,2026-09-16T13:00:23.820129+00:00,
fcecb323-d229-498f-954e-1a4656ce06d7,monotonic_reads,network_partition,reader-1,read,mr-fcecb323-d229-498f-954e-1a4656ce06d7,,248,ONE,ALL,cassandra-3,True,False,3.648,2026-09-16T13:00:23.833100+00:00,
fcecb323-d229-498f-954e-1a4656ce06d7,monotonic_reads,network_partition,reader-1,read,mr-fcecb323-d229-498f-954e-1a4656ce06d7,,248,ONE,ALL,cassandra-1,True,False,3.444,2026-09-16T13:00:23.847591+00:00,
fcecb323-d229-498f-954e-1a4656ce06d7,monotonic_reads,network_partition,writer-1,write,mr-fcecb323-d229-498f-954e-1a4656ce06d7,249,,,ALL,cassandra-1,True,False,4.559,2026-09-16T13:00:23.849187+00:00,
fcecb323-d229-498f-954e-1a4656ce06d7,monotonic_reads,network_partition,reader-1,read,mr-fcecb323-d229-498f-954e-1a4656ce06d7,,249,ONE,ALL,cassandra-2,True,False,2.916,2026-09-16T13:00:23.863228+00:00,
fcecb323-d229-498f-954e-1a4656ce06d7,monotonic_reads,network_partition,reader-1,read,mr-fcecb323-d229-498f-954e-1a4656ce06d7,,249,ONE,ALL,cassandra-3,True,False,3.786,2026-09-16T13:00:23.877878+00:00,
fcecb323-d229-498f-954e-1a4656ce06d7,monotonic_reads,network_partition,writer-1,write,mr-fcecb323-d229-498f-954e-1a4656ce06d7,250,,,ALL,cassandra-1,True,False,5.938,2026-09-16T13:00:23.879417+00:00,
fcecb323-d229-498f-954e-1a4656ce06d7,monotonic_reads,network_partition,reader-1,read,mr-fcecb323-d229-498f-954e-1a4656ce06d7,,250,ONE,ALL,cassandra-1,True,False,4.826,2026-09-16T13:00:23.893333+00:00,
fcecb323-d229-498f-954e-1a4656ce06d7,monotonic_reads,network_partition,reader-1,read,mr-fcecb323-d229-498f-954e-1a4656ce06d7,,251,ONE,ALL,cassandra-2,True,False,2.946,2026-09-16T13:00:23.908150+00:00,
fcecb323-d229-498f-954e-1a4656ce06d7,monotonic_reads,network_partition,writer-1,write,mr-fcecb323-d229-498f-954e-1a4656ce06d7,251,,,ALL,cassandra-1,True,False,5.473,2026-09-16T13:00:23.908436+00:00,
fcecb323-d229-498f-954e-1a4656ce06d7,monotonic_reads,network_partition,reader-1,read,mr-fcecb323-d229-498f-954e-1a4656ce06d7,,251,ONE,ALL,cassandra-3,True,False,4.237,2026-09-16T13:00:23.923886+00:00,
fcecb323-d229-498f-954e-1a4656ce06d7,monotonic_reads,network_partition,writer-1,write,mr-fcecb323-d229-498f-954e-1a4656ce06d7,252,,,ALL,cassandra-1,True,False,5.952,2026-09-16T13:00:23.938250+00:00,
fcecb323-d229-498f-954e-1a4656ce06d7,monotonic_reads,network_partition,reader-1,read,mr-fcecb323-d229-498f-954e-1a4656ce06d7,,252,ONE,ALL,cassandra-1,True,False,3.417,2026-09-16T13:00:23.939708+00:00,
fcecb323-d229-498f-954e-1a4656ce06d7,monotonic_reads,network_partition,reader-1,read,mr-fcecb323-d229-498f-954e-1a4656ce06d7,,252,ONE,ALL,cassandra-2,True,False,3.512,2026-09-16T13:00:23.955874+00:00,
fcecb323-d229-498f-954e-1a4656ce06d7,monotonic_reads,network_partition,writer-1,write,mr-fcecb323-d229-498f-954e-1a4656ce06d7,253,,,ALL,cassandra-1,True,False,4.566,2026-09-16T13:00:23.966508+00:00,
fcecb323-d229-498f-954e-1a4656ce06d7,monotonic_reads,network_partition,reader-1,read,mr-fcecb323-d229-498f-954e-1a4656ce06d7,,253,ONE,ALL,cassandra-3,True,False,2.999,2026-09-16T13:00:23.970452+00:00,
fcecb323-d229-498f-954e-1a4656ce06d7,monotonic_reads,network_partition,reader-1,read,mr-fcecb323-d229-498f-954e-1a4656ce06d7,,253,ONE,ALL,cassandra-1,True,False,4.969,2026-09-16T13:00:23.988115+00:00,
fcecb323-d229-498f-954e-1a4656ce06d7,monotonic_reads,network_partition,writer-1,write,mr-fcecb323-d229-498f-954e-1a4656ce06d7,254,,,ALL,cassandra-1,True,False,4.87,2026-09-16T13:00:23.993347+00:00,
fcecb323-d229-498f-954e-1a4656ce06d7,monotonic_reads,network_partition,reader-1,read,mr-fcecb323-d229-498f-954e-1a4656ce06d7,,254,ONE,ALL,cassandra-2,True,False,4.325,2026-09-16T13:00:24.003784+00:00,
fcecb323-d229-498f-954e-1a4656ce06d7,monotonic_reads,network_partition,reader-1,read,mr-fcecb323-d229-498f-954e-1a4656ce06d7,,255,ONE,ALL,cassandra-3,True,False,3.375,2026-09-16T13:00:24.019308+00:00,
fcecb323-d229-498f-954e-1a4656ce06d7,monotonic_reads,network_partition,writer-1,write,mr-fcecb323-d229-498f-954e-1a4656ce06d7,255,,,ALL,cassandra-1,True,False,5.68,2026-09-16T13:00:24.020127+00:00,
fcecb323-d229-498f-954e-1a4656ce06d7,monotonic_reads,network_partition,reader-1,read,mr-fcecb323-d229-498f-954e-1a4656ce06d7,,255,ONE,ALL,cassandra-1,True,False,4.523,2026-09-16T13:00:24.034978+00:00,
fcecb323-d229-498f-954e-1a4656ce06d7,monotonic_reads,network_partition,reader-1,read,mr-fcecb323-d229-498f-954e-1a4656ce06d7,,255,ONE,ALL,cassandra-2,True,False,3.601,2026-09-16T13:00:24.048834+00:00,
fcecb323-d229-498f-954e-1a4656ce06d7,monotonic_reads,network_partition,writer-1,write,mr-fcecb323-d229-498f-954e-1a4656ce06d7,256,,,ALL,cassandra-1,True,False,5.771,2026-09-16T13:00:24.050226+00:00,
fcecb323-d229-498f-954e-1a4656ce06d7,monotonic_reads,network_partition,reader-1,read,mr-fcecb323-d229-498f-954e-1a4656ce06d7,,256,ONE,ALL,cassandra-3,True,False,3.925,2026-09-16T13:00:24.063405+00:00,
fcecb323-d229-498f-954e-1a4656ce06d7,monotonic_reads,network_partition,writer-1,write,mr-fcecb323-d229-498f-954e-1a4656ce06d7,257,,,ALL,cassandra-1,True,False,5.291,2026-09-16T13:00:24.078757+00:00,
fcecb323-d229-498f-954e-1a4656ce06d7,monotonic_reads,network_partition,reader-1,read,mr-fcecb323-d229-498f-954e-1a4656ce06d7,,257,ONE,ALL,cassandra-1,True,False,4.437,2026-09-16T13:00:24.079803+00:00,
fcecb323-d229-498f-954e-1a4656ce06d7,monotonic_reads,network_partition,reader-1,read,mr-fcecb323-d229-498f-954e-1a4656ce06d7,,257,ONE,ALL,cassandra-2,True,False,5.07,2026-09-16T13:00:24.097584+00:00,
fcecb323-d229-498f-954e-1a4656ce06d7,monotonic_reads,network_partition,writer-1,write,mr-fcecb323-d229-498f-954e-1a4656ce06d7,258,,,ALL,cassandra-1,True,False,6.45,2026-09-16T13:00:24.108977+00:00,
fcecb323-d229-498f-954e-1a4656ce06d7,monotonic_reads,network_partition,reader-1,read,mr-fcecb323-d229-498f-954e-1a4656ce06d7,,258,ONE,ALL,cassandra-3,True,False,5.574,2026-09-16T13:00:24.113429+00:00,
fcecb323-d229-498f-954e-1a4656ce06d7,monotonic_reads,network_partition,reader-1,read,mr-fcecb323-d229-498f-954e-1a4656ce06d7,,258,ONE,ALL,cassandra-1,True,False,3.9,2026-09-16T13:00:24.127650+00:00,
fcecb323-d229-498f-954e-1a4656ce06d7,monotonic_reads,network_partition,writer-1,write,mr-fcecb323-d229-498f-954e-1a4656ce06d7,259,,,ALL,cassandra-1,True,False,18.426,2026-09-16T13:00:24.151785+00:00,
fcecb323-d229-498f-954e-1a4656ce06d7,monotonic_reads,network_partition,reader-1,read,mr-fcecb323-d229-498f-954e-1a4656ce06d7,,259,ONE,ALL,cassandra-2,True,False,12.29,2026-09-16T13:00:24.152645+00:00,
fcecb323-d229-498f-954e-1a4656ce06d7,monotonic_reads,network_partition,reader-1,read,mr-fcecb323-d229-498f-954e-1a4656ce06d7,,259,ONE,ALL,cassandra-3,True,False,3.141,2026-09-16T13:00:24.168031+00:00,
fcecb323-d229-498f-954e-1a4656ce06d7,monotonic_reads,network_partition,writer-1,write,mr-fcecb323-d229-498f-954e-1a4656ce06d7,260,,,ALL,cassandra-1,True,False,3.354,2026-09-16T13:00:24.181075+00:00,
fcecb323-d229-498f-954e-1a4656ce06d7,monotonic_reads,network_partition,reader-1,read,mr-fcecb323-d229-498f-954e-1a4656ce06d7,,260,ONE,ALL,cassandra-1,True,False,2.559,2026-09-16T13:00:24.183291+00:00,
fcecb323-d229-498f-954e-1a4656ce06d7,monotonic_reads,network_partition,reader-1,read,mr-fcecb323-d229-498f-954e-1a4656ce06d7,,260,ONE,ALL,cassandra-2,True,False,4.162,2026-09-16T13:00:24.198982+00:00,
fcecb323-d229-498f-954e-1a4656ce06d7,monotonic_reads,network_partition,writer-1,write,mr-fcecb323-d229-498f-954e-1a4656ce06d7,261,,,ALL,cassandra-1,True,False,4.243,2026-09-16T13:00:24.205713+00:00,
fcecb323-d229-498f-954e-1a4656ce06d7,monotonic_reads,network_partition,reader-1,read,mr-fcecb323-d229-498f-954e-1a4656ce06d7,,261,ONE,ALL,cassandra-3,True,False,4.638,2026-09-16T13:00:24.216109+00:00,
fcecb323-d229-498f-954e-1a4656ce06d7,monotonic_reads,network_partition,reader-1,read,mr-fcecb323-d229-498f-954e-1a4656ce06d7,,261,ONE,ALL,cassandra-1,True,False,4.206,2026-09-16T13:00:24.231921+00:00,
fcecb323-d229-498f-954e-1a4656ce06d7,monotonic_reads,network_partition,writer-1,write,mr-fcecb323-d229-498f-954e-1a4656ce06d7,262,,,ALL,cassandra-1,True,False,5.236,2026-09-16T13:00:24.233490+00:00,
fcecb323-d229-498f-954e-1a4656ce06d7,monotonic_reads,network_partition,reader-1,read,mr-fcecb323-d229-498f-954e-1a4656ce06d7,,262,ONE,ALL,cassandra-2,True,False,3.064,2026-09-16T13:00:24.247039+00:00,
fcecb323-d229-498f-954e-1a4656ce06d7,monotonic_reads,network_partition,reader-1,read,mr-fcecb323-d229-498f-954e-1a4656ce06d7,,262,ONE,ALL,cassandra-3,True,False,9.731,2026-09-16T13:00:24.267822+00:00,
fcecb323-d229-498f-954e-1a4656ce06d7,monotonic_reads,network_partition,writer-1,write,mr-fcecb323-d229-498f-954e-1a4656ce06d7,263,,,ALL,cassandra-1,True,False,11.531,2026-09-16T13:00:24.268983+00:00,
fcecb323-d229-498f-954e-1a4656ce06d7,monotonic_reads,network_partition,reader-1,read,mr-fcecb323-d229-498f-954e-1a4656ce06d7,,263,ONE,ALL,cassandra-1,True,False,3.041,2026-09-16T13:00:24.282230+00:00,
fcecb323-d229-498f-954e-1a4656ce06d7,monotonic_reads,network_partition,reader-1,read,mr-fcecb323-d229-498f-954e-1a4656ce06d7,,263,ONE,ALL,cassandra-2,True,False,4.72,2026-09-16T13:00:24.298148+00:00,
fcecb323-d229-498f-954e-1a4656ce06d7,monotonic_reads,network_partition,writer-1,write,mr-fcecb323-d229-498f-954e-1a4656ce06d7,264,,,ALL,cassandra-1,True,False,5.692,2026-09-16T13:00:24.298582+00:00,
fcecb323-d229-498f-954e-1a4656ce06d7,monotonic_reads,network_partition,reader-1,read,mr-fcecb323-d229-498f-954e-1a4656ce06d7,,264,ONE,ALL,cassandra-3,True,False,7.05,2026-09-16T13:00:24.319226+00:00,
fcecb323-d229-498f-954e-1a4656ce06d7,monotonic_reads,network_partition,writer-1,write,mr-fcecb323-d229-498f-954e-1a4656ce06d7,265,,,ALL,cassandra-1,True,False,4.34,2026-09-16T13:00:24.323963+00:00,
fcecb323-d229-498f-954e-1a4656ce06d7,monotonic_reads,network_partition,reader-1,read,mr-fcecb323-d229-498f-954e-1a4656ce06d7,,265,ONE,ALL,cassandra-1,True,False,3.444,2026-09-16T13:00:24.335486+00:00,
fcecb323-d229-498f-954e-1a4656ce06d7,monotonic_reads,network_partition,reader-1,read,mr-fcecb323-d229-498f-954e-1a4656ce06d7,,265,ONE,ALL,cassandra-2,True,False,3.132,2026-09-16T13:00:24.349575+00:00,
fcecb323-d229-498f-954e-1a4656ce06d7,monotonic_reads,network_partition,writer-1,write,mr-fcecb323-d229-498f-954e-1a4656ce06d7,266,,,ALL,cassandra-1,True,False,4.474,2026-09-16T13:00:24.353098+00:00,
fcecb323-d229-498f-954e-1a4656ce06d7,monotonic_reads,network_partition,reader-1,read,mr-fcecb323-d229-498f-954e-1a4656ce06d7,,266,ONE,ALL,cassandra-3,True,False,3.35,2026-09-16T13:00:24.364779+00:00,
fcecb323-d229-498f-954e-1a4656ce06d7,monotonic_reads,network_partition,reader-1,read,mr-fcecb323-d229-498f-954e-1a4656ce06d7,,266,ONE,ALL,cassandra-1,True,False,3.287,2026-09-16T13:00:24.379234+00:00,
fcecb323-d229-498f-954e-1a4656ce06d7,monotonic_reads,network_partition,writer-1,write,mr-fcecb323-d229-498f-954e-1a4656ce06d7,267,,,ALL,cassandra-1,True,False,4.811,2026-09-16T13:00:24.381240+00:00,
fcecb323-d229-498f-954e-1a4656ce06d7,monotonic_reads,network_partition,reader-1,read,mr-fcecb323-d229-498f-954e-1a4656ce06d7,,267,ONE,ALL,cassandra-2,True,False,3.2,2026-09-16T13:00:24.392634+00:00,
fcecb323-d229-498f-954e-1a4656ce06d7,monotonic_reads,network_partition,reader-1,read,mr-fcecb323-d229-498f-954e-1a4656ce06d7,,267,ONE,ALL,cassandra-3,True,False,3.558,2026-09-16T13:00:24.408831+00:00,
fcecb323-d229-498f-954e-1a4656ce06d7,monotonic_reads,network_partition,writer-1,write,mr-fcecb323-d229-498f-954e-1a4656ce06d7,268,,,ALL,cassandra-1,True,False,3.468,2026-09-16T13:00:24.409115+00:00,
fcecb323-d229-498f-954e-1a4656ce06d7,monotonic_reads,network_partition,reader-1,read,mr-fcecb323-d229-498f-954e-1a4656ce06d7,,268,ONE,ALL,cassandra-1,True,False,4.638,2026-09-16T13:00:24.424105+00:00,
fcecb323-d229-498f-954e-1a4656ce06d7,monotonic_reads,network_partition,writer-1,write,mr-fcecb323-d229-498f-954e-1a4656ce06d7,269,,,ALL,cassandra-1,True,False,5.54,2026-09-16T13:00:24.434850+00:00,
fcecb323-d229-498f-954e-1a4656ce06d7,monotonic_reads,network_partition,reader-1,read,mr-fcecb323-d229-498f-954e-1a4656ce06d7,,269,ONE,ALL,cassandra-2,True,False,3.084,2026-09-16T13:00:24.438062+00:00,
fcecb323-d229-498f-954e-1a4656ce06d7,monotonic_reads,network_partition,reader-1,read,mr-fcecb323-d229-498f-954e-1a4656ce06d7,,269,ONE,ALL,cassandra-3,True,False,3.268,2026-09-16T13:00:24.453986+00:00,
fcecb323-d229-498f-954e-1a4656ce06d7,monotonic_reads,network_partition,writer-1,write,mr-fcecb323-d229-498f-954e-1a4656ce06d7,270,,,ALL,cassandra-1,True,False,3.834,2026-09-16T13:00:24.459278+00:00,
fcecb323-d229-498f-954e-1a4656ce06d7,monotonic_reads,network_partition,reader-1,read,mr-fcecb323-d229-498f-954e-1a4656ce06d7,,270,ONE,ALL,cassandra-1,True,False,3.481,2026-09-16T13:00:24.468910+00:00,
fcecb323-d229-498f-954e-1a4656ce06d7,monotonic_reads,network_partition,reader-1,read,mr-fcecb323-d229-498f-954e-1a4656ce06d7,,270,ONE,ALL,cassandra-2,True,False,2.874,2026-09-16T13:00:24.483170+00:00,
fcecb323-d229-498f-954e-1a4656ce06d7,monotonic_reads,network_partition,writer-1,write,mr-fcecb323-d229-498f-954e-1a4656ce06d7,271,,,ALL,cassandra-1,True,False,4.625,2026-09-16T13:00:24.484115+00:00,
fcecb323-d229-498f-954e-1a4656ce06d7,monotonic_reads,network_partition,reader-1,read,mr-fcecb323-d229-498f-954e-1a4656ce06d7,,271,ONE,ALL,cassandra-3,True,False,3.249,2026-09-16T13:00:24.497712+00:00,
fcecb323-d229-498f-954e-1a4656ce06d7,monotonic_reads,network_partition,writer-1,write,mr-fcecb323-d229-498f-954e-1a4656ce06d7,272,,,ALL,cassandra-1,True,False,6.894,2026-09-16T13:00:24.511326+00:00,
fcecb323-d229-498f-954e-1a4656ce06d7,monotonic_reads,network_partition,reader-1,read,mr-fcecb323-d229-498f-954e-1a4656ce06d7,,272,ONE,ALL,cassandra-1,True,False,4.659,2026-09-16T13:00:24.514888+00:00,
fcecb323-d229-498f-954e-1a4656ce06d7,monotonic_reads,network_partition,reader-1,read,mr-fcecb323-d229-498f-954e-1a4656ce06d7,,272,ONE,ALL,cassandra-2,True,False,2.7,2026-09-16T13:00:24.528136+00:00,
fcecb323-d229-498f-954e-1a4656ce06d7,monotonic_reads,network_partition,writer-1,write,mr-fcecb323-d229-498f-954e-1a4656ce06d7,273,,,ALL,cassandra-1,True,False,4.182,2026-09-16T13:00:24.539510+00:00,
fcecb323-d229-498f-954e-1a4656ce06d7,monotonic_reads,network_partition,reader-1,read,mr-fcecb323-d229-498f-954e-1a4656ce06d7,,273,ONE,ALL,cassandra-3,True,False,2.744,2026-09-16T13:00:24.541076+00:00,
fcecb323-d229-498f-954e-1a4656ce06d7,monotonic_reads,network_partition,reader-1,read,mr-fcecb323-d229-498f-954e-1a4656ce06d7,,273,ONE,ALL,cassandra-1,True,False,3.964,2026-09-16T13:00:24.556301+00:00,
fcecb323-d229-498f-954e-1a4656ce06d7,monotonic_reads,network_partition,writer-1,write,mr-fcecb323-d229-498f-954e-1a4656ce06d7,274,,,ALL,cassandra-1,True,False,3.854,2026-09-16T13:00:24.567273+00:00,
fcecb323-d229-498f-954e-1a4656ce06d7,monotonic_reads,network_partition,reader-1,read,mr-fcecb323-d229-498f-954e-1a4656ce06d7,,274,ONE,ALL,cassandra-2,True,False,2.968,2026-09-16T13:00:24.571353+00:00,
fcecb323-d229-498f-954e-1a4656ce06d7,monotonic_reads,network_partition,reader-1,read,mr-fcecb323-d229-498f-954e-1a4656ce06d7,,274,ONE,ALL,cassandra-3,True,False,3.551,2026-09-16T13:00:24.585534+00:00,
fcecb323-d229-498f-954e-1a4656ce06d7,monotonic_reads,network_partition,writer-1,write,mr-fcecb323-d229-498f-954e-1a4656ce06d7,275,,,ALL,cassandra-1,True,False,6.664,2026-09-16T13:00:24.598302+00:00,
fcecb323-d229-498f-954e-1a4656ce06d7,monotonic_reads,network_partition,reader-1,read,mr-fcecb323-d229-498f-954e-1a4656ce06d7,,275,ONE,ALL,cassandra-1,True,False,6.074,2026-09-16T13:00:24.603236+00:00,
fcecb323-d229-498f-954e-1a4656ce06d7,monotonic_reads,network_partition,reader-1,read,mr-fcecb323-d229-498f-954e-1a4656ce06d7,,275,ONE,ALL,cassandra-2,True,False,3.568,2026-09-16T13:00:24.617817+00:00,
fcecb323-d229-498f-954e-1a4656ce06d7,monotonic_reads,network_partition,writer-1,write,mr-fcecb323-d229-498f-954e-1a4656ce06d7,276,,,ALL,cassandra-1,True,False,4.331,2026-09-16T13:00:24.624094+00:00,
fcecb323-d229-498f-954e-1a4656ce06d7,monotonic_reads,network_partition,reader-1,read,mr-fcecb323-d229-498f-954e-1a4656ce06d7,,276,ONE,ALL,cassandra-3,True,False,3.77,2026-09-16T13:00:24.634330+00:00,
fcecb323-d229-498f-954e-1a4656ce06d7,monotonic_reads,network_partition,reader-1,read,mr-fcecb323-d229-498f-954e-1a4656ce06d7,,276,ONE,ALL,cassandra-1,True,False,2.589,2026-09-16T13:00:24.647414+00:00,
fcecb323-d229-498f-954e-1a4656ce06d7,monotonic_reads,network_partition,writer-1,write,mr-fcecb323-d229-498f-954e-1a4656ce06d7,277,,,ALL,cassandra-1,True,False,3.653,2026-09-16T13:00:24.652924+00:00,
fcecb323-d229-498f-954e-1a4656ce06d7,monotonic_reads,network_partition,reader-1,read,mr-fcecb323-d229-498f-954e-1a4656ce06d7,,277,ONE,ALL,cassandra-2,True,False,1.643,2026-09-16T13:00:24.660150+00:00,
fcecb323-d229-498f-954e-1a4656ce06d7,monotonic_reads,network_partition,reader-1,read,mr-fcecb323-d229-498f-954e-1a4656ce06d7,,277,ONE,ALL,cassandra-3,True,False,2.963,2026-09-16T13:00:24.673505+00:00,
fcecb323-d229-498f-954e-1a4656ce06d7,monotonic_reads,network_partition,writer-1,write,mr-fcecb323-d229-498f-954e-1a4656ce06d7,278,,,ALL,cassandra-1,True,False,4.638,2026-09-16T13:00:24.680484+00:00,
fcecb323-d229-498f-954e-1a4656ce06d7,monotonic_reads,network_partition,reader-1,read,mr-fcecb323-d229-498f-954e-1a4656ce06d7,,278,ONE,ALL,cassandra-1,True,False,2.907,2026-09-16T13:00:24.689045+00:00,
fcecb323-d229-498f-954e-1a4656ce06d7,monotonic_reads,network_partition,reader-1,read,mr-fcecb323-d229-498f-954e-1a4656ce06d7,,278,ONE,ALL,cassandra-2,True,False,1.763,2026-09-16T13:00:24.701199+00:00,
fcecb323-d229-498f-954e-1a4656ce06d7,monotonic_reads,network_partition,writer-1,write,mr-fcecb323-d229-498f-954e-1a4656ce06d7,279,,,ALL,cassandra-1,True,False,3.416,2026-09-16T13:00:24.706780+00:00,
fcecb323-d229-498f-954e-1a4656ce06d7,monotonic_reads,network_partition,reader-1,read,mr-fcecb323-d229-498f-954e-1a4656ce06d7,,279,ONE,ALL,cassandra-3,True,False,2.812,2026-09-16T13:00:24.716677+00:00,
fcecb323-d229-498f-954e-1a4656ce06d7,monotonic_reads,network_partition,reader-1,read,mr-fcecb323-d229-498f-954e-1a4656ce06d7,,280,ONE,ALL,cassandra-1,True,False,3.296,2026-09-16T13:00:24.732660+00:00,
fcecb323-d229-498f-954e-1a4656ce06d7,monotonic_reads,network_partition,writer-1,write,mr-fcecb323-d229-498f-954e-1a4656ce06d7,280,,,ALL,cassandra-1,True,False,3.433,2026-09-16T13:00:24.733166+00:00,
fcecb323-d229-498f-954e-1a4656ce06d7,monotonic_reads,network_partition,reader-1,read,mr-fcecb323-d229-498f-954e-1a4656ce06d7,,280,ONE,ALL,cassandra-2,True,False,2.532,2026-09-16T13:00:24.745982+00:00,
fcecb323-d229-498f-954e-1a4656ce06d7,monotonic_reads,network_partition,writer-1,write,mr-fcecb323-d229-498f-954e-1a4656ce06d7,281,,,ALL,cassandra-1,True,False,6.308,2026-09-16T13:00:24.759751+00:00,
fcecb323-d229-498f-954e-1a4656ce06d7,monotonic_reads,network_partition,reader-1,read,mr-fcecb323-d229-498f-954e-1a4656ce06d7,,281,ONE,ALL,cassandra-3,True,False,4.716,2026-09-16T13:00:24.763800+00:00,
fcecb323-d229-498f-954e-1a4656ce06d7,monotonic_reads,network_partition,reader-1,read,mr-fcecb323-d229-498f-954e-1a4656ce06d7,,281,ONE,ALL,cassandra-1,True,False,2.534,2026-09-16T13:00:24.779036+00:00,
fcecb323-d229-498f-954e-1a4656ce06d7,monotonic_reads,network_partition,writer-1,write,mr-fcecb323-d229-498f-954e-1a4656ce06d7,282,,,ALL,cassandra-1,True,False,3.819,2026-09-16T13:00:24.784054+00:00,
fcecb323-d229-498f-954e-1a4656ce06d7,monotonic_reads,network_partition,reader-1,read,mr-fcecb323-d229-498f-954e-1a4656ce06d7,,282,ONE,ALL,cassandra-2,True,False,2.655,2026-09-16T13:00:24.792072+00:00,
fcecb323-d229-498f-954e-1a4656ce06d7,monotonic_reads,network_partition,reader-1,read,mr-fcecb323-d229-498f-954e-1a4656ce06d7,,282,ONE,ALL,cassandra-3,True,False,4.092,2026-09-16T13:00:24.806545+00:00,
fcecb323-d229-498f-954e-1a4656ce06d7,monotonic_reads,network_partition,writer-1,write,mr-fcecb323-d229-498f-954e-1a4656ce06d7,283,,,ALL,cassandra-1,True,False,6.199,2026-09-16T13:00:24.811516+00:00,
fcecb323-d229-498f-954e-1a4656ce06d7,monotonic_reads,network_partition,reader-1,read,mr-fcecb323-d229-498f-954e-1a4656ce06d7,,283,ONE,ALL,cassandra-1,True,False,4.58,2026-09-16T13:00:24.823036+00:00,
fcecb323-d229-498f-954e-1a4656ce06d7,monotonic_reads,network_partition,reader-1,read,mr-fcecb323-d229-498f-954e-1a4656ce06d7,,283,ONE,ALL,cassandra-2,True,False,3.867,2026-09-16T13:00:24.839195+00:00,
fcecb323-d229-498f-954e-1a4656ce06d7,monotonic_reads,network_partition,writer-1,write,mr-fcecb323-d229-498f-954e-1a4656ce06d7,284,,,ALL,cassandra-1,True,False,6.245,2026-09-16T13:00:24.840657+00:00,
fcecb323-d229-498f-954e-1a4656ce06d7,monotonic_reads,network_partition,reader-1,read,mr-fcecb323-d229-498f-954e-1a4656ce06d7,,284,ONE,ALL,cassandra-3,True,False,5.994,2026-09-16T13:00:24.857990+00:00,
fcecb323-d229-498f-954e-1a4656ce06d7,monotonic_reads,network_partition,writer-1,write,mr-fcecb323-d229-498f-954e-1a4656ce06d7,285,,,ALL,cassandra-1,True,False,5.175,2026-09-16T13:00:24.868678+00:00,
fcecb323-d229-498f-954e-1a4656ce06d7,monotonic_reads,network_partition,reader-1,read,mr-fcecb323-d229-498f-954e-1a4656ce06d7,,285,ONE,ALL,cassandra-1,True,False,4.971,2026-09-16T13:00:24.873776+00:00,
fcecb323-d229-498f-954e-1a4656ce06d7,monotonic_reads,network_partition,reader-1,read,mr-fcecb323-d229-498f-954e-1a4656ce06d7,,285,ONE,ALL,cassandra-2,True,False,5.597,2026-09-16T13:00:24.891913+00:00,
fcecb323-d229-498f-954e-1a4656ce06d7,monotonic_reads,network_partition,writer-1,write,mr-fcecb323-d229-498f-954e-1a4656ce06d7,286,,,ALL,cassandra-1,True,False,3.819,2026-09-16T13:00:24.896249+00:00,
fcecb323-d229-498f-954e-1a4656ce06d7,monotonic_reads,network_partition,reader-1,read,mr-fcecb323-d229-498f-954e-1a4656ce06d7,,286,ONE,ALL,cassandra-3,True,False,4.538,2026-09-16T13:00:24.907014+00:00,
fcecb323-d229-498f-954e-1a4656ce06d7,monotonic_reads,network_partition,reader-1,read,mr-fcecb323-d229-498f-954e-1a4656ce06d7,,286,ONE,ALL,cassandra-1,True,False,15.79,2026-09-16T13:00:24.935312+00:00,
fcecb323-d229-498f-954e-1a4656ce06d7,monotonic_reads,network_partition,writer-1,write,mr-fcecb323-d229-498f-954e-1a4656ce06d7,287,,,ALL,cassandra-1,True,False,14.988,2026-09-16T13:00:24.935670+00:00,
fcecb323-d229-498f-954e-1a4656ce06d7,monotonic_reads,network_partition,reader-1,read,mr-fcecb323-d229-498f-954e-1a4656ce06d7,,287,ONE,ALL,cassandra-2,True,False,2.563,2026-09-16T13:00:24.950819+00:00,
fcecb323-d229-498f-954e-1a4656ce06d7,monotonic_reads,network_partition,writer-1,write,mr-fcecb323-d229-498f-954e-1a4656ce06d7,288,,,ALL,cassandra-1,True,False,4.359,2026-09-16T13:00:24.961447+00:00,
fcecb323-d229-498f-954e-1a4656ce06d7,monotonic_reads,network_partition,reader-1,read,mr-fcecb323-d229-498f-954e-1a4656ce06d7,,288,ONE,ALL,cassandra-3,True,False,2.748,2026-09-16T13:00:24.964287+00:00,
fcecb323-d229-498f-954e-1a4656ce06d7,monotonic_reads,network_partition,reader-1,read,mr-fcecb323-d229-498f-954e-1a4656ce06d7,,288,ONE,ALL,cassandra-1,True,False,10.093,2026-09-16T13:00:24.987062+00:00,
fcecb323-d229-498f-954e-1a4656ce06d7,monotonic_reads,network_partition,writer-1,write,mr-fcecb323-d229-498f-954e-1a4656ce06d7,289,,,ALL,cassandra-1,True,False,4.091,2026-09-16T13:00:24.990909+00:00,
fcecb323-d229-498f-954e-1a4656ce06d7,monotonic_reads,network_partition,reader-1,read,mr-fcecb323-d229-498f-954e-1a4656ce06d7,,289,ONE,ALL,cassandra-2,True,False,2.084,2026-09-16T13:00:24.999521+00:00,
fcecb323-d229-498f-954e-1a4656ce06d7,monotonic_reads,network_partition,reader-1,read,mr-fcecb323-d229-498f-954e-1a4656ce06d7,,289,ONE,ALL,cassandra-3,True,False,2.751,2026-09-16T13:00:25.013182+00:00,
fcecb323-d229-498f-954e-1a4656ce06d7,monotonic_reads,network_partition,writer-1,write,mr-fcecb323-d229-498f-954e-1a4656ce06d7,290,,,ALL,cassandra-1,True,False,3.885,2026-09-16T13:00:25.018318+00:00,
fcecb323-d229-498f-954e-1a4656ce06d7,monotonic_reads,network_partition,reader-1,read,mr-fcecb323-d229-498f-954e-1a4656ce06d7,,290,ONE,ALL,cassandra-1,True,False,4.945,2026-09-16T13:00:25.030223+00:00,
fcecb323-d229-498f-954e-1a4656ce06d7,monotonic_reads,network_partition,reader-1,read,mr-fcecb323-d229-498f-954e-1a4656ce06d7,,290,ONE,ALL,cassandra-2,True,False,4.547,2026-09-16T13:00:25.047006+00:00,
fcecb323-d229-498f-954e-1a4656ce06d7,monotonic_reads,network_partition,writer-1,write,mr-fcecb323-d229-498f-954e-1a4656ce06d7,291,,,ALL,cassandra-1,True,False,5.483,2026-09-16T13:00:25.048537+00:00,
fcecb323-d229-498f-954e-1a4656ce06d7,monotonic_reads,network_partition,reader-1,read,mr-fcecb323-d229-498f-954e-1a4656ce06d7,,291,ONE,ALL,cassandra-3,True,False,4.363,2026-09-16T13:00:25.061820+00:00,
fcecb323-d229-498f-954e-1a4656ce06d7,monotonic_reads,network_partition,reader-1,read,mr-fcecb323-d229-498f-954e-1a4656ce06d7,,292,ONE,ALL,cassandra-1,True,False,4.744,2026-09-16T13:00:25.077263+00:00,
fcecb323-d229-498f-954e-1a4656ce06d7,monotonic_reads,network_partition,writer-1,write,mr-fcecb323-d229-498f-954e-1a4656ce06d7,292,,,ALL,cassandra-1,True,False,5.946,2026-09-16T13:00:25.077616+00:00,
fcecb323-d229-498f-954e-1a4656ce06d7,monotonic_reads,network_partition,reader-1,read,mr-fcecb323-d229-498f-954e-1a4656ce06d7,,292,ONE,ALL,cassandra-2,True,False,5.541,2026-09-16T13:00:25.095026+00:00,
fcecb323-d229-498f-954e-1a4656ce06d7,monotonic_reads,network_partition,writer-1,write,mr-fcecb323-d229-498f-954e-1a4656ce06d7,293,,,ALL,cassandra-1,True,False,6.106,2026-09-16T13:00:25.107554+00:00,
fcecb323-d229-498f-954e-1a4656ce06d7,monotonic_reads,network_partition,reader-1,read,mr-fcecb323-d229-498f-954e-1a4656ce06d7,,293,ONE,ALL,cassandra-3,True,False,4.185,2026-09-16T13:00:25.109565+00:00,
fcecb323-d229-498f-954e-1a4656ce06d7,monotonic_reads,network_partition,reader-1,read,mr-fcecb323-d229-498f-954e-1a4656ce06d7,,293,ONE,ALL,cassandra-1,True,False,4.633,2026-09-16T13:00:25.126890+00:00,
fcecb323-d229-498f-954e-1a4656ce06d7,monotonic_reads,network_partition,writer-1,write,mr-fcecb323-d229-498f-954e-1a4656ce06d7,294,,,ALL,cassandra-1,True,False,5.195,2026-09-16T13:00:25.137652+00:00,
fcecb323-d229-498f-954e-1a4656ce06d7,monotonic_reads,network_partition,reader-1,read,mr-fcecb323-d229-498f-954e-1a4656ce06d7,,294,ONE,ALL,cassandra-2,True,False,5.012,2026-09-16T13:00:25.142853+00:00,
fcecb323-d229-498f-954e-1a4656ce06d7,monotonic_reads,network_partition,reader-1,read,mr-fcecb323-d229-498f-954e-1a4656ce06d7,,294,ONE,ALL,cassandra-3,True,False,4.12,2026-09-16T13:00:25.159789+00:00,
fcecb323-d229-498f-954e-1a4656ce06d7,monotonic_reads,network_partition,writer-1,write,mr-fcecb323-d229-498f-954e-1a4656ce06d7,295,,,ALL,cassandra-1,True,False,5.212,2026-09-16T13:00:25.165133+00:00,
fcecb323-d229-498f-954e-1a4656ce06d7,monotonic_reads,network_partition,reader-1,read,mr-fcecb323-d229-498f-954e-1a4656ce06d7,,295,ONE,ALL,cassandra-1,True,False,12.828,2026-09-16T13:00:25.184283+00:00,
fcecb323-d229-498f-954e-1a4656ce06d7,monotonic_reads,network_partition,writer-1,write,mr-fcecb323-d229-498f-954e-1a4656ce06d7,296,,,ALL,cassandra-1,True,False,2.677,2026-09-16T13:00:25.188971+00:00,
fcecb323-d229-498f-954e-1a4656ce06d7,monotonic_reads,network_partition,reader-1,read,mr-fcecb323-d229-498f-954e-1a4656ce06d7,,296,ONE,ALL,cassandra-2,True,False,2.848,2026-09-16T13:00:25.199890+00:00,
fcecb323-d229-498f-954e-1a4656ce06d7,monotonic_reads,network_partition,writer-1,write,mr-fcecb323-d229-498f-954e-1a4656ce06d7,297,,,ALL,cassandra-1,True,False,4.888,2026-09-16T13:00:25.214338+00:00,
fcecb323-d229-498f-954e-1a4656ce06d7,monotonic_reads,network_partition,reader-1,read,mr-fcecb323-d229-498f-954e-1a4656ce06d7,,297,ONE,ALL,cassandra-3,True,False,3.213,2026-09-16T13:00:25.215077+00:00,
fcecb323-d229-498f-954e-1a4656ce06d7,monotonic_reads,network_partition,reader-1,read,mr-fcecb323-d229-498f-954e-1a4656ce06d7,,297,ONE,ALL,cassandra-1,True,False,7.322,2026-09-16T13:00:25.233267+00:00,
fcecb323-d229-498f-954e-1a4656ce06d7,monotonic_reads,network_partition,writer-1,write,mr-fcecb323-d229-498f-954e-1a4656ce06d7,298,,,ALL,cassandra-1,True,False,4.337,2026-09-16T13:00:25.240296+00:00,
fcecb323-d229-498f-954e-1a4656ce06d7,monotonic_reads,network_partition,reader-1,read,mr-fcecb323-d229-498f-954e-1a4656ce06d7,,298,ONE,ALL,cassandra-2,True,False,2.56,2026-09-16T13:00:25.246974+00:00,
fcecb323-d229-498f-954e-1a4656ce06d7,monotonic_reads,network_partition,reader-1,read,mr-fcecb323-d229-498f-954e-1a4656ce06d7,,298,ONE,ALL,cassandra-3,True,False,3.557,2026-09-16T13:00:25.260903+00:00,
fcecb323-d229-498f-954e-1a4656ce06d7,monotonic_reads,network_partition,writer-1,write,mr-fcecb323-d229-498f-954e-1a4656ce06d7,299,,,ALL,cassandra-1,True,False,3.913,2026-09-16T13:00:25.268367+00:00,
fcecb323-d229-498f-954e-1a4656ce06d7,monotonic_reads,network_partition,reader-1,read,mr-fcecb323-d229-498f-954e-1a4656ce06d7,,299,ONE,ALL,cassandra-1,True,False,3.641,2026-09-16T13:00:25.275016+00:00,
fcecb323-d229-498f-954e-1a4656ce06d7,monotonic_reads,network_partition,reader-1,read,mr-fcecb323-d229-498f-954e-1a4656ce06d7,,299,ONE,ALL,cassandra-2,True,False,4.059,2026-09-16T13:00:25.289372+00:00,
fcecb323-d229-498f-954e-1a4656ce06d7,monotonic_reads,network_partition,writer-1,write,mr-fcecb323-d229-498f-954e-1a4656ce06d7,300,,,ALL,cassandra-1,True,False,4.874,2026-09-16T13:00:25.294349+00:00,
fcecb323-d229-498f-954e-1a4656ce06d7,monotonic_reads,network_partition,reader-1,read,mr-fcecb323-d229-498f-954e-1a4656ce06d7,,300,ONE,ALL,cassandra-3,True,False,7.608,2026-09-16T13:00:25.309058+00:00,
fcecb323-d229-498f-954e-1a4656ce06d7,monotonic_reads,network_partition,writer-1,write,mr-fcecb323-d229-498f-954e-1a4656ce06d7,301,,,ALL,cassandra-1,True,False,4.726,2026-09-16T13:00:25.323284+00:00,
fcecb323-d229-498f-954e-1a4656ce06d7,monotonic_reads,network_partition,reader-1,read,mr-fcecb323-d229-498f-954e-1a4656ce06d7,,301,ONE,ALL,cassandra-1,True,False,3.11,2026-09-16T13:00:25.324718+00:00,
fcecb323-d229-498f-954e-1a4656ce06d7,monotonic_reads,network_partition,reader-1,read,mr-fcecb323-d229-498f-954e-1a4656ce06d7,,301,ONE,ALL,cassandra-2,True,False,10.832,2026-09-16T13:00:25.346156+00:00,
fcecb323-d229-498f-954e-1a4656ce06d7,monotonic_reads,network_partition,writer-1,write,mr-fcecb323-d229-498f-954e-1a4656ce06d7,302,,,ALL,cassandra-1,True,False,5.913,2026-09-16T13:00:25.350277+00:00,
fcecb323-d229-498f-954e-1a4656ce06d7,monotonic_reads,network_partition,reader-1,read,mr-fcecb323-d229-498f-954e-1a4656ce06d7,,302,ONE,ALL,cassandra-3,True,False,4.235,2026-09-16T13:00:25.362670+00:00,
fcecb323-d229-498f-954e-1a4656ce06d7,monotonic_reads,network_partition,reader-1,read,mr-fcecb323-d229-498f-954e-1a4656ce06d7,,302,ONE,ALL,cassandra-1,True,False,3.434,2026-09-16T13:00:25.378301+00:00,
fcecb323-d229-498f-954e-1a4656ce06d7,monotonic_reads,network_partition,writer-1,write,mr-fcecb323-d229-498f-954e-1a4656ce06d7,303,,,ALL,cassandra-1,True,False,3.929,2026-09-16T13:00:25.379199+00:00,
fcecb323-d229-498f-954e-1a4656ce06d7,monotonic_reads,network_partition,reader-1,read,mr-fcecb323-d229-498f-954e-1a4656ce06d7,,303,ONE,ALL,cassandra-2,True,False,3.154,2026-09-16T13:00:25.393847+00:00,
fcecb323-d229-498f-954e-1a4656ce06d7,monotonic_reads,network_partition,reader-1,read,mr-fcecb323-d229-498f-954e-1a4656ce06d7,,303,ONE,ALL,cassandra-3,True,False,2.693,2026-09-16T13:00:25.406708+00:00,
fcecb323-d229-498f-954e-1a4656ce06d7,monotonic_reads,network_partition,writer-1,write,mr-fcecb323-d229-498f-954e-1a4656ce06d7,304,,,ALL,cassandra-1,True,False,4.7,2026-09-16T13:00:25.407993+00:00,
fcecb323-d229-498f-954e-1a4656ce06d7,monotonic_reads,network_partition,reader-1,read,mr-fcecb323-d229-498f-954e-1a4656ce06d7,,304,ONE,ALL,cassandra-1,True,False,12.934,2026-09-16T13:00:25.431582+00:00,
fcecb323-d229-498f-954e-1a4656ce06d7,monotonic_reads,network_partition,writer-1,write,mr-fcecb323-d229-498f-954e-1a4656ce06d7,305,,,ALL,cassandra-1,True,False,5.621,2026-09-16T13:00:25.434150+00:00,
fcecb323-d229-498f-954e-1a4656ce06d7,monotonic_reads,network_partition,reader-1,read,mr-fcecb323-d229-498f-954e-1a4656ce06d7,,305,ONE,ALL,cassandra-2,True,False,3.235,2026-09-16T13:00:25.446408+00:00,
fcecb323-d229-498f-954e-1a4656ce06d7,monotonic_reads,network_partition,writer-1,write,mr-fcecb323-d229-498f-954e-1a4656ce06d7,306,,,ALL,cassandra-1,True,False,5.938,2026-09-16T13:00:25.460388+00:00,
fcecb323-d229-498f-954e-1a4656ce06d7,monotonic_reads,network_partition,reader-1,read,mr-fcecb323-d229-498f-954e-1a4656ce06d7,,306,ONE,ALL,cassandra-3,True,False,3.778,2026-09-16T13:00:25.461677+00:00,
fcecb323-d229-498f-954e-1a4656ce06d7,monotonic_reads,network_partition,reader-1,read,mr-fcecb323-d229-498f-954e-1a4656ce06d7,,306,ONE,ALL,cassandra-1,True,False,4.726,2026-09-16T13:00:25.479049+00:00,
fcecb323-d229-498f-954e-1a4656ce06d7,monotonic_reads,network_partition,writer-1,write,mr-fcecb323-d229-498f-954e-1a4656ce06d7,307,,,ALL,cassandra-1,True,False,3.201,2026-09-16T13:00:25.488294+00:00,
fcecb323-d229-498f-954e-1a4656ce06d7,monotonic_reads,network_partition,reader-1,read,mr-fcecb323-d229-498f-954e-1a4656ce06d7,,307,ONE,ALL,cassandra-2,True,False,4.897,2026-09-16T13:00:25.496342+00:00,
fcecb323-d229-498f-954e-1a4656ce06d7,monotonic_reads,network_partition,reader-1,read,mr-fcecb323-d229-498f-954e-1a4656ce06d7,,307,ONE,ALL,cassandra-3,True,False,3.605,2026-09-16T13:00:25.512651+00:00,
fcecb323-d229-498f-954e-1a4656ce06d7,monotonic_reads,network_partition,writer-1,write,mr-fcecb323-d229-498f-954e-1a4656ce06d7,308,,,ALL,cassandra-1,True,False,4.763,2026-09-16T13:00:25.517512+00:00,
fcecb323-d229-498f-954e-1a4656ce06d7,monotonic_reads,network_partition,reader-1,read,mr-fcecb323-d229-498f-954e-1a4656ce06d7,,308,ONE,ALL,cassandra-1,True,False,3.45,2026-09-16T13:00:25.526874+00:00,
fcecb323-d229-498f-954e-1a4656ce06d7,monotonic_reads,network_partition,reader-1,read,mr-fcecb323-d229-498f-954e-1a4656ce06d7,,308,ONE,ALL,cassandra-2,True,False,3.392,2026-09-16T13:00:25.540821+00:00,
fcecb323-d229-498f-954e-1a4656ce06d7,monotonic_reads,network_partition,writer-1,write,mr-fcecb323-d229-498f-954e-1a4656ce06d7,309,,,ALL,cassandra-1,True,False,5.251,2026-09-16T13:00:25.543187+00:00,
fcecb323-d229-498f-954e-1a4656ce06d7,monotonic_reads,network_partition,reader-1,read,mr-fcecb323-d229-498f-954e-1a4656ce06d7,,309,ONE,ALL,cassandra-3,True,False,4.032,2026-09-16T13:00:25.556472+00:00,
fcecb323-d229-498f-954e-1a4656ce06d7,monotonic_reads,network_partition,reader-1,read,mr-fcecb323-d229-498f-954e-1a4656ce06d7,,309,ONE,ALL,cassandra-1,True,False,2.535,2026-09-16T13:00:25.571028+00:00,
fcecb323-d229-498f-954e-1a4656ce06d7,monotonic_reads,network_partition,writer-1,write,mr-fcecb323-d229-498f-954e-1a4656ce06d7,310,,,ALL,cassandra-1,True,False,4.718,2026-09-16T13:00:25.572157+00:00,
fcecb323-d229-498f-954e-1a4656ce06d7,monotonic_reads,network_partition,reader-1,read,mr-fcecb323-d229-498f-954e-1a4656ce06d7,,310,ONE,ALL,cassandra-2,True,False,3.097,2026-09-16T13:00:25.584528+00:00,
fcecb323-d229-498f-954e-1a4656ce06d7,monotonic_reads,network_partition,reader-1,read,mr-fcecb323-d229-498f-954e-1a4656ce06d7,,310,ONE,ALL,cassandra-3,True,False,4.033,2026-09-16T13:00:25.599488+00:00,
fcecb323-d229-498f-954e-1a4656ce06d7,monotonic_reads,network_partition,writer-1,write,mr-fcecb323-d229-498f-954e-1a4656ce06d7,311,,,ALL,cassandra-1,True,False,4.795,2026-09-16T13:00:25.601314+00:00,
fcecb323-d229-498f-954e-1a4656ce06d7,monotonic_reads,network_partition,reader-1,read,mr-fcecb323-d229-498f-954e-1a4656ce06d7,,311,ONE,ALL,cassandra-1,True,False,3.686,2026-09-16T13:00:25.615748+00:00,
fcecb323-d229-498f-954e-1a4656ce06d7,monotonic_reads,network_partition,writer-1,write,mr-fcecb323-d229-498f-954e-1a4656ce06d7,312,,,ALL,cassandra-1,True,False,4.99,2026-09-16T13:00:25.629416+00:00,
fcecb323-d229-498f-954e-1a4656ce06d7,monotonic_reads,network_partition,reader-1,read,mr-fcecb323-d229-498f-954e-1a4656ce06d7,,312,ONE,ALL,cassandra-2,True,False,2.994,2026-09-16T13:00:25.631382+00:00,
fcecb323-d229-498f-954e-1a4656ce06d7,monotonic_reads,network_partition,reader-1,read,mr-fcecb323-d229-498f-954e-1a4656ce06d7,,312,ONE,ALL,cassandra-3,True,False,4.315,2026-09-16T13:00:25.648375+00:00,
fcecb323-d229-498f-954e-1a4656ce06d7,monotonic_reads,network_partition,writer-1,write,mr-fcecb323-d229-498f-954e-1a4656ce06d7,313,,,ALL,cassandra-1,True,False,4.959,2026-09-16T13:00:25.657421+00:00,
fcecb323-d229-498f-954e-1a4656ce06d7,monotonic_reads,network_partition,reader-1,read,mr-fcecb323-d229-498f-954e-1a4656ce06d7,,313,ONE,ALL,cassandra-1,True,False,3.031,2026-09-16T13:00:25.663786+00:00,
fcecb323-d229-498f-954e-1a4656ce06d7,monotonic_reads,network_partition,reader-1,read,mr-fcecb323-d229-498f-954e-1a4656ce06d7,,313,ONE,ALL,cassandra-2,True,False,4.405,2026-09-16T13:00:25.680797+00:00,
fcecb323-d229-498f-954e-1a4656ce06d7,monotonic_reads,network_partition,writer-1,write,mr-fcecb323-d229-498f-954e-1a4656ce06d7,314,,,ALL,cassandra-1,True,False,3.99,2026-09-16T13:00:25.682324+00:00,
fcecb323-d229-498f-954e-1a4656ce06d7,monotonic_reads,network_partition,reader-1,read,mr-fcecb323-d229-498f-954e-1a4656ce06d7,,314,ONE,ALL,cassandra-3,True,False,5.218,2026-09-16T13:00:25.696621+00:00,
fcecb323-d229-498f-954e-1a4656ce06d7,monotonic_reads,network_partition,writer-1,write,mr-fcecb323-d229-498f-954e-1a4656ce06d7,315,,,ALL,cassandra-1,True,False,4.949,2026-09-16T13:00:25.709275+00:00,
fcecb323-d229-498f-954e-1a4656ce06d7,monotonic_reads,network_partition,reader-1,read,mr-fcecb323-d229-498f-954e-1a4656ce06d7,,315,ONE,ALL,cassandra-1,True,False,3.464,2026-09-16T13:00:25.711809+00:00,
fcecb323-d229-498f-954e-1a4656ce06d7,monotonic_reads,network_partition,reader-1,read,mr-fcecb323-d229-498f-954e-1a4656ce06d7,,315,ONE,ALL,cassandra-2,True,False,4.449,2026-09-16T13:00:25.728928+00:00,
fcecb323-d229-498f-954e-1a4656ce06d7,monotonic_reads,network_partition,writer-1,write,mr-fcecb323-d229-498f-954e-1a4656ce06d7,316,,,ALL,cassandra-1,True,False,5.386,2026-09-16T13:00:25.735157+00:00,
fcecb323-d229-498f-954e-1a4656ce06d7,monotonic_reads,network_partition,reader-1,read,mr-fcecb323-d229-498f-954e-1a4656ce06d7,,316,ONE,ALL,cassandra-3,True,False,4.214,2026-09-16T13:00:25.743634+00:00,
fcecb323-d229-498f-954e-1a4656ce06d7,monotonic_reads,network_partition,reader-1,read,mr-fcecb323-d229-498f-954e-1a4656ce06d7,,316,ONE,ALL,cassandra-1,True,False,3.909,2026-09-16T13:00:25.758375+00:00,
fcecb323-d229-498f-954e-1a4656ce06d7,monotonic_reads,network_partition,writer-1,write,mr-fcecb323-d229-498f-954e-1a4656ce06d7,317,,,ALL,cassandra-1,True,False,3.833,2026-09-16T13:00:25.764131+00:00,
fcecb323-d229-498f-954e-1a4656ce06d7,monotonic_reads,network_partition,reader-1,read,mr-fcecb323-d229-498f-954e-1a4656ce06d7,,317,ONE,ALL,cassandra-2,True,False,2.573,2026-09-16T13:00:25.773180+00:00,
fcecb323-d229-498f-954e-1a4656ce06d7,monotonic_reads,network_partition,reader-1,read,mr-fcecb323-d229-498f-954e-1a4656ce06d7,,317,ONE,ALL,cassandra-3,True,False,3.376,2026-09-16T13:00:25.788689+00:00,
fcecb323-d229-498f-954e-1a4656ce06d7,monotonic_reads,network_partition,writer-1,write,mr-fcecb323-d229-498f-954e-1a4656ce06d7,318,,,ALL,cassandra-1,True,False,5.89,2026-09-16T13:00:25.793424+00:00,
fcecb323-d229-498f-954e-1a4656ce06d7,monotonic_reads,network_partition,reader-1,read,mr-fcecb323-d229-498f-954e-1a4656ce06d7,,318,ONE,ALL,cassandra-1,True,False,4.755,2026-09-16T13:00:25.805659+00:00,
fcecb323-d229-498f-954e-1a4656ce06d7,monotonic_reads,network_partition,reader-1,read,mr-fcecb323-d229-498f-954e-1a4656ce06d7,,318,ONE,ALL,cassandra-2,True,False,3.121,2026-09-16T13:00:25.822133+00:00,
fcecb323-d229-498f-954e-1a4656ce06d7,monotonic_reads,network_partition,writer-1,write,mr-fcecb323-d229-498f-954e-1a4656ce06d7,319,,,ALL,cassandra-1,True,False,4.73,2026-09-16T13:00:25.823142+00:00,
fcecb323-d229-498f-954e-1a4656ce06d7,monotonic_reads,network_partition,reader-1,read,mr-fcecb323-d229-498f-954e-1a4656ce06d7,,319,ONE,ALL,cassandra-3,True,False,4.826,2026-09-16T13:00:25.838241+00:00,
fcecb323-d229-498f-954e-1a4656ce06d7,monotonic_reads,network_partition,writer-1,write,mr-fcecb323-d229-498f-954e-1a4656ce06d7,320,,,ALL,cassandra-1,True,False,5.213,2026-09-16T13:00:25.849654+00:00,
fcecb323-d229-498f-954e-1a4656ce06d7,monotonic_reads,network_partition,reader-1,read,mr-fcecb323-d229-498f-954e-1a4656ce06d7,,320,ONE,ALL,cassandra-1,True,False,3.296,2026-09-16T13:00:25.853742+00:00,
fcecb323-d229-498f-954e-1a4656ce06d7,monotonic_reads,network_partition,reader-1,read,mr-fcecb323-d229-498f-954e-1a4656ce06d7,,320,ONE,ALL,cassandra-2,True,False,3.711,2026-09-16T13:00:25.868143+00:00,
fcecb323-d229-498f-954e-1a4656ce06d7,monotonic_reads,network_partition,writer-1,write,mr-fcecb323-d229-498f-954e-1a4656ce06d7,321,,,ALL,cassandra-1,True,False,5.307,2026-09-16T13:00:25.876548+00:00,
fcecb323-d229-498f-954e-1a4656ce06d7,monotonic_reads,network_partition,reader-1,read,mr-fcecb323-d229-498f-954e-1a4656ce06d7,,321,ONE,ALL,cassandra-3,True,False,3.954,2026-09-16T13:00:25.883396+00:00,
fcecb323-d229-498f-954e-1a4656ce06d7,monotonic_reads,network_partition,reader-1,read,mr-fcecb323-d229-498f-954e-1a4656ce06d7,,321,ONE,ALL,cassandra-1,True,False,4.947,2026-09-16T13:00:25.899376+00:00,
fcecb323-d229-498f-954e-1a4656ce06d7,monotonic_reads,network_partition,writer-1,write,mr-fcecb323-d229-498f-954e-1a4656ce06d7,322,,,ALL,cassandra-1,True,False,4.873,2026-09-16T13:00:25.902245+00:00,
fcecb323-d229-498f-954e-1a4656ce06d7,monotonic_reads,network_partition,reader-1,read,mr-fcecb323-d229-498f-954e-1a4656ce06d7,,322,ONE,ALL,cassandra-2,True,False,4.518,2026-09-16T13:00:25.914953+00:00,
fcecb323-d229-498f-954e-1a4656ce06d7,monotonic_reads,network_partition,reader-1,read,mr-fcecb323-d229-498f-954e-1a4656ce06d7,,322,ONE,ALL,cassandra-3,True,False,3.573,2026-09-16T13:00:25.929189+00:00,
fcecb323-d229-498f-954e-1a4656ce06d7,monotonic_reads,network_partition,writer-1,write,mr-fcecb323-d229-498f-954e-1a4656ce06d7,323,,,ALL,cassandra-1,True,False,6.534,2026-09-16T13:00:25.931463+00:00,
fcecb323-d229-498f-954e-1a4656ce06d7,monotonic_reads,network_partition,reader-1,read,mr-fcecb323-d229-498f-954e-1a4656ce06d7,,323,ONE,ALL,cassandra-1,True,False,4.063,2026-09-16T13:00:25.945985+00:00,
fcecb323-d229-498f-954e-1a4656ce06d7,monotonic_reads,network_partition,writer-1,write,mr-fcecb323-d229-498f-954e-1a4656ce06d7,324,,,ALL,cassandra-1,True,False,4.586,2026-09-16T13:00:25.956506+00:00,
fcecb323-d229-498f-954e-1a4656ce06d7,monotonic_reads,network_partition,reader-1,read,mr-fcecb323-d229-498f-954e-1a4656ce06d7,,324,ONE,ALL,cassandra-2,True,False,3.467,2026-09-16T13:00:25.961582+00:00,
fcecb323-d229-498f-954e-1a4656ce06d7,monotonic_reads,network_partition,reader-1,read,mr-fcecb323-d229-498f-954e-1a4656ce06d7,,324,ONE,ALL,cassandra-3,True,False,3.636,2026-09-16T13:00:25.976029+00:00,
fcecb323-d229-498f-954e-1a4656ce06d7,monotonic_reads,network_partition,writer-1,write,mr-fcecb323-d229-498f-954e-1a4656ce06d7,325,,,ALL,cassandra-1,True,False,5.217,2026-09-16T13:00:25.983641+00:00,
fcecb323-d229-498f-954e-1a4656ce06d7,monotonic_reads,network_partition,reader-1,read,mr-fcecb323-d229-498f-954e-1a4656ce06d7,,325,ONE,ALL,cassandra-1,True,False,3.323,2026-09-16T13:00:25.990761+00:00,
fcecb323-d229-498f-954e-1a4656ce06d7,monotonic_reads,network_partition,reader-1,read,mr-fcecb323-d229-498f-954e-1a4656ce06d7,,325,ONE,ALL,cassandra-2,True,False,3.968,2026-09-16T13:00:26.006882+00:00,
fcecb323-d229-498f-954e-1a4656ce06d7,monotonic_reads,network_partition,writer-1,write,mr-fcecb323-d229-498f-954e-1a4656ce06d7,326,,,ALL,cassandra-1,True,False,4.97,2026-09-16T13:00:26.012339+00:00,
fcecb323-d229-498f-954e-1a4656ce06d7,monotonic_reads,network_partition,reader-1,read,mr-fcecb323-d229-498f-954e-1a4656ce06d7,,326,ONE,ALL,cassandra-3,True,False,2.815,2026-09-16T13:00:26.021234+00:00,
fcecb323-d229-498f-954e-1a4656ce06d7,monotonic_reads,network_partition,reader-1,read,mr-fcecb323-d229-498f-954e-1a4656ce06d7,,326,ONE,ALL,cassandra-1,True,False,3.985,2026-09-16T13:00:26.036679+00:00,
fcecb323-d229-498f-954e-1a4656ce06d7,monotonic_reads,network_partition,writer-1,write,mr-fcecb323-d229-498f-954e-1a4656ce06d7,327,,,ALL,cassandra-1,True,False,5.508,2026-09-16T13:00:26.040298+00:00,
fcecb323-d229-498f-954e-1a4656ce06d7,monotonic_reads,network_partition,reader-1,read,mr-fcecb323-d229-498f-954e-1a4656ce06d7,,327,ONE,ALL,cassandra-2,True,False,3.072,2026-09-16T13:00:26.051498+00:00,
fcecb323-d229-498f-954e-1a4656ce06d7,monotonic_reads,network_partition,reader-1,read,mr-fcecb323-d229-498f-954e-1a4656ce06d7,,327,ONE,ALL,cassandra-3,True,False,4.319,2026-09-16T13:00:26.068475+00:00,
fcecb323-d229-498f-954e-1a4656ce06d7,monotonic_reads,network_partition,writer-1,write,mr-fcecb323-d229-498f-954e-1a4656ce06d7,328,,,ALL,cassandra-1,True,False,6.356,2026-09-16T13:00:26.068779+00:00,
fcecb323-d229-498f-954e-1a4656ce06d7,monotonic_reads,network_partition,reader-1,read,mr-fcecb323-d229-498f-954e-1a4656ce06d7,,328,ONE,ALL,cassandra-1,True,False,2.858,2026-09-16T13:00:26.084164+00:00,
fcecb323-d229-498f-954e-1a4656ce06d7,monotonic_reads,network_partition,writer-1,write,mr-fcecb323-d229-498f-954e-1a4656ce06d7,329,,,ALL,cassandra-1,True,False,3.885,2026-09-16T13:00:26.094940+00:00,
fcecb323-d229-498f-954e-1a4656ce06d7,monotonic_reads,network_partition,reader-1,read,mr-fcecb323-d229-498f-954e-1a4656ce06d7,,329,ONE,ALL,cassandra-2,True,False,2.888,2026-09-16T13:00:26.099324+00:00,
fcecb323-d229-498f-954e-1a4656ce06d7,monotonic_reads,network_partition,reader-1,read,mr-fcecb323-d229-498f-954e-1a4656ce06d7,,329,ONE,ALL,cassandra-3,True,False,3.09,2026-09-16T13:00:26.113643+00:00,
fcecb323-d229-498f-954e-1a4656ce06d7,monotonic_reads,network_partition,writer-1,write,mr-fcecb323-d229-498f-954e-1a4656ce06d7,330,,,ALL,cassandra-1,True,False,5.059,2026-09-16T13:00:26.122477+00:00,
fcecb323-d229-498f-954e-1a4656ce06d7,monotonic_reads,network_partition,reader-1,read,mr-fcecb323-d229-498f-954e-1a4656ce06d7,,330,ONE,ALL,cassandra-1,True,False,3.229,2026-09-16T13:00:26.128647+00:00,
fcecb323-d229-498f-954e-1a4656ce06d7,monotonic_reads,network_partition,reader-1,read,mr-fcecb323-d229-498f-954e-1a4656ce06d7,,330,ONE,ALL,cassandra-2,True,False,2.122,2026-09-16T13:00:26.142750+00:00,
fcecb323-d229-498f-954e-1a4656ce06d7,monotonic_reads,network_partition,writer-1,write,mr-fcecb323-d229-498f-954e-1a4656ce06d7,331,,,ALL,cassandra-1,True,False,3.869,2026-09-16T13:00:26.151280+00:00,
fcecb323-d229-498f-954e-1a4656ce06d7,monotonic_reads,network_partition,reader-1,read,mr-fcecb323-d229-498f-954e-1a4656ce06d7,,331,ONE,ALL,cassandra-3,True,False,3.318,2026-09-16T13:00:26.156713+00:00,
fcecb323-d229-498f-954e-1a4656ce06d7,monotonic_reads,network_partition,reader-1,read,mr-fcecb323-d229-498f-954e-1a4656ce06d7,,331,ONE,ALL,cassandra-1,True,False,3.114,2026-09-16T13:00:26.171747+00:00,
fcecb323-d229-498f-954e-1a4656ce06d7,monotonic_reads,network_partition,writer-1,write,mr-fcecb323-d229-498f-954e-1a4656ce06d7,332,,,ALL,cassandra-1,True,False,4.037,2026-09-16T13:00:26.176481+00:00,
fcecb323-d229-498f-954e-1a4656ce06d7,monotonic_reads,network_partition,reader-1,read,mr-fcecb323-d229-498f-954e-1a4656ce06d7,,332,ONE,ALL,cassandra-2,True,False,3.155,2026-09-16T13:00:26.185593+00:00,
fcecb323-d229-498f-954e-1a4656ce06d7,monotonic_reads,network_partition,reader-1,read,mr-fcecb323-d229-498f-954e-1a4656ce06d7,,332,ONE,ALL,cassandra-3,True,False,3.208,2026-09-16T13:00:26.201291+00:00,
fcecb323-d229-498f-954e-1a4656ce06d7,monotonic_reads,network_partition,writer-1,write,mr-fcecb323-d229-498f-954e-1a4656ce06d7,333,,,ALL,cassandra-1,True,False,4.989,2026-09-16T13:00:26.205409+00:00,
fcecb323-d229-498f-954e-1a4656ce06d7,monotonic_reads,network_partition,reader-1,read,mr-fcecb323-d229-498f-954e-1a4656ce06d7,,333,ONE,ALL,cassandra-1,True,False,3.675,2026-09-16T13:00:26.216098+00:00,
fcecb323-d229-498f-954e-1a4656ce06d7,monotonic_reads,network_partition,reader-1,read,mr-fcecb323-d229-498f-954e-1a4656ce06d7,,333,ONE,ALL,cassandra-2,True,False,4.138,2026-09-16T13:00:26.231616+00:00,
fcecb323-d229-498f-954e-1a4656ce06d7,monotonic_reads,network_partition,writer-1,write,mr-fcecb323-d229-498f-954e-1a4656ce06d7,334,,,ALL,cassandra-1,True,False,5.12,2026-09-16T13:00:26.235464+00:00,
fcecb323-d229-498f-954e-1a4656ce06d7,monotonic_reads,network_partition,reader-1,read,mr-fcecb323-d229-498f-954e-1a4656ce06d7,,334,ONE,ALL,cassandra-3,True,False,3.521,2026-09-16T13:00:26.247628+00:00,
fcecb323-d229-498f-954e-1a4656ce06d7,monotonic_reads,network_partition,reader-1,read,mr-fcecb323-d229-498f-954e-1a4656ce06d7,,334,ONE,ALL,cassandra-1,True,False,4.956,2026-09-16T13:00:26.265313+00:00,
fcecb323-d229-498f-954e-1a4656ce06d7,monotonic_reads,network_partition,writer-1,write,mr-fcecb323-d229-498f-954e-1a4656ce06d7,335,,,ALL,cassandra-1,True,False,4.766,2026-09-16T13:00:26.265615+00:00,
fcecb323-d229-498f-954e-1a4656ce06d7,monotonic_reads,network_partition,reader-1,read,mr-fcecb323-d229-498f-954e-1a4656ce06d7,,335,ONE,ALL,cassandra-2,True,False,3.168,2026-09-16T13:00:26.280600+00:00,
fcecb323-d229-498f-954e-1a4656ce06d7,monotonic_reads,network_partition,writer-1,write,mr-fcecb323-d229-498f-954e-1a4656ce06d7,336,,,ALL,cassandra-1,True,False,4.915,2026-09-16T13:00:26.294328+00:00,
fcecb323-d229-498f-954e-1a4656ce06d7,monotonic_reads,network_partition,reader-1,read,mr-fcecb323-d229-498f-954e-1a4656ce06d7,,336,ONE,ALL,cassandra-3,True,False,3.258,2026-09-16T13:00:26.295551+00:00,
fcecb323-d229-498f-954e-1a4656ce06d7,monotonic_reads,network_partition,reader-1,read,mr-fcecb323-d229-498f-954e-1a4656ce06d7,,336,ONE,ALL,cassandra-1,True,False,3.641,2026-09-16T13:00:26.311446+00:00,
fcecb323-d229-498f-954e-1a4656ce06d7,monotonic_reads,network_partition,writer-1,write,mr-fcecb323-d229-498f-954e-1a4656ce06d7,337,,,ALL,cassandra-1,True,False,3.887,2026-09-16T13:00:26.320167+00:00,
fcecb323-d229-498f-954e-1a4656ce06d7,monotonic_reads,network_partition,reader-1,read,mr-fcecb323-d229-498f-954e-1a4656ce06d7,,337,ONE,ALL,cassandra-2,True,False,2.686,2026-09-16T13:00:26.325109+00:00,
fcecb323-d229-498f-954e-1a4656ce06d7,monotonic_reads,network_partition,reader-1,read,mr-fcecb323-d229-498f-954e-1a4656ce06d7,,337,ONE,ALL,cassandra-3,True,False,3.208,2026-09-16T13:00:26.338717+00:00,
fcecb323-d229-498f-954e-1a4656ce06d7,monotonic_reads,network_partition,writer-1,write,mr-fcecb323-d229-498f-954e-1a4656ce06d7,338,,,ALL,cassandra-1,True,False,7.186,2026-09-16T13:00:26.351038+00:00,
fcecb323-d229-498f-954e-1a4656ce06d7,monotonic_reads,network_partition,reader-1,read,mr-fcecb323-d229-498f-954e-1a4656ce06d7,,338,ONE,ALL,cassandra-1,True,False,2.613,2026-09-16T13:00:26.353092+00:00,
fcecb323-d229-498f-954e-1a4656ce06d7,monotonic_reads,network_partition,reader-1,read,mr-fcecb323-d229-498f-954e-1a4656ce06d7,,338,ONE,ALL,cassandra-2,True,False,1.49,2026-09-16T13:00:26.365004+00:00,
fcecb323-d229-498f-954e-1a4656ce06d7,monotonic_reads,network_partition,writer-1,write,mr-fcecb323-d229-498f-954e-1a4656ce06d7,339,,,ALL,cassandra-1,True,False,3.841,2026-09-16T13:00:26.375869+00:00,
fcecb323-d229-498f-954e-1a4656ce06d7,monotonic_reads,network_partition,reader-1,read,mr-fcecb323-d229-498f-954e-1a4656ce06d7,,339,ONE,ALL,cassandra-3,True,False,1.787,2026-09-16T13:00:26.379398+00:00,
fcecb323-d229-498f-954e-1a4656ce06d7,monotonic_reads,network_partition,reader-1,read,mr-fcecb323-d229-498f-954e-1a4656ce06d7,,339,ONE,ALL,cassandra-1,True,False,9.965,2026-09-16T13:00:26.401974+00:00,
fcecb323-d229-498f-954e-1a4656ce06d7,monotonic_reads,network_partition,writer-1,write,mr-fcecb323-d229-498f-954e-1a4656ce06d7,340,,,ALL,cassandra-1,True,False,5.937,2026-09-16T13:00:26.403029+00:00,
fcecb323-d229-498f-954e-1a4656ce06d7,monotonic_reads,network_partition,reader-1,read,mr-fcecb323-d229-498f-954e-1a4656ce06d7,,340,ONE,ALL,cassandra-2,True,False,1.716,2026-09-16T13:00:26.416344+00:00,
fcecb323-d229-498f-954e-1a4656ce06d7,monotonic_reads,network_partition,reader-1,read,mr-fcecb323-d229-498f-954e-1a4656ce06d7,,340,ONE,ALL,cassandra-3,True,False,1.596,2026-09-16T13:00:26.430253+00:00,
fcecb323-d229-498f-954e-1a4656ce06d7,monotonic_reads,network_partition,writer-1,write,mr-fcecb323-d229-498f-954e-1a4656ce06d7,341,,,ALL,cassandra-1,True,False,3.748,2026-09-16T13:00:26.431908+00:00,
fcecb323-d229-498f-954e-1a4656ce06d7,monotonic_reads,network_partition,reader-1,read,mr-fcecb323-d229-498f-954e-1a4656ce06d7,,341,ONE,ALL,cassandra-1,True,False,3.498,2026-09-16T13:00:26.444914+00:00,
fcecb323-d229-498f-954e-1a4656ce06d7,monotonic_reads,network_partition,reader-1,read,mr-fcecb323-d229-498f-954e-1a4656ce06d7,,341,ONE,ALL,cassandra-2,True,False,3.816,2026-09-16T13:00:26.459660+00:00,
fcecb323-d229-498f-954e-1a4656ce06d7,monotonic_reads,network_partition,writer-1,write,mr-fcecb323-d229-498f-954e-1a4656ce06d7,342,,,ALL,cassandra-1,True,False,4.684,2026-09-16T13:00:26.460091+00:00,
fcecb323-d229-498f-954e-1a4656ce06d7,monotonic_reads,network_partition,reader-1,read,mr-fcecb323-d229-498f-954e-1a4656ce06d7,,342,ONE,ALL,cassandra-3,True,False,3.247,2026-09-16T13:00:26.473859+00:00,
fcecb323-d229-498f-954e-1a4656ce06d7,monotonic_reads,network_partition,writer-1,write,mr-fcecb323-d229-498f-954e-1a4656ce06d7,343,,,ALL,cassandra-1,True,False,5.833,2026-09-16T13:00:26.489264+00:00,
fcecb323-d229-498f-954e-1a4656ce06d7,monotonic_reads,network_partition,reader-1,read,mr-fcecb323-d229-498f-954e-1a4656ce06d7,,343,ONE,ALL,cassandra-1,True,False,4.411,2026-09-16T13:00:26.490696+00:00,
fcecb323-d229-498f-954e-1a4656ce06d7,monotonic_reads,network_partition,reader-1,read,mr-fcecb323-d229-498f-954e-1a4656ce06d7,,343,ONE,ALL,cassandra-2,True,False,4.147,2026-09-16T13:00:26.505588+00:00,
fcecb323-d229-498f-954e-1a4656ce06d7,monotonic_reads,network_partition,writer-1,write,mr-fcecb323-d229-498f-954e-1a4656ce06d7,344,,,ALL,cassandra-1,True,False,6.1,2026-09-16T13:00:26.518542+00:00,
fcecb323-d229-498f-954e-1a4656ce06d7,monotonic_reads,network_partition,reader-1,read,mr-fcecb323-d229-498f-954e-1a4656ce06d7,,344,ONE,ALL,cassandra-3,True,False,3.896,2026-09-16T13:00:26.520341+00:00,
fcecb323-d229-498f-954e-1a4656ce06d7,monotonic_reads,network_partition,reader-1,read,mr-fcecb323-d229-498f-954e-1a4656ce06d7,,344,ONE,ALL,cassandra-1,True,False,3.0,2026-09-16T13:00:26.535038+00:00,
fcecb323-d229-498f-954e-1a4656ce06d7,monotonic_reads,network_partition,writer-1,write,mr-fcecb323-d229-498f-954e-1a4656ce06d7,345,,,ALL,cassandra-1,True,False,2.99,2026-09-16T13:00:26.546400+00:00,
fcecb323-d229-498f-954e-1a4656ce06d7,monotonic_reads,network_partition,reader-1,read,mr-fcecb323-d229-498f-954e-1a4656ce06d7,,345,ONE,ALL,cassandra-2,True,False,2.234,2026-09-16T13:00:26.549892+00:00,
fcecb323-d229-498f-954e-1a4656ce06d7,monotonic_reads,network_partition,reader-1,read,mr-fcecb323-d229-498f-954e-1a4656ce06d7,,345,ONE,ALL,cassandra-3,True,False,3.75,2026-09-16T13:00:26.565268+00:00,
fcecb323-d229-498f-954e-1a4656ce06d7,monotonic_reads,network_partition,writer-1,write,mr-fcecb323-d229-498f-954e-1a4656ce06d7,346,,,ALL,cassandra-1,True,False,3.68,2026-09-16T13:00:26.572079+00:00,
fcecb323-d229-498f-954e-1a4656ce06d7,monotonic_reads,network_partition,reader-1,read,mr-fcecb323-d229-498f-954e-1a4656ce06d7,,346,ONE,ALL,cassandra-1,True,False,3.365,2026-09-16T13:00:26.580805+00:00,
fcecb323-d229-498f-954e-1a4656ce06d7,monotonic_reads,network_partition,reader-1,read,mr-fcecb323-d229-498f-954e-1a4656ce06d7,,346,ONE,ALL,cassandra-2,True,False,4.321,2026-09-16T13:00:26.596751+00:00,
fcecb323-d229-498f-954e-1a4656ce06d7,monotonic_reads,network_partition,writer-1,write,mr-fcecb323-d229-498f-954e-1a4656ce06d7,347,,,ALL,cassandra-1,True,False,4.555,2026-09-16T13:00:26.598094+00:00,
fcecb323-d229-498f-954e-1a4656ce06d7,monotonic_reads,network_partition,reader-1,read,mr-fcecb323-d229-498f-954e-1a4656ce06d7,,347,ONE,ALL,cassandra-3,True,False,2.951,2026-09-16T13:00:26.610357+00:00,
fcecb323-d229-498f-954e-1a4656ce06d7,monotonic_reads,network_partition,reader-1,read,mr-fcecb323-d229-498f-954e-1a4656ce06d7,,347,ONE,ALL,cassandra-1,True,False,2.943,2026-09-16T13:00:26.624270+00:00,
fcecb323-d229-498f-954e-1a4656ce06d7,monotonic_reads,network_partition,writer-1,write,mr-fcecb323-d229-498f-954e-1a4656ce06d7,348,,,ALL,cassandra-1,True,False,3.532,2026-09-16T13:00:26.625947+00:00,
fcecb323-d229-498f-954e-1a4656ce06d7,monotonic_reads,network_partition,reader-1,read,mr-fcecb323-d229-498f-954e-1a4656ce06d7,,348,ONE,ALL,cassandra-2,True,False,3.482,2026-09-16T13:00:26.638893+00:00,
fcecb323-d229-498f-954e-1a4656ce06d7,monotonic_reads,network_partition,writer-1,write,mr-fcecb323-d229-498f-954e-1a4656ce06d7,349,,,ALL,cassandra-1,True,False,4.73,2026-09-16T13:00:26.654170+00:00,
fcecb323-d229-498f-954e-1a4656ce06d7,monotonic_reads,network_partition,reader-1,read,mr-fcecb323-d229-498f-954e-1a4656ce06d7,,349,ONE,ALL,cassandra-3,True,False,4.441,2026-09-16T13:00:26.654834+00:00,
fcecb323-d229-498f-954e-1a4656ce06d7,monotonic_reads,network_partition,reader-1,read,mr-fcecb323-d229-498f-954e-1a4656ce06d7,,349,ONE,ALL,cassandra-1,True,False,3.48,2026-09-16T13:00:26.668868+00:00,
fcecb323-d229-498f-954e-1a4656ce06d7,monotonic_reads,network_partition,writer-1,write,mr-fcecb323-d229-498f-954e-1a4656ce06d7,350,,,ALL,cassandra-1,True,False,5.547,2026-09-16T13:00:26.684194+00:00,
fcecb323-d229-498f-954e-1a4656ce06d7,monotonic_reads,network_partition,reader-1,read,mr-fcecb323-d229-498f-954e-1a4656ce06d7,,350,ONE,ALL,cassandra-2,True,False,3.321,2026-09-16T13:00:26.684738+00:00,
fcecb323-d229-498f-954e-1a4656ce06d7,monotonic_reads,network_partition,reader-1,read,mr-fcecb323-d229-498f-954e-1a4656ce06d7,,350,ONE,ALL,cassandra-3,True,False,3.462,2026-09-16T13:00:26.699892+00:00,
fcecb323-d229-498f-954e-1a4656ce06d7,monotonic_reads,network_partition,writer-1,write,mr-fcecb323-d229-498f-954e-1a4656ce06d7,351,,,ALL,cassandra-1,True,False,3.559,2026-09-16T13:00:26.710977+00:00,
fcecb323-d229-498f-954e-1a4656ce06d7,monotonic_reads,network_partition,reader-1,read,mr-fcecb323-d229-498f-954e-1a4656ce06d7,,351,ONE,ALL,cassandra-1,True,False,3.851,2026-09-16T13:00:26.715882+00:00,
fcecb323-d229-498f-954e-1a4656ce06d7,monotonic_reads,network_partition,reader-1,read,mr-fcecb323-d229-498f-954e-1a4656ce06d7,,351,ONE,ALL,cassandra-2,True,False,3.854,2026-09-16T13:00:26.732305+00:00,
fcecb323-d229-498f-954e-1a4656ce06d7,monotonic_reads,network_partition,writer-1,write,mr-fcecb323-d229-498f-954e-1a4656ce06d7,352,,,ALL,cassandra-1,True,False,3.645,2026-09-16T13:00:26.736961+00:00,
fcecb323-d229-498f-954e-1a4656ce06d7,monotonic_reads,network_partition,reader-1,read,mr-fcecb323-d229-498f-954e-1a4656ce06d7,,352,ONE,ALL,cassandra-3,True,False,4.606,2026-09-16T13:00:26.749037+00:00,
fcecb323-d229-498f-954e-1a4656ce06d7,monotonic_reads,network_partition,writer-1,write,mr-fcecb323-d229-498f-954e-1a4656ce06d7,353,,,ALL,cassandra-1,True,False,5.268,2026-09-16T13:00:26.762729+00:00,
fcecb323-d229-498f-954e-1a4656ce06d7,monotonic_reads,network_partition,reader-1,read,mr-fcecb323-d229-498f-954e-1a4656ce06d7,,353,ONE,ALL,cassandra-1,True,False,4.37,2026-09-16T13:00:26.766110+00:00,
fcecb323-d229-498f-954e-1a4656ce06d7,monotonic_reads,network_partition,reader-1,read,mr-fcecb323-d229-498f-954e-1a4656ce06d7,,353,ONE,ALL,cassandra-2,True,False,3.644,2026-09-16T13:00:26.780968+00:00,
fcecb323-d229-498f-954e-1a4656ce06d7,monotonic_reads,network_partition,writer-1,write,mr-fcecb323-d229-498f-954e-1a4656ce06d7,354,,,ALL,cassandra-1,True,False,3.985,2026-09-16T13:00:26.791252+00:00,
fcecb323-d229-498f-954e-1a4656ce06d7,monotonic_reads,network_partition,reader-1,read,mr-fcecb323-d229-498f-954e-1a4656ce06d7,,354,ONE,ALL,cassandra-3,True,False,2.8,2026-09-16T13:00:26.795228+00:00,
fcecb323-d229-498f-954e-1a4656ce06d7,monotonic_reads,network_partition,reader-1,read,mr-fcecb323-d229-498f-954e-1a4656ce06d7,,354,ONE,ALL,cassandra-1,True,False,4.456,2026-09-16T13:00:26.811621+00:00,
fcecb323-d229-498f-954e-1a4656ce06d7,monotonic_reads,network_partition,writer-1,write,mr-fcecb323-d229-498f-954e-1a4656ce06d7,355,,,ALL,cassandra-1,True,False,3.74,2026-09-16T13:00:26.820170+00:00,
fcecb323-d229-498f-954e-1a4656ce06d7,monotonic_reads,network_partition,reader-1,read,mr-fcecb323-d229-498f-954e-1a4656ce06d7,,355,ONE,ALL,cassandra-2,True,False,3.403,2026-09-16T13:00:26.827290+00:00,
fcecb323-d229-498f-954e-1a4656ce06d7,monotonic_reads,network_partition,reader-1,read,mr-fcecb323-d229-498f-954e-1a4656ce06d7,,355,ONE,ALL,cassandra-3,True,False,35.79,2026-09-16T13:00:26.875743+00:00,
fcecb323-d229-498f-954e-1a4656ce06d7,monotonic_reads,network_partition,writer-1,write,mr-fcecb323-d229-498f-954e-1a4656ce06d7,356,,,ALL,cassandra-1,True,False,34.893,2026-09-16T13:00:26.875969+00:00,
fcecb323-d229-498f-954e-1a4656ce06d7,monotonic_reads,network_partition,reader-1,read,mr-fcecb323-d229-498f-954e-1a4656ce06d7,,356,ONE,ALL,cassandra-1,True,False,2.965,2026-09-16T13:00:26.889204+00:00,
fcecb323-d229-498f-954e-1a4656ce06d7,monotonic_reads,network_partition,writer-1,write,mr-fcecb323-d229-498f-954e-1a4656ce06d7,357,,,ALL,cassandra-1,True,False,3.649,2026-09-16T13:00:26.900090+00:00,
fcecb323-d229-498f-954e-1a4656ce06d7,monotonic_reads,network_partition,reader-1,read,mr-fcecb323-d229-498f-954e-1a4656ce06d7,,357,ONE,ALL,cassandra-2,True,False,3.227,2026-09-16T13:00:26.904998+00:00,
fcecb323-d229-498f-954e-1a4656ce06d7,monotonic_reads,network_partition,reader-1,read,mr-fcecb323-d229-498f-954e-1a4656ce06d7,,357,ONE,ALL,cassandra-3,True,False,3.726,2026-09-16T13:00:26.921288+00:00,
fcecb323-d229-498f-954e-1a4656ce06d7,monotonic_reads,network_partition,writer-1,write,mr-fcecb323-d229-498f-954e-1a4656ce06d7,358,,,ALL,cassandra-1,True,False,5.755,2026-09-16T13:00:26.930942+00:00,
fcecb323-d229-498f-954e-1a4656ce06d7,monotonic_reads,network_partition,reader-1,read,mr-fcecb323-d229-498f-954e-1a4656ce06d7,,358,ONE,ALL,cassandra-1,True,False,4.973,2026-09-16T13:00:26.937387+00:00,
fcecb323-d229-498f-954e-1a4656ce06d7,monotonic_reads,network_partition,reader-1,read,mr-fcecb323-d229-498f-954e-1a4656ce06d7,,358,ONE,ALL,cassandra-2,True,False,4.204,2026-09-16T13:00:26.953608+00:00,
fcecb323-d229-498f-954e-1a4656ce06d7,monotonic_reads,network_partition,writer-1,write,mr-fcecb323-d229-498f-954e-1a4656ce06d7,359,,,ALL,cassandra-1,True,False,4.957,2026-09-16T13:00:26.960426+00:00,
fcecb323-d229-498f-954e-1a4656ce06d7,monotonic_reads,network_partition,reader-1,read,mr-fcecb323-d229-498f-954e-1a4656ce06d7,,359,ONE,ALL,cassandra-3,True,False,4.671,2026-09-16T13:00:26.970107+00:00,
fcecb323-d229-498f-954e-1a4656ce06d7,monotonic_reads,network_partition,reader-1,read,mr-fcecb323-d229-498f-954e-1a4656ce06d7,,359,ONE,ALL,cassandra-1,True,False,5.203,2026-09-16T13:00:26.988129+00:00,
fcecb323-d229-498f-954e-1a4656ce06d7,monotonic_reads,network_partition,writer-1,write,mr-fcecb323-d229-498f-954e-1a4656ce06d7,360,,,ALL,cassandra-1,True,False,5.175,2026-09-16T13:00:26.990505+00:00,
fcecb323-d229-498f-954e-1a4656ce06d7,monotonic_reads,network_partition,reader-1,read,mr-fcecb323-d229-498f-954e-1a4656ce06d7,,360,ONE,ALL,cassandra-2,True,False,5.51,2026-09-16T13:00:27.005768+00:00,
fcecb323-d229-498f-954e-1a4656ce06d7,monotonic_reads,network_partition,writer-1,write,mr-fcecb323-d229-498f-954e-1a4656ce06d7,361,,,ALL,cassandra-1,True,False,6.221,2026-09-16T13:00:27.018573+00:00,
fcecb323-d229-498f-954e-1a4656ce06d7,monotonic_reads,network_partition,reader-1,read,mr-fcecb323-d229-498f-954e-1a4656ce06d7,,361,ONE,ALL,cassandra-3,True,False,5.744,2026-09-16T13:00:27.022028+00:00,
fcecb323-d229-498f-954e-1a4656ce06d7,monotonic_reads,network_partition,reader-1,read,mr-fcecb323-d229-498f-954e-1a4656ce06d7,,361,ONE,ALL,cassandra-1,True,False,3.022,2026-09-16T13:00:27.035497+00:00,
fcecb323-d229-498f-954e-1a4656ce06d7,monotonic_reads,network_partition,writer-1,write,mr-fcecb323-d229-498f-954e-1a4656ce06d7,362,,,ALL,cassandra-1,True,False,3.213,2026-09-16T13:00:27.042876+00:00,
fcecb323-d229-498f-954e-1a4656ce06d7,monotonic_reads,network_partition,reader-1,read,mr-fcecb323-d229-498f-954e-1a4656ce06d7,,362,ONE,ALL,cassandra-2,True,False,1.879,2026-09-16T13:00:27.048258+00:00,
fcecb323-d229-498f-954e-1a4656ce06d7,monotonic_reads,network_partition,reader-1,read,mr-fcecb323-d229-498f-954e-1a4656ce06d7,,362,ONE,ALL,cassandra-3,True,False,1.755,2026-09-16T13:00:27.062617+00:00,
fcecb323-d229-498f-954e-1a4656ce06d7,monotonic_reads,network_partition,writer-1,write,mr-fcecb323-d229-498f-954e-1a4656ce06d7,363,,,ALL,cassandra-1,True,False,3.744,2026-09-16T13:00:27.068914+00:00,
fcecb323-d229-498f-954e-1a4656ce06d7,monotonic_reads,network_partition,reader-1,read,mr-fcecb323-d229-498f-954e-1a4656ce06d7,,363,ONE,ALL,cassandra-1,True,False,1.656,2026-09-16T13:00:27.076074+00:00,
fcecb323-d229-498f-954e-1a4656ce06d7,monotonic_reads,network_partition,reader-1,read,mr-fcecb323-d229-498f-954e-1a4656ce06d7,,363,ONE,ALL,cassandra-2,True,False,1.584,2026-09-16T13:00:27.088036+00:00,
fcecb323-d229-498f-954e-1a4656ce06d7,monotonic_reads,network_partition,writer-1,write,mr-fcecb323-d229-498f-954e-1a4656ce06d7,364,,,ALL,cassandra-1,True,False,3.003,2026-09-16T13:00:27.092926+00:00,
fcecb323-d229-498f-954e-1a4656ce06d7,monotonic_reads,network_partition,reader-1,read,mr-fcecb323-d229-498f-954e-1a4656ce06d7,,364,ONE,ALL,cassandra-3,True,False,1.693,2026-09-16T13:00:27.100117+00:00,
fcecb323-d229-498f-954e-1a4656ce06d7,monotonic_reads,network_partition,reader-1,read,mr-fcecb323-d229-498f-954e-1a4656ce06d7,,364,ONE,ALL,cassandra-1,True,False,1.887,2026-09-16T13:00:27.114160+00:00,
fcecb323-d229-498f-954e-1a4656ce06d7,monotonic_reads,network_partition,writer-1,write,mr-fcecb323-d229-498f-954e-1a4656ce06d7,365,,,ALL,cassandra-1,True,False,4.102,2026-09-16T13:00:27.117805+00:00,
fcecb323-d229-498f-954e-1a4656ce06d7,monotonic_reads,network_partition,reader-1,read,mr-fcecb323-d229-498f-954e-1a4656ce06d7,,365,ONE,ALL,cassandra-2,True,False,1.41,2026-09-16T13:00:27.126037+00:00,
fcecb323-d229-498f-954e-1a4656ce06d7,monotonic_reads,network_partition,reader-1,read,mr-fcecb323-d229-498f-954e-1a4656ce06d7,,365,ONE,ALL,cassandra-3,True,False,1.466,2026-09-16T13:00:27.138479+00:00,
fcecb323-d229-498f-954e-1a4656ce06d7,monotonic_reads,network_partition,writer-1,write,mr-fcecb323-d229-498f-954e-1a4656ce06d7,366,,,ALL,cassandra-1,True,False,3.826,2026-09-16T13:00:27.141854+00:00,
fcecb323-d229-498f-954e-1a4656ce06d7,monotonic_reads,network_partition,reader-1,read,mr-fcecb323-d229-498f-954e-1a4656ce06d7,,366,ONE,ALL,cassandra-1,True,False,1.315,2026-09-16T13:00:27.150936+00:00,
fcecb323-d229-498f-954e-1a4656ce06d7,monotonic_reads,network_partition,reader-1,read,mr-fcecb323-d229-498f-954e-1a4656ce06d7,,366,ONE,ALL,cassandra-2,True,False,1.395,2026-09-16T13:00:27.162609+00:00,
fcecb323-d229-498f-954e-1a4656ce06d7,monotonic_reads,network_partition,writer-1,write,mr-fcecb323-d229-498f-954e-1a4656ce06d7,367,,,ALL,cassandra-1,True,False,3.143,2026-09-16T13:00:27.165804+00:00,
fcecb323-d229-498f-954e-1a4656ce06d7,monotonic_reads,network_partition,reader-1,read,mr-fcecb323-d229-498f-954e-1a4656ce06d7,,367,ONE,ALL,cassandra-3,True,False,2.345,2026-09-16T13:00:27.177288+00:00,
fcecb323-d229-498f-954e-1a4656ce06d7,monotonic_reads,network_partition,reader-1,read,mr-fcecb323-d229-498f-954e-1a4656ce06d7,,367,ONE,ALL,cassandra-1,True,False,2.727,2026-09-16T13:00:27.191363+00:00,
fcecb323-d229-498f-954e-1a4656ce06d7,monotonic_reads,network_partition,writer-1,write,mr-fcecb323-d229-498f-954e-1a4656ce06d7,368,,,ALL,cassandra-1,True,False,3.532,2026-09-16T13:00:27.192586+00:00,
fcecb323-d229-498f-954e-1a4656ce06d7,monotonic_reads,network_partition,reader-1,read,mr-fcecb323-d229-498f-954e-1a4656ce06d7,,368,ONE,ALL,cassandra-2,True,False,2.334,2026-09-16T13:00:27.204264+00:00,
fcecb323-d229-498f-954e-1a4656ce06d7,monotonic_reads,network_partition,reader-1,read,mr-fcecb323-d229-498f-954e-1a4656ce06d7,,368,ONE,ALL,cassandra-3,True,False,1.303,2026-09-16T13:00:27.216751+00:00,
fcecb323-d229-498f-954e-1a4656ce06d7,monotonic_reads,network_partition,writer-1,write,mr-fcecb323-d229-498f-954e-1a4656ce06d7,369,,,ALL,cassandra-1,True,False,3.122,2026-09-16T13:00:27.218754+00:00,
fcecb323-d229-498f-954e-1a4656ce06d7,monotonic_reads,network_partition,reader-1,read,mr-fcecb323-d229-498f-954e-1a4656ce06d7,,369,ONE,ALL,cassandra-1,True,False,2.74,2026-09-16T13:00:27.230147+00:00,
fcecb323-d229-498f-954e-1a4656ce06d7,monotonic_reads,network_partition,reader-1,read,mr-fcecb323-d229-498f-954e-1a4656ce06d7,,369,ONE,ALL,cassandra-2,True,False,1.028,2026-09-16T13:00:27.241610+00:00,
fcecb323-d229-498f-954e-1a4656ce06d7,monotonic_reads,network_partition,writer-1,write,mr-fcecb323-d229-498f-954e-1a4656ce06d7,370,,,ALL,cassandra-1,True,False,3.813,2026-09-16T13:00:27.243820+00:00,
fcecb323-d229-498f-954e-1a4656ce06d7,monotonic_reads,network_partition,reader-1,read,mr-fcecb323-d229-498f-954e-1a4656ce06d7,,370,ONE,ALL,cassandra-3,True,False,2.407,2026-09-16T13:00:27.254605+00:00,
fcecb323-d229-498f-954e-1a4656ce06d7,monotonic_reads,network_partition,reader-1,read,mr-fcecb323-d229-498f-954e-1a4656ce06d7,,370,ONE,ALL,cassandra-1,True,False,1.764,2026-09-16T13:00:27.267221+00:00,
fcecb323-d229-498f-954e-1a4656ce06d7,monotonic_reads,network_partition,writer-1,write,mr-fcecb323-d229-498f-954e-1a4656ce06d7,371,,,ALL,cassandra-1,True,False,3.036,2026-09-16T13:00:27.268700+00:00,
fcecb323-d229-498f-954e-1a4656ce06d7,monotonic_reads,network_partition,reader-1,read,mr-fcecb323-d229-498f-954e-1a4656ce06d7,,371,ONE,ALL,cassandra-2,True,False,2.645,2026-09-16T13:00:27.280084+00:00,
fcecb323-d229-498f-954e-1a4656ce06d7,monotonic_reads,network_partition,reader-1,read,mr-fcecb323-d229-498f-954e-1a4656ce06d7,,371,ONE,ALL,cassandra-3,True,False,1.181,2026-09-16T13:00:27.293600+00:00,
fcecb323-d229-498f-954e-1a4656ce06d7,monotonic_reads,network_partition,writer-1,write,mr-fcecb323-d229-498f-954e-1a4656ce06d7,372,,,ALL,cassandra-1,True,False,3.075,2026-09-16T13:00:27.296722+00:00,
fcecb323-d229-498f-954e-1a4656ce06d7,monotonic_reads,network_partition,reader-1,read,mr-fcecb323-d229-498f-954e-1a4656ce06d7,,372,ONE,ALL,cassandra-1,True,False,2.712,2026-09-16T13:00:27.307114+00:00,
fcecb323-d229-498f-954e-1a4656ce06d7,monotonic_reads,network_partition,reader-1,read,mr-fcecb323-d229-498f-954e-1a4656ce06d7,,372,ONE,ALL,cassandra-2,True,False,1.35,2026-09-16T13:00:27.321039+00:00,
fcecb323-d229-498f-954e-1a4656ce06d7,monotonic_reads,network_partition,writer-1,write,mr-fcecb323-d229-498f-954e-1a4656ce06d7,373,,,ALL,cassandra-1,True,False,3.466,2026-09-16T13:00:27.324666+00:00,
fcecb323-d229-498f-954e-1a4656ce06d7,monotonic_reads,network_partition,reader-1,read,mr-fcecb323-d229-498f-954e-1a4656ce06d7,,373,ONE,ALL,cassandra-3,True,False,1.283,2026-09-16T13:00:27.334907+00:00,
fcecb323-d229-498f-954e-1a4656ce06d7,monotonic_reads,network_partition,reader-1,read,mr-fcecb323-d229-498f-954e-1a4656ce06d7,,373,ONE,ALL,cassandra-1,True,False,1.843,2026-09-16T13:00:27.349353+00:00,
fcecb323-d229-498f-954e-1a4656ce06d7,monotonic_reads,network_partition,writer-1,write,mr-fcecb323-d229-498f-954e-1a4656ce06d7,374,,,ALL,cassandra-1,True,False,2.917,2026-09-16T13:00:27.350679+00:00,
fcecb323-d229-498f-954e-1a4656ce06d7,monotonic_reads,network_partition,reader-1,read,mr-fcecb323-d229-498f-954e-1a4656ce06d7,,374,ONE,ALL,cassandra-2,True,False,1.337,2026-09-16T13:00:27.362098+00:00,
fcecb323-d229-498f-954e-1a4656ce06d7,monotonic_reads,network_partition,reader-1,read,mr-fcecb323-d229-498f-954e-1a4656ce06d7,,374,ONE,ALL,cassandra-3,True,False,1.3,2026-09-16T13:00:27.373783+00:00,
fcecb323-d229-498f-954e-1a4656ce06d7,monotonic_reads,network_partition,writer-1,write,mr-fcecb323-d229-498f-954e-1a4656ce06d7,375,,,ALL,cassandra-1,True,False,3.625,2026-09-16T13:00:27.375645+00:00,
fcecb323-d229-498f-954e-1a4656ce06d7,monotonic_reads,network_partition,reader-1,read,mr-fcecb323-d229-498f-954e-1a4656ce06d7,,375,ONE,ALL,cassandra-1,True,False,2.874,2026-09-16T13:00:27.389167+00:00,
fcecb323-d229-498f-954e-1a4656ce06d7,monotonic_reads,network_partition,reader-1,read,mr-fcecb323-d229-498f-954e-1a4656ce06d7,,375,ONE,ALL,cassandra-2,True,False,4.396,2026-09-16T13:00:27.404853+00:00,
fcecb323-d229-498f-954e-1a4656ce06d7,monotonic_reads,network_partition,writer-1,write,mr-fcecb323-d229-498f-954e-1a4656ce06d7,376,,,ALL,cassandra-1,True,False,4.906,2026-09-16T13:00:27.405032+00:00,
fcecb323-d229-498f-954e-1a4656ce06d7,monotonic_reads,network_partition,reader-1,read,mr-fcecb323-d229-498f-954e-1a4656ce06d7,,376,ONE,ALL,cassandra-3,True,False,1.468,2026-09-16T13:00:27.417371+00:00,
fcecb323-d229-498f-954e-1a4656ce06d7,monotonic_reads,network_partition,reader-1,read,mr-fcecb323-d229-498f-954e-1a4656ce06d7,,376,ONE,ALL,cassandra-1,True,False,2.075,2026-09-16T13:00:27.432041+00:00,
fcecb323-d229-498f-954e-1a4656ce06d7,monotonic_reads,network_partition,writer-1,write,mr-fcecb323-d229-498f-954e-1a4656ce06d7,377,,,ALL,cassandra-1,True,False,3.419,2026-09-16T13:00:27.433692+00:00,
fcecb323-d229-498f-954e-1a4656ce06d7,monotonic_reads,network_partition,reader-1,read,mr-fcecb323-d229-498f-954e-1a4656ce06d7,,377,ONE,ALL,cassandra-2,True,False,1.258,2026-09-16T13:00:27.445875+00:00,
fcecb323-d229-498f-954e-1a4656ce06d7,monotonic_reads,network_partition,writer-1,write,mr-fcecb323-d229-498f-954e-1a4656ce06d7,378,,,ALL,cassandra-1,True,False,3.232,2026-09-16T13:00:27.457770+00:00,
fcecb323-d229-498f-954e-1a4656ce06d7,monotonic_reads,network_partition,reader-1,read,mr-fcecb323-d229-498f-954e-1a4656ce06d7,,378,ONE,ALL,cassandra-3,True,False,0.973,2026-09-16T13:00:27.458781+00:00,
fcecb323-d229-498f-954e-1a4656ce06d7,monotonic_reads,network_partition,reader-1,read,mr-fcecb323-d229-498f-954e-1a4656ce06d7,,378,ONE,ALL,cassandra-1,True,False,2.161,2026-09-16T13:00:27.473515+00:00,
fcecb323-d229-498f-954e-1a4656ce06d7,monotonic_reads,network_partition,writer-1,write,mr-fcecb323-d229-498f-954e-1a4656ce06d7,379,,,ALL,cassandra-1,True,False,4.001,2026-09-16T13:00:27.486801+00:00,
fcecb323-d229-498f-954e-1a4656ce06d7,monotonic_reads,network_partition,reader-1,read,mr-fcecb323-d229-498f-954e-1a4656ce06d7,,379,ONE,ALL,cassandra-2,True,False,2.155,2026-09-16T13:00:27.488318+00:00,
fcecb323-d229-498f-954e-1a4656ce06d7,monotonic_reads,network_partition,reader-1,read,mr-fcecb323-d229-498f-954e-1a4656ce06d7,,379,ONE,ALL,cassandra-3,True,False,1.59,2026-09-16T13:00:27.500334+00:00,
fcecb323-d229-498f-954e-1a4656ce06d7,monotonic_reads,network_partition,reader-1,read,mr-fcecb323-d229-498f-954e-1a4656ce06d7,,379,ONE,ALL,cassandra-1,True,False,1.992,2026-09-16T13:00:27.513692+00:00,
fcecb323-d229-498f-954e-1a4656ce06d7,monotonic_reads,network_partition,writer-1,write,mr-fcecb323-d229-498f-954e-1a4656ce06d7,380,,,ALL,cassandra-1,True,False,2.547,2026-09-16T13:00:27.514830+00:00,
fcecb323-d229-498f-954e-1a4656ce06d7,monotonic_reads,network_partition,reader-1,read,mr-fcecb323-d229-498f-954e-1a4656ce06d7,,380,ONE,ALL,cassandra-2,True,False,2.037,2026-09-16T13:00:27.527987+00:00,
fcecb323-d229-498f-954e-1a4656ce06d7,monotonic_reads,network_partition,reader-1,read,mr-fcecb323-d229-498f-954e-1a4656ce06d7,,380,ONE,ALL,cassandra-3,True,False,1.489,2026-09-16T13:00:27.541821+00:00,
fcecb323-d229-498f-954e-1a4656ce06d7,monotonic_reads,network_partition,writer-1,write,mr-fcecb323-d229-498f-954e-1a4656ce06d7,381,,,ALL,cassandra-1,True,False,3.825,2026-09-16T13:00:27.543758+00:00,
fcecb323-d229-498f-954e-1a4656ce06d7,monotonic_reads,network_partition,reader-1,read,mr-fcecb323-d229-498f-954e-1a4656ce06d7,,381,ONE,ALL,cassandra-1,True,False,2.236,2026-09-16T13:00:27.555651+00:00,
fcecb323-d229-498f-954e-1a4656ce06d7,monotonic_reads,network_partition,writer-1,write,mr-fcecb323-d229-498f-954e-1a4656ce06d7,382,,,ALL,cassandra-1,True,False,2.678,2026-09-16T13:00:27.567706+00:00,
fcecb323-d229-498f-954e-1a4656ce06d7,monotonic_reads,network_partition,reader-1,read,mr-fcecb323-d229-498f-954e-1a4656ce06d7,,382,ONE,ALL,cassandra-2,True,False,1.894,2026-09-16T13:00:27.570188+00:00,
fcecb323-d229-498f-954e-1a4656ce06d7,monotonic_reads,network_partition,reader-1,read,mr-fcecb323-d229-498f-954e-1a4656ce06d7,,382,ONE,ALL,cassandra-3,True,False,2.197,2026-09-16T13:00:27.582586+00:00,
fcecb323-d229-498f-954e-1a4656ce06d7,monotonic_reads,network_partition,writer-1,write,mr-fcecb323-d229-498f-954e-1a4656ce06d7,383,,,ALL,cassandra-1,True,False,5.819,2026-09-16T13:00:27.596956+00:00,
fcecb323-d229-498f-954e-1a4656ce06d7,monotonic_reads,network_partition,reader-1,read,mr-fcecb323-d229-498f-954e-1a4656ce06d7,,383,ONE,ALL,cassandra-1,True,False,3.003,2026-09-16T13:00:27.597070+00:00,
fcecb323-d229-498f-954e-1a4656ce06d7,monotonic_reads,network_partition,reader-1,read,mr-fcecb323-d229-498f-954e-1a4656ce06d7,,383,ONE,ALL,cassandra-2,True,False,2.181,2026-09-16T13:00:27.609581+00:00,
fcecb323-d229-498f-954e-1a4656ce06d7,monotonic_reads,network_partition,reader-1,read,mr-fcecb323-d229-498f-954e-1a4656ce06d7,,383,ONE,ALL,cassandra-3,True,False,2.694,2026-09-16T13:00:27.624037+00:00,
fcecb323-d229-498f-954e-1a4656ce06d7,monotonic_reads,network_partition,writer-1,write,mr-fcecb323-d229-498f-954e-1a4656ce06d7,384,,,ALL,cassandra-1,True,False,3.308,2026-09-16T13:00:27.624940+00:00,
fcecb323-d229-498f-954e-1a4656ce06d7,monotonic_reads,network_partition,reader-1,read,mr-fcecb323-d229-498f-954e-1a4656ce06d7,,384,ONE,ALL,cassandra-1,True,False,15.53,2026-09-16T13:00:27.651958+00:00,
fcecb323-d229-498f-954e-1a4656ce06d7,monotonic_reads,network_partition,writer-1,write,mr-fcecb323-d229-498f-954e-1a4656ce06d7,385,,,ALL,cassandra-1,True,False,3.787,2026-09-16T13:00:27.653121+00:00,
fcecb323-d229-498f-954e-1a4656ce06d7,monotonic_reads,network_partition,reader-1,read,mr-fcecb323-d229-498f-954e-1a4656ce06d7,,385,ONE,ALL,cassandra-2,True,False,1.964,2026-09-16T13:00:27.666650+00:00,
fcecb323-d229-498f-954e-1a4656ce06d7,monotonic_reads,network_partition,writer-1,write,mr-fcecb323-d229-498f-954e-1a4656ce06d7,386,,,ALL,cassandra-1,True,False,4.266,2026-09-16T13:00:27.678169+00:00,
fcecb323-d229-498f-954e-1a4656ce06d7,monotonic_reads,network_partition,reader-1,read,mr-fcecb323-d229-498f-954e-1a4656ce06d7,,386,ONE,ALL,cassandra-3,True,False,2.659,2026-09-16T13:00:27.680527+00:00,
fcecb323-d229-498f-954e-1a4656ce06d7,monotonic_reads,network_partition,reader-1,read,mr-fcecb323-d229-498f-954e-1a4656ce06d7,,386,ONE,ALL,cassandra-1,True,False,2.791,2026-09-16T13:00:27.694186+00:00,
fcecb323-d229-498f-954e-1a4656ce06d7,monotonic_reads,network_partition,writer-1,write,mr-fcecb323-d229-498f-954e-1a4656ce06d7,387,,,ALL,cassandra-1,True,False,3.681,2026-09-16T13:00:27.706161+00:00,
fcecb323-d229-498f-954e-1a4656ce06d7,monotonic_reads,network_partition,reader-1,read,mr-fcecb323-d229-498f-954e-1a4656ce06d7,,387,ONE,ALL,cassandra-2,True,False,2.787,2026-09-16T13:00:27.709107+00:00,
fcecb323-d229-498f-954e-1a4656ce06d7,monotonic_reads,network_partition,reader-1,read,mr-fcecb323-d229-498f-954e-1a4656ce06d7,,387,ONE,ALL,cassandra-3,True,False,9.772,2026-09-16T13:00:27.731519+00:00,
fcecb323-d229-498f-954e-1a4656ce06d7,monotonic_reads,network_partition,writer-1,write,mr-fcecb323-d229-498f-954e-1a4656ce06d7,388,,,ALL,cassandra-1,True,False,5.058,2026-09-16T13:00:27.733456+00:00,
fcecb323-d229-498f-954e-1a4656ce06d7,monotonic_reads,network_partition,reader-1,read,mr-fcecb323-d229-498f-954e-1a4656ce06d7,,388,ONE,ALL,cassandra-1,True,False,3.528,2026-09-16T13:00:27.746942+00:00,
fcecb323-d229-498f-954e-1a4656ce06d7,monotonic_reads,network_partition,writer-1,write,mr-fcecb323-d229-498f-954e-1a4656ce06d7,389,,,ALL,cassandra-1,True,False,3.612,2026-09-16T13:00:27.758012+00:00,
fcecb323-d229-498f-954e-1a4656ce06d7,monotonic_reads,network_partition,reader-1,read,mr-fcecb323-d229-498f-954e-1a4656ce06d7,,389,ONE,ALL,cassandra-2,True,False,2.688,2026-09-16T13:00:27.760025+00:00,
fcecb323-d229-498f-954e-1a4656ce06d7,monotonic_reads,network_partition,reader-1,read,mr-fcecb323-d229-498f-954e-1a4656ce06d7,,389,ONE,ALL,cassandra-3,True,False,11.164,2026-09-16T13:00:27.782952+00:00,
fcecb323-d229-498f-954e-1a4656ce06d7,monotonic_reads,network_partition,writer-1,write,mr-fcecb323-d229-498f-954e-1a4656ce06d7,390,,,ALL,cassandra-1,True,False,4.314,2026-09-16T13:00:27.786010+00:00,
fcecb323-d229-498f-954e-1a4656ce06d7,monotonic_reads,network_partition,reader-1,read,mr-fcecb323-d229-498f-954e-1a4656ce06d7,,390,ONE,ALL,cassandra-1,True,False,3.308,2026-09-16T13:00:27.797727+00:00,
fcecb323-d229-498f-954e-1a4656ce06d7,monotonic_reads,network_partition,reader-1,read,mr-fcecb323-d229-498f-954e-1a4656ce06d7,,390,ONE,ALL,cassandra-2,True,False,3.289,2026-09-16T13:00:27.813334+00:00,
fcecb323-d229-498f-954e-1a4656ce06d7,monotonic_reads,network_partition,writer-1,write,mr-fcecb323-d229-498f-954e-1a4656ce06d7,391,,,ALL,cassandra-1,True,False,4.608,2026-09-16T13:00:27.814024+00:00,
fcecb323-d229-498f-954e-1a4656ce06d7,monotonic_reads,network_partition,reader-1,read,mr-fcecb323-d229-498f-954e-1a4656ce06d7,,391,ONE,ALL,cassandra-3,True,False,2.784,2026-09-16T13:00:27.828520+00:00,
fcecb323-d229-498f-954e-1a4656ce06d7,monotonic_reads,network_partition,writer-1,write,mr-fcecb323-d229-498f-954e-1a4656ce06d7,392,,,ALL,cassandra-1,True,False,3.912,2026-09-16T13:00:27.839366+00:00,
fcecb323-d229-498f-954e-1a4656ce06d7,monotonic_reads,network_partition,reader-1,read,mr-fcecb323-d229-498f-954e-1a4656ce06d7,,392,ONE,ALL,cassandra-1,True,False,3.481,2026-09-16T13:00:27.842954+00:00,
fcecb323-d229-498f-954e-1a4656ce06d7,monotonic_reads,network_partition,reader-1,read,mr-fcecb323-d229-498f-954e-1a4656ce06d7,,392,ONE,ALL,cassandra-2,True,False,3.571,2026-09-16T13:00:27.857292+00:00,
fcecb323-d229-498f-954e-1a4656ce06d7,monotonic_reads,network_partition,writer-1,write,mr-fcecb323-d229-498f-954e-1a4656ce06d7,393,,,ALL,cassandra-1,True,False,3.489,2026-09-16T13:00:27.864130+00:00,
fcecb323-d229-498f-954e-1a4656ce06d7,monotonic_reads,network_partition,reader-1,read,mr-fcecb323-d229-498f-954e-1a4656ce06d7,,393,ONE,ALL,cassandra-3,True,False,4.55,2026-09-16T13:00:27.873986+00:00,
fcecb323-d229-498f-954e-1a4656ce06d7,monotonic_reads,network_partition,reader-1,read,mr-fcecb323-d229-498f-954e-1a4656ce06d7,,393,ONE,ALL,cassandra-1,True,False,13.585,2026-09-16T13:00:27.899853+00:00,
fcecb323-d229-498f-954e-1a4656ce06d7,monotonic_reads,network_partition,writer-1,write,mr-fcecb323-d229-498f-954e-1a4656ce06d7,394,,,ALL,cassandra-1,True,False,14.5,2026-09-16T13:00:27.901310+00:00,
fcecb323-d229-498f-954e-1a4656ce06d7,monotonic_reads,network_partition,reader-1,read,mr-fcecb323-d229-498f-954e-1a4656ce06d7,,394,ONE,ALL,cassandra-2,True,False,3.961,2026-09-16T13:00:27.916518+00:00,
fcecb323-d229-498f-954e-1a4656ce06d7,monotonic_reads,network_partition,reader-1,read,mr-fcecb323-d229-498f-954e-1a4656ce06d7,,395,ONE,ALL,cassandra-3,True,False,3.534,2026-09-16T13:00:27.930791+00:00,
fcecb323-d229-498f-954e-1a4656ce06d7,monotonic_reads,network_partition,writer-1,write,mr-fcecb323-d229-498f-954e-1a4656ce06d7,395,,,ALL,cassandra-1,True,False,5.735,2026-09-16T13:00:27.931089+00:00,
fcecb323-d229-498f-954e-1a4656ce06d7,monotonic_reads,network_partition,reader-1,read,mr-fcecb323-d229-498f-954e-1a4656ce06d7,,395,ONE,ALL,cassandra-1,True,False,12.906,2026-09-16T13:00:27.956602+00:00,
fcecb323-d229-498f-954e-1a4656ce06d7,monotonic_reads,network_partition,writer-1,write,mr-fcecb323-d229-498f-954e-1a4656ce06d7,396,,,ALL,cassandra-1,True,False,4.1,2026-09-16T13:00:27.956993+00:00,
fcecb323-d229-498f-954e-1a4656ce06d7,monotonic_reads,network_partition,reader-1,read,mr-fcecb323-d229-498f-954e-1a4656ce06d7,,396,ONE,ALL,cassandra-2,True,False,3.506,2026-09-16T13:00:27.972737+00:00,
fcecb323-d229-498f-954e-1a4656ce06d7,monotonic_reads,network_partition,writer-1,write,mr-fcecb323-d229-498f-954e-1a4656ce06d7,397,,,ALL,cassandra-1,True,False,4.172,2026-09-16T13:00:27.983096+00:00,
fcecb323-d229-498f-954e-1a4656ce06d7,monotonic_reads,network_partition,reader-1,read,mr-fcecb323-d229-498f-954e-1a4656ce06d7,,397,ONE,ALL,cassandra-3,True,False,2.282,2026-09-16T13:00:27.985431+00:00,
fcecb323-d229-498f-954e-1a4656ce06d7,monotonic_reads,network_partition,reader-1,read,mr-fcecb323-d229-498f-954e-1a4656ce06d7,,397,ONE,ALL,cassandra-1,True,False,2.06,2026-09-16T13:00:27.999449+00:00,
fcecb323-d229-498f-954e-1a4656ce06d7,monotonic_reads,network_partition,writer-1,write,mr-fcecb323-d229-498f-954e-1a4656ce06d7,398,,,ALL,cassandra-1,True,False,5.227,2026-09-16T13:00:28.010649+00:00,
fcecb323-d229-498f-954e-1a4656ce06d7,monotonic_reads,network_partition,reader-1,read,mr-fcecb323-d229-498f-954e-1a4656ce06d7,,398,ONE,ALL,cassandra-2,True,False,4.355,2026-09-16T13:00:28.015818+00:00,
fcecb323-d229-498f-954e-1a4656ce06d7,monotonic_reads,network_partition,reader-1,read,mr-fcecb323-d229-498f-954e-1a4656ce06d7,,398,ONE,ALL,cassandra-3,True,False,3.844,2026-09-16T13:00:28.031278+00:00,
fcecb323-d229-498f-954e-1a4656ce06d7,monotonic_reads,network_partition,writer-1,write,mr-fcecb323-d229-498f-954e-1a4656ce06d7,399,,,ALL,cassandra-1,True,False,4.081,2026-09-16T13:00:28.036363+00:00,
fcecb323-d229-498f-954e-1a4656ce06d7,monotonic_reads,network_partition,reader-1,read,mr-fcecb323-d229-498f-954e-1a4656ce06d7,,399,ONE,ALL,cassandra-1,True,False,3.921,2026-09-16T13:00:28.047322+00:00,
fcecb323-d229-498f-954e-1a4656ce06d7,monotonic_reads,network_partition,reader-1,read,mr-fcecb323-d229-498f-954e-1a4656ce06d7,,399,ONE,ALL,cassandra-2,True,False,3.923,2026-09-16T13:00:28.063339+00:00,
fcecb323-d229-498f-954e-1a4656ce06d7,monotonic_reads,network_partition,writer-1,write,mr-fcecb323-d229-498f-954e-1a4656ce06d7,400,,,ALL,cassandra-1,True,False,4.442,2026-09-16T13:00:28.065169+00:00,
fcecb323-d229-498f-954e-1a4656ce06d7,monotonic_reads,network_partition,reader-1,read,mr-fcecb323-d229-498f-954e-1a4656ce06d7,,400,ONE,ALL,cassandra-3,True,False,3.597,2026-09-16T13:00:28.079654+00:00,
fcecb323-d229-498f-954e-1a4656ce06d7,monotonic_reads,network_partition,writer-1,write,mr-fcecb323-d229-498f-954e-1a4656ce06d7,401,,,ALL,cassandra-1,True,False,4.409,2026-09-16T13:00:28.092546+00:00,
fcecb323-d229-498f-954e-1a4656ce06d7,monotonic_reads,network_partition,reader-1,read,mr-fcecb323-d229-498f-954e-1a4656ce06d7,,401,ONE,ALL,cassandra-1,True,False,3.953,2026-09-16T13:00:28.095104+00:00,
fcecb323-d229-498f-954e-1a4656ce06d7,monotonic_reads,network_partition,reader-1,read,mr-fcecb323-d229-498f-954e-1a4656ce06d7,,401,ONE,ALL,cassandra-2,True,False,1.895,2026-09-16T13:00:28.108282+00:00,
fcecb323-d229-498f-954e-1a4656ce06d7,monotonic_reads,network_partition,writer-1,write,mr-fcecb323-d229-498f-954e-1a4656ce06d7,402,,,ALL,cassandra-1,True,False,6.73,2026-09-16T13:00:28.120147+00:00,
fcecb323-d229-498f-954e-1a4656ce06d7,monotonic_reads,network_partition,reader-1,read,mr-fcecb323-d229-498f-954e-1a4656ce06d7,,402,ONE,ALL,cassandra-3,True,False,4.544,2026-09-16T13:00:28.123877+00:00,
fcecb323-d229-498f-954e-1a4656ce06d7,monotonic_reads,network_partition,reader-1,read,mr-fcecb323-d229-498f-954e-1a4656ce06d7,,402,ONE,ALL,cassandra-1,True,False,2.207,2026-09-16T13:00:28.138733+00:00,
fcecb323-d229-498f-954e-1a4656ce06d7,monotonic_reads,network_partition,writer-1,write,mr-fcecb323-d229-498f-954e-1a4656ce06d7,403,,,ALL,cassandra-1,True,False,4.121,2026-09-16T13:00:28.146393+00:00,
fcecb323-d229-498f-954e-1a4656ce06d7,monotonic_reads,network_partition,reader-1,read,mr-fcecb323-d229-498f-954e-1a4656ce06d7,,403,ONE,ALL,cassandra-2,True,False,3.238,2026-09-16T13:00:28.152631+00:00,
fcecb323-d229-498f-954e-1a4656ce06d7,monotonic_reads,network_partition,reader-1,read,mr-fcecb323-d229-498f-954e-1a4656ce06d7,,403,ONE,ALL,cassandra-3,True,False,4.935,2026-09-16T13:00:28.169519+00:00,
fcecb323-d229-498f-954e-1a4656ce06d7,monotonic_reads,network_partition,writer-1,write,mr-fcecb323-d229-498f-954e-1a4656ce06d7,404,,,ALL,cassandra-1,True,False,4.332,2026-09-16T13:00:28.173443+00:00,
fcecb323-d229-498f-954e-1a4656ce06d7,monotonic_reads,network_partition,reader-1,read,mr-fcecb323-d229-498f-954e-1a4656ce06d7,,404,ONE,ALL,cassandra-1,True,False,4.753,2026-09-16T13:00:28.185177+00:00,
fcecb323-d229-498f-954e-1a4656ce06d7,monotonic_reads,network_partition,reader-1,read,mr-fcecb323-d229-498f-954e-1a4656ce06d7,,404,ONE,ALL,cassandra-2,True,False,3.461,2026-09-16T13:00:28.198860+00:00,
fcecb323-d229-498f-954e-1a4656ce06d7,monotonic_reads,network_partition,writer-1,write,mr-fcecb323-d229-498f-954e-1a4656ce06d7,405,,,ALL,cassandra-1,True,False,5.467,2026-09-16T13:00:28.201107+00:00,
fcecb323-d229-498f-954e-1a4656ce06d7,monotonic_reads,network_partition,reader-1,read,mr-fcecb323-d229-498f-954e-1a4656ce06d7,,405,ONE,ALL,cassandra-3,True,False,3.323,2026-09-16T13:00:28.214727+00:00,
fcecb323-d229-498f-954e-1a4656ce06d7,monotonic_reads,network_partition,reader-1,read,mr-fcecb323-d229-498f-954e-1a4656ce06d7,,405,ONE,ALL,cassandra-1,True,False,2.772,2026-09-16T13:00:28.227976+00:00,
fcecb323-d229-498f-954e-1a4656ce06d7,monotonic_reads,network_partition,writer-1,write,mr-fcecb323-d229-498f-954e-1a4656ce06d7,406,,,ALL,cassandra-1,True,False,2.976,2026-09-16T13:00:28.229079+00:00,
fcecb323-d229-498f-954e-1a4656ce06d7,monotonic_reads,network_partition,reader-1,read,mr-fcecb323-d229-498f-954e-1a4656ce06d7,,406,ONE,ALL,cassandra-2,True,False,3.067,2026-09-16T13:00:28.241486+00:00,
fcecb323-d229-498f-954e-1a4656ce06d7,monotonic_reads,network_partition,reader-1,read,mr-fcecb323-d229-498f-954e-1a4656ce06d7,,406,ONE,ALL,cassandra-3,True,False,2.61,2026-09-16T13:00:28.254990+00:00,
fcecb323-d229-498f-954e-1a4656ce06d7,monotonic_reads,network_partition,writer-1,write,mr-fcecb323-d229-498f-954e-1a4656ce06d7,407,,,ALL,cassandra-1,True,False,3.844,2026-09-16T13:00:28.255248+00:00,
fcecb323-d229-498f-954e-1a4656ce06d7,monotonic_reads,network_partition,reader-1,read,mr-fcecb323-d229-498f-954e-1a4656ce06d7,,407,ONE,ALL,cassandra-1,True,False,4.294,2026-09-16T13:00:28.270921+00:00,
fcecb323-d229-498f-954e-1a4656ce06d7,monotonic_reads,network_partition,writer-1,write,mr-fcecb323-d229-498f-954e-1a4656ce06d7,408,,,ALL,cassandra-1,True,False,5.848,2026-09-16T13:00:28.283336+00:00,
fcecb323-d229-498f-954e-1a4656ce06d7,monotonic_reads,network_partition,reader-1,read,mr-fcecb323-d229-498f-954e-1a4656ce06d7,,408,ONE,ALL,cassandra-2,True,False,2.004,2026-09-16T13:00:28.285585+00:00,
fcecb323-d229-498f-954e-1a4656ce06d7,monotonic_reads,network_partition,reader-1,read,mr-fcecb323-d229-498f-954e-1a4656ce06d7,,408,ONE,ALL,cassandra-3,True,False,3.724,2026-09-16T13:00:28.300002+00:00,
fcecb323-d229-498f-954e-1a4656ce06d7,monotonic_reads,network_partition,writer-1,write,mr-fcecb323-d229-498f-954e-1a4656ce06d7,409,,,ALL,cassandra-1,True,False,3.613,2026-09-16T13:00:28.311877+00:00,
fcecb323-d229-498f-954e-1a4656ce06d7,monotonic_reads,network_partition,reader-1,read,mr-fcecb323-d229-498f-954e-1a4656ce06d7,,409,ONE,ALL,cassandra-1,True,False,3.524,2026-09-16T13:00:28.314906+00:00,
fcecb323-d229-498f-954e-1a4656ce06d7,monotonic_reads,network_partition,reader-1,read,mr-fcecb323-d229-498f-954e-1a4656ce06d7,,409,ONE,ALL,cassandra-2,True,False,3.821,2026-09-16T13:00:28.331270+00:00,
fcecb323-d229-498f-954e-1a4656ce06d7,monotonic_reads,network_partition,writer-1,write,mr-fcecb323-d229-498f-954e-1a4656ce06d7,410,,,ALL,cassandra-1,True,False,3.9,2026-09-16T13:00:28.339297+00:00,
fcecb323-d229-498f-954e-1a4656ce06d7,monotonic_reads,network_partition,reader-1,read,mr-fcecb323-d229-498f-954e-1a4656ce06d7,,410,ONE,ALL,cassandra-3,True,False,3.236,2026-09-16T13:00:28.345562+00:00,
fcecb323-d229-498f-954e-1a4656ce06d7,monotonic_reads,network_partition,reader-1,read,mr-fcecb323-d229-498f-954e-1a4656ce06d7,,410,ONE,ALL,cassandra-1,True,False,4.135,2026-09-16T13:00:28.361390+00:00,
fcecb323-d229-498f-954e-1a4656ce06d7,monotonic_reads,network_partition,writer-1,write,mr-fcecb323-d229-498f-954e-1a4656ce06d7,411,,,ALL,cassandra-1,True,False,4.313,2026-09-16T13:00:28.368574+00:00,
fcecb323-d229-498f-954e-1a4656ce06d7,monotonic_reads,network_partition,reader-1,read,mr-fcecb323-d229-498f-954e-1a4656ce06d7,,411,ONE,ALL,cassandra-2,True,False,2.814,2026-09-16T13:00:28.375194+00:00,
fcecb323-d229-498f-954e-1a4656ce06d7,monotonic_reads,network_partition,reader-1,read,mr-fcecb323-d229-498f-954e-1a4656ce06d7,,411,ONE,ALL,cassandra-3,True,False,3.022,2026-09-16T13:00:28.388419+00:00,
fcecb323-d229-498f-954e-1a4656ce06d7,monotonic_reads,network_partition,writer-1,write,mr-fcecb323-d229-498f-954e-1a4656ce06d7,412,,,ALL,cassandra-1,True,False,3.795,2026-09-16T13:00:28.397390+00:00,
fcecb323-d229-498f-954e-1a4656ce06d7,monotonic_reads,network_partition,reader-1,read,mr-fcecb323-d229-498f-954e-1a4656ce06d7,,412,ONE,ALL,cassandra-1,True,False,2.918,2026-09-16T13:00:28.403558+00:00,
fcecb323-d229-498f-954e-1a4656ce06d7,monotonic_reads,network_partition,reader-1,read,mr-fcecb323-d229-498f-954e-1a4656ce06d7,,412,ONE,ALL,cassandra-2,True,False,3.701,2026-09-16T13:00:28.419893+00:00,
fcecb323-d229-498f-954e-1a4656ce06d7,monotonic_reads,network_partition,writer-1,write,mr-fcecb323-d229-498f-954e-1a4656ce06d7,413,,,ALL,cassandra-1,True,False,4.994,2026-09-16T13:00:28.427383+00:00,
fcecb323-d229-498f-954e-1a4656ce06d7,monotonic_reads,network_partition,reader-1,read,mr-fcecb323-d229-498f-954e-1a4656ce06d7,,413,ONE,ALL,cassandra-3,True,False,4.665,2026-09-16T13:00:28.437013+00:00,
fcecb323-d229-498f-954e-1a4656ce06d7,monotonic_reads,network_partition,reader-1,read,mr-fcecb323-d229-498f-954e-1a4656ce06d7,,413,ONE,ALL,cassandra-1,True,False,3.451,2026-09-16T13:00:28.452756+00:00,
fcecb323-d229-498f-954e-1a4656ce06d7,monotonic_reads,network_partition,writer-1,write,mr-fcecb323-d229-498f-954e-1a4656ce06d7,414,,,ALL,cassandra-1,True,False,5.327,2026-09-16T13:00:28.453729+00:00,
fcecb323-d229-498f-954e-1a4656ce06d7,monotonic_reads,network_partition,reader-1,read,mr-fcecb323-d229-498f-954e-1a4656ce06d7,,414,ONE,ALL,cassandra-2,True,False,3.761,2026-09-16T13:00:28.469246+00:00,
fcecb323-d229-498f-954e-1a4656ce06d7,monotonic_reads,network_partition,writer-1,write,mr-fcecb323-d229-498f-954e-1a4656ce06d7,415,,,ALL,cassandra-1,True,False,5.056,2026-09-16T13:00:28.479456+00:00,
fcecb323-d229-498f-954e-1a4656ce06d7,monotonic_reads,network_partition,reader-1,read,mr-fcecb323-d229-498f-954e-1a4656ce06d7,,415,ONE,ALL,cassandra-3,True,False,4.291,2026-09-16T13:00:28.485645+00:00,
fcecb323-d229-498f-954e-1a4656ce06d7,monotonic_reads,network_partition,reader-1,read,mr-fcecb323-d229-498f-954e-1a4656ce06d7,,415,ONE,ALL,cassandra-1,True,False,4.174,2026-09-16T13:00:28.500568+00:00,
fcecb323-d229-498f-954e-1a4656ce06d7,monotonic_reads,network_partition,writer-1,write,mr-fcecb323-d229-498f-954e-1a4656ce06d7,416,,,ALL,cassandra-1,True,False,3.95,2026-09-16T13:00:28.506307+00:00,
fcecb323-d229-498f-954e-1a4656ce06d7,monotonic_reads,network_partition,reader-1,read,mr-fcecb323-d229-498f-954e-1a4656ce06d7,,416,ONE,ALL,cassandra-2,True,False,3.81,2026-09-16T13:00:28.515814+00:00,
fcecb323-d229-498f-954e-1a4656ce06d7,monotonic_reads,network_partition,reader-1,read,mr-fcecb323-d229-498f-954e-1a4656ce06d7,,416,ONE,ALL,cassandra-3,True,False,3.494,2026-09-16T13:00:28.531373+00:00,
fcecb323-d229-498f-954e-1a4656ce06d7,monotonic_reads,network_partition,writer-1,write,mr-fcecb323-d229-498f-954e-1a4656ce06d7,417,,,ALL,cassandra-1,True,False,5.936,2026-09-16T13:00:28.533344+00:00,
fcecb323-d229-498f-954e-1a4656ce06d7,monotonic_reads,network_partition,reader-1,read,mr-fcecb323-d229-498f-954e-1a4656ce06d7,,417,ONE,ALL,cassandra-1,True,False,3.983,2026-09-16T13:00:28.547623+00:00,
fcecb323-d229-498f-954e-1a4656ce06d7,monotonic_reads,network_partition,writer-1,write,mr-fcecb323-d229-498f-954e-1a4656ce06d7,418,,,ALL,cassandra-1,True,False,4.948,2026-09-16T13:00:28.560344+00:00,
fcecb323-d229-498f-954e-1a4656ce06d7,monotonic_reads,network_partition,reader-1,read,mr-fcecb323-d229-498f-954e-1a4656ce06d7,,418,ONE,ALL,cassandra-2,True,False,3.383,2026-09-16T13:00:28.562257+00:00,
fcecb323-d229-498f-954e-1a4656ce06d7,monotonic_reads,network_partition,reader-1,read,mr-fcecb323-d229-498f-954e-1a4656ce06d7,,418,ONE,ALL,cassandra-3,True,False,2.766,2026-09-16T13:00:28.575151+00:00,
fcecb323-d229-498f-954e-1a4656ce06d7,monotonic_reads,network_partition,writer-1,write,mr-fcecb323-d229-498f-954e-1a4656ce06d7,419,,,ALL,cassandra-1,True,False,5.106,2026-09-16T13:00:28.586367+00:00,
fcecb323-d229-498f-954e-1a4656ce06d7,monotonic_reads,network_partition,reader-1,read,mr-fcecb323-d229-498f-954e-1a4656ce06d7,,419,ONE,ALL,cassandra-1,True,False,2.822,2026-09-16T13:00:28.588178+00:00,
fcecb323-d229-498f-954e-1a4656ce06d7,monotonic_reads,network_partition,reader-1,read,mr-fcecb323-d229-498f-954e-1a4656ce06d7,,419,ONE,ALL,cassandra-2,True,False,2.792,2026-09-16T13:00:28.602186+00:00,
fcecb323-d229-498f-954e-1a4656ce06d7,monotonic_reads,network_partition,reader-1,read,mr-fcecb323-d229-498f-954e-1a4656ce06d7,,419,ONE,ALL,cassandra-3,True,False,2.923,2026-09-16T13:00:28.615331+00:00,
fcecb323-d229-498f-954e-1a4656ce06d7,monotonic_reads,network_partition,writer-1,write,mr-fcecb323-d229-498f-954e-1a4656ce06d7,420,,,ALL,cassandra-1,True,False,4.723,2026-09-16T13:00:28.616118+00:00,
fcecb323-d229-498f-954e-1a4656ce06d7,monotonic_reads,network_partition,reader-1,read,mr-fcecb323-d229-498f-954e-1a4656ce06d7,,420,ONE,ALL,cassandra-1,True,False,5.348,2026-09-16T13:00:28.632781+00:00,
fcecb323-d229-498f-954e-1a4656ce06d7,monotonic_reads,network_partition,writer-1,write,mr-fcecb323-d229-498f-954e-1a4656ce06d7,421,,,ALL,cassandra-1,True,False,4.388,2026-09-16T13:00:28.645170+00:00,
fcecb323-d229-498f-954e-1a4656ce06d7,monotonic_reads,network_partition,reader-1,read,mr-fcecb323-d229-498f-954e-1a4656ce06d7,,421,ONE,ALL,cassandra-2,True,False,1.903,2026-09-16T13:00:28.646304+00:00,
fcecb323-d229-498f-954e-1a4656ce06d7,monotonic_reads,network_partition,reader-1,read,mr-fcecb323-d229-498f-954e-1a4656ce06d7,,421,ONE,ALL,cassandra-3,True,False,2.725,2026-09-16T13:00:28.659631+00:00,
fcecb323-d229-498f-954e-1a4656ce06d7,monotonic_reads,network_partition,writer-1,write,mr-fcecb323-d229-498f-954e-1a4656ce06d7,422,,,ALL,cassandra-1,True,False,3.448,2026-09-16T13:00:28.670841+00:00,
fcecb323-d229-498f-954e-1a4656ce06d7,monotonic_reads,network_partition,reader-1,read,mr-fcecb323-d229-498f-954e-1a4656ce06d7,,422,ONE,ALL,cassandra-1,True,False,2.594,2026-09-16T13:00:28.674905+00:00,
fcecb323-d229-498f-954e-1a4656ce06d7,monotonic_reads,network_partition,reader-1,read,mr-fcecb323-d229-498f-954e-1a4656ce06d7,,422,ONE,ALL,cassandra-2,True,False,1.588,2026-09-16T13:00:28.686699+00:00,
fcecb323-d229-498f-954e-1a4656ce06d7,monotonic_reads,network_partition,writer-1,write,mr-fcecb323-d229-498f-954e-1a4656ce06d7,423,,,ALL,cassandra-1,True,False,3.263,2026-09-16T13:00:28.696005+00:00,
fcecb323-d229-498f-954e-1a4656ce06d7,monotonic_reads,network_partition,reader-1,read,mr-fcecb323-d229-498f-954e-1a4656ce06d7,,423,ONE,ALL,cassandra-3,True,False,2.237,2026-09-16T13:00:28.701539+00:00,
fcecb323-d229-498f-954e-1a4656ce06d7,monotonic_reads,network_partition,reader-1,read,mr-fcecb323-d229-498f-954e-1a4656ce06d7,,423,ONE,ALL,cassandra-1,True,False,2.184,2026-09-16T13:00:28.714515+00:00,
fcecb323-d229-498f-954e-1a4656ce06d7,monotonic_reads,network_partition,writer-1,write,mr-fcecb323-d229-498f-954e-1a4656ce06d7,424,,,ALL,cassandra-1,True,False,3.772,2026-09-16T13:00:28.724701+00:00,
fcecb323-d229-498f-954e-1a4656ce06d7,monotonic_reads,network_partition,reader-1,read,mr-fcecb323-d229-498f-954e-1a4656ce06d7,,424,ONE,ALL,cassandra-2,True,False,1.486,2026-09-16T13:00:28.727107+00:00,
fcecb323-d229-498f-954e-1a4656ce06d7,monotonic_reads,network_partition,reader-1,read,mr-fcecb323-d229-498f-954e-1a4656ce06d7,,424,ONE,ALL,cassandra-3,True,False,1.915,2026-09-16T13:00:28.741559+00:00,
fcecb323-d229-498f-954e-1a4656ce06d7,monotonic_reads,network_partition,writer-1,write,mr-fcecb323-d229-498f-954e-1a4656ce06d7,425,,,ALL,cassandra-1,True,False,3.742,2026-09-16T13:00:28.748777+00:00,
fcecb323-d229-498f-954e-1a4656ce06d7,monotonic_reads,network_partition,reader-1,read,mr-fcecb323-d229-498f-954e-1a4656ce06d7,,425,ONE,ALL,cassandra-1,True,False,2.982,2026-09-16T13:00:28.754971+00:00,
fcecb323-d229-498f-954e-1a4656ce06d7,monotonic_reads,network_partition,reader-1,read,mr-fcecb323-d229-498f-954e-1a4656ce06d7,,425,ONE,ALL,cassandra-2,True,False,1.011,2026-09-16T13:00:28.766700+00:00,
fcecb323-d229-498f-954e-1a4656ce06d7,monotonic_reads,network_partition,writer-1,write,mr-fcecb323-d229-498f-954e-1a4656ce06d7,426,,,ALL,cassandra-1,True,False,3.68,2026-09-16T13:00:28.776788+00:00,
fcecb323-d229-498f-954e-1a4656ce06d7,monotonic_reads,network_partition,reader-1,read,mr-fcecb323-d229-498f-954e-1a4656ce06d7,,426,ONE,ALL,cassandra-3,True,False,2.103,2026-09-16T13:00:28.779540+00:00,
fcecb323-d229-498f-954e-1a4656ce06d7,monotonic_reads,network_partition,reader-1,read,mr-fcecb323-d229-498f-954e-1a4656ce06d7,,426,ONE,ALL,cassandra-1,True,False,2.072,2026-09-16T13:00:28.794074+00:00,
fcecb323-d229-498f-954e-1a4656ce06d7,monotonic_reads,network_partition,writer-1,write,mr-fcecb323-d229-498f-954e-1a4656ce06d7,427,,,ALL,cassandra-1,True,False,3.887,2026-09-16T13:00:28.805771+00:00,
fcecb323-d229-498f-954e-1a4656ce06d7,monotonic_reads,network_partition,reader-1,read,mr-fcecb323-d229-498f-954e-1a4656ce06d7,,427,ONE,ALL,cassandra-2,True,False,2.183,2026-09-16T13:00:28.807298+00:00,
fcecb323-d229-498f-954e-1a4656ce06d7,monotonic_reads,network_partition,reader-1,read,mr-fcecb323-d229-498f-954e-1a4656ce06d7,,427,ONE,ALL,cassandra-3,True,False,1.512,2026-09-16T13:00:28.821059+00:00,
fcecb323-d229-498f-954e-1a4656ce06d7,monotonic_reads,network_partition,writer-1,write,mr-fcecb323-d229-498f-954e-1a4656ce06d7,428,,,ALL,cassandra-1,True,False,4.485,2026-09-16T13:00:28.834867+00:00,
fcecb323-d229-498f-954e-1a4656ce06d7,monotonic_reads,network_partition,reader-1,read,mr-fcecb323-d229-498f-954e-1a4656ce06d7,,428,ONE,ALL,cassandra-1,True,False,2.672,2026-09-16T13:00:28.835963+00:00,
fcecb323-d229-498f-954e-1a4656ce06d7,monotonic_reads,network_partition,reader-1,read,mr-fcecb323-d229-498f-954e-1a4656ce06d7,,428,ONE,ALL,cassandra-2,True,False,3.095,2026-09-16T13:00:28.851500+00:00,
fcecb323-d229-498f-954e-1a4656ce06d7,monotonic_reads,network_partition,reader-1,read,mr-fcecb323-d229-498f-954e-1a4656ce06d7,,429,ONE,ALL,cassandra-3,True,False,2.019,2026-09-16T13:00:28.864316+00:00,
fcecb323-d229-498f-954e-1a4656ce06d7,monotonic_reads,network_partition,writer-1,write,mr-fcecb323-d229-498f-954e-1a4656ce06d7,429,,,ALL,cassandra-1,True,False,5.361,2026-09-16T13:00:28.864517+00:00,
fcecb323-d229-498f-954e-1a4656ce06d7,monotonic_reads,network_partition,reader-1,read,mr-fcecb323-d229-498f-954e-1a4656ce06d7,,429,ONE,ALL,cassandra-1,True,False,4.511,2026-09-16T13:00:28.879751+00:00,
fcecb323-d229-498f-954e-1a4656ce06d7,monotonic_reads,network_partition,writer-1,write,mr-fcecb323-d229-498f-954e-1a4656ce06d7,430,,,ALL,cassandra-1,True,False,5.029,2026-09-16T13:00:28.891280+00:00,
fcecb323-d229-498f-954e-1a4656ce06d7,monotonic_reads,network_partition,reader-1,read,mr-fcecb323-d229-498f-954e-1a4656ce06d7,,430,ONE,ALL,cassandra-2,True,False,3.294,2026-09-16T13:00:28.893617+00:00,
fcecb323-d229-498f-954e-1a4656ce06d7,monotonic_reads,network_partition,reader-1,read,mr-fcecb323-d229-498f-954e-1a4656ce06d7,,430,ONE,ALL,cassandra-3,True,False,3.623,2026-09-16T13:00:28.909039+00:00,
fcecb323-d229-498f-954e-1a4656ce06d7,monotonic_reads,network_partition,writer-1,write,mr-fcecb323-d229-498f-954e-1a4656ce06d7,431,,,ALL,cassandra-1,True,False,6.372,2026-09-16T13:00:28.920311+00:00,
fcecb323-d229-498f-954e-1a4656ce06d7,monotonic_reads,network_partition,reader-1,read,mr-fcecb323-d229-498f-954e-1a4656ce06d7,,431,ONE,ALL,cassandra-1,True,False,3.356,2026-09-16T13:00:28.923776+00:00,
fcecb323-d229-498f-954e-1a4656ce06d7,monotonic_reads,network_partition,reader-1,read,mr-fcecb323-d229-498f-954e-1a4656ce06d7,,431,ONE,ALL,cassandra-2,True,False,2.778,2026-09-16T13:00:28.937273+00:00,
fcecb323-d229-498f-954e-1a4656ce06d7,monotonic_reads,network_partition,writer-1,write,mr-fcecb323-d229-498f-954e-1a4656ce06d7,432,,,ALL,cassandra-1,True,False,7.303,2026-09-16T13:00:28.950108+00:00,
fcecb323-d229-498f-954e-1a4656ce06d7,monotonic_reads,network_partition,reader-1,read,mr-fcecb323-d229-498f-954e-1a4656ce06d7,,432,ONE,ALL,cassandra-3,True,False,2.618,2026-09-16T13:00:28.952045+00:00,
fcecb323-d229-498f-954e-1a4656ce06d7,monotonic_reads,network_partition,reader-1,read,mr-fcecb323-d229-498f-954e-1a4656ce06d7,,432,ONE,ALL,cassandra-1,True,False,3.143,2026-09-16T13:00:28.965501+00:00,
fcecb323-d229-498f-954e-1a4656ce06d7,monotonic_reads,network_partition,writer-1,write,mr-fcecb323-d229-498f-954e-1a4656ce06d7,433,,,ALL,cassandra-1,True,False,3.574,2026-09-16T13:00:28.977959+00:00,
fcecb323-d229-498f-954e-1a4656ce06d7,monotonic_reads,network_partition,reader-1,read,mr-fcecb323-d229-498f-954e-1a4656ce06d7,,433,ONE,ALL,cassandra-2,True,False,2.078,2026-09-16T13:00:28.979281+00:00,
fcecb323-d229-498f-954e-1a4656ce06d7,monotonic_reads,network_partition,reader-1,read,mr-fcecb323-d229-498f-954e-1a4656ce06d7,,433,ONE,ALL,cassandra-3,True,False,3.723,2026-09-16T13:00:28.993798+00:00,
fcecb323-d229-498f-954e-1a4656ce06d7,monotonic_reads,network_partition,writer-1,write,mr-fcecb323-d229-498f-954e-1a4656ce06d7,434,,,ALL,cassandra-1,True,False,4.985,2026-09-16T13:00:29.005374+00:00,
fcecb323-d229-498f-954e-1a4656ce06d7,monotonic_reads,network_partition,reader-1,read,mr-fcecb323-d229-498f-954e-1a4656ce06d7,,434,ONE,ALL,cassandra-1,True,False,3.719,2026-09-16T13:00:29.008031+00:00,
fcecb323-d229-498f-954e-1a4656ce06d7,monotonic_reads,network_partition,reader-1,read,mr-fcecb323-d229-498f-954e-1a4656ce06d7,,434,ONE,ALL,cassandra-2,True,False,1.781,2026-09-16T13:00:29.021539+00:00,
fcecb323-d229-498f-954e-1a4656ce06d7,monotonic_reads,network_partition,reader-1,read,mr-fcecb323-d229-498f-954e-1a4656ce06d7,,435,ONE,ALL,cassandra-3,True,False,3.724,2026-09-16T13:00:29.035735+00:00,
fcecb323-d229-498f-954e-1a4656ce06d7,monotonic_reads,network_partition,writer-1,write,mr-fcecb323-d229-498f-954e-1a4656ce06d7,435,,,ALL,cassandra-1,True,False,6.704,2026-09-16T13:00:29.036086+00:00,
fcecb323-d229-498f-954e-1a4656ce06d7,monotonic_reads,network_partition,reader-1,read,mr-fcecb323-d229-498f-954e-1a4656ce06d7,,435,ONE,ALL,cassandra-1,True,False,3.512,2026-09-16T13:00:29.050377+00:00,
fcecb323-d229-498f-954e-1a4656ce06d7,monotonic_reads,network_partition,writer-1,write,mr-fcecb323-d229-498f-954e-1a4656ce06d7,436,,,ALL,cassandra-1,True,False,4.155,2026-09-16T13:00:29.060409+00:00,
fcecb323-d229-498f-954e-1a4656ce06d7,monotonic_reads,network_partition,reader-1,read,mr-fcecb323-d229-498f-954e-1a4656ce06d7,,436,ONE,ALL,cassandra-2,True,False,3.05,2026-09-16T13:00:29.064432+00:00,
fcecb323-d229-498f-954e-1a4656ce06d7,monotonic_reads,network_partition,reader-1,read,mr-fcecb323-d229-498f-954e-1a4656ce06d7,,436,ONE,ALL,cassandra-3,True,False,4.464,2026-09-16T13:00:29.081101+00:00,
fcecb323-d229-498f-954e-1a4656ce06d7,monotonic_reads,network_partition,writer-1,write,mr-fcecb323-d229-498f-954e-1a4656ce06d7,437,,,ALL,cassandra-1,True,False,3.596,2026-09-16T13:00:29.086995+00:00,
fcecb323-d229-498f-954e-1a4656ce06d7,monotonic_reads,network_partition,reader-1,read,mr-fcecb323-d229-498f-954e-1a4656ce06d7,,437,ONE,ALL,cassandra-1,True,False,5.74,2026-09-16T13:00:29.099458+00:00,
fcecb323-d229-498f-954e-1a4656ce06d7,monotonic_reads,network_partition,reader-1,read,mr-fcecb323-d229-498f-954e-1a4656ce06d7,,437,ONE,ALL,cassandra-2,True,False,6.03,2026-09-16T13:00:29.116206+00:00,
fcecb323-d229-498f-954e-1a4656ce06d7,monotonic_reads,network_partition,writer-1,write,mr-fcecb323-d229-498f-954e-1a4656ce06d7,438,,,ALL,cassandra-1,True,False,6.362,2026-09-16T13:00:29.118440+00:00,
fcecb323-d229-498f-954e-1a4656ce06d7,monotonic_reads,network_partition,reader-1,read,mr-fcecb323-d229-498f-954e-1a4656ce06d7,,438,ONE,ALL,cassandra-3,True,False,1.824,2026-09-16T13:00:29.130047+00:00,
fcecb323-d229-498f-954e-1a4656ce06d7,monotonic_reads,network_partition,writer-1,write,mr-fcecb323-d229-498f-954e-1a4656ce06d7,439,,,ALL,cassandra-1,True,False,3.885,2026-09-16T13:00:29.144273+00:00,
fcecb323-d229-498f-954e-1a4656ce06d7,monotonic_reads,network_partition,reader-1,read,mr-fcecb323-d229-498f-954e-1a4656ce06d7,,439,ONE,ALL,cassandra-1,True,False,3.192,2026-09-16T13:00:29.145508+00:00,
fcecb323-d229-498f-954e-1a4656ce06d7,monotonic_reads,network_partition,reader-1,read,mr-fcecb323-d229-498f-954e-1a4656ce06d7,,439,ONE,ALL,cassandra-2,True,False,3.672,2026-09-16T13:00:29.160050+00:00,
fcecb323-d229-498f-954e-1a4656ce06d7,monotonic_reads,network_partition,writer-1,write,mr-fcecb323-d229-498f-954e-1a4656ce06d7,440,,,ALL,cassandra-1,True,False,4.388,2026-09-16T13:00:29.172976+00:00,
fcecb323-d229-498f-954e-1a4656ce06d7,monotonic_reads,network_partition,reader-1,read,mr-fcecb323-d229-498f-954e-1a4656ce06d7,,440,ONE,ALL,cassandra-3,True,False,2.777,2026-09-16T13:00:29.174026+00:00,
fcecb323-d229-498f-954e-1a4656ce06d7,monotonic_reads,network_partition,reader-1,read,mr-fcecb323-d229-498f-954e-1a4656ce06d7,,440,ONE,ALL,cassandra-1,True,False,4.103,2026-09-16T13:00:29.189505+00:00,
fcecb323-d229-498f-954e-1a4656ce06d7,monotonic_reads,network_partition,writer-1,write,mr-fcecb323-d229-498f-954e-1a4656ce06d7,441,,,ALL,cassandra-1,True,False,3.912,2026-09-16T13:00:29.201514+00:00,
fcecb323-d229-498f-954e-1a4656ce06d7,monotonic_reads,network_partition,reader-1,read,mr-fcecb323-d229-498f-954e-1a4656ce06d7,,441,ONE,ALL,cassandra-2,True,False,2.906,2026-09-16T13:00:29.204827+00:00,
fcecb323-d229-498f-954e-1a4656ce06d7,monotonic_reads,network_partition,reader-1,read,mr-fcecb323-d229-498f-954e-1a4656ce06d7,,441,ONE,ALL,cassandra-3,True,False,3.451,2026-09-16T13:00:29.219679+00:00,
fcecb323-d229-498f-954e-1a4656ce06d7,monotonic_reads,network_partition,writer-1,write,mr-fcecb323-d229-498f-954e-1a4656ce06d7,442,,,ALL,cassandra-1,True,False,4.665,2026-09-16T13:00:29.228061+00:00,
fcecb323-d229-498f-954e-1a4656ce06d7,monotonic_reads,network_partition,reader-1,read,mr-fcecb323-d229-498f-954e-1a4656ce06d7,,442,ONE,ALL,cassandra-1,True,False,3.191,2026-09-16T13:00:29.233578+00:00,
fcecb323-d229-498f-954e-1a4656ce06d7,monotonic_reads,network_partition,reader-1,read,mr-fcecb323-d229-498f-954e-1a4656ce06d7,,442,ONE,ALL,cassandra-2,True,False,2.914,2026-09-16T13:00:29.246974+00:00,
fcecb323-d229-498f-954e-1a4656ce06d7,monotonic_reads,network_partition,writer-1,write,mr-fcecb323-d229-498f-954e-1a4656ce06d7,443,,,ALL,cassandra-1,True,False,3.919,2026-09-16T13:00:29.256290+00:00,
fcecb323-d229-498f-954e-1a4656ce06d7,monotonic_reads,network_partition,reader-1,read,mr-fcecb323-d229-498f-954e-1a4656ce06d7,,443,ONE,ALL,cassandra-3,True,False,3.14,2026-09-16T13:00:29.260375+00:00,
fcecb323-d229-498f-954e-1a4656ce06d7,monotonic_reads,network_partition,reader-1,read,mr-fcecb323-d229-498f-954e-1a4656ce06d7,,443,ONE,ALL,cassandra-1,True,False,2.719,2026-09-16T13:00:29.274106+00:00,
fcecb323-d229-498f-954e-1a4656ce06d7,monotonic_reads,network_partition,writer-1,write,mr-fcecb323-d229-498f-954e-1a4656ce06d7,444,,,ALL,cassandra-1,True,False,6.386,2026-09-16T13:00:29.284316+00:00,
fcecb323-d229-498f-954e-1a4656ce06d7,monotonic_reads,network_partition,reader-1,read,mr-fcecb323-d229-498f-954e-1a4656ce06d7,,444,ONE,ALL,cassandra-2,True,False,3.126,2026-09-16T13:00:29.288522+00:00,
fcecb323-d229-498f-954e-1a4656ce06d7,monotonic_reads,network_partition,reader-1,read,mr-fcecb323-d229-498f-954e-1a4656ce06d7,,444,ONE,ALL,cassandra-3,True,False,3.677,2026-09-16T13:00:29.304076+00:00,
fcecb323-d229-498f-954e-1a4656ce06d7,monotonic_reads,network_partition,writer-1,write,mr-fcecb323-d229-498f-954e-1a4656ce06d7,445,,,ALL,cassandra-1,True,False,3.735,2026-09-16T13:00:29.313049+00:00,
fcecb323-d229-498f-954e-1a4656ce06d7,monotonic_reads,network_partition,reader-1,read,mr-fcecb323-d229-498f-954e-1a4656ce06d7,,445,ONE,ALL,cassandra-1,True,False,2.789,2026-09-16T13:00:29.318153+00:00,
fcecb323-d229-498f-954e-1a4656ce06d7,monotonic_reads,network_partition,reader-1,read,mr-fcecb323-d229-498f-954e-1a4656ce06d7,,445,ONE,ALL,cassandra-2,True,False,3.976,2026-09-16T13:00:29.333382+00:00,
fcecb323-d229-498f-954e-1a4656ce06d7,monotonic_reads,network_partition,writer-1,write,mr-fcecb323-d229-498f-954e-1a4656ce06d7,446,,,ALL,cassandra-1,True,False,4.922,2026-09-16T13:00:29.338435+00:00,
fcecb323-d229-498f-954e-1a4656ce06d7,monotonic_reads,network_partition,reader-1,read,mr-fcecb323-d229-498f-954e-1a4656ce06d7,,446,ONE,ALL,cassandra-3,True,False,3.098,2026-09-16T13:00:29.347503+00:00,
fcecb323-d229-498f-954e-1a4656ce06d7,monotonic_reads,network_partition,reader-1,read,mr-fcecb323-d229-498f-954e-1a4656ce06d7,,446,ONE,ALL,cassandra-1,True,False,3.274,2026-09-16T13:00:29.361662+00:00,
fcecb323-d229-498f-954e-1a4656ce06d7,monotonic_reads,network_partition,writer-1,write,mr-fcecb323-d229-498f-954e-1a4656ce06d7,447,,,ALL,cassandra-1,True,False,5.936,2026-09-16T13:00:29.368322+00:00,
fcecb323-d229-498f-954e-1a4656ce06d7,monotonic_reads,network_partition,reader-1,read,mr-fcecb323-d229-498f-954e-1a4656ce06d7,,447,ONE,ALL,cassandra-2,True,False,3.092,2026-09-16T13:00:29.376483+00:00,
fcecb323-d229-498f-954e-1a4656ce06d7,monotonic_reads,network_partition,reader-1,read,mr-fcecb323-d229-498f-954e-1a4656ce06d7,,447,ONE,ALL,cassandra-3,True,False,2.918,2026-09-16T13:00:29.392060+00:00,
fcecb323-d229-498f-954e-1a4656ce06d7,monotonic_reads,network_partition,writer-1,write,mr-fcecb323-d229-498f-954e-1a4656ce06d7,448,,,ALL,cassandra-1,True,False,4.484,2026-09-16T13:00:29.394279+00:00,
fcecb323-d229-498f-954e-1a4656ce06d7,monotonic_reads,network_partition,reader-1,read,mr-fcecb323-d229-498f-954e-1a4656ce06d7,,448,ONE,ALL,cassandra-1,True,False,3.532,2026-09-16T13:00:29.406893+00:00,
fcecb323-d229-498f-954e-1a4656ce06d7,monotonic_reads,network_partition,reader-1,read,mr-fcecb323-d229-498f-954e-1a4656ce06d7,,448,ONE,ALL,cassandra-2,True,False,3.453,2026-09-16T13:00:29.421984+00:00,
fcecb323-d229-498f-954e-1a4656ce06d7,monotonic_reads,network_partition,writer-1,write,mr-fcecb323-d229-498f-954e-1a4656ce06d7,449,,,ALL,cassandra-1,True,False,4.007,2026-09-16T13:00:29.422975+00:00,
fcecb323-d229-498f-954e-1a4656ce06d7,monotonic_reads,network_partition,reader-1,read,mr-fcecb323-d229-498f-954e-1a4656ce06d7,,449,ONE,ALL,cassandra-3,True,False,3.395,2026-09-16T13:00:29.436667+00:00,
fcecb323-d229-498f-954e-1a4656ce06d7,monotonic_reads,network_partition,writer-1,write,mr-fcecb323-d229-498f-954e-1a4656ce06d7,450,,,ALL,cassandra-1,True,False,4.374,2026-09-16T13:00:29.449762+00:00,
fcecb323-d229-498f-954e-1a4656ce06d7,monotonic_reads,network_partition,reader-1,read,mr-fcecb323-d229-498f-954e-1a4656ce06d7,,450,ONE,ALL,cassandra-1,True,False,3.255,2026-09-16T13:00:29.453140+00:00,
fcecb323-d229-498f-954e-1a4656ce06d7,monotonic_reads,network_partition,reader-1,read,mr-fcecb323-d229-498f-954e-1a4656ce06d7,,450,ONE,ALL,cassandra-2,True,False,3.891,2026-09-16T13:00:29.467780+00:00,
fcecb323-d229-498f-954e-1a4656ce06d7,monotonic_reads,network_partition,writer-1,write,mr-fcecb323-d229-498f-954e-1a4656ce06d7,451,,,ALL,cassandra-1,True,False,3.64,2026-09-16T13:00:29.476959+00:00,
fcecb323-d229-498f-954e-1a4656ce06d7,monotonic_reads,network_partition,reader-1,read,mr-fcecb323-d229-498f-954e-1a4656ce06d7,,451,ONE,ALL,cassandra-3,True,False,4.229,2026-09-16T13:00:29.483629+00:00,
fcecb323-d229-498f-954e-1a4656ce06d7,monotonic_reads,network_partition,reader-1,read,mr-fcecb323-d229-498f-954e-1a4656ce06d7,,451,ONE,ALL,cassandra-1,True,False,3.588,2026-09-16T13:00:29.498976+00:00,
fcecb323-d229-498f-954e-1a4656ce06d7,monotonic_reads,network_partition,writer-1,write,mr-fcecb323-d229-498f-954e-1a4656ce06d7,452,,,ALL,cassandra-1,True,False,3.467,2026-09-16T13:00:29.502967+00:00,
fcecb323-d229-498f-954e-1a4656ce06d7,monotonic_reads,network_partition,reader-1,read,mr-fcecb323-d229-498f-954e-1a4656ce06d7,,452,ONE,ALL,cassandra-2,True,False,3.005,2026-09-16T13:00:29.512381+00:00,
fcecb323-d229-498f-954e-1a4656ce06d7,monotonic_reads,network_partition,reader-1,read,mr-fcecb323-d229-498f-954e-1a4656ce06d7,,452,ONE,ALL,cassandra-3,True,False,2.483,2026-09-16T13:00:29.526289+00:00,
fcecb323-d229-498f-954e-1a4656ce06d7,monotonic_reads,network_partition,writer-1,write,mr-fcecb323-d229-498f-954e-1a4656ce06d7,453,,,ALL,cassandra-1,True,False,4.496,2026-09-16T13:00:29.527877+00:00,
fcecb323-d229-498f-954e-1a4656ce06d7,monotonic_reads,network_partition,reader-1,read,mr-fcecb323-d229-498f-954e-1a4656ce06d7,,453,ONE,ALL,cassandra-1,True,False,4.286,2026-09-16T13:00:29.542209+00:00,
fcecb323-d229-498f-954e-1a4656ce06d7,monotonic_reads,network_partition,writer-1,write,mr-fcecb323-d229-498f-954e-1a4656ce06d7,454,,,ALL,cassandra-1,True,False,3.028,2026-09-16T13:00:29.555044+00:00,
fcecb323-d229-498f-954e-1a4656ce06d7,monotonic_reads,network_partition,reader-1,read,mr-fcecb323-d229-498f-954e-1a4656ce06d7,,454,ONE,ALL,cassandra-2,True,False,3.293,2026-09-16T13:00:29.557500+00:00,
fcecb323-d229-498f-954e-1a4656ce06d7,monotonic_reads,network_partition,reader-1,read,mr-fcecb323-d229-498f-954e-1a4656ce06d7,,454,ONE,ALL,cassandra-3,True,False,2.191,2026-09-16T13:00:29.571559+00:00,
fcecb323-d229-498f-954e-1a4656ce06d7,monotonic_reads,network_partition,writer-1,write,mr-fcecb323-d229-498f-954e-1a4656ce06d7,455,,,ALL,cassandra-1,True,False,5.897,2026-09-16T13:00:29.581293+00:00,
fcecb323-d229-498f-954e-1a4656ce06d7,monotonic_reads,network_partition,reader-1,read,mr-fcecb323-d229-498f-954e-1a4656ce06d7,,455,ONE,ALL,cassandra-1,True,False,3.306,2026-09-16T13:00:29.586697+00:00,
fcecb323-d229-498f-954e-1a4656ce06d7,monotonic_reads,network_partition,reader-1,read,mr-fcecb323-d229-498f-954e-1a4656ce06d7,,455,ONE,ALL,cassandra-2,True,False,3.411,2026-09-16T13:00:29.601788+00:00,
fcecb323-d229-498f-954e-1a4656ce06d7,monotonic_reads,network_partition,writer-1,write,mr-fcecb323-d229-498f-954e-1a4656ce06d7,456,,,ALL,cassandra-1,True,False,4.199,2026-09-16T13:00:29.606303+00:00,
fcecb323-d229-498f-954e-1a4656ce06d7,monotonic_reads,network_partition,reader-1,read,mr-fcecb323-d229-498f-954e-1a4656ce06d7,,456,ONE,ALL,cassandra-3,True,False,3.427,2026-09-16T13:00:29.617541+00:00,
fcecb323-d229-498f-954e-1a4656ce06d7,monotonic_reads,network_partition,reader-1,read,mr-fcecb323-d229-498f-954e-1a4656ce06d7,,456,ONE,ALL,cassandra-1,True,False,2.228,2026-09-16T13:00:29.632800+00:00,
fcecb323-d229-498f-954e-1a4656ce06d7,monotonic_reads,network_partition,writer-1,write,mr-fcecb323-d229-498f-954e-1a4656ce06d7,457,,,ALL,cassandra-1,True,False,3.36,2026-09-16T13:00:29.633670+00:00,
fcecb323-d229-498f-954e-1a4656ce06d7,monotonic_reads,network_partition,reader-1,read,mr-fcecb323-d229-498f-954e-1a4656ce06d7,,457,ONE,ALL,cassandra-2,True,False,2.128,2026-09-16T13:00:29.645500+00:00,
fcecb323-d229-498f-954e-1a4656ce06d7,monotonic_reads,network_partition,reader-1,read,mr-fcecb323-d229-498f-954e-1a4656ce06d7,,457,ONE,ALL,cassandra-3,True,False,1.545,2026-09-16T13:00:29.659643+00:00,
fcecb323-d229-498f-954e-1a4656ce06d7,monotonic_reads,network_partition,writer-1,write,mr-fcecb323-d229-498f-954e-1a4656ce06d7,458,,,ALL,cassandra-1,True,False,3.734,2026-09-16T13:00:29.660815+00:00,
fcecb323-d229-498f-954e-1a4656ce06d7,monotonic_reads,network_partition,reader-1,read,mr-fcecb323-d229-498f-954e-1a4656ce06d7,,458,ONE,ALL,cassandra-1,True,False,2.248,2026-09-16T13:00:29.674494+00:00,
fcecb323-d229-498f-954e-1a4656ce06d7,monotonic_reads,network_partition,writer-1,write,mr-fcecb323-d229-498f-954e-1a4656ce06d7,459,,,ALL,cassandra-1,True,False,2.826,2026-09-16T13:00:29.684224+00:00,
fcecb323-d229-498f-954e-1a4656ce06d7,monotonic_reads,network_partition,reader-1,read,mr-fcecb323-d229-498f-954e-1a4656ce06d7,,459,ONE,ALL,cassandra-2,True,False,3.58,2026-09-16T13:00:29.690640+00:00,
fcecb323-d229-498f-954e-1a4656ce06d7,monotonic_reads,network_partition,reader-1,read,mr-fcecb323-d229-498f-954e-1a4656ce06d7,,459,ONE,ALL,cassandra-3,True,False,2.131,2026-09-16T13:00:29.705424+00:00,
fcecb323-d229-498f-954e-1a4656ce06d7,monotonic_reads,network_partition,writer-1,write,mr-fcecb323-d229-498f-954e-1a4656ce06d7,460,,,ALL,cassandra-1,True,False,3.567,2026-09-16T13:00:29.712957+00:00,
fcecb323-d229-498f-954e-1a4656ce06d7,monotonic_reads,network_partition,reader-1,read,mr-fcecb323-d229-498f-954e-1a4656ce06d7,,460,ONE,ALL,cassandra-1,True,False,2.689,2026-09-16T13:00:29.720375+00:00,
fcecb323-d229-498f-954e-1a4656ce06d7,monotonic_reads,network_partition,reader-1,read,mr-fcecb323-d229-498f-954e-1a4656ce06d7,,460,ONE,ALL,cassandra-2,True,False,2.801,2026-09-16T13:00:29.734197+00:00,
fcecb323-d229-498f-954e-1a4656ce06d7,monotonic_reads,network_partition,writer-1,write,mr-fcecb323-d229-498f-954e-1a4656ce06d7,461,,,ALL,cassandra-1,True,False,4.899,2026-09-16T13:00:29.738116+00:00,
fcecb323-d229-498f-954e-1a4656ce06d7,monotonic_reads,network_partition,reader-1,read,mr-fcecb323-d229-498f-954e-1a4656ce06d7,,461,ONE,ALL,cassandra-3,True,False,2.685,2026-09-16T13:00:29.748233+00:00,
fcecb323-d229-498f-954e-1a4656ce06d7,monotonic_reads,network_partition,reader-1,read,mr-fcecb323-d229-498f-954e-1a4656ce06d7,,461,ONE,ALL,cassandra-1,True,False,3.369,2026-09-16T13:00:29.764073+00:00,
fcecb323-d229-498f-954e-1a4656ce06d7,monotonic_reads,network_partition,writer-1,write,mr-fcecb323-d229-498f-954e-1a4656ce06d7,462,,,ALL,cassandra-1,True,False,3.211,2026-09-16T13:00:29.764944+00:00,
fcecb323-d229-498f-954e-1a4656ce06d7,monotonic_reads,network_partition,reader-1,read,mr-fcecb323-d229-498f-954e-1a4656ce06d7,,462,ONE,ALL,cassandra-2,True,False,3.532,2026-09-16T13:00:29.779942+00:00,
fcecb323-d229-498f-954e-1a4656ce06d7,monotonic_reads,network_partition,writer-1,write,mr-fcecb323-d229-498f-954e-1a4656ce06d7,463,,,ALL,cassandra-1,True,False,5.979,2026-09-16T13:00:29.792355+00:00,
fcecb323-d229-498f-954e-1a4656ce06d7,monotonic_reads,network_partition,reader-1,read,mr-fcecb323-d229-498f-954e-1a4656ce06d7,,463,ONE,ALL,cassandra-3,True,False,2.852,2026-09-16T13:00:29.793117+00:00,
fcecb323-d229-498f-954e-1a4656ce06d7,monotonic_reads,network_partition,reader-1,read,mr-fcecb323-d229-498f-954e-1a4656ce06d7,,463,ONE,ALL,cassandra-1,True,False,2.034,2026-09-16T13:00:29.806388+00:00,
fcecb323-d229-498f-954e-1a4656ce06d7,monotonic_reads,network_partition,writer-1,write,mr-fcecb323-d229-498f-954e-1a4656ce06d7,464,,,ALL,cassandra-1,True,False,4.88,2026-09-16T13:00:29.820266+00:00,
fcecb323-d229-498f-954e-1a4656ce06d7,monotonic_reads,network_partition,reader-1,read,mr-fcecb323-d229-498f-954e-1a4656ce06d7,,464,ONE,ALL,cassandra-2,True,False,3.244,2026-09-16T13:00:29.821826+00:00,
fcecb323-d229-498f-954e-1a4656ce06d7,monotonic_reads,network_partition,reader-1,read,mr-fcecb323-d229-498f-954e-1a4656ce06d7,,464,ONE,ALL,cassandra-3,True,False,2.466,2026-09-16T13:00:29.834785+00:00,
fcecb323-d229-498f-954e-1a4656ce06d7,monotonic_reads,network_partition,writer-1,write,mr-fcecb323-d229-498f-954e-1a4656ce06d7,465,,,ALL,cassandra-1,True,False,4.603,2026-09-16T13:00:29.845980+00:00,
fcecb323-d229-498f-954e-1a4656ce06d7,monotonic_reads,network_partition,reader-1,read,mr-fcecb323-d229-498f-954e-1a4656ce06d7,,465,ONE,ALL,cassandra-1,True,False,4.483,2026-09-16T13:00:29.851853+00:00,
fcecb323-d229-498f-954e-1a4656ce06d7,monotonic_reads,network_partition,reader-1,read,mr-fcecb323-d229-498f-954e-1a4656ce06d7,,465,ONE,ALL,cassandra-2,True,False,2.713,2026-09-16T13:00:29.865556+00:00,
fcecb323-d229-498f-954e-1a4656ce06d7,monotonic_reads,network_partition,writer-1,write,mr-fcecb323-d229-498f-954e-1a4656ce06d7,466,,,ALL,cassandra-1,True,False,4.186,2026-09-16T13:00:29.874555+00:00,
fcecb323-d229-498f-954e-1a4656ce06d7,monotonic_reads,network_partition,reader-1,read,mr-fcecb323-d229-498f-954e-1a4656ce06d7,,466,ONE,ALL,cassandra-3,True,False,3.0,2026-09-16T13:00:29.879386+00:00,
fcecb323-d229-498f-954e-1a4656ce06d7,monotonic_reads,network_partition,reader-1,read,mr-fcecb323-d229-498f-954e-1a4656ce06d7,,466,ONE,ALL,cassandra-1,True,False,4.507,2026-09-16T13:00:29.894701+00:00,
fcecb323-d229-498f-954e-1a4656ce06d7,monotonic_reads,network_partition,writer-1,write,mr-fcecb323-d229-498f-954e-1a4656ce06d7,467,,,ALL,cassandra-1,True,False,4.045,2026-09-16T13:00:29.900433+00:00,
fcecb323-d229-498f-954e-1a4656ce06d7,monotonic_reads,network_partition,reader-1,read,mr-fcecb323-d229-498f-954e-1a4656ce06d7,,467,ONE,ALL,cassandra-2,True,False,5.415,2026-09-16T13:00:29.911816+00:00,
fcecb323-d229-498f-954e-1a4656ce06d7,monotonic_reads,network_partition,reader-1,read,mr-fcecb323-d229-498f-954e-1a4656ce06d7,,467,ONE,ALL,cassandra-3,True,False,3.62,2026-09-16T13:00:29.927669+00:00,
fcecb323-d229-498f-954e-1a4656ce06d7,monotonic_reads,network_partition,writer-1,write,mr-fcecb323-d229-498f-954e-1a4656ce06d7,468,,,ALL,cassandra-1,True,False,5.728,2026-09-16T13:00:29.929123+00:00,
fcecb323-d229-498f-954e-1a4656ce06d7,monotonic_reads,network_partition,reader-1,read,mr-fcecb323-d229-498f-954e-1a4656ce06d7,,468,ONE,ALL,cassandra-1,True,False,5.24,2026-09-16T13:00:29.943681+00:00,
fcecb323-d229-498f-954e-1a4656ce06d7,monotonic_reads,network_partition,writer-1,write,mr-fcecb323-d229-498f-954e-1a4656ce06d7,469,,,ALL,cassandra-1,True,False,3.749,2026-09-16T13:00:29.953129+00:00,
fcecb323-d229-498f-954e-1a4656ce06d7,monotonic_reads,network_partition,reader-1,read,mr-fcecb323-d229-498f-954e-1a4656ce06d7,,469,ONE,ALL,cassandra-2,True,False,4.441,2026-09-16T13:00:29.959833+00:00,
fcecb323-d229-498f-954e-1a4656ce06d7,monotonic_reads,network_partition,reader-1,read,mr-fcecb323-d229-498f-954e-1a4656ce06d7,,469,ONE,ALL,cassandra-3,True,False,1.614,2026-09-16T13:00:29.973601+00:00,
fcecb323-d229-498f-954e-1a4656ce06d7,monotonic_reads,network_partition,writer-1,write,mr-fcecb323-d229-498f-954e-1a4656ce06d7,470,,,ALL,cassandra-1,True,False,3.53,2026-09-16T13:00:29.977932+00:00,
fcecb323-d229-498f-954e-1a4656ce06d7,monotonic_reads,network_partition,reader-1,read,mr-fcecb323-d229-498f-954e-1a4656ce06d7,,470,ONE,ALL,cassandra-1,True,False,4.306,2026-09-16T13:00:29.989551+00:00,
fcecb323-d229-498f-954e-1a4656ce06d7,monotonic_reads,network_partition,writer-1,write,mr-fcecb323-d229-498f-954e-1a4656ce06d7,471,,,ALL,cassandra-1,True,False,4.494,2026-09-16T13:00:30.003321+00:00,
fcecb323-d229-498f-954e-1a4656ce06d7,monotonic_reads,network_partition,reader-1,read,mr-fcecb323-d229-498f-954e-1a4656ce06d7,,471,ONE,ALL,cassandra-2,True,False,3.779,2026-09-16T13:00:30.005736+00:00,
fcecb323-d229-498f-954e-1a4656ce06d7,monotonic_reads,network_partition,reader-1,read,mr-fcecb323-d229-498f-954e-1a4656ce06d7,,471,ONE,ALL,cassandra-3,True,False,3.047,2026-09-16T13:00:30.020434+00:00,
fcecb323-d229-498f-954e-1a4656ce06d7,monotonic_reads,network_partition,writer-1,write,mr-fcecb323-d229-498f-954e-1a4656ce06d7,472,,,ALL,cassandra-1,True,False,4.281,2026-09-16T13:00:30.028664+00:00,
fcecb323-d229-498f-954e-1a4656ce06d7,monotonic_reads,network_partition,reader-1,read,mr-fcecb323-d229-498f-954e-1a4656ce06d7,,472,ONE,ALL,cassandra-1,True,False,5.439,2026-09-16T13:00:30.036801+00:00,
fcecb323-d229-498f-954e-1a4656ce06d7,monotonic_reads,network_partition,reader-1,read,mr-fcecb323-d229-498f-954e-1a4656ce06d7,,472,ONE,ALL,cassandra-2,True,False,3.915,2026-09-16T13:00:30.052549+00:00,
fcecb323-d229-498f-954e-1a4656ce06d7,monotonic_reads,network_partition,writer-1,write,mr-fcecb323-d229-498f-954e-1a4656ce06d7,473,,,ALL,cassandra-1,True,False,3.699,2026-09-16T13:00:30.057290+00:00,
fcecb323-d229-498f-954e-1a4656ce06d7,monotonic_reads,network_partition,reader-1,read,mr-fcecb323-d229-498f-954e-1a4656ce06d7,,473,ONE,ALL,cassandra-3,True,False,2.86,2026-09-16T13:00:30.067246+00:00,
fcecb323-d229-498f-954e-1a4656ce06d7,monotonic_reads,network_partition,reader-1,read,mr-fcecb323-d229-498f-954e-1a4656ce06d7,,473,ONE,ALL,cassandra-1,True,False,5.071,2026-09-16T13:00:30.085001+00:00,
fcecb323-d229-498f-954e-1a4656ce06d7,monotonic_reads,network_partition,writer-1,write,mr-fcecb323-d229-498f-954e-1a4656ce06d7,474,,,ALL,cassandra-1,True,False,5.375,2026-09-16T13:00:30.086059+00:00,
fcecb323-d229-498f-954e-1a4656ce06d7,monotonic_reads,network_partition,reader-1,read,mr-fcecb323-d229-498f-954e-1a4656ce06d7,,474,ONE,ALL,cassandra-2,True,False,3.269,2026-09-16T13:00:30.100093+00:00,
fcecb323-d229-498f-954e-1a4656ce06d7,monotonic_reads,network_partition,reader-1,read,mr-fcecb323-d229-498f-954e-1a4656ce06d7,,475,ONE,ALL,cassandra-3,True,False,3.241,2026-09-16T13:00:30.115911+00:00,
fcecb323-d229-498f-954e-1a4656ce06d7,monotonic_reads,network_partition,writer-1,write,mr-fcecb323-d229-498f-954e-1a4656ce06d7,475,,,ALL,cassandra-1,True,False,5.566,2026-09-16T13:00:30.116258+00:00,
fcecb323-d229-498f-954e-1a4656ce06d7,monotonic_reads,network_partition,reader-1,read,mr-fcecb323-d229-498f-954e-1a4656ce06d7,,475,ONE,ALL,cassandra-1,True,False,3.917,2026-09-16T13:00:30.130922+00:00,
fcecb323-d229-498f-954e-1a4656ce06d7,monotonic_reads,network_partition,writer-1,write,mr-fcecb323-d229-498f-954e-1a4656ce06d7,476,,,ALL,cassandra-1,True,False,2.22,2026-09-16T13:00:30.142724+00:00,
fcecb323-d229-498f-954e-1a4656ce06d7,monotonic_reads,network_partition,reader-1,read,mr-fcecb323-d229-498f-954e-1a4656ce06d7,,476,ONE,ALL,cassandra-2,True,False,4.206,2026-09-16T13:00:30.147780+00:00,
fcecb323-d229-498f-954e-1a4656ce06d7,monotonic_reads,network_partition,reader-1,read,mr-fcecb323-d229-498f-954e-1a4656ce06d7,,476,ONE,ALL,cassandra-3,True,False,2.877,2026-09-16T13:00:30.162255+00:00,
fcecb323-d229-498f-954e-1a4656ce06d7,monotonic_reads,network_partition,writer-1,write,mr-fcecb323-d229-498f-954e-1a4656ce06d7,477,,,ALL,cassandra-1,True,False,5.576,2026-09-16T13:00:30.169353+00:00,
fcecb323-d229-498f-954e-1a4656ce06d7,monotonic_reads,network_partition,reader-1,read,mr-fcecb323-d229-498f-954e-1a4656ce06d7,,477,ONE,ALL,cassandra-1,True,False,3.386,2026-09-16T13:00:30.177761+00:00,
fcecb323-d229-498f-954e-1a4656ce06d7,monotonic_reads,network_partition,reader-1,read,mr-fcecb323-d229-498f-954e-1a4656ce06d7,,477,ONE,ALL,cassandra-2,True,False,3.921,2026-09-16T13:00:30.193252+00:00,
fcecb323-d229-498f-954e-1a4656ce06d7,monotonic_reads,network_partition,writer-1,write,mr-fcecb323-d229-498f-954e-1a4656ce06d7,478,,,ALL,cassandra-1,True,False,5.274,2026-09-16T13:00:30.199677+00:00,
fcecb323-d229-498f-954e-1a4656ce06d7,monotonic_reads,network_partition,reader-1,read,mr-fcecb323-d229-498f-954e-1a4656ce06d7,,478,ONE,ALL,cassandra-3,True,False,3.981,2026-09-16T13:00:30.209361+00:00,
fcecb323-d229-498f-954e-1a4656ce06d7,monotonic_reads,network_partition,reader-1,read,mr-fcecb323-d229-498f-954e-1a4656ce06d7,,478,ONE,ALL,cassandra-1,True,False,4.507,2026-09-16T13:00:30.225910+00:00,
fcecb323-d229-498f-954e-1a4656ce06d7,monotonic_reads,network_partition,writer-1,write,mr-fcecb323-d229-498f-954e-1a4656ce06d7,479,,,ALL,cassandra-1,True,False,4.236,2026-09-16T13:00:30.226201+00:00,
fcecb323-d229-498f-954e-1a4656ce06d7,monotonic_reads,network_partition,reader-1,read,mr-fcecb323-d229-498f-954e-1a4656ce06d7,,479,ONE,ALL,cassandra-2,True,False,2.839,2026-09-16T13:00:30.240225+00:00,
fcecb323-d229-498f-954e-1a4656ce06d7,monotonic_reads,network_partition,writer-1,write,mr-fcecb323-d229-498f-954e-1a4656ce06d7,480,,,ALL,cassandra-1,True,False,4.018,2026-09-16T13:00:30.252377+00:00,
fcecb323-d229-498f-954e-1a4656ce06d7,monotonic_reads,network_partition,reader-1,read,mr-fcecb323-d229-498f-954e-1a4656ce06d7,,480,ONE,ALL,cassandra-3,True,False,2.487,2026-09-16T13:00:30.254964+00:00,
fcecb323-d229-498f-954e-1a4656ce06d7,monotonic_reads,network_partition,reader-1,read,mr-fcecb323-d229-498f-954e-1a4656ce06d7,,480,ONE,ALL,cassandra-1,True,False,3.08,2026-09-16T13:00:30.269459+00:00,
fcecb323-d229-498f-954e-1a4656ce06d7,monotonic_reads,network_partition,writer-1,write,mr-fcecb323-d229-498f-954e-1a4656ce06d7,481,,,ALL,cassandra-1,True,False,4.962,2026-09-16T13:00:30.282351+00:00,
fcecb323-d229-498f-954e-1a4656ce06d7,monotonic_reads,network_partition,reader-1,read,mr-fcecb323-d229-498f-954e-1a4656ce06d7,,481,ONE,ALL,cassandra-2,True,False,3.835,2026-09-16T13:00:30.283709+00:00,
fcecb323-d229-498f-954e-1a4656ce06d7,monotonic_reads,network_partition,reader-1,read,mr-fcecb323-d229-498f-954e-1a4656ce06d7,,481,ONE,ALL,cassandra-3,True,False,4.559,2026-09-16T13:00:30.299968+00:00,
fcecb323-d229-498f-954e-1a4656ce06d7,monotonic_reads,network_partition,writer-1,write,mr-fcecb323-d229-498f-954e-1a4656ce06d7,482,,,ALL,cassandra-1,True,False,4.676,2026-09-16T13:00:30.310041+00:00,
fcecb323-d229-498f-954e-1a4656ce06d7,monotonic_reads,network_partition,reader-1,read,mr-fcecb323-d229-498f-954e-1a4656ce06d7,,482,ONE,ALL,cassandra-1,True,False,3.152,2026-09-16T13:00:30.313409+00:00,
fcecb323-d229-498f-954e-1a4656ce06d7,monotonic_reads,network_partition,reader-1,read,mr-fcecb323-d229-498f-954e-1a4656ce06d7,,482,ONE,ALL,cassandra-2,True,False,3.137,2026-09-16T13:00:30.327523+00:00,
fcecb323-d229-498f-954e-1a4656ce06d7,monotonic_reads,network_partition,writer-1,write,mr-fcecb323-d229-498f-954e-1a4656ce06d7,483,,,ALL,cassandra-1,True,False,5.608,2026-09-16T13:00:30.336991+00:00,
fcecb323-d229-498f-954e-1a4656ce06d7,monotonic_reads,network_partition,reader-1,read,mr-fcecb323-d229-498f-954e-1a4656ce06d7,,483,ONE,ALL,cassandra-3,True,False,2.311,2026-09-16T13:00:30.340696+00:00,
fcecb323-d229-498f-954e-1a4656ce06d7,monotonic_reads,network_partition,reader-1,read,mr-fcecb323-d229-498f-954e-1a4656ce06d7,,483,ONE,ALL,cassandra-1,True,False,2.602,2026-09-16T13:00:30.354971+00:00,
fcecb323-d229-498f-954e-1a4656ce06d7,monotonic_reads,network_partition,writer-1,write,mr-fcecb323-d229-498f-954e-1a4656ce06d7,484,,,ALL,cassandra-1,True,False,3.439,2026-09-16T13:00:30.360801+00:00,
fcecb323-d229-498f-954e-1a4656ce06d7,monotonic_reads,network_partition,reader-1,read,mr-fcecb323-d229-498f-954e-1a4656ce06d7,,484,ONE,ALL,cassandra-2,True,False,3.888,2026-09-16T13:00:30.369250+00:00,
fcecb323-d229-498f-954e-1a4656ce06d7,monotonic_reads,network_partition,reader-1,read,mr-fcecb323-d229-498f-954e-1a4656ce06d7,,484,ONE,ALL,cassandra-3,True,False,2.952,2026-09-16T13:00:30.383337+00:00,
fcecb323-d229-498f-954e-1a4656ce06d7,monotonic_reads,network_partition,writer-1,write,mr-fcecb323-d229-498f-954e-1a4656ce06d7,485,,,ALL,cassandra-1,True,False,3.502,2026-09-16T13:00:30.388808+00:00,
fcecb323-d229-498f-954e-1a4656ce06d7,monotonic_reads,network_partition,reader-1,read,mr-fcecb323-d229-498f-954e-1a4656ce06d7,,485,ONE,ALL,cassandra-1,True,False,3.418,2026-09-16T13:00:30.397776+00:00,
fcecb323-d229-498f-954e-1a4656ce06d7,monotonic_reads,network_partition,reader-1,read,mr-fcecb323-d229-498f-954e-1a4656ce06d7,,485,ONE,ALL,cassandra-2,True,False,4.838,2026-09-16T13:00:30.415072+00:00,
fcecb323-d229-498f-954e-1a4656ce06d7,monotonic_reads,network_partition,writer-1,write,mr-fcecb323-d229-498f-954e-1a4656ce06d7,486,,,ALL,cassandra-1,True,False,6.028,2026-09-16T13:00:30.419115+00:00,
fcecb323-d229-498f-954e-1a4656ce06d7,monotonic_reads,network_partition,reader-1,read,mr-fcecb323-d229-498f-954e-1a4656ce06d7,,486,ONE,ALL,cassandra-3,True,False,3.258,2026-09-16T13:00:30.428639+00:00,
fcecb323-d229-498f-954e-1a4656ce06d7,monotonic_reads,network_partition,reader-1,read,mr-fcecb323-d229-498f-954e-1a4656ce06d7,,486,ONE,ALL,cassandra-1,True,False,3.994,2026-09-16T13:00:30.445320+00:00,
fcecb323-d229-498f-954e-1a4656ce06d7,monotonic_reads,network_partition,writer-1,write,mr-fcecb323-d229-498f-954e-1a4656ce06d7,487,,,ALL,cassandra-1,True,False,4.214,2026-09-16T13:00:30.448239+00:00,
fcecb323-d229-498f-954e-1a4656ce06d7,monotonic_reads,network_partition,reader-1,read,mr-fcecb323-d229-498f-954e-1a4656ce06d7,,487,ONE,ALL,cassandra-2,True,False,4.24,2026-09-16T13:00:30.460629+00:00,
fcecb323-d229-498f-954e-1a4656ce06d7,monotonic_reads,network_partition,writer-1,write,mr-fcecb323-d229-498f-954e-1a4656ce06d7,488,,,ALL,cassandra-1,True,False,3.706,2026-09-16T13:00:30.472925+00:00,
fcecb323-d229-498f-954e-1a4656ce06d7,monotonic_reads,network_partition,reader-1,read,mr-fcecb323-d229-498f-954e-1a4656ce06d7,,488,ONE,ALL,cassandra-3,True,False,1.92,2026-09-16T13:00:30.474306+00:00,
fcecb323-d229-498f-954e-1a4656ce06d7,monotonic_reads,network_partition,reader-1,read,mr-fcecb323-d229-498f-954e-1a4656ce06d7,,488,ONE,ALL,cassandra-1,True,False,4.1,2026-09-16T13:00:30.489483+00:00,
fcecb323-d229-498f-954e-1a4656ce06d7,monotonic_reads,network_partition,writer-1,write,mr-fcecb323-d229-498f-954e-1a4656ce06d7,489,,,ALL,cassandra-1,True,False,4.854,2026-09-16T13:00:30.502094+00:00,
fcecb323-d229-498f-954e-1a4656ce06d7,monotonic_reads,network_partition,reader-1,read,mr-fcecb323-d229-498f-954e-1a4656ce06d7,,489,ONE,ALL,cassandra-2,True,False,3.29,2026-09-16T13:00:30.503995+00:00,
fcecb323-d229-498f-954e-1a4656ce06d7,monotonic_reads,network_partition,reader-1,read,mr-fcecb323-d229-498f-954e-1a4656ce06d7,,489,ONE,ALL,cassandra-3,True,False,3.453,2026-09-16T13:00:30.517835+00:00,
fcecb323-d229-498f-954e-1a4656ce06d7,monotonic_reads,network_partition,reader-1,read,mr-fcecb323-d229-498f-954e-1a4656ce06d7,,490,ONE,ALL,cassandra-1,True,False,3.857,2026-09-16T13:00:30.533159+00:00,
fcecb323-d229-498f-954e-1a4656ce06d7,monotonic_reads,network_partition,writer-1,write,mr-fcecb323-d229-498f-954e-1a4656ce06d7,490,,,ALL,cassandra-1,True,False,6.428,2026-09-16T13:00:30.533474+00:00,
fcecb323-d229-498f-954e-1a4656ce06d7,monotonic_reads,network_partition,reader-1,read,mr-fcecb323-d229-498f-954e-1a4656ce06d7,,490,ONE,ALL,cassandra-2,True,False,3.92,2026-09-16T13:00:30.549981+00:00,
fcecb323-d229-498f-954e-1a4656ce06d7,monotonic_reads,network_partition,writer-1,write,mr-fcecb323-d229-498f-954e-1a4656ce06d7,491,,,ALL,cassandra-1,True,False,5.538,2026-09-16T13:00:30.562419+00:00,
fcecb323-d229-498f-954e-1a4656ce06d7,monotonic_reads,network_partition,reader-1,read,mr-fcecb323-d229-498f-954e-1a4656ce06d7,,491,ONE,ALL,cassandra-3,True,False,3.209,2026-09-16T13:00:30.564553+00:00,
fcecb323-d229-498f-954e-1a4656ce06d7,monotonic_reads,network_partition,reader-1,read,mr-fcecb323-d229-498f-954e-1a4656ce06d7,,491,ONE,ALL,cassandra-1,True,False,3.926,2026-09-16T13:00:30.578656+00:00,
fcecb323-d229-498f-954e-1a4656ce06d7,monotonic_reads,network_partition,writer-1,write,mr-fcecb323-d229-498f-954e-1a4656ce06d7,492,,,ALL,cassandra-1,True,False,4.888,2026-09-16T13:00:30.592262+00:00,
fcecb323-d229-498f-954e-1a4656ce06d7,monotonic_reads,network_partition,reader-1,read,mr-fcecb323-d229-498f-954e-1a4656ce06d7,,492,ONE,ALL,cassandra-2,True,False,3.342,2026-09-16T13:00:30.594623+00:00,
fcecb323-d229-498f-954e-1a4656ce06d7,monotonic_reads,network_partition,reader-1,read,mr-fcecb323-d229-498f-954e-1a4656ce06d7,,492,ONE,ALL,cassandra-3,True,False,3.647,2026-09-16T13:00:30.610047+00:00,
fcecb323-d229-498f-954e-1a4656ce06d7,monotonic_reads,network_partition,writer-1,write,mr-fcecb323-d229-498f-954e-1a4656ce06d7,493,,,ALL,cassandra-1,True,False,6.334,2026-09-16T13:00:30.623244+00:00,
fcecb323-d229-498f-954e-1a4656ce06d7,monotonic_reads,network_partition,reader-1,read,mr-fcecb323-d229-498f-954e-1a4656ce06d7,,493,ONE,ALL,cassandra-1,True,False,3.853,2026-09-16T13:00:30.626123+00:00,
fcecb323-d229-498f-954e-1a4656ce06d7,monotonic_reads,network_partition,reader-1,read,mr-fcecb323-d229-498f-954e-1a4656ce06d7,,493,ONE,ALL,cassandra-2,True,False,2.959,2026-09-16T13:00:30.640966+00:00,
fcecb323-d229-498f-954e-1a4656ce06d7,monotonic_reads,network_partition,writer-1,write,mr-fcecb323-d229-498f-954e-1a4656ce06d7,494,,,ALL,cassandra-1,True,False,5.57,2026-09-16T13:00:30.649056+00:00,
fcecb323-d229-498f-954e-1a4656ce06d7,monotonic_reads,network_partition,reader-1,read,mr-fcecb323-d229-498f-954e-1a4656ce06d7,,494,ONE,ALL,cassandra-3,True,False,2.675,2026-09-16T13:00:30.655528+00:00,
fcecb323-d229-498f-954e-1a4656ce06d7,monotonic_reads,network_partition,reader-1,read,mr-fcecb323-d229-498f-954e-1a4656ce06d7,,494,ONE,ALL,cassandra-1,True,False,4.461,2026-09-16T13:00:30.670847+00:00,
fcecb323-d229-498f-954e-1a4656ce06d7,monotonic_reads,network_partition,writer-1,write,mr-fcecb323-d229-498f-954e-1a4656ce06d7,495,,,ALL,cassandra-1,True,False,4.427,2026-09-16T13:00:30.678431+00:00,
fcecb323-d229-498f-954e-1a4656ce06d7,monotonic_reads,network_partition,reader-1,read,mr-fcecb323-d229-498f-954e-1a4656ce06d7,,495,ONE,ALL,cassandra-2,True,False,4.082,2026-09-16T13:00:30.686468+00:00,
fcecb323-d229-498f-954e-1a4656ce06d7,monotonic_reads,network_partition,reader-1,read,mr-fcecb323-d229-498f-954e-1a4656ce06d7,,495,ONE,ALL,cassandra-3,True,False,4.066,2026-09-16T13:00:30.703211+00:00,
fcecb323-d229-498f-954e-1a4656ce06d7,monotonic_reads,network_partition,writer-1,write,mr-fcecb323-d229-498f-954e-1a4656ce06d7,496,,,ALL,cassandra-1,True,False,5.735,2026-09-16T13:00:30.706362+00:00,
fcecb323-d229-498f-954e-1a4656ce06d7,monotonic_reads,network_partition,reader-1,read,mr-fcecb323-d229-498f-954e-1a4656ce06d7,,496,ONE,ALL,cassandra-1,True,False,4.363,2026-09-16T13:00:30.718349+00:00,
fcecb323-d229-498f-954e-1a4656ce06d7,monotonic_reads,network_partition,reader-1,read,mr-fcecb323-d229-498f-954e-1a4656ce06d7,,496,ONE,ALL,cassandra-2,True,False,2.512,2026-09-16T13:00:30.733471+00:00,
fcecb323-d229-498f-954e-1a4656ce06d7,monotonic_reads,network_partition,writer-1,write,mr-fcecb323-d229-498f-954e-1a4656ce06d7,497,,,ALL,cassandra-1,True,False,3.477,2026-09-16T13:00:30.734830+00:00,
fcecb323-d229-498f-954e-1a4656ce06d7,monotonic_reads,network_partition,reader-1,read,mr-fcecb323-d229-498f-954e-1a4656ce06d7,,497,ONE,ALL,cassandra-3,True,False,1.516,2026-09-16T13:00:30.747582+00:00,
fcecb323-d229-498f-954e-1a4656ce06d7,monotonic_reads,network_partition,reader-1,read,mr-fcecb323-d229-498f-954e-1a4656ce06d7,,497,ONE,ALL,cassandra-1,True,False,2.514,2026-09-16T13:00:30.762739+00:00,
fcecb323-d229-498f-954e-1a4656ce06d7,monotonic_reads,network_partition,writer-1,write,mr-fcecb323-d229-498f-954e-1a4656ce06d7,498,,,ALL,cassandra-1,True,False,3.837,2026-09-16T13:00:30.763752+00:00,
fcecb323-d229-498f-954e-1a4656ce06d7,monotonic_reads,network_partition,reader-1,read,mr-fcecb323-d229-498f-954e-1a4656ce06d7,,498,ONE,ALL,cassandra-2,True,False,1.425,2026-09-16T13:00:30.776863+00:00,
fcecb323-d229-498f-954e-1a4656ce06d7,monotonic_reads,network_partition,writer-1,write,mr-fcecb323-d229-498f-954e-1a4656ce06d7,499,,,ALL,cassandra-1,True,False,4.289,2026-09-16T13:00:30.790709+00:00,
fcecb323-d229-498f-954e-1a4656ce06d7,monotonic_reads,network_partition,reader-1,read,mr-fcecb323-d229-498f-954e-1a4656ce06d7,,499,ONE,ALL,cassandra-3,True,False,2.452,2026-09-16T13:00:30.791915+00:00,
fcecb323-d229-498f-954e-1a4656ce06d7,monotonic_reads,network_partition,reader-1,read,mr-fcecb323-d229-498f-954e-1a4656ce06d7,,499,ONE,ALL,cassandra-1,True,False,2.476,2026-09-16T13:00:30.806380+00:00,
fcecb323-d229-498f-954e-1a4656ce06d7,monotonic_reads,network_partition,writer-1,write,mr-fcecb323-d229-498f-954e-1a4656ce06d7,500,,,ALL,cassandra-1,True,False,2.893,2026-09-16T13:00:30.816704+00:00,
fcecb323-d229-498f-954e-1a4656ce06d7,monotonic_reads,network_partition,reader-1,read,mr-fcecb323-d229-498f-954e-1a4656ce06d7,,500,ONE,ALL,cassandra-2,True,False,1.36,2026-09-16T13:00:30.819087+00:00,
fcecb323-d229-498f-954e-1a4656ce06d7,monotonic_reads,network_partition,reader-1,read,mr-fcecb323-d229-498f-954e-1a4656ce06d7,,500,ONE,ALL,cassandra-3,True,False,1.97,2026-09-16T13:00:30.833382+00:00,
fcecb323-d229-498f-954e-1a4656ce06d7,monotonic_reads,network_partition,writer-1,write,mr-fcecb323-d229-498f-954e-1a4656ce06d7,501,,,ALL,cassandra-1,True,False,3.324,2026-09-16T13:00:30.842681+00:00,
fcecb323-d229-498f-954e-1a4656ce06d7,monotonic_reads,network_partition,reader-1,read,mr-fcecb323-d229-498f-954e-1a4656ce06d7,,501,ONE,ALL,cassandra-1,True,False,2.952,2026-09-16T13:00:30.848982+00:00,
fcecb323-d229-498f-954e-1a4656ce06d7,monotonic_reads,network_partition,reader-1,read,mr-fcecb323-d229-498f-954e-1a4656ce06d7,,501,ONE,ALL,cassandra-2,True,False,1.637,2026-09-16T13:00:30.863238+00:00,
fcecb323-d229-498f-954e-1a4656ce06d7,monotonic_reads,network_partition,writer-1,write,mr-fcecb323-d229-498f-954e-1a4656ce06d7,502,,,ALL,cassandra-1,True,False,4.227,2026-09-16T13:00:30.868862+00:00,
fcecb323-d229-498f-954e-1a4656ce06d7,monotonic_reads,network_partition,reader-1,read,mr-fcecb323-d229-498f-954e-1a4656ce06d7,,502,ONE,ALL,cassandra-3,True,False,2.48,2026-09-16T13:00:30.878353+00:00,
fcecb323-d229-498f-954e-1a4656ce06d7,monotonic_reads,network_partition,reader-1,read,mr-fcecb323-d229-498f-954e-1a4656ce06d7,,502,ONE,ALL,cassandra-1,True,False,2.198,2026-09-16T13:00:30.893252+00:00,
fcecb323-d229-498f-954e-1a4656ce06d7,monotonic_reads,network_partition,writer-1,write,mr-fcecb323-d229-498f-954e-1a4656ce06d7,503,,,ALL,cassandra-1,True,False,3.426,2026-09-16T13:00:30.896994+00:00,
fcecb323-d229-498f-954e-1a4656ce06d7,monotonic_reads,network_partition,reader-1,read,mr-fcecb323-d229-498f-954e-1a4656ce06d7,,503,ONE,ALL,cassandra-2,True,False,2.626,2026-09-16T13:00:30.908561+00:00,
fcecb323-d229-498f-954e-1a4656ce06d7,monotonic_reads,network_partition,reader-1,read,mr-fcecb323-d229-498f-954e-1a4656ce06d7,,503,ONE,ALL,cassandra-3,True,False,3.022,2026-09-16T13:00:30.922563+00:00,
fcecb323-d229-498f-954e-1a4656ce06d7,monotonic_reads,network_partition,writer-1,write,mr-fcecb323-d229-498f-954e-1a4656ce06d7,504,,,ALL,cassandra-1,True,False,3.459,2026-09-16T13:00:30.926116+00:00,
fcecb323-d229-498f-954e-1a4656ce06d7,monotonic_reads,network_partition,reader-1,read,mr-fcecb323-d229-498f-954e-1a4656ce06d7,,504,ONE,ALL,cassandra-1,True,False,4.766,2026-09-16T13:00:30.938155+00:00,
fcecb323-d229-498f-954e-1a4656ce06d7,monotonic_reads,network_partition,reader-1,read,mr-fcecb323-d229-498f-954e-1a4656ce06d7,,504,ONE,ALL,cassandra-2,True,False,3.827,2026-09-16T13:00:30.952918+00:00,
fcecb323-d229-498f-954e-1a4656ce06d7,monotonic_reads,network_partition,writer-1,write,mr-fcecb323-d229-498f-954e-1a4656ce06d7,505,,,ALL,cassandra-1,True,False,5.785,2026-09-16T13:00:30.954170+00:00,
fcecb323-d229-498f-954e-1a4656ce06d7,monotonic_reads,network_partition,reader-1,read,mr-fcecb323-d229-498f-954e-1a4656ce06d7,,505,ONE,ALL,cassandra-3,True,False,4.418,2026-09-16T13:00:30.967863+00:00,
fcecb323-d229-498f-954e-1a4656ce06d7,monotonic_reads,network_partition,writer-1,write,mr-fcecb323-d229-498f-954e-1a4656ce06d7,506,,,ALL,cassandra-1,True,False,3.811,2026-09-16T13:00:30.978160+00:00,
fcecb323-d229-498f-954e-1a4656ce06d7,monotonic_reads,network_partition,reader-1,read,mr-fcecb323-d229-498f-954e-1a4656ce06d7,,506,ONE,ALL,cassandra-1,True,False,2.441,2026-09-16T13:00:30.981140+00:00,
fcecb323-d229-498f-954e-1a4656ce06d7,monotonic_reads,network_partition,reader-1,read,mr-fcecb323-d229-498f-954e-1a4656ce06d7,,506,ONE,ALL,cassandra-2,True,False,3.725,2026-09-16T13:00:30.997123+00:00,
fcecb323-d229-498f-954e-1a4656ce06d7,monotonic_reads,network_partition,writer-1,write,mr-fcecb323-d229-498f-954e-1a4656ce06d7,507,,,ALL,cassandra-1,True,False,5.789,2026-09-16T13:00:31.004134+00:00,
fcecb323-d229-498f-954e-1a4656ce06d7,monotonic_reads,network_partition,reader-1,read,mr-fcecb323-d229-498f-954e-1a4656ce06d7,,507,ONE,ALL,cassandra-3,True,False,3.325,2026-09-16T13:00:31.011730+00:00,
fcecb323-d229-498f-954e-1a4656ce06d7,monotonic_reads,network_partition,reader-1,read,mr-fcecb323-d229-498f-954e-1a4656ce06d7,,507,ONE,ALL,cassandra-1,True,False,5.008,2026-09-16T13:00:31.028641+00:00,
fcecb323-d229-498f-954e-1a4656ce06d7,monotonic_reads,network_partition,writer-1,write,mr-fcecb323-d229-498f-954e-1a4656ce06d7,508,,,ALL,cassandra-1,True,False,5.655,2026-09-16T13:00:31.031003+00:00,
fcecb323-d229-498f-954e-1a4656ce06d7,monotonic_reads,network_partition,reader-1,read,mr-fcecb323-d229-498f-954e-1a4656ce06d7,,508,ONE,ALL,cassandra-2,True,False,4.594,2026-09-16T13:00:31.044982+00:00,
fcecb323-d229-498f-954e-1a4656ce06d7,monotonic_reads,network_partition,writer-1,write,mr-fcecb323-d229-498f-954e-1a4656ce06d7,509,,,ALL,cassandra-1,True,False,4.827,2026-09-16T13:00:31.059578+00:00,
fcecb323-d229-498f-954e-1a4656ce06d7,monotonic_reads,network_partition,reader-1,read,mr-fcecb323-d229-498f-954e-1a4656ce06d7,,509,ONE,ALL,cassandra-3,True,False,4.153,2026-09-16T13:00:31.060499+00:00,
fcecb323-d229-498f-954e-1a4656ce06d7,monotonic_reads,network_partition,reader-1,read,mr-fcecb323-d229-498f-954e-1a4656ce06d7,,509,ONE,ALL,cassandra-1,True,False,4.222,2026-09-16T13:00:31.076622+00:00,
fcecb323-d229-498f-954e-1a4656ce06d7,monotonic_reads,network_partition,writer-1,write,mr-fcecb323-d229-498f-954e-1a4656ce06d7,510,,,ALL,cassandra-1,True,False,4.468,2026-09-16T13:00:31.090062+00:00,
fcecb323-d229-498f-954e-1a4656ce06d7,monotonic_reads,network_partition,reader-1,read,mr-fcecb323-d229-498f-954e-1a4656ce06d7,,510,ONE,ALL,cassandra-2,True,False,3.921,2026-09-16T13:00:31.092409+00:00,
fcecb323-d229-498f-954e-1a4656ce06d7,monotonic_reads,network_partition,reader-1,read,mr-fcecb323-d229-498f-954e-1a4656ce06d7,,510,ONE,ALL,cassandra-3,True,False,18.427,2026-09-16T13:00:31.121803+00:00,
fcecb323-d229-498f-954e-1a4656ce06d7,monotonic_reads,network_partition,writer-1,write,mr-fcecb323-d229-498f-954e-1a4656ce06d7,511,,,ALL,cassandra-1,True,False,13.366,2026-09-16T13:00:31.124056+00:00,
fcecb323-d229-498f-954e-1a4656ce06d7,monotonic_reads,network_partition,reader-1,read,mr-fcecb323-d229-498f-954e-1a4656ce06d7,,511,ONE,ALL,cassandra-1,True,False,6.079,2026-09-16T13:00:31.140458+00:00,
fcecb323-d229-498f-954e-1a4656ce06d7,monotonic_reads,network_partition,writer-1,write,mr-fcecb323-d229-498f-954e-1a4656ce06d7,512,,,ALL,cassandra-1,True,False,2.626,2026-09-16T13:00:31.151835+00:00,
fcecb323-d229-498f-954e-1a4656ce06d7,monotonic_reads,network_partition,reader-1,read,mr-fcecb323-d229-498f-954e-1a4656ce06d7,,512,ONE,ALL,cassandra-2,True,False,1.324,2026-09-16T13:00:31.153214+00:00,
fcecb323-d229-498f-954e-1a4656ce06d7,monotonic_reads,network_partition,reader-1,read,mr-fcecb323-d229-498f-954e-1a4656ce06d7,,512,ONE,ALL,cassandra-3,True,False,3.153,2026-09-16T13:00:31.168536+00:00,
fcecb323-d229-498f-954e-1a4656ce06d7,monotonic_reads,network_partition,writer-1,write,mr-fcecb323-d229-498f-954e-1a4656ce06d7,513,,,ALL,cassandra-1,True,False,4.04,2026-09-16T13:00:31.176375+00:00,
fcecb323-d229-498f-954e-1a4656ce06d7,monotonic_reads,network_partition,reader-1,read,mr-fcecb323-d229-498f-954e-1a4656ce06d7,,513,ONE,ALL,cassandra-1,True,False,4.239,2026-09-16T13:00:31.185480+00:00,
fcecb323-d229-498f-954e-1a4656ce06d7,monotonic_reads,network_partition,reader-1,read,mr-fcecb323-d229-498f-954e-1a4656ce06d7,,513,ONE,ALL,cassandra-2,True,False,4.233,2026-09-16T13:00:31.201656+00:00,
fcecb323-d229-498f-954e-1a4656ce06d7,monotonic_reads,network_partition,writer-1,write,mr-fcecb323-d229-498f-954e-1a4656ce06d7,514,,,ALL,cassandra-1,True,False,5.819,2026-09-16T13:00:31.205168+00:00,
fcecb323-d229-498f-954e-1a4656ce06d7,monotonic_reads,network_partition,reader-1,read,mr-fcecb323-d229-498f-954e-1a4656ce06d7,,514,ONE,ALL,cassandra-3,True,False,3.175,2026-09-16T13:00:31.217567+00:00,
fcecb323-d229-498f-954e-1a4656ce06d7,monotonic_reads,network_partition,reader-1,read,mr-fcecb323-d229-498f-954e-1a4656ce06d7,,514,ONE,ALL,cassandra-1,True,False,3.158,2026-09-16T13:00:31.232805+00:00,
fcecb323-d229-498f-954e-1a4656ce06d7,monotonic_reads,network_partition,writer-1,write,mr-fcecb323-d229-498f-954e-1a4656ce06d7,515,,,ALL,cassandra-1,True,False,3.923,2026-09-16T13:00:31.233910+00:00,
fcecb323-d229-498f-954e-1a4656ce06d7,monotonic_reads,network_partition,reader-1,read,mr-fcecb323-d229-498f-954e-1a4656ce06d7,,515,ONE,ALL,cassandra-2,True,False,2.742,2026-09-16T13:00:31.247103+00:00,
fcecb323-d229-498f-954e-1a4656ce06d7,monotonic_reads,network_partition,writer-1,write,mr-fcecb323-d229-498f-954e-1a4656ce06d7,516,,,ALL,cassandra-1,True,False,4.889,2026-09-16T13:00:31.259267+00:00,
fcecb323-d229-498f-954e-1a4656ce06d7,monotonic_reads,network_partition,reader-1,read,mr-fcecb323-d229-498f-954e-1a4656ce06d7,,516,ONE,ALL,cassandra-3,True,False,3.324,2026-09-16T13:00:31.262731+00:00,
fcecb323-d229-498f-954e-1a4656ce06d7,monotonic_reads,network_partition,reader-1,read,mr-fcecb323-d229-498f-954e-1a4656ce06d7,,516,ONE,ALL,cassandra-1,True,False,3.675,2026-09-16T13:00:31.277009+00:00,
fcecb323-d229-498f-954e-1a4656ce06d7,monotonic_reads,network_partition,writer-1,write,mr-fcecb323-d229-498f-954e-1a4656ce06d7,517,,,ALL,cassandra-1,True,False,4.773,2026-09-16T13:00:31.288135+00:00,
fcecb323-d229-498f-954e-1a4656ce06d7,monotonic_reads,network_partition,reader-1,read,mr-fcecb323-d229-498f-954e-1a4656ce06d7,,517,ONE,ALL,cassandra-2,True,False,3.224,2026-09-16T13:00:31.291601+00:00,
fcecb323-d229-498f-954e-1a4656ce06d7,monotonic_reads,network_partition,reader-1,read,mr-fcecb323-d229-498f-954e-1a4656ce06d7,,517,ONE,ALL,cassandra-3,True,False,1.741,2026-09-16T13:00:31.303628+00:00,
fcecb323-d229-498f-954e-1a4656ce06d7,monotonic_reads,network_partition,writer-1,write,mr-fcecb323-d229-498f-954e-1a4656ce06d7,518,,,ALL,cassandra-1,True,False,3.759,2026-09-16T13:00:31.313016+00:00,
fcecb323-d229-498f-954e-1a4656ce06d7,monotonic_reads,network_partition,reader-1,read,mr-fcecb323-d229-498f-954e-1a4656ce06d7,,518,ONE,ALL,cassandra-1,True,False,2.813,2026-09-16T13:00:31.317188+00:00,
fcecb323-d229-498f-954e-1a4656ce06d7,monotonic_reads,network_partition,reader-1,read,mr-fcecb323-d229-498f-954e-1a4656ce06d7,,518,ONE,ALL,cassandra-2,True,False,3.488,2026-09-16T13:00:31.331856+00:00,
fcecb323-d229-498f-954e-1a4656ce06d7,monotonic_reads,network_partition,writer-1,write,mr-fcecb323-d229-498f-954e-1a4656ce06d7,519,,,ALL,cassandra-1,True,False,3.963,2026-09-16T13:00:31.339327+00:00,
fcecb323-d229-498f-954e-1a4656ce06d7,monotonic_reads,network_partition,reader-1,read,mr-fcecb323-d229-498f-954e-1a4656ce06d7,,519,ONE,ALL,cassandra-3,True,False,4.936,2026-09-16T13:00:31.347296+00:00,
fcecb323-d229-498f-954e-1a4656ce06d7,monotonic_reads,network_partition,reader-1,read,mr-fcecb323-d229-498f-954e-1a4656ce06d7,,519,ONE,ALL,cassandra-1,True,False,3.173,2026-09-16T13:00:31.362538+00:00,
fcecb323-d229-498f-954e-1a4656ce06d7,monotonic_reads,network_partition,writer-1,write,mr-fcecb323-d229-498f-954e-1a4656ce06d7,520,,,ALL,cassandra-1,True,False,5.16,2026-09-16T13:00:31.366336+00:00,
fcecb323-d229-498f-954e-1a4656ce06d7,monotonic_reads,network_partition,reader-1,read,mr-fcecb323-d229-498f-954e-1a4656ce06d7,,520,ONE,ALL,cassandra-2,True,False,3.147,2026-09-16T13:00:31.376448+00:00,
fcecb323-d229-498f-954e-1a4656ce06d7,monotonic_reads,network_partition,reader-1,read,mr-fcecb323-d229-498f-954e-1a4656ce06d7,,520,ONE,ALL,cassandra-3,True,False,2.696,2026-09-16T13:00:31.390066+00:00,
fcecb323-d229-498f-954e-1a4656ce06d7,monotonic_reads,network_partition,writer-1,write,mr-fcecb323-d229-498f-954e-1a4656ce06d7,521,,,ALL,cassandra-1,True,False,2.904,2026-09-16T13:00:31.390869+00:00,
fcecb323-d229-498f-954e-1a4656ce06d7,monotonic_reads,network_partition,reader-1,read,mr-fcecb323-d229-498f-954e-1a4656ce06d7,,521,ONE,ALL,cassandra-1,True,False,3.171,2026-09-16T13:00:31.404533+00:00,
fcecb323-d229-498f-954e-1a4656ce06d7,monotonic_reads,network_partition,writer-1,write,mr-fcecb323-d229-498f-954e-1a4656ce06d7,522,,,ALL,cassandra-1,True,False,4.261,2026-09-16T13:00:31.415492+00:00,
fcecb323-d229-498f-954e-1a4656ce06d7,monotonic_reads,network_partition,reader-1,read,mr-fcecb323-d229-498f-954e-1a4656ce06d7,,522,ONE,ALL,cassandra-2,True,False,2.433,2026-09-16T13:00:31.418030+00:00,
fcecb323-d229-498f-954e-1a4656ce06d7,monotonic_reads,network_partition,reader-1,read,mr-fcecb323-d229-498f-954e-1a4656ce06d7,,522,ONE,ALL,cassandra-3,True,False,2.786,2026-09-16T13:00:31.431135+00:00,
fcecb323-d229-498f-954e-1a4656ce06d7,monotonic_reads,network_partition,writer-1,write,mr-fcecb323-d229-498f-954e-1a4656ce06d7,523,,,ALL,cassandra-1,True,False,6.14,2026-09-16T13:00:31.442498+00:00,
fcecb323-d229-498f-954e-1a4656ce06d7,monotonic_reads,network_partition,reader-1,read,mr-fcecb323-d229-498f-954e-1a4656ce06d7,,523,ONE,ALL,cassandra-1,True,False,4.418,2026-09-16T13:00:31.447974+00:00,
fcecb323-d229-498f-954e-1a4656ce06d7,monotonic_reads,network_partition,reader-1,read,mr-fcecb323-d229-498f-954e-1a4656ce06d7,,523,ONE,ALL,cassandra-2,True,False,3.929,2026-09-16T13:00:31.462317+00:00,
fcecb323-d229-498f-954e-1a4656ce06d7,monotonic_reads,network_partition,writer-1,write,mr-fcecb323-d229-498f-954e-1a4656ce06d7,524,,,ALL,cassandra-1,True,False,4.106,2026-09-16T13:00:31.471888+00:00,
fcecb323-d229-498f-954e-1a4656ce06d7,monotonic_reads,network_partition,reader-1,read,mr-fcecb323-d229-498f-954e-1a4656ce06d7,,524,ONE,ALL,cassandra-3,True,False,2.01,2026-09-16T13:00:31.475365+00:00,
fcecb323-d229-498f-954e-1a4656ce06d7,monotonic_reads,network_partition,reader-1,read,mr-fcecb323-d229-498f-954e-1a4656ce06d7,,524,ONE,ALL,cassandra-1,True,False,4.089,2026-09-16T13:00:31.490472+00:00,
fcecb323-d229-498f-954e-1a4656ce06d7,monotonic_reads,network_partition,writer-1,write,mr-fcecb323-d229-498f-954e-1a4656ce06d7,525,,,ALL,cassandra-1,True,False,4.832,2026-09-16T13:00:31.500360+00:00,
fcecb323-d229-498f-954e-1a4656ce06d7,monotonic_reads,network_partition,reader-1,read,mr-fcecb323-d229-498f-954e-1a4656ce06d7,,525,ONE,ALL,cassandra-2,True,False,3.784,2026-09-16T13:00:31.506629+00:00,
fcecb323-d229-498f-954e-1a4656ce06d7,monotonic_reads,network_partition,reader-1,read,mr-fcecb323-d229-498f-954e-1a4656ce06d7,,525,ONE,ALL,cassandra-3,True,False,2.547,2026-09-16T13:00:31.519909+00:00,
fcecb323-d229-498f-954e-1a4656ce06d7,monotonic_reads,network_partition,writer-1,write,mr-fcecb323-d229-498f-954e-1a4656ce06d7,526,,,ALL,cassandra-1,True,False,4.663,2026-09-16T13:00:31.526015+00:00,
fcecb323-d229-498f-954e-1a4656ce06d7,monotonic_reads,network_partition,reader-1,read,mr-fcecb323-d229-498f-954e-1a4656ce06d7,,526,ONE,ALL,cassandra-1,True,False,4.285,2026-09-16T13:00:31.535646+00:00,
fcecb323-d229-498f-954e-1a4656ce06d7,monotonic_reads,network_partition,reader-1,read,mr-fcecb323-d229-498f-954e-1a4656ce06d7,,526,ONE,ALL,cassandra-2,True,False,4.045,2026-09-16T13:00:31.550285+00:00,
fcecb323-d229-498f-954e-1a4656ce06d7,monotonic_reads,network_partition,writer-1,write,mr-fcecb323-d229-498f-954e-1a4656ce06d7,527,,,ALL,cassandra-1,True,False,5.401,2026-09-16T13:00:31.552079+00:00,
fcecb323-d229-498f-954e-1a4656ce06d7,monotonic_reads,network_partition,reader-1,read,mr-fcecb323-d229-498f-954e-1a4656ce06d7,,527,ONE,ALL,cassandra-3,True,False,3.156,2026-09-16T13:00:31.565795+00:00,
fcecb323-d229-498f-954e-1a4656ce06d7,monotonic_reads,network_partition,writer-1,write,mr-fcecb323-d229-498f-954e-1a4656ce06d7,528,,,ALL,cassandra-1,True,False,4.013,2026-09-16T13:00:31.576369+00:00,
fcecb323-d229-498f-954e-1a4656ce06d7,monotonic_reads,network_partition,reader-1,read,mr-fcecb323-d229-498f-954e-1a4656ce06d7,,528,ONE,ALL,cassandra-1,True,False,3.026,2026-09-16T13:00:31.579504+00:00,
fcecb323-d229-498f-954e-1a4656ce06d7,monotonic_reads,network_partition,reader-1,read,mr-fcecb323-d229-498f-954e-1a4656ce06d7,,528,ONE,ALL,cassandra-2,True,False,3.298,2026-09-16T13:00:31.595276+00:00,
fcecb323-d229-498f-954e-1a4656ce06d7,monotonic_reads,network_partition,writer-1,write,mr-fcecb323-d229-498f-954e-1a4656ce06d7,529,,,ALL,cassandra-1,True,False,4.902,2026-09-16T13:00:31.602290+00:00,
fcecb323-d229-498f-954e-1a4656ce06d7,monotonic_reads,network_partition,reader-1,read,mr-fcecb323-d229-498f-954e-1a4656ce06d7,,529,ONE,ALL,cassandra-3,True,False,3.319,2026-09-16T13:00:31.611363+00:00,
fcecb323-d229-498f-954e-1a4656ce06d7,monotonic_reads,network_partition,reader-1,read,mr-fcecb323-d229-498f-954e-1a4656ce06d7,,529,ONE,ALL,cassandra-1,True,False,4.707,2026-09-16T13:00:31.628794+00:00,
fcecb323-d229-498f-954e-1a4656ce06d7,monotonic_reads,network_partition,writer-1,write,mr-fcecb323-d229-498f-954e-1a4656ce06d7,530,,,ALL,cassandra-1,True,False,5.767,2026-09-16T13:00:31.632489+00:00,
fcecb323-d229-498f-954e-1a4656ce06d7,monotonic_reads,network_partition,reader-1,read,mr-fcecb323-d229-498f-954e-1a4656ce06d7,,530,ONE,ALL,cassandra-2,True,False,2.04,2026-09-16T13:00:31.642376+00:00,
fcecb323-d229-498f-954e-1a4656ce06d7,monotonic_reads,network_partition,reader-1,read,mr-fcecb323-d229-498f-954e-1a4656ce06d7,,531,ONE,ALL,cassandra-3,True,False,3.541,2026-09-16T13:00:31.656753+00:00,
fcecb323-d229-498f-954e-1a4656ce06d7,monotonic_reads,network_partition,writer-1,write,mr-fcecb323-d229-498f-954e-1a4656ce06d7,531,,,ALL,cassandra-1,True,False,4.458,2026-09-16T13:00:31.657206+00:00,
fcecb323-d229-498f-954e-1a4656ce06d7,monotonic_reads,network_partition,reader-1,read,mr-fcecb323-d229-498f-954e-1a4656ce06d7,,531,ONE,ALL,cassandra-1,True,False,3.014,2026-09-16T13:00:31.672401+00:00,
fcecb323-d229-498f-954e-1a4656ce06d7,monotonic_reads,network_partition,writer-1,write,mr-fcecb323-d229-498f-954e-1a4656ce06d7,532,,,ALL,cassandra-1,True,False,4.806,2026-09-16T13:00:31.686190+00:00,
fcecb323-d229-498f-954e-1a4656ce06d7,monotonic_reads,network_partition,reader-1,read,mr-fcecb323-d229-498f-954e-1a4656ce06d7,,532,ONE,ALL,cassandra-2,True,False,3.479,2026-09-16T13:00:31.686864+00:00,
fcecb323-d229-498f-954e-1a4656ce06d7,monotonic_reads,network_partition,reader-1,read,mr-fcecb323-d229-498f-954e-1a4656ce06d7,,532,ONE,ALL,cassandra-3,True,False,3.896,2026-09-16T13:00:31.702354+00:00,
fcecb323-d229-498f-954e-1a4656ce06d7,monotonic_reads,network_partition,writer-1,write,mr-fcecb323-d229-498f-954e-1a4656ce06d7,533,,,ALL,cassandra-1,True,False,5.376,2026-09-16T13:00:31.715742+00:00,
fcecb323-d229-498f-954e-1a4656ce06d7,monotonic_reads,network_partition,reader-1,read,mr-fcecb323-d229-498f-954e-1a4656ce06d7,,533,ONE,ALL,cassandra-1,True,False,4.171,2026-09-16T13:00:31.719028+00:00,
fcecb323-d229-498f-954e-1a4656ce06d7,monotonic_reads,network_partition,reader-1,read,mr-fcecb323-d229-498f-954e-1a4656ce06d7,,533,ONE,ALL,cassandra-2,True,False,3.639,2026-09-16T13:00:31.734386+00:00,
fcecb323-d229-498f-954e-1a4656ce06d7,monotonic_reads,network_partition,writer-1,write,mr-fcecb323-d229-498f-954e-1a4656ce06d7,534,,,ALL,cassandra-1,True,False,6.017,2026-09-16T13:00:31.742399+00:00,
fcecb323-d229-498f-954e-1a4656ce06d7,monotonic_reads,network_partition,reader-1,read,mr-fcecb323-d229-498f-954e-1a4656ce06d7,,534,ONE,ALL,cassandra-3,True,False,3.12,2026-09-16T13:00:31.750259+00:00,
fcecb323-d229-498f-954e-1a4656ce06d7,monotonic_reads,network_partition,reader-1,read,mr-fcecb323-d229-498f-954e-1a4656ce06d7,,534,ONE,ALL,cassandra-1,True,False,3.23,2026-09-16T13:00:31.765567+00:00,
fcecb323-d229-498f-954e-1a4656ce06d7,monotonic_reads,network_partition,writer-1,write,mr-fcecb323-d229-498f-954e-1a4656ce06d7,535,,,ALL,cassandra-1,True,False,3.913,2026-09-16T13:00:31.770120+00:00,
fcecb323-d229-498f-954e-1a4656ce06d7,monotonic_reads,network_partition,reader-1,read,mr-fcecb323-d229-498f-954e-1a4656ce06d7,,535,ONE,ALL,cassandra-2,True,False,4.469,2026-09-16T13:00:31.781823+00:00,
fcecb323-d229-498f-954e-1a4656ce06d7,monotonic_reads,network_partition,reader-1,read,mr-fcecb323-d229-498f-954e-1a4656ce06d7,,535,ONE,ALL,cassandra-3,True,False,4.24,2026-09-16T13:00:31.798597+00:00,
fcecb323-d229-498f-954e-1a4656ce06d7,monotonic_reads,network_partition,writer-1,write,mr-fcecb323-d229-498f-954e-1a4656ce06d7,536,,,ALL,cassandra-1,True,False,5.115,2026-09-16T13:00:31.800045+00:00,
fcecb323-d229-498f-954e-1a4656ce06d7,monotonic_reads,network_partition,reader-1,read,mr-fcecb323-d229-498f-954e-1a4656ce06d7,,536,ONE,ALL,cassandra-1,True,False,4.687,2026-09-16T13:00:31.815915+00:00,
fcecb323-d229-498f-954e-1a4656ce06d7,monotonic_reads,network_partition,writer-1,write,mr-fcecb323-d229-498f-954e-1a4656ce06d7,537,,,ALL,cassandra-1,True,False,4.481,2026-09-16T13:00:31.829347+00:00,
fcecb323-d229-498f-954e-1a4656ce06d7,monotonic_reads,network_partition,reader-1,read,mr-fcecb323-d229-498f-954e-1a4656ce06d7,,537,ONE,ALL,cassandra-2,True,False,3.462,2026-09-16T13:00:31.830658+00:00,
fcecb323-d229-498f-954e-1a4656ce06d7,monotonic_reads,network_partition,reader-1,read,mr-fcecb323-d229-498f-954e-1a4656ce06d7,,537,ONE,ALL,cassandra-3,True,False,3.104,2026-09-16T13:00:31.844454+00:00,
fcecb323-d229-498f-954e-1a4656ce06d7,monotonic_reads,network_partition,writer-1,write,mr-fcecb323-d229-498f-954e-1a4656ce06d7,538,,,ALL,cassandra-1,True,False,4.495,2026-09-16T13:00:31.856862+00:00,
fcecb323-d229-498f-954e-1a4656ce06d7,monotonic_reads,network_partition,reader-1,read,mr-fcecb323-d229-498f-954e-1a4656ce06d7,,538,ONE,ALL,cassandra-1,True,False,3.139,2026-09-16T13:00:31.859671+00:00,
fcecb323-d229-498f-954e-1a4656ce06d7,monotonic_reads,network_partition,reader-1,read,mr-fcecb323-d229-498f-954e-1a4656ce06d7,,538,ONE,ALL,cassandra-2,True,False,3.943,2026-09-16T13:00:31.875332+00:00,
fcecb323-d229-498f-954e-1a4656ce06d7,monotonic_reads,network_partition,writer-1,write,mr-fcecb323-d229-498f-954e-1a4656ce06d7,539,,,ALL,cassandra-1,True,False,5.677,2026-09-16T13:00:31.884431+00:00,
fcecb323-d229-498f-954e-1a4656ce06d7,monotonic_reads,network_partition,reader-1,read,mr-fcecb323-d229-498f-954e-1a4656ce06d7,,539,ONE,ALL,cassandra-3,True,False,3.245,2026-09-16T13:00:31.889576+00:00,
fcecb323-d229-498f-954e-1a4656ce06d7,monotonic_reads,network_partition,reader-1,read,mr-fcecb323-d229-498f-954e-1a4656ce06d7,,539,ONE,ALL,cassandra-1,True,False,5.246,2026-09-16T13:00:31.907515+00:00,
fcecb323-d229-498f-954e-1a4656ce06d7,monotonic_reads,network_partition,writer-1,write,mr-fcecb323-d229-498f-954e-1a4656ce06d7,540,,,ALL,cassandra-1,True,False,4.957,2026-09-16T13:00:31.914321+00:00,
fcecb323-d229-498f-954e-1a4656ce06d7,monotonic_reads,network_partition,reader-1,read,mr-fcecb323-d229-498f-954e-1a4656ce06d7,,540,ONE,ALL,cassandra-2,True,False,4.242,2026-09-16T13:00:31.923617+00:00,
fcecb323-d229-498f-954e-1a4656ce06d7,monotonic_reads,network_partition,reader-1,read,mr-fcecb323-d229-498f-954e-1a4656ce06d7,,540,ONE,ALL,cassandra-3,True,False,4.262,2026-09-16T13:00:31.939649+00:00,
fcecb323-d229-498f-954e-1a4656ce06d7,monotonic_reads,network_partition,writer-1,write,mr-fcecb323-d229-498f-954e-1a4656ce06d7,541,,,ALL,cassandra-1,True,False,5.047,2026-09-16T13:00:31.943249+00:00,
fcecb323-d229-498f-954e-1a4656ce06d7,monotonic_reads,network_partition,reader-1,read,mr-fcecb323-d229-498f-954e-1a4656ce06d7,,541,ONE,ALL,cassandra-1,True,False,4.889,2026-09-16T13:00:31.955736+00:00,
fcecb323-d229-498f-954e-1a4656ce06d7,monotonic_reads,network_partition,reader-1,read,mr-fcecb323-d229-498f-954e-1a4656ce06d7,,541,ONE,ALL,cassandra-2,True,False,3.921,2026-09-16T13:00:31.972595+00:00,
fcecb323-d229-498f-954e-1a4656ce06d7,monotonic_reads,network_partition,writer-1,write,mr-fcecb323-d229-498f-954e-1a4656ce06d7,542,,,ALL,cassandra-1,True,False,6.137,2026-09-16T13:00:31.974250+00:00,
fcecb323-d229-498f-954e-1a4656ce06d7,monotonic_reads,network_partition,reader-1,read,mr-fcecb323-d229-498f-954e-1a4656ce06d7,,542,ONE,ALL,cassandra-3,True,False,1.867,2026-09-16T13:00:31.985212+00:00,
fcecb323-d229-498f-954e-1a4656ce06d7,monotonic_reads,network_partition,reader-1,read,mr-fcecb323-d229-498f-954e-1a4656ce06d7,,542,ONE,ALL,cassandra-1,True,False,3.523,2026-09-16T13:00:31.999883+00:00,
fcecb323-d229-498f-954e-1a4656ce06d7,monotonic_reads,network_partition,writer-1,write,mr-fcecb323-d229-498f-954e-1a4656ce06d7,543,,,ALL,cassandra-1,True,False,5.927,2026-09-16T13:00:32.001308+00:00,
fcecb323-d229-498f-954e-1a4656ce06d7,monotonic_reads,network_partition,reader-1,read,mr-fcecb323-d229-498f-954e-1a4656ce06d7,,543,ONE,ALL,cassandra-2,True,False,3.043,2026-09-16T13:00:32.015018+00:00,
fcecb323-d229-498f-954e-1a4656ce06d7,monotonic_reads,network_partition,writer-1,write,mr-fcecb323-d229-498f-954e-1a4656ce06d7,544,,,ALL,cassandra-1,True,False,4.1,2026-09-16T13:00:32.026316+00:00,
fcecb323-d229-498f-954e-1a4656ce06d7,monotonic_reads,network_partition,reader-1,read,mr-fcecb323-d229-498f-954e-1a4656ce06d7,,544,ONE,ALL,cassandra-3,True,False,3.036,2026-09-16T13:00:32.029452+00:00,
fcecb323-d229-498f-954e-1a4656ce06d7,monotonic_reads,network_partition,reader-1,read,mr-fcecb323-d229-498f-954e-1a4656ce06d7,,544,ONE,ALL,cassandra-1,True,False,2.941,2026-09-16T13:00:32.044306+00:00,
fcecb323-d229-498f-954e-1a4656ce06d7,monotonic_reads,network_partition,writer-1,write,mr-fcecb323-d229-498f-954e-1a4656ce06d7,545,,,ALL,cassandra-1,True,False,4.044,2026-09-16T13:00:32.054895+00:00,
fcecb323-d229-498f-954e-1a4656ce06d7,monotonic_reads,network_partition,reader-1,read,mr-fcecb323-d229-498f-954e-1a4656ce06d7,,545,ONE,ALL,cassandra-2,True,False,2.329,2026-09-16T13:00:32.058403+00:00,
fcecb323-d229-498f-954e-1a4656ce06d7,monotonic_reads,network_partition,reader-1,read,mr-fcecb323-d229-498f-954e-1a4656ce06d7,,545,ONE,ALL,cassandra-3,True,False,2.492,2026-09-16T13:00:32.071341+00:00,
fcecb323-d229-498f-954e-1a4656ce06d7,monotonic_reads,network_partition,writer-1,write,mr-fcecb323-d229-498f-954e-1a4656ce06d7,546,,,ALL,cassandra-1,True,False,5.07,2026-09-16T13:00:32.084432+00:00,
fcecb323-d229-498f-954e-1a4656ce06d7,monotonic_reads,network_partition,reader-1,read,mr-fcecb323-d229-498f-954e-1a4656ce06d7,,546,ONE,ALL,cassandra-1,True,False,3.704,2026-09-16T13:00:32.087012+00:00,
fcecb323-d229-498f-954e-1a4656ce06d7,monotonic_reads,network_partition,reader-1,read,mr-fcecb323-d229-498f-954e-1a4656ce06d7,,546,ONE,ALL,cassandra-2,True,False,3.575,2026-09-16T13:00:32.102927+00:00,
fcecb323-d229-498f-954e-1a4656ce06d7,monotonic_reads,network_partition,writer-1,write,mr-fcecb323-d229-498f-954e-1a4656ce06d7,547,,,ALL,cassandra-1,True,False,4.407,2026-09-16T13:00:32.109903+00:00,
fcecb323-d229-498f-954e-1a4656ce06d7,monotonic_reads,network_partition,reader-1,read,mr-fcecb323-d229-498f-954e-1a4656ce06d7,,547,ONE,ALL,cassandra-3,True,False,3.534,2026-09-16T13:00:32.117750+00:00,
fcecb323-d229-498f-954e-1a4656ce06d7,monotonic_reads,network_partition,reader-1,read,mr-fcecb323-d229-498f-954e-1a4656ce06d7,,547,ONE,ALL,cassandra-1,True,False,3.691,2026-09-16T13:00:32.132057+00:00,
fcecb323-d229-498f-954e-1a4656ce06d7,monotonic_reads,network_partition,writer-1,write,mr-fcecb323-d229-498f-954e-1a4656ce06d7,548,,,ALL,cassandra-1,True,False,4.585,2026-09-16T13:00:32.136888+00:00,
fcecb323-d229-498f-954e-1a4656ce06d7,monotonic_reads,network_partition,reader-1,read,mr-fcecb323-d229-498f-954e-1a4656ce06d7,,548,ONE,ALL,cassandra-2,True,False,3.084,2026-09-16T13:00:32.146465+00:00,
fcecb323-d229-498f-954e-1a4656ce06d7,monotonic_reads,network_partition,reader-1,read,mr-fcecb323-d229-498f-954e-1a4656ce06d7,,548,ONE,ALL,cassandra-3,True,False,2.742,2026-09-16T13:00:32.160135+00:00,
fcecb323-d229-498f-954e-1a4656ce06d7,monotonic_reads,network_partition,writer-1,write,mr-fcecb323-d229-498f-954e-1a4656ce06d7,549,,,ALL,cassandra-1,True,False,3.825,2026-09-16T13:00:32.164156+00:00,
fcecb323-d229-498f-954e-1a4656ce06d7,monotonic_reads,network_partition,reader-1,read,mr-fcecb323-d229-498f-954e-1a4656ce06d7,,549,ONE,ALL,cassandra-1,True,False,3.132,2026-09-16T13:00:32.173490+00:00,
fcecb323-d229-498f-954e-1a4656ce06d7,monotonic_reads,network_partition,reader-1,read,mr-fcecb323-d229-498f-954e-1a4656ce06d7,,549,ONE,ALL,cassandra-2,True,False,4.252,2026-09-16T13:00:32.189838+00:00,
fcecb323-d229-498f-954e-1a4656ce06d7,monotonic_reads,network_partition,writer-1,write,mr-fcecb323-d229-498f-954e-1a4656ce06d7,550,,,ALL,cassandra-1,True,False,8.008,2026-09-16T13:00:32.196638+00:00,
fcecb323-d229-498f-954e-1a4656ce06d7,monotonic_reads,network_partition,reader-1,read,mr-fcecb323-d229-498f-954e-1a4656ce06d7,,550,ONE,ALL,cassandra-3,True,False,4.327,2026-09-16T13:00:32.206705+00:00,
fcecb323-d229-498f-954e-1a4656ce06d7,monotonic_reads,network_partition,reader-1,read,mr-fcecb323-d229-498f-954e-1a4656ce06d7,,550,ONE,ALL,cassandra-1,True,False,4.128,2026-09-16T13:00:32.222359+00:00,
fcecb323-d229-498f-954e-1a4656ce06d7,monotonic_reads,network_partition,writer-1,write,mr-fcecb323-d229-498f-954e-1a4656ce06d7,551,,,ALL,cassandra-1,True,False,3.415,2026-09-16T13:00:32.223788+00:00,
fcecb323-d229-498f-954e-1a4656ce06d7,monotonic_reads,network_partition,reader-1,read,mr-fcecb323-d229-498f-954e-1a4656ce06d7,,551,ONE,ALL,cassandra-2,True,False,3.461,2026-09-16T13:00:32.236814+00:00,
fcecb323-d229-498f-954e-1a4656ce06d7,monotonic_reads,network_partition,reader-1,read,mr-fcecb323-d229-498f-954e-1a4656ce06d7,,551,ONE,ALL,cassandra-3,True,False,3.11,2026-09-16T13:00:32.252393+00:00,
fcecb323-d229-498f-954e-1a4656ce06d7,monotonic_reads,network_partition,writer-1,write,mr-fcecb323-d229-498f-954e-1a4656ce06d7,552,,,ALL,cassandra-1,True,False,5.168,2026-09-16T13:00:32.253939+00:00,
fcecb323-d229-498f-954e-1a4656ce06d7,monotonic_reads,network_partition,reader-1,read,mr-fcecb323-d229-498f-954e-1a4656ce06d7,,552,ONE,ALL,cassandra-1,True,False,3.108,2026-09-16T13:00:32.267450+00:00,
fcecb323-d229-498f-954e-1a4656ce06d7,monotonic_reads,network_partition,reader-1,read,mr-fcecb323-d229-498f-954e-1a4656ce06d7,,552,ONE,ALL,cassandra-2,True,False,3.89,2026-09-16T13:00:32.282055+00:00,
fcecb323-d229-498f-954e-1a4656ce06d7,monotonic_reads,network_partition,writer-1,write,mr-fcecb323-d229-498f-954e-1a4656ce06d7,553,,,ALL,cassandra-1,True,False,5.431,2026-09-16T13:00:32.282772+00:00,
fcecb323-d229-498f-954e-1a4656ce06d7,monotonic_reads,network_partition,reader-1,read,mr-fcecb323-d229-498f-954e-1a4656ce06d7,,553,ONE,ALL,cassandra-3,True,False,3.533,2026-09-16T13:00:32.295954+00:00,
fcecb323-d229-498f-954e-1a4656ce06d7,monotonic_reads,network_partition,reader-1,read,mr-fcecb323-d229-498f-954e-1a4656ce06d7,,553,ONE,ALL,cassandra-1,True,False,3.161,2026-09-16T13:00:32.309418+00:00,
fcecb323-d229-498f-954e-1a4656ce06d7,monotonic_reads,network_partition,writer-1,write,mr-fcecb323-d229-498f-954e-1a4656ce06d7,554,,,ALL,cassandra-1,True,False,4.192,2026-09-16T13:00:32.310001+00:00,
fcecb323-d229-498f-954e-1a4656ce06d7,monotonic_reads,network_partition,reader-1,read,mr-fcecb323-d229-498f-954e-1a4656ce06d7,,554,ONE,ALL,cassandra-2,True,False,3.803,2026-09-16T13:00:32.324149+00:00,
fcecb323-d229-498f-954e-1a4656ce06d7,monotonic_reads,network_partition,reader-1,read,mr-fcecb323-d229-498f-954e-1a4656ce06d7,,554,ONE,ALL,cassandra-3,True,False,2.986,2026-09-16T13:00:32.337748+00:00,
fcecb323-d229-498f-954e-1a4656ce06d7,monotonic_reads,network_partition,writer-1,write,mr-fcecb323-d229-498f-954e-1a4656ce06d7,555,,,ALL,cassandra-1,True,False,4.698,2026-09-16T13:00:32.339041+00:00,
fcecb323-d229-498f-954e-1a4656ce06d7,monotonic_reads,network_partition,reader-1,read,mr-fcecb323-d229-498f-954e-1a4656ce06d7,,555,ONE,ALL,cassandra-1,True,False,3.345,2026-09-16T13:00:32.353702+00:00,
fcecb323-d229-498f-954e-1a4656ce06d7,monotonic_reads,network_partition,writer-1,write,mr-fcecb323-d229-498f-954e-1a4656ce06d7,556,,,ALL,cassandra-1,True,False,4.35,2026-09-16T13:00:32.366531+00:00,
fcecb323-d229-498f-954e-1a4656ce06d7,monotonic_reads,network_partition,reader-1,read,mr-fcecb323-d229-498f-954e-1a4656ce06d7,,556,ONE,ALL,cassandra-2,True,False,4.043,2026-09-16T13:00:32.369399+00:00,
fcecb323-d229-498f-954e-1a4656ce06d7,monotonic_reads,network_partition,reader-1,read,mr-fcecb323-d229-498f-954e-1a4656ce06d7,,556,ONE,ALL,cassandra-3,True,False,3.751,2026-09-16T13:00:32.385622+00:00,
fcecb323-d229-498f-954e-1a4656ce06d7,monotonic_reads,network_partition,writer-1,write,mr-fcecb323-d229-498f-954e-1a4656ce06d7,557,,,ALL,cassandra-1,True,False,5.402,2026-09-16T13:00:32.395995+00:00,
fcecb323-d229-498f-954e-1a4656ce06d7,monotonic_reads,network_partition,reader-1,read,mr-fcecb323-d229-498f-954e-1a4656ce06d7,,557,ONE,ALL,cassandra-1,True,False,3.795,2026-09-16T13:00:32.401156+00:00,
fcecb323-d229-498f-954e-1a4656ce06d7,monotonic_reads,network_partition,reader-1,read,mr-fcecb323-d229-498f-954e-1a4656ce06d7,,557,ONE,ALL,cassandra-2,True,False,3.339,2026-09-16T13:00:32.415690+00:00,
fcecb323-d229-498f-954e-1a4656ce06d7,monotonic_reads,network_partition,writer-1,write,mr-fcecb323-d229-498f-954e-1a4656ce06d7,558,,,ALL,cassandra-1,True,False,4.479,2026-09-16T13:00:32.420817+00:00,
fcecb323-d229-498f-954e-1a4656ce06d7,monotonic_reads,network_partition,reader-1,read,mr-fcecb323-d229-498f-954e-1a4656ce06d7,,558,ONE,ALL,cassandra-3,True,False,2.864,2026-09-16T13:00:32.430216+00:00,
fcecb323-d229-498f-954e-1a4656ce06d7,monotonic_reads,network_partition,reader-1,read,mr-fcecb323-d229-498f-954e-1a4656ce06d7,,558,ONE,ALL,cassandra-1,True,False,3.572,2026-09-16T13:00:32.445722+00:00,
fcecb323-d229-498f-954e-1a4656ce06d7,monotonic_reads,network_partition,writer-1,write,mr-fcecb323-d229-498f-954e-1a4656ce06d7,559,,,ALL,cassandra-1,True,False,4.329,2026-09-16T13:00:32.450159+00:00,
fcecb323-d229-498f-954e-1a4656ce06d7,monotonic_reads,network_partition,reader-1,read,mr-fcecb323-d229-498f-954e-1a4656ce06d7,,559,ONE,ALL,cassandra-2,True,False,4.182,2026-09-16T13:00:32.461535+00:00,
fcecb323-d229-498f-954e-1a4656ce06d7,monotonic_reads,network_partition,reader-1,read,mr-fcecb323-d229-498f-954e-1a4656ce06d7,,559,ONE,ALL,cassandra-3,True,False,13.181,2026-09-16T13:00:32.487006+00:00,
fcecb323-d229-498f-954e-1a4656ce06d7,monotonic_reads,network_partition,writer-1,write,mr-fcecb323-d229-498f-954e-1a4656ce06d7,560,,,ALL,cassandra-1,True,False,12.591,2026-09-16T13:00:32.487423+00:00,
fcecb323-d229-498f-954e-1a4656ce06d7,monotonic_reads,network_partition,reader-1,read,mr-fcecb323-d229-498f-954e-1a4656ce06d7,,560,ONE,ALL,cassandra-1,True,False,3.715,2026-09-16T13:00:32.502979+00:00,
fcecb323-d229-498f-954e-1a4656ce06d7,monotonic_reads,network_partition,writer-1,write,mr-fcecb323-d229-498f-954e-1a4656ce06d7,561,,,ALL,cassandra-1,True,False,4.492,2026-09-16T13:00:32.514228+00:00,
fcecb323-d229-498f-954e-1a4656ce06d7,monotonic_reads,network_partition,reader-1,read,mr-fcecb323-d229-498f-954e-1a4656ce06d7,,561,ONE,ALL,cassandra-2,True,False,3.155,2026-09-16T13:00:32.517489+00:00,
fcecb323-d229-498f-954e-1a4656ce06d7,monotonic_reads,network_partition,reader-1,read,mr-fcecb323-d229-498f-954e-1a4656ce06d7,,561,ONE,ALL,cassandra-3,True,False,4.202,2026-09-16T13:00:32.533594+00:00,
fcecb323-d229-498f-954e-1a4656ce06d7,monotonic_reads,network_partition,writer-1,write,mr-fcecb323-d229-498f-954e-1a4656ce06d7,562,,,ALL,cassandra-1,True,False,3.71,2026-09-16T13:00:32.540862+00:00,
fcecb323-d229-498f-954e-1a4656ce06d7,monotonic_reads,network_partition,reader-1,read,mr-fcecb323-d229-498f-954e-1a4656ce06d7,,562,ONE,ALL,cassandra-1,True,False,4.97,2026-09-16T13:00:32.550346+00:00,
fcecb323-d229-498f-954e-1a4656ce06d7,monotonic_reads,network_partition,reader-1,read,mr-fcecb323-d229-498f-954e-1a4656ce06d7,,562,ONE,ALL,cassandra-2,True,False,2.737,2026-09-16T13:00:32.563942+00:00,
fcecb323-d229-498f-954e-1a4656ce06d7,monotonic_reads,network_partition,writer-1,write,mr-fcecb323-d229-498f-954e-1a4656ce06d7,563,,,ALL,cassandra-1,True,False,4.391,2026-09-16T13:00:32.570061+00:00,
fcecb323-d229-498f-954e-1a4656ce06d7,monotonic_reads,network_partition,reader-1,read,mr-fcecb323-d229-498f-954e-1a4656ce06d7,,563,ONE,ALL,cassandra-3,True,False,2.575,2026-09-16T13:00:32.579181+00:00,
fcecb323-d229-498f-954e-1a4656ce06d7,monotonic_reads,network_partition,reader-1,read,mr-fcecb323-d229-498f-954e-1a4656ce06d7,,563,ONE,ALL,cassandra-1,True,False,4.286,2026-09-16T13:00:32.595634+00:00,
fcecb323-d229-498f-954e-1a4656ce06d7,monotonic_reads,network_partition,writer-1,write,mr-fcecb323-d229-498f-954e-1a4656ce06d7,564,,,ALL,cassandra-1,True,False,3.648,2026-09-16T13:00:32.596965+00:00,
fcecb323-d229-498f-954e-1a4656ce06d7,monotonic_reads,network_partition,reader-1,read,mr-fcecb323-d229-498f-954e-1a4656ce06d7,,564,ONE,ALL,cassandra-2,True,False,2.514,2026-09-16T13:00:32.608856+00:00,
fcecb323-d229-498f-954e-1a4656ce06d7,monotonic_reads,network_partition,reader-1,read,mr-fcecb323-d229-498f-954e-1a4656ce06d7,,564,ONE,ALL,cassandra-3,True,False,3.803,2026-09-16T13:00:32.624146+00:00,
fcecb323-d229-498f-954e-1a4656ce06d7,monotonic_reads,network_partition,writer-1,write,mr-fcecb323-d229-498f-954e-1a4656ce06d7,565,,,ALL,cassandra-1,True,False,4.35,2026-09-16T13:00:32.626055+00:00,
fcecb323-d229-498f-954e-1a4656ce06d7,monotonic_reads,network_partition,reader-1,read,mr-fcecb323-d229-498f-954e-1a4656ce06d7,,565,ONE,ALL,cassandra-1,True,False,3.335,2026-09-16T13:00:32.638540+00:00,
fcecb323-d229-498f-954e-1a4656ce06d7,monotonic_reads,network_partition,reader-1,read,mr-fcecb323-d229-498f-954e-1a4656ce06d7,,565,ONE,ALL,cassandra-2,True,False,3.467,2026-09-16T13:00:32.653283+00:00,
fcecb323-d229-498f-954e-1a4656ce06d7,monotonic_reads,network_partition,writer-1,write,mr-fcecb323-d229-498f-954e-1a4656ce06d7,566,,,ALL,cassandra-1,True,False,4.346,2026-09-16T13:00:32.655131+00:00,
fcecb323-d229-498f-954e-1a4656ce06d7,monotonic_reads,network_partition,reader-1,read,mr-fcecb323-d229-498f-954e-1a4656ce06d7,,566,ONE,ALL,cassandra-3,True,False,3.185,2026-09-16T13:00:32.668542+00:00,
fcecb323-d229-498f-954e-1a4656ce06d7,monotonic_reads,network_partition,writer-1,write,mr-fcecb323-d229-498f-954e-1a4656ce06d7,567,,,ALL,cassandra-1,True,False,5.366,2026-09-16T13:00:32.680728+00:00,
fcecb323-d229-498f-954e-1a4656ce06d7,monotonic_reads,network_partition,reader-1,read,mr-fcecb323-d229-498f-954e-1a4656ce06d7,,567,ONE,ALL,cassandra-1,True,False,3.987,2026-09-16T13:00:32.683318+00:00,
fcecb323-d229-498f-954e-1a4656ce06d7,monotonic_reads,network_partition,reader-1,read,mr-fcecb323-d229-498f-954e-1a4656ce06d7,,567,ONE,ALL,cassandra-2,True,False,3.515,2026-09-16T13:00:32.698363+00:00,
fcecb323-d229-498f-954e-1a4656ce06d7,monotonic_reads,network_partition,writer-1,write,mr-fcecb323-d229-498f-954e-1a4656ce06d7,568,,,ALL,cassandra-1,True,False,3.601,2026-09-16T13:00:32.706928+00:00,
fcecb323-d229-498f-954e-1a4656ce06d7,monotonic_reads,network_partition,reader-1,read,mr-fcecb323-d229-498f-954e-1a4656ce06d7,,568,ONE,ALL,cassandra-3,True,False,2.947,2026-09-16T13:00:32.713306+00:00,
fcecb323-d229-498f-954e-1a4656ce06d7,monotonic_reads,network_partition,reader-1,read,mr-fcecb323-d229-498f-954e-1a4656ce06d7,,568,ONE,ALL,cassandra-1,True,False,2.413,2026-09-16T13:00:32.727594+00:00,
fcecb323-d229-498f-954e-1a4656ce06d7,monotonic_reads,network_partition,writer-1,write,mr-fcecb323-d229-498f-954e-1a4656ce06d7,569,,,ALL,cassandra-1,True,False,3.488,2026-09-16T13:00:32.731193+00:00,
fcecb323-d229-498f-954e-1a4656ce06d7,monotonic_reads,network_partition,reader-1,read,mr-fcecb323-d229-498f-954e-1a4656ce06d7,,569,ONE,ALL,cassandra-2,True,False,4.481,2026-09-16T13:00:32.742855+00:00,
fcecb323-d229-498f-954e-1a4656ce06d7,monotonic_reads,network_partition,reader-1,read,mr-fcecb323-d229-498f-954e-1a4656ce06d7,,569,ONE,ALL,cassandra-3,True,False,2.689,2026-09-16T13:00:32.757029+00:00,
fcecb323-d229-498f-954e-1a4656ce06d7,monotonic_reads,network_partition,writer-1,write,mr-fcecb323-d229-498f-954e-1a4656ce06d7,570,,,ALL,cassandra-1,True,False,5.631,2026-09-16T13:00:32.758962+00:00,
fcecb323-d229-498f-954e-1a4656ce06d7,monotonic_reads,network_partition,reader-1,read,mr-fcecb323-d229-498f-954e-1a4656ce06d7,,570,ONE,ALL,cassandra-1,True,False,3.146,2026-09-16T13:00:32.770476+00:00,
fcecb323-d229-498f-954e-1a4656ce06d7,monotonic_reads,network_partition,reader-1,read,mr-fcecb323-d229-498f-954e-1a4656ce06d7,,570,ONE,ALL,cassandra-2,True,False,3.262,2026-09-16T13:00:32.784373+00:00,
fcecb323-d229-498f-954e-1a4656ce06d7,monotonic_reads,network_partition,writer-1,write,mr-fcecb323-d229-498f-954e-1a4656ce06d7,571,,,ALL,cassandra-1,True,False,4.206,2026-09-16T13:00:32.785033+00:00,
fcecb323-d229-498f-954e-1a4656ce06d7,monotonic_reads,network_partition,reader-1,read,mr-fcecb323-d229-498f-954e-1a4656ce06d7,,571,ONE,ALL,cassandra-3,True,False,4.101,2026-09-16T13:00:32.801135+00:00,
fcecb323-d229-498f-954e-1a4656ce06d7,monotonic_reads,network_partition,writer-1,write,mr-fcecb323-d229-498f-954e-1a4656ce06d7,572,,,ALL,cassandra-1,True,False,6.177,2026-09-16T13:00:32.813537+00:00,
fcecb323-d229-498f-954e-1a4656ce06d7,monotonic_reads,network_partition,reader-1,read,mr-fcecb323-d229-498f-954e-1a4656ce06d7,,572,ONE,ALL,cassandra-1,True,False,3.84,2026-09-16T13:00:32.816156+00:00,
fcecb323-d229-498f-954e-1a4656ce06d7,monotonic_reads,network_partition,reader-1,read,mr-fcecb323-d229-498f-954e-1a4656ce06d7,,572,ONE,ALL,cassandra-2,True,False,3.884,2026-09-16T13:00:32.830236+00:00,
fcecb323-d229-498f-954e-1a4656ce06d7,monotonic_reads,network_partition,writer-1,write,mr-fcecb323-d229-498f-954e-1a4656ce06d7,573,,,ALL,cassandra-1,True,False,5.081,2026-09-16T13:00:32.839429+00:00,
fcecb323-d229-498f-954e-1a4656ce06d7,monotonic_reads,network_partition,reader-1,read,mr-fcecb323-d229-498f-954e-1a4656ce06d7,,573,ONE,ALL,cassandra-3,True,False,2.752,2026-09-16T13:00:32.844096+00:00,
fcecb323-d229-498f-954e-1a4656ce06d7,monotonic_reads,network_partition,reader-1,read,mr-fcecb323-d229-498f-954e-1a4656ce06d7,,573,ONE,ALL,cassandra-1,True,False,9.925,2026-09-16T13:00:32.864283+00:00,
fcecb323-d229-498f-954e-1a4656ce06d7,monotonic_reads,network_partition,writer-1,write,mr-fcecb323-d229-498f-954e-1a4656ce06d7,574,,,ALL,cassandra-1,True,False,5.171,2026-09-16T13:00:32.868352+00:00,
fcecb323-d229-498f-954e-1a4656ce06d7,monotonic_reads,network_partition,reader-1,read,mr-fcecb323-d229-498f-954e-1a4656ce06d7,,574,ONE,ALL,cassandra-2,True,False,3.97,2026-09-16T13:00:32.879342+00:00,
fcecb323-d229-498f-954e-1a4656ce06d7,monotonic_reads,network_partition,reader-1,read,mr-fcecb323-d229-498f-954e-1a4656ce06d7,,574,ONE,ALL,cassandra-3,True,False,1.942,2026-09-16T13:00:32.893971+00:00,
fcecb323-d229-498f-954e-1a4656ce06d7,monotonic_reads,network_partition,writer-1,write,mr-fcecb323-d229-498f-954e-1a4656ce06d7,575,,,ALL,cassandra-1,True,False,4.666,2026-09-16T13:00:32.897096+00:00,
fcecb323-d229-498f-954e-1a4656ce06d7,monotonic_reads,network_partition,reader-1,read,mr-fcecb323-d229-498f-954e-1a4656ce06d7,,575,ONE,ALL,cassandra-1,True,False,4.792,2026-09-16T13:00:32.909079+00:00,
fcecb323-d229-498f-954e-1a4656ce06d7,monotonic_reads,network_partition,reader-1,read,mr-fcecb323-d229-498f-954e-1a4656ce06d7,,575,ONE,ALL,cassandra-2,True,False,4.007,2026-09-16T13:00:32.924365+00:00,
fcecb323-d229-498f-954e-1a4656ce06d7,monotonic_reads,network_partition,writer-1,write,mr-fcecb323-d229-498f-954e-1a4656ce06d7,576,,,ALL,cassandra-1,True,False,4.8,2026-09-16T13:00:32.926059+00:00,
fcecb323-d229-498f-954e-1a4656ce06d7,monotonic_reads,network_partition,reader-1,read,mr-fcecb323-d229-498f-954e-1a4656ce06d7,,576,ONE,ALL,cassandra-3,True,False,6.477,2026-09-16T13:00:32.942823+00:00,
fcecb323-d229-498f-954e-1a4656ce06d7,monotonic_reads,network_partition,writer-1,write,mr-fcecb323-d229-498f-954e-1a4656ce06d7,577,,,ALL,cassandra-1,True,False,5.094,2026-09-16T13:00:32.954650+00:00,
fcecb323-d229-498f-954e-1a4656ce06d7,monotonic_reads,network_partition,reader-1,read,mr-fcecb323-d229-498f-954e-1a4656ce06d7,,577,ONE,ALL,cassandra-1,True,False,3.81,2026-09-16T13:00:32.957703+00:00,
fcecb323-d229-498f-954e-1a4656ce06d7,monotonic_reads,network_partition,reader-1,read,mr-fcecb323-d229-498f-954e-1a4656ce06d7,,577,ONE,ALL,cassandra-2,True,False,4.553,2026-09-16T13:00:32.973107+00:00,
fcecb323-d229-498f-954e-1a4656ce06d7,monotonic_reads,network_partition,writer-1,write,mr-fcecb323-d229-498f-954e-1a4656ce06d7,578,,,ALL,cassandra-1,True,False,5.826,2026-09-16T13:00:32.983413+00:00,
fcecb323-d229-498f-954e-1a4656ce06d7,monotonic_reads,network_partition,reader-1,read,mr-fcecb323-d229-498f-954e-1a4656ce06d7,,578,ONE,ALL,cassandra-3,True,False,4.313,2026-09-16T13:00:32.988701+00:00,
fcecb323-d229-498f-954e-1a4656ce06d7,monotonic_reads,network_partition,reader-1,read,mr-fcecb323-d229-498f-954e-1a4656ce06d7,,578,ONE,ALL,cassandra-1,True,False,4.346,2026-09-16T13:00:33.003719+00:00,
fcecb323-d229-498f-954e-1a4656ce06d7,monotonic_reads,network_partition,writer-1,write,mr-fcecb323-d229-498f-954e-1a4656ce06d7,579,,,ALL,cassandra-1,True,False,5.034,2026-09-16T13:00:33.009421+00:00,
fcecb323-d229-498f-954e-1a4656ce06d7,monotonic_reads,network_partition,reader-1,read,mr-fcecb323-d229-498f-954e-1a4656ce06d7,,579,ONE,ALL,cassandra-2,True,False,4.801,2026-09-16T13:00:33.019967+00:00,
fcecb323-d229-498f-954e-1a4656ce06d7,monotonic_reads,network_partition,reader-1,read,mr-fcecb323-d229-498f-954e-1a4656ce06d7,,579,ONE,ALL,cassandra-3,True,False,2.837,2026-09-16T13:00:33.033762+00:00,
fcecb323-d229-498f-954e-1a4656ce06d7,monotonic_reads,network_partition,writer-1,write,mr-fcecb323-d229-498f-954e-1a4656ce06d7,580,,,ALL,cassandra-1,True,False,4.085,2026-09-16T13:00:33.036032+00:00,
fcecb323-d229-498f-954e-1a4656ce06d7,monotonic_reads,network_partition,reader-1,read,mr-fcecb323-d229-498f-954e-1a4656ce06d7,,580,ONE,ALL,cassandra-1,True,False,5.35,2026-09-16T13:00:33.050896+00:00,
fcecb323-d229-498f-954e-1a4656ce06d7,monotonic_reads,network_partition,writer-1,write,mr-fcecb323-d229-498f-954e-1a4656ce06d7,581,,,ALL,cassandra-1,True,False,3.758,2026-09-16T13:00:33.061112+00:00,
fcecb323-d229-498f-954e-1a4656ce06d7,monotonic_reads,network_partition,reader-1,read,mr-fcecb323-d229-498f-954e-1a4656ce06d7,,581,ONE,ALL,cassandra-2,True,False,2.284,2026-09-16T13:00:33.063463+00:00,
fcecb323-d229-498f-954e-1a4656ce06d7,monotonic_reads,network_partition,reader-1,read,mr-fcecb323-d229-498f-954e-1a4656ce06d7,,581,ONE,ALL,cassandra-3,True,False,3.616,2026-09-16T13:00:33.078969+00:00,
fcecb323-d229-498f-954e-1a4656ce06d7,monotonic_reads,network_partition,writer-1,write,mr-fcecb323-d229-498f-954e-1a4656ce06d7,582,,,ALL,cassandra-1,True,False,4.299,2026-09-16T13:00:33.089503+00:00,
fcecb323-d229-498f-954e-1a4656ce06d7,monotonic_reads,network_partition,reader-1,read,mr-fcecb323-d229-498f-954e-1a4656ce06d7,,582,ONE,ALL,cassandra-1,True,False,3.001,2026-09-16T13:00:33.092612+00:00,
fcecb323-d229-498f-954e-1a4656ce06d7,monotonic_reads,network_partition,reader-1,read,mr-fcecb323-d229-498f-954e-1a4656ce06d7,,582,ONE,ALL,cassandra-2,True,False,2.807,2026-09-16T13:00:33.107555+00:00,
fcecb323-d229-498f-954e-1a4656ce06d7,monotonic_reads,network_partition,writer-1,write,mr-fcecb323-d229-498f-954e-1a4656ce06d7,583,,,ALL,cassandra-1,True,False,3.668,2026-09-16T13:00:33.117973+00:00,
fcecb323-d229-498f-954e-1a4656ce06d7,monotonic_reads,network_partition,reader-1,read,mr-fcecb323-d229-498f-954e-1a4656ce06d7,,583,ONE,ALL,cassandra-3,True,False,1.933,2026-09-16T13:00:33.121268+00:00,
fcecb323-d229-498f-954e-1a4656ce06d7,monotonic_reads,network_partition,reader-1,read,mr-fcecb323-d229-498f-954e-1a4656ce06d7,,583,ONE,ALL,cassandra-1,True,False,2.224,2026-09-16T13:00:33.134407+00:00,
fcecb323-d229-498f-954e-1a4656ce06d7,monotonic_reads,network_partition,writer-1,write,mr-fcecb323-d229-498f-954e-1a4656ce06d7,584,,,ALL,cassandra-1,True,False,4.873,2026-09-16T13:00:33.146499+00:00,
fcecb323-d229-498f-954e-1a4656ce06d7,monotonic_reads,network_partition,reader-1,read,mr-fcecb323-d229-498f-954e-1a4656ce06d7,,584,ONE,ALL,cassandra-2,True,False,3.153,2026-09-16T13:00:33.148514+00:00,
fcecb323-d229-498f-954e-1a4656ce06d7,monotonic_reads,network_partition,reader-1,read,mr-fcecb323-d229-498f-954e-1a4656ce06d7,,584,ONE,ALL,cassandra-3,True,False,3.068,2026-09-16T13:00:33.163434+00:00,
fcecb323-d229-498f-954e-1a4656ce06d7,monotonic_reads,network_partition,writer-1,write,mr-fcecb323-d229-498f-954e-1a4656ce06d7,585,,,ALL,cassandra-1,True,False,3.996,2026-09-16T13:00:33.175341+00:00,
fcecb323-d229-498f-954e-1a4656ce06d7,monotonic_reads,network_partition,reader-1,read,mr-fcecb323-d229-498f-954e-1a4656ce06d7,,585,ONE,ALL,cassandra-1,True,False,3.535,2026-09-16T13:00:33.177860+00:00,
fcecb323-d229-498f-954e-1a4656ce06d7,monotonic_reads,network_partition,reader-1,read,mr-fcecb323-d229-498f-954e-1a4656ce06d7,,585,ONE,ALL,cassandra-2,True,False,2.965,2026-09-16T13:00:33.191300+00:00,
fcecb323-d229-498f-954e-1a4656ce06d7,monotonic_reads,network_partition,writer-1,write,mr-fcecb323-d229-498f-954e-1a4656ce06d7,586,,,ALL,cassandra-1,True,False,5.022,2026-09-16T13:00:33.201356+00:00,
fcecb323-d229-498f-954e-1a4656ce06d7,monotonic_reads,network_partition,reader-1,read,mr-fcecb323-d229-498f-954e-1a4656ce06d7,,586,ONE,ALL,cassandra-3,True,False,2.75,2026-09-16T13:00:33.204605+00:00,
fcecb323-d229-498f-954e-1a4656ce06d7,monotonic_reads,network_partition,reader-1,read,mr-fcecb323-d229-498f-954e-1a4656ce06d7,,586,ONE,ALL,cassandra-1,True,False,2.64,2026-09-16T13:00:33.219006+00:00,
fcecb323-d229-498f-954e-1a4656ce06d7,monotonic_reads,network_partition,writer-1,write,mr-fcecb323-d229-498f-954e-1a4656ce06d7,587,,,ALL,cassandra-1,True,False,4.289,2026-09-16T13:00:33.229618+00:00,
fcecb323-d229-498f-954e-1a4656ce06d7,monotonic_reads,network_partition,reader-1,read,mr-fcecb323-d229-498f-954e-1a4656ce06d7,,587,ONE,ALL,cassandra-2,True,False,2.967,2026-09-16T13:00:33.234309+00:00,
fcecb323-d229-498f-954e-1a4656ce06d7,monotonic_reads,network_partition,reader-1,read,mr-fcecb323-d229-498f-954e-1a4656ce06d7,,587,ONE,ALL,cassandra-3,True,False,4.057,2026-09-16T13:00:33.249414+00:00,
fcecb323-d229-498f-954e-1a4656ce06d7,monotonic_reads,network_partition,writer-1,write,mr-fcecb323-d229-498f-954e-1a4656ce06d7,588,,,ALL,cassandra-1,True,False,3.993,2026-09-16T13:00:33.256321+00:00,
fcecb323-d229-498f-954e-1a4656ce06d7,monotonic_reads,network_partition,reader-1,read,mr-fcecb323-d229-498f-954e-1a4656ce06d7,,588,ONE,ALL,cassandra-1,True,False,3.57,2026-09-16T13:00:33.263953+00:00,
fcecb323-d229-498f-954e-1a4656ce06d7,monotonic_reads,network_partition,reader-1,read,mr-fcecb323-d229-498f-954e-1a4656ce06d7,,588,ONE,ALL,cassandra-2,True,False,1.744,2026-09-16T13:00:33.276983+00:00,
fcecb323-d229-498f-954e-1a4656ce06d7,monotonic_reads,network_partition,writer-1,write,mr-fcecb323-d229-498f-954e-1a4656ce06d7,589,,,ALL,cassandra-1,True,False,5.253,2026-09-16T13:00:33.286006+00:00,
fcecb323-d229-498f-954e-1a4656ce06d7,monotonic_reads,network_partition,reader-1,read,mr-fcecb323-d229-498f-954e-1a4656ce06d7,,589,ONE,ALL,cassandra-3,True,False,3.013,2026-09-16T13:00:33.290404+00:00,
fcecb323-d229-498f-954e-1a4656ce06d7,monotonic_reads,network_partition,reader-1,read,mr-fcecb323-d229-498f-954e-1a4656ce06d7,,589,ONE,ALL,cassandra-1,True,False,2.86,2026-09-16T13:00:33.305236+00:00,
fcecb323-d229-498f-954e-1a4656ce06d7,monotonic_reads,network_partition,writer-1,write,mr-fcecb323-d229-498f-954e-1a4656ce06d7,590,,,ALL,cassandra-1,True,False,4.276,2026-09-16T13:00:33.313551+00:00,
fcecb323-d229-498f-954e-1a4656ce06d7,monotonic_reads,network_partition,reader-1,read,mr-fcecb323-d229-498f-954e-1a4656ce06d7,,590,ONE,ALL,cassandra-2,True,False,2.457,2026-09-16T13:00:33.319802+00:00,
fcecb323-d229-498f-954e-1a4656ce06d7,monotonic_reads,network_partition,reader-1,read,mr-fcecb323-d229-498f-954e-1a4656ce06d7,,590,ONE,ALL,cassandra-3,True,False,2.821,2026-09-16T13:00:33.334779+00:00,
fcecb323-d229-498f-954e-1a4656ce06d7,monotonic_reads,network_partition,writer-1,write,mr-fcecb323-d229-498f-954e-1a4656ce06d7,591,,,ALL,cassandra-1,True,False,3.819,2026-09-16T13:00:33.338997+00:00,
fcecb323-d229-498f-954e-1a4656ce06d7,monotonic_reads,network_partition,reader-1,read,mr-fcecb323-d229-498f-954e-1a4656ce06d7,,591,ONE,ALL,cassandra-1,True,False,3.436,2026-09-16T13:00:33.348762+00:00,
fcecb323-d229-498f-954e-1a4656ce06d7,monotonic_reads,network_partition,reader-1,read,mr-fcecb323-d229-498f-954e-1a4656ce06d7,,591,ONE,ALL,cassandra-2,True,False,4.347,2026-09-16T13:00:33.364659+00:00,
fcecb323-d229-498f-954e-1a4656ce06d7,monotonic_reads,network_partition,writer-1,write,mr-fcecb323-d229-498f-954e-1a4656ce06d7,592,,,ALL,cassandra-1,True,False,5.222,2026-09-16T13:00:33.365964+00:00,
fcecb323-d229-498f-954e-1a4656ce06d7,monotonic_reads,network_partition,reader-1,read,mr-fcecb323-d229-498f-954e-1a4656ce06d7,,592,ONE,ALL,cassandra-3,True,False,3.249,2026-09-16T13:00:33.380419+00:00,
fcecb323-d229-498f-954e-1a4656ce06d7,monotonic_reads,network_partition,writer-1,write,mr-fcecb323-d229-498f-954e-1a4656ce06d7,593,,,ALL,cassandra-1,True,False,6.426,2026-09-16T13:00:33.394342+00:00,
fcecb323-d229-498f-954e-1a4656ce06d7,monotonic_reads,network_partition,reader-1,read,mr-fcecb323-d229-498f-954e-1a4656ce06d7,,593,ONE,ALL,cassandra-1,True,False,3.487,2026-09-16T13:00:33.395857+00:00,
fcecb323-d229-498f-954e-1a4656ce06d7,monotonic_reads,network_partition,reader-1,read,mr-fcecb323-d229-498f-954e-1a4656ce06d7,,593,ONE,ALL,cassandra-2,True,False,3.599,2026-09-16T13:00:33.412148+00:00,
fcecb323-d229-498f-954e-1a4656ce06d7,monotonic_reads,network_partition,writer-1,write,mr-fcecb323-d229-498f-954e-1a4656ce06d7,594,,,ALL,cassandra-1,True,False,4.775,2026-09-16T13:00:33.424125+00:00,
fcecb323-d229-498f-954e-1a4656ce06d7,monotonic_reads,network_partition,reader-1,read,mr-fcecb323-d229-498f-954e-1a4656ce06d7,,594,ONE,ALL,cassandra-3,True,False,3.677,2026-09-16T13:00:33.427330+00:00,
fcecb323-d229-498f-954e-1a4656ce06d7,monotonic_reads,network_partition,reader-1,read,mr-fcecb323-d229-498f-954e-1a4656ce06d7,,594,ONE,ALL,cassandra-1,True,False,4.986,2026-09-16T13:00:33.443335+00:00,
fcecb323-d229-498f-954e-1a4656ce06d7,monotonic_reads,network_partition,writer-1,write,mr-fcecb323-d229-498f-954e-1a4656ce06d7,595,,,ALL,cassandra-1,True,False,3.706,2026-09-16T13:00:33.449043+00:00,
fcecb323-d229-498f-954e-1a4656ce06d7,monotonic_reads,network_partition,reader-1,read,mr-fcecb323-d229-498f-954e-1a4656ce06d7,,595,ONE,ALL,cassandra-2,True,False,1.953,2026-09-16T13:00:33.456276+00:00,
fcecb323-d229-498f-954e-1a4656ce06d7,monotonic_reads,network_partition,reader-1,read,mr-fcecb323-d229-498f-954e-1a4656ce06d7,,595,ONE,ALL,cassandra-3,True,False,2.409,2026-09-16T13:00:33.470741+00:00,
fcecb323-d229-498f-954e-1a4656ce06d7,monotonic_reads,network_partition,writer-1,write,mr-fcecb323-d229-498f-954e-1a4656ce06d7,596,,,ALL,cassandra-1,True,False,3.668,2026-09-16T13:00:33.473834+00:00,
fcecb323-d229-498f-954e-1a4656ce06d7,monotonic_reads,network_partition,reader-1,read,mr-fcecb323-d229-498f-954e-1a4656ce06d7,,596,ONE,ALL,cassandra-1,True,False,4.715,2026-09-16T13:00:33.486065+00:00,
fcecb323-d229-498f-954e-1a4656ce06d7,monotonic_reads,network_partition,reader-1,read,mr-fcecb323-d229-498f-954e-1a4656ce06d7,,596,ONE,ALL,cassandra-2,True,False,2.818,2026-09-16T13:00:33.499611+00:00,
fcecb323-d229-498f-954e-1a4656ce06d7,monotonic_reads,network_partition,writer-1,write,mr-fcecb323-d229-498f-954e-1a4656ce06d7,597,,,ALL,cassandra-1,True,False,5.043,2026-09-16T13:00:33.502144+00:00,
fcecb323-d229-498f-954e-1a4656ce06d7,monotonic_reads,network_partition,reader-1,read,mr-fcecb323-d229-498f-954e-1a4656ce06d7,,597,ONE,ALL,cassandra-3,True,False,2.593,2026-09-16T13:00:33.514874+00:00,
fcecb323-d229-498f-954e-1a4656ce06d7,monotonic_reads,network_partition,reader-1,read,mr-fcecb323-d229-498f-954e-1a4656ce06d7,,597,ONE,ALL,cassandra-1,True,False,3.016,2026-09-16T13:00:33.528358+00:00,
fcecb323-d229-498f-954e-1a4656ce06d7,monotonic_reads,network_partition,writer-1,write,mr-fcecb323-d229-498f-954e-1a4656ce06d7,598,,,ALL,cassandra-1,True,False,4.286,2026-09-16T13:00:33.531142+00:00,
fcecb323-d229-498f-954e-1a4656ce06d7,monotonic_reads,network_partition,reader-1,read,mr-fcecb323-d229-498f-954e-1a4656ce06d7,,598,ONE,ALL,cassandra-2,True,False,3.307,2026-09-16T13:00:33.543654+00:00,
fcecb323-d229-498f-954e-1a4656ce06d7,monotonic_reads,network_partition,reader-1,read,mr-fcecb323-d229-498f-954e-1a4656ce06d7,,598,ONE,ALL,cassandra-3,True,False,3.706,2026-09-16T13:00:33.558042+00:00,
fcecb323-d229-498f-954e-1a4656ce06d7,monotonic_reads,network_partition,writer-1,write,mr-fcecb323-d229-498f-954e-1a4656ce06d7,599,,,ALL,cassandra-1,True,False,5.317,2026-09-16T13:00:33.559978+00:00,
fcecb323-d229-498f-954e-1a4656ce06d7,monotonic_reads,network_partition,reader-1,read,mr-fcecb323-d229-498f-954e-1a4656ce06d7,,599,ONE,ALL,cassandra-1,True,False,4.97,2026-09-16T13:00:33.574341+00:00,
fcecb323-d229-498f-954e-1a4656ce06d7,monotonic_reads,network_partition,writer-1,write,mr-fcecb323-d229-498f-954e-1a4656ce06d7,600,,,ALL,cassandra-1,True,False,4.09,2026-09-16T13:00:33.588202+00:00,
fcecb323-d229-498f-954e-1a4656ce06d7,monotonic_reads,network_partition,reader-1,read,mr-fcecb323-d229-498f-954e-1a4656ce06d7,,600,ONE,ALL,cassandra-2,True,False,3.771,2026-09-16T13:00:33.588951+00:00,
fcecb323-d229-498f-954e-1a4656ce06d7,monotonic_reads,network_partition,reader-1,read,mr-fcecb323-d229-498f-954e-1a4656ce06d7,,600,ONE,ALL,cassandra-3,True,False,2.946,2026-09-16T13:00:33.602634+00:00,
fcecb323-d229-498f-954e-1a4656ce06d7,monotonic_reads,network_partition,reader-1,read,mr-fcecb323-d229-498f-954e-1a4656ce06d7,,600,ONE,ALL,cassandra-1,True,False,3.996,2026-09-16T13:00:33.617719+00:00,
fcecb323-d229-498f-954e-1a4656ce06d7,monotonic_reads,network_partition,writer-1,write,mr-fcecb323-d229-498f-954e-1a4656ce06d7,601,,,ALL,cassandra-1,True,False,4.719,2026-09-16T13:00:33.618063+00:00,
fcecb323-d229-498f-954e-1a4656ce06d7,monotonic_reads,network_partition,reader-1,read,mr-fcecb323-d229-498f-954e-1a4656ce06d7,,601,ONE,ALL,cassandra-2,True,False,2.92,2026-09-16T13:00:33.631058+00:00,
fcecb323-d229-498f-954e-1a4656ce06d7,monotonic_reads,network_partition,reader-1,read,mr-fcecb323-d229-498f-954e-1a4656ce06d7,,601,ONE,ALL,cassandra-3,True,False,2.185,2026-09-16T13:00:33.643844+00:00,
fcecb323-d229-498f-954e-1a4656ce06d7,monotonic_reads,network_partition,writer-1,write,mr-fcecb323-d229-498f-954e-1a4656ce06d7,602,,,ALL,cassandra-1,True,False,3.472,2026-09-16T13:00:33.644801+00:00,
fcecb323-d229-498f-954e-1a4656ce06d7,monotonic_reads,network_partition,reader-1,read,mr-fcecb323-d229-498f-954e-1a4656ce06d7,,602,ONE,ALL,cassandra-1,True,False,3.565,2026-09-16T13:00:33.657915+00:00,
fcecb323-d229-498f-954e-1a4656ce06d7,monotonic_reads,network_partition,reader-1,read,mr-fcecb323-d229-498f-954e-1a4656ce06d7,,602,ONE,ALL,cassandra-2,True,False,2.482,2026-09-16T13:00:33.672196+00:00,
fcecb323-d229-498f-954e-1a4656ce06d7,monotonic_reads,network_partition,writer-1,write,mr-fcecb323-d229-498f-954e-1a4656ce06d7,603,,,ALL,cassandra-1,True,False,5.274,2026-09-16T13:00:33.674341+00:00,
fcecb323-d229-498f-954e-1a4656ce06d7,monotonic_reads,network_partition,reader-1,read,mr-fcecb323-d229-498f-954e-1a4656ce06d7,,603,ONE,ALL,cassandra-3,True,False,3.01,2026-09-16T13:00:33.686343+00:00,
fcecb323-d229-498f-954e-1a4656ce06d7,monotonic_reads,network_partition,reader-1,read,mr-fcecb323-d229-498f-954e-1a4656ce06d7,,603,ONE,ALL,cassandra-1,True,False,3.551,2026-09-16T13:00:33.700947+00:00,
fcecb323-d229-498f-954e-1a4656ce06d7,monotonic_reads,network_partition,writer-1,write,mr-fcecb323-d229-498f-954e-1a4656ce06d7,604,,,ALL,cassandra-1,True,False,4.041,2026-09-16T13:00:33.701844+00:00,
fcecb323-d229-498f-954e-1a4656ce06d7,monotonic_reads,network_partition,reader-1,read,mr-fcecb323-d229-498f-954e-1a4656ce06d7,,604,ONE,ALL,cassandra-2,True,False,3.372,2026-09-16T13:00:33.715678+00:00,
fcecb323-d229-498f-954e-1a4656ce06d7,monotonic_reads,network_partition,writer-1,write,mr-fcecb323-d229-498f-954e-1a4656ce06d7,605,,,ALL,cassandra-1,True,False,15.813,2026-09-16T13:00:33.738093+00:00,
fcecb323-d229-498f-954e-1a4656ce06d7,monotonic_reads,network_partition,reader-1,read,mr-fcecb323-d229-498f-954e-1a4656ce06d7,,605,ONE,ALL,cassandra-3,True,False,11.989,2026-09-16T13:00:33.738591+00:00,
fcecb323-d229-498f-954e-1a4656ce06d7,monotonic_reads,network_partition,reader-1,read,mr-fcecb323-d229-498f-954e-1a4656ce06d7,,605,ONE,ALL,cassandra-1,True,False,3.573,2026-09-16T13:00:33.754297+00:00,
fcecb323-d229-498f-954e-1a4656ce06d7,monotonic_reads,network_partition,writer-1,write,mr-fcecb323-d229-498f-954e-1a4656ce06d7,606,,,ALL,cassandra-1,True,False,2.7,2026-09-16T13:00:33.763526+00:00,
fcecb323-d229-498f-954e-1a4656ce06d7,monotonic_reads,network_partition,reader-1,read,mr-fcecb323-d229-498f-954e-1a4656ce06d7,,606,ONE,ALL,cassandra-2,True,False,1.493,2026-09-16T13:00:33.767025+00:00,
fcecb323-d229-498f-954e-1a4656ce06d7,monotonic_reads,network_partition,reader-1,read,mr-fcecb323-d229-498f-954e-1a4656ce06d7,,606,ONE,ALL,cassandra-3,True,False,3.901,2026-09-16T13:00:33.781107+00:00,
fcecb323-d229-498f-954e-1a4656ce06d7,monotonic_reads,network_partition,writer-1,write,mr-fcecb323-d229-498f-954e-1a4656ce06d7,607,,,ALL,cassandra-1,True,False,3.665,2026-09-16T13:00:33.788889+00:00,
fcecb323-d229-498f-954e-1a4656ce06d7,monotonic_reads,network_partition,reader-1,read,mr-fcecb323-d229-498f-954e-1a4656ce06d7,,607,ONE,ALL,cassandra-1,True,False,5.081,2026-09-16T13:00:33.798437+00:00,
fcecb323-d229-498f-954e-1a4656ce06d7,monotonic_reads,network_partition,reader-1,read,mr-fcecb323-d229-498f-954e-1a4656ce06d7,,607,ONE,ALL,cassandra-2,True,False,3.511,2026-09-16T13:00:33.814936+00:00,
fcecb323-d229-498f-954e-1a4656ce06d7,monotonic_reads,network_partition,writer-1,write,mr-fcecb323-d229-498f-954e-1a4656ce06d7,608,,,ALL,cassandra-1,True,False,5.33,2026-09-16T13:00:33.816046+00:00,
fcecb323-d229-498f-954e-1a4656ce06d7,monotonic_reads,network_partition,reader-1,read,mr-fcecb323-d229-498f-954e-1a4656ce06d7,,608,ONE,ALL,cassandra-3,True,False,2.561,2026-09-16T13:00:33.827917+00:00,
fcecb323-d229-498f-954e-1a4656ce06d7,monotonic_reads,network_partition,reader-1,read,mr-fcecb323-d229-498f-954e-1a4656ce06d7,,608,ONE,ALL,cassandra-1,True,False,2.865,2026-09-16T13:00:33.843677+00:00,
fcecb323-d229-498f-954e-1a4656ce06d7,monotonic_reads,network_partition,writer-1,write,mr-fcecb323-d229-498f-954e-1a4656ce06d7,609,,,ALL,cassandra-1,True,False,4.511,2026-09-16T13:00:33.844843+00:00,
fcecb323-d229-498f-954e-1a4656ce06d7,monotonic_reads,network_partition,reader-1,read,mr-fcecb323-d229-498f-954e-1a4656ce06d7,,609,ONE,ALL,cassandra-2,True,False,3.169,2026-09-16T13:00:33.857510+00:00,
fcecb323-d229-498f-954e-1a4656ce06d7,monotonic_reads,network_partition,writer-1,write,mr-fcecb323-d229-498f-954e-1a4656ce06d7,610,,,ALL,cassandra-1,True,False,3.899,2026-09-16T13:00:33.869240+00:00,
fcecb323-d229-498f-954e-1a4656ce06d7,monotonic_reads,network_partition,reader-1,read,mr-fcecb323-d229-498f-954e-1a4656ce06d7,,610,ONE,ALL,cassandra-3,True,False,2.392,2026-09-16T13:00:33.870750+00:00,
fcecb323-d229-498f-954e-1a4656ce06d7,monotonic_reads,network_partition,reader-1,read,mr-fcecb323-d229-498f-954e-1a4656ce06d7,,610,ONE,ALL,cassandra-1,True,False,4.322,2026-09-16T13:00:33.885685+00:00,
fcecb323-d229-498f-954e-1a4656ce06d7,monotonic_reads,network_partition,writer-1,write,mr-fcecb323-d229-498f-954e-1a4656ce06d7,611,,,ALL,cassandra-1,True,False,3.038,2026-09-16T13:00:33.894812+00:00,
fcecb323-d229-498f-954e-1a4656ce06d7,monotonic_reads,network_partition,reader-1,read,mr-fcecb323-d229-498f-954e-1a4656ce06d7,,611,ONE,ALL,cassandra-2,True,False,3.14,2026-09-16T13:00:33.900466+00:00,
fcecb323-d229-498f-954e-1a4656ce06d7,monotonic_reads,network_partition,reader-1,read,mr-fcecb323-d229-498f-954e-1a4656ce06d7,,611,ONE,ALL,cassandra-3,True,False,4.351,2026-09-16T13:00:33.917566+00:00,
fcecb323-d229-498f-954e-1a4656ce06d7,monotonic_reads,network_partition,writer-1,write,mr-fcecb323-d229-498f-954e-1a4656ce06d7,612,,,ALL,cassandra-1,True,False,6.147,2026-09-16T13:00:33.922350+00:00,
fcecb323-d229-498f-954e-1a4656ce06d7,monotonic_reads,network_partition,reader-1,read,mr-fcecb323-d229-498f-954e-1a4656ce06d7,,612,ONE,ALL,cassandra-1,True,False,3.757,2026-09-16T13:00:33.932151+00:00,
fcecb323-d229-498f-954e-1a4656ce06d7,monotonic_reads,network_partition,reader-1,read,mr-fcecb323-d229-498f-954e-1a4656ce06d7,,612,ONE,ALL,cassandra-2,True,False,1.932,2026-09-16T13:00:33.945155+00:00,
fcecb323-d229-498f-954e-1a4656ce06d7,monotonic_reads,network_partition,writer-1,write,mr-fcecb323-d229-498f-954e-1a4656ce06d7,613,,,ALL,cassandra-1,True,False,3.629,2026-09-16T13:00:33.949145+00:00,
fcecb323-d229-498f-954e-1a4656ce06d7,monotonic_reads,network_partition,reader-1,read,mr-fcecb323-d229-498f-954e-1a4656ce06d7,,613,ONE,ALL,cassandra-3,True,False,3.811,2026-09-16T13:00:33.961169+00:00,
fcecb323-d229-498f-954e-1a4656ce06d7,monotonic_reads,network_partition,reader-1,read,mr-fcecb323-d229-498f-954e-1a4656ce06d7,,613,ONE,ALL,cassandra-1,True,False,1.721,2026-09-16T13:00:33.974044+00:00,
fcecb323-d229-498f-954e-1a4656ce06d7,monotonic_reads,network_partition,writer-1,write,mr-fcecb323-d229-498f-954e-1a4656ce06d7,614,,,ALL,cassandra-1,True,False,3.119,2026-09-16T13:00:33.975691+00:00,
fcecb323-d229-498f-954e-1a4656ce06d7,monotonic_reads,network_partition,reader-1,read,mr-fcecb323-d229-498f-954e-1a4656ce06d7,,614,ONE,ALL,cassandra-2,True,False,2.758,2026-09-16T13:00:33.987028+00:00,
fcecb323-d229-498f-954e-1a4656ce06d7,monotonic_reads,network_partition,writer-1,write,mr-fcecb323-d229-498f-954e-1a4656ce06d7,615,,,ALL,cassandra-1,True,False,5.206,2026-09-16T13:00:34.001234+00:00,
fcecb323-d229-498f-954e-1a4656ce06d7,monotonic_reads,network_partition,reader-1,read,mr-fcecb323-d229-498f-954e-1a4656ce06d7,,615,ONE,ALL,cassandra-3,True,False,4.129,2026-09-16T13:00:34.001952+00:00,
fcecb323-d229-498f-954e-1a4656ce06d7,monotonic_reads,network_partition,reader-1,read,mr-fcecb323-d229-498f-954e-1a4656ce06d7,,615,ONE,ALL,cassandra-1,True,False,5.053,2026-09-16T13:00:34.019408+00:00,
fcecb323-d229-498f-954e-1a4656ce06d7,monotonic_reads,network_partition,writer-1,write,mr-fcecb323-d229-498f-954e-1a4656ce06d7,616,,,ALL,cassandra-1,True,False,6.812,2026-09-16T13:00:34.033154+00:00,
fcecb323-d229-498f-954e-1a4656ce06d7,monotonic_reads,network_partition,reader-1,read,mr-fcecb323-d229-498f-954e-1a4656ce06d7,,616,ONE,ALL,cassandra-2,True,False,3.202,2026-09-16T13:00:34.036548+00:00,
fcecb323-d229-498f-954e-1a4656ce06d7,monotonic_reads,network_partition,reader-1,read,mr-fcecb323-d229-498f-954e-1a4656ce06d7,,616,ONE,ALL,cassandra-3,True,False,4.55,2026-09-16T13:00:34.053634+00:00,
fcecb323-d229-498f-954e-1a4656ce06d7,monotonic_reads,network_partition,writer-1,write,mr-fcecb323-d229-498f-954e-1a4656ce06d7,617,,,ALL,cassandra-1,True,False,4.586,2026-09-16T13:00:34.058879+00:00,
fcecb323-d229-498f-954e-1a4656ce06d7,monotonic_reads,network_partition,reader-1,read,mr-fcecb323-d229-498f-954e-1a4656ce06d7,,617,ONE,ALL,cassandra-1,True,False,3.587,2026-09-16T13:00:34.067917+00:00,
fcecb323-d229-498f-954e-1a4656ce06d7,monotonic_reads,network_partition,reader-1,read,mr-fcecb323-d229-498f-954e-1a4656ce06d7,,617,ONE,ALL,cassandra-2,True,False,4.109,2026-09-16T13:00:34.084750+00:00,
fcecb323-d229-498f-954e-1a4656ce06d7,monotonic_reads,network_partition,writer-1,write,mr-fcecb323-d229-498f-954e-1a4656ce06d7,618,,,ALL,cassandra-1,True,False,6.65,2026-09-16T13:00:34.090031+00:00,
fcecb323-d229-498f-954e-1a4656ce06d7,monotonic_reads,network_partition,reader-1,read,mr-fcecb323-d229-498f-954e-1a4656ce06d7,,618,ONE,ALL,cassandra-3,True,False,4.409,2026-09-16T13:00:34.099748+00:00,
fcecb323-d229-498f-954e-1a4656ce06d7,monotonic_reads,network_partition,reader-1,read,mr-fcecb323-d229-498f-954e-1a4656ce06d7,,618,ONE,ALL,cassandra-1,True,False,1.352,2026-09-16T13:00:34.113280+00:00,
fcecb323-d229-498f-954e-1a4656ce06d7,monotonic_reads,network_partition,writer-1,write,mr-fcecb323-d229-498f-954e-1a4656ce06d7,619,,,ALL,cassandra-1,True,False,3.588,2026-09-16T13:00:34.114806+00:00,
fcecb323-d229-498f-954e-1a4656ce06d7,monotonic_reads,network_partition,reader-1,read,mr-fcecb323-d229-498f-954e-1a4656ce06d7,,619,ONE,ALL,cassandra-2,True,False,3.772,2026-09-16T13:00:34.128137+00:00,
fcecb323-d229-498f-954e-1a4656ce06d7,monotonic_reads,network_partition,writer-1,write,mr-fcecb323-d229-498f-954e-1a4656ce06d7,620,,,ALL,cassandra-1,True,False,4.534,2026-09-16T13:00:34.139874+00:00,
fcecb323-d229-498f-954e-1a4656ce06d7,monotonic_reads,network_partition,reader-1,read,mr-fcecb323-d229-498f-954e-1a4656ce06d7,,620,ONE,ALL,cassandra-3,True,False,1.872,2026-09-16T13:00:34.141209+00:00,
fcecb323-d229-498f-954e-1a4656ce06d7,monotonic_reads,network_partition,reader-1,read,mr-fcecb323-d229-498f-954e-1a4656ce06d7,,620,ONE,ALL,cassandra-1,True,False,3.374,2026-09-16T13:00:34.156699+00:00,
fcecb323-d229-498f-954e-1a4656ce06d7,monotonic_reads,network_partition,writer-1,write,mr-fcecb323-d229-498f-954e-1a4656ce06d7,621,,,ALL,cassandra-1,True,False,4.151,2026-09-16T13:00:34.164494+00:00,
fcecb323-d229-498f-954e-1a4656ce06d7,monotonic_reads,network_partition,reader-1,read,mr-fcecb323-d229-498f-954e-1a4656ce06d7,,621,ONE,ALL,cassandra-2,True,False,3.264,2026-09-16T13:00:34.170531+00:00,
fcecb323-d229-498f-954e-1a4656ce06d7,monotonic_reads,network_partition,reader-1,read,mr-fcecb323-d229-498f-954e-1a4656ce06d7,,621,ONE,ALL,cassandra-3,True,False,4.348,2026-09-16T13:00:34.186676+00:00,
fcecb323-d229-498f-954e-1a4656ce06d7,monotonic_reads,network_partition,writer-1,write,mr-fcecb323-d229-498f-954e-1a4656ce06d7,622,,,ALL,cassandra-1,True,False,5.016,2026-09-16T13:00:34.193287+00:00,
fcecb323-d229-498f-954e-1a4656ce06d7,monotonic_reads,network_partition,reader-1,read,mr-fcecb323-d229-498f-954e-1a4656ce06d7,,622,ONE,ALL,cassandra-1,True,False,4.745,2026-09-16T13:00:34.203094+00:00,
fcecb323-d229-498f-954e-1a4656ce06d7,monotonic_reads,network_partition,reader-1,read,mr-fcecb323-d229-498f-954e-1a4656ce06d7,,622,ONE,ALL,cassandra-2,True,False,3.692,2026-09-16T13:00:34.217545+00:00,
fcecb323-d229-498f-954e-1a4656ce06d7,monotonic_reads,network_partition,writer-1,write,mr-fcecb323-d229-498f-954e-1a4656ce06d7,623,,,ALL,cassandra-1,True,False,3.883,2026-09-16T13:00:34.220046+00:00,
fcecb323-d229-498f-954e-1a4656ce06d7,monotonic_reads,network_partition,reader-1,read,mr-fcecb323-d229-498f-954e-1a4656ce06d7,,623,ONE,ALL,cassandra-3,True,False,4.377,2026-09-16T13:00:34.234374+00:00,
fcecb323-d229-498f-954e-1a4656ce06d7,monotonic_reads,network_partition,writer-1,write,mr-fcecb323-d229-498f-954e-1a4656ce06d7,624,,,ALL,cassandra-1,True,False,4.759,2026-09-16T13:00:34.247086+00:00,
fcecb323-d229-498f-954e-1a4656ce06d7,monotonic_reads,network_partition,reader-1,read,mr-fcecb323-d229-498f-954e-1a4656ce06d7,,624,ONE,ALL,cassandra-1,True,False,4.009,2026-09-16T13:00:34.249742+00:00,
fcecb323-d229-498f-954e-1a4656ce06d7,monotonic_reads,network_partition,reader-1,read,mr-fcecb323-d229-498f-954e-1a4656ce06d7,,624,ONE,ALL,cassandra-2,True,False,2.958,2026-09-16T13:00:34.264281+00:00,
fcecb323-d229-498f-954e-1a4656ce06d7,monotonic_reads,network_partition,writer-1,write,mr-fcecb323-d229-498f-954e-1a4656ce06d7,625,,,ALL,cassandra-1,True,False,4.6,2026-09-16T13:00:34.273932+00:00,
fcecb323-d229-498f-954e-1a4656ce06d7,monotonic_reads,network_partition,reader-1,read,mr-fcecb323-d229-498f-954e-1a4656ce06d7,,625,ONE,ALL,cassandra-3,True,False,3.408,2026-09-16T13:00:34.280261+00:00,
fcecb323-d229-498f-954e-1a4656ce06d7,monotonic_reads,network_partition,reader-1,read,mr-fcecb323-d229-498f-954e-1a4656ce06d7,,625,ONE,ALL,cassandra-1,True,False,3.844,2026-09-16T13:00:34.295819+00:00,
fcecb323-d229-498f-954e-1a4656ce06d7,monotonic_reads,network_partition,writer-1,write,mr-fcecb323-d229-498f-954e-1a4656ce06d7,626,,,ALL,cassandra-1,True,False,5.281,2026-09-16T13:00:34.303974+00:00,
fcecb323-d229-498f-954e-1a4656ce06d7,monotonic_reads,network_partition,reader-1,read,mr-fcecb323-d229-498f-954e-1a4656ce06d7,,626,ONE,ALL,cassandra-2,True,False,4.06,2026-09-16T13:00:34.311797+00:00,
fcecb323-d229-498f-954e-1a4656ce06d7,monotonic_reads,network_partition,reader-1,read,mr-fcecb323-d229-498f-954e-1a4656ce06d7,,626,ONE,ALL,cassandra-3,True,False,3.52,2026-09-16T13:00:34.325839+00:00,
fcecb323-d229-498f-954e-1a4656ce06d7,monotonic_reads,network_partition,writer-1,write,mr-fcecb323-d229-498f-954e-1a4656ce06d7,627,,,ALL,cassandra-1,True,False,4.266,2026-09-16T13:00:34.332452+00:00,
fcecb323-d229-498f-954e-1a4656ce06d7,monotonic_reads,network_partition,reader-1,read,mr-fcecb323-d229-498f-954e-1a4656ce06d7,,627,ONE,ALL,cassandra-1,True,False,3.634,2026-09-16T13:00:34.341947+00:00,
fcecb323-d229-498f-954e-1a4656ce06d7,monotonic_reads,network_partition,reader-1,read,mr-fcecb323-d229-498f-954e-1a4656ce06d7,,627,ONE,ALL,cassandra-2,True,False,3.075,2026-09-16T13:00:34.357048+00:00,
fcecb323-d229-498f-954e-1a4656ce06d7,monotonic_reads,network_partition,writer-1,write,mr-fcecb323-d229-498f-954e-1a4656ce06d7,628,,,ALL,cassandra-1,True,False,4.438,2026-09-16T13:00:34.358941+00:00,
fcecb323-d229-498f-954e-1a4656ce06d7,monotonic_reads,network_partition,reader-1,read,mr-fcecb323-d229-498f-954e-1a4656ce06d7,,628,ONE,ALL,cassandra-3,True,False,2.643,2026-09-16T13:00:34.371965+00:00,
fcecb323-d229-498f-954e-1a4656ce06d7,monotonic_reads,network_partition,writer-1,write,mr-fcecb323-d229-498f-954e-1a4656ce06d7,629,,,ALL,cassandra-1,True,False,4.775,2026-09-16T13:00:34.384003+00:00,
fcecb323-d229-498f-954e-1a4656ce06d7,monotonic_reads,network_partition,reader-1,read,mr-fcecb323-d229-498f-954e-1a4656ce06d7,,629,ONE,ALL,cassandra-1,True,False,3.939,2026-09-16T13:00:34.388227+00:00,
fcecb323-d229-498f-954e-1a4656ce06d7,monotonic_reads,network_partition,reader-1,read,mr-fcecb323-d229-498f-954e-1a4656ce06d7,,629,ONE,ALL,cassandra-2,True,False,4.206,2026-09-16T13:00:34.403564+00:00,
fcecb323-d229-498f-954e-1a4656ce06d7,monotonic_reads,network_partition,writer-1,write,mr-fcecb323-d229-498f-954e-1a4656ce06d7,630,,,ALL,cassandra-1,True,False,4.71,2026-09-16T13:00:34.410033+00:00,
fcecb323-d229-498f-954e-1a4656ce06d7,monotonic_reads,network_partition,reader-1,read,mr-fcecb323-d229-498f-954e-1a4656ce06d7,,630,ONE,ALL,cassandra-3,True,False,3.276,2026-09-16T13:00:34.417593+00:00,
fcecb323-d229-498f-954e-1a4656ce06d7,monotonic_reads,network_partition,reader-1,read,mr-fcecb323-d229-498f-954e-1a4656ce06d7,,630,ONE,ALL,cassandra-1,True,False,3.16,2026-09-16T13:00:34.432482+00:00,
fcecb323-d229-498f-954e-1a4656ce06d7,monotonic_reads,network_partition,writer-1,write,mr-fcecb323-d229-498f-954e-1a4656ce06d7,631,,,ALL,cassandra-1,True,False,3.574,2026-09-16T13:00:34.436128+00:00,
fcecb323-d229-498f-954e-1a4656ce06d7,monotonic_reads,network_partition,reader-1,read,mr-fcecb323-d229-498f-954e-1a4656ce06d7,,631,ONE,ALL,cassandra-2,True,False,4.712,2026-09-16T13:00:34.449057+00:00,
fcecb323-d229-498f-954e-1a4656ce06d7,monotonic_reads,network_partition,reader-1,read,mr-fcecb323-d229-498f-954e-1a4656ce06d7,,631,ONE,ALL,cassandra-3,True,False,1.81,2026-09-16T13:00:34.462125+00:00,
fcecb323-d229-498f-954e-1a4656ce06d7,monotonic_reads,network_partition,writer-1,write,mr-fcecb323-d229-498f-954e-1a4656ce06d7,632,,,ALL,cassandra-1,True,False,3.294,2026-09-16T13:00:34.463918+00:00,
fcecb323-d229-498f-954e-1a4656ce06d7,monotonic_reads,network_partition,reader-1,read,mr-fcecb323-d229-498f-954e-1a4656ce06d7,,632,ONE,ALL,cassandra-1,True,False,3.565,2026-09-16T13:00:34.476906+00:00,
fcecb323-d229-498f-954e-1a4656ce06d7,monotonic_reads,network_partition,writer-1,write,mr-fcecb323-d229-498f-954e-1a4656ce06d7,633,,,ALL,cassandra-1,True,False,4.072,2026-09-16T13:00:34.490344+00:00,
fcecb323-d229-498f-954e-1a4656ce06d7,monotonic_reads,network_partition,reader-1,read,mr-fcecb323-d229-498f-954e-1a4656ce06d7,,633,ONE,ALL,cassandra-2,True,False,3.084,2026-09-16T13:00:34.491255+00:00,
fcecb323-d229-498f-954e-1a4656ce06d7,monotonic_reads,network_partition,reader-1,read,mr-fcecb323-d229-498f-954e-1a4656ce06d7,,633,ONE,ALL,cassandra-3,True,False,3.244,2026-09-16T13:00:34.505566+00:00,
fcecb323-d229-498f-954e-1a4656ce06d7,monotonic_reads,network_partition,writer-1,write,mr-fcecb323-d229-498f-954e-1a4656ce06d7,634,,,ALL,cassandra-1,True,False,3.991,2026-09-16T13:00:34.518307+00:00,
fcecb323-d229-498f-954e-1a4656ce06d7,monotonic_reads,network_partition,reader-1,read,mr-fcecb323-d229-498f-954e-1a4656ce06d7,,634,ONE,ALL,cassandra-1,True,False,3.48,2026-09-16T13:00:34.519699+00:00,
fcecb323-d229-498f-954e-1a4656ce06d7,monotonic_reads,network_partition,reader-1,read,mr-fcecb323-d229-498f-954e-1a4656ce06d7,,634,ONE,ALL,cassandra-2,True,False,2.767,2026-09-16T13:00:34.534091+00:00,
fcecb323-d229-498f-954e-1a4656ce06d7,monotonic_reads,network_partition,writer-1,write,mr-fcecb323-d229-498f-954e-1a4656ce06d7,635,,,ALL,cassandra-1,True,False,3.949,2026-09-16T13:00:34.546278+00:00,
fcecb323-d229-498f-954e-1a4656ce06d7,monotonic_reads,network_partition,reader-1,read,mr-fcecb323-d229-498f-954e-1a4656ce06d7,,635,ONE,ALL,cassandra-3,True,False,2.639,2026-09-16T13:00:34.547895+00:00,
fcecb323-d229-498f-954e-1a4656ce06d7,monotonic_reads,network_partition,reader-1,read,mr-fcecb323-d229-498f-954e-1a4656ce06d7,,635,ONE,ALL,cassandra-1,True,False,2.884,2026-09-16T13:00:34.561055+00:00,
fcecb323-d229-498f-954e-1a4656ce06d7,monotonic_reads,network_partition,writer-1,write,mr-fcecb323-d229-498f-954e-1a4656ce06d7,636,,,ALL,cassandra-1,True,False,4.725,2026-09-16T13:00:34.572056+00:00,
fcecb323-d229-498f-954e-1a4656ce06d7,monotonic_reads,network_partition,reader-1,read,mr-fcecb323-d229-498f-954e-1a4656ce06d7,,636,ONE,ALL,cassandra-2,True,False,3.172,2026-09-16T13:00:34.575422+00:00,
fcecb323-d229-498f-954e-1a4656ce06d7,monotonic_reads,network_partition,reader-1,read,mr-fcecb323-d229-498f-954e-1a4656ce06d7,,636,ONE,ALL,cassandra-3,True,False,2.751,2026-09-16T13:00:34.590433+00:00,
fcecb323-d229-498f-954e-1a4656ce06d7,monotonic_reads,network_partition,writer-1,write,mr-fcecb323-d229-498f-954e-1a4656ce06d7,637,,,ALL,cassandra-1,True,False,4.047,2026-09-16T13:00:34.598251+00:00,
fcecb323-d229-498f-954e-1a4656ce06d7,monotonic_reads,network_partition,reader-1,read,mr-fcecb323-d229-498f-954e-1a4656ce06d7,,637,ONE,ALL,cassandra-1,True,False,3.239,2026-09-16T13:00:34.604554+00:00,
fcecb323-d229-498f-954e-1a4656ce06d7,monotonic_reads,network_partition,reader-1,read,mr-fcecb323-d229-498f-954e-1a4656ce06d7,,637,ONE,ALL,cassandra-2,True,False,2.158,2026-09-16T13:00:34.619365+00:00,
fcecb323-d229-498f-954e-1a4656ce06d7,monotonic_reads,network_partition,writer-1,write,mr-fcecb323-d229-498f-954e-1a4656ce06d7,638,,,ALL,cassandra-1,True,False,3.277,2026-09-16T13:00:34.626740+00:00,
fcecb323-d229-498f-954e-1a4656ce06d7,monotonic_reads,network_partition,reader-1,read,mr-fcecb323-d229-498f-954e-1a4656ce06d7,,638,ONE,ALL,cassandra-3,True,False,2.524,2026-09-16T13:00:34.634463+00:00,
fcecb323-d229-498f-954e-1a4656ce06d7,monotonic_reads,network_partition,reader-1,read,mr-fcecb323-d229-498f-954e-1a4656ce06d7,,638,ONE,ALL,cassandra-1,True,False,3.891,2026-09-16T13:00:34.651041+00:00,
fcecb323-d229-498f-954e-1a4656ce06d7,monotonic_reads,network_partition,writer-1,write,mr-fcecb323-d229-498f-954e-1a4656ce06d7,639,,,ALL,cassandra-1,True,False,4.225,2026-09-16T13:00:34.651919+00:00,
fcecb323-d229-498f-954e-1a4656ce06d7,monotonic_reads,network_partition,reader-1,read,mr-fcecb323-d229-498f-954e-1a4656ce06d7,,639,ONE,ALL,cassandra-2,True,False,2.679,2026-09-16T13:00:34.665242+00:00,
fcecb323-d229-498f-954e-1a4656ce06d7,monotonic_reads,network_partition,writer-1,write,mr-fcecb323-d229-498f-954e-1a4656ce06d7,640,,,ALL,cassandra-1,True,False,3.494,2026-09-16T13:00:34.678831+00:00,
fcecb323-d229-498f-954e-1a4656ce06d7,monotonic_reads,network_partition,reader-1,read,mr-fcecb323-d229-498f-954e-1a4656ce06d7,,640,ONE,ALL,cassandra-3,True,False,2.095,2026-09-16T13:00:34.679848+00:00,
fcecb323-d229-498f-954e-1a4656ce06d7,monotonic_reads,network_partition,reader-1,read,mr-fcecb323-d229-498f-954e-1a4656ce06d7,,640,ONE,ALL,cassandra-1,True,False,3.28,2026-09-16T13:00:34.694609+00:00,
fcecb323-d229-498f-954e-1a4656ce06d7,monotonic_reads,network_partition,writer-1,write,mr-fcecb323-d229-498f-954e-1a4656ce06d7,641,,,ALL,cassandra-1,True,False,4.444,2026-09-16T13:00:34.707443+00:00,
fcecb323-d229-498f-954e-1a4656ce06d7,monotonic_reads,network_partition,reader-1,read,mr-fcecb323-d229-498f-954e-1a4656ce06d7,,641,ONE,ALL,cassandra-2,True,False,2.949,2026-09-16T13:00:34.709261+00:00,
fcecb323-d229-498f-954e-1a4656ce06d7,monotonic_reads,network_partition,reader-1,read,mr-fcecb323-d229-498f-954e-1a4656ce06d7,,641,ONE,ALL,cassandra-3,True,False,3.062,2026-09-16T13:00:34.723351+00:00,
fcecb323-d229-498f-954e-1a4656ce06d7,monotonic_reads,network_partition,writer-1,write,mr-fcecb323-d229-498f-954e-1a4656ce06d7,642,,,ALL,cassandra-1,True,False,5.397,2026-09-16T13:00:34.737779+00:00,
fcecb323-d229-498f-954e-1a4656ce06d7,monotonic_reads,network_partition,reader-1,read,mr-fcecb323-d229-498f-954e-1a4656ce06d7,,642,ONE,ALL,cassandra-1,True,False,3.635,2026-09-16T13:00:34.739478+00:00,
fcecb323-d229-498f-954e-1a4656ce06d7,monotonic_reads,network_partition,reader-1,read,mr-fcecb323-d229-498f-954e-1a4656ce06d7,,642,ONE,ALL,cassandra-2,True,False,3.204,2026-09-16T13:00:34.755153+00:00,
fcecb323-d229-498f-954e-1a4656ce06d7,monotonic_reads,network_partition,writer-1,write,mr-fcecb323-d229-498f-954e-1a4656ce06d7,643,,,ALL,cassandra-1,True,False,5.574,2026-09-16T13:00:34.766210+00:00,
fcecb323-d229-498f-954e-1a4656ce06d7,monotonic_reads,network_partition,reader-1,read,mr-fcecb323-d229-498f-954e-1a4656ce06d7,,643,ONE,ALL,cassandra-3,True,False,3.894,2026-09-16T13:00:34.770202+00:00,
fcecb323-d229-498f-954e-1a4656ce06d7,monotonic_reads,network_partition,reader-1,read,mr-fcecb323-d229-498f-954e-1a4656ce06d7,,643,ONE,ALL,cassandra-1,True,False,1.922,2026-09-16T13:00:34.784259+00:00,
fcecb323-d229-498f-954e-1a4656ce06d7,monotonic_reads,network_partition,writer-1,write,mr-fcecb323-d229-498f-954e-1a4656ce06d7,644,,,ALL,cassandra-1,True,False,3.963,2026-09-16T13:00:34.792276+00:00,
fcecb323-d229-498f-954e-1a4656ce06d7,monotonic_reads,network_partition,reader-1,read,mr-fcecb323-d229-498f-954e-1a4656ce06d7,,644,ONE,ALL,cassandra-2,True,False,3.115,2026-09-16T13:00:34.798426+00:00,
fcecb323-d229-498f-954e-1a4656ce06d7,monotonic_reads,network_partition,reader-1,read,mr-fcecb323-d229-498f-954e-1a4656ce06d7,,644,ONE,ALL,cassandra-3,True,False,2.185,2026-09-16T13:00:34.811505+00:00,
fcecb323-d229-498f-954e-1a4656ce06d7,monotonic_reads,network_partition,writer-1,write,mr-fcecb323-d229-498f-954e-1a4656ce06d7,645,,,ALL,cassandra-1,True,False,4.781,2026-09-16T13:00:34.820125+00:00,
fcecb323-d229-498f-954e-1a4656ce06d7,monotonic_reads,network_partition,reader-1,read,mr-fcecb323-d229-498f-954e-1a4656ce06d7,,645,ONE,ALL,cassandra-1,True,False,3.472,2026-09-16T13:00:34.825781+00:00,
fcecb323-d229-498f-954e-1a4656ce06d7,monotonic_reads,network_partition,reader-1,read,mr-fcecb323-d229-498f-954e-1a4656ce06d7,,645,ONE,ALL,cassandra-2,True,False,3.27,2026-09-16T13:00:34.840291+00:00,
fcecb323-d229-498f-954e-1a4656ce06d7,monotonic_reads,network_partition,writer-1,write,mr-fcecb323-d229-498f-954e-1a4656ce06d7,646,,,ALL,cassandra-1,True,False,3.737,2026-09-16T13:00:34.844132+00:00,
fcecb323-d229-498f-954e-1a4656ce06d7,monotonic_reads,network_partition,reader-1,read,mr-fcecb323-d229-498f-954e-1a4656ce06d7,,646,ONE,ALL,cassandra-3,True,False,2.743,2026-09-16T13:00:34.854070+00:00,
fcecb323-d229-498f-954e-1a4656ce06d7,monotonic_reads,network_partition,reader-1,read,mr-fcecb323-d229-498f-954e-1a4656ce06d7,,646,ONE,ALL,cassandra-1,True,False,3.007,2026-09-16T13:00:34.867316+00:00,
fcecb323-d229-498f-954e-1a4656ce06d7,monotonic_reads,network_partition,writer-1,write,mr-fcecb323-d229-498f-954e-1a4656ce06d7,647,,,ALL,cassandra-1,True,False,3.452,2026-09-16T13:00:34.871956+00:00,
fcecb323-d229-498f-954e-1a4656ce06d7,monotonic_reads,network_partition,reader-1,read,mr-fcecb323-d229-498f-954e-1a4656ce06d7,,647,ONE,ALL,cassandra-2,True,False,4.061,2026-09-16T13:00:34.882945+00:00,
fcecb323-d229-498f-954e-1a4656ce06d7,monotonic_reads,network_partition,reader-1,read,mr-fcecb323-d229-498f-954e-1a4656ce06d7,,647,ONE,ALL,cassandra-3,True,False,3.619,2026-09-16T13:00:34.896941+00:00,
fcecb323-d229-498f-954e-1a4656ce06d7,monotonic_reads,network_partition,writer-1,write,mr-fcecb323-d229-498f-954e-1a4656ce06d7,648,,,ALL,cassandra-1,True,False,4.741,2026-09-16T13:00:34.899060+00:00,
fcecb323-d229-498f-954e-1a4656ce06d7,monotonic_reads,network_partition,reader-1,read,mr-fcecb323-d229-498f-954e-1a4656ce06d7,,648,ONE,ALL,cassandra-1,True,False,4.28,2026-09-16T13:00:34.912621+00:00,
fcecb323-d229-498f-954e-1a4656ce06d7,monotonic_reads,network_partition,writer-1,write,mr-fcecb323-d229-498f-954e-1a4656ce06d7,649,,,ALL,cassandra-1,True,False,5.139,2026-09-16T13:00:34.925449+00:00,
fcecb323-d229-498f-954e-1a4656ce06d7,monotonic_reads,network_partition,reader-1,read,mr-fcecb323-d229-498f-954e-1a4656ce06d7,,649,ONE,ALL,cassandra-2,True,False,4.067,2026-09-16T13:00:34.929645+00:00,
fcecb323-d229-498f-954e-1a4656ce06d7,monotonic_reads,network_partition,reader-1,read,mr-fcecb323-d229-498f-954e-1a4656ce06d7,,649,ONE,ALL,cassandra-3,True,False,3.404,2026-09-16T13:00:34.943795+00:00,
fcecb323-d229-498f-954e-1a4656ce06d7,monotonic_reads,network_partition,writer-1,write,mr-fcecb323-d229-498f-954e-1a4656ce06d7,650,,,ALL,cassandra-1,True,False,4.042,2026-09-16T13:00:34.950837+00:00,
fcecb323-d229-498f-954e-1a4656ce06d7,monotonic_reads,network_partition,reader-1,read,mr-fcecb323-d229-498f-954e-1a4656ce06d7,,650,ONE,ALL,cassandra-1,True,False,3.805,2026-09-16T13:00:34.958131+00:00,
fcecb323-d229-498f-954e-1a4656ce06d7,monotonic_reads,network_partition,reader-1,read,mr-fcecb323-d229-498f-954e-1a4656ce06d7,,650,ONE,ALL,cassandra-2,True,False,1.803,2026-09-16T13:00:34.970979+00:00,
fcecb323-d229-498f-954e-1a4656ce06d7,monotonic_reads,network_partition,writer-1,write,mr-fcecb323-d229-498f-954e-1a4656ce06d7,651,,,ALL,cassandra-1,True,False,3.541,2026-09-16T13:00:34.975804+00:00,
fcecb323-d229-498f-954e-1a4656ce06d7,monotonic_reads,network_partition,reader-1,read,mr-fcecb323-d229-498f-954e-1a4656ce06d7,,651,ONE,ALL,cassandra-3,True,False,3.359,2026-09-16T13:00:34.985686+00:00,
fcecb323-d229-498f-954e-1a4656ce06d7,monotonic_reads,network_partition,reader-1,read,mr-fcecb323-d229-498f-954e-1a4656ce06d7,,651,ONE,ALL,cassandra-1,True,False,3.406,2026-09-16T13:00:35.000698+00:00,
fcecb323-d229-498f-954e-1a4656ce06d7,monotonic_reads,network_partition,writer-1,write,mr-fcecb323-d229-498f-954e-1a4656ce06d7,652,,,ALL,cassandra-1,True,False,4.165,2026-09-16T13:00:35.001859+00:00,
fcecb323-d229-498f-954e-1a4656ce06d7,monotonic_reads,network_partition,reader-1,read,mr-fcecb323-d229-498f-954e-1a4656ce06d7,,652,ONE,ALL,cassandra-2,True,False,3.115,2026-09-16T13:00:35.015060+00:00,
fcecb323-d229-498f-954e-1a4656ce06d7,monotonic_reads,network_partition,writer-1,write,mr-fcecb323-d229-498f-954e-1a4656ce06d7,653,,,ALL,cassandra-1,True,False,4.765,2026-09-16T13:00:35.027021+00:00,
fcecb323-d229-498f-954e-1a4656ce06d7,monotonic_reads,network_partition,reader-1,read,mr-fcecb323-d229-498f-954e-1a4656ce06d7,,653,ONE,ALL,cassandra-3,True,False,2.764,2026-09-16T13:00:35.030071+00:00,
fcecb323-d229-498f-954e-1a4656ce06d7,monotonic_reads,network_partition,reader-1,read,mr-fcecb323-d229-498f-954e-1a4656ce06d7,,653,ONE,ALL,cassandra-1,True,False,6.157,2026-09-16T13:00:35.048861+00:00,
fcecb323-d229-498f-954e-1a4656ce06d7,monotonic_reads,network_partition,writer-1,write,mr-fcecb323-d229-498f-954e-1a4656ce06d7,654,,,ALL,cassandra-1,True,False,16.334,2026-09-16T13:00:35.068267+00:00,
fcecb323-d229-498f-954e-1a4656ce06d7,monotonic_reads,network_partition,reader-1,read,mr-fcecb323-d229-498f-954e-1a4656ce06d7,,654,ONE,ALL,cassandra-2,True,False,8.986,2026-09-16T13:00:35.069624+00:00,
fcecb323-d229-498f-954e-1a4656ce06d7,monotonic_reads,network_partition,reader-1,read,mr-fcecb323-d229-498f-954e-1a4656ce06d7,,654,ONE,ALL,cassandra-3,True,False,1.998,2026-09-16T13:00:35.084301+00:00,
fcecb323-d229-498f-954e-1a4656ce06d7,monotonic_reads,network_partition,writer-1,write,mr-fcecb323-d229-498f-954e-1a4656ce06d7,655,,,ALL,cassandra-1,True,False,4.024,2026-09-16T13:00:35.093138+00:00,
fcecb323-d229-498f-954e-1a4656ce06d7,monotonic_reads,network_partition,reader-1,read,mr-fcecb323-d229-498f-954e-1a4656ce06d7,,655,ONE,ALL,cassandra-1,True,False,3.347,2026-09-16T13:00:35.099663+00:00,
fcecb323-d229-498f-954e-1a4656ce06d7,monotonic_reads,network_partition,reader-1,read,mr-fcecb323-d229-498f-954e-1a4656ce06d7,,655,ONE,ALL,cassandra-2,True,False,2.995,2026-09-16T13:00:35.114944+00:00,
fcecb323-d229-498f-954e-1a4656ce06d7,monotonic_reads,network_partition,writer-1,write,mr-fcecb323-d229-498f-954e-1a4656ce06d7,656,,,ALL,cassandra-1,True,False,4.864,2026-09-16T13:00:35.119027+00:00,
fcecb323-d229-498f-954e-1a4656ce06d7,monotonic_reads,network_partition,reader-1,read,mr-fcecb323-d229-498f-954e-1a4656ce06d7,,656,ONE,ALL,cassandra-3,True,False,2.244,2026-09-16T13:00:35.128565+00:00,
fcecb323-d229-498f-954e-1a4656ce06d7,monotonic_reads,network_partition,reader-1,read,mr-fcecb323-d229-498f-954e-1a4656ce06d7,,656,ONE,ALL,cassandra-1,True,False,2.242,2026-09-16T13:00:35.141546+00:00,
fcecb323-d229-498f-954e-1a4656ce06d7,monotonic_reads,network_partition,writer-1,write,mr-fcecb323-d229-498f-954e-1a4656ce06d7,657,,,ALL,cassandra-1,True,False,3.86,2026-09-16T13:00:35.144339+00:00,
fcecb323-d229-498f-954e-1a4656ce06d7,monotonic_reads,network_partition,reader-1,read,mr-fcecb323-d229-498f-954e-1a4656ce06d7,,657,ONE,ALL,cassandra-2,True,False,2.192,2026-09-16T13:00:35.154512+00:00,
fcecb323-d229-498f-954e-1a4656ce06d7,monotonic_reads,network_partition,reader-1,read,mr-fcecb323-d229-498f-954e-1a4656ce06d7,,657,ONE,ALL,cassandra-3,True,False,3.289,2026-09-16T13:00:35.169606+00:00,
fcecb323-d229-498f-954e-1a4656ce06d7,monotonic_reads,network_partition,writer-1,write,mr-fcecb323-d229-498f-954e-1a4656ce06d7,658,,,ALL,cassandra-1,True,False,4.63,2026-09-16T13:00:35.173127+00:00,
fcecb323-d229-498f-954e-1a4656ce06d7,monotonic_reads,network_partition,reader-1,read,mr-fcecb323-d229-498f-954e-1a4656ce06d7,,658,ONE,ALL,cassandra-1,True,False,3.401,2026-09-16T13:00:35.183702+00:00,
fcecb323-d229-498f-954e-1a4656ce06d7,monotonic_reads,network_partition,writer-1,write,mr-fcecb323-d229-498f-954e-1a4656ce06d7,659,,,ALL,cassandra-1,True,False,3.971,2026-09-16T13:00:35.198283+00:00,
fcecb323-d229-498f-954e-1a4656ce06d7,monotonic_reads,network_partition,reader-1,read,mr-fcecb323-d229-498f-954e-1a4656ce06d7,,659,ONE,ALL,cassandra-2,True,False,3.731,2026-09-16T13:00:35.199027+00:00,
fcecb323-d229-498f-954e-1a4656ce06d7,monotonic_reads,network_partition,reader-1,read,mr-fcecb323-d229-498f-954e-1a4656ce06d7,,659,ONE,ALL,cassandra-3,True,False,3.146,2026-09-16T13:00:35.212471+00:00,
fcecb323-d229-498f-954e-1a4656ce06d7,monotonic_reads,network_partition,reader-1,read,mr-fcecb323-d229-498f-954e-1a4656ce06d7,,660,ONE,ALL,cassandra-1,True,False,3.015,2026-09-16T13:00:35.226275+00:00,
fcecb323-d229-498f-954e-1a4656ce06d7,monotonic_reads,network_partition,writer-1,write,mr-fcecb323-d229-498f-954e-1a4656ce06d7,660,,,ALL,cassandra-1,True,False,5.495,2026-09-16T13:00:35.226710+00:00,
fcecb323-d229-498f-954e-1a4656ce06d7,monotonic_reads,network_partition,reader-1,read,mr-fcecb323-d229-498f-954e-1a4656ce06d7,,660,ONE,ALL,cassandra-2,True,False,3.756,2026-09-16T13:00:35.242666+00:00,
fcecb323-d229-498f-954e-1a4656ce06d7,monotonic_reads,network_partition,writer-1,write,mr-fcecb323-d229-498f-954e-1a4656ce06d7,661,,,ALL,cassandra-1,True,False,5.847,2026-09-16T13:00:35.253164+00:00,
fcecb323-d229-498f-954e-1a4656ce06d7,monotonic_reads,network_partition,reader-1,read,mr-fcecb323-d229-498f-954e-1a4656ce06d7,,661,ONE,ALL,cassandra-3,True,False,3.736,2026-09-16T13:00:35.257410+00:00,
fcecb323-d229-498f-954e-1a4656ce06d7,monotonic_reads,network_partition,reader-1,read,mr-fcecb323-d229-498f-954e-1a4656ce06d7,,661,ONE,ALL,cassandra-1,True,False,2.829,2026-09-16T13:00:35.272166+00:00,
fcecb323-d229-498f-954e-1a4656ce06d7,monotonic_reads,network_partition,writer-1,write,mr-fcecb323-d229-498f-954e-1a4656ce06d7,662,,,ALL,cassandra-1,True,False,4.836,2026-09-16T13:00:35.281481+00:00,
fcecb323-d229-498f-954e-1a4656ce06d7,monotonic_reads,network_partition,reader-1,read,mr-fcecb323-d229-498f-954e-1a4656ce06d7,,662,ONE,ALL,cassandra-2,True,False,2.649,2026-09-16T13:00:35.285973+00:00,
fcecb323-d229-498f-954e-1a4656ce06d7,monotonic_reads,network_partition,reader-1,read,mr-fcecb323-d229-498f-954e-1a4656ce06d7,,662,ONE,ALL,cassandra-3,True,False,3.455,2026-09-16T13:00:35.300761+00:00,
fcecb323-d229-498f-954e-1a4656ce06d7,monotonic_reads,network_partition,writer-1,write,mr-fcecb323-d229-498f-954e-1a4656ce06d7,663,,,ALL,cassandra-1,True,False,5.737,2026-09-16T13:00:35.308032+00:00,
fcecb323-d229-498f-954e-1a4656ce06d7,monotonic_reads,network_partition,reader-1,read,mr-fcecb323-d229-498f-954e-1a4656ce06d7,,663,ONE,ALL,cassandra-1,True,False,4.194,2026-09-16T13:00:35.316139+00:00,
fcecb323-d229-498f-954e-1a4656ce06d7,monotonic_reads,network_partition,reader-1,read,mr-fcecb323-d229-498f-954e-1a4656ce06d7,,663,ONE,ALL,cassandra-2,True,False,3.975,2026-09-16T13:00:35.331283+00:00,
fcecb323-d229-498f-954e-1a4656ce06d7,monotonic_reads,network_partition,writer-1,write,mr-fcecb323-d229-498f-954e-1a4656ce06d7,664,,,ALL,cassandra-1,True,False,3.742,2026-09-16T13:00:35.336217+00:00,
fcecb323-d229-498f-954e-1a4656ce06d7,monotonic_reads,network_partition,reader-1,read,mr-fcecb323-d229-498f-954e-1a4656ce06d7,,664,ONE,ALL,cassandra-3,True,False,3.07,2026-09-16T13:00:35.345370+00:00,
fcecb323-d229-498f-954e-1a4656ce06d7,monotonic_reads,network_partition,reader-1,read,mr-fcecb323-d229-498f-954e-1a4656ce06d7,,664,ONE,ALL,cassandra-1,True,False,4.789,2026-09-16T13:00:35.361113+00:00,
fcecb323-d229-498f-954e-1a4656ce06d7,monotonic_reads,network_partition,writer-1,write,mr-fcecb323-d229-498f-954e-1a4656ce06d7,665,,,ALL,cassandra-1,True,False,5.335,2026-09-16T13:00:35.365170+00:00,
fcecb323-d229-498f-954e-1a4656ce06d7,monotonic_reads,network_partition,reader-1,read,mr-fcecb323-d229-498f-954e-1a4656ce06d7,,665,ONE,ALL,cassandra-2,True,False,3.129,2026-09-16T13:00:35.376435+00:00,
fcecb323-d229-498f-954e-1a4656ce06d7,monotonic_reads,network_partition,writer-1,write,mr-fcecb323-d229-498f-954e-1a4656ce06d7,666,,,ALL,cassandra-1,True,False,4.872,2026-09-16T13:00:35.390255+00:00,
fcecb323-d229-498f-954e-1a4656ce06d7,monotonic_reads,network_partition,reader-1,read,mr-fcecb323-d229-498f-954e-1a4656ce06d7,,666,ONE,ALL,cassandra-3,True,False,16.391,2026-09-16T13:00:35.404582+00:00,
fcecb323-d229-498f-954e-1a4656ce06d7,monotonic_reads,network_partition,writer-1,write,mr-fcecb323-d229-498f-954e-1a4656ce06d7,667,,,ALL,cassandra-1,True,False,4.146,2026-09-16T13:00:35.415065+00:00,
fcecb323-d229-498f-954e-1a4656ce06d7,monotonic_reads,network_partition,reader-1,read,mr-fcecb323-d229-498f-954e-1a4656ce06d7,,667,ONE,ALL,cassandra-1,True,False,2.802,2026-09-16T13:00:35.420130+00:00,
fcecb323-d229-498f-954e-1a4656ce06d7,monotonic_reads,network_partition,reader-1,read,mr-fcecb323-d229-498f-954e-1a4656ce06d7,,667,ONE,ALL,cassandra-2,True,False,1.705,2026-09-16T13:00:35.433650+00:00,
fcecb323-d229-498f-954e-1a4656ce06d7,monotonic_reads,network_partition,writer-1,write,mr-fcecb323-d229-498f-954e-1a4656ce06d7,668,,,ALL,cassandra-1,True,False,12.157,2026-09-16T13:00:35.451568+00:00,
fcecb323-d229-498f-954e-1a4656ce06d7,monotonic_reads,network_partition,reader-1,read,mr-fcecb323-d229-498f-954e-1a4656ce06d7,,668,ONE,ALL,cassandra-3,True,False,8.467,2026-09-16T13:00:35.452737+00:00,
fcecb323-d229-498f-954e-1a4656ce06d7,monotonic_reads,network_partition,reader-1,read,mr-fcecb323-d229-498f-954e-1a4656ce06d7,,668,ONE,ALL,cassandra-1,True,False,4.489,2026-09-16T13:00:35.469310+00:00,
fcecb323-d229-498f-954e-1a4656ce06d7,monotonic_reads,network_partition,writer-1,write,mr-fcecb323-d229-498f-954e-1a4656ce06d7,669,,,ALL,cassandra-1,True,False,3.568,2026-09-16T13:00:35.477444+00:00,
fcecb323-d229-498f-954e-1a4656ce06d7,monotonic_reads,network_partition,reader-1,read,mr-fcecb323-d229-498f-954e-1a4656ce06d7,,669,ONE,ALL,cassandra-2,True,False,2.928,2026-09-16T13:00:35.484233+00:00,
fcecb323-d229-498f-954e-1a4656ce06d7,monotonic_reads,network_partition,reader-1,read,mr-fcecb323-d229-498f-954e-1a4656ce06d7,,669,ONE,ALL,cassandra-3,True,False,3.227,2026-09-16T13:00:35.500131+00:00,
fcecb323-d229-498f-954e-1a4656ce06d7,monotonic_reads,network_partition,writer-1,write,mr-fcecb323-d229-498f-954e-1a4656ce06d7,670,,,ALL,cassandra-1,True,False,3.82,2026-09-16T13:00:35.505123+00:00,
fcecb323-d229-498f-954e-1a4656ce06d7,monotonic_reads,network_partition,reader-1,read,mr-fcecb323-d229-498f-954e-1a4656ce06d7,,670,ONE,ALL,cassandra-1,True,False,3.553,2026-09-16T13:00:35.515482+00:00,
fcecb323-d229-498f-954e-1a4656ce06d7,monotonic_reads,network_partition,reader-1,read,mr-fcecb323-d229-498f-954e-1a4656ce06d7,,670,ONE,ALL,cassandra-2,True,False,3.878,2026-09-16T13:00:35.530193+00:00,
fcecb323-d229-498f-954e-1a4656ce06d7,monotonic_reads,network_partition,writer-1,write,mr-fcecb323-d229-498f-954e-1a4656ce06d7,671,,,ALL,cassandra-1,True,False,4.177,2026-09-16T13:00:35.530862+00:00,
fcecb323-d229-498f-954e-1a4656ce06d7,monotonic_reads,network_partition,reader-1,read,mr-fcecb323-d229-498f-954e-1a4656ce06d7,,671,ONE,ALL,cassandra-3,True,False,3.07,2026-09-16T13:00:35.545391+00:00,
fcecb323-d229-498f-954e-1a4656ce06d7,monotonic_reads,network_partition,reader-1,read,mr-fcecb323-d229-498f-954e-1a4656ce06d7,,671,ONE,ALL,cassandra-1,True,False,11.686,2026-09-16T13:00:35.568561+00:00,
fcecb323-d229-498f-954e-1a4656ce06d7,monotonic_reads,network_partition,writer-1,write,mr-fcecb323-d229-498f-954e-1a4656ce06d7,672,,,ALL,cassandra-1,True,False,13.463,2026-09-16T13:00:35.568991+00:00,
fcecb323-d229-498f-954e-1a4656ce06d7,monotonic_reads,network_partition,reader-1,read,mr-fcecb323-d229-498f-954e-1a4656ce06d7,,672,ONE,ALL,cassandra-2,True,False,2.57,2026-09-16T13:00:35.583828+00:00,
fcecb323-d229-498f-954e-1a4656ce06d7,monotonic_reads,network_partition,reader-1,read,mr-fcecb323-d229-498f-954e-1a4656ce06d7,,672,ONE,ALL,cassandra-3,True,False,2.433,2026-09-16T13:00:35.596801+00:00,
fcecb323-d229-498f-954e-1a4656ce06d7,monotonic_reads,network_partition,writer-1,write,mr-fcecb323-d229-498f-954e-1a4656ce06d7,673,,,ALL,cassandra-1,True,False,3.928,2026-09-16T13:00:35.597870+00:00,
fcecb323-d229-498f-954e-1a4656ce06d7,monotonic_reads,network_partition,reader-1,read,mr-fcecb323-d229-498f-954e-1a4656ce06d7,,673,ONE,ALL,cassandra-1,True,False,10.908,2026-09-16T13:00:35.618193+00:00,
fcecb323-d229-498f-954e-1a4656ce06d7,monotonic_reads,network_partition,writer-1,write,mr-fcecb323-d229-498f-954e-1a4656ce06d7,674,,,ALL,cassandra-1,True,False,3.74,2026-09-16T13:00:35.622072+00:00,
fcecb323-d229-498f-954e-1a4656ce06d7,monotonic_reads,network_partition,reader-1,read,mr-fcecb323-d229-498f-954e-1a4656ce06d7,,674,ONE,ALL,cassandra-2,True,False,4.101,2026-09-16T13:00:35.633296+00:00,
fcecb323-d229-498f-954e-1a4656ce06d7,monotonic_reads,network_partition,reader-1,read,mr-fcecb323-d229-498f-954e-1a4656ce06d7,,674,ONE,ALL,cassandra-3,True,False,3.697,2026-09-16T13:00:35.649626+00:00,
fcecb323-d229-498f-954e-1a4656ce06d7,monotonic_reads,network_partition,writer-1,write,mr-fcecb323-d229-498f-954e-1a4656ce06d7,675,,,ALL,cassandra-1,True,False,6.853,2026-09-16T13:00:35.651064+00:00,
fcecb323-d229-498f-954e-1a4656ce06d7,monotonic_reads,network_partition,reader-1,read,mr-fcecb323-d229-498f-954e-1a4656ce06d7,,675,ONE,ALL,cassandra-1,True,False,4.241,2026-09-16T13:00:35.665560+00:00,
fcecb323-d229-498f-954e-1a4656ce06d7,monotonic_reads,network_partition,writer-1,write,mr-fcecb323-d229-498f-954e-1a4656ce06d7,676,,,ALL,cassandra-1,True,False,4.718,2026-09-16T13:00:35.679269+00:00,
fcecb323-d229-498f-954e-1a4656ce06d7,monotonic_reads,network_partition,reader-1,read,mr-fcecb323-d229-498f-954e-1a4656ce06d7,,676,ONE,ALL,cassandra-2,True,False,3.656,2026-09-16T13:00:35.681397+00:00,
fcecb323-d229-498f-954e-1a4656ce06d7,monotonic_reads,network_partition,reader-1,read,mr-fcecb323-d229-498f-954e-1a4656ce06d7,,676,ONE,ALL,cassandra-3,True,False,3.046,2026-09-16T13:00:35.695322+00:00,
fcecb323-d229-498f-954e-1a4656ce06d7,monotonic_reads,network_partition,writer-1,write,mr-fcecb323-d229-498f-954e-1a4656ce06d7,677,,,ALL,cassandra-1,True,False,4.891,2026-09-16T13:00:35.707206+00:00,
fcecb323-d229-498f-954e-1a4656ce06d7,monotonic_reads,network_partition,reader-1,read,mr-fcecb323-d229-498f-954e-1a4656ce06d7,,677,ONE,ALL,cassandra-1,True,False,3.751,2026-09-16T13:00:35.711068+00:00,
fcecb323-d229-498f-954e-1a4656ce06d7,monotonic_reads,network_partition,reader-1,read,mr-fcecb323-d229-498f-954e-1a4656ce06d7,,677,ONE,ALL,cassandra-2,True,False,15.777,2026-09-16T13:00:35.739028+00:00,
fcecb323-d229-498f-954e-1a4656ce06d7,monotonic_reads,network_partition,writer-1,write,mr-fcecb323-d229-498f-954e-1a4656ce06d7,678,,,ALL,cassandra-1,True,False,12.741,2026-09-16T13:00:35.741045+00:00,
fcecb323-d229-498f-954e-1a4656ce06d7,monotonic_reads,network_partition,reader-1,read,mr-fcecb323-d229-498f-954e-1a4656ce06d7,,678,ONE,ALL,cassandra-3,True,False,2.131,2026-09-16T13:00:35.753886+00:00,
fcecb323-d229-498f-954e-1a4656ce06d7,monotonic_reads,network_partition,reader-1,read,mr-fcecb323-d229-498f-954e-1a4656ce06d7,,678,ONE,ALL,cassandra-1,True,False,1.377,2026-09-16T13:00:35.765943+00:00,
fcecb323-d229-498f-954e-1a4656ce06d7,monotonic_reads,network_partition,writer-1,write,mr-fcecb323-d229-498f-954e-1a4656ce06d7,679,,,ALL,cassandra-1,True,False,5.032,2026-09-16T13:00:35.767615+00:00,
fcecb323-d229-498f-954e-1a4656ce06d7,monotonic_reads,network_partition,reader-1,read,mr-fcecb323-d229-498f-954e-1a4656ce06d7,,679,ONE,ALL,cassandra-2,True,False,5.412,2026-09-16T13:00:35.783953+00:00,
fcecb323-d229-498f-954e-1a4656ce06d7,monotonic_reads,network_partition,writer-1,write,mr-fcecb323-d229-498f-954e-1a4656ce06d7,680,,,ALL,cassandra-1,True,False,3.543,2026-09-16T13:00:35.795849+00:00,
fcecb323-d229-498f-954e-1a4656ce06d7,monotonic_reads,network_partition,reader-1,read,mr-fcecb323-d229-498f-954e-1a4656ce06d7,,680,ONE,ALL,cassandra-3,True,False,2.261,2026-09-16T13:00:35.796441+00:00,
fcecb323-d229-498f-954e-1a4656ce06d7,monotonic_reads,network_partition,reader-1,read,mr-fcecb323-d229-498f-954e-1a4656ce06d7,,680,ONE,ALL,cassandra-1,True,False,3.603,2026-09-16T13:00:35.811912+00:00,
fcecb323-d229-498f-954e-1a4656ce06d7,monotonic_reads,network_partition,writer-1,write,mr-fcecb323-d229-498f-954e-1a4656ce06d7,681,,,ALL,cassandra-1,True,False,4.116,2026-09-16T13:00:35.824403+00:00,
fcecb323-d229-498f-954e-1a4656ce06d7,monotonic_reads,network_partition,reader-1,read,mr-fcecb323-d229-498f-954e-1a4656ce06d7,,681,ONE,ALL,cassandra-2,True,False,2.761,2026-09-16T13:00:35.827273+00:00,
fcecb323-d229-498f-954e-1a4656ce06d7,monotonic_reads,network_partition,reader-1,read,mr-fcecb323-d229-498f-954e-1a4656ce06d7,,681,ONE,ALL,cassandra-3,True,False,3.534,2026-09-16T13:00:35.841855+00:00,
fcecb323-d229-498f-954e-1a4656ce06d7,monotonic_reads,network_partition,writer-1,write,mr-fcecb323-d229-498f-954e-1a4656ce06d7,682,,,ALL,cassandra-1,True,False,5.898,2026-09-16T13:00:35.852207+00:00,
fcecb323-d229-498f-954e-1a4656ce06d7,monotonic_reads,network_partition,reader-1,read,mr-fcecb323-d229-498f-954e-1a4656ce06d7,,682,ONE,ALL,cassandra-1,True,False,3.633,2026-09-16T13:00:35.857949+00:00,
fcecb323-d229-498f-954e-1a4656ce06d7,monotonic_reads,network_partition,reader-1,read,mr-fcecb323-d229-498f-954e-1a4656ce06d7,,682,ONE,ALL,cassandra-2,True,False,2.379,2026-09-16T13:00:35.871860+00:00,
fcecb323-d229-498f-954e-1a4656ce06d7,monotonic_reads,network_partition,writer-1,write,mr-fcecb323-d229-498f-954e-1a4656ce06d7,683,,,ALL,cassandra-1,True,False,4.522,2026-09-16T13:00:35.881204+00:00,
fcecb323-d229-498f-954e-1a4656ce06d7,monotonic_reads,network_partition,reader-1,read,mr-fcecb323-d229-498f-954e-1a4656ce06d7,,683,ONE,ALL,cassandra-3,True,False,3.14,2026-09-16T13:00:35.886449+00:00,
fcecb323-d229-498f-954e-1a4656ce06d7,monotonic_reads,network_partition,reader-1,read,mr-fcecb323-d229-498f-954e-1a4656ce06d7,,683,ONE,ALL,cassandra-1,True,False,4.399,2026-09-16T13:00:35.902728+00:00,
fcecb323-d229-498f-954e-1a4656ce06d7,monotonic_reads,network_partition,writer-1,write,mr-fcecb323-d229-498f-954e-1a4656ce06d7,684,,,ALL,cassandra-1,True,False,5.336,2026-09-16T13:00:35.909651+00:00,
fcecb323-d229-498f-954e-1a4656ce06d7,monotonic_reads,network_partition,reader-1,read,mr-fcecb323-d229-498f-954e-1a4656ce06d7,,684,ONE,ALL,cassandra-2,True,False,4.162,2026-09-16T13:00:35.917724+00:00,
fcecb323-d229-498f-954e-1a4656ce06d7,monotonic_reads,network_partition,reader-1,read,mr-fcecb323-d229-498f-954e-1a4656ce06d7,,684,ONE,ALL,cassandra-3,True,False,3.528,2026-09-16T13:00:35.931862+00:00,
fcecb323-d229-498f-954e-1a4656ce06d7,monotonic_reads,network_partition,writer-1,write,mr-fcecb323-d229-498f-954e-1a4656ce06d7,685,,,ALL,cassandra-1,True,False,3.851,2026-09-16T13:00:35.938176+00:00,
fcecb323-d229-498f-954e-1a4656ce06d7,monotonic_reads,network_partition,reader-1,read,mr-fcecb323-d229-498f-954e-1a4656ce06d7,,685,ONE,ALL,cassandra-1,True,False,3.863,2026-09-16T13:00:35.948061+00:00,
fcecb323-d229-498f-954e-1a4656ce06d7,monotonic_reads,network_partition,reader-1,read,mr-fcecb323-d229-498f-954e-1a4656ce06d7,,685,ONE,ALL,cassandra-2,True,False,5.147,2026-09-16T13:00:35.963462+00:00,
fcecb323-d229-498f-954e-1a4656ce06d7,monotonic_reads,network_partition,writer-1,write,mr-fcecb323-d229-498f-954e-1a4656ce06d7,686,,,ALL,cassandra-1,True,False,5.518,2026-09-16T13:00:35.965444+00:00,
fcecb323-d229-498f-954e-1a4656ce06d7,monotonic_reads,network_partition,reader-1,read,mr-fcecb323-d229-498f-954e-1a4656ce06d7,,686,ONE,ALL,cassandra-3,True,False,1.704,2026-09-16T13:00:35.976004+00:00,
fcecb323-d229-498f-954e-1a4656ce06d7,monotonic_reads,network_partition,reader-1,read,mr-fcecb323-d229-498f-954e-1a4656ce06d7,,686,ONE,ALL,cassandra-1,True,False,3.64,2026-09-16T13:00:35.990939+00:00,
fcecb323-d229-498f-954e-1a4656ce06d7,monotonic_reads,network_partition,writer-1,write,mr-fcecb323-d229-498f-954e-1a4656ce06d7,687,,,ALL,cassandra-1,True,False,3.624,2026-09-16T13:00:35.991872+00:00,
fcecb323-d229-498f-954e-1a4656ce06d7,monotonic_reads,network_partition,reader-1,read,mr-fcecb323-d229-498f-954e-1a4656ce06d7,,687,ONE,ALL,cassandra-2,True,False,3.248,2026-09-16T13:00:36.005092+00:00,
fcecb323-d229-498f-954e-1a4656ce06d7,monotonic_reads,network_partition,writer-1,write,mr-fcecb323-d229-498f-954e-1a4656ce06d7,688,,,ALL,cassandra-1,True,False,6.063,2026-09-16T13:00:36.018341+00:00,
fcecb323-d229-498f-954e-1a4656ce06d7,monotonic_reads,network_partition,reader-1,read,mr-fcecb323-d229-498f-954e-1a4656ce06d7,,688,ONE,ALL,cassandra-3,True,False,3.1,2026-09-16T13:00:36.019269+00:00,
fcecb323-d229-498f-954e-1a4656ce06d7,monotonic_reads,network_partition,reader-1,read,mr-fcecb323-d229-498f-954e-1a4656ce06d7,,688,ONE,ALL,cassandra-1,True,False,3.232,2026-09-16T13:00:36.035167+00:00,
fcecb323-d229-498f-954e-1a4656ce06d7,monotonic_reads,network_partition,writer-1,write,mr-fcecb323-d229-498f-954e-1a4656ce06d7,689,,,ALL,cassandra-1,True,False,5.268,2026-09-16T13:00:36.045597+00:00,
fcecb323-d229-498f-954e-1a4656ce06d7,monotonic_reads,network_partition,reader-1,read,mr-fcecb323-d229-498f-954e-1a4656ce06d7,,689,ONE,ALL,cassandra-2,True,False,3.515,2026-09-16T13:00:36.049856+00:00,
fcecb323-d229-498f-954e-1a4656ce06d7,monotonic_reads,network_partition,reader-1,read,mr-fcecb323-d229-498f-954e-1a4656ce06d7,,689,ONE,ALL,cassandra-3,True,False,3.37,2026-09-16T13:00:36.065621+00:00,
fcecb323-d229-498f-954e-1a4656ce06d7,monotonic_reads,network_partition,writer-1,write,mr-fcecb323-d229-498f-954e-1a4656ce06d7,690,,,ALL,cassandra-1,True,False,4.036,2026-09-16T13:00:36.071349+00:00,
fcecb323-d229-498f-954e-1a4656ce06d7,monotonic_reads,network_partition,reader-1,read,mr-fcecb323-d229-498f-954e-1a4656ce06d7,,690,ONE,ALL,cassandra-1,True,False,3.695,2026-09-16T13:00:36.080022+00:00,
fcecb323-d229-498f-954e-1a4656ce06d7,monotonic_reads,network_partition,reader-1,read,mr-fcecb323-d229-498f-954e-1a4656ce06d7,,690,ONE,ALL,cassandra-2,True,False,2.967,2026-09-16T13:00:36.095380+00:00,
fcecb323-d229-498f-954e-1a4656ce06d7,monotonic_reads,network_partition,writer-1,write,mr-fcecb323-d229-498f-954e-1a4656ce06d7,691,,,ALL,cassandra-1,True,False,5.821,2026-09-16T13:00:36.100166+00:00,
fcecb323-d229-498f-954e-1a4656ce06d7,monotonic_reads,network_partition,reader-1,read,mr-fcecb323-d229-498f-954e-1a4656ce06d7,,691,ONE,ALL,cassandra-3,True,False,8.852,2026-09-16T13:00:36.117069+00:00,
fcecb323-d229-498f-954e-1a4656ce06d7,monotonic_reads,network_partition,writer-1,write,mr-fcecb323-d229-498f-954e-1a4656ce06d7,692,,,ALL,cassandra-1,True,False,4.179,2026-09-16T13:00:36.125001+00:00,
fcecb323-d229-498f-954e-1a4656ce06d7,monotonic_reads,network_partition,reader-1,read,mr-fcecb323-d229-498f-954e-1a4656ce06d7,,692,ONE,ALL,cassandra-1,True,False,3.108,2026-09-16T13:00:36.130882+00:00,
fcecb323-d229-498f-954e-1a4656ce06d7,monotonic_reads,network_partition,reader-1,read,mr-fcecb323-d229-498f-954e-1a4656ce06d7,,692,ONE,ALL,cassandra-2,True,False,1.655,2026-09-16T13:00:36.142971+00:00,
fcecb323-d229-498f-954e-1a4656ce06d7,monotonic_reads,network_partition,writer-1,write,mr-fcecb323-d229-498f-954e-1a4656ce06d7,693,,,ALL,cassandra-1,True,False,4.996,2026-09-16T13:00:36.152294+00:00,
fcecb323-d229-498f-954e-1a4656ce06d7,monotonic_reads,network_partition,reader-1,read,mr-fcecb323-d229-498f-954e-1a4656ce06d7,,693,ONE,ALL,cassandra-3,True,False,3.314,2026-09-16T13:00:36.156592+00:00,
fcecb323-d229-498f-954e-1a4656ce06d7,monotonic_reads,network_partition,reader-1,read,mr-fcecb323-d229-498f-954e-1a4656ce06d7,,693,ONE,ALL,cassandra-1,True,False,3.797,2026-09-16T13:00:36.172282+00:00,
fcecb323-d229-498f-954e-1a4656ce06d7,monotonic_reads,network_partition,writer-1,write,mr-fcecb323-d229-498f-954e-1a4656ce06d7,694,,,ALL,cassandra-1,True,False,3.902,2026-09-16T13:00:36.177185+00:00,
fcecb323-d229-498f-954e-1a4656ce06d7,monotonic_reads,network_partition,reader-1,read,mr-fcecb323-d229-498f-954e-1a4656ce06d7,,694,ONE,ALL,cassandra-2,True,False,2.906,2026-09-16T13:00:36.185339+00:00,
fcecb323-d229-498f-954e-1a4656ce06d7,monotonic_reads,network_partition,reader-1,read,mr-fcecb323-d229-498f-954e-1a4656ce06d7,,694,ONE,ALL,cassandra-3,True,False,3.002,2026-09-16T13:00:36.199303+00:00,
fcecb323-d229-498f-954e-1a4656ce06d7,monotonic_reads,network_partition,writer-1,write,mr-fcecb323-d229-498f-954e-1a4656ce06d7,695,,,ALL,cassandra-1,True,False,3.455,2026-09-16T13:00:36.202820+00:00,
fcecb323-d229-498f-954e-1a4656ce06d7,monotonic_reads,network_partition,reader-1,read,mr-fcecb323-d229-498f-954e-1a4656ce06d7,,695,ONE,ALL,cassandra-1,True,False,3.951,2026-09-16T13:00:36.215256+00:00,
fcecb323-d229-498f-954e-1a4656ce06d7,monotonic_reads,network_partition,reader-1,read,mr-fcecb323-d229-498f-954e-1a4656ce06d7,,695,ONE,ALL,cassandra-2,True,False,3.696,2026-09-16T13:00:36.229940+00:00,
fcecb323-d229-498f-954e-1a4656ce06d7,monotonic_reads,network_partition,writer-1,write,mr-fcecb323-d229-498f-954e-1a4656ce06d7,696,,,ALL,cassandra-1,True,False,5.256,2026-09-16T13:00:36.231957+00:00,
fcecb323-d229-498f-954e-1a4656ce06d7,monotonic_reads,network_partition,reader-1,read,mr-fcecb323-d229-498f-954e-1a4656ce06d7,,696,ONE,ALL,cassandra-3,True,False,3.714,2026-09-16T13:00:36.244038+00:00,
fcecb323-d229-498f-954e-1a4656ce06d7,monotonic_reads,network_partition,reader-1,read,mr-fcecb323-d229-498f-954e-1a4656ce06d7,,696,ONE,ALL,cassandra-1,True,False,3.344,2026-09-16T13:00:36.257660+00:00,
fcecb323-d229-498f-954e-1a4656ce06d7,monotonic_reads,network_partition,writer-1,write,mr-fcecb323-d229-498f-954e-1a4656ce06d7,697,,,ALL,cassandra-1,True,False,3.599,2026-09-16T13:00:36.259145+00:00,
fcecb323-d229-498f-954e-1a4656ce06d7,monotonic_reads,network_partition,reader-1,read,mr-fcecb323-d229-498f-954e-1a4656ce06d7,,697,ONE,ALL,cassandra-2,True,False,2.351,2026-09-16T13:00:36.271483+00:00,
fcecb323-d229-498f-954e-1a4656ce06d7,monotonic_reads,network_partition,reader-1,read,mr-fcecb323-d229-498f-954e-1a4656ce06d7,,697,ONE,ALL,cassandra-3,True,False,2.145,2026-09-16T13:00:36.284809+00:00,
fcecb323-d229-498f-954e-1a4656ce06d7,monotonic_reads,network_partition,writer-1,write,mr-fcecb323-d229-498f-954e-1a4656ce06d7,698,,,ALL,cassandra-1,True,False,3.983,2026-09-16T13:00:36.286285+00:00,
fcecb323-d229-498f-954e-1a4656ce06d7,monotonic_reads,network_partition,reader-1,read,mr-fcecb323-d229-498f-954e-1a4656ce06d7,,698,ONE,ALL,cassandra-1,True,False,3.633,2026-09-16T13:00:36.299932+00:00,
fcecb323-d229-498f-954e-1a4656ce06d7,monotonic_reads,network_partition,reader-1,read,mr-fcecb323-d229-498f-954e-1a4656ce06d7,,699,ONE,ALL,cassandra-2,True,False,3.641,2026-09-16T13:00:36.315940+00:00,
fcecb323-d229-498f-954e-1a4656ce06d7,monotonic_reads,network_partition,writer-1,write,mr-fcecb323-d229-498f-954e-1a4656ce06d7,699,,,ALL,cassandra-1,True,False,4.688,2026-09-16T13:00:36.316066+00:00,
fcecb323-d229-498f-954e-1a4656ce06d7,monotonic_reads,network_partition,reader-1,read,mr-fcecb323-d229-498f-954e-1a4656ce06d7,,699,ONE,ALL,cassandra-3,True,False,3.333,2026-09-16T13:00:36.331640+00:00,
fcecb323-d229-498f-954e-1a4656ce06d7,monotonic_reads,network_partition,writer-1,write,mr-fcecb323-d229-498f-954e-1a4656ce06d7,700,,,ALL,cassandra-1,True,False,4.47,2026-09-16T13:00:36.342524+00:00,
fcecb323-d229-498f-954e-1a4656ce06d7,monotonic_reads,network_partition,reader-1,read,mr-fcecb323-d229-498f-954e-1a4656ce06d7,,700,ONE,ALL,cassandra-1,True,False,4.704,2026-09-16T13:00:36.346561+00:00,
fcecb323-d229-498f-954e-1a4656ce06d7,monotonic_reads,network_partition,reader-1,read,mr-fcecb323-d229-498f-954e-1a4656ce06d7,,700,ONE,ALL,cassandra-2,True,False,3.545,2026-09-16T13:00:36.360761+00:00,
fcecb323-d229-498f-954e-1a4656ce06d7,monotonic_reads,network_partition,writer-1,write,mr-fcecb323-d229-498f-954e-1a4656ce06d7,701,,,ALL,cassandra-1,True,False,4.837,2026-09-16T13:00:36.371134+00:00,
fcecb323-d229-498f-954e-1a4656ce06d7,monotonic_reads,network_partition,reader-1,read,mr-fcecb323-d229-498f-954e-1a4656ce06d7,,701,ONE,ALL,cassandra-3,True,False,2.781,2026-09-16T13:00:36.375107+00:00,
fcecb323-d229-498f-954e-1a4656ce06d7,monotonic_reads,network_partition,reader-1,read,mr-fcecb323-d229-498f-954e-1a4656ce06d7,,701,ONE,ALL,cassandra-1,True,False,5.016,2026-09-16T13:00:36.391851+00:00,
fcecb323-d229-498f-954e-1a4656ce06d7,monotonic_reads,network_partition,writer-1,write,mr-fcecb323-d229-498f-954e-1a4656ce06d7,702,,,ALL,cassandra-1,True,False,4.427,2026-09-16T13:00:36.399207+00:00,
fcecb323-d229-498f-954e-1a4656ce06d7,monotonic_reads,network_partition,reader-1,read,mr-fcecb323-d229-498f-954e-1a4656ce06d7,,702,ONE,ALL,cassandra-2,True,False,2.908,2026-09-16T13:00:36.405254+00:00,
fcecb323-d229-498f-954e-1a4656ce06d7,monotonic_reads,network_partition,reader-1,read,mr-fcecb323-d229-498f-954e-1a4656ce06d7,,702,ONE,ALL,cassandra-3,True,False,4.271,2026-09-16T13:00:36.420607+00:00,
fcecb323-d229-498f-954e-1a4656ce06d7,monotonic_reads,network_partition,writer-1,write,mr-fcecb323-d229-498f-954e-1a4656ce06d7,703,,,ALL,cassandra-1,True,False,5.01,2026-09-16T13:00:36.429323+00:00,
fcecb323-d229-498f-954e-1a4656ce06d7,monotonic_reads,network_partition,reader-1,read,mr-fcecb323-d229-498f-954e-1a4656ce06d7,,703,ONE,ALL,cassandra-1,True,False,3.776,2026-09-16T13:00:36.436091+00:00,
fcecb323-d229-498f-954e-1a4656ce06d7,monotonic_reads,network_partition,reader-1,read,mr-fcecb323-d229-498f-954e-1a4656ce06d7,,703,ONE,ALL,cassandra-2,True,False,1.635,2026-09-16T13:00:36.449918+00:00,
fcecb323-d229-498f-954e-1a4656ce06d7,monotonic_reads,network_partition,writer-1,write,mr-fcecb323-d229-498f-954e-1a4656ce06d7,704,,,ALL,cassandra-1,True,False,4.472,2026-09-16T13:00:36.456388+00:00,
fcecb323-d229-498f-954e-1a4656ce06d7,monotonic_reads,network_partition,reader-1,read,mr-fcecb323-d229-498f-954e-1a4656ce06d7,,704,ONE,ALL,cassandra-3,True,False,3.252,2026-09-16T13:00:36.464556+00:00,
fcecb323-d229-498f-954e-1a4656ce06d7,monotonic_reads,network_partition,reader-1,read,mr-fcecb323-d229-498f-954e-1a4656ce06d7,,704,ONE,ALL,cassandra-1,True,False,3.279,2026-09-16T13:00:36.478509+00:00,
fcecb323-d229-498f-954e-1a4656ce06d7,monotonic_reads,network_partition,writer-1,write,mr-fcecb323-d229-498f-954e-1a4656ce06d7,705,,,ALL,cassandra-1,True,False,3.998,2026-09-16T13:00:36.485224+00:00,
fcecb323-d229-498f-954e-1a4656ce06d7,monotonic_reads,network_partition,reader-1,read,mr-fcecb323-d229-498f-954e-1a4656ce06d7,,705,ONE,ALL,cassandra-2,True,False,2.001,2026-09-16T13:00:36.492313+00:00,
fcecb323-d229-498f-954e-1a4656ce06d7,monotonic_reads,network_partition,reader-1,read,mr-fcecb323-d229-498f-954e-1a4656ce06d7,,705,ONE,ALL,cassandra-3,True,False,2.289,2026-09-16T13:00:36.505474+00:00,
fcecb323-d229-498f-954e-1a4656ce06d7,monotonic_reads,network_partition,writer-1,write,mr-fcecb323-d229-498f-954e-1a4656ce06d7,706,,,ALL,cassandra-1,True,False,4.845,2026-09-16T13:00:36.511131+00:00,
fcecb323-d229-498f-954e-1a4656ce06d7,monotonic_reads,network_partition,reader-1,read,mr-fcecb323-d229-498f-954e-1a4656ce06d7,,706,ONE,ALL,cassandra-1,True,False,3.526,2026-09-16T13:00:36.519815+00:00,
fcecb323-d229-498f-954e-1a4656ce06d7,monotonic_reads,network_partition,writer-1,write,mr-fcecb323-d229-498f-954e-1a4656ce06d7,707,,,ALL,cassandra-1,True,False,4.128,2026-09-16T13:00:36.535421+00:00,
fcecb323-d229-498f-954e-1a4656ce06d7,monotonic_reads,network_partition,reader-1,read,mr-fcecb323-d229-498f-954e-1a4656ce06d7,,706,ONE,ALL,cassandra-2,True,False,3.586,2026-09-16T13:00:36.535538+00:00,
fcecb323-d229-498f-954e-1a4656ce06d7,monotonic_reads,network_partition,reader-1,read,mr-fcecb323-d229-498f-954e-1a4656ce06d7,,707,ONE,ALL,cassandra-3,True,False,2.949,2026-09-16T13:00:36.550354+00:00,
fcecb323-d229-498f-954e-1a4656ce06d7,monotonic_reads,network_partition,writer-1,write,mr-fcecb323-d229-498f-954e-1a4656ce06d7,708,,,ALL,cassandra-1,True,False,4.916,2026-09-16T13:00:36.561217+00:00,
fcecb323-d229-498f-954e-1a4656ce06d7,monotonic_reads,network_partition,reader-1,read,mr-fcecb323-d229-498f-954e-1a4656ce06d7,,708,ONE,ALL,cassandra-1,True,False,3.415,2026-09-16T13:00:36.564736+00:00,
fcecb323-d229-498f-954e-1a4656ce06d7,monotonic_reads,network_partition,reader-1,read,mr-fcecb323-d229-498f-954e-1a4656ce06d7,,708,ONE,ALL,cassandra-2,True,False,3.241,2026-09-16T13:00:36.580520+00:00,
fcecb323-d229-498f-954e-1a4656ce06d7,monotonic_reads,network_partition,writer-1,write,mr-fcecb323-d229-498f-954e-1a4656ce06d7,709,,,ALL,cassandra-1,True,False,4.238,2026-09-16T13:00:36.589546+00:00,
fcecb323-d229-498f-954e-1a4656ce06d7,monotonic_reads,network_partition,reader-1,read,mr-fcecb323-d229-498f-954e-1a4656ce06d7,,709,ONE,ALL,cassandra-3,True,False,3.145,2026-09-16T13:00:36.594441+00:00,
fcecb323-d229-498f-954e-1a4656ce06d7,monotonic_reads,network_partition,reader-1,read,mr-fcecb323-d229-498f-954e-1a4656ce06d7,,709,ONE,ALL,cassandra-1,True,False,3.22,2026-09-16T13:00:36.608224+00:00,
fcecb323-d229-498f-954e-1a4656ce06d7,monotonic_reads,network_partition,writer-1,write,mr-fcecb323-d229-498f-954e-1a4656ce06d7,710,,,ALL,cassandra-1,True,False,3.1,2026-09-16T13:00:36.613936+00:00,
fcecb323-d229-498f-954e-1a4656ce06d7,monotonic_reads,network_partition,reader-1,read,mr-fcecb323-d229-498f-954e-1a4656ce06d7,,710,ONE,ALL,cassandra-2,True,False,2.765,2026-09-16T13:00:36.622062+00:00,
fcecb323-d229-498f-954e-1a4656ce06d7,monotonic_reads,network_partition,reader-1,read,mr-fcecb323-d229-498f-954e-1a4656ce06d7,,710,ONE,ALL,cassandra-3,True,False,3.149,2026-09-16T13:00:36.637456+00:00,
fcecb323-d229-498f-954e-1a4656ce06d7,monotonic_reads,network_partition,writer-1,write,mr-fcecb323-d229-498f-954e-1a4656ce06d7,711,,,ALL,cassandra-1,True,False,3.674,2026-09-16T13:00:36.638815+00:00,
fcecb323-d229-498f-954e-1a4656ce06d7,monotonic_reads,network_partition,reader-1,read,mr-fcecb323-d229-498f-954e-1a4656ce06d7,,711,ONE,ALL,cassandra-1,True,False,3.424,2026-09-16T13:00:36.653585+00:00,
fcecb323-d229-498f-954e-1a4656ce06d7,monotonic_reads,network_partition,writer-1,write,mr-fcecb323-d229-498f-954e-1a4656ce06d7,712,,,ALL,cassandra-1,True,False,4.216,2026-09-16T13:00:36.666981+00:00,
fcecb323-d229-498f-954e-1a4656ce06d7,monotonic_reads,network_partition,reader-1,read,mr-fcecb323-d229-498f-954e-1a4656ce06d7,,712,ONE,ALL,cassandra-2,True,False,2.707,2026-09-16T13:00:36.667957+00:00,
fcecb323-d229-498f-954e-1a4656ce06d7,monotonic_reads,network_partition,reader-1,read,mr-fcecb323-d229-498f-954e-1a4656ce06d7,,712,ONE,ALL,cassandra-3,True,False,3.062,2026-09-16T13:00:36.681219+00:00,
fcecb323-d229-498f-954e-1a4656ce06d7,monotonic_reads,network_partition,reader-1,read,mr-fcecb323-d229-498f-954e-1a4656ce06d7,,713,ONE,ALL,cassandra-1,True,False,2.661,2026-09-16T13:00:36.694853+00:00,
fcecb323-d229-498f-954e-1a4656ce06d7,monotonic_reads,network_partition,writer-1,write,mr-fcecb323-d229-498f-954e-1a4656ce06d7,713,,,ALL,cassandra-1,True,False,3.874,2026-09-16T13:00:36.695067+00:00,
fcecb323-d229-498f-954e-1a4656ce06d7,monotonic_reads,network_partition,reader-1,read,mr-fcecb323-d229-498f-954e-1a4656ce06d7,,713,ONE,ALL,cassandra-2,True,False,3.207,2026-09-16T13:00:36.710549+00:00,
fcecb323-d229-498f-954e-1a4656ce06d7,monotonic_reads,network_partition,reader-1,read,mr-fcecb323-d229-498f-954e-1a4656ce06d7,,713,ONE,ALL,cassandra-3,True,False,4.294,2026-09-16T13:00:36.725226+00:00,
fcecb323-d229-498f-954e-1a4656ce06d7,monotonic_reads,network_partition,writer-1,write,mr-fcecb323-d229-498f-954e-1a4656ce06d7,714,,,ALL,cassandra-1,True,False,6.001,2026-09-16T13:00:36.725967+00:00,
fcecb323-d229-498f-954e-1a4656ce06d7,monotonic_reads,network_partition,reader-1,read,mr-fcecb323-d229-498f-954e-1a4656ce06d7,,714,ONE,ALL,cassandra-1,True,False,12.284,2026-09-16T13:00:36.749578+00:00,
fcecb323-d229-498f-954e-1a4656ce06d7,monotonic_reads,network_partition,writer-1,write,mr-fcecb323-d229-498f-954e-1a4656ce06d7,715,,,ALL,cassandra-1,True,False,3.512,2026-09-16T13:00:36.752831+00:00,
fcecb323-d229-498f-954e-1a4656ce06d7,monotonic_reads,network_partition,reader-1,read,mr-fcecb323-d229-498f-954e-1a4656ce06d7,,715,ONE,ALL,cassandra-2,True,False,2.145,2026-09-16T13:00:36.763468+00:00,
fcecb323-d229-498f-954e-1a4656ce06d7,monotonic_reads,network_partition,reader-1,read,mr-fcecb323-d229-498f-954e-1a4656ce06d7,,715,ONE,ALL,cassandra-3,True,False,1.599,2026-09-16T13:00:36.776886+00:00,
fcecb323-d229-498f-954e-1a4656ce06d7,monotonic_reads,network_partition,writer-1,write,mr-fcecb323-d229-498f-954e-1a4656ce06d7,716,,,ALL,cassandra-1,True,False,4.768,2026-09-16T13:00:36.781050+00:00,
fcecb323-d229-498f-954e-1a4656ce06d7,monotonic_reads,network_partition,reader-1,read,mr-fcecb323-d229-498f-954e-1a4656ce06d7,,716,ONE,ALL,cassandra-1,True,False,4.695,2026-09-16T13:00:36.793026+00:00,
fcecb323-d229-498f-954e-1a4656ce06d7,monotonic_reads,network_partition,writer-1,write,mr-fcecb323-d229-498f-954e-1a4656ce06d7,717,,,ALL,cassandra-1,True,False,4.151,2026-09-16T13:00:36.807269+00:00,
fcecb323-d229-498f-954e-1a4656ce06d7,monotonic_reads,network_partition,reader-1,read,mr-fcecb323-d229-498f-954e-1a4656ce06d7,,717,ONE,ALL,cassandra-2,True,False,3.714,2026-09-16T13:00:36.809437+00:00,
fcecb323-d229-498f-954e-1a4656ce06d7,monotonic_reads,network_partition,reader-1,read,mr-fcecb323-d229-498f-954e-1a4656ce06d7,,717,ONE,ALL,cassandra-3,True,False,1.73,2026-09-16T13:00:36.823810+00:00,
fcecb323-d229-498f-954e-1a4656ce06d7,monotonic_reads,network_partition,writer-1,write,mr-fcecb323-d229-498f-954e-1a4656ce06d7,718,,,ALL,cassandra-1,True,False,4.833,2026-09-16T13:00:36.836993+00:00,
fcecb323-d229-498f-954e-1a4656ce06d7,monotonic_reads,network_partition,reader-1,read,mr-fcecb323-d229-498f-954e-1a4656ce06d7,,718,ONE,ALL,cassandra-1,True,False,3.29,2026-09-16T13:00:36.838483+00:00,
fcecb323-d229-498f-954e-1a4656ce06d7,monotonic_reads,network_partition,reader-1,read,mr-fcecb323-d229-498f-954e-1a4656ce06d7,,718,ONE,ALL,cassandra-2,True,False,2.956,2026-09-16T13:00:36.852448+00:00,
fcecb323-d229-498f-954e-1a4656ce06d7,monotonic_reads,network_partition,writer-1,write,mr-fcecb323-d229-498f-954e-1a4656ce06d7,719,,,ALL,cassandra-1,True,False,6.003,2026-09-16T13:00:36.867342+00:00,
fcecb323-d229-498f-954e-1a4656ce06d7,monotonic_reads,network_partition,reader-1,read,mr-fcecb323-d229-498f-954e-1a4656ce06d7,,719,ONE,ALL,cassandra-3,True,False,3.345,2026-09-16T13:00:36.868372+00:00,
fcecb323-d229-498f-954e-1a4656ce06d7,monotonic_reads,network_partition,reader-1,read,mr-fcecb323-d229-498f-954e-1a4656ce06d7,,719,ONE,ALL,cassandra-1,True,False,4.559,2026-09-16T13:00:36.885590+00:00,
fcecb323-d229-498f-954e-1a4656ce06d7,monotonic_reads,network_partition,writer-1,write,mr-fcecb323-d229-498f-954e-1a4656ce06d7,720,,,ALL,cassandra-1,True,False,4.879,2026-09-16T13:00:36.894531+00:00,
fcecb323-d229-498f-954e-1a4656ce06d7,monotonic_reads,network_partition,reader-1,read,mr-fcecb323-d229-498f-954e-1a4656ce06d7,,720,ONE,ALL,cassandra-2,True,False,3.354,2026-09-16T13:00:36.899529+00:00,
fcecb323-d229-498f-954e-1a4656ce06d7,monotonic_reads,network_partition,reader-1,read,mr-fcecb323-d229-498f-954e-1a4656ce06d7,,720,ONE,ALL,cassandra-3,True,False,2.071,2026-09-16T13:00:36.914207+00:00,
fcecb323-d229-498f-954e-1a4656ce06d7,monotonic_reads,network_partition,writer-1,write,mr-fcecb323-d229-498f-954e-1a4656ce06d7,721,,,ALL,cassandra-1,True,False,4.682,2026-09-16T13:00:36.920977+00:00,
fcecb323-d229-498f-954e-1a4656ce06d7,monotonic_reads,network_partition,reader-1,read,mr-fcecb323-d229-498f-954e-1a4656ce06d7,,721,ONE,ALL,cassandra-1,True,False,4.474,2026-09-16T13:00:36.929784+00:00,
fcecb323-d229-498f-954e-1a4656ce06d7,monotonic_reads,network_partition,reader-1,read,mr-fcecb323-d229-498f-954e-1a4656ce06d7,,721,ONE,ALL,cassandra-2,True,False,1.675,2026-09-16T13:00:36.941993+00:00,
fcecb323-d229-498f-954e-1a4656ce06d7,monotonic_reads,network_partition,writer-1,write,mr-fcecb323-d229-498f-954e-1a4656ce06d7,722,,,ALL,cassandra-1,True,False,4.427,2026-09-16T13:00:36.947570+00:00,
fcecb323-d229-498f-954e-1a4656ce06d7,monotonic_reads,network_partition,reader-1,read,mr-fcecb323-d229-498f-954e-1a4656ce06d7,,722,ONE,ALL,cassandra-3,True,False,3.82,2026-09-16T13:00:36.957610+00:00,
fcecb323-d229-498f-954e-1a4656ce06d7,monotonic_reads,network_partition,reader-1,read,mr-fcecb323-d229-498f-954e-1a4656ce06d7,,722,ONE,ALL,cassandra-1,True,False,4.256,2026-09-16T13:00:36.973577+00:00,
fcecb323-d229-498f-954e-1a4656ce06d7,monotonic_reads,network_partition,writer-1,write,mr-fcecb323-d229-498f-954e-1a4656ce06d7,723,,,ALL,cassandra-1,True,False,3.897,2026-09-16T13:00:36.976192+00:00,
fcecb323-d229-498f-954e-1a4656ce06d7,monotonic_reads,network_partition,reader-1,read,mr-fcecb323-d229-498f-954e-1a4656ce06d7,,723,ONE,ALL,cassandra-2,True,False,4.449,2026-09-16T13:00:36.989615+00:00,
fcecb323-d229-498f-954e-1a4656ce06d7,monotonic_reads,network_partition,reader-1,read,mr-fcecb323-d229-498f-954e-1a4656ce06d7,,723,ONE,ALL,cassandra-3,True,False,2.876,2026-09-16T13:00:37.004572+00:00,
fcecb323-d229-498f-954e-1a4656ce06d7,monotonic_reads,network_partition,writer-1,write,mr-fcecb323-d229-498f-954e-1a4656ce06d7,724,,,ALL,cassandra-1,True,False,4.795,2026-09-16T13:00:37.005388+00:00,
fcecb323-d229-498f-954e-1a4656ce06d7,monotonic_reads,network_partition,reader-1,read,mr-fcecb323-d229-498f-954e-1a4656ce06d7,,724,ONE,ALL,cassandra-1,True,False,4.783,2026-09-16T13:00:37.020065+00:00,
fcecb323-d229-498f-954e-1a4656ce06d7,monotonic_reads,network_partition,writer-1,write,mr-fcecb323-d229-498f-954e-1a4656ce06d7,725,,,ALL,cassandra-1,True,False,6.016,2026-09-16T13:00:37.032327+00:00,
fcecb323-d229-498f-954e-1a4656ce06d7,monotonic_reads,network_partition,reader-1,read,mr-fcecb323-d229-498f-954e-1a4656ce06d7,,725,ONE,ALL,cassandra-2,True,False,2.777,2026-09-16T13:00:37.033114+00:00,
fcecb323-d229-498f-954e-1a4656ce06d7,monotonic_reads,network_partition,reader-1,read,mr-fcecb323-d229-498f-954e-1a4656ce06d7,,725,ONE,ALL,cassandra-3,True,False,4.44,2026-09-16T13:00:37.049884+00:00,
fcecb323-d229-498f-954e-1a4656ce06d7,monotonic_reads,network_partition,writer-1,write,mr-fcecb323-d229-498f-954e-1a4656ce06d7,726,,,ALL,cassandra-1,True,False,4.055,2026-09-16T13:00:37.057366+00:00,
fcecb323-d229-498f-954e-1a4656ce06d7,monotonic_reads,network_partition,reader-1,read,mr-fcecb323-d229-498f-954e-1a4656ce06d7,,726,ONE,ALL,cassandra-1,True,False,4.852,2026-09-16T13:00:37.066183+00:00,
fcecb323-d229-498f-954e-1a4656ce06d7,monotonic_reads,network_partition,reader-1,read,mr-fcecb323-d229-498f-954e-1a4656ce06d7,,726,ONE,ALL,cassandra-2,True,False,3.679,2026-09-16T13:00:37.081401+00:00,
fcecb323-d229-498f-954e-1a4656ce06d7,monotonic_reads,network_partition,writer-1,write,mr-fcecb323-d229-498f-954e-1a4656ce06d7,727,,,ALL,cassandra-1,True,False,6.033,2026-09-16T13:00:37.086317+00:00,
fcecb323-d229-498f-954e-1a4656ce06d7,monotonic_reads,network_partition,reader-1,read,mr-fcecb323-d229-498f-954e-1a4656ce06d7,,727,ONE,ALL,cassandra-3,True,False,4.266,2026-09-16T13:00:37.097565+00:00,
fcecb323-d229-498f-954e-1a4656ce06d7,monotonic_reads,network_partition,reader-1,read,mr-fcecb323-d229-498f-954e-1a4656ce06d7,,728,ONE,ALL,cassandra-1,True,False,2.467,2026-09-16T13:00:37.112194+00:00,
fcecb323-d229-498f-954e-1a4656ce06d7,monotonic_reads,network_partition,writer-1,write,mr-fcecb323-d229-498f-954e-1a4656ce06d7,728,,,ALL,cassandra-1,True,False,3.498,2026-09-16T13:00:37.112780+00:00,
fcecb323-d229-498f-954e-1a4656ce06d7,monotonic_reads,network_partition,reader-1,read,mr-fcecb323-d229-498f-954e-1a4656ce06d7,,728,ONE,ALL,cassandra-2,True,False,1.885,2026-09-16T13:00:37.126171+00:00,
fcecb323-d229-498f-954e-1a4656ce06d7,monotonic_reads,network_partition,writer-1,write,mr-fcecb323-d229-498f-954e-1a4656ce06d7,729,,,ALL,cassandra-1,True,False,5.969,2026-09-16T13:00:37.139276+00:00,
fcecb323-d229-498f-954e-1a4656ce06d7,monotonic_reads,network_partition,reader-1,read,mr-fcecb323-d229-498f-954e-1a4656ce06d7,,729,ONE,ALL,cassandra-3,True,False,2.717,2026-09-16T13:00:37.141010+00:00,
fcecb323-d229-498f-954e-1a4656ce06d7,monotonic_reads,network_partition,reader-1,read,mr-fcecb323-d229-498f-954e-1a4656ce06d7,,729,ONE,ALL,cassandra-1,True,False,3.551,2026-09-16T13:00:37.156847+00:00,
fcecb323-d229-498f-954e-1a4656ce06d7,monotonic_reads,network_partition,writer-1,write,mr-fcecb323-d229-498f-954e-1a4656ce06d7,730,,,ALL,cassandra-1,True,False,4.049,2026-09-16T13:00:37.165343+00:00,
fcecb323-d229-498f-954e-1a4656ce06d7,monotonic_reads,network_partition,reader-1,read,mr-fcecb323-d229-498f-954e-1a4656ce06d7,,730,ONE,ALL,cassandra-2,True,False,2.843,2026-09-16T13:00:37.172140+00:00,
fcecb323-d229-498f-954e-1a4656ce06d7,monotonic_reads,network_partition,reader-1,read,mr-fcecb323-d229-498f-954e-1a4656ce06d7,,730,ONE,ALL,cassandra-3,True,False,3.201,2026-09-16T13:00:37.185754+00:00,
fcecb323-d229-498f-954e-1a4656ce06d7,monotonic_reads,network_partition,writer-1,write,mr-fcecb323-d229-498f-954e-1a4656ce06d7,731,,,ALL,cassandra-1,True,False,3.624,2026-09-16T13:00:37.191911+00:00,
fcecb323-d229-498f-954e-1a4656ce06d7,monotonic_reads,network_partition,reader-1,read,mr-fcecb323-d229-498f-954e-1a4656ce06d7,,731,ONE,ALL,cassandra-1,True,False,5.238,2026-09-16T13:00:37.202558+00:00,
fcecb323-d229-498f-954e-1a4656ce06d7,monotonic_reads,network_partition,reader-1,read,mr-fcecb323-d229-498f-954e-1a4656ce06d7,,731,ONE,ALL,cassandra-2,True,False,4.28,2026-09-16T13:00:37.218616+00:00,
fcecb323-d229-498f-954e-1a4656ce06d7,monotonic_reads,network_partition,writer-1,write,mr-fcecb323-d229-498f-954e-1a4656ce06d7,732,,,ALL,cassandra-1,True,False,6.156,2026-09-16T13:00:37.222639+00:00,
fcecb323-d229-498f-954e-1a4656ce06d7,monotonic_reads,network_partition,reader-1,read,mr-fcecb323-d229-498f-954e-1a4656ce06d7,,732,ONE,ALL,cassandra-3,True,False,3.667,2026-09-16T13:00:37.233204+00:00,
fcecb323-d229-498f-954e-1a4656ce06d7,monotonic_reads,network_partition,reader-1,read,mr-fcecb323-d229-498f-954e-1a4656ce06d7,,732,ONE,ALL,cassandra-1,True,False,2.073,2026-09-16T13:00:37.246362+00:00,
fcecb323-d229-498f-954e-1a4656ce06d7,monotonic_reads,network_partition,writer-1,write,mr-fcecb323-d229-498f-954e-1a4656ce06d7,733,,,ALL,cassandra-1,True,False,3.662,2026-09-16T13:00:37.248234+00:00,
fcecb323-d229-498f-954e-1a4656ce06d7,monotonic_reads,network_partition,reader-1,read,mr-fcecb323-d229-498f-954e-1a4656ce06d7,,733,ONE,ALL,cassandra-2,True,False,2.891,2026-09-16T13:00:37.261823+00:00,
fcecb323-d229-498f-954e-1a4656ce06d7,monotonic_reads,network_partition,writer-1,write,mr-fcecb323-d229-498f-954e-1a4656ce06d7,734,,,ALL,cassandra-1,True,False,4.066,2026-09-16T13:00:37.274365+00:00,
fcecb323-d229-498f-954e-1a4656ce06d7,monotonic_reads,network_partition,reader-1,read,mr-fcecb323-d229-498f-954e-1a4656ce06d7,,734,ONE,ALL,cassandra-3,True,False,3.162,2026-09-16T13:00:37.276555+00:00,
fcecb323-d229-498f-954e-1a4656ce06d7,monotonic_reads,network_partition,reader-1,read,mr-fcecb323-d229-498f-954e-1a4656ce06d7,,734,ONE,ALL,cassandra-1,True,False,2.93,2026-09-16T13:00:37.290191+00:00,
fcecb323-d229-498f-954e-1a4656ce06d7,monotonic_reads,network_partition,writer-1,write,mr-fcecb323-d229-498f-954e-1a4656ce06d7,735,,,ALL,cassandra-1,True,False,3.778,2026-09-16T13:00:37.302950+00:00,
fcecb323-d229-498f-954e-1a4656ce06d7,monotonic_reads,network_partition,reader-1,read,mr-fcecb323-d229-498f-954e-1a4656ce06d7,,735,ONE,ALL,cassandra-2,True,False,3.494,2026-09-16T13:00:37.305760+00:00,
fcecb323-d229-498f-954e-1a4656ce06d7,monotonic_reads,network_partition,reader-1,read,mr-fcecb323-d229-498f-954e-1a4656ce06d7,,735,ONE,ALL,cassandra-3,True,False,3.615,2026-09-16T13:00:37.320843+00:00,
fcecb323-d229-498f-954e-1a4656ce06d7,monotonic_reads,network_partition,writer-1,write,mr-fcecb323-d229-498f-954e-1a4656ce06d7,736,,,ALL,cassandra-1,True,False,6.212,2026-09-16T13:00:37.332419+00:00,
fcecb323-d229-498f-954e-1a4656ce06d7,monotonic_reads,network_partition,reader-1,read,mr-fcecb323-d229-498f-954e-1a4656ce06d7,,736,ONE,ALL,cassandra-1,True,False,3.054,2026-09-16T13:00:37.334197+00:00,
fcecb323-d229-498f-954e-1a4656ce06d7,monotonic_reads,network_partition,reader-1,read,mr-fcecb323-d229-498f-954e-1a4656ce06d7,,736,ONE,ALL,cassandra-2,True,False,3.58,2026-09-16T13:00:37.349920+00:00,
fcecb323-d229-498f-954e-1a4656ce06d7,monotonic_reads,network_partition,writer-1,write,mr-fcecb323-d229-498f-954e-1a4656ce06d7,737,,,ALL,cassandra-1,True,False,3.373,2026-09-16T13:00:37.360728+00:00,
fcecb323-d229-498f-954e-1a4656ce06d7,monotonic_reads,network_partition,reader-1,read,mr-fcecb323-d229-498f-954e-1a4656ce06d7,,737,ONE,ALL,cassandra-3,True,False,2.62,2026-09-16T13:00:37.363403+00:00,
fcecb323-d229-498f-954e-1a4656ce06d7,monotonic_reads,network_partition,reader-1,read,mr-fcecb323-d229-498f-954e-1a4656ce06d7,,737,ONE,ALL,cassandra-1,True,False,2.147,2026-09-16T13:00:37.378151+00:00,
fcecb323-d229-498f-954e-1a4656ce06d7,monotonic_reads,network_partition,writer-1,write,mr-fcecb323-d229-498f-954e-1a4656ce06d7,738,,,ALL,cassandra-1,True,False,3.196,2026-09-16T13:00:37.384470+00:00,
fcecb323-d229-498f-954e-1a4656ce06d7,monotonic_reads,network_partition,reader-1,read,mr-fcecb323-d229-498f-954e-1a4656ce06d7,,738,ONE,ALL,cassandra-2,True,False,1.866,2026-09-16T13:00:37.391986+00:00,
fcecb323-d229-498f-954e-1a4656ce06d7,monotonic_reads,network_partition,reader-1,read,mr-fcecb323-d229-498f-954e-1a4656ce06d7,,738,ONE,ALL,cassandra-3,True,False,1.633,2026-09-16T13:00:37.403924+00:00,
fcecb323-d229-498f-954e-1a4656ce06d7,monotonic_reads,network_partition,writer-1,write,mr-fcecb323-d229-498f-954e-1a4656ce06d7,739,,,ALL,cassandra-1,True,False,3.361,2026-09-16T13:00:37.411706+00:00,
fcecb323-d229-498f-954e-1a4656ce06d7,monotonic_reads,network_partition,reader-1,read,mr-fcecb323-d229-498f-954e-1a4656ce06d7,,739,ONE,ALL,cassandra-1,True,False,2.697,2026-09-16T13:00:37.418956+00:00,
fcecb323-d229-498f-954e-1a4656ce06d7,monotonic_reads,network_partition,reader-1,read,mr-fcecb323-d229-498f-954e-1a4656ce06d7,,739,ONE,ALL,cassandra-2,True,False,1.341,2026-09-16T13:00:37.432404+00:00,
fcecb323-d229-498f-954e-1a4656ce06d7,monotonic_reads,network_partition,writer-1,write,mr-fcecb323-d229-498f-954e-1a4656ce06d7,740,,,ALL,cassandra-1,True,False,3.663,2026-09-16T13:00:37.439749+00:00,
fcecb323-d229-498f-954e-1a4656ce06d7,monotonic_reads,network_partition,reader-1,read,mr-fcecb323-d229-498f-954e-1a4656ce06d7,,740,ONE,ALL,cassandra-3,True,False,2.232,2026-09-16T13:00:37.447032+00:00,
fcecb323-d229-498f-954e-1a4656ce06d7,monotonic_reads,network_partition,reader-1,read,mr-fcecb323-d229-498f-954e-1a4656ce06d7,,740,ONE,ALL,cassandra-1,True,False,1.657,2026-09-16T13:00:37.458955+00:00,
fcecb323-d229-498f-954e-1a4656ce06d7,monotonic_reads,network_partition,writer-1,write,mr-fcecb323-d229-498f-954e-1a4656ce06d7,741,,,ALL,cassandra-1,True,False,3.413,2026-09-16T13:00:37.463715+00:00,
fcecb323-d229-498f-954e-1a4656ce06d7,monotonic_reads,network_partition,reader-1,read,mr-fcecb323-d229-498f-954e-1a4656ce06d7,,741,ONE,ALL,cassandra-2,True,False,1.798,2026-09-16T13:00:37.472068+00:00,
fcecb323-d229-498f-954e-1a4656ce06d7,monotonic_reads,network_partition,reader-1,read,mr-fcecb323-d229-498f-954e-1a4656ce06d7,,741,ONE,ALL,cassandra-3,True,False,2.023,2026-09-16T13:00:37.486669+00:00,
fcecb323-d229-498f-954e-1a4656ce06d7,monotonic_reads,network_partition,writer-1,write,mr-fcecb323-d229-498f-954e-1a4656ce06d7,742,,,ALL,cassandra-1,True,False,3.99,2026-09-16T13:00:37.489620+00:00,
fcecb323-d229-498f-954e-1a4656ce06d7,monotonic_reads,network_partition,reader-1,read,mr-fcecb323-d229-498f-954e-1a4656ce06d7,,742,ONE,ALL,cassandra-1,True,False,2.78,2026-09-16T13:00:37.501056+00:00,
fcecb323-d229-498f-954e-1a4656ce06d7,monotonic_reads,network_partition,reader-1,read,mr-fcecb323-d229-498f-954e-1a4656ce06d7,,742,ONE,ALL,cassandra-2,True,False,1.509,2026-09-16T13:00:37.513397+00:00,
fcecb323-d229-498f-954e-1a4656ce06d7,monotonic_reads,network_partition,writer-1,write,mr-fcecb323-d229-498f-954e-1a4656ce06d7,743,,,ALL,cassandra-1,True,False,3.534,2026-09-16T13:00:37.515600+00:00,
fcecb323-d229-498f-954e-1a4656ce06d7,monotonic_reads,network_partition,reader-1,read,mr-fcecb323-d229-498f-954e-1a4656ce06d7,,743,ONE,ALL,cassandra-3,True,False,1.455,2026-09-16T13:00:37.527168+00:00,
fcecb323-d229-498f-954e-1a4656ce06d7,monotonic_reads,network_partition,reader-1,read,mr-fcecb323-d229-498f-954e-1a4656ce06d7,,743,ONE,ALL,cassandra-1,True,False,1.721,2026-09-16T13:00:37.539000+00:00,
fcecb323-d229-498f-954e-1a4656ce06d7,monotonic_reads,network_partition,writer-1,write,mr-fcecb323-d229-498f-954e-1a4656ce06d7,744,,,ALL,cassandra-1,True,False,3.041,2026-09-16T13:00:37.542597+00:00,
fcecb323-d229-498f-954e-1a4656ce06d7,monotonic_reads,network_partition,reader-1,read,mr-fcecb323-d229-498f-954e-1a4656ce06d7,,744,ONE,ALL,cassandra-2,True,False,1.761,2026-09-16T13:00:37.553041+00:00,
fcecb323-d229-498f-954e-1a4656ce06d7,monotonic_reads,network_partition,reader-1,read,mr-fcecb323-d229-498f-954e-1a4656ce06d7,,744,ONE,ALL,cassandra-3,True,False,1.355,2026-09-16T13:00:37.565868+00:00,
fcecb323-d229-498f-954e-1a4656ce06d7,monotonic_reads,network_partition,writer-1,write,mr-fcecb323-d229-498f-954e-1a4656ce06d7,745,,,ALL,cassandra-1,True,False,2.77,2026-09-16T13:00:37.567450+00:00,
fcecb323-d229-498f-954e-1a4656ce06d7,monotonic_reads,network_partition,reader-1,read,mr-fcecb323-d229-498f-954e-1a4656ce06d7,,745,ONE,ALL,cassandra-1,True,False,2.622,2026-09-16T13:00:37.579876+00:00,
fcecb323-d229-498f-954e-1a4656ce06d7,monotonic_reads,network_partition,reader-1,read,mr-fcecb323-d229-498f-954e-1a4656ce06d7,,745,ONE,ALL,cassandra-2,True,False,1.783,2026-09-16T13:00:37.592048+00:00,
fcecb323-d229-498f-954e-1a4656ce06d7,monotonic_reads,network_partition,writer-1,write,mr-fcecb323-d229-498f-954e-1a4656ce06d7,746,,,ALL,cassandra-1,True,False,1.923,2026-09-16T13:00:37.592399+00:00,
fcecb323-d229-498f-954e-1a4656ce06d7,monotonic_reads,network_partition,reader-1,read,mr-fcecb323-d229-498f-954e-1a4656ce06d7,,746,ONE,ALL,cassandra-3,True,False,1.475,2026-09-16T13:00:37.604751+00:00,
fcecb323-d229-498f-954e-1a4656ce06d7,monotonic_reads,network_partition,writer-1,write,mr-fcecb323-d229-498f-954e-1a4656ce06d7,747,,,ALL,cassandra-1,True,False,3.428,2026-09-16T13:00:37.618641+00:00,
fcecb323-d229-498f-954e-1a4656ce06d7,monotonic_reads,network_partition,reader-1,read,mr-fcecb323-d229-498f-954e-1a4656ce06d7,,747,ONE,ALL,cassandra-1,True,False,2.468,2026-09-16T13:00:37.619632+00:00,
fcecb323-d229-498f-954e-1a4656ce06d7,monotonic_reads,network_partition,reader-1,read,mr-fcecb323-d229-498f-954e-1a4656ce06d7,,747,ONE,ALL,cassandra-2,True,False,1.993,2026-09-16T13:00:37.633887+00:00,
fcecb323-d229-498f-954e-1a4656ce06d7,monotonic_reads,network_partition,writer-1,write,mr-fcecb323-d229-498f-954e-1a4656ce06d7,748,,,ALL,cassandra-1,True,False,2.71,2026-09-16T13:00:37.646438+00:00,
fcecb323-d229-498f-954e-1a4656ce06d7,monotonic_reads,network_partition,reader-1,read,mr-fcecb323-d229-498f-954e-1a4656ce06d7,,748,ONE,ALL,cassandra-3,True,False,2.346,2026-09-16T13:00:37.648830+00:00,
fcecb323-d229-498f-954e-1a4656ce06d7,monotonic_reads,network_partition,reader-1,read,mr-fcecb323-d229-498f-954e-1a4656ce06d7,,748,ONE,ALL,cassandra-1,True,False,2.938,2026-09-16T13:00:37.663545+00:00,
fcecb323-d229-498f-954e-1a4656ce06d7,monotonic_reads,network_partition,writer-1,write,mr-fcecb323-d229-498f-954e-1a4656ce06d7,749,,,ALL,cassandra-1,True,False,3.724,2026-09-16T13:00:37.673015+00:00,
fcecb323-d229-498f-954e-1a4656ce06d7,monotonic_reads,network_partition,reader-1,read,mr-fcecb323-d229-498f-954e-1a4656ce06d7,,749,ONE,ALL,cassandra-2,True,False,1.75,2026-09-16T13:00:37.677016+00:00,
fcecb323-d229-498f-954e-1a4656ce06d7,monotonic_reads,network_partition,reader-1,read,mr-fcecb323-d229-498f-954e-1a4656ce06d7,,749,ONE,ALL,cassandra-3,True,False,1.399,2026-09-16T13:00:37.690454+00:00,
fcecb323-d229-498f-954e-1a4656ce06d7,monotonic_reads,network_partition,writer-1,write,mr-fcecb323-d229-498f-954e-1a4656ce06d7,750,,,ALL,cassandra-1,True,False,3.591,2026-09-16T13:00:37.698570+00:00,
fcecb323-d229-498f-954e-1a4656ce06d7,monotonic_reads,network_partition,reader-1,read,mr-fcecb323-d229-498f-954e-1a4656ce06d7,,750,ONE,ALL,cassandra-1,True,False,2.965,2026-09-16T13:00:37.706029+00:00,
fcecb323-d229-498f-954e-1a4656ce06d7,monotonic_reads,network_partition,reader-1,read,mr-fcecb323-d229-498f-954e-1a4656ce06d7,,750,ONE,ALL,cassandra-2,True,False,1.386,2026-09-16T13:00:37.720031+00:00,
fcecb323-d229-498f-954e-1a4656ce06d7,monotonic_reads,network_partition,writer-1,write,mr-fcecb323-d229-498f-954e-1a4656ce06d7,751,,,ALL,cassandra-1,True,False,3.582,2026-09-16T13:00:37.722554+00:00,
fcecb323-d229-498f-954e-1a4656ce06d7,monotonic_reads,network_partition,reader-1,read,mr-fcecb323-d229-498f-954e-1a4656ce06d7,,751,ONE,ALL,cassandra-3,True,False,2.135,2026-09-16T13:00:37.734002+00:00,
fcecb323-d229-498f-954e-1a4656ce06d7,monotonic_reads,network_partition,writer-1,write,mr-fcecb323-d229-498f-954e-1a4656ce06d7,752,,,ALL,cassandra-1,True,False,3.712,2026-09-16T13:00:37.747646+00:00,
fcecb323-d229-498f-954e-1a4656ce06d7,monotonic_reads,network_partition,reader-1,read,mr-fcecb323-d229-498f-954e-1a4656ce06d7,,752,ONE,ALL,cassandra-1,True,False,2.886,2026-09-16T13:00:37.749010+00:00,
fcecb323-d229-498f-954e-1a4656ce06d7,monotonic_reads,network_partition,reader-1,read,mr-fcecb323-d229-498f-954e-1a4656ce06d7,,752,ONE,ALL,cassandra-2,True,False,1.395,2026-09-16T13:00:37.763003+00:00,
fcecb323-d229-498f-954e-1a4656ce06d7,monotonic_reads,network_partition,reader-1,read,mr-fcecb323-d229-498f-954e-1a4656ce06d7,,752,ONE,ALL,cassandra-3,True,False,1.448,2026-09-16T13:00:37.775050+00:00,
fcecb323-d229-498f-954e-1a4656ce06d7,monotonic_reads,network_partition,writer-1,write,mr-fcecb323-d229-498f-954e-1a4656ce06d7,753,,,ALL,cassandra-1,True,False,3.819,2026-09-16T13:00:37.776618+00:00,
fcecb323-d229-498f-954e-1a4656ce06d7,monotonic_reads,network_partition,reader-1,read,mr-fcecb323-d229-498f-954e-1a4656ce06d7,,753,ONE,ALL,cassandra-1,True,False,2.501,2026-09-16T13:00:37.790146+00:00,
fcecb323-d229-498f-954e-1a4656ce06d7,monotonic_reads,network_partition,writer-1,write,mr-fcecb323-d229-498f-954e-1a4656ce06d7,754,,,ALL,cassandra-1,True,False,2.358,2026-09-16T13:00:37.801681+00:00,
fcecb323-d229-498f-954e-1a4656ce06d7,monotonic_reads,network_partition,reader-1,read,mr-fcecb323-d229-498f-954e-1a4656ce06d7,,754,ONE,ALL,cassandra-2,True,False,1.075,2026-09-16T13:00:37.802871+00:00,
fcecb323-d229-498f-954e-1a4656ce06d7,monotonic_reads,network_partition,reader-1,read,mr-fcecb323-d229-498f-954e-1a4656ce06d7,,754,ONE,ALL,cassandra-3,True,False,1.019,2026-09-16T13:00:37.814679+00:00,
fcecb323-d229-498f-954e-1a4656ce06d7,monotonic_reads,network_partition,writer-1,write,mr-fcecb323-d229-498f-954e-1a4656ce06d7,755,,,ALL,cassandra-1,True,False,3.123,2026-09-16T13:00:37.827563+00:00,
fcecb323-d229-498f-954e-1a4656ce06d7,monotonic_reads,network_partition,reader-1,read,mr-fcecb323-d229-498f-954e-1a4656ce06d7,,755,ONE,ALL,cassandra-1,True,False,2.6,2026-09-16T13:00:37.829848+00:00,
fcecb323-d229-498f-954e-1a4656ce06d7,monotonic_reads,network_partition,reader-1,read,mr-fcecb323-d229-498f-954e-1a4656ce06d7,,755,ONE,ALL,cassandra-2,True,False,2.359,2026-09-16T13:00:37.844786+00:00,
fcecb323-d229-498f-954e-1a4656ce06d7,monotonic_reads,network_partition,writer-1,write,mr-fcecb323-d229-498f-954e-1a4656ce06d7,756,,,ALL,cassandra-1,True,False,3.715,2026-09-16T13:00:37.854720+00:00,
fcecb323-d229-498f-954e-1a4656ce06d7,monotonic_reads,network_partition,reader-1,read,mr-fcecb323-d229-498f-954e-1a4656ce06d7,,756,ONE,ALL,cassandra-3,True,False,1.843,2026-09-16T13:00:37.859390+00:00,
fcecb323-d229-498f-954e-1a4656ce06d7,monotonic_reads,network_partition,reader-1,read,mr-fcecb323-d229-498f-954e-1a4656ce06d7,,756,ONE,ALL,cassandra-1,True,False,2.648,2026-09-16T13:00:37.874708+00:00,
fcecb323-d229-498f-954e-1a4656ce06d7,monotonic_reads,network_partition,writer-1,write,mr-fcecb323-d229-498f-954e-1a4656ce06d7,757,,,ALL,cassandra-1,True,False,3.248,2026-09-16T13:00:37.880885+00:00,
fcecb323-d229-498f-954e-1a4656ce06d7,monotonic_reads,network_partition,reader-1,read,mr-fcecb323-d229-498f-954e-1a4656ce06d7,,757,ONE,ALL,cassandra-2,True,False,2.71,2026-09-16T13:00:37.890134+00:00,
fcecb323-d229-498f-954e-1a4656ce06d7,monotonic_reads,network_partition,reader-1,read,mr-fcecb323-d229-498f-954e-1a4656ce06d7,,757,ONE,ALL,cassandra-3,True,False,2.674,2026-09-16T13:00:37.904694+00:00,
fcecb323-d229-498f-954e-1a4656ce06d7,monotonic_reads,network_partition,writer-1,write,mr-fcecb323-d229-498f-954e-1a4656ce06d7,758,,,ALL,cassandra-1,True,False,7.275,2026-09-16T13:00:37.908578+00:00,
fcecb323-d229-498f-954e-1a4656ce06d7,monotonic_reads,network_partition,reader-1,read,mr-fcecb323-d229-498f-954e-1a4656ce06d7,,758,ONE,ALL,cassandra-1,True,False,4.71,2026-09-16T13:00:37.922090+00:00,
fcecb323-d229-498f-954e-1a4656ce06d7,monotonic_reads,network_partition,reader-1,read,mr-fcecb323-d229-498f-954e-1a4656ce06d7,,759,ONE,ALL,cassandra-2,True,False,2.76,2026-09-16T13:00:37.936283+00:00,
fcecb323-d229-498f-954e-1a4656ce06d7,monotonic_reads,network_partition,writer-1,write,mr-fcecb323-d229-498f-954e-1a4656ce06d7,759,,,ALL,cassandra-1,True,False,4.087,2026-09-16T13:00:37.936471+00:00,
fcecb323-d229-498f-954e-1a4656ce06d7,monotonic_reads,network_partition,reader-1,read,mr-fcecb323-d229-498f-954e-1a4656ce06d7,,759,ONE,ALL,cassandra-3,True,False,2.274,2026-09-16T13:00:37.950583+00:00,
fcecb323-d229-498f-954e-1a4656ce06d7,monotonic_reads,network_partition,writer-1,write,mr-fcecb323-d229-498f-954e-1a4656ce06d7,760,,,ALL,cassandra-1,True,False,4.222,2026-09-16T13:00:37.965048+00:00,
fcecb323-d229-498f-954e-1a4656ce06d7,monotonic_reads,network_partition,reader-1,read,mr-fcecb323-d229-498f-954e-1a4656ce06d7,,760,ONE,ALL,cassandra-1,True,False,3.67,2026-09-16T13:00:37.966436+00:00,
fcecb323-d229-498f-954e-1a4656ce06d7,monotonic_reads,network_partition,reader-1,read,mr-fcecb323-d229-498f-954e-1a4656ce06d7,,760,ONE,ALL,cassandra-2,True,False,4.024,2026-09-16T13:00:37.981542+00:00,
fcecb323-d229-498f-954e-1a4656ce06d7,monotonic_reads,network_partition,writer-1,write,mr-fcecb323-d229-498f-954e-1a4656ce06d7,761,,,ALL,cassandra-1,True,False,5.056,2026-09-16T13:00:37.991363+00:00,
fcecb323-d229-498f-954e-1a4656ce06d7,monotonic_reads,network_partition,reader-1,read,mr-fcecb323-d229-498f-954e-1a4656ce06d7,,761,ONE,ALL,cassandra-3,True,False,3.311,2026-09-16T13:00:37.997232+00:00,
fcecb323-d229-498f-954e-1a4656ce06d7,monotonic_reads,network_partition,reader-1,read,mr-fcecb323-d229-498f-954e-1a4656ce06d7,,761,ONE,ALL,cassandra-1,True,False,3.537,2026-09-16T13:00:38.013478+00:00,
fcecb323-d229-498f-954e-1a4656ce06d7,monotonic_reads,network_partition,writer-1,write,mr-fcecb323-d229-498f-954e-1a4656ce06d7,762,,,ALL,cassandra-1,True,False,3.923,2026-09-16T13:00:38.018213+00:00,
fcecb323-d229-498f-954e-1a4656ce06d7,monotonic_reads,network_partition,reader-1,read,mr-fcecb323-d229-498f-954e-1a4656ce06d7,,762,ONE,ALL,cassandra-2,True,False,3.594,2026-09-16T13:00:38.028900+00:00,
fcecb323-d229-498f-954e-1a4656ce06d7,monotonic_reads,network_partition,reader-1,read,mr-fcecb323-d229-498f-954e-1a4656ce06d7,,762,ONE,ALL,cassandra-3,True,False,4.237,2026-09-16T13:00:38.045070+00:00,
fcecb323-d229-498f-954e-1a4656ce06d7,monotonic_reads,network_partition,writer-1,write,mr-fcecb323-d229-498f-954e-1a4656ce06d7,763,,,ALL,cassandra-1,True,False,5.705,2026-09-16T13:00:38.047147+00:00,
fcecb323-d229-498f-954e-1a4656ce06d7,monotonic_reads,network_partition,reader-1,read,mr-fcecb323-d229-498f-954e-1a4656ce06d7,,763,ONE,ALL,cassandra-1,True,False,4.36,2026-09-16T13:00:38.061673+00:00,
fcecb323-d229-498f-954e-1a4656ce06d7,monotonic_reads,network_partition,reader-1,read,mr-fcecb323-d229-498f-954e-1a4656ce06d7,,763,ONE,ALL,cassandra-2,True,False,2.915,2026-09-16T13:00:38.076716+00:00,
fcecb323-d229-498f-954e-1a4656ce06d7,monotonic_reads,network_partition,writer-1,write,mr-fcecb323-d229-498f-954e-1a4656ce06d7,764,,,ALL,cassandra-1,True,False,5.127,2026-09-16T13:00:38.077040+00:00,
fcecb323-d229-498f-954e-1a4656ce06d7,monotonic_reads,network_partition,reader-1,read,mr-fcecb323-d229-498f-954e-1a4656ce06d7,,764,ONE,ALL,cassandra-3,True,False,3.543,2026-09-16T13:00:38.092047+00:00,
fcecb323-d229-498f-954e-1a4656ce06d7,monotonic_reads,network_partition,writer-1,write,mr-fcecb323-d229-498f-954e-1a4656ce06d7,765,,,ALL,cassandra-1,True,False,4.489,2026-09-16T13:00:38.106296+00:00,
fcecb323-d229-498f-954e-1a4656ce06d7,monotonic_reads,network_partition,reader-1,read,mr-fcecb323-d229-498f-954e-1a4656ce06d7,,765,ONE,ALL,cassandra-1,True,False,3.657,2026-09-16T13:00:38.107870+00:00,
fcecb323-d229-498f-954e-1a4656ce06d7,monotonic_reads,network_partition,reader-1,read,mr-fcecb323-d229-498f-954e-1a4656ce06d7,,765,ONE,ALL,cassandra-2,True,False,2.357,2026-09-16T13:00:38.121590+00:00,
fcecb323-d229-498f-954e-1a4656ce06d7,monotonic_reads,network_partition,writer-1,write,mr-fcecb323-d229-498f-954e-1a4656ce06d7,766,,,ALL,cassandra-1,True,False,4.696,2026-09-16T13:00:38.133976+00:00,
fcecb323-d229-498f-954e-1a4656ce06d7,monotonic_reads,network_partition,reader-1,read,mr-fcecb323-d229-498f-954e-1a4656ce06d7,,766,ONE,ALL,cassandra-3,True,False,2.859,2026-09-16T13:00:38.136120+00:00,
fcecb323-d229-498f-954e-1a4656ce06d7,monotonic_reads,network_partition,reader-1,read,mr-fcecb323-d229-498f-954e-1a4656ce06d7,,766,ONE,ALL,cassandra-1,True,False,2.675,2026-09-16T13:00:38.148955+00:00,
fcecb323-d229-498f-954e-1a4656ce06d7,monotonic_reads,network_partition,writer-1,write,mr-fcecb323-d229-498f-954e-1a4656ce06d7,767,,,ALL,cassandra-1,True,False,4.437,2026-09-16T13:00:38.160189+00:00,
fcecb323-d229-498f-954e-1a4656ce06d7,monotonic_reads,network_partition,reader-1,read,mr-fcecb323-d229-498f-954e-1a4656ce06d7,,767,ONE,ALL,cassandra-2,True,False,3.2,2026-09-16T13:00:38.164363+00:00,
fcecb323-d229-498f-954e-1a4656ce06d7,monotonic_reads,network_partition,reader-1,read,mr-fcecb323-d229-498f-954e-1a4656ce06d7,,767,ONE,ALL,cassandra-3,True,False,3.218,2026-09-16T13:00:38.178379+00:00,
fcecb323-d229-498f-954e-1a4656ce06d7,monotonic_reads,network_partition,writer-1,write,mr-fcecb323-d229-498f-954e-1a4656ce06d7,768,,,ALL,cassandra-1,True,False,3.948,2026-09-16T13:00:38.185234+00:00,
fcecb323-d229-498f-954e-1a4656ce06d7,monotonic_reads,network_partition,reader-1,read,mr-fcecb323-d229-498f-954e-1a4656ce06d7,,768,ONE,ALL,cassandra-1,True,False,4.89,2026-09-16T13:00:38.194181+00:00,
fcecb323-d229-498f-954e-1a4656ce06d7,monotonic_reads,network_partition,reader-1,read,mr-fcecb323-d229-498f-954e-1a4656ce06d7,,768,ONE,ALL,cassandra-2,True,False,3.456,2026-09-16T13:00:38.209483+00:00,
fcecb323-d229-498f-954e-1a4656ce06d7,monotonic_reads,network_partition,writer-1,write,mr-fcecb323-d229-498f-954e-1a4656ce06d7,769,,,ALL,cassandra-1,True,False,4.517,2026-09-16T13:00:38.214649+00:00,
fcecb323-d229-498f-954e-1a4656ce06d7,monotonic_reads,network_partition,reader-1,read,mr-fcecb323-d229-498f-954e-1a4656ce06d7,,769,ONE,ALL,cassandra-3,True,False,4.318,2026-09-16T13:00:38.224514+00:00,
fcecb323-d229-498f-954e-1a4656ce06d7,monotonic_reads,network_partition,reader-1,read,mr-fcecb323-d229-498f-954e-1a4656ce06d7,,769,ONE,ALL,cassandra-1,True,False,4.221,2026-09-16T13:00:38.240415+00:00,
fcecb323-d229-498f-954e-1a4656ce06d7,monotonic_reads,network_partition,writer-1,write,mr-fcecb323-d229-498f-954e-1a4656ce06d7,770,,,ALL,cassandra-1,True,False,5.909,2026-09-16T13:00:38.241187+00:00,
fcecb323-d229-498f-954e-1a4656ce06d7,monotonic_reads,network_partition,reader-1,read,mr-fcecb323-d229-498f-954e-1a4656ce06d7,,770,ONE,ALL,cassandra-2,True,False,2.976,2026-09-16T13:00:38.255285+00:00,
fcecb323-d229-498f-954e-1a4656ce06d7,monotonic_reads,network_partition,reader-1,read,mr-fcecb323-d229-498f-954e-1a4656ce06d7,,770,ONE,ALL,cassandra-3,True,False,2.892,2026-09-16T13:00:38.269689+00:00,
fcecb323-d229-498f-954e-1a4656ce06d7,monotonic_reads,network_partition,writer-1,write,mr-fcecb323-d229-498f-954e-1a4656ce06d7,771,,,ALL,cassandra-1,True,False,4.512,2026-09-16T13:00:38.270795+00:00,
fcecb323-d229-498f-954e-1a4656ce06d7,monotonic_reads,network_partition,reader-1,read,mr-fcecb323-d229-498f-954e-1a4656ce06d7,,771,ONE,ALL,cassandra-1,True,False,3.568,2026-09-16T13:00:38.284851+00:00,
fcecb323-d229-498f-954e-1a4656ce06d7,monotonic_reads,network_partition,writer-1,write,mr-fcecb323-d229-498f-954e-1a4656ce06d7,772,,,ALL,cassandra-1,True,False,4.15,2026-09-16T13:00:38.296420+00:00,
fcecb323-d229-498f-954e-1a4656ce06d7,monotonic_reads,network_partition,reader-1,read,mr-fcecb323-d229-498f-954e-1a4656ce06d7,,772,ONE,ALL,cassandra-2,True,False,3.141,2026-09-16T13:00:38.298366+00:00,
fcecb323-d229-498f-954e-1a4656ce06d7,monotonic_reads,network_partition,reader-1,read,mr-fcecb323-d229-498f-954e-1a4656ce06d7,,772,ONE,ALL,cassandra-3,True,False,2.433,2026-09-16T13:00:38.312702+00:00,
fcecb323-d229-498f-954e-1a4656ce06d7,monotonic_reads,network_partition,writer-1,write,mr-fcecb323-d229-498f-954e-1a4656ce06d7,773,,,ALL,cassandra-1,True,False,3.897,2026-09-16T13:00:38.325209+00:00,
fcecb323-d229-498f-954e-1a4656ce06d7,monotonic_reads,network_partition,reader-1,read,mr-fcecb323-d229-498f-954e-1a4656ce06d7,,773,ONE,ALL,cassandra-1,True,False,3.73,2026-09-16T13:00:38.328000+00:00,
fcecb323-d229-498f-954e-1a4656ce06d7,monotonic_reads,network_partition,reader-1,read,mr-fcecb323-d229-498f-954e-1a4656ce06d7,,773,ONE,ALL,cassandra-2,True,False,3.835,2026-09-16T13:00:38.344123+00:00,
fcecb323-d229-498f-954e-1a4656ce06d7,monotonic_reads,network_partition,writer-1,write,mr-fcecb323-d229-498f-954e-1a4656ce06d7,774,,,ALL,cassandra-1,True,False,4.263,2026-09-16T13:00:38.351916+00:00,
fcecb323-d229-498f-954e-1a4656ce06d7,monotonic_reads,network_partition,reader-1,read,mr-fcecb323-d229-498f-954e-1a4656ce06d7,,774,ONE,ALL,cassandra-3,True,False,4.122,2026-09-16T13:00:38.360683+00:00,
fcecb323-d229-498f-954e-1a4656ce06d7,monotonic_reads,network_partition,reader-1,read,mr-fcecb323-d229-498f-954e-1a4656ce06d7,,774,ONE,ALL,cassandra-1,True,False,4.039,2026-09-16T13:00:38.375351+00:00,
fcecb323-d229-498f-954e-1a4656ce06d7,monotonic_reads,network_partition,writer-1,write,mr-fcecb323-d229-498f-954e-1a4656ce06d7,775,,,ALL,cassandra-1,True,False,3.414,2026-09-16T13:00:38.375800+00:00,
fcecb323-d229-498f-954e-1a4656ce06d7,monotonic_reads,network_partition,reader-1,read,mr-fcecb323-d229-498f-954e-1a4656ce06d7,,775,ONE,ALL,cassandra-2,True,False,2.776,2026-09-16T13:00:38.388550+00:00,
fcecb323-d229-498f-954e-1a4656ce06d7,monotonic_reads,network_partition,writer-1,write,mr-fcecb323-d229-498f-954e-1a4656ce06d7,776,,,ALL,cassandra-1,True,False,3.675,2026-09-16T13:00:38.399952+00:00,
fcecb323-d229-498f-954e-1a4656ce06d7,monotonic_reads,network_partition,reader-1,read,mr-fcecb323-d229-498f-954e-1a4656ce06d7,,776,ONE,ALL,cassandra-3,True,False,3.272,2026-09-16T13:00:38.403430+00:00,
fcecb323-d229-498f-954e-1a4656ce06d7,monotonic_reads,network_partition,reader-1,read,mr-fcecb323-d229-498f-954e-1a4656ce06d7,,776,ONE,ALL,cassandra-1,True,False,4.537,2026-09-16T13:00:38.418872+00:00,
fcecb323-d229-498f-954e-1a4656ce06d7,monotonic_reads,network_partition,writer-1,write,mr-fcecb323-d229-498f-954e-1a4656ce06d7,777,,,ALL,cassandra-1,True,False,4.017,2026-09-16T13:00:38.426309+00:00,
fcecb323-d229-498f-954e-1a4656ce06d7,monotonic_reads,network_partition,reader-1,read,mr-fcecb323-d229-498f-954e-1a4656ce06d7,,777,ONE,ALL,cassandra-2,True,False,2.959,2026-09-16T13:00:38.433217+00:00,
fcecb323-d229-498f-954e-1a4656ce06d7,monotonic_reads,network_partition,reader-1,read,mr-fcecb323-d229-498f-954e-1a4656ce06d7,,777,ONE,ALL,cassandra-3,True,False,3.232,2026-09-16T13:00:38.448523+00:00,
fcecb323-d229-498f-954e-1a4656ce06d7,monotonic_reads,network_partition,writer-1,write,mr-fcecb323-d229-498f-954e-1a4656ce06d7,778,,,ALL,cassandra-1,True,False,5.19,2026-09-16T13:00:38.455471+00:00,
fcecb323-d229-498f-954e-1a4656ce06d7,monotonic_reads,network_partition,reader-1,read,mr-fcecb323-d229-498f-954e-1a4656ce06d7,,778,ONE,ALL,cassandra-1,True,False,4.639,2026-09-16T13:00:38.465234+00:00,
fcecb323-d229-498f-954e-1a4656ce06d7,monotonic_reads,network_partition,reader-1,read,mr-fcecb323-d229-498f-954e-1a4656ce06d7,,778,ONE,ALL,cassandra-2,True,False,3.371,2026-09-16T13:00:38.479527+00:00,
fcecb323-d229-498f-954e-1a4656ce06d7,monotonic_reads,network_partition,writer-1,write,mr-fcecb323-d229-498f-954e-1a4656ce06d7,779,,,ALL,cassandra-1,True,False,3.62,2026-09-16T13:00:38.480883+00:00,
fcecb323-d229-498f-954e-1a4656ce06d7,monotonic_reads,network_partition,reader-1,read,mr-fcecb323-d229-498f-954e-1a4656ce06d7,,779,ONE,ALL,cassandra-3,True,False,3.761,2026-09-16T13:00:38.495713+00:00,
fcecb323-d229-498f-954e-1a4656ce06d7,monotonic_reads,network_partition,writer-1,write,mr-fcecb323-d229-498f-954e-1a4656ce06d7,780,,,ALL,cassandra-1,True,False,6.021,2026-09-16T13:00:38.509304+00:00,
fcecb323-d229-498f-954e-1a4656ce06d7,monotonic_reads,network_partition,reader-1,read,mr-fcecb323-d229-498f-954e-1a4656ce06d7,,780,ONE,ALL,cassandra-1,True,False,3.665,2026-09-16T13:00:38.511966+00:00,
fcecb323-d229-498f-954e-1a4656ce06d7,monotonic_reads,network_partition,reader-1,read,mr-fcecb323-d229-498f-954e-1a4656ce06d7,,780,ONE,ALL,cassandra-2,True,False,4.83,2026-09-16T13:00:38.529069+00:00,
fcecb323-d229-498f-954e-1a4656ce06d7,monotonic_reads,network_partition,writer-1,write,mr-fcecb323-d229-498f-954e-1a4656ce06d7,781,,,ALL,cassandra-1,True,False,3.994,2026-09-16T13:00:38.537289+00:00,
fcecb323-d229-498f-954e-1a4656ce06d7,monotonic_reads,network_partition,reader-1,read,mr-fcecb323-d229-498f-954e-1a4656ce06d7,,781,ONE,ALL,cassandra-3,True,False,4.329,2026-09-16T13:00:38.543591+00:00,
fcecb323-d229-498f-954e-1a4656ce06d7,monotonic_reads,network_partition,reader-1,read,mr-fcecb323-d229-498f-954e-1a4656ce06d7,,781,ONE,ALL,cassandra-1,True,False,4.344,2026-09-16T13:00:38.559633+00:00,
fcecb323-d229-498f-954e-1a4656ce06d7,monotonic_reads,network_partition,writer-1,write,mr-fcecb323-d229-498f-954e-1a4656ce06d7,782,,,ALL,cassandra-1,True,False,4.709,2026-09-16T13:00:38.565290+00:00,
fcecb323-d229-498f-954e-1a4656ce06d7,monotonic_reads,network_partition,reader-1,read,mr-fcecb323-d229-498f-954e-1a4656ce06d7,,782,ONE,ALL,cassandra-2,True,False,4.5,2026-09-16T13:00:38.574723+00:00,
fcecb323-d229-498f-954e-1a4656ce06d7,monotonic_reads,network_partition,reader-1,read,mr-fcecb323-d229-498f-954e-1a4656ce06d7,,782,ONE,ALL,cassandra-3,True,False,2.989,2026-09-16T13:00:38.590255+00:00,
fcecb323-d229-498f-954e-1a4656ce06d7,monotonic_reads,network_partition,writer-1,write,mr-fcecb323-d229-498f-954e-1a4656ce06d7,783,,,ALL,cassandra-1,True,False,4.602,2026-09-16T13:00:38.592885+00:00,
fcecb323-d229-498f-954e-1a4656ce06d7,monotonic_reads,network_partition,reader-1,read,mr-fcecb323-d229-498f-954e-1a4656ce06d7,,783,ONE,ALL,cassandra-1,True,False,5.153,2026-09-16T13:00:38.607444+00:00,
fcecb323-d229-498f-954e-1a4656ce06d7,monotonic_reads,network_partition,writer-1,write,mr-fcecb323-d229-498f-954e-1a4656ce06d7,784,,,ALL,cassandra-1,True,False,4.395,2026-09-16T13:00:38.620042+00:00,
fcecb323-d229-498f-954e-1a4656ce06d7,monotonic_reads,network_partition,reader-1,read,mr-fcecb323-d229-498f-954e-1a4656ce06d7,,784,ONE,ALL,cassandra-2,True,False,2.588,2026-09-16T13:00:38.621761+00:00,
fcecb323-d229-498f-954e-1a4656ce06d7,monotonic_reads,network_partition,reader-1,read,mr-fcecb323-d229-498f-954e-1a4656ce06d7,,784,ONE,ALL,cassandra-3,True,False,2.717,2026-09-16T13:00:38.635890+00:00,
fcecb323-d229-498f-954e-1a4656ce06d7,monotonic_reads,network_partition,writer-1,write,mr-fcecb323-d229-498f-954e-1a4656ce06d7,785,,,ALL,cassandra-1,True,False,3.8,2026-09-16T13:00:38.648060+00:00,
fcecb323-d229-498f-954e-1a4656ce06d7,monotonic_reads,network_partition,reader-1,read,mr-fcecb323-d229-498f-954e-1a4656ce06d7,,785,ONE,ALL,cassandra-1,True,False,3.655,2026-09-16T13:00:38.650791+00:00,
fcecb323-d229-498f-954e-1a4656ce06d7,monotonic_reads,network_partition,reader-1,read,mr-fcecb323-d229-498f-954e-1a4656ce06d7,,785,ONE,ALL,cassandra-2,True,False,3.793,2026-09-16T13:00:38.667278+00:00,
fcecb323-d229-498f-954e-1a4656ce06d7,monotonic_reads,network_partition,writer-1,write,mr-fcecb323-d229-498f-954e-1a4656ce06d7,786,,,ALL,cassandra-1,True,False,4.293,2026-09-16T13:00:38.673693+00:00,
fcecb323-d229-498f-954e-1a4656ce06d7,monotonic_reads,network_partition,reader-1,read,mr-fcecb323-d229-498f-954e-1a4656ce06d7,,786,ONE,ALL,cassandra-3,True,False,1.804,2026-09-16T13:00:38.680101+00:00,
fcecb323-d229-498f-954e-1a4656ce06d7,monotonic_reads,network_partition,reader-1,read,mr-fcecb323-d229-498f-954e-1a4656ce06d7,,786,ONE,ALL,cassandra-1,True,False,2.075,2026-09-16T13:00:38.693960+00:00,
fcecb323-d229-498f-954e-1a4656ce06d7,monotonic_reads,network_partition,writer-1,write,mr-fcecb323-d229-498f-954e-1a4656ce06d7,787,,,ALL,cassandra-1,True,False,3.379,2026-09-16T13:00:38.698596+00:00,
fcecb323-d229-498f-954e-1a4656ce06d7,monotonic_reads,network_partition,reader-1,read,mr-fcecb323-d229-498f-954e-1a4656ce06d7,,787,ONE,ALL,cassandra-2,True,False,1.852,2026-09-16T13:00:38.707036+00:00,
fcecb323-d229-498f-954e-1a4656ce06d7,monotonic_reads,network_partition,reader-1,read,mr-fcecb323-d229-498f-954e-1a4656ce06d7,,787,ONE,ALL,cassandra-3,True,False,1.851,2026-09-16T13:00:38.720316+00:00,
fcecb323-d229-498f-954e-1a4656ce06d7,monotonic_reads,network_partition,writer-1,write,mr-fcecb323-d229-498f-954e-1a4656ce06d7,788,,,ALL,cassandra-1,True,False,3.109,2026-09-16T13:00:38.725601+00:00,
fcecb323-d229-498f-954e-1a4656ce06d7,monotonic_reads,network_partition,reader-1,read,mr-fcecb323-d229-498f-954e-1a4656ce06d7,,788,ONE,ALL,cassandra-1,True,False,2.944,2026-09-16T13:00:38.733953+00:00,
fcecb323-d229-498f-954e-1a4656ce06d7,monotonic_reads,network_partition,reader-1,read,mr-fcecb323-d229-498f-954e-1a4656ce06d7,,788,ONE,ALL,cassandra-2,True,False,1.855,2026-09-16T13:00:38.746008+00:00,
fcecb323-d229-498f-954e-1a4656ce06d7,monotonic_reads,network_partition,writer-1,write,mr-fcecb323-d229-498f-954e-1a4656ce06d7,789,,,ALL,cassandra-1,True,False,3.726,2026-09-16T13:00:38.750924+00:00,
fcecb323-d229-498f-954e-1a4656ce06d7,monotonic_reads,network_partition,reader-1,read,mr-fcecb323-d229-498f-954e-1a4656ce06d7,,789,ONE,ALL,cassandra-3,True,False,2.099,2026-09-16T13:00:38.759311+00:00,
fcecb323-d229-498f-954e-1a4656ce06d7,monotonic_reads,network_partition,reader-1,read,mr-fcecb323-d229-498f-954e-1a4656ce06d7,,789,ONE,ALL,cassandra-1,True,False,2.5,2026-09-16T13:00:38.774486+00:00,
fcecb323-d229-498f-954e-1a4656ce06d7,monotonic_reads,network_partition,writer-1,write,mr-fcecb323-d229-498f-954e-1a4656ce06d7,790,,,ALL,cassandra-1,True,False,3.626,2026-09-16T13:00:38.776672+00:00,
fcecb323-d229-498f-954e-1a4656ce06d7,monotonic_reads,network_partition,reader-1,read,mr-fcecb323-d229-498f-954e-1a4656ce06d7,,790,ONE,ALL,cassandra-2,True,False,1.839,2026-09-16T13:00:38.788590+00:00,
fcecb323-d229-498f-954e-1a4656ce06d7,monotonic_reads,network_partition,reader-1,read,mr-fcecb323-d229-498f-954e-1a4656ce06d7,,790,ONE,ALL,cassandra-3,True,False,1.199,2026-09-16T13:00:38.800504+00:00,
fcecb323-d229-498f-954e-1a4656ce06d7,monotonic_reads,network_partition,writer-1,write,mr-fcecb323-d229-498f-954e-1a4656ce06d7,791,,,ALL,cassandra-1,True,False,2.933,2026-09-16T13:00:38.804698+00:00,
fcecb323-d229-498f-954e-1a4656ce06d7,monotonic_reads,network_partition,reader-1,read,mr-fcecb323-d229-498f-954e-1a4656ce06d7,,791,ONE,ALL,cassandra-1,True,False,2.908,2026-09-16T13:00:38.814788+00:00,
fcecb323-d229-498f-954e-1a4656ce06d7,monotonic_reads,network_partition,writer-1,write,mr-fcecb323-d229-498f-954e-1a4656ce06d7,792,,,ALL,cassandra-1,True,False,3.331,2026-09-16T13:00:38.830713+00:00,
fcecb323-d229-498f-954e-1a4656ce06d7,monotonic_reads,network_partition,writer-1,write,mr-fcecb323-d229-498f-954e-1a4656ce06d7,793,,,ALL,cassandra-1,True,False,4.411,2026-09-16T13:00:38.858069+00:00,
fcecb323-d229-498f-954e-1a4656ce06d7,monotonic_reads,network_partition,writer-1,write,mr-fcecb323-d229-498f-954e-1a4656ce06d7,794,,,ALL,cassandra-1,True,False,5.211,2026-09-16T13:00:38.886416+00:00,
fcecb323-d229-498f-954e-1a4656ce06d7,monotonic_reads,network_partition,writer-1,write,mr-fcecb323-d229-498f-954e-1a4656ce06d7,795,,,ALL,cassandra-1,True,False,4.738,2026-09-16T13:00:38.912476+00:00,
fcecb323-d229-498f-954e-1a4656ce06d7,monotonic_reads,network_partition,writer-1,write,mr-fcecb323-d229-498f-954e-1a4656ce06d7,796,,,ALL,cassandra-1,True,False,5.583,2026-09-16T13:00:38.940870+00:00,
fcecb323-d229-498f-954e-1a4656ce06d7,monotonic_reads,network_partition,writer-1,write,mr-fcecb323-d229-498f-954e-1a4656ce06d7,797,,,ALL,cassandra-1,True,False,5.198,2026-09-16T13:00:38.970492+00:00,
fcecb323-d229-498f-954e-1a4656ce06d7,monotonic_reads,network_partition,writer-1,write,mr-fcecb323-d229-498f-954e-1a4656ce06d7,798,,,ALL,cassandra-1,True,False,5.601,2026-09-16T13:00:38.999548+00:00,
fcecb323-d229-498f-954e-1a4656ce06d7,monotonic_reads,network_partition,writer-1,write,mr-fcecb323-d229-498f-954e-1a4656ce06d7,799,,,ALL,cassandra-1,True,False,4.733,2026-09-16T13:00:39.029333+00:00,
