trial_id,model,scenario,client,operation,key,version_written,version_observed,read_cl,write_cl,target_node,success,violation,latency_ms,timestamp,error
1c842de1-c4d8-4cca-a61c-04ffda0b39ab,monotonic_reads,network_partition,writer-1,write,mr-1c842de1-c4d8-4cca-a61c-04ffda0b39ab,1,,,ALL,cassandra-1,True,False,4.95,2026-09-16T13:01:06.185606+00:00,
1c842de1-c4d8-4cca-a61c-04ffda0b39ab,monotonic_reads,network_partition,writer-1,write,mr-1c842de1-c4d8-4cca-a61c-04ffda0b39ab,2,,,ALL,cassandra-1,True,False,4.914,2026-09-16T13:01:06.215125+00:00,
1c842de1-c4d8-4cca-a61c-04ffda0b39ab,monotonic_reads,network_partition,writer-1,write,mr-1c842de1-c4d8-4cca-a61c-04ffda0b39ab,3,,,ALL,cassandra-1,True,False,5.109,2026-09-16T13:01:06.244141+00:00,
1c842de1-c4d8-4cca-a61c-04ffda0b39ab,monotonic_reads,network_partition,writer-1,write,mr-1c842de1-c4d8-4cca-a61c-04ffda0b39ab,4,,,ALL,cassandra-1,True,False,4.763,2026-09-16T13:01:06.273082+00:00,
1c842de1-c4d8-4cca-a61c-04ffda0b39ab,monotonic_reads,network_partition,writer-1,write,mr-1c842de1-c4d8-4cca-a61c-04ffda0b39ab,5,,,ALL,cassandra-1,True,False,4.721,2026-09-16T13:01:06.300075+00:00,
1c842de1-c4d8-4cca-a61c-04ffda0b39ab,monotonic_reads,network_partition,writer-1,write,mr-1c842de1-c4d8-4cca-a61c-04ffda0b39ab,6,,,ALL,cassandra-1,True,False,4.45,2026-09-16T13:01:06.326827+00:00,
1c842de1-c4d8-4cca-a61c-04ffda0b39ab,monotonic_reads,network_partition,writer-1,write,mr-1c842de1-c4d8-4cca-a61c-04ffda0b39ab,7,,,ALL,cassandra-1,True,False,4.553,2026-09-16T13:01:06.356145+00:00,
1c842de1-c4d8-4cca-a61c-04ffda0b39ab,monotonic_reads,network_partition,writer-1,write,mr-1c842de1-c4d8-4cca-a61c-04ffda0b39ab,8,,,ALL,cassandra-1,True,False,4.96,2026-09-16T13:01:06.384823+00:00,
1c842de1-c4d8-4cca-a61c-04ffda0b39ab,monotonic_reads,network_partition,writer-1,write,mr-1c842de1-c4d8-4cca-a61c-04ffda0b39ab,9,,,ALL,cassandra-1,True,False,5.267,2026-09-16T13:01:06.410379+00:00,
1c842de1-c4d8-4cca-a61c-04ffda0b39ab,monotonic_reads,network_partition,writer-1,write,mr-1c842de1-c4d8-4cca-a61c-04ffda0b39ab,10,,,ALL,cassandra-1,True,False,5.153,2026-09-16T13:01:06.440126+00:00,
1c842de1-c4d8-4cca-a61c-04ffda0b39ab,monotonic_reads,network_partition,writer-1,write,mr-1c842de1-c4d8-4cca-a61c-04ffda0b39ab,11,,,ALL,cassandra-1,True,False,4.7,2026-09-16T13:01:06.465158+00:00,
1c842de1-c4d8-4cca-a61c-04ffda0b39ab,monotonic_reads,network_partition,writer-1,write,mr-1c842de1-c4d8-4cca-a61c-04ffda0b39ab,12,,,ALL,cassandra-1,True,False,5.29,2026-09-16T13:01:06.491140+00:00,
1c842de1-c4d8-4cca-a61c-04ffda0b39ab,monotonic_reads,network_partition,writer-1,write,mr-1c842de1-c4d8-4cca-a61c-04ffda0b39ab,13,,,ALL,cassandra-1,True,False,4.853,2026-09-16T13:01:06.516452+00:00,
1c842de1-c4d8-4cca-a61c-04ffda0b39ab,monotonic_reads,network_partition,writer-1,write,mr-1c842de1-c4d8-4cca-a61c-04ffda0b39ab,14,,,ALL,cassandra-1,True,False,5.324,2026-09-16T13:01:06.543293+00:00,
1c842de1-c4d8-4cca-a61c-04ffda0b39ab,monotonic_reads,network_partition,writer-1,write,mr-1c842de1-c4d8-4cca-a61c-04ffda0b39ab,15,,,ALL,cassandra-1,True,False,5.219,2026-09-16T13:01:06.569104+00:00,
1c842de1-c4d8-4cca-a61c-04ffda0b39ab,monotonic_reads,network_partition,writer-1,write,mr-1c842de1-c4d8-4cca-a61c-04ffda0b39ab,16,,,ALL,cassandra-1,True,False,5.722,2026-09-16T13:01:06.595431+00:00,
1c842de1-c4d8-4cca-a61c-04ffda0b39ab,monotonic_reads,network_partition,writer-1,write,mr-1c842de1-c4d8-4cca-a61c-04ffda0b39ab,17,,,ALL,cassandra-1,True,False,5.241,2026-09-16T13:01:06.622233+00:00,
1c842de1-c4d8-4cca-a61c-04ffda0b39ab,monotonic_reads,network_partition,writer-1,write,mr-1c842de1-c4d8-4cca-a61c-04ffda0b39ab,18,,,ALL,cassandra-1,True,False,4.618,2026-09-16T13:01:06.647845+00:00,
1c842de1-c4d8-4cca-a61c-04ffda0b39ab,monotonic_reads,network_partition,writer-1,write,mr-1c842de1-c4d8-4cca-a61c-04ffda0b39ab,19,,,ALL,cassandra-1,True,False,4.466,2026-09-16T13:01:06.676039+00:00,
1c842de1-c4d8-4cca-a61c-04ffda0b39ab,monotonic_reads,network_partition,reader-1,read,mr-1c842de1-c4d8-4cca-a61c-04ffda0b39ab,,19,ONE,ALL,cassandra-1,True,False,5040.685,2026-09-16T13:01:06.687563+00:00,
1c842de1-c4d8-4cca-a61c-04ffda0b39ab,monotonic_reads,network_partition,writer-1,write,mr-1c842de1-c4d8-4cca-a61c-04ffda0b39ab,20,,,ALL,cassandra-1,True,False,4.843,2026-09-16T13:01:06.702202+00:00,
1c842de1-c4d8-4cca-a61c-04ffda0b39ab,monotonic_reads,network_partition,writer-1,write,mr-1c842de1-c4d8-4cca-a61c-04ffda0b39ab,21,,,ALL,cassandra-1,True,False,4.489,2026-09-16T13:01:06.734790+00:00,
1c842de1-c4d8-4cca-a61c-04ffda0b39ab,monotonic_reads,network_partition,reader-1,read,mr-1c842de1-c4d8-4cca-a61c-04ffda0b39ab,,21,ONE,ALL,cassandra-2,True,False,38.444,2026-09-16T13:01:06.738274+00:00,
1c842de1-c4d8-4cca-a61c-04ffda0b39ab,monotonic_reads,network_partition,writer-1,write,mr-1c842de1-c4d8-4cca-a61c-04ffda0b39ab,22,,,ALL,cassandra-1,True,False,6.642,2026-09-16T13:01:06.765982+00:00,
1c842de1-c4d8-4cca-a61c-04ffda0b39ab,monotonic_reads,network_partition,writer-1,write,mr-1c842de1-c4d8-4cca-a61c-04ffda0b39ab,23,,,ALL,cassandra-1,True,False,4.354,2026-09-16T13:01:06.795601+00:00,
1c842de1-c4d8-4cca-a61c-04ffda0b39ab,monotonic_reads,network_partition,writer-1,write,mr-1c842de1-c4d8-4cca-a61c-04ffda0b39ab,24,,,ALL,cassandra-1,True,False,4.963,2026-09-16T13:01:06.820929+00:00,
1c842de1-c4d8-4cca-a61c-04ffda0b39ab,monotonic_reads,network_partition,writer-1,write,mr-1c842de1-c4d8-4cca-a61c-04ffda0b39ab,25,,,ALL,cassandra-1,True,False,4.676,2026-09-16T13:01:06.848857+00:00,
1c842de1-c4d8-4cca-a61c-04ffda0b39ab,monotonic_reads,network_partition,writer-1,write,mr-1c842de1-c4d8-4cca-a61c-04ffda0b39ab,26,,,ALL,cassandra-1,True,False,5.31,2026-09-16T13:01:06.879262+00:00,
1c842de1-c4d8-4cca-a61c-04ffda0b39ab,monotonic_reads,network_partition,writer-1,write,mr-1c842de1-c4d8-4cca-a61c-04ffda0b39ab,27,,,ALL,cassandra-1,True,False,4.759,2026-09-16T13:01:06.906101+00:00,
1c842de1-c4d8-4cca-a61c-04ffda0b39ab,monotonic_reads,network_partition,writer-1,write,mr-1c842de1-c4d8-4cca-a61c-04ffda0b39ab,28,,,ALL,cassandra-1,True,False,4.606,2026-09-16T13:01:06.932948+00:00,
1c842de1-c4d8-4cca-a61c-04ffda0b39ab,monotonic_reads,network_partition,writer-1,write,mr-1c842de1-c4d8-4cca-a61c-04ffda0b39ab,29,,,ALL,cassandra-1,True,False,5.489,2026-09-16T13:01:06.963198+00:00,
1c842de1-c4d8-4cca-a61c-04ffda0b39ab,monotonic_reads,network_partition,writer-1,write,mr-1c842de1-c4d8-4cca-a61c-04ffda0b39ab,30,,,ALL,cassandra-1,True,False,4.898,2026-09-16T13:01:06.992878+00:00,
1c842de1-c4d8-4cca-a61c-04ffda0b39ab,monotonic_reads,network_partition,writer-1,write,mr-1c842de1-c4d8-4cca-a61c-04ffda0b39ab,31,,,ALL,cassandra-1,True,False,5.832,2026-09-16T13:01:07.021207+00:00,
1c842de1-c4d8-4cca-a61c-04ffda0b39ab,monotonic_reads,network_partition,writer-1,write,mr-1c842de1-c4d8-4cca-a61c-04ffda0b39ab,32,,,ALL,cassandra-1,True,False,5.283,2026-09-16T13:01:07.049260+00:00,
1c842de1-c4d8-4cca-a61c-04ffda0b39ab,monotonic_reads,network_partition,writer-1,write,mr-1c842de1-c4d8-4cca-a61c-04ffda0b39ab,33,,,ALL,cassandra-1,True,False,3.75,2026-09-16T13:01:07.078233+00:00,
1c842de1-c4d8-4cca-a61c-04ffda0b39ab,monotonic_reads,network_partition,writer-1,write,mr-1c842de1-c4d8-4cca-a61c-04ffda0b39ab,34,,,ALL,cassandra-1,True,False,5.282,2026-09-16T13:01:07.106236+00:00,
1c842de1-c4d8-4cca-a61c-04ffda0b39ab,monotonic_reads,network_partition,writer-1,write,mr-1c842de1-c4d8-4cca-a61c-04ffda0b39ab,35,,,ALL,cassandra-1,True,False,4.501,2026-09-16T13:01:07.136021+00:00,
1c842de1-c4d8-4cca-a61c-04ffda0b39ab,monotonic_reads,network_partition,writer-1,write,mr-1c842de1-c4d8-4cca-a61c-04ffda0b39ab,36,,,ALL,cassandra-1,True,False,5.279,2026-09-16T13:01:07.162248+00:00,
1c842de1-c4d8-4cca-a61c-04ffda0b39ab,monotonic_reads,network_partition,writer-1,write,mr-1c842de1-c4d8-4cca-a61c-04ffda0b39ab,37,,,ALL,cassandra-1,True,False,4.757,2026-09-16T13:01:07.191996+00:00,
1c842de1-c4d8-4cca-a61c-04ffda0b39ab,monotonic_reads,network_partition,writer-1,write,mr-1c842de1-c4d8-4cca-a61c-04ffda0b39ab,38,,,ALL,cassandra-1,True,False,4.985,2026-09-16T13:01:07.222201+00:00,
1c842de1-c4d8-4cca-a61c-04ffda0b39ab,monotonic_reads,network_partition,writer-1,write,mr-1c842de1-c4d8-4cca-a61c-04ffda0b39ab,39,,,ALL,cassandra-1,True,False,5.065,2026-09-16T13:01:07.252046+00:00,
1c842de1-c4d8-4cca-a61c-04ffda0b39ab,monotonic_reads,network_partition,writer-1,write,mr-1c842de1-c4d8-4cca-a61c-04ffda0b39ab,40,,,ALL,cassandra-1,True,False,5.29,2026-09-16T13:01:07.281274+00:00,
1c842de1-c4d8-4cca-a61c-04ffda0b39ab,monotonic_reads,network_partition,writer-1,write,mr-1c842de1-c4d8-4cca-a61c-04ffda0b39ab,41,,,ALL,cassandra-1,True,False,4.628,2026-09-16T13:01:07.311102+00:00,
1c842de1-c4d8-4cca-a61c-04ffda0b39ab,monotonic_reads,network_partition,writer-1,write,mr-1c842de1-c4d8-4cca-a61c-04ffda0b39ab,42,,,ALL,cassandra-1,True,False,5.584,2026-09-16T13:01:07.340360+00:00,
1c842de1-c4d8-4cca-a61c-04ffda0b39ab,monotonic_reads,network_partition,writer-1,write,mr-1c842de1-c4d8-4cca-a61c-04ffda0b39ab,43,,,ALL,cassandra-1,True,False,4.622,2026-09-16T13:01:07.369078+00:00,
1c842de1-c4d8-4cca-a61c-04ffda0b39ab,monotonic_reads,network_partition,writer-1,write,mr-1c842de1-c4d8-4cca-a61c-04ffda0b39ab,44,,,ALL,cassandra-1,True,False,5.953,2026-09-16T13:01:07.399443+00:00,
1c842de1-c4d8-4cca-a61c-04ffda0b39ab,monotonic_reads,network_partition,writer-1,write,mr-1c842de1-c4d8-4cca-a61c-04ffda0b39ab,45,,,ALL,cassandra-1,True,False,2.5,2026-09-16T13:01:07.422348+00:00,
1c842de1-c4d8-4cca-a61c-04ffda0b39ab,monotonic_reads,network_partition,writer-1,write,mr-1c842de1-c4d8-4cca-a61c-04ffda0b39ab,46,,,ALL,cassandra-1,True,False,5.112,2026-09-16T13:01:07.450069+00:00,
1c842de1-c4d8-4cca-a61c-04ffda0b39ab,monotonic_reads,network_partition,writer-1,write,mr-1c842de1-c4d8-4cca-a61c-04ffda0b39ab,47,,,ALL,cassandra-1,True,False,5.303,2026-09-16T13:01:07.477230+00:00,
1c842de1-c4d8-4cca-a61c-04ffda0b39ab,monotonic_reads,network_partition,writer-1,write,mr-1c842de1-c4d8-4cca-a61c-04ffda0b39ab,48,,,ALL,cassandra-1,True,False,5.117,2026-09-16T13:01:07.507073+00:00,
1c842de1-c4d8-4cca-a61c-04ffda0b39ab,monotonic_reads,network_partition,writer-1,write,mr-1c842de1-c4d8-4cca-a61c-04ffda0b39ab,49,,,ALL,cassandra-1,True,False,4.911,2026-09-16T13:01:07.533863+00:00,
1c842de1-c4d8-4cca-a61c-04ffda0b39ab,monotonic_reads,network_partition,writer-1,write,mr-1c842de1-c4d8-4cca-a61c-04ffda0b39ab,50,,,ALL,cassandra-1,True,False,9.646,2026-09-16T13:01:07.564010+00:00,
1c842de1-c4d8-4cca-a61c-04ffda0b39ab,monotonic_reads,network_partition,writer-1,write,mr-1c842de1-c4d8-4cca-a61c-04ffda0b39ab,51,,,ALL,cassandra-1,True,False,13.072,2026-09-16T13:01:07.598024+00:00,
1c842de1-c4d8-4cca-a61c-04ffda0b39ab,monotonic_reads,network_partition,writer-1,write,mr-1c842de1-c4d8-4cca-a61c-04ffda0b39ab,52,,,ALL,cassandra-1,True,False,5.51,2026-09-16T13:01:07.628212+00:00,
1c842de1-c4d8-4cca-a61c-04ffda0b39ab,monotonic_reads,network_partition,writer-1,write,mr-1c842de1-c4d8-4cca-a61c-04ffda0b39ab,53,,,ALL,cassandra-1,True,False,4.919,2026-09-16T13:01:07.656924+00:00,
1c842de1-c4d8-4cca-a61c-04ffda0b39ab,monotonic_reads,network_partition,writer-1,write,mr-1c842de1-c4d8-4cca-a61c-04ffda0b39ab,54,,,ALL,cassandra-1,True,False,4.482,2026-09-16T13:01:07.685854+00:00,
1c842de1-c4d8-4cca-a61c-04ffda0b39ab,monotonic_reads,network_partition,writer-1,write,mr-1c842de1-c4d8-4cca-a61c-04ffda0b39ab,55,,,ALL,cassandra-1,True,False,5.654,2026-09-16T13:01:07.714593+00:00,
1c842de1-c4d8-4cca-a61c-04ffda0b39ab,monotonic_reads,network_partition,writer-1,write,mr-1c842de1-c4d8-4cca-a61c-04ffda0b39ab,56,,,ALL,cassandra-1,True,False,5.424,2026-09-16T13:01:07.743140+00:00,
1c842de1-c4d8-4cca-a61c-04ffda0b39ab,monotonic_reads,network_partition,writer-1,write,mr-1c842de1-c4d8-4cca-a61c-04ffda0b39ab,57,,,ALL,cassandra-1,True,False,5.866,2026-09-16T13:01:07.773625+00:00,
1c842de1-c4d8-4cca-a61c-04ffda0b39ab,monotonic_reads,network_partition,writer-1,write,mr-1c842de1-c4d8-4cca-a61c-04ffda0b39ab,58,,,ALL,cassandra-1,True,False,4.059,2026-09-16T13:01:07.802961+00:00,
1c842de1-c4d8-4cca-a61c-04ffda0b39ab,monotonic_reads,network_partition,writer-1,write,mr-1c842de1-c4d8-4cca-a61c-04ffda0b39ab,59,,,ALL,cassandra-1,True,False,4.981,2026-09-16T13:01:07.833261+00:00,
1c842de1-c4d8-4cca-a61c-04ffda0b39ab,monotonic_reads,network_partition,writer-1,write,mr-1c842de1-c4d8-4cca-a61c-04ffda0b39ab,60,,,ALL,cassandra-1,True,False,5.224,2026-09-16T13:01:07.860197+00:00,
1c842de1-c4d8-4cca-a61c-04ffda0b39ab,monotonic_reads,network_partition,writer-1,write,mr-1c842de1-c4d8-4cca-a61c-04ffda0b39ab,61,,,ALL,cassandra-1,True,False,5.21,2026-09-16T13:01:07.889190+00:00,
1c842de1-c4d8-4cca-a61c-04ffda0b39ab,monotonic_reads,network_partition,writer-1,write,mr-1c842de1-c4d8-4cca-a61c-04ffda0b39ab,62,,,ALL,cassandra-1,True,False,5.712,2026-09-16T13:01:07.917299+00:00,
1c842de1-c4d8-4cca-a61c-04ffda0b39ab,monotonic_reads,network_partition,writer-1,write,mr-1c842de1-c4d8-4cca-a61c-04ffda0b39ab,63,,,ALL,cassandra-1,True,False,5.216,2026-09-16T13:01:07.946212+00:00,
1c842de1-c4d8-4cca-a61c-04ffda0b39ab,monotonic_reads,network_partition,writer-1,write,mr-1c842de1-c4d8-4cca-a61c-04ffda0b39ab,64,,,ALL,cassandra-1,True,False,5.787,2026-09-16T13:01:07.977029+00:00,
1c842de1-c4d8-4cca-a61c-04ffda0b39ab,monotonic_reads,network_partition,writer-1,write,mr-1c842de1-c4d8-4cca-a61c-04ffda0b39ab,65,,,ALL,cassandra-1,True,False,5.108,2026-09-16T13:01:08.006068+00:00,
1c842de1-c4d8-4cca-a61c-04ffda0b39ab,monotonic_reads,network_partition,writer-1,write,mr-1c842de1-c4d8-4cca-a61c-04ffda0b39ab,66,,,ALL,cassandra-1,True,False,4.835,2026-09-16T13:01:08.036150+00:00,
1c842de1-c4d8-4cca-a61c-04ffda0b39ab,monotonic_reads,network_partition,writer-1,write,mr-1c842de1-c4d8-4cca-a61c-04ffda0b39ab,67,,,ALL,cassandra-1,True,False,6.211,2026-09-16T13:01:08.066424+00:00,
1c842de1-c4d8-4cca-a61c-04ffda0b39ab,monotonic_reads,network_partition,writer-1,write,mr-1c842de1-c4d8-4cca-a61c-04ffda0b39ab,68,,,ALL,cassandra-1,True,False,4.427,2026-09-16T13:01:08.096004+00:00,
1c842de1-c4d8-4cca-a61c-04ffda0b39ab,monotonic_reads,network_partition,writer-1,write,mr-1c842de1-c4d8-4cca-a61c-04ffda0b39ab,69,,,ALL,cassandra-1,True,False,4.976,2026-09-16T13:01:08.123917+00:00,
1c842de1-c4d8-4cca-a61c-04ffda0b39ab,monotonic_reads,network_partition,writer-1,write,mr-1c842de1-c4d8-4cca-a61c-04ffda0b39ab,70,,,ALL,cassandra-1,True,False,4.645,2026-09-16T13:01:08.153100+00:00,
1c842de1-c4d8-4cca-a61c-04ffda0b39ab,monotonic_reads,network_partition,writer-1,write,mr-1c842de1-c4d8-4cca-a61c-04ffda0b39ab,71,,,ALL,cassandra-1,True,False,4.903,2026-09-16T13:01:08.182803+00:00,
1c842de1-c4d8-4cca-a61c-04ffda0b39ab,monotonic_reads,network_partition,writer-1,write,mr-1c842de1-c4d8-4cca-a61c-04ffda0b39ab,72,,,ALL,cassandra-1,True,False,2.913,2026-09-16T13:01:08.207339+00:00,
1c842de1-c4d8-4cca-a61c-04ffda0b39ab,monotonic_reads,network_partition,writer-1,write,mr-1c842de1-c4d8-4cca-a61c-04ffda0b39ab,73,,,ALL,cassandra-1,True,False,2.834,2026-09-16T13:01:08.234416+00:00,
1c842de1-c4d8-4cca-a61c-04ffda0b39ab,monotonic_reads,network_partition,writer-1,write,mr-1c842de1-c4d8-4cca-a61c-04ffda0b39ab,74,,,ALL,cassandra-1,True,False,5.458,2026-09-16T13:01:08.263066+00:00,
1c842de1-c4d8-4cca-a61c-04ffda0b39ab,monotonic_reads,network_partition,writer-1,write,mr-1c842de1-c4d8-4cca-a61c-04ffda0b39ab,75,,,ALL,cassandra-1,True,False,2.96,2026-09-16T13:01:08.291213+00:00,
1c842de1-c4d8-4cca-a61c-04ffda0b39ab,monotonic_reads,network_partition,writer-1,write,mr-1c842de1-c4d8-4cca-a61c-04ffda0b39ab,76,,,ALL,cassandra-1,True,False,4.281,2026-09-16T13:01:08.316262+00:00,
1c842de1-c4d8-4cca-a61c-04ffda0b39ab,monotonic_reads,network_partition,writer-1,write,mr-1c842de1-c4d8-4cca-a61c-04ffda0b39ab,77,,,ALL,cassandra-1,True,False,3.859,2026-09-16T13:01:08.340366+00:00,
1c842de1-c4d8-4cca-a61c-04ffda0b39ab,monotonic_reads,network_partition,writer-1,write,mr-1c842de1-c4d8-4cca-a61c-04ffda0b39ab,78,,,ALL,cassandra-1,True,False,2.471,2026-09-16T13:01:08.363370+00:00,
1c842de1-c4d8-4cca-a61c-04ffda0b39ab,monotonic_reads,network_partition,writer-1,write,mr-1c842de1-c4d8-4cca-a61c-04ffda0b39ab,79,,,ALL,cassandra-1,True,False,8.424,2026-09-16T13:01:08.394264+00:00,
1c842de1-c4d8-4cca-a61c-04ffda0b39ab,monotonic_reads,network_partition,writer-1,write,mr-1c842de1-c4d8-4cca-a61c-04ffda0b39ab,80,,,ALL,cassandra-1,True,False,2.974,2026-09-16T13:01:08.422346+00:00,
1c842de1-c4d8-4cca-a61c-04ffda0b39ab,monotonic_reads,network_partition,writer-1,write,mr-1c842de1-c4d8-4cca-a61c-04ffda0b39ab,81,,,ALL,cassandra-1,True,False,2.68,2026-09-16T13:01:08.446255+00:00,
1c842de1-c4d8-4cca-a61c-04ffda0b39ab,monotonic_reads,network_partition,writer-1,write,mr-1c842de1-c4d8-4cca-a61c-04ffda0b39ab,82,,,ALL,cassandra-1,True,False,2.28,2026-09-16T13:01:08.473253+00:00,
1c842de1-c4d8-4cca-a61c-04ffda0b39ab,monotonic_reads,network_partition,writer-1,write,mr-1c842de1-c4d8-4cca-a61c-04ffda0b39ab,83,,,ALL,cassandra-1,True,False,2.536,2026-09-16T13:01:08.499186+00:00,
1c842de1-c4d8-4cca-a61c-04ffda0b39ab,monotonic_reads,network_partition,writer-1,write,mr-1c842de1-c4d8-4cca-a61c-04ffda0b39ab,84,,,ALL,cassandra-1,True,False,3.549,2026-09-16T13:01:08.526955+00:00,
1c842de1-c4d8-4cca-a61c-04ffda0b39ab,monotonic_reads,network_partition,writer-1,write,mr-1c842de1-c4d8-4cca-a61c-04ffda0b39ab,85,,,ALL,cassandra-1,True,False,5.939,2026-09-16T13:01:08.557474+00:00,
1c842de1-c4d8-4cca-a61c-04ffda0b39ab,monotonic_reads,network_partition,writer-1,write,mr-1c842de1-c4d8-4cca-a61c-04ffda0b39ab,86,,,ALL,cassandra-1,True,False,2.693,2026-09-16T13:01:08.580371+00:00,
1c842de1-c4d8-4cca-a61c-04ffda0b39ab,monotonic_reads,network_partition,writer-1,write,mr-1c842de1-c4d8-4cca-a61c-04ffda0b39ab,87,,,ALL,cassandra-1,True,False,4.273,2026-09-16T13:01:08.607317+00:00,
1c842de1-c4d8-4cca-a61c-04ffda0b39ab,monotonic_reads,network_partition,writer-1,write,mr-1c842de1-c4d8-4cca-a61c-04ffda0b39ab,88,,,ALL,cassandra-1,True,False,2.475,2026-09-16T13:01:08.633487+00:00,
1c842de1-c4d8-4cca-a61c-04ffda0b39ab,monotonic_reads,network_partition,writer-1,write,mr-1c842de1-c4d8-4cca-a61c-04ffda0b39ab,89,,,ALL,cassandra-1,True,False,2.832,2026-09-16T13:01:08.660276+00:00,
1c842de1-c4d8-4cca-a61c-04ffda0b39ab,monotonic_reads,network_partition,writer-1,write,mr-1c842de1-c4d8-4cca-a61c-04ffda0b39ab,90,,,ALL,cassandra-1,True,False,2.915,2026-09-16T13:01:08.688313+00:00,
1c842de1-c4d8-4cca-a61c-04ffda0b39ab,monotonic_reads,network_partition,writer-1,write,mr-1c842de1-c4d8-4cca-a61c-04ffda0b39ab,91,,,ALL,cassandra-1,True,False,3.183,2026-09-16T13:01:08.712493+00:00,
1c842de1-c4d8-4cca-a61c-04ffda0b39ab,monotonic_reads,network_partition,writer-1,write,mr-1c842de1-c4d8-4cca-a61c-04ffda0b39ab,92,,,ALL,cassandra-1,True,False,2.095,2026-09-16T13:01:08.739238+00:00,
1c842de1-c4d8-4cca-a61c-04ffda0b39ab,monotonic_reads,network_partition,writer-1,write,mr-1c842de1-c4d8-4cca-a61c-04ffda0b39ab,93,,,ALL,cassandra-1,True,False,2.914,2026-09-16T13:01:08.763358+00:00,
1c842de1-c4d8-4cca-a61c-04ffda0b39ab,monotonic_reads,network_partition,writer-1,write,mr-1c842de1-c4d8-4cca-a61c-04ffda0b39ab,94,,,ALL,cassandra-1,True,False,3.254,2026-09-16T13:01:08.787548+00:00,
1c842de1-c4d8-4cca-a61c-04ffda0b39ab,monotonic_reads,network_partition,writer-1,write,mr-1c842de1-c4d8-4cca-a61c-04ffda0b39ab,95,,,ALL,cassandra-1,True,False,3.256,2026-09-16T13:01:08.813420+00:00,
1c842de1-c4d8-4cca-a61c-04ffda0b39ab,monotonic_reads,network_partition,writer-1,write,mr-1c842de1-c4d8-4cca-a61c-04ffda0b39ab,96,,,ALL,cassandra-1,True,False,2.882,2026-09-16T13:01:08.837613+00:00,
1c842de1-c4d8-4cca-a61c-04ffda0b39ab,monotonic_reads,network_partition,writer-1,write,mr-1c842de1-c4d8-4cca-a61c-04ffda0b39ab,97,,,ALL,cassandra-1,True,False,3.259,2026-09-16T13:01:08.863754+00:00,
1c842de1-c4d8-4cca-a61c-04ffda0b39ab,monotonic_reads,network_partition,writer-1,write,mr-1c842de1-c4d8-4cca-a61c-04ffda0b39ab,98,,,ALL,cassandra-1,True,False,4.813,2026-09-16T13:01:08.891983+00:00,
1c842de1-c4d8-4cca-a61c-04ffda0b39ab,monotonic_reads,network_partition,writer-1,write,mr-1c842de1-c4d8-4cca-a61c-04ffda0b39ab,99,,,ALL,cassandra-1,True,False,4.769,2026-09-16T13:01:08.919999+00:00,
1c842de1-c4d8-4cca-a61c-04ffda0b39ab,monotonic_reads,network_partition,writer-1,write,mr-1c842de1-c4d8-4cca-a61c-04ffda0b39ab,100,,,ALL,cassandra-1,True,False,5.313,2026-09-16T13:01:08.949256+00:00,
1c842de1-c4d8-4cca-a61c-04ffda0b39ab,monotonic_reads,network_partition,writer-1,write,mr-1c842de1-c4d8-4cca-a61c-04ffda0b39ab,101,,,ALL,cassandra-1,True,False,4.406,2026-09-16T13:01:08.977965+00:00,
1c842de1-c4d8-4cca-a61c-04ffda0b39ab,monotonic_reads,network_partition,writer-1,write,mr-1c842de1-c4d8-4cca-a61c-04ffda0b39ab,102,,,ALL,cassandra-1,True,False,10.89,2026-09-16T13:01:09.013238+00:00,
1c842de1-c4d8-4cca-a61c-04ffda0b39ab,monotonic_reads,network_partition,writer-1,write,mr-1c842de1-c4d8-4cca-a61c-04ffda0b39ab,103,,,ALL,cassandra-1,True,False,4.927,2026-09-16T13:01:09.039890+00:00,
1c842de1-c4d8-4cca-a61c-04ffda0b39ab,monotonic_reads,network_partition,writer-1,write,mr-1c842de1-c4d8-4cca-a61c-04ffda0b39ab,104,,,ALL,cassandra-1,True,False,2.848,2026-09-16T13:01:09.063510+00:00,
1c842de1-c4d8-4cca-a61c-04ffda0b39ab,monotonic_reads,network_partition,writer-1,write,mr-1c842de1-c4d8-4cca-a61c-04ffda0b39ab,105,,,ALL,cassandra-1,True,False,4.629,2026-09-16T13:01:09.088623+00:00,
1c842de1-c4d8-4cca-a61c-04ffda0b39ab,monotonic_reads,network_partition,writer-1,write,mr-1c842de1-c4d8-4cca-a61c-04ffda0b39ab,106,,,ALL,cassandra-1,True,False,5.313,2026-09-16T13:01:09.119084+00:00,
1c842de1-c4d8-4cca-a61c-04ffda0b39ab,monotonic_reads,network_partition,writer-1,write,mr-1c842de1-c4d8-4cca-a61c-04ffda0b39ab,107,,,ALL,cassandra-1,True,False,4.42,2026-09-16T13:01:09.145759+00:00,
1c842de1-c4d8-4cca-a61c-04ffda0b39ab,monotonic_reads,network_partition,writer-1,write,mr-1c842de1-c4d8-4cca-a61c-04ffda0b39ab,108,,,ALL,cassandra-1,True,False,5.803,2026-09-16T13:01:09.176162+00:00,
1c842de1-c4d8-4cca-a61c-04ffda0b39ab,monotonic_reads,network_partition,writer-1,write,mr-1c842de1-c4d8-4cca-a61c-04ffda0b39ab,109,,,ALL,cassandra-1,True,False,5.13,2026-09-16T13:01:09.205143+00:00,
1c842de1-c4d8-4cca-a61c-04ffda0b39ab,monotonic_reads,network_partition,writer-1,write,mr-1c842de1-c4d8-4cca-a61c-04ffda0b39ab,110,,,ALL,cassandra-1,True,False,5.337,2026-09-16T13:01:09.235189+00:00,
1c842de1-c4d8-4cca-a61c-04ffda0b39ab,monotonic_reads,network_partition,writer-1,write,mr-1c842de1-c4d8-4cca-a61c-04ffda0b39ab,111,,,ALL,cassandra-1,True,False,4.572,2026-09-16T13:01:09.264738+00:00,
1c842de1-c4d8-4cca-a61c-04ffda0b39ab,monotonic_reads,network_partition,writer-1,write,mr-1c842de1-c4d8-4cca-a61c-04ffda0b39ab,112,,,ALL,cassandra-1,True,False,4.877,2026-09-16T13:01:09.290816+00:00,
1c842de1-c4d8-4cca-a61c-04ffda0b39ab,monotonic_reads,network_partition,writer-1,write,mr-1c842de1-c4d8-4cca-a61c-04ffda0b39ab,113,,,ALL,cassandra-1,True,False,5.957,2026-09-16T13:01:09.320945+00:00,
1c842de1-c4d8-4cca-a61c-04ffda0b39ab,monotonic_reads,network_partition,writer-1,write,mr-1c842de1-c4d8-4cca-a61c-04ffda0b39ab,114,,,ALL,cassandra-1,True,False,4.816,2026-09-16T13:01:09.350990+00:00,
1c842de1-c4d8-4cca-a61c-04ffda0b39ab,monotonic_reads,network_partition,writer-1,write,mr-1c842de1-c4d8-4cca-a61c-04ffda0b39ab,115,,,ALL,cassandra-1,True,False,5.663,2026-09-16T13:01:09.379152+00:00,
1c842de1-c4d8-4cca-a61c-04ffda0b39ab,monotonic_reads,network_partition,writer-1,write,mr-1c842de1-c4d8-4cca-a61c-04ffda0b39ab,116,,,ALL,cassandra-1,True,False,4.655,2026-09-16T13:01:09.409068+00:00,
1c842de1-c4d8-4cca-a61c-04ffda0b39ab,monotonic_reads,network_partition,writer-1,write,mr-1c842de1-c4d8-4cca-a61c-04ffda0b39ab,117,,,ALL,cassandra-1,True,False,5.28,2026-09-16T13:01:09.438750+00:00,
1c842de1-c4d8-4cca-a61c-04ffda0b39ab,monotonic_reads,network_partition,writer-1,write,mr-1c842de1-c4d8-4cca-a61c-04ffda0b39ab,118,,,ALL,cassandra-1,True,False,5.021,2026-09-16T13:01:09.464362+00:00,
1c842de1-c4d8-4cca-a61c-04ffda0b39ab,monotonic_reads,network_partition,writer-1,write,mr-1c842de1-c4d8-4cca-a61c-04ffda0b39ab,119,,,ALL,cassandra-1,True,False,4.976,2026-09-16T13:01:09.493992+00:00,
1c842de1-c4d8-4cca-a61c-04ffda0b39ab,monotonic_reads,network_partition,writer-1,write,mr-1c842de1-c4d8-4cca-a61c-04ffda0b39ab,120,,,ALL,cassandra-1,True,False,5.438,2026-09-16T13:01:09.524476+00:00,
1c842de1-c4d8-4cca-a61c-04ffda0b39ab,monotonic_reads,network_partition,writer-1,write,mr-1c842de1-c4d8-4cca-a61c-04ffda0b39ab,121,,,ALL,cassandra-1,True,False,6.454,2026-09-16T13:01:09.555823+00:00,
1c842de1-c4d8-4cca-a61c-04ffda0b39ab,monotonic_reads,network_partition,writer-1,write,mr-1c842de1-c4d8-4cca-a61c-04ffda0b39ab,122,,,ALL,cassandra-1,True,False,4.898,2026-09-16T13:01:09.582064+00:00,
1c842de1-c4d8-4cca-a61c-04ffda0b39ab,monotonic_reads,network_partition,writer-1,write,mr-1c842de1-c4d8-4cca-a61c-04ffda0b39ab,123,,,ALL,cassandra-1,True,False,6.197,2026-09-16T13:01:09.610584+00:00,
1c842de1-c4d8-4cca-a61c-04ffda0b39ab,monotonic_reads,network_partition,writer-1,write,mr-1c842de1-c4d8-4cca-a61c-04ffda0b39ab,124,,,ALL,cassandra-1,True,False,5.437,2026-09-16T13:01:09.637018+00:00,
1c842de1-c4d8-4cca-a61c-04ffda0b39ab,monotonic_reads,network_partition,writer-1,write,mr-1c842de1-c4d8-4cca-a61c-04ffda0b39ab,125,,,ALL,cassandra-1,True,False,4.598,2026-09-16T13:01:09.666769+00:00,
1c842de1-c4d8-4cca-a61c-04ffda0b39ab,monotonic_reads,network_partition,writer-1,write,mr-1c842de1-c4d8-4cca-a61c-04ffda0b39ab,126,,,ALL,cassandra-1,True,False,7.082,2026-09-16T13:01:09.699031+00:00,
1c842de1-c4d8-4cca-a61c-04ffda0b39ab,monotonic_reads,network_partition,writer-1,write,mr-1c842de1-c4d8-4cca-a61c-04ffda0b39ab,127,,,ALL,cassandra-1,True,False,3.65,2026-09-16T13:01:09.727593+00:00,
1c842de1-c4d8-4cca-a61c-04ffda0b39ab,monotonic_reads,network_partition,writer-1,write,mr-1c842de1-c4d8-4cca-a61c-04ffda0b39ab,128,,,ALL,cassandra-1,True,False,3.948,2026-09-16T13:01:09.751887+00:00,
1c842de1-c4d8-4cca-a61c-04ffda0b39ab,monotonic_reads,network_partition,writer-1,write,mr-1c842de1-c4d8-4cca-a61c-04ffda0b39ab,129,,,ALL,cassandra-1,True,False,4.425,2026-09-16T13:01:09.780854+00:00,
1c842de1-c4d8-4cca-a61c-04ffda0b39ab,monotonic_reads,network_partition,writer-1,write,mr-1c842de1-c4d8-4cca-a61c-04ffda0b39ab,130,,,ALL,cassandra-1,True,False,4.726,2026-09-16T13:01:09.809121+00:00,
1c842de1-c4d8-4cca-a61c-04ffda0b39ab,monotonic_reads,network_partition,writer-1,write,mr-1c842de1-c4d8-4cca-a61c-04ffda0b39ab,131,,,ALL,cassandra-1,True,False,5.129,2026-09-16T13:01:09.839069+00:00,
1c842de1-c4d8-4cca-a61c-04ffda0b39ab,monotonic_reads,network_partition,writer-1,write,mr-1c842de1-c4d8-4cca-a61c-04ffda0b39ab,132,,,ALL,cassandra-1,True,False,5.104,2026-09-16T13:01:09.865303+00:00,
1c842de1-c4d8-4cca-a61c-04ffda0b39ab,monotonic_reads,network_partition,writer-1,write,mr-1c842de1-c4d8-4cca-a61c-04ffda0b39ab,133,,,ALL,cassandra-1,True,False,7.924,2026-09-16T13:01:09.897377+00:00,
1c842de1-c4d8-4cca-a61c-04ffda0b39ab,monotonic_reads,network_partition,writer-1,write,mr-1c842de1-c4d8-4cca-a61c-04ffda0b39ab,134,,,ALL,cassandra-1,True,False,5.74,2026-09-16T13:01:09.925178+00:00,
1c842de1-c4d8-4cca-a61c-04ffda0b39ab,monotonic_reads,network_partition,writer-1,write,mr-1c842de1-c4d8-4cca-a61c-04ffda0b39ab,135,,,ALL,cassandra-1,True,False,4.634,2026-09-16T13:01:09.953952+00:00,
1c842de1-c4d8-4cca-a61c-04ffda0b39ab,monotonic_reads,network_partition,writer-1,write,mr-1c842de1-c4d8-4cca-a61c-04ffda0b39ab,136,,,ALL,cassandra-1,True,False,5.247,2026-09-16T13:01:09.982187+00:00,
1c842de1-c4d8-4cca-a61c-04ffda0b39ab,monotonic_reads,network_partition,writer-1,write,mr-1c842de1-c4d8-4cca-a61c-04ffda0b39ab,137,,,ALL,cassandra-1,True,False,5.478,2026-09-16T13:01:10.010149+00:00,
1c842de1-c4d8-4cca-a61c-04ffda0b39ab,monotonic_reads,network_partition,writer-1,write,mr-1c842de1-c4d8-4cca-a61c-04ffda0b39ab,138,,,ALL,cassandra-1,True,False,4.719,2026-09-16T13:01:10.038102+00:00,
1c842de1-c4d8-4cca-a61c-04ffda0b39ab,monotonic_reads,network_partition,writer-1,write,mr-1c842de1-c4d8-4cca-a61c-04ffda0b39ab,139,,,ALL,cassandra-1,True,False,5.669,2026-09-16T13:01:10.067633+00:00,
1c842de1-c4d8-4cca-a61c-04ffda0b39ab,monotonic_reads,network_partition,writer-1,write,mr-1c842de1-c4d8-4cca-a61c-04ffda0b39ab,140,,,ALL,cassandra-1,True,False,4.769,2026-09-16T13:01:10.096820+00:00,
1c842de1-c4d8-4cca-a61c-04ffda0b39ab,monotonic_reads,network_partition,writer-1,write,mr-1c842de1-c4d8-4cca-a61c-04ffda0b39ab,141,,,ALL,cassandra-1,True,False,5.336,2026-09-16T13:01:10.123136+00:00,
1c842de1-c4d8-4cca-a61c-04ffda0b39ab,monotonic_reads,network_partition,writer-1,write,mr-1c842de1-c4d8-4cca-a61c-04ffda0b39ab,142,,,ALL,cassandra-1,True,False,4.436,2026-09-16T13:01:10.150847+00:00,
1c842de1-c4d8-4cca-a61c-04ffda0b39ab,monotonic_reads,network_partition,writer-1,write,mr-1c842de1-c4d8-4cca-a61c-04ffda0b39ab,143,,,ALL,cassandra-1,True,False,5.24,2026-09-16T13:01:10.180189+00:00,
1c842de1-c4d8-4cca-a61c-04ffda0b39ab,monotonic_reads,network_partition,writer-1,write,mr-1c842de1-c4d8-4cca-a61c-04ffda0b39ab,144,,,ALL,cassandra-1,True,False,4.944,2026-09-16T13:01:10.206874+00:00,
1c842de1-c4d8-4cca-a61c-04ffda0b39ab,monotonic_reads,network_partition,writer-1,write,mr-1c842de1-c4d8-4cca-a61c-04ffda0b39ab,145,,,ALL,cassandra-1,True,False,5.565,2026-09-16T13:01:10.237127+00:00,
1c842de1-c4d8-4cca-a61c-04ffda0b39ab,monotonic_reads,network_partition,writer-1,write,mr-1c842de1-c4d8-4cca-a61c-04ffda0b39ab,146,,,ALL,cassandra-1,True,False,4.877,2026-09-16T13:01:10.266096+00:00,
1c842de1-c4d8-4cca-a61c-04ffda0b39ab,monotonic_reads,network_partition,writer-1,write,mr-1c842de1-c4d8-4cca-a61c-04ffda0b39ab,147,,,ALL,cassandra-1,True,False,4.842,2026-09-16T13:01:10.296178+00:00,
1c842de1-c4d8-4cca-a61c-04ffda0b39ab,monotonic_reads,network_partition,writer-1,write,mr-1c842de1-c4d8-4cca-a61c-04ffda0b39ab,148,,,ALL,cassandra-1,True,False,5.136,2026-09-16T13:01:10.324147+00:00,
1c842de1-c4d8-4cca-a61c-04ffda0b39ab,monotonic_reads,network_partition,writer-1,write,mr-1c842de1-c4d8-4cca-a61c-04ffda0b39ab,149,,,ALL,cassandra-1,True,False,5.983,2026-09-16T13:01:10.354157+00:00,
1c842de1-c4d8-4cca-a61c-04ffda0b39ab,monotonic_reads,network_partition,writer-1,write,mr-1c842de1-c4d8-4cca-a61c-04ffda0b39ab,150,,,ALL,cassandra-1,True,False,6.312,2026-09-16T13:01:10.383963+00:00,
1c842de1-c4d8-4cca-a61c-04ffda0b39ab,monotonic_reads,network_partition,writer-1,write,mr-1c842de1-c4d8-4cca-a61c-04ffda0b39ab,151,,,ALL,cassandra-1,True,False,4.676,2026-09-16T13:01:10.412089+00:00,
1c842de1-c4d8-4cca-a61c-04ffda0b39ab,monotonic_reads,network_partition,writer-1,write,mr-1c842de1-c4d8-4cca-a61c-04ffda0b39ab,152,,,ALL,cassandra-1,True,False,4.69,2026-09-16T13:01:10.439533+00:00,
1c842de1-c4d8-4cca-a61c-04ffda0b39ab,monotonic_reads,network_partition,writer-1,write,mr-1c842de1-c4d8-4cca-a61c-04ffda0b39ab,153,,,ALL,cassandra-1,True,False,5.017,2026-09-16T13:01:10.469723+00:00,
1c842de1-c4d8-4cca-a61c-04ffda0b39ab,monotonic_reads,network_partition,writer-1,write,mr-1c842de1-c4d8-4cca-a61c-04ffda0b39ab,154,,,ALL,cassandra-1,True,False,4.772,2026-09-16T13:01:10.499870+00:00,
1c842de1-c4d8-4cca-a61c-04ffda0b39ab,monotonic_reads,network_partition,writer-1,write,mr-1c842de1-c4d8-4cca-a61c-04ffda0b39ab,155,,,ALL,cassandra-1,True,False,6.311,2026-09-16T13:01:10.527133+00:00,
1c842de1-c4d8-4cca-a61c-04ffda0b39ab,monotonic_reads,network_partition,writer-1,write,mr-1c842de1-c4d8-4cca-a61c-04ffda0b39ab,156,,,ALL,cassandra-1,True,False,10.627,2026-09-16T13:01:10.562331+00:00,
1c842de1-c4d8-4cca-a61c-04ffda0b39ab,monotonic_reads,network_partition,writer-1,write,mr-1c842de1-c4d8-4cca-a61c-04ffda0b39ab,157,,,ALL,cassandra-1,True,False,5.198,2026-09-16T13:01:10.588134+00:00,
1c842de1-c4d8-4cca-a61c-04ffda0b39ab,monotonic_reads,network_partition,writer-1,write,mr-1c842de1-c4d8-4cca-a61c-04ffda0b39ab,158,,,ALL,cassandra-1,True,False,5.349,2026-09-16T13:01:10.616943+00:00,
1c842de1-c4d8-4cca-a61c-04ffda0b39ab,monotonic_reads,network_partition,writer-1,write,mr-1c842de1-c4d8-4cca-a61c-04ffda0b39ab,159,,,ALL,cassandra-1,True,False,5.977,2026-09-16T13:01:10.643311+00:00,
1c842de1-c4d8-4cca-a61c-04ffda0b39ab,monotonic_reads,network_partition,writer-1,write,mr-1c842de1-c4d8-4cca-a61c-04ffda0b39ab,160,,,ALL,cassandra-1,True,False,5.155,2026-09-16T13:01:10.669990+00:00,
1c842de1-c4d8-4cca-a61c-04ffda0b39ab,monotonic_reads,network_partition,writer-1,write,mr-1c842de1-c4d8-4cca-a61c-04ffda0b39ab,161,,,ALL,cassandra-1,True,False,5.371,2026-09-16T13:01:10.700159+00:00,
1c842de1-c4d8-4cca-a61c-04ffda0b39ab,monotonic_reads,network_partition,writer-1,write,mr-1c842de1-c4d8-4cca-a61c-04ffda0b39ab,162,,,ALL,cassandra-1,True,False,3.433,2026-09-16T13:01:10.725472+00:00,
1c842de1-c4d8-4cca-a61c-04ffda0b39ab,monotonic_reads,network_partition,writer-1,write,mr-1c842de1-c4d8-4cca-a61c-04ffda0b39ab,163,,,ALL,cassandra-1,True,False,3.98,2026-09-16T13:01:10.754640+00:00,
1c842de1-c4d8-4cca-a61c-04ffda0b39ab,monotonic_reads,network_partition,writer-1,write,mr-1c842de1-c4d8-4cca-a61c-04ffda0b39ab,164,,,ALL,cassandra-1,True,False,3.099,2026-09-16T13:01:10.778189+00:00,
1c842de1-c4d8-4cca-a61c-04ffda0b39ab,monotonic_reads,network_partition,writer-1,write,mr-1c842de1-c4d8-4cca-a61c-04ffda0b39ab,165,,,ALL,cassandra-1,True,False,2.995,2026-09-16T13:01:10.805280+00:00,
1c842de1-c4d8-4cca-a61c-04ffda0b39ab,monotonic_reads,network_partition,writer-1,write,mr-1c842de1-c4d8-4cca-a61c-04ffda0b39ab,166,,,ALL,cassandra-1,True,False,3.002,2026-09-16T13:01:10.833413+00:00,
1c842de1-c4d8-4cca-a61c-04ffda0b39ab,monotonic_reads,network_partition,writer-1,write,mr-1c842de1-c4d8-4cca-a61c-04ffda0b39ab,167,,,ALL,cassandra-1,True,False,3.166,2026-09-16T13:01:10.859416+00:00,
1c842de1-c4d8-4cca-a61c-04ffda0b39ab,monotonic_reads,network_partition,writer-1,write,mr-1c842de1-c4d8-4cca-a61c-04ffda0b39ab,168,,,ALL,cassandra-1,True,False,3.071,2026-09-16T13:01:10.887712+00:00,
1c842de1-c4d8-4cca-a61c-04ffda0b39ab,monotonic_reads,network_partition,writer-1,write,mr-1c842de1-c4d8-4cca-a61c-04ffda0b39ab,169,,,ALL,cassandra-1,True,False,3.689,2026-09-16T13:01:10.916598+00:00,
1c842de1-c4d8-4cca-a61c-04ffda0b39ab,monotonic_reads,network_partition,writer-1,write,mr-1c842de1-c4d8-4cca-a61c-04ffda0b39ab,170,,,ALL,cassandra-1,True,False,4.849,2026-09-16T13:01:10.942118+00:00,
1c842de1-c4d8-4cca-a61c-04ffda0b39ab,monotonic_reads,network_partition,writer-1,write,mr-1c842de1-c4d8-4cca-a61c-04ffda0b39ab,171,,,ALL,cassandra-1,True,False,5.467,2026-09-16T13:01:10.972852+00:00,
1c842de1-c4d8-4cca-a61c-04ffda0b39ab,monotonic_reads,network_partition,writer-1,write,mr-1c842de1-c4d8-4cca-a61c-04ffda0b39ab,172,,,ALL,cassandra-1,True,False,5.289,2026-09-16T13:01:11.002208+00:00,
1c842de1-c4d8-4cca-a61c-04ffda0b39ab,monotonic_reads,network_partition,writer-1,write,mr-1c842de1-c4d8-4cca-a61c-04ffda0b39ab,173,,,ALL,cassandra-1,True,False,8.076,2026-09-16T13:01:11.034864+00:00,
1c842de1-c4d8-4cca-a61c-04ffda0b39ab,monotonic_reads,network_partition,writer-1,write,mr-1c842de1-c4d8-4cca-a61c-04ffda0b39ab,174,,,ALL,cassandra-1,True,False,4.2,2026-09-16T13:01:11.064274+00:00,
1c842de1-c4d8-4cca-a61c-04ffda0b39ab,monotonic_reads,network_partition,writer-1,write,mr-1c842de1-c4d8-4cca-a61c-04ffda0b39ab,175,,,ALL,cassandra-1,True,False,5.092,2026-09-16T13:01:11.092031+00:00,
1c842de1-c4d8-4cca-a61c-04ffda0b39ab,monotonic_reads,network_partition,writer-1,write,mr-1c842de1-c4d8-4cca-a61c-04ffda0b39ab,176,,,ALL,cassandra-1,True,False,4.845,2026-09-16T13:01:11.121162+00:00,
1c842de1-c4d8-4cca-a61c-04ffda0b39ab,monotonic_reads,network_partition,writer-1,write,mr-1c842de1-c4d8-4cca-a61c-04ffda0b39ab,177,,,ALL,cassandra-1,True,False,5.271,2026-09-16T13:01:11.149179+00:00,
1c842de1-c4d8-4cca-a61c-04ffda0b39ab,monotonic_reads,network_partition,writer-1,write,mr-1c842de1-c4d8-4cca-a61c-04ffda0b39ab,178,,,ALL,cassandra-1,True,False,4.56,2026-09-16T13:01:11.177989+00:00,
1c842de1-c4d8-4cca-a61c-04ffda0b39ab,monotonic_reads,network_partition,writer-1,write,mr-1c842de1-c4d8-4cca-a61c-04ffda0b39ab,179,,,ALL,cassandra-1,True,False,5.114,2026-09-16T13:01:11.207186+00:00,
1c842de1-c4d8-4cca-a61c-04ffda0b39ab,monotonic_reads,network_partition,writer-1,write,mr-1c842de1-c4d8-4cca-a61c-04ffda0b39ab,180,,,ALL,cassandra-1,True,False,5.186,2026-09-16T13:01:11.236733+00:00,
1c842de1-c4d8-4cca-a61c-04ffda0b39ab,monotonic_reads,network_partition,writer-1,write,mr-1c842de1-c4d8-4cca-a61c-04ffda0b39ab,181,,,ALL,cassandra-1,True,False,4.975,2026-09-16T13:01:11.264985+00:00,
1c842de1-c4d8-4cca-a61c-04ffda0b39ab,monotonic_reads,network_partition,writer-1,write,mr-1c842de1-c4d8-4cca-a61c-04ffda0b39ab,182,,,ALL,cassandra-1,True,False,5.136,2026-09-16T13:01:11.290777+00:00,
1c842de1-c4d8-4cca-a61c-04ffda0b39ab,monotonic_reads,network_partition,writer-1,write,mr-1c842de1-c4d8-4cca-a61c-04ffda0b39ab,183,,,ALL,cassandra-1,True,False,4.642,2026-09-16T13:01:11.318013+00:00,
1c842de1-c4d8-4cca-a61c-04ffda0b39ab,monotonic_reads,network_partition,writer-1,write,mr-1c842de1-c4d8-4cca-a61c-04ffda0b39ab,184,,,ALL,cassandra-1,True,False,4.722,2026-09-16T13:01:11.345043+00:00,
1c842de1-c4d8-4cca-a61c-04ffda0b39ab,monotonic_reads,network_partition,writer-1,write,mr-1c842de1-c4d8-4cca-a61c-04ffda0b39ab,185,,,ALL,cassandra-1,True,False,5.196,2026-09-16T13:01:11.375100+00:00,
1c842de1-c4d8-4cca-a61c-04ffda0b39ab,monotonic_reads,network_partition,writer-1,write,mr-1c842de1-c4d8-4cca-a61c-04ffda0b39ab,186,,,ALL,cassandra-1,True,False,4.616,2026-09-16T13:01:11.403800+00:00,
1c842de1-c4d8-4cca-a61c-04ffda0b39ab,monotonic_reads,network_partition,writer-1,write,mr-1c842de1-c4d8-4cca-a61c-04ffda0b39ab,187,,,ALL,cassandra-1,True,False,5.31,2026-09-16T13:01:11.433611+00:00,
1c842de1-c4d8-4cca-a61c-04ffda0b39ab,monotonic_reads,network_partition,writer-1,write,mr-1c842de1-c4d8-4cca-a61c-04ffda0b39ab,188,,,ALL,cassandra-1,True,False,5.199,2026-09-16T13:01:11.463134+00:00,
1c842de1-c4d8-4cca-a61c-04ffda0b39ab,monotonic_reads,network_partition,writer-1,write,mr-1c842de1-c4d8-4cca-a61c-04ffda0b39ab,189,,,ALL,cassandra-1,True,False,5.088,2026-09-16T13:01:11.490016+00:00,
1c842de1-c4d8-4cca-a61c-04ffda0b39ab,monotonic_reads,network_partition,writer-1,write,mr-1c842de1-c4d8-4cca-a61c-04ffda0b39ab,190,,,ALL,cassandra-1,True,False,4.769,2026-09-16T13:01:11.520029+00:00,
1c842de1-c4d8-4cca-a61c-04ffda0b39ab,monotonic_reads,network_partition,writer-1,write,mr-1c842de1-c4d8-4cca-a61c-04ffda0b39ab,191,,,ALL,cassandra-1,True,False,4.944,2026-09-16T13:01:11.548867+00:00,
1c842de1-c4d8-4cca-a61c-04ffda0b39ab,monotonic_reads,network_partition,writer-1,write,mr-1c842de1-c4d8-4cca-a61c-04ffda0b39ab,192,,,ALL,cassandra-1,True,False,5.156,2026-09-16T13:01:11.576993+00:00,
1c842de1-c4d8-4cca-a61c-04ffda0b39ab,monotonic_reads,network_partition,writer-1,write,mr-1c842de1-c4d8-4cca-a61c-04ffda0b39ab,193,,,ALL,cassandra-1,True,False,4.958,2026-09-16T13:01:11.605271+00:00,
1c842de1-c4d8-4cca-a61c-04ffda0b39ab,monotonic_reads,network_partition,writer-1,write,mr-1c842de1-c4d8-4cca-a61c-04ffda0b39ab,194,,,ALL,cassandra-1,True,False,5.078,2026-09-16T13:01:11.633995+00:00,
1c842de1-c4d8-4cca-a61c-04ffda0b39ab,monotonic_reads,network_partition,writer-1,write,mr-1c842de1-c4d8-4cca-a61c-04ffda0b39ab,195,,,ALL,cassandra-1,True,False,4.876,2026-09-16T13:01:11.660036+00:00,
1c842de1-c4d8-4cca-a61c-04ffda0b39ab,monotonic_reads,network_partition,writer-1,write,mr-1c842de1-c4d8-4cca-a61c-04ffda0b39ab,196,,,ALL,cassandra-1,True,False,5.302,2026-09-16T13:01:11.686220+00:00,
1c842de1-c4d8-4cca-a61c-04ffda0b39ab,monotonic_reads,network_partition,writer-1,write,mr-1c842de1-c4d8-4cca-a61c-04ffda0b39ab,197,,,ALL,cassandra-1,True,False,5.424,2026-09-16T13:01:11.713227+00:00,
1c842de1-c4d8-4cca-a61c-04ffda0b39ab,monotonic_reads,network_partition,writer-1,write,mr-1c842de1-c4d8-4cca-a61c-04ffda0b39ab,198,,,ALL,cassandra-1,True,False,4.19,2026-09-16T13:01:11.740824+00:00,
1c842de1-c4d8-4cca-a61c-04ffda0b39ab,monotonic_reads,network_partition,writer-1,write,mr-1c842de1-c4d8-4cca-a61c-04ffda0b39ab,199,,,ALL,cassandra-1,True,False,3.767,2026-09-16T13:01:11.765542+00:00,
1c842de1-c4d8-4cca-a61c-04ffda0b39ab,monotonic_reads,network_partition,writer-1,write,mr-1c842de1-c4d8-4cca-a61c-04ffda0b39ab,200,,,ALL,cassandra-1,True,False,2.685,2026-09-16T13:01:11.790401+00:00,
1c842de1-c4d8-4cca-a61c-04ffda0b39ab,monotonic_reads,network_partition,reader-1,read,mr-1c842de1-c4d8-4cca-a61c-04ffda0b39ab,,200,ONE,ALL,cassandra-3,True,False,5047.228,2026-09-16T13:01:11.796115+00:00,
1c842de1-c4d8-4cca-a61c-04ffda0b39ab,monotonic_reads,network_partition,reader-1,read,mr-1c842de1-c4d8-4cca-a61c-04ffda0b39ab,,200,ONE,ALL,cassandra-1,True,False,1.908,2026-09-16T13:01:11.808770+00:00,
1c842de1-c4d8-4cca-a61c-04ffda0b39ab,monotonic_reads,network_partition,writer-1,write,mr-1c842de1-c4d8-4cca-a61c-04ffda0b39ab,201,,,ALL,cassandra-1,True,False,3.479,2026-09-16T13:01:11.814355+00:00,
1c842de1-c4d8-4cca-a61c-04ffda0b39ab,monotonic_reads,network_partition,reader-1,read,mr-1c842de1-c4d8-4cca-a61c-04ffda0b39ab,,201,ONE,ALL,cassandra-2,True,False,1.766,2026-09-16T13:01:11.820905+00:00,
1c842de1-c4d8-4cca-a61c-04ffda0b39ab,monotonic_reads,network_partition,reader-1,read,mr-1c842de1-c4d8-4cca-a61c-04ffda0b39ab,,201,ONE,ALL,cassandra-3,True,False,1.445,2026-09-16T13:01:11.834959+00:00,
1c842de1-c4d8-4cca-a61c-04ffda0b39ab,monotonic_reads,network_partition,writer-1,write,mr-1c842de1-c4d8-4cca-a61c-04ffda0b39ab,202,,,ALL,cassandra-1,True,False,3.17,2026-09-16T13:01:11.841181+00:00,
1c842de1-c4d8-4cca-a61c-04ffda0b39ab,monotonic_reads,network_partition,reader-1,read,mr-1c842de1-c4d8-4cca-a61c-04ffda0b39ab,,202,ONE,ALL,cassandra-1,True,False,4.749,2026-09-16T13:01:11.851447+00:00,
1c842de1-c4d8-4cca-a61c-04ffda0b39ab,monotonic_reads,network_partition,reader-1,read,mr-1c842de1-c4d8-4cca-a61c-04ffda0b39ab,,202,ONE,ALL,cassandra-2,True,False,1.554,2026-09-16T13:01:11.863398+00:00,
1c842de1-c4d8-4cca-a61c-04ffda0b39ab,monotonic_reads,network_partition,writer-1,write,mr-1c842de1-c4d8-4cca-a61c-04ffda0b39ab,203,,,ALL,cassandra-1,True,False,3.205,2026-09-16T13:01:11.865262+00:00,
1c842de1-c4d8-4cca-a61c-04ffda0b39ab,monotonic_reads,network_partition,reader-1,read,mr-1c842de1-c4d8-4cca-a61c-04ffda0b39ab,,203,ONE,ALL,cassandra-3,True,False,1.607,2026-09-16T13:01:11.875488+00:00,
1c842de1-c4d8-4cca-a61c-04ffda0b39ab,monotonic_reads,network_partition,reader-1,read,mr-1c842de1-c4d8-4cca-a61c-04ffda0b39ab,,203,ONE,ALL,cassandra-1,True,False,1.807,2026-09-16T13:01:11.889869+00:00,
1c842de1-c4d8-4cca-a61c-04ffda0b39ab,monotonic_reads,network_partition,reader-1,read,mr-1c842de1-c4d8-4cca-a61c-04ffda0b39ab,,204,ONE,ALL,cassandra-2,True,False,1.645,2026-09-16T13:01:11.905526+00:00,
1c842de1-c4d8-4cca-a61c-04ffda0b39ab,monotonic_reads,network_partition,reader-1,read,mr-1c842de1-c4d8-4cca-a61c-04ffda0b39ab,,203,ONE,ALL,cassandra-3,True,True,1.439,2026-09-16T13:01:11.918310+00:00,
1c842de1-c4d8-4cca-a61c-04ffda0b39ab,monotonic_reads,network_partition,reader-1,read,mr-1c842de1-c4d8-4cca-a61c-04ffda0b39ab,,204,ONE,ALL,cassandra-1,True,False,1.577,2026-09-16T13:01:11.930311+00:00,
1c842de1-c4d8-4cca-a61c-04ffda0b39ab,monotonic_reads,network_partition,reader-1,read,mr-1c842de1-c4d8-4cca-a61c-04ffda0b39ab,,204,ONE,ALL,cassandra-2,True,False,1.425,2026-09-16T13:01:11.944340+00:00,
1c842de1-c4d8-4cca-a61c-04ffda0b39ab,monotonic_reads,network_partition,reader-1,read,mr-1c842de1-c4d8-4cca-a61c-04ffda0b39ab,,203,ONE,ALL,cassandra-3,True,True,1.256,2026-09-16T13:01:11.956056+00:00,
1c842de1-c4d8-4cca-a61c-04ffda0b39ab,monotonic_reads,network_partition,reader-1,read,mr-1c842de1-c4d8-4cca-a61c-04ffda0b39ab,,204,ONE,ALL,cassandra-1,True,False,1.704,2026-09-16T13:01:11.969591+00:00,
1c842de1-c4d8-4cca-a61c-04ffda0b39ab,monotonic_reads,network_partition,reader-1,read,mr-1c842de1-c4d8-4cca-a61c-04ffda0b39ab,,204,ONE,ALL,cassandra-2,True,False,1.161,2026-09-16T13:01:11.982052+00:00,
1c842de1-c4d8-4cca-a61c-04ffda0b39ab,monotonic_reads,network_partition,reader-1,read,mr-1c842de1-c4d8-4cca-a61c-04ffda0b39ab,,203,ONE,ALL,cassandra-3,True,True,1.139,2026-09-16T13:01:11.994021+00:00,
1c842de1-c4d8-4cca-a61c-04ffda0b39ab,monotonic_reads,network_partition,reader-1,read,mr-1c842de1-c4d8-4cca-a61c-04ffda0b39ab,,204,ONE,ALL,cassandra-1,True,False,1.175,2026-09-16T13:01:12.006629+00:00,
1c842de1-c4d8-4cca-a61c-04ffda0b39ab,monotonic_reads,network_partition,reader-1,read,mr-1c842de1-c4d8-4cca-a61c-04ffda0b39ab,,204,ONE,ALL,cassandra-2,True,False,3.388,2026-09-16T13:01:12.022290+00:00,
1c842de1-c4d8-4cca-a61c-04ffda0b39ab,monotonic_reads,network_partition,reader-1,read,mr-1c842de1-c4d8-4cca-a61c-04ffda0b39ab,,203,ONE,ALL,cassandra-3,True,True,1.269,2026-09-16T13:01:12.035939+00:00,
1c842de1-c4d8-4cca-a61c-04ffda0b39ab,monotonic_reads,network_partition,reader-1,read,mr-1c842de1-c4d8-4cca-a61c-04ffda0b39ab,,204,ONE,ALL,cassandra-1,True,False,1.021,2026-09-16T13:01:12.047918+00:00,
1c842de1-c4d8-4cca-a61c-04ffda0b39ab,monotonic_reads,network_partition,reader-1,read,mr-1c842de1-c4d8-4cca-a61c-04ffda0b39ab,,204,ONE,ALL,cassandra-2,True,False,1.07,2026-09-16T13:01:12.059758+00:00,
1c842de1-c4d8-4cca-a61c-04ffda0b39ab,monotonic_reads,network_partition,reader-1,read,mr-1c842de1-c4d8-4cca-a61c-04ffda0b39ab,,203,ONE,ALL,cassandra-3,True,True,1.101,2026-09-16T13:01:12.070968+00:00,
1c842de1-c4d8-4cca-a61c-04ffda0b39ab,monotonic_reads,network_partition,reader-1,read,mr-1c842de1-c4d8-4cca-a61c-04ffda0b39ab,,204,ONE,ALL,cassandra-1,True,False,0.788,2026-09-16T13:01:12.082646+00:00,
1c842de1-c4d8-4cca-a61c-04ffda0b39ab,monotonic_reads,network_partition,reader-1,read,mr-1c842de1-c4d8-4cca-a61c-04ffda0b39ab,,204,ONE,ALL,cassandra-2,True,False,1.229,2026-09-16T13:01:12.093945+00:00,
1c842de1-c4d8-4cca-a61c-04ffda0b39ab,monotonic_reads,network_partition,reader-1,read,mr-1c842de1-c4d8-4cca-a61c-04ffda0b39ab,,203,ONE,ALL,cassandra-3,True,True,1.28,2026-09-16T13:01:12.107693+00:00,
1c842de1-c4d8-4cca-a61c-04ffda0b39ab,monotonic_reads,network_partition,reader-1,read,mr-1c842de1-c4d8-4cca-a61c-04ffda0b39ab,,204,ONE,ALL,cassandra-1,True,False,1.194,2026-09-16T13:01:12.121081+00:00,
1c842de1-c4d8-4cca-a61c-04ffda0b39ab,monotonic_reads,network_partition,reader-1,read,mr-1c842de1-c4d8-4cca-a61c-04ffda0b39ab,,204,ONE,ALL,cassandra-2,True,False,1.089,2026-09-16T13:01:12.132987+00:00,
1c842de1-c4d8-4cca-a61c-04ffda0b39ab,monotonic_reads,network_partition,reader-1,read,mr-1c842de1-c4d8-4cca-a61c-04ffda0b39ab,,203,ONE,ALL,cassandra-3,True,True,1.091,2026-09-16T13:01:12.144882+00:00,
1c842de1-c4d8-4cca-a61c-04ffda0b39ab,monotonic_reads,network_partition,reader-1,read,mr-1c842de1-c4d8-4cca-a61c-04ffda0b39ab,,204,ONE,ALL,cassandra-1,True,False,1.081,2026-09-16T13:01:12.156868+00:00,
1c842de1-c4d8-4cca-a61c-04ffda0b39ab,monotonic_reads,network_partition,reader-1,read,mr-1c842de1-c4d8-4cca-a61c-04ffda0b39ab,,204,ONE,ALL,cassandra-2,True,False,1.084,2026-09-16T13:01:12.169029+00:00,
1c842de1-c4d8-4cca-a61c-04ffda0b39ab,monotonic_reads,network_partition,reader-1,read,mr-1c842de1-c4d8-4cca-a61c-04ffda0b39ab,,203,ONE,ALL,cassandra-3,True,True,1.222,2026-09-16T13:01:12.182068+00:00,
1c842de1-c4d8-4cca-a61c-04ffda0b39ab,monotonic_reads,network_partition,reader-1,read,mr-1c842de1-c4d8-4cca-a61c-04ffda0b39ab,,204,ONE,ALL,cassandra-1,True,False,1.055,2026-09-16T13:01:12.193930+00:00,
1c842de1-c4d8-4cca-a61c-04ffda0b39ab,monotonic_reads,network_partition,reader-1,read,mr-1c842de1-c4d8-4cca-a61c-04ffda0b39ab,,204,ONE,ALL,cassandra-2,True,False,1.053,2026-09-16T13:01:12.206913+00:00,
1c842de1-c4d8-4cca-a61c-04ffda0b39ab,monotonic_reads,network_partition,reader-1,read,mr-1c842de1-c4d8-4cca-a61c-04ffda0b39ab,,203,ONE,ALL,cassandra-3,True,True,1.897,2026-09-16T13:01:12.221425+00:00,
1c842de1-c4d8-4cca-a61c-04ffda0b39ab,monotonic_reads,network_partition,reader-1,read,mr-1c842de1-c4d8-4cca-a61c-04ffda0b39ab,,204,ONE,ALL,cassandra-1,True,False,1.413,2026-09-16T13:01:12.235316+00:00,
1c842de1-c4d8-4cca-a61c-04ffda0b39ab,monotonic_reads,network_partition,reader-1,read,mr-1c842de1-c4d8-4cca-a61c-04ffda0b39ab,,204,ONE,ALL,cassandra-2,True,False,1.217,2026-09-16T13:01:12.246782+00:00,
1c842de1-c4d8-4cca-a61c-04ffda0b39ab,monotonic_reads,network_partition,reader-1,read,mr-1c842de1-c4d8-4cca-a61c-04ffda0b39ab,,203,ONE,ALL,cassandra-3,True,True,1.867,2026-09-16T13:01:12.261238+00:00,
1c842de1-c4d8-4cca-a61c-04ffda0b39ab,monotonic_reads,network_partition,reader-1,read,mr-1c842de1-c4d8-4cca-a61c-04ffda0b39ab,,204,ONE,ALL,cassandra-1,True,False,2.513,2026-09-16T13:01:12.273932+00:00,
1c842de1-c4d8-4cca-a61c-04ffda0b39ab,monotonic_reads,network_partition,reader-1,read,mr-1c842de1-c4d8-4cca-a61c-04ffda0b39ab,,204,ONE,ALL,cassandra-2,True,False,1.599,2026-09-16T13:01:12.286259+00:00,
1c842de1-c4d8-4cca-a61c-04ffda0b39ab,monotonic_reads,network_partition,reader-1,read,mr-1c842de1-c4d8-4cca-a61c-04ffda0b39ab,,203,ONE,ALL,cassandra-3,True,True,2.302,2026-09-16T13:01:12.301192+00:00,
1c842de1-c4d8-4cca-a61c-04ffda0b39ab,monotonic_reads,network_partition,reader-1,read,mr-1c842de1-c4d8-4cca-a61c-04ffda0b39ab,,204,ONE,ALL,cassandra-1,True,False,2.04,2026-09-16T13:01:12.315573+00:00,
1c842de1-c4d8-4cca-a61c-04ffda0b39ab,monotonic_reads,network_partition,reader-1,read,mr-1c842de1-c4d8-4cca-a61c-04ffda0b39ab,,204,ONE,ALL,cassandra-2,True,False,1.771,2026-09-16T13:01:12.328461+00:00,
1c842de1-c4d8-4cca-a61c-04ffda0b39ab,monotonic_reads,network_partition,reader-1,read,mr-1c842de1-c4d8-4cca-a61c-04ffda0b39ab,,203,ONE,ALL,cassandra-3,True,True,1.868,2026-09-16T13:01:12.342973+00:00,
1c842de1-c4d8-4cca-a61c-04ffda0b39ab,monotonic_reads,network_partition,reader-1,read,mr-1c842de1-c4d8-4cca-a61c-04ffda0b39ab,,204,ONE,ALL,cassandra-1,True,False,2.252,2026-09-16T13:01:12.357902+00:00,
1c842de1-c4d8-4cca-a61c-04ffda0b39ab,monotonic_reads,network_partition,reader-1,read,mr-1c842de1-c4d8-4cca-a61c-04ffda0b39ab,,204,ONE,ALL,cassandra-2,True,False,3.067,2026-09-16T13:01:12.372176+00:00,
1c842de1-c4d8-4cca-a61c-04ffda0b39ab,monotonic_reads,network_partition,reader-1,read,mr-1c842de1-c4d8-4cca-a61c-04ffda0b39ab,,203,ONE,ALL,cassandra-3,True,True,4.46,2026-09-16T13:01:12.389258+00:00,
1c842de1-c4d8-4cca-a61c-04ffda0b39ab,monotonic_reads,network_partition,reader-1,read,mr-1c842de1-c4d8-4cca-a61c-04ffda0b39ab,,204,ONE,ALL,cassandra-1,True,False,2.908,2026-09-16T13:01:12.404245+00:00,
1c842de1-c4d8-4cca-a61c-04ffda0b39ab,monotonic_reads,network_partition,reader-1,read,mr-1c842de1-c4d8-4cca-a61c-04ffda0b39ab,,204,ONE,ALL,cassandra-2,True,False,3.025,2026-09-16T13:01:12.417957+00:00,
1c842de1-c4d8-4cca-a61c-04ffda0b39ab,monotonic_reads,network_partition,reader-1,read,mr-1c842de1-c4d8-4cca-a61c-04ffda0b39ab,,203,ONE,ALL,cassandra-3,True,True,3.207,2026-09-16T13:01:12.433470+00:00,
1c842de1-c4d8-4cca-a61c-04ffda0b39ab,monotonic_reads,network_partition,reader-1,read,mr-1c842de1-c4d8-4cca-a61c-04ffda0b39ab,,204,ONE,ALL,cassandra-1,True,False,3.564,2026-09-16T13:01:12.447485+00:00,
1c842de1-c4d8-4cca-a61c-04ffda0b39ab,monotonic_reads,network_partition,reader-1,read,mr-1c842de1-c4d8-4cca-a61c-04ffda0b39ab,,204,ONE,ALL,cassandra-2,True,False,3.414,2026-09-16T13:01:12.463555+00:00,
1c842de1-c4d8-4cca-a61c-04ffda0b39ab,monotonic_reads,network_partition,reader-1,read,mr-1c842de1-c4d8-4cca-a61c-04ffda0b39ab,,203,ONE,ALL,cassandra-3,True,True,3.282,2026-09-16T13:01:12.477472+00:00,
1c842de1-c4d8-4cca-a61c-04ffda0b39ab,monotonic_reads,network_partition,reader-1,read,mr-1c842de1-c4d8-4cca-a61c-04ffda0b39ab,,204,ONE,ALL,cassandra-1,True,False,3.378,2026-09-16T13:01:12.492278+00:00,
1c842de1-c4d8-4cca-a61c-04ffda0b39ab,monotonic_reads,network_partition,reader-1,read,mr-1c842de1-c4d8-4cca-a61c-04ffda0b39ab,,204,ONE,ALL,cassandra-2,True,False,3.254,2026-09-16T13:01:12.508198+00:00,
1c842de1-c4d8-4cca-a61c-04ffda0b39ab,monotonic_reads,network_partition,reader-1,read,mr-1c842de1-c4d8-4cca-a61c-04ffda0b39ab,,203,ONE,ALL,cassandra-3,True,True,5.034,2026-09-16T13:01:12.524448+00:00,
1c842de1-c4d8-4cca-a61c-04ffda0b39ab,monotonic_reads,network_partition,reader-1,read,mr-1c842de1-c4d8-4cca-a61c-04ffda0b39ab,,204,ONE,ALL,cassandra-1,True,False,3.831,2026-09-16T13:01:12.539247+00:00,
1c842de1-c4d8-4cca-a61c-04ffda0b39ab,monotonic_reads,network_partition,reader-1,read,mr-1c842de1-c4d8-4cca-a61c-04ffda0b39ab,,204,ONE,ALL,cassandra-2,True,False,3.88,2026-09-16T13:01:12.554776+00:00,
1c842de1-c4d8-4cca-a61c-04ffda0b39ab,monotonic_reads,network_partition,reader-1,read,mr-1c842de1-c4d8-4cca-a61c-04ffda0b39ab,,203,ONE,ALL,cassandra-3,True,True,3.597,2026-09-16T13:01:12.568857+00:00,
1c842de1-c4d8-4cca-a61c-04ffda0b39ab,monotonic_reads,network_partition,reader-1,read,mr-1c842de1-c4d8-4cca-a61c-04ffda0b39ab,,204,ONE,ALL,cassandra-1,True,False,4.019,2026-09-16T13:01:12.585341+00:00,
1c842de1-c4d8-4cca-a61c-04ffda0b39ab,monotonic_reads,network_partition,reader-1,read,mr-1c842de1-c4d8-4cca-a61c-04ffda0b39ab,,204,ONE,ALL,cassandra-2,True,False,3.951,2026-09-16T13:01:12.600325+00:00,
1c842de1-c4d8-4cca-a61c-04ffda0b39ab,monotonic_reads,network_partition,reader-1,read,mr-1c842de1-c4d8-4cca-a61c-04ffda0b39ab,,203,ONE,ALL,cassandra-3,True,True,4.063,2026-09-16T13:01:12.615976+00:00,
1c842de1-c4d8-4cca-a61c-04ffda0b39ab,monotonic_reads,network_partition,reader-1,read,mr-1c842de1-c4d8-4cca-a61c-04ffda0b39ab,,204,ONE,ALL,cassandra-1,True,False,4.251,2026-09-16T13:01:12.633005+00:00,
1c842de1-c4d8-4cca-a61c-04ffda0b39ab,monotonic_reads,network_partition,reader-1,read,mr-1c842de1-c4d8-4cca-a61c-04ffda0b39ab,,204,ONE,ALL,cassandra-2,True,False,4.058,2026-09-16T13:01:12.647796+00:00,
1c842de1-c4d8-4cca-a61c-04ffda0b39ab,monotonic_reads,network_partition,reader-1,read,mr-1c842de1-c4d8-4cca-a61c-04ffda0b39ab,,203,ONE,ALL,cassandra-3,True,True,3.584,2026-09-16T13:01:12.663480+00:00,
1c842de1-c4d8-4cca-a61c-04ffda0b39ab,monotonic_reads,network_partition,reader-1,read,mr-1c842de1-c4d8-4cca-a61c-04ffda0b39ab,,204,ONE,ALL,cassandra-1,True,False,3.274,2026-09-16T13:01:12.676983+00:00,
1c842de1-c4d8-4cca-a61c-04ffda0b39ab,monotonic_reads,network_partition,reader-1,read,mr-1c842de1-c4d8-4cca-a61c-04ffda0b39ab,,204,ONE,ALL,cassandra-2,True,False,3.162,2026-09-16T13:01:12.692568+00:00,
1c842de1-c4d8-4cca-a61c-04ffda0b39ab,monotonic_reads,network_partition,reader-1,read,mr-1c842de1-c4d8-4cca-a61c-04ffda0b39ab,,203,ONE,ALL,cassandra-3,True,True,3.019,2026-09-16T13:01:12.706676+00:00,
1c842de1-c4d8-4cca-a61c-04ffda0b39ab,monotonic_reads,network_partition,reader-1,read,mr-1c842de1-c4d8-4cca-a61c-04ffda0b39ab,,204,ONE,ALL,cassandra-1,True,False,3.565,2026-09-16T13:01:12.722587+00:00,
1c842de1-c4d8-4cca-a61c-04ffda0b39ab,monotonic_reads,network_partition,reader-1,read,mr-1c842de1-c4d8-4cca-a61c-04ffda0b39ab,,204,ONE,ALL,cassandra-2,True,False,3.211,2026-09-16T13:01:12.738512+00:00,
1c842de1-c4d8-4cca-a61c-04ffda0b39ab,monotonic_reads,network_partition,reader-1,read,mr-1c842de1-c4d8-4cca-a61c-04ffda0b39ab,,203,ONE,ALL,cassandra-3,True,True,3.137,2026-09-16T13:01:12.753536+00:00,
1c842de1-c4d8-4cca-a61c-04ffda0b39ab,monotonic_reads,network_partition,reader-1,read,mr-1c842de1-c4d8-4cca-a61c-04ffda0b39ab,,204,ONE,ALL,cassandra-1,True,False,3.125,2026-09-16T13:01:12.768035+00:00,
1c842de1-c4d8-4cca-a61c-04ffda0b39ab,monotonic_reads,network_partition,reader-1,read,mr-1c842de1-c4d8-4cca-a61c-04ffda0b39ab,,204,ONE,ALL,cassandra-2,True,False,3.452,2026-09-16T13:01:12.784087+00:00,
1c842de1-c4d8-4cca-a61c-04ffda0b39ab,monotonic_reads,network_partition,reader-1,read,mr-1c842de1-c4d8-4cca-a61c-04ffda0b39ab,,203,ONE,ALL,cassandra-3,True,True,3.009,2026-09-16T13:01:12.797826+00:00,
1c842de1-c4d8-4cca-a61c-04ffda0b39ab,monotonic_reads,network_partition,reader-1,read,mr-1c842de1-c4d8-4cca-a61c-04ffda0b39ab,,204,ONE,ALL,cassandra-1,True,False,2.668,2026-09-16T13:01:12.813072+00:00,
1c842de1-c4d8-4cca-a61c-04ffda0b39ab,monotonic_reads,network_partition,reader-1,read,mr-1c842de1-c4d8-4cca-a61c-04ffda0b39ab,,204,ONE,ALL,cassandra-2,True,False,3.032,2026-09-16T13:01:12.827907+00:00,
1c842de1-c4d8-4cca-a61c-04ffda0b39ab,monotonic_reads,network_partition,reader-1,read,mr-1c842de1-c4d8-4cca-a61c-04ffda0b39ab,,203,ONE,ALL,cassandra-3,True,True,2.09,2026-09-16T13:01:12.842560+00:00,
1c842de1-c4d8-4cca-a61c-04ffda0b39ab,monotonic_reads,network_partition,reader-1,read,mr-1c842de1-c4d8-4cca-a61c-04ffda0b39ab,,204,ONE,ALL,cassandra-1,True,False,1.836,2026-09-16T13:01:12.856954+00:00,
1c842de1-c4d8-4cca-a61c-04ffda0b39ab,monotonic_reads,network_partition,reader-1,read,mr-1c842de1-c4d8-4cca-a61c-04ffda0b39ab,,204,ONE,ALL,cassandra-2,True,False,2.189,2026-09-16T13:01:12.871098+00:00,
1c842de1-c4d8-4cca-a61c-04ffda0b39ab,monotonic_reads,network_partition,reader-1,read,mr-1c842de1-c4d8-4cca-a61c-04ffda0b39ab,,203,ONE,ALL,cassandra-3,True,True,2.394,2026-09-16T13:01:12.884213+00:00,
1c842de1-c4d8-4cca-a61c-04ffda0b39ab,monotonic_reads,network_partition,reader-1,read,mr-1c842de1-c4d8-4cca-a61c-04ffda0b39ab,,204,ONE,ALL,cassandra-1,True,False,3.076,2026-09-16T13:01:12.898200+00:00,
1c842de1-c4d8-4cca-a61c-04ffda0b39ab,monotonic_reads,network_partition,reader-1,read,mr-1c842de1-c4d8-4cca-a61c-04ffda0b39ab,,204,ONE,ALL,cassandra-2,True,False,3.398,2026-09-16T13:01:12.913506+00:00,
1c842de1-c4d8-4cca-a61c-04ffda0b39ab,monotonic_reads,network_partition,reader-1,read,mr-1c842de1-c4d8-4cca-a61c-04ffda0b39ab,,203,ONE,ALL,cassandra-3,True,True,3.667,2026-09-16T13:01:12.929556+00:00,
1c842de1-c4d8-4cca-a61c-04ffda0b39ab,monotonic_reads,network_partition,reader-1,read,mr-1c842de1-c4d8-4cca-a61c-04ffda0b39ab,,204,ONE,ALL,cassandra-1,True,False,4.238,2026-09-16T13:01:12.944804+00:00,
1c842de1-c4d8-4cca-a61c-04ffda0b39ab,monotonic_reads,network_partition,reader-1,read,mr-1c842de1-c4d8-4cca-a61c-04ffda0b39ab,,204,ONE,ALL,cassandra-2,True,False,4.023,2026-09-16T13:01:12.961584+00:00,
1c842de1-c4d8-4cca-a61c-04ffda0b39ab,monotonic_reads,network_partition,reader-1,read,mr-1c842de1-c4d8-4cca-a61c-04ffda0b39ab,,203,ONE,ALL,cassandra-3,True,True,4.212,2026-09-16T13:01:12.977153+00:00,
1c842de1-c4d8-4cca-a61c-04ffda0b39ab,monotonic_reads,network_partition,reader-1,read,mr-1c842de1-c4d8-4cca-a61c-04ffda0b39ab,,204,ONE,ALL,cassandra-1,True,False,3.709,2026-09-16T13:01:12.993561+00:00,
1c842de1-c4d8-4cca-a61c-04ffda0b39ab,monotonic_reads,network_partition,reader-1,read,mr-1c842de1-c4d8-4cca-a61c-04ffda0b39ab,,204,ONE,ALL,cassandra-2,True,False,3.787,2026-09-16T13:01:13.007727+00:00,
1c842de1-c4d8-4cca-a61c-04ffda0b39ab,monotonic_reads,network_partition,reader-1,read,mr-1c842de1-c4d8-4cca-a61c-04ffda0b39ab,,203,ONE,ALL,cassandra-3,True,True,4.336,2026-09-16T13:01:13.024743+00:00,
1c842de1-c4d8-4cca-a61c-04ffda0b39ab,monotonic_reads,network_partition,reader-1,read,mr-1c842de1-c4d8-4cca-a61c-04ffda0b39ab,,204,ONE,ALL,cassandra-1,True,False,3.569,2026-09-16T13:01:13.040869+00:00,
1c842de1-c4d8-4cca-a61c-04ffda0b39ab,monotonic_reads,network_partition,reader-1,read,mr-1c842de1-c4d8-4cca-a61c-04ffda0b39ab,,204,ONE,ALL,cassandra-2,True,False,4.847,2026-09-16T13:01:13.057653+00:00,
1c842de1-c4d8-4cca-a61c-04ffda0b39ab,monotonic_reads,network_partition,reader-1,read,mr-1c842de1-c4d8-4cca-a61c-04ffda0b39ab,,203,ONE,ALL,cassandra-3,True,True,3.442,2026-09-16T13:01:13.072371+00:00,
1c842de1-c4d8-4cca-a61c-04ffda0b39ab,monotonic_reads,network_partition,reader-1,read,mr-1c842de1-c4d8-4cca-a61c-04ffda0b39ab,,204,ONE,ALL,cassandra-1,True,False,3.664,2026-09-16T13:01:13.088314+00:00,
1c842de1-c4d8-4cca-a61c-04ffda0b39ab,monotonic_reads,network_partition,reader-1,read,mr-1c842de1-c4d8-4cca-a61c-04ffda0b39ab,,204,ONE,ALL,cassandra-2,True,False,4.337,2026-09-16T13:01:13.104923+00:00,
1c842de1-c4d8-4cca-a61c-04ffda0b39ab,monotonic_reads,network_partition,reader-1,read,mr-1c842de1-c4d8-4cca-a61c-04ffda0b39ab,,203,ONE,ALL,cassandra-3,True,True,2.48,2026-09-16T13:01:13.119227+00:00,
1c842de1-c4d8-4cca-a61c-04ffda0b39ab,monotonic_reads,network_partition,reader-1,read,mr-1c842de1-c4d8-4cca-a61c-04ffda0b39ab,,204,ONE,ALL,cassandra-1,True,False,3.798,2026-09-16T13:01:13.135319+00:00,
1c842de1-c4d8-4cca-a61c-04ffda0b39ab,monotonic_reads,network_partition,reader-1,read,mr-1c842de1-c4d8-4cca-a61c-04ffda0b39ab,,204,ONE,ALL,cassandra-2,True,False,3.903,2026-09-16T13:01:13.151957+00:00,
1c842de1-c4d8-4cca-a61c-04ffda0b39ab,monotonic_reads,network_partition,reader-1,read,mr-1c842de1-c4d8-4cca-a61c-04ffda0b39ab,,203,ONE,ALL,cassandra-3,True,True,3.789,2026-09-16T13:01:13.165965+00:00,
1c842de1-c4d8-4cca-a61c-04ffda0b39ab,monotonic_reads,network_partition,reader-1,read,mr-1c842de1-c4d8-4cca-a61c-04ffda0b39ab,,204,ONE,ALL,cassandra-1,True,False,3.689,2026-09-16T13:01:13.180577+00:00,
1c842de1-c4d8-4cca-a61c-04ffda0b39ab,monotonic_reads,network_partition,reader-1,read,mr-1c842de1-c4d8-4cca-a61c-04ffda0b39ab,,204,ONE,ALL,cassandra-2,True,False,3.955,2026-09-16T13:01:13.195848+00:00,
1c842de1-c4d8-4cca-a61c-04ffda0b39ab,monotonic_reads,network_partition,reader-1,read,mr-1c842de1-c4d8-4cca-a61c-04ffda0b39ab,,203,ONE,ALL,cassandra-3,True,True,4.514,2026-09-16T13:01:13.211407+00:00,
1c842de1-c4d8-4cca-a61c-04ffda0b39ab,monotonic_reads,network_partition,reader-1,read,mr-1c842de1-c4d8-4cca-a61c-04ffda0b39ab,,204,ONE,ALL,cassandra-1,True,False,3.9,2026-09-16T13:01:13.227856+00:00,
1c842de1-c4d8-4cca-a61c-04ffda0b39ab,monotonic_reads,network_partition,reader-1,read,mr-1c842de1-c4d8-4cca-a61c-04ffda0b39ab,,204,ONE,ALL,cassandra-2,True,False,3.76,2026-09-16T13:01:13.244572+00:00,
1c842de1-c4d8-4cca-a61c-04ffda0b39ab,monotonic_reads,network_partition,reader-1,read,mr-1c842de1-c4d8-4cca-a61c-04ffda0b39ab,,203,ONE,ALL,cassandra-3,True,True,3.089,2026-09-16T13:01:13.258357+00:00,
1c842de1-c4d8-4cca-a61c-04ffda0b39ab,monotonic_reads,network_partition,reader-1,read,mr-1c842de1-c4d8-4cca-a61c-04ffda0b39ab,,204,ONE,ALL,cassandra-1,True,False,6.389,2026-09-16T13:01:13.275352+00:00,
1c842de1-c4d8-4cca-a61c-04ffda0b39ab,monotonic_reads,network_partition,reader-1,read,mr-1c842de1-c4d8-4cca-a61c-04ffda0b39ab,,204,ONE,ALL,cassandra-2,True,False,3.923,2026-09-16T13:01:13.292009+00:00,
1c842de1-c4d8-4cca-a61c-04ffda0b39ab,monotonic_reads,network_partition,reader-1,read,mr-1c842de1-c4d8-4cca-a61c-04ffda0b39ab,,203,ONE,ALL,cassandra-3,True,True,4.455,2026-09-16T13:01:13.308770+00:00,
1c842de1-c4d8-4cca-a61c-04ffda0b39ab,monotonic_reads,network_partition,reader-1,read,mr-1c842de1-c4d8-4cca-a61c-04ffda0b39ab,,204,ONE,ALL,cassandra-1,True,False,4.059,2026-09-16T13:01:13.325574+00:00,
1c842de1-c4d8-4cca-a61c-04ffda0b39ab,monotonic_reads,network_partition,reader-1,read,mr-1c842de1-c4d8-4cca-a61c-04ffda0b39ab,,204,ONE,ALL,cassandra-2,True,False,3.257,2026-09-16T13:01:13.340151+00:00,
1c842de1-c4d8-4cca-a61c-04ffda0b39ab,monotonic_reads,network_partition,reader-1,read,mr-1c842de1-c4d8-4cca-a61c-04ffda0b39ab,,203,ONE,ALL,cassandra-3,True,True,3.737,2026-09-16T13:01:13.355621+00:00,
1c842de1-c4d8-4cca-a61c-04ffda0b39ab,monotonic_reads,network_partition,reader-1,read,mr-1c842de1-c4d8-4cca-a61c-04ffda0b39ab,,204,ONE,ALL,cassandra-1,True,False,2.879,2026-09-16T13:01:13.370849+00:00,
1c842de1-c4d8-4cca-a61c-04ffda0b39ab,monotonic_reads,network_partition,reader-1,read,mr-1c842de1-c4d8-4cca-a61c-04ffda0b39ab,,204,ONE,ALL,cassandra-2,True,False,3.269,2026-09-16T13:01:13.385053+00:00,
1c842de1-c4d8-4cca-a61c-04ffda0b39ab,monotonic_reads,network_partition,reader-1,read,mr-1c842de1-c4d8-4cca-a61c-04ffda0b39ab,,203,ONE,ALL,cassandra-3,True,True,4.328,2026-09-16T13:01:13.400232+00:00,
1c842de1-c4d8-4cca-a61c-04ffda0b39ab,monotonic_reads,network_partition,reader-1,read,mr-1c842de1-c4d8-4cca-a61c-04ffda0b39ab,,204,ONE,ALL,cassandra-1,True,False,4.037,2026-09-16T13:01:13.416348+00:00,
1c842de1-c4d8-4cca-a61c-04ffda0b39ab,monotonic_reads,network_partition,reader-1,read,mr-1c842de1-c4d8-4cca-a61c-04ffda0b39ab,,204,ONE,ALL,cassandra-2,True,False,3.129,2026-09-16T13:01:13.431411+00:00,
1c842de1-c4d8-4cca-a61c-04ffda0b39ab,monotonic_reads,network_partition,reader-1,read,mr-1c842de1-c4d8-4cca-a61c-04ffda0b39ab,,203,ONE,ALL,cassandra-3,True,True,3.892,2026-09-16T13:01:13.447314+00:00,
1c842de1-c4d8-4cca-a61c-04ffda0b39ab,monotonic_reads,network_partition,reader-1,read,mr-1c842de1-c4d8-4cca-a61c-04ffda0b39ab,,204,ONE,ALL,cassandra-1,True,False,4.839,2026-09-16T13:01:13.464508+00:00,
1c842de1-c4d8-4cca-a61c-04ffda0b39ab,monotonic_reads,network_partition,reader-1,read,mr-1c842de1-c4d8-4cca-a61c-04ffda0b39ab,,204,ONE,ALL,cassandra-2,True,False,4.171,2026-09-16T13:01:13.480956+00:00,
1c842de1-c4d8-4cca-a61c-04ffda0b39ab,monotonic_reads,network_partition,reader-1,read,mr-1c842de1-c4d8-4cca-a61c-04ffda0b39ab,,203,ONE,ALL,cassandra-3,True,True,4.177,2026-09-16T13:01:13.497858+00:00,
1c842de1-c4d8-4cca-a61c-04ffda0b39ab,monotonic_reads,network_partition,reader-1,read,mr-1c842de1-c4d8-4cca-a61c-04ffda0b39ab,,204,ONE,ALL,cassandra-1,True,False,3.136,2026-09-16T13:01:13.513223+00:00,
1c842de1-c4d8-4cca-a61c-04ffda0b39ab,monotonic_reads,network_partition,reader-1,read,mr-1c842de1-c4d8-4cca-a61c-04ffda0b39ab,,204,ONE,ALL,cassandra-2,True,False,3.092,2026-09-16T13:01:13.526996+00:00,
1c842de1-c4d8-4cca-a61c-04ffda0b39ab,monotonic_reads,network_partition,reader-1,read,mr-1c842de1-c4d8-4cca-a61c-04ffda0b39ab,,203,ONE,ALL,cassandra-3,True,True,3.42,2026-09-16T13:01:13.543080+00:00,
1c842de1-c4d8-4cca-a61c-04ffda0b39ab,monotonic_reads,network_partition,reader-1,read,mr-1c842de1-c4d8-4cca-a61c-04ffda0b39ab,,204,ONE,ALL,cassandra-1,True,False,3.852,2026-09-16T13:01:13.557217+00:00,
1c842de1-c4d8-4cca-a61c-04ffda0b39ab,monotonic_reads,network_partition,reader-1,read,mr-1c842de1-c4d8-4cca-a61c-04ffda0b39ab,,204,ONE,ALL,cassandra-2,True,False,3.7,2026-09-16T13:01:13.572460+00:00,
1c842de1-c4d8-4cca-a61c-04ffda0b39ab,monotonic_reads,network_partition,reader-1,read,mr-1c842de1-c4d8-4cca-a61c-04ffda0b39ab,,203,ONE,ALL,cassandra-3,True,True,3.119,2026-09-16T13:01:13.587758+00:00,
1c842de1-c4d8-4cca-a61c-04ffda0b39ab,monotonic_reads,network_partition,reader-1,read,mr-1c842de1-c4d8-4cca-a61c-04ffda0b39ab,,204,ONE,ALL,cassandra-1,True,False,3.213,2026-09-16T13:01:13.603335+00:00,
1c842de1-c4d8-4cca-a61c-04ffda0b39ab,monotonic_reads,network_partition,reader-1,read,mr-1c842de1-c4d8-4cca-a61c-04ffda0b39ab,,204,ONE,ALL,cassandra-2,True,False,3.891,2026-09-16T13:01:13.619900+00:00,
1c842de1-c4d8-4cca-a61c-04ffda0b39ab,monotonic_reads,network_partition,reader-1,read,mr-1c842de1-c4d8-4cca-a61c-04ffda0b39ab,,203,ONE,ALL,cassandra-3,True,True,3.226,2026-09-16T13:01:13.635234+00:00,
1c842de1-c4d8-4cca-a61c-04ffda0b39ab,monotonic_reads,network_partition,reader-1,read,mr-1c842de1-c4d8-4cca-a61c-04ffda0b39ab,,204,ONE,ALL,cassandra-1,True,False,4.107,2026-09-16T13:01:13.651035+00:00,
1c842de1-c4d8-4cca-a61c-04ffda0b39ab,monotonic_reads,network_partition,reader-1,read,mr-1c842de1-c4d8-4cca-a61c-04ffda0b39ab,,204,ONE,ALL,cassandra-2,True,False,3.327,2026-09-16T13:01:13.665200+00:00,
1c842de1-c4d8-4cca-a61c-04ffda0b39ab,monotonic_reads,network_partition,reader-1,read,mr-1c842de1-c4d8-4cca-a61c-04ffda0b39ab,,203,ONE,ALL,cassandra-3,True,True,3.323,2026-09-16T13:01:13.681224+00:00,
1c842de1-c4d8-4cca-a61c-04ffda0b39ab,monotonic_reads,network_partition,reader-1,read,mr-1c842de1-c4d8-4cca-a61c-04ffda0b39ab,,204,ONE,ALL,cassandra-1,True,False,3.138,2026-09-16T13:01:13.695012+00:00,
1c842de1-c4d8-4cca-a61c-04ffda0b39ab,monotonic_reads,network_partition,reader-1,read,mr-1c842de1-c4d8-4cca-a61c-04ffda0b39ab,,204,ONE,ALL,cassandra-2,True,False,2.677,2026-09-16T13:01:13.708549+00:00,
1c842de1-c4d8-4cca-a61c-04ffda0b39ab,monotonic_reads,network_partition,reader-1,read,mr-1c842de1-c4d8-4cca-a61c-04ffda0b39ab,,203,ONE,ALL,cassandra-3,True,True,3.67,2026-09-16T13:01:13.722568+00:00,
1c842de1-c4d8-4cca-a61c-04ffda0b39ab,monotonic_reads,network_partition,reader-1,read,mr-1c842de1-c4d8-4cca-a61c-04ffda0b39ab,,204,ONE,ALL,cassandra-1,True,False,3.586,2026-09-16T13:01:13.738239+00:00,
1c842de1-c4d8-4cca-a61c-04ffda0b39ab,monotonic_reads,network_partition,reader-1,read,mr-1c842de1-c4d8-4cca-a61c-04ffda0b39ab,,204,ONE,ALL,cassandra-2,True,False,3.421,2026-09-16T13:01:13.752054+00:00,
1c842de1-c4d8-4cca-a61c-04ffda0b39ab,monotonic_reads,network_partition,reader-1,read,mr-1c842de1-c4d8-4cca-a61c-04ffda0b39ab,,203,ONE,ALL,cassandra-3,True,True,3.223,2026-09-16T13:01:13.767338+00:00,
1c842de1-c4d8-4cca-a61c-04ffda0b39ab,monotonic_reads,network_partition,reader-1,read,mr-1c842de1-c4d8-4cca-a61c-04ffda0b39ab,,204,ONE,ALL,cassandra-1,True,False,5.117,2026-09-16T13:01:13.785157+00:00,
1c842de1-c4d8-4cca-a61c-04ffda0b39ab,monotonic_reads,network_partition,reader-1,read,mr-1c842de1-c4d8-4cca-a61c-04ffda0b39ab,,204,ONE,ALL,cassandra-2,True,False,4.202,2026-09-16T13:01:13.799630+00:00,
1c842de1-c4d8-4cca-a61c-04ffda0b39ab,monotonic_reads,network_partition,reader-1,read,mr-1c842de1-c4d8-4cca-a61c-04ffda0b39ab,,203,ONE,ALL,cassandra-3,True,True,4.1,2026-09-16T13:01:13.816444+00:00,
1c842de1-c4d8-4cca-a61c-04ffda0b39ab,monotonic_reads,network_partition,reader-1,read,mr-1c842de1-c4d8-4cca-a61c-04ffda0b39ab,,204,ONE,ALL,cassandra-1,True,False,3.745,2026-09-16T13:01:13.832125+00:00,
1c842de1-c4d8-4cca-a61c-04ffda0b39ab,monotonic_reads,network_partition,reader-1,read,mr-1c842de1-c4d8-4cca-a61c-04ffda0b39ab,,204,ONE,ALL,cassandra-2,True,False,3.326,2026-09-16T13:01:13.846193+00:00,
1c842de1-c4d8-4cca-a61c-04ffda0b39ab,monotonic_reads,network_partition,reader-1,read,mr-1c842de1-c4d8-4cca-a61c-04ffda0b39ab,,203,ONE,ALL,cassandra-3,True,True,3.398,2026-09-16T13:01:13.862266+00:00,
1c842de1-c4d8-4cca-a61c-04ffda0b39ab,monotonic_reads,network_partition,reader-1,read,mr-1c842de1-c4d8-4cca-a61c-04ffda0b39ab,,204,ONE,ALL,cassandra-1,True,False,3.767,2026-09-16T13:01:13.876955+00:00,
1c842de1-c4d8-4cca-a61c-04ffda0b39ab,monotonic_reads,network_partition,reader-1,read,mr-1c842de1-c4d8-4cca-a61c-04ffda0b39ab,,204,ONE,ALL,cassandra-2,True,False,8.79,2026-09-16T13:01:13.896702+00:00,
1c842de1-c4d8-4cca-a61c-04ffda0b39ab,monotonic_reads,network_partition,reader-1,read,mr-1c842de1-c4d8-4cca-a61c-04ffda0b39ab,,203,ONE,ALL,cassandra-3,True,True,4.102,2026-09-16T13:01:13.913225+00:00,
1c842de1-c4d8-4cca-a61c-04ffda0b39ab,monotonic_reads,network_partition,reader-1,read,mr-1c842de1-c4d8-4cca-a61c-04ffda0b39ab,,204,ONE,ALL,cassandra-1,True,False,3.776,2026-09-16T13:01:13.929735+00:00,
1c842de1-c4d8-4cca-a61c-04ffda0b39ab,monotonic_reads,network_partition,reader-1,read,mr-1c842de1-c4d8-4cca-a61c-04ffda0b39ab,,204,ONE,ALL,cassandra-2,True,False,4.342,2026-09-16T13:01:13.946309+00:00,
1c842de1-c4d8-4cca-a61c-04ffda0b39ab,monotonic_reads,network_partition,reader-1,read,mr-1c842de1-c4d8-4cca-a61c-04ffda0b39ab,,203,ONE,ALL,cassandra-3,True,True,4.107,2026-09-16T13:01:13.960766+00:00,
1c842de1-c4d8-4cca-a61c-04ffda0b39ab,monotonic_reads,network_partition,writer-1,write,mr-1c842de1-c4d8-4cca-a61c-04ffda0b39ab,204,,,ALL,cassandra-1,False,False,2072.81,2026-09-16T13:01:13.961083+00:00,"WriteTimeout: Error from server: code=1100 [Coordinator node timed out waiting for replica nodes' responses] message=""Operation timed out - received only 2 responses."" info={'consistency': 'ALL', 'required_responses': 3, 'received_responses': 2, 'write_type': 'SIMPLE'}"
1c842de1-c4d8-4cca-a61c-04ffda0b39ab,monotonic_reads,network_partition,reader-1,read,mr-1c842de1-c4d8-4cca-a61c-04ffda0b39ab,,204,ONE,ALL,cassandra-1,True,False,4.116,2026-09-16T13:01:13.975870+00:00,
1c842de1-c4d8-4cca-a61c-04ffda0b39ab,monotonic_reads,network_partition,reader-1,read,mr-1c842de1-c4d8-4cca-a61c-04ffda0b39ab,,204,ONE,ALL,cassandra-2,True,False,3.994,2026-09-16T13:01:13.990890+00:00,
1c842de1-c4d8-4cca-a61c-04ffda0b39ab,monotonic_reads,network_partition,reader-1,read,mr-1c842de1-c4d8-4cca-a61c-04ffda0b39ab,,203,ONE,ALL,cassandra-3,True,True,15.575,2026-09-16T13:01:14.018450+00:00,
1c842de1-c4d8-4cca-a61c-04ffda0b39ab,monotonic_reads,network_partition,reader-1,read,mr-1c842de1-c4d8-4cca-a61c-04ffda0b39ab,,204,ONE,ALL,cassandra-1,True,False,3.516,2026-09-16T13:01:14.033391+00:00,
1c842de1-c4d8-4cca-a61c-04ffda0b39ab,monotonic_reads,network_partition,reader-1,read,mr-1c842de1-c4d8-4cca-a61c-04ffda0b39ab,,204,ONE,ALL,cassandra-2,True,False,2.548,2026-09-16T13:01:14.046416+00:00,
1c842de1-c4d8-4cca-a61c-04ffda0b39ab,monotonic_reads,network_partition,reader-1,read,mr-1c842de1-c4d8-4cca-a61c-04ffda0b39ab,,203,ONE,ALL,cassandra-3,True,True,4.091,2026-09-16T13:01:14.062996+00:00,
1c842de1-c4d8-4cca-a61c-04ffda0b39ab,monotonic_reads,network_partition,reader-1,read,mr-1c842de1-c4d8-4cca-a61c-04ffda0b39ab,,204,ONE,ALL,cassandra-1,True,False,3.485,2026-09-16T13:01:14.079232+00:00,
1c842de1-c4d8-4cca-a61c-04ffda0b39ab,monotonic_reads,network_partition,reader-1,read,mr-1c842de1-c4d8-4cca-a61c-04ffda0b39ab,,204,ONE,ALL,cassandra-2,True,False,3.026,2026-09-16T13:01:14.094891+00:00,
1c842de1-c4d8-4cca-a61c-04ffda0b39ab,monotonic_reads,network_partition,reader-1,read,mr-1c842de1-c4d8-4cca-a61c-04ffda0b39ab,,203,ONE,ALL,cassandra-3,True,True,4.293,2026-09-16T13:01:14.110208+00:00,
1c842de1-c4d8-4cca-a61c-04ffda0b39ab,monotonic_reads,network_partition,reader-1,read,mr-1c842de1-c4d8-4cca-a61c-04ffda0b39ab,,204,ONE,ALL,cassandra-1,True,False,3.798,2026-09-16T13:01:14.126608+00:00,
1c842de1-c4d8-4cca-a61c-04ffda0b39ab,monotonic_reads,network_partition,reader-1,read,mr-1c842de1-c4d8-4cca-a61c-04ffda0b39ab,,204,ONE,ALL,cassandra-2,True,False,6.529,2026-09-16T13:01:14.143420+00:00,
1c842de1-c4d8-4cca-a61c-04ffda0b39ab,monotonic_reads,network_partition,reader-1,read,mr-1c842de1-c4d8-4cca-a61c-04ffda0b39ab,,203,ONE,ALL,cassandra-3,True,True,1.961,2026-09-16T13:01:14.157213+00:00,
1c842de1-c4d8-4cca-a61c-04ffda0b39ab,monotonic_reads,network_partition,reader-1,read,mr-1c842de1-c4d8-4cca-a61c-04ffda0b39ab,,204,ONE,ALL,cassandra-1,True,False,4.256,2026-09-16T13:01:14.172224+00:00,
1c842de1-c4d8-4cca-a61c-04ffda0b39ab,monotonic_reads,network_partition,reader-1,read,mr-1c842de1-c4d8-4cca-a61c-04ffda0b39ab,,204,ONE,ALL,cassandra-2,True,False,2.954,2026-09-16T13:01:14.186055+00:00,
1c842de1-c4d8-4cca-a61c-04ffda0b39ab,monotonic_reads,network_partition,reader-1,read,mr-1c842de1-c4d8-4cca-a61c-04ffda0b39ab,,203,ONE,ALL,cassandra-3,True,True,3.614,2026-09-16T13:01:14.200498+00:00,
1c842de1-c4d8-4cca-a61c-04ffda0b39ab,monotonic_reads,network_partition,reader-1,read,mr-1c842de1-c4d8-4cca-a61c-04ffda0b39ab,,204,ONE,ALL,cassandra-1,True,False,3.294,2026-09-16T13:01:14.215144+00:00,
1c842de1-c4d8-4cca-a61c-04ffda0b39ab,monotonic_reads,network_partition,reader-1,read,mr-1c842de1-c4d8-4cca-a61c-04ffda0b39ab,,204,ONE,ALL,cassandra-2,True,False,3.213,2026-09-16T13:01:14.230070+00:00,
1c842de1-c4d8-4cca-a61c-04ffda0b39ab,monotonic_reads,network_partition,reader-1,read,mr-1c842de1-c4d8-4cca-a61c-04ffda0b39ab,,203,ONE,ALL,cassandra-3,True,True,3.178,2026-09-16T13:01:14.245047+00:00,
1c842de1-c4d8-4cca-a61c-04ffda0b39ab,monotonic_reads,network_partition,reader-1,read,mr-1c842de1-c4d8-4cca-a61c-04ffda0b39ab,,204,ONE,ALL,cassandra-1,True,False,3.775,2026-09-16T13:01:14.261014+00:00,
1c842de1-c4d8-4cca-a61c-04ffda0b39ab,monotonic_reads,network_partition,reader-1,read,mr-1c842de1-c4d8-4cca-a61c-04ffda0b39ab,,204,ONE,ALL,cassandra-2,True,False,3.027,2026-09-16T13:01:14.274822+00:00,
1c842de1-c4d8-4cca-a61c-04ffda0b39ab,monotonic_reads,network_partition,reader-1,read,mr-1c842de1-c4d8-4cca-a61c-04ffda0b39ab,,203,ONE,ALL,cassandra-3,True,True,3.8,2026-09-16T13:01:14.289398+00:00,
1c842de1-c4d8-4cca-a61c-04ffda0b39ab,monotonic_reads,network_partition,reader-1,read,mr-1c842de1-c4d8-4cca-a61c-04ffda0b39ab,,204,ONE,ALL,cassandra-1,True,False,3.567,2026-09-16T13:01:14.305435+00:00,
1c842de1-c4d8-4cca-a61c-04ffda0b39ab,monotonic_reads,network_partition,reader-1,read,mr-1c842de1-c4d8-4cca-a61c-04ffda0b39ab,,204,ONE,ALL,cassandra-2,True,False,3.694,2026-09-16T13:01:14.321900+00:00,
1c842de1-c4d8-4cca-a61c-04ffda0b39ab,monotonic_reads,network_partition,reader-1,read,mr-1c842de1-c4d8-4cca-a61c-04ffda0b39ab,,203,ONE,ALL,cassandra-3,True,True,3.787,2026-09-16T13:01:14.336574+00:00,
1c842de1-c4d8-4cca-a61c-04ffda0b39ab,monotonic_reads,network_partition,reader-1,read,mr-1c842de1-c4d8-4cca-a61c-04ffda0b39ab,,204,ONE,ALL,cassandra-1,True,False,3.024,2026-09-16T13:01:14.350886+00:00,
1c842de1-c4d8-4cca-a61c-04ffda0b39ab,monotonic_reads,network_partition,reader-1,read,mr-1c842de1-c4d8-4cca-a61c-04ffda0b39ab,,204,ONE,ALL,cassandra-2,True,False,4.105,2026-09-16T13:01:14.367685+00:00,
1c842de1-c4d8-4cca-a61c-04ffda0b39ab,monotonic_reads,network_partition,reader-1,read,mr-1c842de1-c4d8-4cca-a61c-04ffda0b39ab,,203,ONE,ALL,cassandra-3,True,True,4.36,2026-09-16T13:01:14.384804+00:00,
1c842de1-c4d8-4cca-a61c-04ffda0b39ab,monotonic_reads,network_partition,reader-1,read,mr-1c842de1-c4d8-4cca-a61c-04ffda0b39ab,,204,ONE,ALL,cassandra-1,True,False,3.599,2026-09-16T13:01:14.399481+00:00,
1c842de1-c4d8-4cca-a61c-04ffda0b39ab,monotonic_reads,network_partition,reader-1,read,mr-1c842de1-c4d8-4cca-a61c-04ffda0b39ab,,204,ONE,ALL,cassandra-2,True,False,3.815,2026-09-16T13:01:14.415305+00:00,
1c842de1-c4d8-4cca-a61c-04ffda0b39ab,monotonic_reads,network_partition,reader-1,read,mr-1c842de1-c4d8-4cca-a61c-04ffda0b39ab,,203,ONE,ALL,cassandra-3,True,True,2.982,2026-09-16T13:01:14.430208+00:00,
1c842de1-c4d8-4cca-a61c-04ffda0b39ab,monotonic_reads,network_partition,reader-1,read,mr-1c842de1-c4d8-4cca-a61c-04ffda0b39ab,,204,ONE,ALL,cassandra-1,True,False,4.019,2026-09-16T13:01:14.446095+00:00,
1c842de1-c4d8-4cca-a61c-04ffda0b39ab,monotonic_reads,network_partition,reader-1,read,mr-1c842de1-c4d8-4cca-a61c-04ffda0b39ab,,204,ONE,ALL,cassandra-2,True,False,3.701,2026-09-16T13:01:14.461957+00:00,
1c842de1-c4d8-4cca-a61c-04ffda0b39ab,monotonic_reads,network_partition,reader-1,read,mr-1c842de1-c4d8-4cca-a61c-04ffda0b39ab,,203,ONE,ALL,cassandra-3,True,True,4.044,2026-09-16T13:01:14.477925+00:00,
1c842de1-c4d8-4cca-a61c-04ffda0b39ab,monotonic_reads,network_partition,reader-1,read,mr-1c842de1-c4d8-4cca-a61c-04ffda0b39ab,,204,ONE,ALL,cassandra-1,True,False,3.992,2026-09-16T13:01:14.493285+00:00,
1c842de1-c4d8-4cca-a61c-04ffda0b39ab,monotonic_reads,network_partition,reader-1,read,mr-1c842de1-c4d8-4cca-a61c-04ffda0b39ab,,204,ONE,ALL,cassandra-2,True,False,3.353,2026-09-16T13:01:14.508230+00:00,
1c842de1-c4d8-4cca-a61c-04ffda0b39ab,monotonic_reads,network_partition,reader-1,read,mr-1c842de1-c4d8-4cca-a61c-04ffda0b39ab,,203,ONE,ALL,cassandra-3,True,True,2.53,2026-09-16T13:01:14.521695+00:00,
1c842de1-c4d8-4cca-a61c-04ffda0b39ab,monotonic_reads,network_partition,reader-1,read,mr-1c842de1-c4d8-4cca-a61c-04ffda0b39ab,,204,ONE,ALL,cassandra-1,True,False,3.385,2026-09-16T13:01:14.537819+00:00,
1c842de1-c4d8-4cca-a61c-04ffda0b39ab,monotonic_reads,network_partition,reader-1,read,mr-1c842de1-c4d8-4cca-a61c-04ffda0b39ab,,204,ONE,ALL,cassandra-2,True,False,3.147,2026-09-16T13:01:14.553070+00:00,
1c842de1-c4d8-4cca-a61c-04ffda0b39ab,monotonic_reads,network_partition,reader-1,read,mr-1c842de1-c4d8-4cca-a61c-04ffda0b39ab,,203,ONE,ALL,cassandra-3,True,True,2.921,2026-09-16T13:01:14.566291+00:00,
1c842de1-c4d8-4cca-a61c-04ffda0b39ab,monotonic_reads,network_partition,reader-1,read,mr-1c842de1-c4d8-4cca-a61c-04ffda0b39ab,,204,ONE,ALL,cassandra-1,True,False,3.539,2026-09-16T13:01:14.581398+00:00,
1c842de1-c4d8-4cca-a61c-04ffda0b39ab,monotonic_reads,network_partition,reader-1,read,mr-1c842de1-c4d8-4cca-a61c-04ffda0b39ab,,204,ONE,ALL,cassandra-2,True,False,3.808,2026-09-16T13:01:14.596411+00:00,
1c842de1-c4d8-4cca-a61c-04ffda0b39ab,monotonic_reads,network_partition,reader-1,read,mr-1c842de1-c4d8-4cca-a61c-04ffda0b39ab,,203,ONE,ALL,cassandra-3,True,True,4.028,2026-09-16T13:01:14.613148+00:00,
1c842de1-c4d8-4cca-a61c-04ffda0b39ab,monotonic_reads,network_partition,reader-1,read,mr-1c842de1-c4d8-4cca-a61c-04ffda0b39ab,,204,ONE,ALL,cassandra-1,True,False,2.515,2026-09-16T13:01:14.626339+00:00,
1c842de1-c4d8-4cca-a61c-04ffda0b39ab,monotonic_reads,network_partition,reader-1,read,mr-1c842de1-c4d8-4cca-a61c-04ffda0b39ab,,204,ONE,ALL,cassandra-2,True,False,2.651,2026-09-16T13:01:14.640379+00:00,
1c842de1-c4d8-4cca-a61c-04ffda0b39ab,monotonic_reads,network_partition,reader-1,read,mr-1c842de1-c4d8-4cca-a61c-04ffda0b39ab,,203,ONE,ALL,cassandra-3,True,True,1.912,2026-09-16T13:01:14.653400+00:00,
1c842de1-c4d8-4cca-a61c-04ffda0b39ab,monotonic_reads,network_partition,reader-1,read,mr-1c842de1-c4d8-4cca-a61c-04ffda0b39ab,,204,ONE,ALL,cassandra-1,True,False,2.296,2026-09-16T13:01:14.668348+00:00,
1c842de1-c4d8-4cca-a61c-04ffda0b39ab,monotonic_reads,network_partition,reader-1,read,mr-1c842de1-c4d8-4cca-a61c-04ffda0b39ab,,204,ONE,ALL,cassandra-2,True,False,2.615,2026-09-16T13:01:14.682398+00:00,
1c842de1-c4d8-4cca-a61c-04ffda0b39ab,monotonic_reads,network_partition,reader-1,read,mr-1c842de1-c4d8-4cca-a61c-04ffda0b39ab,,203,ONE,ALL,cassandra-3,True,True,3.154,2026-09-16T13:01:14.698201+00:00,
1c842de1-c4d8-4cca-a61c-04ffda0b39ab,monotonic_reads,network_partition,reader-1,read,mr-1c842de1-c4d8-4cca-a61c-04ffda0b39ab,,204,ONE,ALL,cassandra-1,True,False,3.116,2026-09-16T13:01:14.713201+00:00,
1c842de1-c4d8-4cca-a61c-04ffda0b39ab,monotonic_reads,network_partition,reader-1,read,mr-1c842de1-c4d8-4cca-a61c-04ffda0b39ab,,204,ONE,ALL,cassandra-2,True,False,3.918,2026-09-16T13:01:14.727349+00:00,
1c842de1-c4d8-4cca-a61c-04ffda0b39ab,monotonic_reads,network_partition,reader-1,read,mr-1c842de1-c4d8-4cca-a61c-04ffda0b39ab,,203,ONE,ALL,cassandra-3,True,True,3.27,2026-09-16T13:01:14.742435+00:00,
1c842de1-c4d8-4cca-a61c-04ffda0b39ab,monotonic_reads,network_partition,reader-1,read,mr-1c842de1-c4d8-4cca-a61c-04ffda0b39ab,,204,ONE,ALL,cassandra-1,True,False,3.268,2026-09-16T13:01:14.757851+00:00,
1c842de1-c4d8-4cca-a61c-04ffda0b39ab,monotonic_reads,network_partition,reader-1,read,mr-1c842de1-c4d8-4cca-a61c-04ffda0b39ab,,204,ONE,ALL,cassandra-2,True,False,5.633,2026-09-16T13:01:14.775901+00:00,
1c842de1-c4d8-4cca-a61c-04ffda0b39ab,monotonic_reads,network_partition,reader-1,read,mr-1c842de1-c4d8-4cca-a61c-04ffda0b39ab,,203,ONE,ALL,cassandra-3,True,True,4.394,2026-09-16T13:01:14.791321+00:00,
1c842de1-c4d8-4cca-a61c-04ffda0b39ab,monotonic_reads,network_partition,reader-1,read,mr-1c842de1-c4d8-4cca-a61c-04ffda0b39ab,,204,ONE,ALL,cassandra-1,True,False,2.984,2026-09-16T13:01:14.806852+00:00,
1c842de1-c4d8-4cca-a61c-04ffda0b39ab,monotonic_reads,network_partition,reader-1,read,mr-1c842de1-c4d8-4cca-a61c-04ffda0b39ab,,204,ONE,ALL,cassandra-2,True,False,3.769,2026-09-16T13:01:14.821733+00:00,
1c842de1-c4d8-4cca-a61c-04ffda0b39ab,monotonic_reads,network_partition,reader-1,read,mr-1c842de1-c4d8-4cca-a61c-04ffda0b39ab,,203,ONE,ALL,cassandra-3,True,True,3.624,2026-09-16T13:01:14.837421+00:00,
1c842de1-c4d8-4cca-a61c-04ffda0b39ab,monotonic_reads,network_partition,reader-1,read,mr-1c842de1-c4d8-4cca-a61c-04ffda0b39ab,,204,ONE,ALL,cassandra-1,True,False,3.342,2026-09-16T13:01:14.852156+00:00,
1c842de1-c4d8-4cca-a61c-04ffda0b39ab,monotonic_reads,network_partition,reader-1,read,mr-1c842de1-c4d8-4cca-a61c-04ffda0b39ab,,204,ONE,ALL,cassandra-2,True,False,3.949,2026-09-16T13:01:14.867282+00:00,
1c842de1-c4d8-4cca-a61c-04ffda0b39ab,monotonic_reads,network_partition,reader-1,read,mr-1c842de1-c4d8-4cca-a61c-04ffda0b39ab,,203,ONE,ALL,cassandra-3,True,True,3.992,2026-09-16T13:01:14.882036+00:00,
1c842de1-c4d8-4cca-a61c-04ffda0b39ab,monotonic_reads,network_partition,reader-1,read,mr-1c842de1-c4d8-4cca-a61c-04ffda0b39ab,,204,ONE,ALL,cassandra-1,True,False,3.986,2026-09-16T13:01:14.897725+00:00,
1c842de1-c4d8-4cca-a61c-04ffda0b39ab,monotonic_reads,network_partition,reader-1,read,mr-1c842de1-c4d8-4cca-a61c-04ffda0b39ab,,204,ONE,ALL,cassandra-2,True,False,3.807,2026-09-16T13:01:14.912367+00:00,
1c842de1-c4d8-4cca-a61c-04ffda0b39ab,monotonic_reads,network_partition,reader-1,read,mr-1c842de1-c4d8-4cca-a61c-04ffda0b39ab,,203,ONE,ALL,cassandra-3,True,True,4.096,2026-09-16T13:01:14.929195+00:00,
1c842de1-c4d8-4cca-a61c-04ffda0b39ab,monotonic_reads,network_partition,reader-1,read,mr-1c842de1-c4d8-4cca-a61c-04ffda0b39ab,,204,ONE,ALL,cassandra-1,True,False,4.039,2026-09-16T13:01:14.943999+00:00,
1c842de1-c4d8-4cca-a61c-04ffda0b39ab,monotonic_reads,network_partition,reader-1,read,mr-1c842de1-c4d8-4cca-a61c-04ffda0b39ab,,204,ONE,ALL,cassandra-2,True,False,3.939,2026-09-16T13:01:14.958841+00:00,
1c842de1-c4d8-4cca-a61c-04ffda0b39ab,monotonic_reads,network_partition,reader-1,read,mr-1c842de1-c4d8-4cca-a61c-04ffda0b39ab,,203,ONE,ALL,cassandra-3,True,True,3.362,2026-09-16T13:01:14.974237+00:00,
1c842de1-c4d8-4cca-a61c-04ffda0b39ab,monotonic_reads,network_partition,reader-1,read,mr-1c842de1-c4d8-4cca-a61c-04ffda0b39ab,,204,ONE,ALL,cassandra-1,True,False,3.7,2026-09-16T13:01:14.990558+00:00,
1c842de1-c4d8-4cca-a61c-04ffda0b39ab,monotonic_reads,network_partition,reader-1,read,mr-1c842de1-c4d8-4cca-a61c-04ffda0b39ab,,204,ONE,ALL,cassandra-2,True,False,4.2,2026-09-16T13:01:15.006092+00:00,
1c842de1-c4d8-4cca-a61c-04ffda0b39ab,monotonic_reads,network_partition,reader-1,read,mr-1c842de1-c4d8-4cca-a61c-04ffda0b39ab,,203,ONE,ALL,cassandra-3,True,True,4.925,2026-09-16T13:01:15.022621+00:00,
1c842de1-c4d8-4cca-a61c-04ffda0b39ab,monotonic_reads,network_partition,reader-1,read,mr-1c842de1-c4d8-4cca-a61c-04ffda0b39ab,,204,ONE,ALL,cassandra-1,True,False,4.206,2026-09-16T13:01:15.039339+00:00,
1c842de1-c4d8-4cca-a61c-04ffda0b39ab,monotonic_reads,network_partition,reader-1,read,mr-1c842de1-c4d8-4cca-a61c-04ffda0b39ab,,204,ONE,ALL,cassandra-2,True,False,4.986,2026-09-16T13:01:15.056470+00:00,
1c842de1-c4d8-4cca-a61c-04ffda0b39ab,monotonic_reads,network_partition,reader-1,read,mr-1c842de1-c4d8-4cca-a61c-04ffda0b39ab,,203,ONE,ALL,cassandra-3,True,True,4.054,2026-09-16T13:01:15.071302+00:00,
1c842de1-c4d8-4cca-a61c-04ffda0b39ab,monotonic_reads,network_partition,reader-1,read,mr-1c842de1-c4d8-4cca-a61c-04ffda0b39ab,,204,ONE,ALL,cassandra-1,True,False,7.244,2026-09-16T13:01:15.091258+00:00,
1c842de1-c4d8-4cca-a61c-04ffda0b39ab,monotonic_reads,network_partition,reader-1,read,mr-1c842de1-c4d8-4cca-a61c-04ffda0b39ab,,204,ONE,ALL,cassandra-2,True,False,3.972,2026-09-16T13:01:15.106834+00:00,
1c842de1-c4d8-4cca-a61c-04ffda0b39ab,monotonic_reads,network_partition,reader-1,read,mr-1c842de1-c4d8-4cca-a61c-04ffda0b39ab,,203,ONE,ALL,cassandra-3,True,True,3.539,2026-09-16T13:01:15.121505+00:00,
1c842de1-c4d8-4cca-a61c-04ffda0b39ab,monotonic_reads,network_partition,reader-1,read,mr-1c842de1-c4d8-4cca-a61c-04ffda0b39ab,,204,ONE,ALL,cassandra-1,True,False,2.886,2026-09-16T13:01:15.134917+00:00,
1c842de1-c4d8-4cca-a61c-04ffda0b39ab,monotonic_reads,network_partition,reader-1,read,mr-1c842de1-c4d8-4cca-a61c-04ffda0b39ab,,204,ONE,ALL,cassandra-2,True,False,4.547,2026-09-16T13:01:15.150454+00:00,
1c842de1-c4d8-4cca-a61c-04ffda0b39ab,monotonic_reads,network_partition,reader-1,read,mr-1c842de1-c4d8-4cca-a61c-04ffda0b39ab,,203,ONE,ALL,cassandra-3,True,True,3.979,2026-09-16T13:01:15.165850+00:00,
1c842de1-c4d8-4cca-a61c-04ffda0b39ab,monotonic_reads,network_partition,reader-1,read,mr-1c842de1-c4d8-4cca-a61c-04ffda0b39ab,,204,ONE,ALL,cassandra-1,True,False,3.447,2026-09-16T13:01:15.181221+00:00,
1c842de1-c4d8-4cca-a61c-04ffda0b39ab,monotonic_reads,network_partition,reader-1,read,mr-1c842de1-c4d8-4cca-a61c-04ffda0b39ab,,204,ONE,ALL,cassandra-2,True,False,2.747,2026-09-16T13:01:15.196136+00:00,
1c842de1-c4d8-4cca-a61c-04ffda0b39ab,monotonic_reads,network_partition,reader-1,read,mr-1c842de1-c4d8-4cca-a61c-04ffda0b39ab,,203,ONE,ALL,cassandra-3,True,True,3.666,2026-09-16T13:01:15.211512+00:00,
1c842de1-c4d8-4cca-a61c-04ffda0b39ab,monotonic_reads,network_partition,reader-1,read,mr-1c842de1-c4d8-4cca-a61c-04ffda0b39ab,,204,ONE,ALL,cassandra-1,True,False,3.906,2026-09-16T13:01:15.227252+00:00,
1c842de1-c4d8-4cca-a61c-04ffda0b39ab,monotonic_reads,network_partition,reader-1,read,mr-1c842de1-c4d8-4cca-a61c-04ffda0b39ab,,204,ONE,ALL,cassandra-2,True,False,3.615,2026-09-16T13:01:15.241486+00:00,
1c842de1-c4d8-4cca-a61c-04ffda0b39ab,monotonic_reads,network_partition,reader-1,read,mr-1c842de1-c4d8-4cca-a61c-04ffda0b39ab,,203,ONE,ALL,cassandra-3,True,True,3.58,2026-09-16T13:01:15.255461+00:00,
1c842de1-c4d8-4cca-a61c-04ffda0b39ab,monotonic_reads,network_partition,reader-1,read,mr-1c842de1-c4d8-4cca-a61c-04ffda0b39ab,,204,ONE,ALL,cassandra-1,True,False,3.162,2026-09-16T13:01:15.270014+00:00,
1c842de1-c4d8-4cca-a61c-04ffda0b39ab,monotonic_reads,network_partition,reader-1,read,mr-1c842de1-c4d8-4cca-a61c-04ffda0b39ab,,204,ONE,ALL,cassandra-2,True,False,3.592,2026-09-16T13:01:15.285841+00:00,
1c842de1-c4d8-4cca-a61c-04ffda0b39ab,monotonic_reads,network_partition,reader-1,read,mr-1c842de1-c4d8-4cca-a61c-04ffda0b39ab,,203,ONE,ALL,cassandra-3,True,True,3.391,2026-09-16T13:01:15.300240+00:00,
1c842de1-c4d8-4cca-a61c-04ffda0b39ab,monotonic_reads,network_partition,reader-1,read,mr-1c842de1-c4d8-4cca-a61c-04ffda0b39ab,,204,ONE,ALL,cassandra-1,True,False,29.526,2026-09-16T13:01:15.341030+00:00,
1c842de1-c4d8-4cca-a61c-04ffda0b39ab,monotonic_reads,network_partition,reader-1,read,mr-1c842de1-c4d8-4cca-a61c-04ffda0b39ab,,204,ONE,ALL,cassandra-2,True,False,3.528,2026-09-16T13:01:15.357196+00:00,
1c842de1-c4d8-4cca-a61c-04ffda0b39ab,monotonic_reads,network_partition,reader-1,read,mr-1c842de1-c4d8-4cca-a61c-04ffda0b39ab,,203,ONE,ALL,cassandra-3,True,True,4.786,2026-09-16T13:01:15.374585+00:00,
1c842de1-c4d8-4cca-a61c-04ffda0b39ab,monotonic_reads,network_partition,reader-1,read,mr-1c842de1-c4d8-4cca-a61c-04ffda0b39ab,,204,ONE,ALL,cassandra-1,True,False,4.935,2026-09-16T13:01:15.391135+00:00,
1c842de1-c4d8-4cca-a61c-04ffda0b39ab,monotonic_reads,network_partition,reader-1,read,mr-1c842de1-c4d8-4cca-a61c-04ffda0b39ab,,204,ONE,ALL,cassandra-2,True,False,3.535,2026-09-16T13:01:15.407335+00:00,
1c842de1-c4d8-4cca-a61c-04ffda0b39ab,monotonic_reads,network_partition,reader-1,read,mr-1c842de1-c4d8-4cca-a61c-04ffda0b39ab,,203,ONE,ALL,cassandra-3,True,True,3.936,2026-09-16T13:01:15.422838+00:00,
1c842de1-c4d8-4cca-a61c-04ffda0b39ab,monotonic_reads,network_partition,reader-1,read,mr-1c842de1-c4d8-4cca-a61c-04ffda0b39ab,,204,ONE,ALL,cassandra-1,True,False,3.413,2026-09-16T13:01:15.438959+00:00,
1c842de1-c4d8-4cca-a61c-04ffda0b39ab,monotonic_reads,network_partition,reader-1,read,mr-1c842de1-c4d8-4cca-a61c-04ffda0b39ab,,204,ONE,ALL,cassandra-2,True,False,3.791,2026-09-16T13:01:15.455305+00:00,
1c842de1-c4d8-4cca-a61c-04ffda0b39ab,monotonic_reads,network_partition,reader-1,read,mr-1c842de1-c4d8-4cca-a61c-04ffda0b39ab,,203,ONE,ALL,cassandra-3,True,True,3.116,2026-09-16T13:01:15.469141+00:00,
1c842de1-c4d8-4cca-a61c-04ffda0b39ab,monotonic_reads,network_partition,reader-1,read,mr-1c842de1-c4d8-4cca-a61c-04ffda0b39ab,,204,ONE,ALL,cassandra-1,True,False,3.572,2026-09-16T13:01:15.485410+00:00,
1c842de1-c4d8-4cca-a61c-04ffda0b39ab,monotonic_reads,network_partition,reader-1,read,mr-1c842de1-c4d8-4cca-a61c-04ffda0b39ab,,204,ONE,ALL,cassandra-2,True,False,4.218,2026-09-16T13:01:15.501275+00:00,
1c842de1-c4d8-4cca-a61c-04ffda0b39ab,monotonic_reads,network_partition,reader-1,read,mr-1c842de1-c4d8-4cca-a61c-04ffda0b39ab,,203,ONE,ALL,cassandra-3,True,True,3.718,2026-09-16T13:01:15.515698+00:00,
1c842de1-c4d8-4cca-a61c-04ffda0b39ab,monotonic_reads,network_partition,reader-1,read,mr-1c842de1-c4d8-4cca-a61c-04ffda0b39ab,,204,ONE,ALL,cassandra-1,True,False,3.26,2026-09-16T13:01:15.529639+00:00,
1c842de1-c4d8-4cca-a61c-04ffda0b39ab,monotonic_reads,network_partition,reader-1,read,mr-1c842de1-c4d8-4cca-a61c-04ffda0b39ab,,204,ONE,ALL,cassandra-2,True,False,3.182,2026-09-16T13:01:15.543059+00:00,
1c842de1-c4d8-4cca-a61c-04ffda0b39ab,monotonic_reads,network_partition,reader-1,read,mr-1c842de1-c4d8-4cca-a61c-04ffda0b39ab,,203,ONE,ALL,cassandra-3,True,True,3.417,2026-09-16T13:01:15.558176+00:00,
1c842de1-c4d8-4cca-a61c-04ffda0b39ab,monotonic_reads,network_partition,reader-1,read,mr-1c842de1-c4d8-4cca-a61c-04ffda0b39ab,,204,ONE,ALL,cassandra-1,True,False,3.033,2026-09-16T13:01:15.573195+00:00,
1c842de1-c4d8-4cca-a61c-04ffda0b39ab,monotonic_reads,network_partition,reader-1,read,mr-1c842de1-c4d8-4cca-a61c-04ffda0b39ab,,204,ONE,ALL,cassandra-2,True,False,3.268,2026-09-16T13:01:15.588827+00:00,
1c842de1-c4d8-4cca-a61c-04ffda0b39ab,monotonic_reads,network_partition,reader-1,read,mr-1c842de1-c4d8-4cca-a61c-04ffda0b39ab,,203,ONE,ALL,cassandra-3,True,True,3.73,2026-09-16T13:01:15.605225+00:00,
1c842de1-c4d8-4cca-a61c-04ffda0b39ab,monotonic_reads,network_partition,reader-1,read,mr-1c842de1-c4d8-4cca-a61c-04ffda0b39ab,,204,ONE,ALL,cassandra-1,True,False,4.014,2026-09-16T13:01:15.619786+00:00,
1c842de1-c4d8-4cca-a61c-04ffda0b39ab,monotonic_reads,network_partition,reader-1,read,mr-1c842de1-c4d8-4cca-a61c-04ffda0b39ab,,204,ONE,ALL,cassandra-2,True,False,3.328,2026-09-16T13:01:15.634181+00:00,
1c842de1-c4d8-4cca-a61c-04ffda0b39ab,monotonic_reads,network_partition,reader-1,read,mr-1c842de1-c4d8-4cca-a61c-04ffda0b39ab,,203,ONE,ALL,cassandra-3,True,True,5.263,2026-09-16T13:01:15.650012+00:00,
1c842de1-c4d8-4cca-a61c-04ffda0b39ab,monotonic_reads,network_partition,reader-1,read,mr-1c842de1-c4d8-4cca-a61c-04ffda0b39ab,,204,ONE,ALL,cassandra-1,True,False,4.143,2026-09-16T13:01:15.666842+00:00,
1c842de1-c4d8-4cca-a61c-04ffda0b39ab,monotonic_reads,network_partition,reader-1,read,mr-1c842de1-c4d8-4cca-a61c-04ffda0b39ab,,204,ONE,ALL,cassandra-2,True,False,4.025,2026-09-16T13:01:15.681174+00:00,
1c842de1-c4d8-4cca-a61c-04ffda0b39ab,monotonic_reads,network_partition,reader-1,read,mr-1c842de1-c4d8-4cca-a61c-04ffda0b39ab,,203,ONE,ALL,cassandra-3,True,True,3.533,2026-09-16T13:01:15.696522+00:00,
1c842de1-c4d8-4cca-a61c-04ffda0b39ab,monotonic_reads,network_partition,reader-1,read,mr-1c842de1-c4d8-4cca-a61c-04ffda0b39ab,,204,ONE,ALL,cassandra-1,True,False,3.337,2026-09-16T13:01:15.711204+00:00,
1c842de1-c4d8-4cca-a61c-04ffda0b39ab,monotonic_reads,network_partition,reader-1,read,mr-1c842de1-c4d8-4cca-a61c-04ffda0b39ab,,204,ONE,ALL,cassandra-2,True,False,4.239,2026-09-16T13:01:15.726591+00:00,
1c842de1-c4d8-4cca-a61c-04ffda0b39ab,monotonic_reads,network_partition,reader-1,read,mr-1c842de1-c4d8-4cca-a61c-04ffda0b39ab,,203,ONE,ALL,cassandra-3,True,True,3.529,2026-09-16T13:01:15.742768+00:00,
1c842de1-c4d8-4cca-a61c-04ffda0b39ab,monotonic_reads,network_partition,reader-1,read,mr-1c842de1-c4d8-4cca-a61c-04ffda0b39ab,,204,ONE,ALL,cassandra-1,True,False,3.217,2026-09-16T13:01:15.758688+00:00,
1c842de1-c4d8-4cca-a61c-04ffda0b39ab,monotonic_reads,network_partition,reader-1,read,mr-1c842de1-c4d8-4cca-a61c-04ffda0b39ab,,204,ONE,ALL,cassandra-2,True,False,5.12,2026-09-16T13:01:15.776397+00:00,
1c842de1-c4d8-4cca-a61c-04ffda0b39ab,monotonic_reads,network_partition,reader-1,read,mr-1c842de1-c4d8-4cca-a61c-04ffda0b39ab,,203,ONE,ALL,cassandra-3,True,True,3.983,2026-09-16T13:01:15.790871+00:00,
1c842de1-c4d8-4cca-a61c-04ffda0b39ab,monotonic_reads,network_partition,reader-1,read,mr-1c842de1-c4d8-4cca-a61c-04ffda0b39ab,,204,ONE,ALL,cassandra-1,True,False,4.003,2026-09-16T13:01:15.805860+00:00,
1c842de1-c4d8-4cca-a61c-04ffda0b39ab,monotonic_reads,network_partition,reader-1,read,mr-1c842de1-c4d8-4cca-a61c-04ffda0b39ab,,204,ONE,ALL,cassandra-2,True,False,3.366,2026-09-16T13:01:15.821315+00:00,
1c842de1-c4d8-4cca-a61c-04ffda0b39ab,monotonic_reads,network_partition,reader-1,read,mr-1c842de1-c4d8-4cca-a61c-04ffda0b39ab,,203,ONE,ALL,cassandra-3,True,True,3.19,2026-09-16T13:01:15.837041+00:00,
1c842de1-c4d8-4cca-a61c-04ffda0b39ab,monotonic_reads,network_partition,reader-1,read,mr-1c842de1-c4d8-4cca-a61c-04ffda0b39ab,,204,ONE,ALL,cassandra-1,True,False,3.047,2026-09-16T13:01:15.852266+00:00,
1c842de1-c4d8-4cca-a61c-04ffda0b39ab,monotonic_reads,network_partition,reader-1,read,mr-1c842de1-c4d8-4cca-a61c-04ffda0b39ab,,204,ONE,ALL,cassandra-2,True,False,4.11,2026-09-16T13:01:15.867715+00:00,
1c842de1-c4d8-4cca-a61c-04ffda0b39ab,monotonic_reads,network_partition,reader-1,read,mr-1c842de1-c4d8-4cca-a61c-04ffda0b39ab,,203,ONE,ALL,cassandra-3,True,True,4.169,2026-09-16T13:01:15.883357+00:00,
1c842de1-c4d8-4cca-a61c-04ffda0b39ab,monotonic_reads,network_partition,reader-1,read,mr-1c842de1-c4d8-4cca-a61c-04ffda0b39ab,,204,ONE,ALL,cassandra-1,True,False,3.874,2026-09-16T13:01:15.898704+00:00,
1c842de1-c4d8-4cca-a61c-04ffda0b39ab,monotonic_reads,network_partition,reader-1,read,mr-1c842de1-c4d8-4cca-a61c-04ffda0b39ab,,204,ONE,ALL,cassandra-2,True,False,4.531,2026-09-16T13:01:15.915129+00:00,
1c842de1-c4d8-4cca-a61c-04ffda0b39ab,monotonic_reads,network_partition,reader-1,read,mr-1c842de1-c4d8-4cca-a61c-04ffda0b39ab,,203,ONE,ALL,cassandra-3,True,True,3.979,2026-09-16T13:01:15.931837+00:00,
1c842de1-c4d8-4cca-a61c-04ffda0b39ab,monotonic_reads,network_partition,reader-1,read,mr-1c842de1-c4d8-4cca-a61c-04ffda0b39ab,,204,ONE,ALL,cassandra-1,True,False,4.328,2026-09-16T13:01:15.948626+00:00,
1c842de1-c4d8-4cca-a61c-04ffda0b39ab,monotonic_reads,network_partition,reader-1,read,mr-1c842de1-c4d8-4cca-a61c-04ffda0b39ab,,204,ONE,ALL,cassandra-2,True,False,4.644,2026-09-16T13:01:15.965966+00:00,
1c842de1-c4d8-4cca-a61c-04ffda0b39ab,monotonic_reads,network_partition,reader-1,read,mr-1c842de1-c4d8-4cca-a61c-04ffda0b39ab,,203,ONE,ALL,cassandra-3,True,True,3.989,2026-09-16T13:01:15.981861+00:00,
1c842de1-c4d8-4cca-a61c-04ffda0b39ab,monotonic_reads,network_partition,reader-1,read,mr-1c842de1-c4d8-4cca-a61c-04ffda0b39ab,,204,ONE,ALL,cassandra-1,True,False,4.257,2026-09-16T13:01:15.998324+00:00,
1c842de1-c4d8-4cca-a61c-04ffda0b39ab,monotonic_reads,network_partition,reader-1,read,mr-1c842de1-c4d8-4cca-a61c-04ffda0b39ab,,204,ONE,ALL,cassandra-2,True,False,3.654,2026-09-16T13:01:16.013517+00:00,
1c842de1-c4d8-4cca-a61c-04ffda0b39ab,monotonic_reads,network_partition,reader-1,read,mr-1c842de1-c4d8-4cca-a61c-04ffda0b39ab,,203,ONE,ALL,cassandra-3,True,True,4.475,2026-09-16T13:01:16.030155+00:00,
1c842de1-c4d8-4cca-a61c-04ffda0b39ab,monotonic_reads,network_partition,reader-1,read,mr-1c842de1-c4d8-4cca-a61c-04ffda0b39ab,,204,ONE,ALL,cassandra-1,True,False,3.792,2026-09-16T13:01:16.045646+00:00,
1c842de1-c4d8-4cca-a61c-04ffda0b39ab,monotonic_reads,network_partition,reader-1,read,mr-1c842de1-c4d8-4cca-a61c-04ffda0b39ab,,204,ONE,ALL,cassandra-2,True,False,4.204,2026-09-16T13:01:16.061391+00:00,
1c842de1-c4d8-4cca-a61c-04ffda0b39ab,monotonic_reads,network_partition,reader-1,read,mr-1c842de1-c4d8-4cca-a61c-04ffda0b39ab,,203,ONE,ALL,cassandra-3,True,True,3.388,2026-09-16T13:01:16.075305+00:00,
1c842de1-c4d8-4cca-a61c-04ffda0b39ab,monotonic_reads,network_partition,reader-1,read,mr-1c842de1-c4d8-4cca-a61c-04ffda0b39ab,,204,ONE,ALL,cassandra-1,True,False,3.832,2026-09-16T13:01:16.089688+00:00,
1c842de1-c4d8-4cca-a61c-04ffda0b39ab,monotonic_reads,network_partition,reader-1,read,mr-1c842de1-c4d8-4cca-a61c-04ffda0b39ab,,204,ONE,ALL,cassandra-2,True,False,4.251,2026-09-16T13:01:16.106501+00:00,
1c842de1-c4d8-4cca-a61c-04ffda0b39ab,monotonic_reads,network_partition,reader-1,read,mr-1c842de1-c4d8-4cca-a61c-04ffda0b39ab,,203,ONE,ALL,cassandra-3,True,True,3.43,2026-09-16T13:01:16.122340+00:00,
1c842de1-c4d8-4cca-a61c-04ffda0b39ab,monotonic_reads,network_partition,reader-1,read,mr-1c842de1-c4d8-4cca-a61c-04ffda0b39ab,,204,ONE,ALL,cassandra-1,True,False,1.826,2026-09-16T13:01:16.136428+00:00,
1c842de1-c4d8-4cca-a61c-04ffda0b39ab,monotonic_reads,network_partition,reader-1,read,mr-1c842de1-c4d8-4cca-a61c-04ffda0b39ab,,204,ONE,ALL,cassandra-2,True,False,1.443,2026-09-16T13:01:16.149438+00:00,
1c842de1-c4d8-4cca-a61c-04ffda0b39ab,monotonic_reads,network_partition,reader-1,read,mr-1c842de1-c4d8-4cca-a61c-04ffda0b39ab,,203,ONE,ALL,cassandra-3,True,True,1.397,2026-09-16T13:01:16.161423+00:00,
1c842de1-c4d8-4cca-a61c-04ffda0b39ab,monotonic_reads,network_partition,reader-1,read,mr-1c842de1-c4d8-4cca-a61c-04ffda0b39ab,,204,ONE,ALL,cassandra-1,True,False,1.748,2026-09-16T13:01:16.175427+00:00,
1c842de1-c4d8-4cca-a61c-04ffda0b39ab,monotonic_reads,network_partition,reader-1,read,mr-1c842de1-c4d8-4cca-a61c-04ffda0b39ab,,204,ONE,ALL,cassandra-2,True,False,1.457,2026-09-16T13:01:16.187381+00:00,
1c842de1-c4d8-4cca-a61c-04ffda0b39ab,monotonic_reads,network_partition,reader-1,read,mr-1c842de1-c4d8-4cca-a61c-04ffda0b39ab,,203,ONE,ALL,cassandra-3,True,True,2.546,2026-09-16T13:01:16.200348+00:00,
1c842de1-c4d8-4cca-a61c-04ffda0b39ab,monotonic_reads,network_partition,reader-1,read,mr-1c842de1-c4d8-4cca-a61c-04ffda0b39ab,,204,ONE,ALL,cassandra-1,True,False,1.531,2026-09-16T13:01:16.213555+00:00,
1c842de1-c4d8-4cca-a61c-04ffda0b39ab,monotonic_reads,network_partition,reader-1,read,mr-1c842de1-c4d8-4cca-a61c-04ffda0b39ab,,204,ONE,ALL,cassandra-2,True,False,1.579,2026-09-16T13:01:16.225479+00:00,
1c842de1-c4d8-4cca-a61c-04ffda0b39ab,monotonic_reads,network_partition,reader-1,read,mr-1c842de1-c4d8-4cca-a61c-04ffda0b39ab,,203,ONE,ALL,cassandra-3,True,True,1.635,2026-09-16T13:01:16.237282+00:00,
1c842de1-c4d8-4cca-a61c-04ffda0b39ab,monotonic_reads,network_partition,reader-1,read,mr-1c842de1-c4d8-4cca-a61c-04ffda0b39ab,,204,ONE,ALL,cassandra-1,True,False,1.481,2026-09-16T13:01:16.250342+00:00,
1c842de1-c4d8-4cca-a61c-04ffda0b39ab,monotonic_reads,network_partition,reader-1,read,mr-1c842de1-c4d8-4cca-a61c-04ffda0b39ab,,204,ONE,ALL,cassandra-2,True,False,1.211,2026-09-16T13:01:16.262942+00:00,
1c842de1-c4d8-4cca-a61c-04ffda0b39ab,monotonic_reads,network_partition,reader-1,read,mr-1c842de1-c4d8-4cca-a61c-04ffda0b39ab,,203,ONE,ALL,cassandra-3,True,True,1.637,2026-09-16T13:01:16.274803+00:00,
1c842de1-c4d8-4cca-a61c-04ffda0b39ab,monotonic_reads,network_partition,reader-1,read,mr-1c842de1-c4d8-4cca-a61c-04ffda0b39ab,,204,ONE,ALL,cassandra-1,True,False,1.412,2026-09-16T13:01:16.286881+00:00,
1c842de1-c4d8-4cca-a61c-04ffda0b39ab,monotonic_reads,network_partition,reader-1,read,mr-1c842de1-c4d8-4cca-a61c-04ffda0b39ab,,204,ONE,ALL,cassandra-2,True,False,2.099,2026-09-16T13:01:16.299366+00:00,
1c842de1-c4d8-4cca-a61c-04ffda0b39ab,monotonic_reads,network_partition,reader-1,read,mr-1c842de1-c4d8-4cca-a61c-04ffda0b39ab,,203,ONE,ALL,cassandra-3,True,True,1.732,2026-09-16T13:01:16.314207+00:00,
1c842de1-c4d8-4cca-a61c-04ffda0b39ab,monotonic_reads,network_partition,reader-1,read,mr-1c842de1-c4d8-4cca-a61c-04ffda0b39ab,,204,ONE,ALL,cassandra-1,True,False,1.617,2026-09-16T13:01:16.326866+00:00,
1c842de1-c4d8-4cca-a61c-04ffda0b39ab,monotonic_reads,network_partition,reader-1,read,mr-1c842de1-c4d8-4cca-a61c-04ffda0b39ab,,204,ONE,ALL,cassandra-2,True,False,1.938,2026-09-16T13:01:16.341090+00:00,
1c842de1-c4d8-4cca-a61c-04ffda0b39ab,monotonic_reads,network_partition,reader-1,read,mr-1c842de1-c4d8-4cca-a61c-04ffda0b39ab,,203,ONE,ALL,cassandra-3,True,True,11.081,2026-09-16T13:01:16.364319+00:00,
1c842de1-c4d8-4cca-a61c-04ffda0b39ab,monotonic_reads,network_partition,reader-1,read,mr-1c842de1-c4d8-4cca-a61c-04ffda0b39ab,,204,ONE,ALL,cassandra-1,True,False,2.819,2026-09-16T13:01:16.379527+00:00,
1c842de1-c4d8-4cca-a61c-04ffda0b39ab,monotonic_reads,network_partition,reader-1,read,mr-1c842de1-c4d8-4cca-a61c-04ffda0b39ab,,204,ONE,ALL,cassandra-2,True,False,2.942,2026-09-16T13:01:16.392912+00:00,
1c842de1-c4d8-4cca-a61c-04ffda0b39ab,monotonic_reads,network_partition,reader-1,read,mr-1c842de1-c4d8-4cca-a61c-04ffda0b39ab,,203,ONE,ALL,cassandra-3,True,True,3.417,2026-09-16T13:01:16.409013+00:00,
1c842de1-c4d8-4cca-a61c-04ffda0b39ab,monotonic_reads,network_partition,reader-1,read,mr-1c842de1-c4d8-4cca-a61c-04ffda0b39ab,,204,ONE,ALL,cassandra-1,True,False,3.43,2026-09-16T13:01:16.424283+00:00,
1c842de1-c4d8-4cca-a61c-04ffda0b39ab,monotonic_reads,network_partition,reader-1,read,mr-1c842de1-c4d8-4cca-a61c-04ffda0b39ab,,204,ONE,ALL,cassandra-2,True,False,4.449,2026-09-16T13:01:16.441291+00:00,
1c842de1-c4d8-4cca-a61c-04ffda0b39ab,monotonic_reads,network_partition,reader-1,read,mr-1c842de1-c4d8-4cca-a61c-04ffda0b39ab,,203,ONE,ALL,cassandra-3,True,True,3.994,2026-09-16T13:01:16.457870+00:00,
1c842de1-c4d8-4cca-a61c-04ffda0b39ab,monotonic_reads,network_partition,reader-1,read,mr-1c842de1-c4d8-4cca-a61c-04ffda0b39ab,,204,ONE,ALL,cassandra-1,True,False,3.59,2026-09-16T13:01:16.473626+00:00,
1c842de1-c4d8-4cca-a61c-04ffda0b39ab,monotonic_reads,network_partition,reader-1,read,mr-1c842de1-c4d8-4cca-a61c-04ffda0b39ab,,204,ONE,ALL,cassandra-2,True,False,3.606,2026-09-16T13:01:16.488259+00:00,
1c842de1-c4d8-4cca-a61c-04ffda0b39ab,monotonic_reads,network_partition,reader-1,read,mr-1c842de1-c4d8-4cca-a61c-04ffda0b39ab,,203,ONE,ALL,cassandra-3,True,True,3.478,2026-09-16T13:01:16.502364+00:00,
1c842de1-c4d8-4cca-a61c-04ffda0b39ab,monotonic_reads,network_partition,reader-1,read,mr-1c842de1-c4d8-4cca-a61c-04ffda0b39ab,,204,ONE,ALL,cassandra-1,True,False,3.151,2026-09-16T13:01:16.518168+00:00,
1c842de1-c4d8-4cca-a61c-04ffda0b39ab,monotonic_reads,network_partition,reader-1,read,mr-1c842de1-c4d8-4cca-a61c-04ffda0b39ab,,204,ONE,ALL,cassandra-2,True,False,4.204,2026-09-16T13:01:16.535061+00:00,
1c842de1-c4d8-4cca-a61c-04ffda0b39ab,monotonic_reads,network_partition,reader-1,read,mr-1c842de1-c4d8-4cca-a61c-04ffda0b39ab,,203,ONE,ALL,cassandra-3,True,True,3.326,2026-09-16T13:01:16.549544+00:00,
1c842de1-c4d8-4cca-a61c-04ffda0b39ab,monotonic_reads,network_partition,reader-1,read,mr-1c842de1-c4d8-4cca-a61c-04ffda0b39ab,,204,ONE,ALL,cassandra-1,True,False,2.925,2026-09-16T13:01:16.563765+00:00,
1c842de1-c4d8-4cca-a61c-04ffda0b39ab,monotonic_reads,network_partition,reader-1,read,mr-1c842de1-c4d8-4cca-a61c-04ffda0b39ab,,204,ONE,ALL,cassandra-2,True,False,2.95,2026-09-16T13:01:16.579203+00:00,
1c842de1-c4d8-4cca-a61c-04ffda0b39ab,monotonic_reads,network_partition,reader-1,read,mr-1c842de1-c4d8-4cca-a61c-04ffda0b39ab,,203,ONE,ALL,cassandra-3,True,True,3.164,2026-09-16T13:01:16.593998+00:00,
1c842de1-c4d8-4cca-a61c-04ffda0b39ab,monotonic_reads,network_partition,reader-1,read,mr-1c842de1-c4d8-4cca-a61c-04ffda0b39ab,,204,ONE,ALL,cassandra-1,True,False,9.094,2026-09-16T13:01:16.615752+00:00,
1c842de1-c4d8-4cca-a61c-04ffda0b39ab,monotonic_reads,network_partition,reader-1,read,mr-1c842de1-c4d8-4cca-a61c-04ffda0b39ab,,204,ONE,ALL,cassandra-2,True,False,3.752,2026-09-16T13:01:16.632042+00:00,
1c842de1-c4d8-4cca-a61c-04ffda0b39ab,monotonic_reads,network_partition,reader-1,read,mr-1c842de1-c4d8-4cca-a61c-04ffda0b39ab,,203,ONE,ALL,cassandra-3,True,True,4.364,2026-09-16T13:01:16.648780+00:00,
1c842de1-c4d8-4cca-a61c-04ffda0b39ab,monotonic_reads,network_partition,reader-1,read,mr-1c842de1-c4d8-4cca-a61c-04ffda0b39ab,,204,ONE,ALL,cassandra-1,True,False,3.155,2026-09-16T13:01:16.662504+00:00,
1c842de1-c4d8-4cca-a61c-04ffda0b39ab,monotonic_reads,network_partition,reader-1,read,mr-1c842de1-c4d8-4cca-a61c-04ffda0b39ab,,204,ONE,ALL,cassandra-2,True,False,3.065,2026-09-16T13:01:16.675839+00:00,
1c842de1-c4d8-4cca-a61c-04ffda0b39ab,monotonic_reads,network_partition,reader-1,read,mr-1c842de1-c4d8-4cca-a61c-04ffda0b39ab,,203,ONE,ALL,cassandra-3,True,True,3.565,2026-09-16T13:01:16.692108+00:00,
1c842de1-c4d8-4cca-a61c-04ffda0b39ab,monotonic_reads,network_partition,reader-1,read,mr-1c842de1-c4d8-4cca-a61c-04ffda0b39ab,,204,ONE,ALL,cassandra-1,True,False,4.091,2026-09-16T13:01:16.708933+00:00,
1c842de1-c4d8-4cca-a61c-04ffda0b39ab,monotonic_reads,network_partition,reader-1,read,mr-1c842de1-c4d8-4cca-a61c-04ffda0b39ab,,204,ONE,ALL,cassandra-2,True,False,3.082,2026-09-16T13:01:16.723072+00:00,
1c842de1-c4d8-4cca-a61c-04ffda0b39ab,monotonic_reads,network_partition,reader-1,read,mr-1c842de1-c4d8-4cca-a61c-04ffda0b39ab,,203,ONE,ALL,cassandra-3,True,True,2.808,2026-09-16T13:01:16.738026+00:00,
1c842de1-c4d8-4cca-a61c-04ffda0b39ab,monotonic_reads,network_partition,reader-1,read,mr-1c842de1-c4d8-4cca-a61c-04ffda0b39ab,,204,ONE,ALL,cassandra-1,True,False,3.498,2026-09-16T13:01:16.752339+00:00,
1c842de1-c4d8-4cca-a61c-04ffda0b39ab,monotonic_reads,network_partition,reader-1,read,mr-1c842de1-c4d8-4cca-a61c-04ffda0b39ab,,204,ONE,ALL,cassandra-2,True,False,2.987,2026-09-16T13:01:16.765812+00:00,
1c842de1-c4d8-4cca-a61c-04ffda0b39ab,monotonic_reads,network_partition,reader-1,read,mr-1c842de1-c4d8-4cca-a61c-04ffda0b39ab,,203,ONE,ALL,cassandra-3,True,True,5.006,2026-09-16T13:01:16.783375+00:00,
1c842de1-c4d8-4cca-a61c-04ffda0b39ab,monotonic_reads,network_partition,reader-1,read,mr-1c842de1-c4d8-4cca-a61c-04ffda0b39ab,,204,ONE,ALL,cassandra-1,True,False,4.002,2026-09-16T13:01:16.797677+00:00,
1c842de1-c4d8-4cca-a61c-04ffda0b39ab,monotonic_reads,network_partition,reader-1,read,mr-1c842de1-c4d8-4cca-a61c-04ffda0b39ab,,204,ONE,ALL,cassandra-2,True,False,3.057,2026-09-16T13:01:16.813450+00:00,
1c842de1-c4d8-4cca-a61c-04ffda0b39ab,monotonic_reads,network_partition,reader-1,read,mr-1c842de1-c4d8-4cca-a61c-04ffda0b39ab,,203,ONE,ALL,cassandra-3,True,True,4.253,2026-09-16T13:01:16.830403+00:00,
1c842de1-c4d8-4cca-a61c-04ffda0b39ab,monotonic_reads,network_partition,reader-1,read,mr-1c842de1-c4d8-4cca-a61c-04ffda0b39ab,,204,ONE,ALL,cassandra-1,True,False,3.504,2026-09-16T13:01:16.845340+00:00,
1c842de1-c4d8-4cca-a61c-04ffda0b39ab,monotonic_reads,network_partition,reader-1,read,mr-1c842de1-c4d8-4cca-a61c-04ffda0b39ab,,204,ONE,ALL,cassandra-2,True,False,4.041,2026-09-16T13:01:16.860908+00:00,
1c842de1-c4d8-4cca-a61c-04ffda0b39ab,monotonic_reads,network_partition,reader-1,read,mr-1c842de1-c4d8-4cca-a61c-04ffda0b39ab,,203,ONE,ALL,cassandra-3,True,True,3.818,2026-09-16T13:01:16.875295+00:00,
1c842de1-c4d8-4cca-a61c-04ffda0b39ab,monotonic_reads,network_partition,reader-1,read,mr-1c842de1-c4d8-4cca-a61c-04ffda0b39ab,,204,ONE,ALL,cassandra-1,True,False,3.928,2026-09-16T13:01:16.890685+00:00,
1c842de1-c4d8-4cca-a61c-04ffda0b39ab,monotonic_reads,network_partition,reader-1,read,mr-1c842de1-c4d8-4cca-a61c-04ffda0b39ab,,204,ONE,ALL,cassandra-2,True,False,3.528,2026-09-16T13:01:16.906370+00:00,
1c842de1-c4d8-4cca-a61c-04ffda0b39ab,monotonic_reads,network_partition,reader-1,read,mr-1c842de1-c4d8-4cca-a61c-04ffda0b39ab,,203,ONE,ALL,cassandra-3,True,True,3.688,2026-09-16T13:01:16.921630+00:00,
1c842de1-c4d8-4cca-a61c-04ffda0b39ab,monotonic_reads,network_partition,reader-1,read,mr-1c842de1-c4d8-4cca-a61c-04ffda0b39ab,,204,ONE,ALL,cassandra-1,True,False,3.942,2026-09-16T13:01:16.937254+00:00,
1c842de1-c4d8-4cca-a61c-04ffda0b39ab,monotonic_reads,network_partition,reader-1,read,mr-1c842de1-c4d8-4cca-a61c-04ffda0b39ab,,204,ONE,ALL,cassandra-2,True,False,3.406,2026-09-16T13:01:16.953404+00:00,
1c842de1-c4d8-4cca-a61c-04ffda0b39ab,monotonic_reads,network_partition,reader-1,read,mr-1c842de1-c4d8-4cca-a61c-04ffda0b39ab,,203,ONE,ALL,cassandra-3,True,True,2.684,2026-09-16T13:01:16.966501+00:00,
1c842de1-c4d8-4cca-a61c-04ffda0b39ab,monotonic_reads,network_partition,reader-1,read,mr-1c842de1-c4d8-4cca-a61c-04ffda0b39ab,,204,ONE,ALL,cassandra-1,True,False,4.191,2026-09-16T13:01:16.982967+00:00,
1c842de1-c4d8-4cca-a61c-04ffda0b39ab,monotonic_reads,network_partition,reader-1,read,mr-1c842de1-c4d8-4cca-a61c-04ffda0b39ab,,204,ONE,ALL,cassandra-2,True,False,3.454,2026-09-16T13:01:16.996824+00:00,
1c842de1-c4d8-4cca-a61c-04ffda0b39ab,monotonic_reads,network_partition,reader-1,read,mr-1c842de1-c4d8-4cca-a61c-04ffda0b39ab,,203,ONE,ALL,cassandra-3,True,True,3.838,2026-09-16T13:01:17.012593+00:00,
1c842de1-c4d8-4cca-a61c-04ffda0b39ab,monotonic_reads,network_partition,reader-1,read,mr-1c842de1-c4d8-4cca-a61c-04ffda0b39ab,,204,ONE,ALL,cassandra-1,True,False,3.638,2026-09-16T13:01:17.027575+00:00,
1c842de1-c4d8-4cca-a61c-04ffda0b39ab,monotonic_reads,network_partition,reader-1,read,mr-1c842de1-c4d8-4cca-a61c-04ffda0b39ab,,204,ONE,ALL,cassandra-2,True,False,3.944,2026-09-16T13:01:17.043695+00:00,
1c842de1-c4d8-4cca-a61c-04ffda0b39ab,monotonic_reads,network_partition,reader-1,read,mr-1c842de1-c4d8-4cca-a61c-04ffda0b39ab,,203,ONE,ALL,cassandra-3,True,True,3.54,2026-09-16T13:01:17.059439+00:00,
1c842de1-c4d8-4cca-a61c-04ffda0b39ab,monotonic_reads,network_partition,reader-1,read,mr-1c842de1-c4d8-4cca-a61c-04ffda0b39ab,,204,ONE,ALL,cassandra-1,True,False,2.668,2026-09-16T13:01:17.074342+00:00,
1c842de1-c4d8-4cca-a61c-04ffda0b39ab,monotonic_reads,network_partition,reader-1,read,mr-1c842de1-c4d8-4cca-a61c-04ffda0b39ab,,204,ONE,ALL,cassandra-2,True,False,3.163,2026-09-16T13:01:17.087994+00:00,
1c842de1-c4d8-4cca-a61c-04ffda0b39ab,monotonic_reads,network_partition,reader-1,read,mr-1c842de1-c4d8-4cca-a61c-04ffda0b39ab,,203,ONE,ALL,cassandra-3,True,True,3.436,2026-09-16T13:01:17.103304+00:00,
1c842de1-c4d8-4cca-a61c-04ffda0b39ab,monotonic_reads,network_partition,reader-1,read,mr-1c842de1-c4d8-4cca-a61c-04ffda0b39ab,,204,ONE,ALL,cassandra-1,True,False,3.993,2026-09-16T13:01:17.118289+00:00,
1c842de1-c4d8-4cca-a61c-04ffda0b39ab,monotonic_reads,network_partition,reader-1,read,mr-1c842de1-c4d8-4cca-a61c-04ffda0b39ab,,204,ONE,ALL,cassandra-2,True,False,3.896,2026-09-16T13:01:17.133719+00:00,
1c842de1-c4d8-4cca-a61c-04ffda0b39ab,monotonic_reads,network_partition,reader-1,read,mr-1c842de1-c4d8-4cca-a61c-04ffda0b39ab,,203,ONE,ALL,cassandra-3,True,True,3.486,2026-09-16T13:01:17.148250+00:00,
1c842de1-c4d8-4cca-a61c-04ffda0b39ab,monotonic_reads,network_partition,reader-1,read,mr-1c842de1-c4d8-4cca-a61c-04ffda0b39ab,,204,ONE,ALL,cassandra-1,True,False,3.457,2026-09-16T13:01:17.163274+00:00,
1c842de1-c4d8-4cca-a61c-04ffda0b39ab,monotonic_reads,network_partition,reader-1,read,mr-1c842de1-c4d8-4cca-a61c-04ffda0b39ab,,204,ONE,ALL,cassandra-2,True,False,3.493,2026-09-16T13:01:17.177832+00:00,
1c842de1-c4d8-4cca-a61c-04ffda0b39ab,monotonic_reads,network_partition,reader-1,read,mr-1c842de1-c4d8-4cca-a61c-04ffda0b39ab,,203,ONE,ALL,cassandra-3,True,True,4.163,2026-09-16T13:01:17.193875+00:00,
1c842de1-c4d8-4cca-a61c-04ffda0b39ab,monotonic_reads,network_partition,reader-1,read,mr-1c842de1-c4d8-4cca-a61c-04ffda0b39ab,,204,ONE,ALL,cassandra-1,True,False,3.675,2026-09-16T13:01:17.209509+00:00,
1c842de1-c4d8-4cca-a61c-04ffda0b39ab,monotonic_reads,network_partition,reader-1,read,mr-1c842de1-c4d8-4cca-a61c-04ffda0b39ab,,204,ONE,ALL,cassandra-2,True,False,3.306,2026-09-16T13:01:17.223378+00:00,
1c842de1-c4d8-4cca-a61c-04ffda0b39ab,monotonic_reads,network_partition,reader-1,read,mr-1c842de1-c4d8-4cca-a61c-04ffda0b39ab,,203,ONE,ALL,cassandra-3,True,True,2.986,2026-09-16T13:01:17.239070+00:00,
1c842de1-c4d8-4cca-a61c-04ffda0b39ab,monotonic_reads,network_partition,reader-1,read,mr-1c842de1-c4d8-4cca-a61c-04ffda0b39ab,,204,ONE,ALL,cassandra-1,True,False,3.311,2026-09-16T13:01:17.253190+00:00,
1c842de1-c4d8-4cca-a61c-04ffda0b39ab,monotonic_reads,network_partition,reader-1,read,mr-1c842de1-c4d8-4cca-a61c-04ffda0b39ab,,204,ONE,ALL,cassandra-2,True,False,2.729,2026-09-16T13:01:17.267552+00:00,
1c842de1-c4d8-4cca-a61c-04ffda0b39ab,monotonic_reads,network_partition,reader-1,read,mr-1c842de1-c4d8-4cca-a61c-04ffda0b39ab,,203,ONE,ALL,cassandra-3,True,True,3.77,2026-09-16T13:01:17.283975+00:00,
1c842de1-c4d8-4cca-a61c-04ffda0b39ab,monotonic_reads,network_partition,reader-1,read,mr-1c842de1-c4d8-4cca-a61c-04ffda0b39ab,,204,ONE,ALL,cassandra-1,True,False,3.375,2026-09-16T13:01:17.298212+00:00,
1c842de1-c4d8-4cca-a61c-04ffda0b39ab,monotonic_reads,network_partition,reader-1,read,mr-1c842de1-c4d8-4cca-a61c-04ffda0b39ab,,204,ONE,ALL,cassandra-2,True,False,4.172,2026-09-16T13:01:17.312990+00:00,
1c842de1-c4d8-4cca-a61c-04ffda0b39ab,monotonic_reads,network_partition,reader-1,read,mr-1c842de1-c4d8-4cca-a61c-04ffda0b39ab,,203,ONE,ALL,cassandra-3,True,True,3.623,2026-09-16T13:01:17.328777+00:00,
1c842de1-c4d8-4cca-a61c-04ffda0b39ab,monotonic_reads,network_partition,reader-1,read,mr-1c842de1-c4d8-4cca-a61c-04ffda0b39ab,,204,ONE,ALL,cassandra-1,True,False,3.635,2026-09-16T13:01:17.343860+00:00,
1c842de1-c4d8-4cca-a61c-04ffda0b39ab,monotonic_reads,network_partition,reader-1,read,mr-1c842de1-c4d8-4cca-a61c-04ffda0b39ab,,204,ONE,ALL,cassandra-2,True,False,4.487,2026-09-16T13:01:17.359210+00:00,
1c842de1-c4d8-4cca-a61c-04ffda0b39ab,monotonic_reads,network_partition,reader-1,read,mr-1c842de1-c4d8-4cca-a61c-04ffda0b39ab,,203,ONE,ALL,cassandra-3,True,True,5.396,2026-09-16T13:01:17.376882+00:00,
1c842de1-c4d8-4cca-a61c-04ffda0b39ab,monotonic_reads,network_partition,reader-1,read,mr-1c842de1-c4d8-4cca-a61c-04ffda0b39ab,,204,ONE,ALL,cassandra-1,True,False,4.312,2026-09-16T13:01:17.393739+00:00,
1c842de1-c4d8-4cca-a61c-04ffda0b39ab,monotonic_reads,network_partition,reader-1,read,mr-1c842de1-c4d8-4cca-a61c-04ffda0b39ab,,204,ONE,ALL,cassandra-2,True,False,3.827,2026-09-16T13:01:17.408680+00:00,
1c842de1-c4d8-4cca-a61c-04ffda0b39ab,monotonic_reads,network_partition,reader-1,read,mr-1c842de1-c4d8-4cca-a61c-04ffda0b39ab,,203,ONE,ALL,cassandra-3,True,True,3.638,2026-09-16T13:01:17.423228+00:00,
1c842de1-c4d8-4cca-a61c-04ffda0b39ab,monotonic_reads,network_partition,reader-1,read,mr-1c842de1-c4d8-4cca-a61c-04ffda0b39ab,,204,ONE,ALL,cassandra-1,True,False,2.722,2026-09-16T13:01:17.437301+00:00,
1c842de1-c4d8-4cca-a61c-04ffda0b39ab,monotonic_reads,network_partition,reader-1,read,mr-1c842de1-c4d8-4cca-a61c-04ffda0b39ab,,204,ONE,ALL,cassandra-2,True,False,4.178,2026-09-16T13:01:17.452040+00:00,
1c842de1-c4d8-4cca-a61c-04ffda0b39ab,monotonic_reads,network_partition,reader-1,read,mr-1c842de1-c4d8-4cca-a61c-04ffda0b39ab,,203,ONE,ALL,cassandra-3,True,True,2.893,2026-09-16T13:01:17.466733+00:00,
1c842de1-c4d8-4cca-a61c-04ffda0b39ab,monotonic_reads,network_partition,reader-1,read,mr-1c842de1-c4d8-4cca-a61c-04ffda0b39ab,,204,ONE,ALL,cassandra-1,True,False,2.806,2026-09-16T13:01:17.482227+00:00,
1c842de1-c4d8-4cca-a61c-04ffda0b39ab,monotonic_reads,network_partition,reader-1,read,mr-1c842de1-c4d8-4cca-a61c-04ffda0b39ab,,204,ONE,ALL,cassandra-2,True,False,3.882,2026-09-16T13:01:17.498217+00:00,
1c842de1-c4d8-4cca-a61c-04ffda0b39ab,monotonic_reads,network_partition,reader-1,read,mr-1c842de1-c4d8-4cca-a61c-04ffda0b39ab,,203,ONE,ALL,cassandra-3,True,True,2.943,2026-09-16T13:01:17.513758+00:00,
1c842de1-c4d8-4cca-a61c-04ffda0b39ab,monotonic_reads,network_partition,reader-1,read,mr-1c842de1-c4d8-4cca-a61c-04ffda0b39ab,,204,ONE,ALL,cassandra-1,True,False,3.756,2026-09-16T13:01:17.528262+00:00,
1c842de1-c4d8-4cca-a61c-04ffda0b39ab,monotonic_reads,network_partition,reader-1,read,mr-1c842de1-c4d8-4cca-a61c-04ffda0b39ab,,204,ONE,ALL,cassandra-2,True,False,3.599,2026-09-16T13:01:17.542404+00:00,
1c842de1-c4d8-4cca-a61c-04ffda0b39ab,monotonic_reads,network_partition,reader-1,read,mr-1c842de1-c4d8-4cca-a61c-04ffda0b39ab,,203,ONE,ALL,cassandra-3,True,True,3.376,2026-09-16T13:01:17.557248+00:00,
1c842de1-c4d8-4cca-a61c-04ffda0b39ab,monotonic_reads,network_partition,reader-1,read,mr-1c842de1-c4d8-4cca-a61c-04ffda0b39ab,,204,ONE,ALL,cassandra-1,True,False,2.863,2026-09-16T13:01:17.571943+00:00,
1c842de1-c4d8-4cca-a61c-04ffda0b39ab,monotonic_reads,network_partition,reader-1,read,mr-1c842de1-c4d8-4cca-a61c-04ffda0b39ab,,204,ONE,ALL,cassandra-2,True,False,3.601,2026-09-16T13:01:17.586428+00:00,
1c842de1-c4d8-4cca-a61c-04ffda0b39ab,monotonic_reads,network_partition,reader-1,read,mr-1c842de1-c4d8-4cca-a61c-04ffda0b39ab,,203,ONE,ALL,cassandra-3,True,True,3.091,2026-09-16T13:01:17.602113+00:00,
1c842de1-c4d8-4cca-a61c-04ffda0b39ab,monotonic_reads,network_partition,reader-1,read,mr-1c842de1-c4d8-4cca-a61c-04ffda0b39ab,,204,ONE,ALL,cassandra-1,True,False,3.659,2026-09-16T13:01:17.617398+00:00,
1c842de1-c4d8-4cca-a61c-04ffda0b39ab,monotonic_reads,network_partition,reader-1,read,mr-1c842de1-c4d8-4cca-a61c-04ffda0b39ab,,204,ONE,ALL,cassandra-2,True,False,4.149,2026-09-16T13:01:17.634273+00:00,
1c842de1-c4d8-4cca-a61c-04ffda0b39ab,monotonic_reads,network_partition,reader-1,read,mr-1c842de1-c4d8-4cca-a61c-04ffda0b39ab,,203,ONE,ALL,cassandra-3,True,True,4.073,2026-09-16T13:01:17.648852+00:00,
1c842de1-c4d8-4cca-a61c-04ffda0b39ab,monotonic_reads,network_partition,reader-1,read,mr-1c842de1-c4d8-4cca-a61c-04ffda0b39ab,,204,ONE,ALL,cassandra-1,True,False,3.433,2026-09-16T13:01:17.663263+00:00,
1c842de1-c4d8-4cca-a61c-04ffda0b39ab,monotonic_reads,network_partition,reader-1,read,mr-1c842de1-c4d8-4cca-a61c-04ffda0b39ab,,204,ONE,ALL,cassandra-2,True,False,3.104,2026-09-16T13:01:17.677971+00:00,
1c842de1-c4d8-4cca-a61c-04ffda0b39ab,monotonic_reads,network_partition,reader-1,read,mr-1c842de1-c4d8-4cca-a61c-04ffda0b39ab,,203,ONE,ALL,cassandra-3,True,True,3.701,2026-09-16T13:01:17.693638+00:00,
1c842de1-c4d8-4cca-a61c-04ffda0b39ab,monotonic_reads,network_partition,reader-1,read,mr-1c842de1-c4d8-4cca-a61c-04ffda0b39ab,,204,ONE,ALL,cassandra-1,True,False,3.194,2026-09-16T13:01:17.708024+00:00,
1c842de1-c4d8-4cca-a61c-04ffda0b39ab,monotonic_reads,network_partition,reader-1,read,mr-1c842de1-c4d8-4cca-a61c-04ffda0b39ab,,204,ONE,ALL,cassandra-2,True,False,3.841,2026-09-16T13:01:17.722846+00:00,
1c842de1-c4d8-4cca-a61c-04ffda0b39ab,monotonic_reads,network_partition,reader-1,read,mr-1c842de1-c4d8-4cca-a61c-04ffda0b39ab,,203,ONE,ALL,cassandra-3,True,True,3.435,2026-09-16T13:01:17.737056+00:00,
1c842de1-c4d8-4cca-a61c-04ffda0b39ab,monotonic_reads,network_partition,reader-1,read,mr-1c842de1-c4d8-4cca-a61c-04ffda0b39ab,,204,ONE,ALL,cassandra-1,True,False,2.836,2026-09-16T13:01:17.750651+00:00,
1c842de1-c4d8-4cca-a61c-04ffda0b39ab,monotonic_reads,network_partition,reader-1,read,mr-1c842de1-c4d8-4cca-a61c-04ffda0b39ab,,204,ONE,ALL,cassandra-2,True,False,3.789,2026-09-16T13:01:17.767078+00:00,
1c842de1-c4d8-4cca-a61c-04ffda0b39ab,monotonic_reads,network_partition,reader-1,read,mr-1c842de1-c4d8-4cca-a61c-04ffda0b39ab,,203,ONE,ALL,cassandra-3,True,True,4.529,2026-09-16T13:01:17.784226+00:00,
1c842de1-c4d8-4cca-a61c-04ffda0b39ab,monotonic_reads,network_partition,reader-1,read,mr-1c842de1-c4d8-4cca-a61c-04ffda0b39ab,,204,ONE,ALL,cassandra-1,True,False,2.7,2026-09-16T13:01:17.799484+00:00,
1c842de1-c4d8-4cca-a61c-04ffda0b39ab,monotonic_reads,network_partition,reader-1,read,mr-1c842de1-c4d8-4cca-a61c-04ffda0b39ab,,204,ONE,ALL,cassandra-2,True,False,2.511,2026-09-16T13:01:17.814561+00:00,
1c842de1-c4d8-4cca-a61c-04ffda0b39ab,monotonic_reads,network_partition,reader-1,read,mr-1c842de1-c4d8-4cca-a61c-04ffda0b39ab,,203,ONE,ALL,cassandra-3,True,True,2.939,2026-09-16T13:01:17.830066+00:00,
1c842de1-c4d8-4cca-a61c-04ffda0b39ab,monotonic_reads,network_partition,reader-1,read,mr-1c842de1-c4d8-4cca-a61c-04ffda0b39ab,,204,ONE,ALL,cassandra-1,True,False,2.382,2026-09-16T13:01:17.845011+00:00,
1c842de1-c4d8-4cca-a61c-04ffda0b39ab,monotonic_reads,network_partition,reader-1,read,mr-1c842de1-c4d8-4cca-a61c-04ffda0b39ab,,204,ONE,ALL,cassandra-2,True,False,2.407,2026-09-16T13:01:17.859969+00:00,
1c842de1-c4d8-4cca-a61c-04ffda0b39ab,monotonic_reads,network_partition,reader-1,read,mr-1c842de1-c4d8-4cca-a61c-04ffda0b39ab,,203,ONE,ALL,cassandra-3,True,True,2.581,2026-09-16T13:01:17.875099+00:00,
1c842de1-c4d8-4cca-a61c-04ffda0b39ab,monotonic_reads,network_partition,reader-1,read,mr-1c842de1-c4d8-4cca-a61c-04ffda0b39ab,,204,ONE,ALL,cassandra-1,True,False,2.33,2026-09-16T13:01:17.889979+00:00,
1c842de1-c4d8-4cca-a61c-04ffda0b39ab,monotonic_reads,network_partition,reader-1,read,mr-1c842de1-c4d8-4cca-a61c-04ffda0b39ab,,204,ONE,ALL,cassandra-2,True,False,3.122,2026-09-16T13:01:17.905685+00:00,
1c842de1-c4d8-4cca-a61c-04ffda0b39ab,monotonic_reads,network_partition,reader-1,read,mr-1c842de1-c4d8-4cca-a61c-04ffda0b39ab,,203,ONE,ALL,cassandra-3,True,True,3.698,2026-09-16T13:01:17.922083+00:00,
1c842de1-c4d8-4cca-a61c-04ffda0b39ab,monotonic_reads,network_partition,reader-1,read,mr-1c842de1-c4d8-4cca-a61c-04ffda0b39ab,,204,ONE,ALL,cassandra-1,True,False,4.172,2026-09-16T13:01:17.938775+00:00,
1c842de1-c4d8-4cca-a61c-04ffda0b39ab,monotonic_reads,network_partition,reader-1,read,mr-1c842de1-c4d8-4cca-a61c-04ffda0b39ab,,204,ONE,ALL,cassandra-2,True,False,3.969,2026-09-16T13:01:17.955646+00:00,
1c842de1-c4d8-4cca-a61c-04ffda0b39ab,monotonic_reads,network_partition,reader-1,read,mr-1c842de1-c4d8-4cca-a61c-04ffda0b39ab,,203,ONE,ALL,cassandra-3,True,True,4.288,2026-09-16T13:01:17.971131+00:00,
1c842de1-c4d8-4cca-a61c-04ffda0b39ab,monotonic_reads,network_partition,reader-1,read,mr-1c842de1-c4d8-4cca-a61c-04ffda0b39ab,,204,ONE,ALL,cassandra-1,True,False,4.349,2026-09-16T13:01:17.987546+00:00,
1c842de1-c4d8-4cca-a61c-04ffda0b39ab,monotonic_reads,network_partition,reader-1,read,mr-1c842de1-c4d8-4cca-a61c-04ffda0b39ab,,204,ONE,ALL,cassandra-2,True,False,3.901,2026-09-16T13:01:18.001746+00:00,
1c842de1-c4d8-4cca-a61c-04ffda0b39ab,monotonic_reads,network_partition,reader-1,read,mr-1c842de1-c4d8-4cca-a61c-04ffda0b39ab,,203,ONE,ALL,cassandra-3,True,True,4.483,2026-09-16T13:01:18.017774+00:00,
1c842de1-c4d8-4cca-a61c-04ffda0b39ab,monotonic_reads,network_partition,reader-1,read,mr-1c842de1-c4d8-4cca-a61c-04ffda0b39ab,,204,ONE,ALL,cassandra-1,True,False,3.284,2026-09-16T13:01:18.032149+00:00,
1c842de1-c4d8-4cca-a61c-04ffda0b39ab,monotonic_reads,network_partition,reader-1,read,mr-1c842de1-c4d8-4cca-a61c-04ffda0b39ab,,204,ONE,ALL,cassandra-2,True,False,4.078,2026-09-16T13:01:18.048404+00:00,
1c842de1-c4d8-4cca-a61c-04ffda0b39ab,monotonic_reads,network_partition,reader-1,read,mr-1c842de1-c4d8-4cca-a61c-04ffda0b39ab,,203,ONE,ALL,cassandra-3,True,True,4.815,2026-09-16T13:01:18.063637+00:00,
1c842de1-c4d8-4cca-a61c-04ffda0b39ab,monotonic_reads,network_partition,reader-1,read,mr-1c842de1-c4d8-4cca-a61c-04ffda0b39ab,,204,ONE,ALL,cassandra-1,True,False,3.511,2026-09-16T13:01:18.079265+00:00,
1c842de1-c4d8-4cca-a61c-04ffda0b39ab,monotonic_reads,network_partition,reader-1,read,mr-1c842de1-c4d8-4cca-a61c-04ffda0b39ab,,204,ONE,ALL,cassandra-2,True,False,3.468,2026-09-16T13:01:18.095414+00:00,
1c842de1-c4d8-4cca-a61c-04ffda0b39ab,monotonic_reads,network_partition,reader-1,read,mr-1c842de1-c4d8-4cca-a61c-04ffda0b39ab,,203,ONE,ALL,cassandra-3,True,True,4.5,2026-09-16T13:01:18.110745+00:00,
1c842de1-c4d8-4cca-a61c-04ffda0b39ab,monotonic_reads,network_partition,reader-1,read,mr-1c842de1-c4d8-4cca-a61c-04ffda0b39ab,,204,ONE,ALL,cassandra-1,True,False,3.828,2026-09-16T13:01:18.126680+00:00,
1c842de1-c4d8-4cca-a61c-04ffda0b39ab,monotonic_reads,network_partition,reader-1,read,mr-1c842de1-c4d8-4cca-a61c-04ffda0b39ab,,204,ONE,ALL,cassandra-2,True,False,3.693,2026-09-16T13:01:18.140943+00:00,
1c842de1-c4d8-4cca-a61c-04ffda0b39ab,monotonic_reads,network_partition,reader-1,read,mr-1c842de1-c4d8-4cca-a61c-04ffda0b39ab,,203,ONE,ALL,cassandra-3,True,True,3.391,2026-09-16T13:01:18.155214+00:00,
1c842de1-c4d8-4cca-a61c-04ffda0b39ab,monotonic_reads,network_partition,reader-1,read,mr-1c842de1-c4d8-4cca-a61c-04ffda0b39ab,,204,ONE,ALL,cassandra-1,True,False,3.2,2026-09-16T13:01:18.170064+00:00,
1c842de1-c4d8-4cca-a61c-04ffda0b39ab,monotonic_reads,network_partition,reader-1,read,mr-1c842de1-c4d8-4cca-a61c-04ffda0b39ab,,204,ONE,ALL,cassandra-2,True,False,3.576,2026-09-16T13:01:18.184352+00:00,
1c842de1-c4d8-4cca-a61c-04ffda0b39ab,monotonic_reads,network_partition,reader-1,read,mr-1c842de1-c4d8-4cca-a61c-04ffda0b39ab,,203,ONE,ALL,cassandra-3,True,True,4.024,2026-09-16T13:01:18.200809+00:00,
1c842de1-c4d8-4cca-a61c-04ffda0b39ab,monotonic_reads,network_partition,reader-1,read,mr-1c842de1-c4d8-4cca-a61c-04ffda0b39ab,,204,ONE,ALL,cassandra-1,True,False,4.175,2026-09-16T13:01:18.215638+00:00,
1c842de1-c4d8-4cca-a61c-04ffda0b39ab,monotonic_reads,network_partition,reader-1,read,mr-1c842de1-c4d8-4cca-a61c-04ffda0b39ab,,204,ONE,ALL,cassandra-2,True,False,3.992,2026-09-16T13:01:18.230676+00:00,
1c842de1-c4d8-4cca-a61c-04ffda0b39ab,monotonic_reads,network_partition,reader-1,read,mr-1c842de1-c4d8-4cca-a61c-04ffda0b39ab,,203,ONE,ALL,cassandra-3,True,True,4.091,2026-09-16T13:01:18.245789+00:00,
1c842de1-c4d8-4cca-a61c-04ffda0b39ab,monotonic_reads,network_partition,reader-1,read,mr-1c842de1-c4d8-4cca-a61c-04ffda0b39ab,,204,ONE,ALL,cassandra-1,True,False,4.073,2026-09-16T13:01:18.260306+00:00,
1c842de1-c4d8-4cca-a61c-04ffda0b39ab,monotonic_reads,network_partition,reader-1,read,mr-1c842de1-c4d8-4cca-a61c-04ffda0b39ab,,204,ONE,ALL,cassandra-2,True,False,4.139,2026-09-16T13:01:18.276032+00:00,
1c842de1-c4d8-4cca-a61c-04ffda0b39ab,monotonic_reads,network_partition,reader-1,read,mr-1c842de1-c4d8-4cca-a61c-04ffda0b39ab,,203,ONE,ALL,cassandra-3,True,True,3.947,2026-09-16T13:01:18.291893+00:00,
1c842de1-c4d8-4cca-a61c-04ffda0b39ab,monotonic_reads,network_partition,reader-1,read,mr-1c842de1-c4d8-4cca-a61c-04ffda0b39ab,,204,ONE,ALL,cassandra-1,True,False,4.499,2026-09-16T13:01:18.309074+00:00,
1c842de1-c4d8-4cca-a61c-04ffda0b39ab,monotonic_reads,network_partition,reader-1,read,mr-1c842de1-c4d8-4cca-a61c-04ffda0b39ab,,204,ONE,ALL,cassandra-2,True,False,2.552,2026-09-16T13:01:18.323371+00:00,
1c842de1-c4d8-4cca-a61c-04ffda0b39ab,monotonic_reads,network_partition,reader-1,read,mr-1c842de1-c4d8-4cca-a61c-04ffda0b39ab,,203,ONE,ALL,cassandra-3,True,True,3.898,2026-09-16T13:01:18.338484+00:00,
1c842de1-c4d8-4cca-a61c-04ffda0b39ab,monotonic_reads,network_partition,reader-1,read,mr-1c842de1-c4d8-4cca-a61c-04ffda0b39ab,,204,ONE,ALL,cassandra-1,True,False,4.831,2026-09-16T13:01:18.354676+00:00,
1c842de1-c4d8-4cca-a61c-04ffda0b39ab,monotonic_reads,network_partition,reader-1,read,mr-1c842de1-c4d8-4cca-a61c-04ffda0b39ab,,204,ONE,ALL,cassandra-2,True,False,3.627,2026-09-16T13:01:18.370971+00:00,
1c842de1-c4d8-4cca-a61c-04ffda0b39ab,monotonic_reads,network_partition,reader-1,read,mr-1c842de1-c4d8-4cca-a61c-04ffda0b39ab,,203,ONE,ALL,cassandra-3,True,True,3.715,2026-09-16T13:01:18.386553+00:00,
1c842de1-c4d8-4cca-a61c-04ffda0b39ab,monotonic_reads,network_partition,reader-1,read,mr-1c842de1-c4d8-4cca-a61c-04ffda0b39ab,,204,ONE,ALL,cassandra-1,True,False,3.915,2026-09-16T13:01:18.403216+00:00,
1c842de1-c4d8-4cca-a61c-04ffda0b39ab,monotonic_reads,network_partition,reader-1,read,mr-1c842de1-c4d8-4cca-a61c-04ffda0b39ab,,204,ONE,ALL,cassandra-2,True,False,3.967,2026-09-16T13:01:18.418819+00:00,
1c842de1-c4d8-4cca-a61c-04ffda0b39ab,monotonic_reads,network_partition,reader-1,read,mr-1c842de1-c4d8-4cca-a61c-04ffda0b39ab,,203,ONE,ALL,cassandra-3,True,True,4.777,2026-09-16T13:01:18.434490+00:00,
1c842de1-c4d8-4cca-a61c-04ffda0b39ab,monotonic_reads,network_partition,reader-1,read,mr-1c842de1-c4d8-4cca-a61c-04ffda0b39ab,,204,ONE,ALL,cassandra-1,True,False,3.55,2026-09-16T13:01:18.454798+00:00,
1c842de1-c4d8-4cca-a61c-04ffda0b39ab,monotonic_reads,network_partition,reader-1,read,mr-1c842de1-c4d8-4cca-a61c-04ffda0b39ab,,204,ONE,ALL,cassandra-2,True,False,3.004,2026-09-16T13:01:18.470514+00:00,
1c842de1-c4d8-4cca-a61c-04ffda0b39ab,monotonic_reads,network_partition,reader-1,read,mr-1c842de1-c4d8-4cca-a61c-04ffda0b39ab,,203,ONE,ALL,cassandra-3,True,True,3.424,2026-09-16T13:01:18.485241+00:00,
1c842de1-c4d8-4cca-a61c-04ffda0b39ab,monotonic_reads,network_partition,reader-1,read,mr-1c842de1-c4d8-4cca-a61c-04ffda0b39ab,,204,ONE,ALL,cassandra-1,True,False,4.421,2026-09-16T13:01:18.502352+00:00,
1c842de1-c4d8-4cca-a61c-04ffda0b39ab,monotonic_reads,network_partition,reader-1,read,mr-1c842de1-c4d8-4cca-a61c-04ffda0b39ab,,204,ONE,ALL,cassandra-2,True,False,3.792,2026-09-16T13:01:18.516557+00:00,
1c842de1-c4d8-4cca-a61c-04ffda0b39ab,monotonic_reads,network_partition,reader-1,read,mr-1c842de1-c4d8-4cca-a61c-04ffda0b39ab,,203,ONE,ALL,cassandra-3,True,True,4.034,2026-09-16T13:01:18.531773+00:00,
1c842de1-c4d8-4cca-a61c-04ffda0b39ab,monotonic_reads,network_partition,reader-1,read,mr-1c842de1-c4d8-4cca-a61c-04ffda0b39ab,,204,ONE,ALL,cassandra-1,True,False,4.158,2026-09-16T13:01:18.547481+00:00,
1c842de1-c4d8-4cca-a61c-04ffda0b39ab,monotonic_reads,network_partition,reader-1,read,mr-1c842de1-c4d8-4cca-a61c-04ffda0b39ab,,204,ONE,ALL,cassandra-2,True,False,3.379,2026-09-16T13:01:18.563187+00:00,
1c842de1-c4d8-4cca-a61c-04ffda0b39ab,monotonic_reads,network_partition,reader-1,read,mr-1c842de1-c4d8-4cca-a61c-04ffda0b39ab,,203,ONE,ALL,cassandra-3,True,True,2.967,2026-09-16T13:01:18.576844+00:00,
1c842de1-c4d8-4cca-a61c-04ffda0b39ab,monotonic_reads,network_partition,reader-1,read,mr-1c842de1-c4d8-4cca-a61c-04ffda0b39ab,,204,ONE,ALL,cassandra-1,True,False,3.283,2026-09-16T13:01:18.592856+00:00,
1c842de1-c4d8-4cca-a61c-04ffda0b39ab,monotonic_reads,network_partition,reader-1,read,mr-1c842de1-c4d8-4cca-a61c-04ffda0b39ab,,204,ONE,ALL,cassandra-2,True,False,2.592,2026-09-16T13:01:18.606419+00:00,
1c842de1-c4d8-4cca-a61c-04ffda0b39ab,monotonic_reads,network_partition,reader-1,read,mr-1c842de1-c4d8-4cca-a61c-04ffda0b39ab,,203,ONE,ALL,cassandra-3,True,True,1.522,2026-09-16T13:01:18.619613+00:00,
1c842de1-c4d8-4cca-a61c-04ffda0b39ab,monotonic_reads,network_partition,reader-1,read,mr-1c842de1-c4d8-4cca-a61c-04ffda0b39ab,,204,ONE,ALL,cassandra-1,True,False,1.364,2026-09-16T13:01:18.632182+00:00,
1c842de1-c4d8-4cca-a61c-04ffda0b39ab,monotonic_reads,network_partition,reader-1,read,mr-1c842de1-c4d8-4cca-a61c-04ffda0b39ab,,204,ONE,ALL,cassandra-2,True,False,1.362,2026-09-16T13:01:18.645530+00:00,
1c842de1-c4d8-4cca-a61c-04ffda0b39ab,monotonic_reads,network_partition,reader-1,read,mr-1c842de1-c4d8-4cca-a61c-04ffda0b39ab,,203,ONE,ALL,cassandra-3,True,True,1.992,2026-09-16T13:01:18.659772+00:00,
1c842de1-c4d8-4cca-a61c-04ffda0b39ab,monotonic_reads,network_partition,reader-1,read,mr-1c842de1-c4d8-4cca-a61c-04ffda0b39ab,,204,ONE,ALL,cassandra-1,True,False,2.44,2026-09-16T13:01:18.672484+00:00,
1c842de1-c4d8-4cca-a61c-04ffda0b39ab,monotonic_reads,network_partition,reader-1,read,mr-1c842de1-c4d8-4cca-a61c-04ffda0b39ab,,204,ONE,ALL,cassandra-2,True,False,2.026,2026-09-16T13:01:18.686671+00:00,
1c842de1-c4d8-4cca-a61c-04ffda0b39ab,monotonic_reads,network_partition,reader-1,read,mr-1c842de1-c4d8-4cca-a61c-04ffda0b39ab,,203,ONE,ALL,cassandra-3,True,True,1.67,2026-09-16T13:01:18.698698+00:00,
1c842de1-c4d8-4cca-a61c-04ffda0b39ab,monotonic_reads,network_partition,reader-1,read,mr-1c842de1-c4d8-4cca-a61c-04ffda0b39ab,,204,ONE,ALL,cassandra-1,True,False,1.372,2026-09-16T13:01:18.711205+00:00,
1c842de1-c4d8-4cca-a61c-04ffda0b39ab,monotonic_reads,network_partition,reader-1,read,mr-1c842de1-c4d8-4cca-a61c-04ffda0b39ab,,204,ONE,ALL,cassandra-2,True,False,1.275,2026-09-16T13:01:18.724550+00:00,
1c842de1-c4d8-4cca-a61c-04ffda0b39ab,monotonic_reads,network_partition,reader-1,read,mr-1c842de1-c4d8-4cca-a61c-04ffda0b39ab,,203,ONE,ALL,cassandra-3,True,True,1.617,2026-09-16T13:01:18.738111+00:00,
1c842de1-c4d8-4cca-a61c-04ffda0b39ab,monotonic_reads,network_partition,reader-1,read,mr-1c842de1-c4d8-4cca-a61c-04ffda0b39ab,,204,ONE,ALL,cassandra-1,True,False,1.459,2026-09-16T13:01:18.752167+00:00,
1c842de1-c4d8-4cca-a61c-04ffda0b39ab,monotonic_reads,network_partition,reader-1,read,mr-1c842de1-c4d8-4cca-a61c-04ffda0b39ab,,204,ONE,ALL,cassandra-2,True,False,1.397,2026-09-16T13:01:18.766165+00:00,
1c842de1-c4d8-4cca-a61c-04ffda0b39ab,monotonic_reads,network_partition,reader-1,read,mr-1c842de1-c4d8-4cca-a61c-04ffda0b39ab,,203,ONE,ALL,cassandra-3,True,True,1.319,2026-09-16T13:01:18.780082+00:00,
1c842de1-c4d8-4cca-a61c-04ffda0b39ab,monotonic_reads,network_partition,reader-1,read,mr-1c842de1-c4d8-4cca-a61c-04ffda0b39ab,,204,ONE,ALL,cassandra-1,True,False,1.332,2026-09-16T13:01:18.792744+00:00,
1c842de1-c4d8-4cca-a61c-04ffda0b39ab,monotonic_reads,network_partition,reader-1,read,mr-1c842de1-c4d8-4cca-a61c-04ffda0b39ab,,204,ONE,ALL,cassandra-2,True,False,1.208,2026-09-16T13:01:18.806533+00:00,
1c842de1-c4d8-4cca-a61c-04ffda0b39ab,monotonic_reads,network_partition,reader-1,read,mr-1c842de1-c4d8-4cca-a61c-04ffda0b39ab,,203,ONE,ALL,cassandra-3,True,True,2.022,2026-09-16T13:01:18.821209+00:00,
1c842de1-c4d8-4cca-a61c-04ffda0b39ab,monotonic_reads,network_partition,reader-1,read,mr-1c842de1-c4d8-4cca-a61c-04ffda0b39ab,,204,ONE,ALL,cassandra-1,True,False,1.891,2026-09-16T13:01:18.834656+00:00,
1c842de1-c4d8-4cca-a61c-04ffda0b39ab,monotonic_reads,network_partition,reader-1,read,mr-1c842de1-c4d8-4cca-a61c-04ffda0b39ab,,204,ONE,ALL,cassandra-2,True,False,1.325,2026-09-16T13:01:18.847292+00:00,
1c842de1-c4d8-4cca-a61c-04ffda0b39ab,monotonic_reads,network_partition,reader-1,read,mr-1c842de1-c4d8-4cca-a61c-04ffda0b39ab,,203,ONE,ALL,cassandra-3,True,True,1.377,2026-09-16T13:01:18.859234+00:00,
1c842de1-c4d8-4cca-a61c-04ffda0b39ab,monotonic_reads,network_partition,reader-1,read,mr-1c842de1-c4d8-4cca-a61c-04ffda0b39ab,,204,ONE,ALL,cassandra-1,True,False,2.763,2026-09-16T13:01:18.874544+00:00,
1c842de1-c4d8-4cca-a61c-04ffda0b39ab,monotonic_reads,network_partition,reader-1,read,mr-1c842de1-c4d8-4cca-a61c-04ffda0b39ab,,204,ONE,ALL,cassandra-2,True,False,2.05,2026-09-16T13:01:18.887494+00:00,
1c842de1-c4d8-4cca-a61c-04ffda0b39ab,monotonic_reads,network_partition,reader-1,read,mr-1c842de1-c4d8-4cca-a61c-04ffda0b39ab,,203,ONE,ALL,cassandra-3,True,True,2.519,2026-09-16T13:01:18.902613+00:00,
1c842de1-c4d8-4cca-a61c-04ffda0b39ab,monotonic_reads,network_partition,reader-1,read,mr-1c842de1-c4d8-4cca-a61c-04ffda0b39ab,,204,ONE,ALL,cassandra-1,True,False,1.593,2026-09-16T13:01:18.916863+00:00,
1c842de1-c4d8-4cca-a61c-04ffda0b39ab,monotonic_reads,network_partition,reader-1,read,mr-1c842de1-c4d8-4cca-a61c-04ffda0b39ab,,204,ONE,ALL,cassandra-2,True,False,1.541,2026-09-16T13:01:18.929829+00:00,
1c842de1-c4d8-4cca-a61c-04ffda0b39ab,monotonic_reads,network_partition,reader-1,read,mr-1c842de1-c4d8-4cca-a61c-04ffda0b39ab,,203,ONE,ALL,cassandra-3,True,True,1.449,2026-09-16T13:01:18.941731+00:00,
1c842de1-c4d8-4cca-a61c-04ffda0b39ab,monotonic_reads,network_partition,reader-1,read,mr-1c842de1-c4d8-4cca-a61c-04ffda0b39ab,,204,ONE,ALL,cassandra-1,True,False,1.602,2026-09-16T13:01:18.955935+00:00,
1c842de1-c4d8-4cca-a61c-04ffda0b39ab,monotonic_reads,network_partition,reader-1,read,mr-1c842de1-c4d8-4cca-a61c-04ffda0b39ab,,204,ONE,ALL,cassandra-2,True,False,2.496,2026-09-16T13:01:18.970460+00:00,
1c842de1-c4d8-4cca-a61c-04ffda0b39ab,monotonic_reads,network_partition,reader-1,read,mr-1c842de1-c4d8-4cca-a61c-04ffda0b39ab,,203,ONE,ALL,cassandra-3,True,True,1.825,2026-09-16T13:01:18.985015+00:00,
1c842de1-c4d8-4cca-a61c-04ffda0b39ab,monotonic_reads,network_partition,reader-1,read,mr-1c842de1-c4d8-4cca-a61c-04ffda0b39ab,,204,ONE,ALL,cassandra-1,True,False,1.836,2026-09-16T13:01:18.997535+00:00,
1c842de1-c4d8-4cca-a61c-04ffda0b39ab,monotonic_reads,network_partition,reader-1,read,mr-1c842de1-c4d8-4cca-a61c-04ffda0b39ab,,204,ONE,ALL,cassandra-2,True,False,1.273,2026-09-16T13:01:19.010804+00:00,
1c842de1-c4d8-4cca-a61c-04ffda0b39ab,monotonic_reads,network_partition,reader-1,read,mr-1c842de1-c4d8-4cca-a61c-04ffda0b39ab,,203,ONE,ALL,cassandra-3,True,True,1.801,2026-09-16T13:01:19.023429+00:00,
1c842de1-c4d8-4cca-a61c-04ffda0b39ab,monotonic_reads,network_partition,reader-1,read,mr-1c842de1-c4d8-4cca-a61c-04ffda0b39ab,,204,ONE,ALL,cassandra-1,True,False,1.598,2026-09-16T13:01:19.037689+00:00,
1c842de1-c4d8-4cca-a61c-04ffda0b39ab,monotonic_reads,network_partition,reader-1,read,mr-1c842de1-c4d8-4cca-a61c-04ffda0b39ab,,204,ONE,ALL,cassandra-2,True,False,1.781,2026-09-16T13:01:19.050844+00:00,
1c842de1-c4d8-4cca-a61c-04ffda0b39ab,monotonic_reads,network_partition,reader-1,read,mr-1c842de1-c4d8-4cca-a61c-04ffda0b39ab,,203,ONE,ALL,cassandra-3,True,True,1.396,2026-09-16T13:01:19.064314+00:00,
1c842de1-c4d8-4cca-a61c-04ffda0b39ab,monotonic_reads,network_partition,reader-1,read,mr-1c842de1-c4d8-4cca-a61c-04ffda0b39ab,,204,ONE,ALL,cassandra-1,True,False,2.038,2026-09-16T13:01:19.079009+00:00,
1c842de1-c4d8-4cca-a61c-04ffda0b39ab,monotonic_reads,network_partition,reader-1,read,mr-1c842de1-c4d8-4cca-a61c-04ffda0b39ab,,204,ONE,ALL,cassandra-2,True,False,2.015,2026-09-16T13:01:19.093813+00:00,
1c842de1-c4d8-4cca-a61c-04ffda0b39ab,monotonic_reads,network_partition,reader-1,read,mr-1c842de1-c4d8-4cca-a61c-04ffda0b39ab,,203,ONE,ALL,cassandra-3,True,True,1.878,2026-09-16T13:01:19.106848+00:00,
1c842de1-c4d8-4cca-a61c-04ffda0b39ab,monotonic_reads,network_partition,reader-1,read,mr-1c842de1-c4d8-4cca-a61c-04ffda0b39ab,,204,ONE,ALL,cassandra-1,True,False,1.435,2026-09-16T13:01:19.120954+00:00,
1c842de1-c4d8-4cca-a61c-04ffda0b39ab,monotonic_reads,network_partition,reader-1,read,mr-1c842de1-c4d8-4cca-a61c-04ffda0b39ab,,204,ONE,ALL,cassandra-2,True,False,1.675,2026-09-16T13:01:19.134047+00:00,
1c842de1-c4d8-4cca-a61c-04ffda0b39ab,monotonic_reads,network_partition,reader-1,read,mr-1c842de1-c4d8-4cca-a61c-04ffda0b39ab,,203,ONE,ALL,cassandra-3,True,True,1.424,2026-09-16T13:01:19.148123+00:00,
1c842de1-c4d8-4cca-a61c-04ffda0b39ab,monotonic_reads,network_partition,reader-1,read,mr-1c842de1-c4d8-4cca-a61c-04ffda0b39ab,,204,ONE,ALL,cassandra-1,True,False,2.424,2026-09-16T13:01:19.162669+00:00,
1c842de1-c4d8-4cca-a61c-04ffda0b39ab,monotonic_reads,network_partition,reader-1,read,mr-1c842de1-c4d8-4cca-a61c-04ffda0b39ab,,204,ONE,ALL,cassandra-2,True,False,1.88,2026-09-16T13:01:19.177295+00:00,
1c842de1-c4d8-4cca-a61c-04ffda0b39ab,monotonic_reads,network_partition,reader-1,read,mr-1c842de1-c4d8-4cca-a61c-04ffda0b39ab,,203,ONE,ALL,cassandra-3,True,True,3.347,2026-09-16T13:01:19.193366+00:00,
1c842de1-c4d8-4cca-a61c-04ffda0b39ab,monotonic_reads,network_partition,reader-1,read,mr-1c842de1-c4d8-4cca-a61c-04ffda0b39ab,,204,ONE,ALL,cassandra-1,True,False,2.369,2026-09-16T13:01:19.206176+00:00,
1c842de1-c4d8-4cca-a61c-04ffda0b39ab,monotonic_reads,network_partition,reader-1,read,mr-1c842de1-c4d8-4cca-a61c-04ffda0b39ab,,204,ONE,ALL,cassandra-2,True,False,2.696,2026-09-16T13:01:19.220122+00:00,
1c842de1-c4d8-4cca-a61c-04ffda0b39ab,monotonic_reads,network_partition,reader-1,read,mr-1c842de1-c4d8-4cca-a61c-04ffda0b39ab,,203,ONE,ALL,cassandra-3,True,True,2.427,2026-09-16T13:01:19.234981+00:00,
1c842de1-c4d8-4cca-a61c-04ffda0b39ab,monotonic_reads,network_partition,reader-1,read,mr-1c842de1-c4d8-4cca-a61c-04ffda0b39ab,,204,ONE,ALL,cassandra-1,True,False,2.593,2026-09-16T13:01:19.248773+00:00,
1c842de1-c4d8-4cca-a61c-04ffda0b39ab,monotonic_reads,network_partition,reader-1,read,mr-1c842de1-c4d8-4cca-a61c-04ffda0b39ab,,204,ONE,ALL,cassandra-2,True,False,3.433,2026-09-16T13:01:19.264524+00:00,
1c842de1-c4d8-4cca-a61c-04ffda0b39ab,monotonic_reads,network_partition,reader-1,read,mr-1c842de1-c4d8-4cca-a61c-04ffda0b39ab,,203,ONE,ALL,cassandra-3,True,True,5.466,2026-09-16T13:01:19.282138+00:00,
1c842de1-c4d8-4cca-a61c-04ffda0b39ab,monotonic_reads,network_partition,reader-1,read,mr-1c842de1-c4d8-4cca-a61c-04ffda0b39ab,,204,ONE,ALL,cassandra-1,True,False,4.17,2026-09-16T13:01:19.299037+00:00,
1c842de1-c4d8-4cca-a61c-04ffda0b39ab,monotonic_reads,network_partition,reader-1,read,mr-1c842de1-c4d8-4cca-a61c-04ffda0b39ab,,204,ONE,ALL,cassandra-2,True,False,3.51,2026-09-16T13:01:19.314945+00:00,
1c842de1-c4d8-4cca-a61c-04ffda0b39ab,monotonic_reads,network_partition,reader-1,read,mr-1c842de1-c4d8-4cca-a61c-04ffda0b39ab,,203,ONE,ALL,cassandra-3,True,True,4.142,2026-09-16T13:01:19.331789+00:00,
1c842de1-c4d8-4cca-a61c-04ffda0b39ab,monotonic_reads,network_partition,reader-1,read,mr-1c842de1-c4d8-4cca-a61c-04ffda0b39ab,,204,ONE,ALL,cassandra-1,True,False,3.357,2026-09-16T13:01:19.346692+00:00,
1c842de1-c4d8-4cca-a61c-04ffda0b39ab,monotonic_reads,network_partition,reader-1,read,mr-1c842de1-c4d8-4cca-a61c-04ffda0b39ab,,204,ONE,ALL,cassandra-2,True,False,6.295,2026-09-16T13:01:19.363939+00:00,
1c842de1-c4d8-4cca-a61c-04ffda0b39ab,monotonic_reads,network_partition,reader-1,read,mr-1c842de1-c4d8-4cca-a61c-04ffda0b39ab,,203,ONE,ALL,cassandra-3,True,True,3.067,2026-09-16T13:01:19.377884+00:00,
1c842de1-c4d8-4cca-a61c-04ffda0b39ab,monotonic_reads,network_partition,reader-1,read,mr-1c842de1-c4d8-4cca-a61c-04ffda0b39ab,,204,ONE,ALL,cassandra-1,True,False,2.751,2026-09-16T13:01:19.392164+00:00,
1c842de1-c4d8-4cca-a61c-04ffda0b39ab,monotonic_reads,network_partition,reader-1,read,mr-1c842de1-c4d8-4cca-a61c-04ffda0b39ab,,204,ONE,ALL,cassandra-2,True,False,3.487,2026-09-16T13:01:19.406875+00:00,
1c842de1-c4d8-4cca-a61c-04ffda0b39ab,monotonic_reads,network_partition,reader-1,read,mr-1c842de1-c4d8-4cca-a61c-04ffda0b39ab,,203,ONE,ALL,cassandra-3,True,True,3.322,2026-09-16T13:01:19.422523+00:00,
1c842de1-c4d8-4cca-a61c-04ffda0b39ab,monotonic_reads,network_partition,reader-1,read,mr-1c842de1-c4d8-4cca-a61c-04ffda0b39ab,,204,ONE,ALL,cassandra-1,True,False,3.347,2026-09-16T13:01:19.436152+00:00,
1c842de1-c4d8-4cca-a61c-04ffda0b39ab,monotonic_reads,network_partition,reader-1,read,mr-1c842de1-c4d8-4cca-a61c-04ffda0b39ab,,204,ONE,ALL,cassandra-2,True,False,3.748,2026-09-16T13:01:19.451577+00:00,
1c842de1-c4d8-4cca-a61c-04ffda0b39ab,monotonic_reads,network_partition,reader-1,read,mr-1c842de1-c4d8-4cca-a61c-04ffda0b39ab,,203,ONE,ALL,cassandra-3,True,True,3.546,2026-09-16T13:01:19.465352+00:00,
1c842de1-c4d8-4cca-a61c-04ffda0b39ab,monotonic_reads,network_partition,reader-1,read,mr-1c842de1-c4d8-4cca-a61c-04ffda0b39ab,,204,ONE,ALL,cassandra-1,True,False,3.056,2026-09-16T13:01:19.479614+00:00,
1c842de1-c4d8-4cca-a61c-04ffda0b39ab,monotonic_reads,network_partition,reader-1,read,mr-1c842de1-c4d8-4cca-a61c-04ffda0b39ab,,204,ONE,ALL,cassandra-2,True,False,4.262,2026-09-16T13:01:19.496081+00:00,
1c842de1-c4d8-4cca-a61c-04ffda0b39ab,monotonic_reads,network_partition,reader-1,read,mr-1c842de1-c4d8-4cca-a61c-04ffda0b39ab,,203,ONE,ALL,cassandra-3,True,True,3.0,2026-09-16T13:01:19.509810+00:00,
1c842de1-c4d8-4cca-a61c-04ffda0b39ab,monotonic_reads,network_partition,reader-1,read,mr-1c842de1-c4d8-4cca-a61c-04ffda0b39ab,,204,ONE,ALL,cassandra-1,True,False,3.372,2026-09-16T13:01:19.525486+00:00,
1c842de1-c4d8-4cca-a61c-04ffda0b39ab,monotonic_reads,network_partition,reader-1,read,mr-1c842de1-c4d8-4cca-a61c-04ffda0b39ab,,204,ONE,ALL,cassandra-2,True,False,3.137,2026-09-16T13:01:19.540951+00:00,
1c842de1-c4d8-4cca-a61c-04ffda0b39ab,monotonic_reads,network_partition,reader-1,read,mr-1c842de1-c4d8-4cca-a61c-04ffda0b39ab,,203,ONE,ALL,cassandra-3,True,True,2.851,2026-09-16T13:01:19.555803+00:00,
1c842de1-c4d8-4cca-a61c-04ffda0b39ab,monotonic_reads,network_partition,reader-1,read,mr-1c842de1-c4d8-4cca-a61c-04ffda0b39ab,,204,ONE,ALL,cassandra-1,True,False,3.884,2026-09-16T13:01:19.571482+00:00,
1c842de1-c4d8-4cca-a61c-04ffda0b39ab,monotonic_reads,network_partition,reader-1,read,mr-1c842de1-c4d8-4cca-a61c-04ffda0b39ab,,204,ONE,ALL,cassandra-2,True,False,3.59,2026-09-16T13:01:19.587759+00:00,
1c842de1-c4d8-4cca-a61c-04ffda0b39ab,monotonic_reads,network_partition,reader-1,read,mr-1c842de1-c4d8-4cca-a61c-04ffda0b39ab,,203,ONE,ALL,cassandra-3,True,True,2.782,2026-09-16T13:01:19.603248+00:00,
1c842de1-c4d8-4cca-a61c-04ffda0b39ab,monotonic_reads,network_partition,reader-1,read,mr-1c842de1-c4d8-4cca-a61c-04ffda0b39ab,,204,ONE,ALL,cassandra-1,True,False,2.101,2026-09-16T13:01:19.617585+00:00,
1c842de1-c4d8-4cca-a61c-04ffda0b39ab,monotonic_reads,network_partition,reader-1,read,mr-1c842de1-c4d8-4cca-a61c-04ffda0b39ab,,204,ONE,ALL,cassandra-2,True,False,2.278,2026-09-16T13:01:19.631629+00:00,
1c842de1-c4d8-4cca-a61c-04ffda0b39ab,monotonic_reads,network_partition,reader-1,read,mr-1c842de1-c4d8-4cca-a61c-04ffda0b39ab,,203,ONE,ALL,cassandra-3,True,True,2.67,2026-09-16T13:01:19.646995+00:00,
1c842de1-c4d8-4cca-a61c-04ffda0b39ab,monotonic_reads,network_partition,reader-1,read,mr-1c842de1-c4d8-4cca-a61c-04ffda0b39ab,,204,ONE,ALL,cassandra-1,True,False,3.814,2026-09-16T13:01:19.663398+00:00,
1c842de1-c4d8-4cca-a61c-04ffda0b39ab,monotonic_reads,network_partition,reader-1,read,mr-1c842de1-c4d8-4cca-a61c-04ffda0b39ab,,204,ONE,ALL,cassandra-2,True,False,2.424,2026-09-16T13:01:19.677228+00:00,
1c842de1-c4d8-4cca-a61c-04ffda0b39ab,monotonic_reads,network_partition,reader-1,read,mr-1c842de1-c4d8-4cca-a61c-04ffda0b39ab,,203,ONE,ALL,cassandra-3,True,True,3.148,2026-09-16T13:01:19.692827+00:00,
1c842de1-c4d8-4cca-a61c-04ffda0b39ab,monotonic_reads,network_partition,reader-1,read,mr-1c842de1-c4d8-4cca-a61c-04ffda0b39ab,,204,ONE,ALL,cassandra-1,True,False,3.15,2026-09-16T13:01:19.707871+00:00,
1c842de1-c4d8-4cca-a61c-04ffda0b39ab,monotonic_reads,network_partition,reader-1,read,mr-1c842de1-c4d8-4cca-a61c-04ffda0b39ab,,204,ONE,ALL,cassandra-2,True,False,2.571,2026-09-16T13:01:19.721484+00:00,
1c842de1-c4d8-4cca-a61c-04ffda0b39ab,monotonic_reads,network_partition,reader-1,read,mr-1c842de1-c4d8-4cca-a61c-04ffda0b39ab,,203,ONE,ALL,cassandra-3,True,True,2.794,2026-09-16T13:01:19.736638+00:00,
1c842de1-c4d8-4cca-a61c-04ffda0b39ab,monotonic_reads,network_partition,reader-1,read,mr-1c842de1-c4d8-4cca-a61c-04ffda0b39ab,,204,ONE,ALL,cassandra-1,True,False,3.962,2026-09-16T13:01:19.751109+00:00,
1c842de1-c4d8-4cca-a61c-04ffda0b39ab,monotonic_reads,network_partition,reader-1,read,mr-1c842de1-c4d8-4cca-a61c-04ffda0b39ab,,204,ONE,ALL,cassandra-2,True,False,3.694,2026-09-16T13:01:19.767524+00:00,
1c842de1-c4d8-4cca-a61c-04ffda0b39ab,monotonic_reads,network_partition,reader-1,read,mr-1c842de1-c4d8-4cca-a61c-04ffda0b39ab,,203,ONE,ALL,cassandra-3,True,True,4.786,2026-09-16T13:01:19.785229+00:00,
1c842de1-c4d8-4cca-a61c-04ffda0b39ab,monotonic_reads,network_partition,reader-1,read,mr-1c842de1-c4d8-4cca-a61c-04ffda0b39ab,,204,ONE,ALL,cassandra-1,True,False,3.533,2026-09-16T13:01:19.800383+00:00,
1c842de1-c4d8-4cca-a61c-04ffda0b39ab,monotonic_reads,network_partition,reader-1,read,mr-1c842de1-c4d8-4cca-a61c-04ffda0b39ab,,204,ONE,ALL,cassandra-2,True,False,3.232,2026-09-16T13:01:19.814656+00:00,
1c842de1-c4d8-4cca-a61c-04ffda0b39ab,monotonic_reads,network_partition,reader-1,read,mr-1c842de1-c4d8-4cca-a61c-04ffda0b39ab,,203,ONE,ALL,cassandra-3,True,True,3.344,2026-09-16T13:01:19.828671+00:00,
1c842de1-c4d8-4cca-a61c-04ffda0b39ab,monotonic_reads,network_partition,reader-1,read,mr-1c842de1-c4d8-4cca-a61c-04ffda0b39ab,,204,ONE,ALL,cassandra-1,True,False,3.28,2026-09-16T13:01:19.844582+00:00,
1c842de1-c4d8-4cca-a61c-04ffda0b39ab,monotonic_reads,network_partition,reader-1,read,mr-1c842de1-c4d8-4cca-a61c-04ffda0b39ab,,204,ONE,ALL,cassandra-2,True,False,3.45,2026-09-16T13:01:19.858272+00:00,
1c842de1-c4d8-4cca-a61c-04ffda0b39ab,monotonic_reads,network_partition,reader-1,read,mr-1c842de1-c4d8-4cca-a61c-04ffda0b39ab,,203,ONE,ALL,cassandra-3,True,True,3.329,2026-09-16T13:01:19.872130+00:00,
1c842de1-c4d8-4cca-a61c-04ffda0b39ab,monotonic_reads,network_partition,reader-1,read,mr-1c842de1-c4d8-4cca-a61c-04ffda0b39ab,,204,ONE,ALL,cassandra-1,True,False,3.761,2026-09-16T13:01:19.888599+00:00,
1c842de1-c4d8-4cca-a61c-04ffda0b39ab,monotonic_reads,network_partition,reader-1,read,mr-1c842de1-c4d8-4cca-a61c-04ffda0b39ab,,204,ONE,ALL,cassandra-2,True,False,4.839,2026-09-16T13:01:19.906033+00:00,
1c842de1-c4d8-4cca-a61c-04ffda0b39ab,monotonic_reads,network_partition,reader-1,read,mr-1c842de1-c4d8-4cca-a61c-04ffda0b39ab,,203,ONE,ALL,cassandra-3,True,True,3.726,2026-09-16T13:01:19.922263+00:00,
1c842de1-c4d8-4cca-a61c-04ffda0b39ab,monotonic_reads,network_partition,reader-1,read,mr-1c842de1-c4d8-4cca-a61c-04ffda0b39ab,,204,ONE,ALL,cassandra-1,True,False,4.563,2026-09-16T13:01:19.939355+00:00,
1c842de1-c4d8-4cca-a61c-04ffda0b39ab,monotonic_reads,network_partition,reader-1,read,mr-1c842de1-c4d8-4cca-a61c-04ffda0b39ab,,204,ONE,ALL,cassandra-2,True,False,3.822,2026-09-16T13:01:19.955634+00:00,
1c842de1-c4d8-4cca-a61c-04ffda0b39ab,monotonic_reads,network_partition,reader-1,read,mr-1c842de1-c4d8-4cca-a61c-04ffda0b39ab,,203,ONE,ALL,cassandra-3,True,True,3.254,2026-09-16T13:01:19.971633+00:00,
1c842de1-c4d8-4cca-a61c-04ffda0b39ab,monotonic_reads,network_partition,reader-1,read,mr-1c842de1-c4d8-4cca-a61c-04ffda0b39ab,,204,ONE,ALL,cassandra-1,True,False,2.909,2026-09-16T13:01:19.985190+00:00,
1c842de1-c4d8-4cca-a61c-04ffda0b39ab,monotonic_reads,network_partition,reader-1,read,mr-1c842de1-c4d8-4cca-a61c-04ffda0b39ab,,204,ONE,ALL,cassandra-2,True,False,3.939,2026-09-16T13:01:20.001537+00:00,
1c842de1-c4d8-4cca-a61c-04ffda0b39ab,monotonic_reads,network_partition,reader-1,read,mr-1c842de1-c4d8-4cca-a61c-04ffda0b39ab,,203,ONE,ALL,cassandra-3,True,True,4.03,2026-09-16T13:01:20.017434+00:00,
1c842de1-c4d8-4cca-a61c-04ffda0b39ab,monotonic_reads,network_partition,reader-1,read,mr-1c842de1-c4d8-4cca-a61c-04ffda0b39ab,,204,ONE,ALL,cassandra-1,True,False,3.31,2026-09-16T13:01:20.032517+00:00,
1c842de1-c4d8-4cca-a61c-04ffda0b39ab,monotonic_reads,network_partition,reader-1,read,mr-1c842de1-c4d8-4cca-a61c-04ffda0b39ab,,204,ONE,ALL,cassandra-2,True,False,3.618,2026-09-16T13:01:20.048451+00:00,
1c842de1-c4d8-4cca-a61c-04ffda0b39ab,monotonic_reads,network_partition,reader-1,read,mr-1c842de1-c4d8-4cca-a61c-04ffda0b39ab,,203,ONE,ALL,cassandra-3,True,True,3.359,2026-09-16T13:01:20.063771+00:00,
1c842de1-c4d8-4cca-a61c-04ffda0b39ab,monotonic_reads,network_partition,reader-1,read,mr-1c842de1-c4d8-4cca-a61c-04ffda0b39ab,,204,ONE,ALL,cassandra-1,True,False,3.962,2026-09-16T13:01:20.080193+00:00,
1c842de1-c4d8-4cca-a61c-04ffda0b39ab,monotonic_reads,network_partition,reader-1,read,mr-1c842de1-c4d8-4cca-a61c-04ffda0b39ab,,204,ONE,ALL,cassandra-2,True,False,3.134,2026-09-16T13:01:20.095293+00:00,
1c842de1-c4d8-4cca-a61c-04ffda0b39ab,monotonic_reads,network_partition,reader-1,read,mr-1c842de1-c4d8-4cca-a61c-04ffda0b39ab,,203,ONE,ALL,cassandra-3,True,True,6.154,2026-09-16T13:01:20.114653+00:00,
1c842de1-c4d8-4cca-a61c-04ffda0b39ab,monotonic_reads,network_partition,reader-1,read,mr-1c842de1-c4d8-4cca-a61c-04ffda0b39ab,,204,ONE,ALL,cassandra-1,True,False,4.176,2026-09-16T13:01:20.130872+00:00,
1c842de1-c4d8-4cca-a61c-04ffda0b39ab,monotonic_reads,network_partition,reader-1,read,mr-1c842de1-c4d8-4cca-a61c-04ffda0b39ab,,204,ONE,ALL,cassandra-2,True,False,3.725,2026-09-16T13:01:20.147368+00:00,
1c842de1-c4d8-4cca-a61c-04ffda0b39ab,monotonic_reads,network_partition,reader-1,read,mr-1c842de1-c4d8-4cca-a61c-04ffda0b39ab,,203,ONE,ALL,cassandra-3,True,True,3.484,2026-09-16T13:01:20.163554+00:00,
1c842de1-c4d8-4cca-a61c-04ffda0b39ab,monotonic_reads,network_partition,reader-1,read,mr-1c842de1-c4d8-4cca-a61c-04ffda0b39ab,,204,ONE,ALL,cassandra-1,True,False,4.169,2026-09-16T13:01:20.179991+00:00,
1c842de1-c4d8-4cca-a61c-04ffda0b39ab,monotonic_reads,network_partition,reader-1,read,mr-1c842de1-c4d8-4cca-a61c-04ffda0b39ab,,204,ONE,ALL,cassandra-2,True,False,3.897,2026-09-16T13:01:20.195921+00:00,
1c842de1-c4d8-4cca-a61c-04ffda0b39ab,monotonic_reads,network_partition,reader-1,read,mr-1c842de1-c4d8-4cca-a61c-04ffda0b39ab,,203,ONE,ALL,cassandra-3,True,True,3.905,2026-09-16T13:01:20.212574+00:00,
1c842de1-c4d8-4cca-a61c-04ffda0b39ab,monotonic_reads,network_partition,reader-1,read,mr-1c842de1-c4d8-4cca-a61c-04ffda0b39ab,,204,ONE,ALL,cassandra-1,True,False,4.087,2026-09-16T13:01:20.228907+00:00,
1c842de1-c4d8-4cca-a61c-04ffda0b39ab,monotonic_reads,network_partition,reader-1,read,mr-1c842de1-c4d8-4cca-a61c-04ffda0b39ab,,204,ONE,ALL,cassandra-2,True,False,4.097,2026-09-16T13:01:20.243505+00:00,
1c842de1-c4d8-4cca-a61c-04ffda0b39ab,monotonic_reads,network_partition,reader-1,read,mr-1c842de1-c4d8-4cca-a61c-04ffda0b39ab,,203,ONE,ALL,cassandra-3,True,True,4.154,2026-09-16T13:01:20.259843+00:00,
1c842de1-c4d8-4cca-a61c-04ffda0b39ab,monotonic_reads,network_partition,reader-1,read,mr-1c842de1-c4d8-4cca-a61c-04ffda0b39ab,,204,ONE,ALL,cassandra-1,True,False,4.386,2026-09-16T13:01:20.275466+00:00,
1c842de1-c4d8-4cca-a61c-04ffda0b39ab,monotonic_reads,network_partition,reader-1,read,mr-1c842de1-c4d8-4cca-a61c-04ffda0b39ab,,204,ONE,ALL,cassandra-2,True,False,3.96,2026-09-16T13:01:20.292195+00:00,
1c842de1-c4d8-4cca-a61c-04ffda0b39ab,monotonic_reads,network_partition,reader-1,read,mr-1c842de1-c4d8-4cca-a61c-04ffda0b39ab,,203,ONE,ALL,cassandra-3,True,True,3.257,2026-09-16T13:01:20.308230+00:00,
1c842de1-c4d8-4cca-a61c-04ffda0b39ab,monotonic_reads,network_partition,reader-1,read,mr-1c842de1-c4d8-4cca-a61c-04ffda0b39ab,,204,ONE,ALL,cassandra-1,True,False,3.815,2026-09-16T13:01:20.324627+00:00,
1c842de1-c4d8-4cca-a61c-04ffda0b39ab,monotonic_reads,network_partition,reader-1,read,mr-1c842de1-c4d8-4cca-a61c-04ffda0b39ab,,204,ONE,ALL,cassandra-2,True,False,3.773,2026-09-16T13:01:20.339267+00:00,
1c842de1-c4d8-4cca-a61c-04ffda0b39ab,monotonic_reads,network_partition,reader-1,read,mr-1c842de1-c4d8-4cca-a61c-04ffda0b39ab,,203,ONE,ALL,cassandra-3,True,True,3.81,2026-09-16T13:01:20.355240+00:00,
1c842de1-c4d8-4cca-a61c-04ffda0b39ab,monotonic_reads,network_partition,reader-1,read,mr-1c842de1-c4d8-4cca-a61c-04ffda0b39ab,,204,ONE,ALL,cassandra-1,True,False,3.243,2026-09-16T13:01:20.371111+00:00,
1c842de1-c4d8-4cca-a61c-04ffda0b39ab,monotonic_reads,network_partition,reader-1,read,mr-1c842de1-c4d8-4cca-a61c-04ffda0b39ab,,204,ONE,ALL,cassandra-2,True,False,3.474,2026-09-16T13:01:20.387283+00:00,
1c842de1-c4d8-4cca-a61c-04ffda0b39ab,monotonic_reads,network_partition,reader-1,read,mr-1c842de1-c4d8-4cca-a61c-04ffda0b39ab,,203,ONE,ALL,cassandra-3,True,True,3.707,2026-09-16T13:01:20.403497+00:00,
1c842de1-c4d8-4cca-a61c-04ffda0b39ab,monotonic_reads,network_partition,reader-1,read,mr-1c842de1-c4d8-4cca-a61c-04ffda0b39ab,,204,ONE,ALL,cassandra-1,True,False,3.957,2026-09-16T13:01:20.420206+00:00,
1c842de1-c4d8-4cca-a61c-04ffda0b39ab,monotonic_reads,network_partition,reader-1,read,mr-1c842de1-c4d8-4cca-a61c-04ffda0b39ab,,204,ONE,ALL,cassandra-2,True,False,3.407,2026-09-16T13:01:20.435203+00:00,
1c842de1-c4d8-4cca-a61c-04ffda0b39ab,monotonic_reads,network_partition,reader-1,read,mr-1c842de1-c4d8-4cca-a61c-04ffda0b39ab,,203,ONE,ALL,cassandra-3,True,True,3.987,2026-09-16T13:01:20.451915+00:00,
1c842de1-c4d8-4cca-a61c-04ffda0b39ab,monotonic_reads,network_partition,reader-1,read,mr-1c842de1-c4d8-4cca-a61c-04ffda0b39ab,,204,ONE,ALL,cassandra-1,True,False,5.463,2026-09-16T13:01:20.469266+00:00,
1c842de1-c4d8-4cca-a61c-04ffda0b39ab,monotonic_reads,network_partition,reader-1,read,mr-1c842de1-c4d8-4cca-a61c-04ffda0b39ab,,204,ONE,ALL,cassandra-2,True,False,3.148,2026-09-16T13:01:20.484961+00:00,
1c842de1-c4d8-4cca-a61c-04ffda0b39ab,monotonic_reads,network_partition,reader-1,read,mr-1c842de1-c4d8-4cca-a61c-04ffda0b39ab,,203,ONE,ALL,cassandra-3,True,True,4.114,2026-09-16T13:01:20.501451+00:00,
1c842de1-c4d8-4cca-a61c-04ffda0b39ab,monotonic_reads,network_partition,reader-1,read,mr-1c842de1-c4d8-4cca-a61c-04ffda0b39ab,,204,ONE,ALL,cassandra-1,True,False,3.575,2026-09-16T13:01:20.516346+00:00,
1c842de1-c4d8-4cca-a61c-04ffda0b39ab,monotonic_reads,network_partition,reader-1,read,mr-1c842de1-c4d8-4cca-a61c-04ffda0b39ab,,204,ONE,ALL,cassandra-2,True,False,3.088,2026-09-16T13:01:20.531328+00:00,
1c842de1-c4d8-4cca-a61c-04ffda0b39ab,monotonic_reads,network_partition,reader-1,read,mr-1c842de1-c4d8-4cca-a61c-04ffda0b39ab,,203,ONE,ALL,cassandra-3,True,True,3.304,2026-09-16T13:01:20.547134+00:00,
1c842de1-c4d8-4cca-a61c-04ffda0b39ab,monotonic_reads,network_partition,reader-1,read,mr-1c842de1-c4d8-4cca-a61c-04ffda0b39ab,,204,ONE,ALL,cassandra-1,True,False,3.185,2026-09-16T13:01:20.562974+00:00,
1c842de1-c4d8-4cca-a61c-04ffda0b39ab,monotonic_reads,network_partition,reader-1,read,mr-1c842de1-c4d8-4cca-a61c-04ffda0b39ab,,204,ONE,ALL,cassandra-2,True,False,3.515,2026-09-16T13:01:20.577020+00:00,
1c842de1-c4d8-4cca-a61c-04ffda0b39ab,monotonic_reads,network_partition,reader-1,read,mr-1c842de1-c4d8-4cca-a61c-04ffda0b39ab,,203,ONE,ALL,cassandra-3,True,True,4.155,2026-09-16T13:01:20.593959+00:00,
1c842de1-c4d8-4cca-a61c-04ffda0b39ab,monotonic_reads,network_partition,reader-1,read,mr-1c842de1-c4d8-4cca-a61c-04ffda0b39ab,,204,ONE,ALL,cassandra-1,True,False,3.493,2026-09-16T13:01:20.610165+00:00,
1c842de1-c4d8-4cca-a61c-04ffda0b39ab,monotonic_reads,network_partition,reader-1,read,mr-1c842de1-c4d8-4cca-a61c-04ffda0b39ab,,204,ONE,ALL,cassandra-2,True,False,3.551,2026-09-16T13:01:20.624389+00:00,
1c842de1-c4d8-4cca-a61c-04ffda0b39ab,monotonic_reads,network_partition,reader-1,read,mr-1c842de1-c4d8-4cca-a61c-04ffda0b39ab,,203,ONE,ALL,cassandra-3,True,True,3.62,2026-09-16T13:01:20.639276+00:00,
1c842de1-c4d8-4cca-a61c-04ffda0b39ab,monotonic_reads,network_partition,reader-1,read,mr-1c842de1-c4d8-4cca-a61c-04ffda0b39ab,,204,ONE,ALL,cassandra-1,True,False,3.074,2026-09-16T13:01:20.652876+00:00,
1c842de1-c4d8-4cca-a61c-04ffda0b39ab,monotonic_reads,network_partition,reader-1,read,mr-1c842de1-c4d8-4cca-a61c-04ffda0b39ab,,204,ONE,ALL,cassandra-2,True,False,4.238,2026-09-16T13:01:20.668463+00:00,
1c842de1-c4d8-4cca-a61c-04ffda0b39ab,monotonic_reads,network_partition,reader-1,read,mr-1c842de1-c4d8-4cca-a61c-04ffda0b39ab,,203,ONE,ALL,cassandra-3,True,True,3.758,2026-09-16T13:01:20.683468+00:00,
1c842de1-c4d8-4cca-a61c-04ffda0b39ab,monotonic_reads,network_partition,reader-1,read,mr-1c842de1-c4d8-4cca-a61c-04ffda0b39ab,,204,ONE,ALL,cassandra-1,True,False,3.599,2026-09-16T13:01:20.697761+00:00,
1c842de1-c4d8-4cca-a61c-04ffda0b39ab,monotonic_reads,network_partition,reader-1,read,mr-1c842de1-c4d8-4cca-a61c-04ffda0b39ab,,204,ONE,ALL,cassandra-2,True,False,3.778,2026-09-16T13:01:20.713468+00:00,
1c842de1-c4d8-4cca-a61c-04ffda0b39ab,monotonic_reads,network_partition,reader-1,read,mr-1c842de1-c4d8-4cca-a61c-04ffda0b39ab,,203,ONE,ALL,cassandra-3,True,True,8.755,2026-09-16T13:01:20.733917+00:00,
1c842de1-c4d8-4cca-a61c-04ffda0b39ab,monotonic_reads,network_partition,reader-1,read,mr-1c842de1-c4d8-4cca-a61c-04ffda0b39ab,,204,ONE,ALL,cassandra-1,True,False,1.81,2026-09-16T13:01:20.747028+00:00,
1c842de1-c4d8-4cca-a61c-04ffda0b39ab,monotonic_reads,network_partition,reader-1,read,mr-1c842de1-c4d8-4cca-a61c-04ffda0b39ab,,204,ONE,ALL,cassandra-2,True,False,1.976,2026-09-16T13:01:20.761509+00:00,
1c842de1-c4d8-4cca-a61c-04ffda0b39ab,monotonic_reads,network_partition,reader-1,read,mr-1c842de1-c4d8-4cca-a61c-04ffda0b39ab,,203,ONE,ALL,cassandra-3,True,True,1.953,2026-09-16T13:01:20.774946+00:00,
1c842de1-c4d8-4cca-a61c-04ffda0b39ab,monotonic_reads,network_partition,reader-1,read,mr-1c842de1-c4d8-4cca-a61c-04ffda0b39ab,,204,ONE,ALL,cassandra-1,True,False,1.514,2026-09-16T13:01:20.789103+00:00,
1c842de1-c4d8-4cca-a61c-04ffda0b39ab,monotonic_reads,network_partition,reader-1,read,mr-1c842de1-c4d8-4cca-a61c-04ffda0b39ab,,204,ONE,ALL,cassandra-2,True,False,1.842,2026-09-16T13:01:20.801953+00:00,
1c842de1-c4d8-4cca-a61c-04ffda0b39ab,monotonic_reads,network_partition,reader-1,read,mr-1c842de1-c4d8-4cca-a61c-04ffda0b39ab,,203,ONE,ALL,cassandra-3,True,True,1.311,2026-09-16T13:01:20.815926+00:00,
1c842de1-c4d8-4cca-a61c-04ffda0b39ab,monotonic_reads,network_partition,reader-1,read,mr-1c842de1-c4d8-4cca-a61c-04ffda0b39ab,,204,ONE,ALL,cassandra-1,True,False,1.683,2026-09-16T13:01:20.830247+00:00,
1c842de1-c4d8-4cca-a61c-04ffda0b39ab,monotonic_reads,network_partition,reader-1,read,mr-1c842de1-c4d8-4cca-a61c-04ffda0b39ab,,204,ONE,ALL,cassandra-2,True,False,1.947,2026-09-16T13:01:20.844923+00:00,
1c842de1-c4d8-4cca-a61c-04ffda0b39ab,monotonic_reads,network_partition,reader-1,read,mr-1c842de1-c4d8-4cca-a61c-04ffda0b39ab,,203,ONE,ALL,cassandra-3,True,True,2.126,2026-09-16T13:01:20.858634+00:00,
1c842de1-c4d8-4cca-a61c-04ffda0b39ab,monotonic_reads,network_partition,reader-1,read,mr-1c842de1-c4d8-4cca-a61c-04ffda0b39ab,,204,ONE,ALL,cassandra-1,True,False,1.459,2026-09-16T13:01:20.870602+00:00,
1c842de1-c4d8-4cca-a61c-04ffda0b39ab,monotonic_reads,network_partition,reader-1,read,mr-1c842de1-c4d8-4cca-a61c-04ffda0b39ab,,204,ONE,ALL,cassandra-2,True,False,1.817,2026-09-16T13:01:20.882833+00:00,
1c842de1-c4d8-4cca-a61c-04ffda0b39ab,monotonic_reads,network_partition,reader-1,read,mr-1c842de1-c4d8-4cca-a61c-04ffda0b39ab,,203,ONE,ALL,cassandra-3,True,True,1.768,2026-09-16T13:01:20.895049+00:00,
1c842de1-c4d8-4cca-a61c-04ffda0b39ab,monotonic_reads,network_partition,reader-1,read,mr-1c842de1-c4d8-4cca-a61c-04ffda0b39ab,,204,ONE,ALL,cassandra-1,True,False,1.906,2026-09-16T13:01:20.909668+00:00,
1c842de1-c4d8-4cca-a61c-04ffda0b39ab,monotonic_reads,network_partition,reader-1,read,mr-1c842de1-c4d8-4cca-a61c-04ffda0b39ab,,204,ONE,ALL,cassandra-2,True,False,2.713,2026-09-16T13:01:20.924521+00:00,
1c842de1-c4d8-4cca-a61c-04ffda0b39ab,monotonic_reads,network_partition,reader-1,read,mr-1c842de1-c4d8-4cca-a61c-04ffda0b39ab,,203,ONE,ALL,cassandra-3,True,True,4.467,2026-09-16T13:01:20.941058+00:00,
1c842de1-c4d8-4cca-a61c-04ffda0b39ab,monotonic_reads,network_partition,reader-1,read,mr-1c842de1-c4d8-4cca-a61c-04ffda0b39ab,,204,ONE,ALL,cassandra-1,True,False,3.006,2026-09-16T13:01:20.955837+00:00,
1c842de1-c4d8-4cca-a61c-04ffda0b39ab,monotonic_reads,network_partition,reader-1,read,mr-1c842de1-c4d8-4cca-a61c-04ffda0b39ab,,204,ONE,ALL,cassandra-2,True,False,3.358,2026-09-16T13:01:20.970668+00:00,
1c842de1-c4d8-4cca-a61c-04ffda0b39ab,monotonic_reads,network_partition,reader-1,read,mr-1c842de1-c4d8-4cca-a61c-04ffda0b39ab,,203,ONE,ALL,cassandra-3,True,True,3.219,2026-09-16T13:01:20.984843+00:00,
1c842de1-c4d8-4cca-a61c-04ffda0b39ab,monotonic_reads,network_partition,reader-1,read,mr-1c842de1-c4d8-4cca-a61c-04ffda0b39ab,,204,ONE,ALL,cassandra-1,True,False,3.341,2026-09-16T13:01:21.000908+00:00,
1c842de1-c4d8-4cca-a61c-04ffda0b39ab,monotonic_reads,network_partition,reader-1,read,mr-1c842de1-c4d8-4cca-a61c-04ffda0b39ab,,204,ONE,ALL,cassandra-2,True,False,3.923,2026-09-16T13:01:21.015328+00:00,
1c842de1-c4d8-4cca-a61c-04ffda0b39ab,monotonic_reads,network_partition,reader-1,read,mr-1c842de1-c4d8-4cca-a61c-04ffda0b39ab,,203,ONE,ALL,cassandra-3,True,True,4.761,2026-09-16T13:01:21.030509+00:00,
1c842de1-c4d8-4cca-a61c-04ffda0b39ab,monotonic_reads,network_partition,reader-1,read,mr-1c842de1-c4d8-4cca-a61c-04ffda0b39ab,,204,ONE,ALL,cassandra-1,True,False,3.876,2026-09-16T13:01:21.047147+00:00,
1c842de1-c4d8-4cca-a61c-04ffda0b39ab,monotonic_reads,network_partition,reader-1,read,mr-1c842de1-c4d8-4cca-a61c-04ffda0b39ab,,204,ONE,ALL,cassandra-2,True,False,2.845,2026-09-16T13:01:21.060625+00:00,
1c842de1-c4d8-4cca-a61c-04ffda0b39ab,monotonic_reads,network_partition,reader-1,read,mr-1c842de1-c4d8-4cca-a61c-04ffda0b39ab,,203,ONE,ALL,cassandra-3,True,True,3.94,2026-09-16T13:01:21.075355+00:00,
1c842de1-c4d8-4cca-a61c-04ffda0b39ab,monotonic_reads,network_partition,reader-1,read,mr-1c842de1-c4d8-4cca-a61c-04ffda0b39ab,,204,ONE,ALL,cassandra-1,True,False,3.486,2026-09-16T13:01:21.091325+00:00,
1c842de1-c4d8-4cca-a61c-04ffda0b39ab,monotonic_reads,network_partition,reader-1,read,mr-1c842de1-c4d8-4cca-a61c-04ffda0b39ab,,204,ONE,ALL,cassandra-2,True,False,4.145,2026-09-16T13:01:21.106310+00:00,
1c842de1-c4d8-4cca-a61c-04ffda0b39ab,monotonic_reads,network_partition,reader-1,read,mr-1c842de1-c4d8-4cca-a61c-04ffda0b39ab,,203,ONE,ALL,cassandra-3,True,True,3.858,2026-09-16T13:01:21.122706+00:00,
1c842de1-c4d8-4cca-a61c-04ffda0b39ab,monotonic_reads,network_partition,reader-1,read,mr-1c842de1-c4d8-4cca-a61c-04ffda0b39ab,,204,ONE,ALL,cassandra-1,True,False,3.032,2026-09-16T13:01:21.137199+00:00,
1c842de1-c4d8-4cca-a61c-04ffda0b39ab,monotonic_reads,network_partition,reader-1,read,mr-1c842de1-c4d8-4cca-a61c-04ffda0b39ab,,204,ONE,ALL,cassandra-2,True,False,3.408,2026-09-16T13:01:21.153198+00:00,
1c842de1-c4d8-4cca-a61c-04ffda0b39ab,monotonic_reads,network_partition,reader-1,read,mr-1c842de1-c4d8-4cca-a61c-04ffda0b39ab,,203,ONE,ALL,cassandra-3,True,True,4.076,2026-09-16T13:01:21.168837+00:00,
1c842de1-c4d8-4cca-a61c-04ffda0b39ab,monotonic_reads,network_partition,reader-1,read,mr-1c842de1-c4d8-4cca-a61c-04ffda0b39ab,,204,ONE,ALL,cassandra-1,True,False,3.454,2026-09-16T13:01:21.184062+00:00,
1c842de1-c4d8-4cca-a61c-04ffda0b39ab,monotonic_reads,network_partition,reader-1,read,mr-1c842de1-c4d8-4cca-a61c-04ffda0b39ab,,204,ONE,ALL,cassandra-2,True,False,3.744,2026-09-16T13:01:21.198553+00:00,
1c842de1-c4d8-4cca-a61c-04ffda0b39ab,monotonic_reads,network_partition,reader-1,read,mr-1c842de1-c4d8-4cca-a61c-04ffda0b39ab,,203,ONE,ALL,cassandra-3,True,True,3.791,2026-09-16T13:01:21.214341+00:00,
1c842de1-c4d8-4cca-a61c-04ffda0b39ab,monotonic_reads,network_partition,reader-1,read,mr-1c842de1-c4d8-4cca-a61c-04ffda0b39ab,,204,ONE,ALL,cassandra-1,True,False,3.425,2026-09-16T13:01:21.229212+00:00,
1c842de1-c4d8-4cca-a61c-04ffda0b39ab,monotonic_reads,network_partition,reader-1,read,mr-1c842de1-c4d8-4cca-a61c-04ffda0b39ab,,204,ONE,ALL,cassandra-2,True,False,3.458,2026-09-16T13:01:21.243247+00:00,
1c842de1-c4d8-4cca-a61c-04ffda0b39ab,monotonic_reads,network_partition,reader-1,read,mr-1c842de1-c4d8-4cca-a61c-04ffda0b39ab,,203,ONE,ALL,cassandra-3,True,True,3.037,2026-09-16T13:01:21.256527+00:00,
1c842de1-c4d8-4cca-a61c-04ffda0b39ab,monotonic_reads,network_partition,reader-1,read,mr-1c842de1-c4d8-4cca-a61c-04ffda0b39ab,,204,ONE,ALL,cassandra-1,True,False,3.429,2026-09-16T13:01:21.270383+00:00,
1c842de1-c4d8-4cca-a61c-04ffda0b39ab,monotonic_reads,network_partition,reader-1,read,mr-1c842de1-c4d8-4cca-a61c-04ffda0b39ab,,204,ONE,ALL,cassandra-2,True,False,3.941,2026-09-16T13:01:21.286138+00:00,
1c842de1-c4d8-4cca-a61c-04ffda0b39ab,monotonic_reads,network_partition,reader-1,read,mr-1c842de1-c4d8-4cca-a61c-04ffda0b39ab,,203,ONE,ALL,cassandra-3,True,True,3.036,2026-09-16T13:01:21.299559+00:00,
1c842de1-c4d8-4cca-a61c-04ffda0b39ab,monotonic_reads,network_partition,reader-1,read,mr-1c842de1-c4d8-4cca-a61c-04ffda0b39ab,,204,ONE,ALL,cassandra-1,True,False,3.391,2026-09-16T13:01:21.315198+00:00,
1c842de1-c4d8-4cca-a61c-04ffda0b39ab,monotonic_reads,network_partition,reader-1,read,mr-1c842de1-c4d8-4cca-a61c-04ffda0b39ab,,204,ONE,ALL,cassandra-2,True,False,3.888,2026-09-16T13:01:21.330684+00:00,
1c842de1-c4d8-4cca-a61c-04ffda0b39ab,monotonic_reads,network_partition,reader-1,read,mr-1c842de1-c4d8-4cca-a61c-04ffda0b39ab,,203,ONE,ALL,cassandra-3,True,True,3.476,2026-09-16T13:01:21.346278+00:00,
1c842de1-c4d8-4cca-a61c-04ffda0b39ab,monotonic_reads,network_partition,reader-1,read,mr-1c842de1-c4d8-4cca-a61c-04ffda0b39ab,,204,ONE,ALL,cassandra-1,True,False,3.198,2026-09-16T13:01:21.362254+00:00,
1c842de1-c4d8-4cca-a61c-04ffda0b39ab,monotonic_reads,network_partition,reader-1,read,mr-1c842de1-c4d8-4cca-a61c-04ffda0b39ab,,204,ONE,ALL,cassandra-2,True,False,3.409,2026-09-16T13:01:21.376578+00:00,
1c842de1-c4d8-4cca-a61c-04ffda0b39ab,monotonic_reads,network_partition,reader-1,read,mr-1c842de1-c4d8-4cca-a61c-04ffda0b39ab,,203,ONE,ALL,cassandra-3,True,True,3.387,2026-09-16T13:01:21.391442+00:00,
1c842de1-c4d8-4cca-a61c-04ffda0b39ab,monotonic_reads,network_partition,reader-1,read,mr-1c842de1-c4d8-4cca-a61c-04ffda0b39ab,,204,ONE,ALL,cassandra-1,True,False,3.461,2026-09-16T13:01:21.407601+00:00,
1c842de1-c4d8-4cca-a61c-04ffda0b39ab,monotonic_reads,network_partition,reader-1,read,mr-1c842de1-c4d8-4cca-a61c-04ffda0b39ab,,204,ONE,ALL,cassandra-2,True,False,2.904,2026-09-16T13:01:21.421688+00:00,
1c842de1-c4d8-4cca-a61c-04ffda0b39ab,monotonic_reads,network_partition,reader-1,read,mr-1c842de1-c4d8-4cca-a61c-04ffda0b39ab,,203,ONE,ALL,cassandra-3,True,True,3.55,2026-09-16T13:01:21.437905+00:00,
1c842de1-c4d8-4cca-a61c-04ffda0b39ab,monotonic_reads,network_partition,reader-1,read,mr-1c842de1-c4d8-4cca-a61c-04ffda0b39ab,,204,ONE,ALL,cassandra-1,True,False,4.305,2026-09-16T13:01:21.452459+00:00,
1c842de1-c4d8-4cca-a61c-04ffda0b39ab,monotonic_reads,network_partition,reader-1,read,mr-1c842de1-c4d8-4cca-a61c-04ffda0b39ab,,204,ONE,ALL,cassandra-2,True,False,3.416,2026-09-16T13:01:21.467148+00:00,
1c842de1-c4d8-4cca-a61c-04ffda0b39ab,monotonic_reads,network_partition,reader-1,read,mr-1c842de1-c4d8-4cca-a61c-04ffda0b39ab,,203,ONE,ALL,cassandra-3,True,True,3.217,2026-09-16T13:01:21.481038+00:00,
1c842de1-c4d8-4cca-a61c-04ffda0b39ab,monotonic_reads,network_partition,reader-1,read,mr-1c842de1-c4d8-4cca-a61c-04ffda0b39ab,,204,ONE,ALL,cassandra-1,True,False,10.021,2026-09-16T13:01:21.503356+00:00,
1c842de1-c4d8-4cca-a61c-04ffda0b39ab,monotonic_reads,network_partition,reader-1,read,mr-1c842de1-c4d8-4cca-a61c-04ffda0b39ab,,204,ONE,ALL,cassandra-2,True,False,2.208,2026-09-16T13:01:21.517713+00:00,
1c842de1-c4d8-4cca-a61c-04ffda0b39ab,monotonic_reads,network_partition,reader-1,read,mr-1c842de1-c4d8-4cca-a61c-04ffda0b39ab,,203,ONE,ALL,cassandra-3,True,True,2.044,2026-09-16T13:01:21.532470+00:00,
1c842de1-c4d8-4cca-a61c-04ffda0b39ab,monotonic_reads,network_partition,reader-1,read,mr-1c842de1-c4d8-4cca-a61c-04ffda0b39ab,,204,ONE,ALL,cassandra-1,True,False,3.694,2026-09-16T13:01:21.547345+00:00,
1c842de1-c4d8-4cca-a61c-04ffda0b39ab,monotonic_reads,network_partition,reader-1,read,mr-1c842de1-c4d8-4cca-a61c-04ffda0b39ab,,204,ONE,ALL,cassandra-2,True,False,3.673,2026-09-16T13:01:21.563716+00:00,
1c842de1-c4d8-4cca-a61c-04ffda0b39ab,monotonic_reads,network_partition,reader-1,read,mr-1c842de1-c4d8-4cca-a61c-04ffda0b39ab,,203,ONE,ALL,cassandra-3,True,True,2.814,2026-09-16T13:01:21.576839+00:00,
1c842de1-c4d8-4cca-a61c-04ffda0b39ab,monotonic_reads,network_partition,reader-1,read,mr-1c842de1-c4d8-4cca-a61c-04ffda0b39ab,,204,ONE,ALL,cassandra-1,True,False,3.14,2026-09-16T13:01:21.592407+00:00,
1c842de1-c4d8-4cca-a61c-04ffda0b39ab,monotonic_reads,network_partition,reader-1,read,mr-1c842de1-c4d8-4cca-a61c-04ffda0b39ab,,204,ONE,ALL,cassandra-2,True,False,4.061,2026-09-16T13:01:21.609138+00:00,
1c842de1-c4d8-4cca-a61c-04ffda0b39ab,monotonic_reads,network_partition,reader-1,read,mr-1c842de1-c4d8-4cca-a61c-04ffda0b39ab,,203,ONE,ALL,cassandra-3,True,True,3.718,2026-09-16T13:01:21.623325+00:00,
1c842de1-c4d8-4cca-a61c-04ffda0b39ab,monotonic_reads,network_partition,reader-1,read,mr-1c842de1-c4d8-4cca-a61c-04ffda0b39ab,,204,ONE,ALL,cassandra-1,True,False,2.763,2026-09-16T13:01:21.636509+00:00,
1c842de1-c4d8-4cca-a61c-04ffda0b39ab,monotonic_reads,network_partition,reader-1,read,mr-1c842de1-c4d8-4cca-a61c-04ffda0b39ab,,204,ONE,ALL,cassandra-2,True,False,3.089,2026-09-16T13:01:21.651108+00:00,
1c842de1-c4d8-4cca-a61c-04ffda0b39ab,monotonic_reads,network_partition,reader-1,read,mr-1c842de1-c4d8-4cca-a61c-04ffda0b39ab,,203,ONE,ALL,cassandra-3,True,True,3.614,2026-09-16T13:01:21.667419+00:00,
1c842de1-c4d8-4cca-a61c-04ffda0b39ab,monotonic_reads,network_partition,reader-1,read,mr-1c842de1-c4d8-4cca-a61c-04ffda0b39ab,,204,ONE,ALL,cassandra-1,True,False,3.83,2026-09-16T13:01:21.683015+00:00,
1c842de1-c4d8-4cca-a61c-04ffda0b39ab,monotonic_reads,network_partition,reader-1,read,mr-1c842de1-c4d8-4cca-a61c-04ffda0b39ab,,204,ONE,ALL,cassandra-2,True,False,3.956,2026-09-16T13:01:21.699650+00:00,
1c842de1-c4d8-4cca-a61c-04ffda0b39ab,monotonic_reads,network_partition,reader-1,read,mr-1c842de1-c4d8-4cca-a61c-04ffda0b39ab,,203,ONE,ALL,cassandra-3,True,True,3.321,2026-09-16T13:01:21.714714+00:00,
1c842de1-c4d8-4cca-a61c-04ffda0b39ab,monotonic_reads,network_partition,reader-1,read,mr-1c842de1-c4d8-4cca-a61c-04ffda0b39ab,,204,ONE,ALL,cassandra-1,True,False,3.005,2026-09-16T13:01:21.729695+00:00,
1c842de1-c4d8-4cca-a61c-04ffda0b39ab,monotonic_reads,network_partition,reader-1,read,mr-1c842de1-c4d8-4cca-a61c-04ffda0b39ab,,204,ONE,ALL,cassandra-2,True,False,3.351,2026-09-16T13:01:21.744010+00:00,
1c842de1-c4d8-4cca-a61c-04ffda0b39ab,monotonic_reads,network_partition,reader-1,read,mr-1c842de1-c4d8-4cca-a61c-04ffda0b39ab,,203,ONE,ALL,cassandra-3,True,True,3.463,2026-09-16T13:01:21.759787+00:00,
1c842de1-c4d8-4cca-a61c-04ffda0b39ab,monotonic_reads,network_partition,reader-1,read,mr-1c842de1-c4d8-4cca-a61c-04ffda0b39ab,,204,ONE,ALL,cassandra-1,True,False,4.223,2026-09-16T13:01:21.776508+00:00,
1c842de1-c4d8-4cca-a61c-04ffda0b39ab,monotonic_reads,network_partition,reader-1,read,mr-1c842de1-c4d8-4cca-a61c-04ffda0b39ab,,204,ONE,ALL,cassandra-2,True,False,4.148,2026-09-16T13:01:21.793394+00:00,
1c842de1-c4d8-4cca-a61c-04ffda0b39ab,monotonic_reads,network_partition,reader-1,read,mr-1c842de1-c4d8-4cca-a61c-04ffda0b39ab,,203,ONE,ALL,cassandra-3,True,True,3.971,2026-09-16T13:01:21.810081+00:00,
1c842de1-c4d8-4cca-a61c-04ffda0b39ab,monotonic_reads,network_partition,reader-1,read,mr-1c842de1-c4d8-4cca-a61c-04ffda0b39ab,,204,ONE,ALL,cassandra-1,True,False,3.726,2026-09-16T13:01:21.825534+00:00,
1c842de1-c4d8-4cca-a61c-04ffda0b39ab,monotonic_reads,network_partition,reader-1,read,mr-1c842de1-c4d8-4cca-a61c-04ffda0b39ab,,204,ONE,ALL,cassandra-2,True,False,3.959,2026-09-16T13:01:21.842279+00:00,
1c842de1-c4d8-4cca-a61c-04ffda0b39ab,monotonic_reads,network_partition,reader-1,read,mr-1c842de1-c4d8-4cca-a61c-04ffda0b39ab,,203,ONE,ALL,cassandra-3,True,True,1.932,2026-09-16T13:01:21.855713+00:00,
1c842de1-c4d8-4cca-a61c-04ffda0b39ab,monotonic_reads,network_partition,reader-1,read,mr-1c842de1-c4d8-4cca-a61c-04ffda0b39ab,,204,ONE,ALL,cassandra-1,True,False,3.258,2026-09-16T13:01:21.870052+00:00,
1c842de1-c4d8-4cca-a61c-04ffda0b39ab,monotonic_reads,network_partition,reader-1,read,mr-1c842de1-c4d8-4cca-a61c-04ffda0b39ab,,204,ONE,ALL,cassandra-2,True,False,3.327,2026-09-16T13:01:21.885132+00:00,
1c842de1-c4d8-4cca-a61c-04ffda0b39ab,monotonic_reads,network_partition,reader-1,read,mr-1c842de1-c4d8-4cca-a61c-04ffda0b39ab,,203,ONE,ALL,cassandra-3,True,True,4.126,2026-09-16T13:01:21.900631+00:00,
1c842de1-c4d8-4cca-a61c-04ffda0b39ab,monotonic_reads,network_partition,reader-1,read,mr-1c842de1-c4d8-4cca-a61c-04ffda0b39ab,,204,ONE,ALL,cassandra-1,True,False,3.942,2026-09-16T13:01:21.917309+00:00,
1c842de1-c4d8-4cca-a61c-04ffda0b39ab,monotonic_reads,network_partition,reader-1,read,mr-1c842de1-c4d8-4cca-a61c-04ffda0b39ab,,204,ONE,ALL,cassandra-2,True,False,4.642,2026-09-16T13:01:21.933832+00:00,
1c842de1-c4d8-4cca-a61c-04ffda0b39ab,monotonic_reads,network_partition,reader-1,read,mr-1c842de1-c4d8-4cca-a61c-04ffda0b39ab,,203,ONE,ALL,cassandra-3,True,True,3.955,2026-09-16T13:01:21.948734+00:00,
1c842de1-c4d8-4cca-a61c-04ffda0b39ab,monotonic_reads,network_partition,reader-1,read,mr-1c842de1-c4d8-4cca-a61c-04ffda0b39ab,,204,ONE,ALL,cassandra-1,True,False,3.66,2026-09-16T13:01:21.964455+00:00,
1c842de1-c4d8-4cca-a61c-04ffda0b39ab,monotonic_reads,network_partition,reader-1,read,mr-1c842de1-c4d8-4cca-a61c-04ffda0b39ab,,204,ONE,ALL,cassandra-2,True,False,5.475,2026-09-16T13:01:21.982142+00:00,
1c842de1-c4d8-4cca-a61c-04ffda0b39ab,monotonic_reads,network_partition,reader-1,read,mr-1c842de1-c4d8-4cca-a61c-04ffda0b39ab,,203,ONE,ALL,cassandra-3,True,True,5.191,2026-09-16T13:01:21.999131+00:00,
1c842de1-c4d8-4cca-a61c-04ffda0b39ab,monotonic_reads,network_partition,reader-1,read,mr-1c842de1-c4d8-4cca-a61c-04ffda0b39ab,,204,ONE,ALL,cassandra-1,True,False,4.609,2026-09-16T13:01:22.015902+00:00,
1c842de1-c4d8-4cca-a61c-04ffda0b39ab,monotonic_reads,network_partition,reader-1,read,mr-1c842de1-c4d8-4cca-a61c-04ffda0b39ab,,204,ONE,ALL,cassandra-2,True,False,3.847,2026-09-16T13:01:22.030666+00:00,
1c842de1-c4d8-4cca-a61c-04ffda0b39ab,monotonic_reads,network_partition,reader-1,read,mr-1c842de1-c4d8-4cca-a61c-04ffda0b39ab,,203,ONE,ALL,cassandra-3,True,True,3.628,2026-09-16T13:01:22.045906+00:00,
1c842de1-c4d8-4cca-a61c-04ffda0b39ab,monotonic_reads,network_partition,reader-1,read,mr-1c842de1-c4d8-4cca-a61c-04ffda0b39ab,,204,ONE,ALL,cassandra-1,True,False,3.817,2026-09-16T13:01:22.061986+00:00,
1c842de1-c4d8-4cca-a61c-04ffda0b39ab,monotonic_reads,network_partition,reader-1,read,mr-1c842de1-c4d8-4cca-a61c-04ffda0b39ab,,204,ONE,ALL,cassandra-2,True,False,3.957,2026-09-16T13:01:22.077771+00:00,
1c842de1-c4d8-4cca-a61c-04ffda0b39ab,monotonic_reads,network_partition,reader-1,read,mr-1c842de1-c4d8-4cca-a61c-04ffda0b39ab,,203,ONE,ALL,cassandra-3,True,True,3.782,2026-09-16T13:01:22.093501+00:00,
1c842de1-c4d8-4cca-a61c-04ffda0b39ab,monotonic_reads,network_partition,reader-1,read,mr-1c842de1-c4d8-4cca-a61c-04ffda0b39ab,,204,ONE,ALL,cassandra-1,True,False,4.968,2026-09-16T13:01:22.110997+00:00,
1c842de1-c4d8-4cca-a61c-04ffda0b39ab,monotonic_reads,network_partition,reader-1,read,mr-1c842de1-c4d8-4cca-a61c-04ffda0b39ab,,204,ONE,ALL,cassandra-2,True,False,3.948,2026-09-16T13:01:22.127691+00:00,
1c842de1-c4d8-4cca-a61c-04ffda0b39ab,monotonic_reads,network_partition,reader-1,read,mr-1c842de1-c4d8-4cca-a61c-04ffda0b39ab,,203,ONE,ALL,cassandra-3,True,True,3.785,2026-09-16T13:01:22.144230+00:00,
1c842de1-c4d8-4cca-a61c-04ffda0b39ab,monotonic_reads,network_partition,reader-1,read,mr-1c842de1-c4d8-4cca-a61c-04ffda0b39ab,,204,ONE,ALL,cassandra-1,True,False,4.046,2026-09-16T13:01:22.158828+00:00,
1c842de1-c4d8-4cca-a61c-04ffda0b39ab,monotonic_reads,network_partition,reader-1,read,mr-1c842de1-c4d8-4cca-a61c-04ffda0b39ab,,204,ONE,ALL,cassandra-2,True,False,2.996,2026-09-16T13:01:22.174577+00:00,
1c842de1-c4d8-4cca-a61c-04ffda0b39ab,monotonic_reads,network_partition,reader-1,read,mr-1c842de1-c4d8-4cca-a61c-04ffda0b39ab,,203,ONE,ALL,cassandra-3,True,True,2.538,2026-09-16T13:01:22.189708+00:00,
1c842de1-c4d8-4cca-a61c-04ffda0b39ab,monotonic_reads,network_partition,reader-1,read,mr-1c842de1-c4d8-4cca-a61c-04ffda0b39ab,,204,ONE,ALL,cassandra-1,True,False,3.015,2026-09-16T13:01:22.203799+00:00,
1c842de1-c4d8-4cca-a61c-04ffda0b39ab,monotonic_reads,network_partition,reader-1,read,mr-1c842de1-c4d8-4cca-a61c-04ffda0b39ab,,204,ONE,ALL,cassandra-2,True,False,4.079,2026-09-16T13:01:22.220641+00:00,
1c842de1-c4d8-4cca-a61c-04ffda0b39ab,monotonic_reads,network_partition,reader-1,read,mr-1c842de1-c4d8-4cca-a61c-04ffda0b39ab,,203,ONE,ALL,cassandra-3,True,True,3.929,2026-09-16T13:01:22.237216+00:00,
1c842de1-c4d8-4cca-a61c-04ffda0b39ab,monotonic_reads,network_partition,reader-1,read,mr-1c842de1-c4d8-4cca-a61c-04ffda0b39ab,,204,ONE,ALL,cassandra-1,True,False,3.199,2026-09-16T13:01:22.250967+00:00,
1c842de1-c4d8-4cca-a61c-04ffda0b39ab,monotonic_reads,network_partition,reader-1,read,mr-1c842de1-c4d8-4cca-a61c-04ffda0b39ab,,204,ONE,ALL,cassandra-2,True,False,3.347,2026-09-16T13:01:22.266016+00:00,
1c842de1-c4d8-4cca-a61c-04ffda0b39ab,monotonic_reads,network_partition,reader-1,read,mr-1c842de1-c4d8-4cca-a61c-04ffda0b39ab,,203,ONE,ALL,cassandra-3,True,True,3.653,2026-09-16T13:01:22.280430+00:00,
1c842de1-c4d8-4cca-a61c-04ffda0b39ab,monotonic_reads,network_partition,reader-1,read,mr-1c842de1-c4d8-4cca-a61c-04ffda0b39ab,,204,ONE,ALL,cassandra-1,True,False,3.356,2026-09-16T13:01:22.296433+00:00,
1c842de1-c4d8-4cca-a61c-04ffda0b39ab,monotonic_reads,network_partition,reader-1,read,mr-1c842de1-c4d8-4cca-a61c-04ffda0b39ab,,204,ONE,ALL,cassandra-2,True,False,3.337,2026-09-16T13:01:22.312503+00:00,
1c842de1-c4d8-4cca-a61c-04ffda0b39ab,monotonic_reads,network_partition,reader-1,read,mr-1c842de1-c4d8-4cca-a61c-04ffda0b39ab,,203,ONE,ALL,cassandra-3,True,True,4.04,2026-09-16T13:01:22.327817+00:00,
1c842de1-c4d8-4cca-a61c-04ffda0b39ab,monotonic_reads,network_partition,reader-1,read,mr-1c842de1-c4d8-4cca-a61c-04ffda0b39ab,,204,ONE,ALL,cassandra-1,True,False,3.828,2026-09-16T13:01:22.342059+00:00,
1c842de1-c4d8-4cca-a61c-04ffda0b39ab,monotonic_reads,network_partition,reader-1,read,mr-1c842de1-c4d8-4cca-a61c-04ffda0b39ab,,204,ONE,ALL,cassandra-2,True,False,3.732,2026-09-16T13:01:22.358025+00:00,
1c842de1-c4d8-4cca-a61c-04ffda0b39ab,monotonic_reads,network_partition,reader-1,read,mr-1c842de1-c4d8-4cca-a61c-04ffda0b39ab,,203,ONE,ALL,cassandra-3,True,True,3.748,2026-09-16T13:01:22.372546+00:00,
1c842de1-c4d8-4cca-a61c-04ffda0b39ab,monotonic_reads,network_partition,reader-1,read,mr-1c842de1-c4d8-4cca-a61c-04ffda0b39ab,,204,ONE,ALL,cassandra-1,True,False,3.319,2026-09-16T13:01:22.386096+00:00,
1c842de1-c4d8-4cca-a61c-04ffda0b39ab,monotonic_reads,network_partition,reader-1,read,mr-1c842de1-c4d8-4cca-a61c-04ffda0b39ab,,204,ONE,ALL,cassandra-2,True,False,3.343,2026-09-16T13:01:22.400721+00:00,
1c842de1-c4d8-4cca-a61c-04ffda0b39ab,monotonic_reads,network_partition,reader-1,read,mr-1c842de1-c4d8-4cca-a61c-04ffda0b39ab,,203,ONE,ALL,cassandra-3,True,True,4.152,2026-09-16T13:01:22.417337+00:00,
1c842de1-c4d8-4cca-a61c-04ffda0b39ab,monotonic_reads,network_partition,reader-1,read,mr-1c842de1-c4d8-4cca-a61c-04ffda0b39ab,,204,ONE,ALL,cassandra-1,True,False,3.486,2026-09-16T13:01:22.433078+00:00,
1c842de1-c4d8-4cca-a61c-04ffda0b39ab,monotonic_reads,network_partition,reader-1,read,mr-1c842de1-c4d8-4cca-a61c-04ffda0b39ab,,204,ONE,ALL,cassandra-2,True,False,3.274,2026-09-16T13:01:22.448356+00:00,
1c842de1-c4d8-4cca-a61c-04ffda0b39ab,monotonic_reads,network_partition,reader-1,read,mr-1c842de1-c4d8-4cca-a61c-04ffda0b39ab,,203,ONE,ALL,cassandra-3,True,True,3.661,2026-09-16T13:01:22.464443+00:00,
1c842de1-c4d8-4cca-a61c-04ffda0b39ab,monotonic_reads,network_partition,reader-1,read,mr-1c842de1-c4d8-4cca-a61c-04ffda0b39ab,,204,ONE,ALL,cassandra-1,True,False,3.247,2026-09-16T13:01:22.479434+00:00,
1c842de1-c4d8-4cca-a61c-04ffda0b39ab,monotonic_reads,network_partition,reader-1,read,mr-1c842de1-c4d8-4cca-a61c-04ffda0b39ab,,204,ONE,ALL,cassandra-2,True,False,4.885,2026-09-16T13:01:22.496306+00:00,
1c842de1-c4d8-4cca-a61c-04ffda0b39ab,monotonic_reads,network_partition,reader-1,read,mr-1c842de1-c4d8-4cca-a61c-04ffda0b39ab,,203,ONE,ALL,cassandra-3,True,True,3.945,2026-09-16T13:01:22.513032+00:00,
1c842de1-c4d8-4cca-a61c-04ffda0b39ab,monotonic_reads,network_partition,reader-1,read,mr-1c842de1-c4d8-4cca-a61c-04ffda0b39ab,,204,ONE,ALL,cassandra-1,True,False,2.193,2026-09-16T13:01:22.525894+00:00,
1c842de1-c4d8-4cca-a61c-04ffda0b39ab,monotonic_reads,network_partition,reader-1,read,mr-1c842de1-c4d8-4cca-a61c-04ffda0b39ab,,204,ONE,ALL,cassandra-2,True,False,3.274,2026-09-16T13:01:22.540871+00:00,
1c842de1-c4d8-4cca-a61c-04ffda0b39ab,monotonic_reads,network_partition,reader-1,read,mr-1c842de1-c4d8-4cca-a61c-04ffda0b39ab,,203,ONE,ALL,cassandra-3,True,True,2.572,2026-09-16T13:01:22.553839+00:00,
1c842de1-c4d8-4cca-a61c-04ffda0b39ab,monotonic_reads,network_partition,reader-1,read,mr-1c842de1-c4d8-4cca-a61c-04ffda0b39ab,,204,ONE,ALL,cassandra-1,True,False,2.627,2026-09-16T13:01:22.567267+00:00,
1c842de1-c4d8-4cca-a61c-04ffda0b39ab,monotonic_reads,network_partition,reader-1,read,mr-1c842de1-c4d8-4cca-a61c-04ffda0b39ab,,204,ONE,ALL,cassandra-2,True,False,3.215,2026-09-16T13:01:22.582483+00:00,
1c842de1-c4d8-4cca-a61c-04ffda0b39ab,monotonic_reads,network_partition,reader-1,read,mr-1c842de1-c4d8-4cca-a61c-04ffda0b39ab,,203,ONE,ALL,cassandra-3,True,True,3.398,2026-09-16T13:01:22.596696+00:00,
1c842de1-c4d8-4cca-a61c-04ffda0b39ab,monotonic_reads,network_partition,reader-1,read,mr-1c842de1-c4d8-4cca-a61c-04ffda0b39ab,,204,ONE,ALL,cassandra-1,True,False,8.876,2026-09-16T13:01:22.616751+00:00,
1c842de1-c4d8-4cca-a61c-04ffda0b39ab,monotonic_reads,network_partition,reader-1,read,mr-1c842de1-c4d8-4cca-a61c-04ffda0b39ab,,204,ONE,ALL,cassandra-2,True,False,3.436,2026-09-16T13:01:22.632907+00:00,
1c842de1-c4d8-4cca-a61c-04ffda0b39ab,monotonic_reads,network_partition,reader-1,read,mr-1c842de1-c4d8-4cca-a61c-04ffda0b39ab,,203,ONE,ALL,cassandra-3,True,True,4.155,2026-09-16T13:01:22.647931+00:00,
1c842de1-c4d8-4cca-a61c-04ffda0b39ab,monotonic_reads,network_partition,reader-1,read,mr-1c842de1-c4d8-4cca-a61c-04ffda0b39ab,,204,ONE,ALL,cassandra-1,True,False,4.39,2026-09-16T13:01:22.664352+00:00,
1c842de1-c4d8-4cca-a61c-04ffda0b39ab,monotonic_reads,network_partition,reader-1,read,mr-1c842de1-c4d8-4cca-a61c-04ffda0b39ab,,204,ONE,ALL,cassandra-2,True,False,4.083,2026-09-16T13:01:22.680719+00:00,
1c842de1-c4d8-4cca-a61c-04ffda0b39ab,monotonic_reads,network_partition,reader-1,read,mr-1c842de1-c4d8-4cca-a61c-04ffda0b39ab,,203,ONE,ALL,cassandra-3,True,True,4.548,2026-09-16T13:01:22.698087+00:00,
1c842de1-c4d8-4cca-a61c-04ffda0b39ab,monotonic_reads,network_partition,reader-1,read,mr-1c842de1-c4d8-4cca-a61c-04ffda0b39ab,,204,ONE,ALL,cassandra-1,True,False,3.347,2026-09-16T13:01:22.713081+00:00,
1c842de1-c4d8-4cca-a61c-04ffda0b39ab,monotonic_reads,network_partition,reader-1,read,mr-1c842de1-c4d8-4cca-a61c-04ffda0b39ab,,204,ONE,ALL,cassandra-2,True,False,2.991,2026-09-16T13:01:22.728769+00:00,
1c842de1-c4d8-4cca-a61c-04ffda0b39ab,monotonic_reads,network_partition,reader-1,read,mr-1c842de1-c4d8-4cca-a61c-04ffda0b39ab,,203,ONE,ALL,cassandra-3,True,True,3.586,2026-09-16T13:01:22.743909+00:00,
1c842de1-c4d8-4cca-a61c-04ffda0b39ab,monotonic_reads,network_partition,reader-1,read,mr-1c842de1-c4d8-4cca-a61c-04ffda0b39ab,,204,ONE,ALL,cassandra-1,True,False,3.114,2026-09-16T13:01:22.759573+00:00,
1c842de1-c4d8-4cca-a61c-04ffda0b39ab,monotonic_reads,network_partition,reader-1,read,mr-1c842de1-c4d8-4cca-a61c-04ffda0b39ab,,204,ONE,ALL,cassandra-2,True,False,4.595,2026-09-16T13:01:22.776182+00:00,
1c842de1-c4d8-4cca-a61c-04ffda0b39ab,monotonic_reads,network_partition,reader-1,read,mr-1c842de1-c4d8-4cca-a61c-04ffda0b39ab,,203,ONE,ALL,cassandra-3,True,True,3.189,2026-09-16T13:01:22.792088+00:00,
1c842de1-c4d8-4cca-a61c-04ffda0b39ab,monotonic_reads,network_partition,reader-1,read,mr-1c842de1-c4d8-4cca-a61c-04ffda0b39ab,,204,ONE,ALL,cassandra-1,True,False,3.857,2026-09-16T13:01:22.806653+00:00,
1c842de1-c4d8-4cca-a61c-04ffda0b39ab,monotonic_reads,network_partition,reader-1,read,mr-1c842de1-c4d8-4cca-a61c-04ffda0b39ab,,204,ONE,ALL,cassandra-2,True,False,3.477,2026-09-16T13:01:22.821658+00:00,
1c842de1-c4d8-4cca-a61c-04ffda0b39ab,monotonic_reads,network_partition,reader-1,read,mr-1c842de1-c4d8-4cca-a61c-04ffda0b39ab,,203,ONE,ALL,cassandra-3,True,True,1.718,2026-09-16T13:01:22.835573+00:00,
1c842de1-c4d8-4cca-a61c-04ffda0b39ab,monotonic_reads,network_partition,reader-1,read,mr-1c842de1-c4d8-4cca-a61c-04ffda0b39ab,,204,ONE,ALL,cassandra-1,True,False,3.74,2026-09-16T13:01:22.849894+00:00,
1c842de1-c4d8-4cca-a61c-04ffda0b39ab,monotonic_reads,network_partition,reader-1,read,mr-1c842de1-c4d8-4cca-a61c-04ffda0b39ab,,204,ONE,ALL,cassandra-2,True,False,4.02,2026-09-16T13:01:22.866309+00:00,
1c842de1-c4d8-4cca-a61c-04ffda0b39ab,monotonic_reads,network_partition,reader-1,read,mr-1c842de1-c4d8-4cca-a61c-04ffda0b39ab,,203,ONE,ALL,cassandra-3,True,True,4.055,2026-09-16T13:01:22.880702+00:00,
1c842de1-c4d8-4cca-a61c-04ffda0b39ab,monotonic_reads,network_partition,reader-1,read,mr-1c842de1-c4d8-4cca-a61c-04ffda0b39ab,,204,ONE,ALL,cassandra-1,True,False,4.765,2026-09-16T13:01:22.898225+00:00,
1c842de1-c4d8-4cca-a61c-04ffda0b39ab,monotonic_reads,network_partition,reader-1,read,mr-1c842de1-c4d8-4cca-a61c-04ffda0b39ab,,204,ONE,ALL,cassandra-2,True,False,3.617,2026-09-16T13:01:22.914407+00:00,
1c842de1-c4d8-4cca-a61c-04ffda0b39ab,monotonic_reads,network_partition,reader-1,read,mr-1c842de1-c4d8-4cca-a61c-04ffda0b39ab,,203,ONE,ALL,cassandra-3,True,True,3.843,2026-09-16T13:01:22.930621+00:00,
1c842de1-c4d8-4cca-a61c-04ffda0b39ab,monotonic_reads,network_partition,reader-1,read,mr-1c842de1-c4d8-4cca-a61c-04ffda0b39ab,,204,ONE,ALL,cassandra-1,True,False,4.11,2026-09-16T13:01:22.947450+00:00,
1c842de1-c4d8-4cca-a61c-04ffda0b39ab,monotonic_reads,network_partition,reader-1,read,mr-1c842de1-c4d8-4cca-a61c-04ffda0b39ab,,204,ONE,ALL,cassandra-2,True,False,3.613,2026-09-16T13:01:22.962157+00:00,
1c842de1-c4d8-4cca-a61c-04ffda0b39ab,monotonic_reads,network_partition,reader-1,read,mr-1c842de1-c4d8-4cca-a61c-04ffda0b39ab,,203,ONE,ALL,cassandra-3,True,True,2.984,2026-09-16T13:01:22.975741+00:00,
1c842de1-c4d8-4cca-a61c-04ffda0b39ab,monotonic_reads,network_partition,reader-1,read,mr-1c842de1-c4d8-4cca-a61c-04ffda0b39ab,,204,ONE,ALL,cassandra-1,True,False,3.523,2026-09-16T13:01:22.991931+00:00,
1c842de1-c4d8-4cca-a61c-04ffda0b39ab,monotonic_reads,network_partition,reader-1,read,mr-1c842de1-c4d8-4cca-a61c-04ffda0b39ab,,204,ONE,ALL,cassandra-2,True,False,3.827,2026-09-16T13:01:23.007110+00:00,
1c842de1-c4d8-4cca-a61c-04ffda0b39ab,monotonic_reads,network_partition,reader-1,read,mr-1c842de1-c4d8-4cca-a61c-04ffda0b39ab,,203,ONE,ALL,cassandra-3,True,True,4.684,2026-09-16T13:01:23.022519+00:00,
1c842de1-c4d8-4cca-a61c-04ffda0b39ab,monotonic_reads,network_partition,reader-1,read,mr-1c842de1-c4d8-4cca-a61c-04ffda0b39ab,,204,ONE,ALL,cassandra-1,True,False,3.18,2026-09-16T13:01:23.035955+00:00,
1c842de1-c4d8-4cca-a61c-04ffda0b39ab,monotonic_reads,network_partition,reader-1,read,mr-1c842de1-c4d8-4cca-a61c-04ffda0b39ab,,204,ONE,ALL,cassandra-2,True,False,2.939,2026-09-16T13:01:23.051499+00:00,
1c842de1-c4d8-4cca-a61c-04ffda0b39ab,monotonic_reads,network_partition,reader-1,read,mr-1c842de1-c4d8-4cca-a61c-04ffda0b39ab,,203,ONE,ALL,cassandra-3,True,True,3.562,2026-09-16T13:01:23.065762+00:00,
1c842de1-c4d8-4cca-a61c-04ffda0b39ab,monotonic_reads,network_partition,reader-1,read,mr-1c842de1-c4d8-4cca-a61c-04ffda0b39ab,,204,ONE,ALL,cassandra-1,True,False,3.559,2026-09-16T13:01:23.081226+00:00,
1c842de1-c4d8-4cca-a61c-04ffda0b39ab,monotonic_reads,network_partition,reader-1,read,mr-1c842de1-c4d8-4cca-a61c-04ffda0b39ab,,204,ONE,ALL,cassandra-2,True,False,3.982,2026-09-16T13:01:23.097565+00:00,
1c842de1-c4d8-4cca-a61c-04ffda0b39ab,monotonic_reads,network_partition,reader-1,read,mr-1c842de1-c4d8-4cca-a61c-04ffda0b39ab,,203,ONE,ALL,cassandra-3,True,True,4.713,2026-09-16T13:01:23.115040+00:00,
1c842de1-c4d8-4cca-a61c-04ffda0b39ab,monotonic_reads,network_partition,reader-1,read,mr-1c842de1-c4d8-4cca-a61c-04ffda0b39ab,,204,ONE,ALL,cassandra-1,True,False,4.807,2026-09-16T13:01:23.131005+00:00,
1c842de1-c4d8-4cca-a61c-04ffda0b39ab,monotonic_reads,network_partition,reader-1,read,mr-1c842de1-c4d8-4cca-a61c-04ffda0b39ab,,204,ONE,ALL,cassandra-2,True,False,3.321,2026-09-16T13:01:23.146593+00:00,
1c842de1-c4d8-4cca-a61c-04ffda0b39ab,monotonic_reads,network_partition,reader-1,read,mr-1c842de1-c4d8-4cca-a61c-04ffda0b39ab,,203,ONE,ALL,cassandra-3,True,True,10.483,2026-09-16T13:01:23.169426+00:00,
1c842de1-c4d8-4cca-a61c-04ffda0b39ab,monotonic_reads,network_partition,reader-1,read,mr-1c842de1-c4d8-4cca-a61c-04ffda0b39ab,,204,ONE,ALL,cassandra-1,True,False,1.801,2026-09-16T13:01:23.181562+00:00,
1c842de1-c4d8-4cca-a61c-04ffda0b39ab,monotonic_reads,network_partition,reader-1,read,mr-1c842de1-c4d8-4cca-a61c-04ffda0b39ab,,204,ONE,ALL,cassandra-2,True,False,2.123,2026-09-16T13:01:23.195697+00:00,
1c842de1-c4d8-4cca-a61c-04ffda0b39ab,monotonic_reads,network_partition,reader-1,read,mr-1c842de1-c4d8-4cca-a61c-04ffda0b39ab,,203,ONE,ALL,cassandra-3,True,True,2.677,2026-09-16T13:01:23.209436+00:00,
1c842de1-c4d8-4cca-a61c-04ffda0b39ab,monotonic_reads,network_partition,reader-1,read,mr-1c842de1-c4d8-4cca-a61c-04ffda0b39ab,,204,ONE,ALL,cassandra-1,True,False,3.412,2026-09-16T13:01:23.225179+00:00,
1c842de1-c4d8-4cca-a61c-04ffda0b39ab,monotonic_reads,network_partition,reader-1,read,mr-1c842de1-c4d8-4cca-a61c-04ffda0b39ab,,204,ONE,ALL,cassandra-2,True,False,3.727,2026-09-16T13:01:23.241621+00:00,
1c842de1-c4d8-4cca-a61c-04ffda0b39ab,monotonic_reads,network_partition,reader-1,read,mr-1c842de1-c4d8-4cca-a61c-04ffda0b39ab,,203,ONE,ALL,cassandra-3,True,True,4.011,2026-09-16T13:01:23.258397+00:00,
1c842de1-c4d8-4cca-a61c-04ffda0b39ab,monotonic_reads,network_partition,reader-1,read,mr-1c842de1-c4d8-4cca-a61c-04ffda0b39ab,,204,ONE,ALL,cassandra-1,True,False,5.938,2026-09-16T13:01:23.276742+00:00,
1c842de1-c4d8-4cca-a61c-04ffda0b39ab,monotonic_reads,network_partition,reader-1,read,mr-1c842de1-c4d8-4cca-a61c-04ffda0b39ab,,204,ONE,ALL,cassandra-2,True,False,4.077,2026-09-16T13:01:23.293582+00:00,
1c842de1-c4d8-4cca-a61c-04ffda0b39ab,monotonic_reads,network_partition,reader-1,read,mr-1c842de1-c4d8-4cca-a61c-04ffda0b39ab,,203,ONE,ALL,cassandra-3,True,True,4.084,2026-09-16T13:01:23.310367+00:00,
1c842de1-c4d8-4cca-a61c-04ffda0b39ab,monotonic_reads,network_partition,reader-1,read,mr-1c842de1-c4d8-4cca-a61c-04ffda0b39ab,,204,ONE,ALL,cassandra-1,True,False,2.943,2026-09-16T13:01:23.325991+00:00,
1c842de1-c4d8-4cca-a61c-04ffda0b39ab,monotonic_reads,network_partition,reader-1,read,mr-1c842de1-c4d8-4cca-a61c-04ffda0b39ab,,204,ONE,ALL,cassandra-2,True,False,2.909,2026-09-16T13:01:23.339680+00:00,
1c842de1-c4d8-4cca-a61c-04ffda0b39ab,monotonic_reads,network_partition,reader-1,read,mr-1c842de1-c4d8-4cca-a61c-04ffda0b39ab,,203,ONE,ALL,cassandra-3,True,True,4.017,2026-09-16T13:01:23.355430+00:00,
1c842de1-c4d8-4cca-a61c-04ffda0b39ab,monotonic_reads,network_partition,reader-1,read,mr-1c842de1-c4d8-4cca-a61c-04ffda0b39ab,,204,ONE,ALL,cassandra-1,True,False,2.934,2026-09-16T13:01:23.371058+00:00,
1c842de1-c4d8-4cca-a61c-04ffda0b39ab,monotonic_reads,network_partition,reader-1,read,mr-1c842de1-c4d8-4cca-a61c-04ffda0b39ab,,204,ONE,ALL,cassandra-2,True,False,4.208,2026-09-16T13:01:23.386980+00:00,
1c842de1-c4d8-4cca-a61c-04ffda0b39ab,monotonic_reads,network_partition,reader-1,read,mr-1c842de1-c4d8-4cca-a61c-04ffda0b39ab,,203,ONE,ALL,cassandra-3,True,True,3.205,2026-09-16T13:01:23.401209+00:00,
1c842de1-c4d8-4cca-a61c-04ffda0b39ab,monotonic_reads,network_partition,reader-1,read,mr-1c842de1-c4d8-4cca-a61c-04ffda0b39ab,,204,ONE,ALL,cassandra-1,True,False,3.323,2026-09-16T13:01:23.416020+00:00,
1c842de1-c4d8-4cca-a61c-04ffda0b39ab,monotonic_reads,network_partition,reader-1,read,mr-1c842de1-c4d8-4cca-a61c-04ffda0b39ab,,204,ONE,ALL,cassandra-2,True,False,4.036,2026-09-16T13:01:23.432497+00:00,
1c842de1-c4d8-4cca-a61c-04ffda0b39ab,monotonic_reads,network_partition,reader-1,read,mr-1c842de1-c4d8-4cca-a61c-04ffda0b39ab,,203,ONE,ALL,cassandra-3,True,True,3.647,2026-09-16T13:01:23.448820+00:00,
1c842de1-c4d8-4cca-a61c-04ffda0b39ab,monotonic_reads,network_partition,reader-1,read,mr-1c842de1-c4d8-4cca-a61c-04ffda0b39ab,,204,ONE,ALL,cassandra-1,True,False,3.835,2026-09-16T13:01:23.464325+00:00,
1c842de1-c4d8-4cca-a61c-04ffda0b39ab,monotonic_reads,network_partition,reader-1,read,mr-1c842de1-c4d8-4cca-a61c-04ffda0b39ab,,204,ONE,ALL,cassandra-2,True,False,3.855,2026-09-16T13:01:23.479618+00:00,
1c842de1-c4d8-4cca-a61c-04ffda0b39ab,monotonic_reads,network_partition,reader-1,read,mr-1c842de1-c4d8-4cca-a61c-04ffda0b39ab,,203,ONE,ALL,cassandra-3,True,True,3.373,2026-09-16T13:01:23.494763+00:00,
1c842de1-c4d8-4cca-a61c-04ffda0b39ab,monotonic_reads,network_partition,reader-1,read,mr-1c842de1-c4d8-4cca-a61c-04ffda0b39ab,,204,ONE,ALL,cassandra-1,True,False,4.211,2026-09-16T13:01:23.510368+00:00,
1c842de1-c4d8-4cca-a61c-04ffda0b39ab,monotonic_reads,network_partition,reader-1,read,mr-1c842de1-c4d8-4cca-a61c-04ffda0b39ab,,204,ONE,ALL,cassandra-2,True,False,2.612,2026-09-16T13:01:23.524375+00:00,
1c842de1-c4d8-4cca-a61c-04ffda0b39ab,monotonic_reads,network_partition,reader-1,read,mr-1c842de1-c4d8-4cca-a61c-04ffda0b39ab,,203,ONE,ALL,cassandra-3,True,True,3.414,2026-09-16T13:01:23.539980+00:00,
1c842de1-c4d8-4cca-a61c-04ffda0b39ab,monotonic_reads,network_partition,reader-1,read,mr-1c842de1-c4d8-4cca-a61c-04ffda0b39ab,,204,ONE,ALL,cassandra-1,True,False,2.894,2026-09-16T13:01:23.555573+00:00,
1c842de1-c4d8-4cca-a61c-04ffda0b39ab,monotonic_reads,network_partition,reader-1,read,mr-1c842de1-c4d8-4cca-a61c-04ffda0b39ab,,204,ONE,ALL,cassandra-2,True,False,2.92,2026-09-16T13:01:23.571031+00:00,
1c842de1-c4d8-4cca-a61c-04ffda0b39ab,monotonic_reads,network_partition,reader-1,read,mr-1c842de1-c4d8-4cca-a61c-04ffda0b39ab,,203,ONE,ALL,cassandra-3,True,True,2.784,2026-09-16T13:01:23.584541+00:00,
1c842de1-c4d8-4cca-a61c-04ffda0b39ab,monotonic_reads,network_partition,reader-1,read,mr-1c842de1-c4d8-4cca-a61c-04ffda0b39ab,,204,ONE,ALL,cassandra-1,True,False,3.988,2026-09-16T13:01:23.600752+00:00,
1c842de1-c4d8-4cca-a61c-04ffda0b39ab,monotonic_reads,network_partition,reader-1,read,mr-1c842de1-c4d8-4cca-a61c-04ffda0b39ab,,204,ONE,ALL,cassandra-2,True,False,4.013,2026-09-16T13:01:23.615414+00:00,
1c842de1-c4d8-4cca-a61c-04ffda0b39ab,monotonic_reads,network_partition,reader-1,read,mr-1c842de1-c4d8-4cca-a61c-04ffda0b39ab,,203,ONE,ALL,cassandra-3,True,True,3.197,2026-09-16T13:01:23.629809+00:00,
1c842de1-c4d8-4cca-a61c-04ffda0b39ab,monotonic_reads,network_partition,reader-1,read,mr-1c842de1-c4d8-4cca-a61c-04ffda0b39ab,,204,ONE,ALL,cassandra-1,True,False,3.227,2026-09-16T13:01:23.643356+00:00,
1c842de1-c4d8-4cca-a61c-04ffda0b39ab,monotonic_reads,network_partition,reader-1,read,mr-1c842de1-c4d8-4cca-a61c-04ffda0b39ab,,204,ONE,ALL,cassandra-2,True,False,3.959,2026-09-16T13:01:23.660012+00:00,
1c842de1-c4d8-4cca-a61c-04ffda0b39ab,monotonic_reads,network_partition,reader-1,read,mr-1c842de1-c4d8-4cca-a61c-04ffda0b39ab,,203,ONE,ALL,cassandra-3,True,True,4.168,2026-09-16T13:01:23.674963+00:00,
1c842de1-c4d8-4cca-a61c-04ffda0b39ab,monotonic_reads,network_partition,reader-1,read,mr-1c842de1-c4d8-4cca-a61c-04ffda0b39ab,,204,ONE,ALL,cassandra-1,True,False,4.361,2026-09-16T13:01:23.691049+00:00,
1c842de1-c4d8-4cca-a61c-04ffda0b39ab,monotonic_reads,network_partition,reader-1,read,mr-1c842de1-c4d8-4cca-a61c-04ffda0b39ab,,204,ONE,ALL,cassandra-2,True,False,3.592,2026-09-16T13:01:23.707375+00:00,
1c842de1-c4d8-4cca-a61c-04ffda0b39ab,monotonic_reads,network_partition,reader-1,read,mr-1c842de1-c4d8-4cca-a61c-04ffda0b39ab,,203,ONE,ALL,cassandra-3,True,True,2.999,2026-09-16T13:01:23.721788+00:00,
1c842de1-c4d8-4cca-a61c-04ffda0b39ab,monotonic_reads,network_partition,reader-1,read,mr-1c842de1-c4d8-4cca-a61c-04ffda0b39ab,,204,ONE,ALL,cassandra-1,True,False,4.395,2026-09-16T13:01:23.738568+00:00,
1c842de1-c4d8-4cca-a61c-04ffda0b39ab,monotonic_reads,network_partition,reader-1,read,mr-1c842de1-c4d8-4cca-a61c-04ffda0b39ab,,204,ONE,ALL,cassandra-2,True,False,3.739,2026-09-16T13:01:23.753389+00:00,
1c842de1-c4d8-4cca-a61c-04ffda0b39ab,monotonic_reads,network_partition,reader-1,read,mr-1c842de1-c4d8-4cca-a61c-04ffda0b39ab,,203,ONE,ALL,cassandra-3,True,True,3.223,2026-09-16T13:01:23.768358+00:00,
1c842de1-c4d8-4cca-a61c-04ffda0b39ab,monotonic_reads,network_partition,reader-1,read,mr-1c842de1-c4d8-4cca-a61c-04ffda0b39ab,,204,ONE,ALL,cassandra-1,True,False,4.535,2026-09-16T13:01:23.785272+00:00,
1c842de1-c4d8-4cca-a61c-04ffda0b39ab,monotonic_reads,network_partition,reader-1,read,mr-1c842de1-c4d8-4cca-a61c-04ffda0b39ab,,204,ONE,ALL,cassandra-2,True,False,3.952,2026-09-16T13:01:23.800852+00:00,
1c842de1-c4d8-4cca-a61c-04ffda0b39ab,monotonic_reads,network_partition,reader-1,read,mr-1c842de1-c4d8-4cca-a61c-04ffda0b39ab,,203,ONE,ALL,cassandra-3,True,True,3.246,2026-09-16T13:01:23.814998+00:00,
1c842de1-c4d8-4cca-a61c-04ffda0b39ab,monotonic_reads,network_partition,reader-1,read,mr-1c842de1-c4d8-4cca-a61c-04ffda0b39ab,,204,ONE,ALL,cassandra-1,True,False,4.967,2026-09-16T13:01:23.831744+00:00,
1c842de1-c4d8-4cca-a61c-04ffda0b39ab,monotonic_reads,network_partition,reader-1,read,mr-1c842de1-c4d8-4cca-a61c-04ffda0b39ab,,204,ONE,ALL,cassandra-2,True,False,4.885,2026-09-16T13:01:23.848668+00:00,
1c842de1-c4d8-4cca-a61c-04ffda0b39ab,monotonic_reads,network_partition,reader-1,read,mr-1c842de1-c4d8-4cca-a61c-04ffda0b39ab,,203,ONE,ALL,cassandra-3,True,True,3.514,2026-09-16T13:01:23.864135+00:00,
1c842de1-c4d8-4cca-a61c-04ffda0b39ab,monotonic_reads,network_partition,reader-1,read,mr-1c842de1-c4d8-4cca-a61c-04ffda0b39ab,,204,ONE,ALL,cassandra-1,True,False,3.135,2026-09-16T13:01:23.877619+00:00,
1c842de1-c4d8-4cca-a61c-04ffda0b39ab,monotonic_reads,network_partition,reader-1,read,mr-1c842de1-c4d8-4cca-a61c-04ffda0b39ab,,204,ONE,ALL,cassandra-2,True,False,3.659,2026-09-16T13:01:23.892415+00:00,
1c842de1-c4d8-4cca-a61c-04ffda0b39ab,monotonic_reads,network_partition,reader-1,read,mr-1c842de1-c4d8-4cca-a61c-04ffda0b39ab,,203,ONE,ALL,cassandra-3,True,True,3.843,2026-09-16T13:01:23.908212+00:00,
1c842de1-c4d8-4cca-a61c-04ffda0b39ab,monotonic_reads,network_partition,reader-1,read,mr-1c842de1-c4d8-4cca-a61c-04ffda0b39ab,,204,ONE,ALL,cassandra-1,True,False,3.582,2026-09-16T13:01:23.923852+00:00,
1c842de1-c4d8-4cca-a61c-04ffda0b39ab,monotonic_reads,network_partition,reader-1,read,mr-1c842de1-c4d8-4cca-a61c-04ffda0b39ab,,204,ONE,ALL,cassandra-2,True,False,4.386,2026-09-16T13:01:23.939764+00:00,
1c842de1-c4d8-4cca-a61c-04ffda0b39ab,monotonic_reads,network_partition,reader-1,read,mr-1c842de1-c4d8-4cca-a61c-04ffda0b39ab,,203,ONE,ALL,cassandra-3,True,True,4.081,2026-09-16T13:01:23.956624+00:00,
1c842de1-c4d8-4cca-a61c-04ffda0b39ab,monotonic_reads,network_partition,reader-1,read,mr-1c842de1-c4d8-4cca-a61c-04ffda0b39ab,,204,ONE,ALL,cassandra-1,True,False,3.667,2026-09-16T13:01:23.971501+00:00,
1c842de1-c4d8-4cca-a61c-04ffda0b39ab,monotonic_reads,network_partition,reader-1,read,mr-1c842de1-c4d8-4cca-a61c-04ffda0b39ab,,204,ONE,ALL,cassandra-2,True,False,3.46,2026-09-16T13:01:23.987221+00:00,
1c842de1-c4d8-4cca-a61c-04ffda0b39ab,monotonic_reads,network_partition,reader-1,read,mr-1c842de1-c4d8-4cca-a61c-04ffda0b39ab,,203,ONE,ALL,cassandra-3,True,True,3.75,2026-09-16T13:01:24.002797+00:00,
1c842de1-c4d8-4cca-a61c-04ffda0b39ab,monotonic_reads,network_partition,reader-1,read,mr-1c842de1-c4d8-4cca-a61c-04ffda0b39ab,,204,ONE,ALL,cassandra-1,True,False,3.901,2026-09-16T13:01:24.017269+00:00,
1c842de1-c4d8-4cca-a61c-04ffda0b39ab,monotonic_reads,network_partition,reader-1,read,mr-1c842de1-c4d8-4cca-a61c-04ffda0b39ab,,204,ONE,ALL,cassandra-2,True,False,4.048,2026-09-16T13:01:24.033201+00:00,
1c842de1-c4d8-4cca-a61c-04ffda0b39ab,monotonic_reads,network_partition,reader-1,read,mr-1c842de1-c4d8-4cca-a61c-04ffda0b39ab,,203,ONE,ALL,cassandra-3,True,True,3.718,2026-09-16T13:01:24.049660+00:00,
1c842de1-c4d8-4cca-a61c-04ffda0b39ab,monotonic_reads,network_partition,reader-1,read,mr-1c842de1-c4d8-4cca-a61c-04ffda0b39ab,,204,ONE,ALL,cassandra-1,True,False,3.574,2026-09-16T13:01:24.065946+00:00,
1c842de1-c4d8-4cca-a61c-04ffda0b39ab,monotonic_reads,network_partition,reader-1,read,mr-1c842de1-c4d8-4cca-a61c-04ffda0b39ab,,204,ONE,ALL,cassandra-2,True,False,4.472,2026-09-16T13:01:24.081123+00:00,
1c842de1-c4d8-4cca-a61c-04ffda0b39ab,monotonic_reads,network_partition,reader-1,read,mr-1c842de1-c4d8-4cca-a61c-04ffda0b39ab,,203,ONE,ALL,cassandra-3,True,True,3.421,2026-09-16T13:01:24.096249+00:00,
1c842de1-c4d8-4cca-a61c-04ffda0b39ab,monotonic_reads,network_partition,reader-1,read,mr-1c842de1-c4d8-4cca-a61c-04ffda0b39ab,,204,ONE,ALL,cassandra-1,True,False,4.371,2026-09-16T13:01:24.111130+00:00,
1c842de1-c4d8-4cca-a61c-04ffda0b39ab,monotonic_reads,network_partition,reader-1,read,mr-1c842de1-c4d8-4cca-a61c-04ffda0b39ab,,204,ONE,ALL,cassandra-2,True,False,3.432,2026-09-16T13:01:24.125195+00:00,
1c842de1-c4d8-4cca-a61c-04ffda0b39ab,monotonic_reads,network_partition,reader-1,read,mr-1c842de1-c4d8-4cca-a61c-04ffda0b39ab,,203,ONE,ALL,cassandra-3,True,True,3.151,2026-09-16T13:01:24.138967+00:00,
1c842de1-c4d8-4cca-a61c-04ffda0b39ab,monotonic_reads,network_partition,reader-1,read,mr-1c842de1-c4d8-4cca-a61c-04ffda0b39ab,,204,ONE,ALL,cassandra-1,True,False,4.058,2026-09-16T13:01:24.155229+00:00,
1c842de1-c4d8-4cca-a61c-04ffda0b39ab,monotonic_reads,network_partition,reader-1,read,mr-1c842de1-c4d8-4cca-a61c-04ffda0b39ab,,204,ONE,ALL,cassandra-2,True,False,2.977,2026-09-16T13:01:24.170986+00:00,
1c842de1-c4d8-4cca-a61c-04ffda0b39ab,monotonic_reads,network_partition,reader-1,read,mr-1c842de1-c4d8-4cca-a61c-04ffda0b39ab,,203,ONE,ALL,cassandra-3,True,True,3.028,2026-09-16T13:01:24.186215+00:00,
1c842de1-c4d8-4cca-a61c-04ffda0b39ab,monotonic_reads,network_partition,reader-1,read,mr-1c842de1-c4d8-4cca-a61c-04ffda0b39ab,,204,ONE,ALL,cassandra-1,True,False,3.621,2026-09-16T13:01:24.202380+00:00,
1c842de1-c4d8-4cca-a61c-04ffda0b39ab,monotonic_reads,network_partition,reader-1,read,mr-1c842de1-c4d8-4cca-a61c-04ffda0b39ab,,204,ONE,ALL,cassandra-2,True,False,3.499,2026-09-16T13:01:24.217696+00:00,
1c842de1-c4d8-4cca-a61c-04ffda0b39ab,monotonic_reads,network_partition,reader-1,read,mr-1c842de1-c4d8-4cca-a61c-04ffda0b39ab,,203,ONE,ALL,cassandra-3,True,True,3.287,2026-09-16T13:01:24.232029+00:00,
1c842de1-c4d8-4cca-a61c-04ffda0b39ab,monotonic_reads,network_partition,reader-1,read,mr-1c842de1-c4d8-4cca-a61c-04ffda0b39ab,,204,ONE,ALL,cassandra-1,True,False,3.19,2026-09-16T13:01:24.247885+00:00,
1c842de1-c4d8-4cca-a61c-04ffda0b39ab,monotonic_reads,network_partition,reader-1,read,mr-1c842de1-c4d8-4cca-a61c-04ffda0b39ab,,204,ONE,ALL,cassandra-2,True,False,3.339,2026-09-16T13:01:24.263277+00:00,
1c842de1-c4d8-4cca-a61c-04ffda0b39ab,monotonic_reads,network_partition,reader-1,read,mr-1c842de1-c4d8-4cca-a61c-04ffda0b39ab,,203,ONE,ALL,cassandra-3,True,True,3.617,2026-09-16T13:01:24.278745+00:00,
1c842de1-c4d8-4cca-a61c-04ffda0b39ab,monotonic_reads,network_partition,reader-1,read,mr-1c842de1-c4d8-4cca-a61c-04ffda0b39ab,,204,ONE,ALL,cassandra-1,True,False,4.015,2026-09-16T13:01:24.294544+00:00,
1c842de1-c4d8-4cca-a61c-04ffda0b39ab,monotonic_reads,network_partition,reader-1,read,mr-1c842de1-c4d8-4cca-a61c-04ffda0b39ab,,204,ONE,ALL,cassandra-2,True,False,3.101,2026-09-16T13:01:24.309866+00:00,
1c842de1-c4d8-4cca-a61c-04ffda0b39ab,monotonic_reads,network_partition,reader-1,read,mr-1c842de1-c4d8-4cca-a61c-04ffda0b39ab,,203,ONE,ALL,cassandra-3,True,True,5.073,2026-09-16T13:01:24.326637+00:00,
1c842de1-c4d8-4cca-a61c-04ffda0b39ab,monotonic_reads,network_partition,reader-1,read,mr-1c842de1-c4d8-4cca-a61c-04ffda0b39ab,,204,ONE,ALL,cassandra-1,True,False,4.173,2026-09-16T13:01:24.343093+00:00,
1c842de1-c4d8-4cca-a61c-04ffda0b39ab,monotonic_reads,network_partition,reader-1,read,mr-1c842de1-c4d8-4cca-a61c-04ffda0b39ab,,204,ONE,ALL,cassandra-2,True,False,4.191,2026-09-16T13:01:24.358990+00:00,
1c842de1-c4d8-4cca-a61c-04ffda0b39ab,monotonic_reads,network_partition,reader-1,read,mr-1c842de1-c4d8-4cca-a61c-04ffda0b39ab,,203,ONE,ALL,cassandra-3,True,True,4.223,2026-09-16T13:01:24.373965+00:00,
1c842de1-c4d8-4cca-a61c-04ffda0b39ab,monotonic_reads,network_partition,reader-1,read,mr-1c842de1-c4d8-4cca-a61c-04ffda0b39ab,,204,ONE,ALL,cassandra-1,True,False,3.185,2026-09-16T13:01:24.387892+00:00,
1c842de1-c4d8-4cca-a61c-04ffda0b39ab,monotonic_reads,network_partition,reader-1,read,mr-1c842de1-c4d8-4cca-a61c-04ffda0b39ab,,204,ONE,ALL,cassandra-2,True,False,3.25,2026-09-16T13:01:24.402992+00:00,
1c842de1-c4d8-4cca-a61c-04ffda0b39ab,monotonic_reads,network_partition,reader-1,read,mr-1c842de1-c4d8-4cca-a61c-04ffda0b39ab,,203,ONE,ALL,cassandra-3,True,True,3.543,2026-09-16T13:01:24.417795+00:00,
1c842de1-c4d8-4cca-a61c-04ffda0b39ab,monotonic_reads,network_partition,reader-1,read,mr-1c842de1-c4d8-4cca-a61c-04ffda0b39ab,,204,ONE,ALL,cassandra-1,True,False,3.529,2026-09-16T13:01:24.433351+00:00,
1c842de1-c4d8-4cca-a61c-04ffda0b39ab,monotonic_reads,network_partition,reader-1,read,mr-1c842de1-c4d8-4cca-a61c-04ffda0b39ab,,204,ONE,ALL,cassandra-2,True,False,3.864,2026-09-16T13:01:24.449603+00:00,
1c842de1-c4d8-4cca-a61c-04ffda0b39ab,monotonic_reads,network_partition,reader-1,read,mr-1c842de1-c4d8-4cca-a61c-04ffda0b39ab,,203,ONE,ALL,cassandra-3,True,True,3.775,2026-09-16T13:01:24.466124+00:00,
1c842de1-c4d8-4cca-a61c-04ffda0b39ab,monotonic_reads,network_partition,reader-1,read,mr-1c842de1-c4d8-4cca-a61c-04ffda0b39ab,,204,ONE,ALL,cassandra-1,True,False,3.254,2026-09-16T13:01:24.479983+00:00,
1c842de1-c4d8-4cca-a61c-04ffda0b39ab,monotonic_reads,network_partition,reader-1,read,mr-1c842de1-c4d8-4cca-a61c-04ffda0b39ab,,204,ONE,ALL,cassandra-2,True,False,6.804,2026-09-16T13:01:24.498201+00:00,
1c842de1-c4d8-4cca-a61c-04ffda0b39ab,monotonic_reads,network_partition,reader-1,read,mr-1c842de1-c4d8-4cca-a61c-04ffda0b39ab,,203,ONE,ALL,cassandra-3,True,True,4.217,2026-09-16T13:01:24.514419+00:00,
1c842de1-c4d8-4cca-a61c-04ffda0b39ab,monotonic_reads,network_partition,reader-1,read,mr-1c842de1-c4d8-4cca-a61c-04ffda0b39ab,,204,ONE,ALL,cassandra-1,True,False,3.118,2026-09-16T13:01:24.529884+00:00,
1c842de1-c4d8-4cca-a61c-04ffda0b39ab,monotonic_reads,network_partition,reader-1,read,mr-1c842de1-c4d8-4cca-a61c-04ffda0b39ab,,204,ONE,ALL,cassandra-2,True,False,3.217,2026-09-16T13:01:24.544971+00:00,
1c842de1-c4d8-4cca-a61c-04ffda0b39ab,monotonic_reads,network_partition,reader-1,read,mr-1c842de1-c4d8-4cca-a61c-04ffda0b39ab,,203,ONE,ALL,cassandra-3,True,True,3.623,2026-09-16T13:01:24.560370+00:00,
1c842de1-c4d8-4cca-a61c-04ffda0b39ab,monotonic_reads,network_partition,reader-1,read,mr-1c842de1-c4d8-4cca-a61c-04ffda0b39ab,,204,ONE,ALL,cassandra-1,True,False,3.201,2026-09-16T13:01:24.576230+00:00,
1c842de1-c4d8-4cca-a61c-04ffda0b39ab,monotonic_reads,network_partition,reader-1,read,mr-1c842de1-c4d8-4cca-a61c-04ffda0b39ab,,204,ONE,ALL,cassandra-2,True,False,3.68,2026-09-16T13:01:24.591363+00:00,
1c842de1-c4d8-4cca-a61c-04ffda0b39ab,monotonic_reads,network_partition,reader-1,read,mr-1c842de1-c4d8-4cca-a61c-04ffda0b39ab,,203,ONE,ALL,cassandra-3,True,True,3.123,2026-09-16T13:01:24.605246+00:00,
1c842de1-c4d8-4cca-a61c-04ffda0b39ab,monotonic_reads,network_partition,reader-1,read,mr-1c842de1-c4d8-4cca-a61c-04ffda0b39ab,,204,ONE,ALL,cassandra-1,True,False,2.979,2026-09-16T13:01:24.621006+00:00,
1c842de1-c4d8-4cca-a61c-04ffda0b39ab,monotonic_reads,network_partition,reader-1,read,mr-1c842de1-c4d8-4cca-a61c-04ffda0b39ab,,204,ONE,ALL,cassandra-2,True,False,2.754,2026-09-16T13:01:24.635647+00:00,
1c842de1-c4d8-4cca-a61c-04ffda0b39ab,monotonic_reads,network_partition,reader-1,read,mr-1c842de1-c4d8-4cca-a61c-04ffda0b39ab,,203,ONE,ALL,cassandra-3,True,True,2.177,2026-09-16T13:01:24.648426+00:00,
1c842de1-c4d8-4cca-a61c-04ffda0b39ab,monotonic_reads,network_partition,reader-1,read,mr-1c842de1-c4d8-4cca-a61c-04ffda0b39ab,,204,ONE,ALL,cassandra-1,True,False,12.288,2026-09-16T13:01:24.671054+00:00,
1c842de1-c4d8-4cca-a61c-04ffda0b39ab,monotonic_reads,network_partition,reader-1,read,mr-1c842de1-c4d8-4cca-a61c-04ffda0b39ab,,204,ONE,ALL,cassandra-2,True,False,1.542,2026-09-16T13:01:24.683149+00:00,
1c842de1-c4d8-4cca-a61c-04ffda0b39ab,monotonic_reads,network_partition,reader-1,read,mr-1c842de1-c4d8-4cca-a61c-04ffda0b39ab,,203,ONE,ALL,cassandra-3,True,True,3.342,2026-09-16T13:01:24.697268+00:00,
1c842de1-c4d8-4cca-a61c-04ffda0b39ab,monotonic_reads,network_partition,reader-1,read,mr-1c842de1-c4d8-4cca-a61c-04ffda0b39ab,,204,ONE,ALL,cassandra-1,True,False,3.07,2026-09-16T13:01:24.710811+00:00,
1c842de1-c4d8-4cca-a61c-04ffda0b39ab,monotonic_reads,network_partition,reader-1,read,mr-1c842de1-c4d8-4cca-a61c-04ffda0b39ab,,204,ONE,ALL,cassandra-2,True,False,3.102,2026-09-16T13:01:24.726593+00:00,
1c842de1-c4d8-4cca-a61c-04ffda0b39ab,monotonic_reads,network_partition,reader-1,read,mr-1c842de1-c4d8-4cca-a61c-04ffda0b39ab,,203,ONE,ALL,cassandra-3,True,True,3.701,2026-09-16T13:01:24.741468+00:00,
1c842de1-c4d8-4cca-a61c-04ffda0b39ab,monotonic_reads,network_partition,reader-1,read,mr-1c842de1-c4d8-4cca-a61c-04ffda0b39ab,,204,ONE,ALL,cassandra-1,True,False,3.356,2026-09-16T13:01:24.757521+00:00,
1c842de1-c4d8-4cca-a61c-04ffda0b39ab,monotonic_reads,network_partition,reader-1,read,mr-1c842de1-c4d8-4cca-a61c-04ffda0b39ab,,204,ONE,ALL,cassandra-2,True,False,3.26,2026-09-16T13:01:24.773483+00:00,
1c842de1-c4d8-4cca-a61c-04ffda0b39ab,monotonic_reads,network_partition,reader-1,read,mr-1c842de1-c4d8-4cca-a61c-04ffda0b39ab,,203,ONE,ALL,cassandra-3,True,True,4.115,2026-09-16T13:01:24.790345+00:00,
1c842de1-c4d8-4cca-a61c-04ffda0b39ab,monotonic_reads,network_partition,reader-1,read,mr-1c842de1-c4d8-4cca-a61c-04ffda0b39ab,,204,ONE,ALL,cassandra-1,True,False,4.111,2026-09-16T13:01:24.806774+00:00,
1c842de1-c4d8-4cca-a61c-04ffda0b39ab,monotonic_reads,network_partition,reader-1,read,mr-1c842de1-c4d8-4cca-a61c-04ffda0b39ab,,204,ONE,ALL,cassandra-2,True,False,5.418,2026-09-16T13:01:24.824918+00:00,
1c842de1-c4d8-4cca-a61c-04ffda0b39ab,monotonic_reads,network_partition,reader-1,read,mr-1c842de1-c4d8-4cca-a61c-04ffda0b39ab,,203,ONE,ALL,cassandra-3,True,True,1.928,2026-09-16T13:01:24.839193+00:00,
1c842de1-c4d8-4cca-a61c-04ffda0b39ab,monotonic_reads,network_partition,reader-1,read,mr-1c842de1-c4d8-4cca-a61c-04ffda0b39ab,,204,ONE,ALL,cassandra-1,True,False,2.595,2026-09-16T13:01:24.853345+00:00,
1c842de1-c4d8-4cca-a61c-04ffda0b39ab,monotonic_reads,network_partition,reader-1,read,mr-1c842de1-c4d8-4cca-a61c-04ffda0b39ab,,204,ONE,ALL,cassandra-2,True,False,3.898,2026-09-16T13:01:24.869112+00:00,
1c842de1-c4d8-4cca-a61c-04ffda0b39ab,monotonic_reads,network_partition,reader-1,read,mr-1c842de1-c4d8-4cca-a61c-04ffda0b39ab,,203,ONE,ALL,cassandra-3,True,True,4.312,2026-09-16T13:01:24.885075+00:00,
1c842de1-c4d8-4cca-a61c-04ffda0b39ab,monotonic_reads,network_partition,reader-1,read,mr-1c842de1-c4d8-4cca-a61c-04ffda0b39ab,,204,ONE,ALL,cassandra-1,True,False,3.947,2026-09-16T13:01:24.900541+00:00,
1c842de1-c4d8-4cca-a61c-04ffda0b39ab,monotonic_reads,network_partition,reader-1,read,mr-1c842de1-c4d8-4cca-a61c-04ffda0b39ab,,204,ONE,ALL,cassandra-2,True,False,4.104,2026-09-16T13:01:24.917242+00:00,
1c842de1-c4d8-4cca-a61c-04ffda0b39ab,monotonic_reads,network_partition,reader-1,read,mr-1c842de1-c4d8-4cca-a61c-04ffda0b39ab,,203,ONE,ALL,cassandra-3,True,True,3.872,2026-09-16T13:01:24.933835+00:00,
1c842de1-c4d8-4cca-a61c-04ffda0b39ab,monotonic_reads,network_partition,reader-1,read,mr-1c842de1-c4d8-4cca-a61c-04ffda0b39ab,,204,ONE,ALL,cassandra-1,True,False,4.145,2026-09-16T13:01:24.948848+00:00,
1c842de1-c4d8-4cca-a61c-04ffda0b39ab,monotonic_reads,network_partition,reader-1,read,mr-1c842de1-c4d8-4cca-a61c-04ffda0b39ab,,204,ONE,ALL,cassandra-2,True,False,3.744,2026-09-16T13:01:24.962904+00:00,
1c842de1-c4d8-4cca-a61c-04ffda0b39ab,monotonic_reads,network_partition,reader-1,read,mr-1c842de1-c4d8-4cca-a61c-04ffda0b39ab,,203,ONE,ALL,cassandra-3,True,True,3.495,2026-09-16T13:01:24.977698+00:00,
1c842de1-c4d8-4cca-a61c-04ffda0b39ab,monotonic_reads,network_partition,reader-1,read,mr-1c842de1-c4d8-4cca-a61c-04ffda0b39ab,,204,ONE,ALL,cassandra-1,True,False,4.534,2026-09-16T13:01:24.992559+00:00,
1c842de1-c4d8-4cca-a61c-04ffda0b39ab,monotonic_reads,network_partition,reader-1,read,mr-1c842de1-c4d8-4cca-a61c-04ffda0b39ab,,204,ONE,ALL,cassandra-2,True,False,4.027,2026-09-16T13:01:25.009327+00:00,
1c842de1-c4d8-4cca-a61c-04ffda0b39ab,monotonic_reads,network_partition,reader-1,read,mr-1c842de1-c4d8-4cca-a61c-04ffda0b39ab,,203,ONE,ALL,cassandra-3,True,True,4.285,2026-09-16T13:01:25.025539+00:00,
1c842de1-c4d8-4cca-a61c-04ffda0b39ab,monotonic_reads,network_partition,reader-1,read,mr-1c842de1-c4d8-4cca-a61c-04ffda0b39ab,,204,ONE,ALL,cassandra-1,True,False,4.059,2026-09-16T13:01:25.042364+00:00,
1c842de1-c4d8-4cca-a61c-04ffda0b39ab,monotonic_reads,network_partition,reader-1,read,mr-1c842de1-c4d8-4cca-a61c-04ffda0b39ab,,204,ONE,ALL,cassandra-2,True,False,3.862,2026-09-16T13:01:25.058184+00:00,
1c842de1-c4d8-4cca-a61c-04ffda0b39ab,monotonic_reads,network_partition,reader-1,read,mr-1c842de1-c4d8-4cca-a61c-04ffda0b39ab,,203,ONE,ALL,cassandra-3,True,True,4.851,2026-09-16T13:01:25.075737+00:00,
1c842de1-c4d8-4cca-a61c-04ffda0b39ab,monotonic_reads,network_partition,reader-1,read,mr-1c842de1-c4d8-4cca-a61c-04ffda0b39ab,,204,ONE,ALL,cassandra-1,True,False,3.802,2026-09-16T13:01:25.090522+00:00,
1c842de1-c4d8-4cca-a61c-04ffda0b39ab,monotonic_reads,network_partition,reader-1,read,mr-1c842de1-c4d8-4cca-a61c-04ffda0b39ab,,204,ONE,ALL,cassandra-2,True,False,4.269,2026-09-16T13:01:25.106178+00:00,
1c842de1-c4d8-4cca-a61c-04ffda0b39ab,monotonic_reads,network_partition,reader-1,read,mr-1c842de1-c4d8-4cca-a61c-04ffda0b39ab,,203,ONE,ALL,cassandra-3,True,True,3.571,2026-09-16T13:01:25.121655+00:00,
1c842de1-c4d8-4cca-a61c-04ffda0b39ab,monotonic_reads,network_partition,reader-1,read,mr-1c842de1-c4d8-4cca-a61c-04ffda0b39ab,,204,ONE,ALL,cassandra-1,True,False,3.92,2026-09-16T13:01:25.138303+00:00,
1c842de1-c4d8-4cca-a61c-04ffda0b39ab,monotonic_reads,network_partition,reader-1,read,mr-1c842de1-c4d8-4cca-a61c-04ffda0b39ab,,204,ONE,ALL,cassandra-2,True,False,4.581,2026-09-16T13:01:25.155626+00:00,
1c842de1-c4d8-4cca-a61c-04ffda0b39ab,monotonic_reads,network_partition,reader-1,read,mr-1c842de1-c4d8-4cca-a61c-04ffda0b39ab,,203,ONE,ALL,cassandra-3,True,True,4.358,2026-09-16T13:01:25.172132+00:00,
1c842de1-c4d8-4cca-a61c-04ffda0b39ab,monotonic_reads,network_partition,reader-1,read,mr-1c842de1-c4d8-4cca-a61c-04ffda0b39ab,,204,ONE,ALL,cassandra-1,True,False,4.336,2026-09-16T13:01:25.189199+00:00,
1c842de1-c4d8-4cca-a61c-04ffda0b39ab,monotonic_reads,network_partition,reader-1,read,mr-1c842de1-c4d8-4cca-a61c-04ffda0b39ab,,204,ONE,ALL,cassandra-2,True,False,3.327,2026-09-16T13:01:25.204919+00:00,
1c842de1-c4d8-4cca-a61c-04ffda0b39ab,monotonic_reads,network_partition,reader-1,read,mr-1c842de1-c4d8-4cca-a61c-04ffda0b39ab,,203,ONE,ALL,cassandra-3,True,True,3.779,2026-09-16T13:01:25.221360+00:00,
1c842de1-c4d8-4cca-a61c-04ffda0b39ab,monotonic_reads,network_partition,reader-1,read,mr-1c842de1-c4d8-4cca-a61c-04ffda0b39ab,,204,ONE,ALL,cassandra-1,True,False,4.217,2026-09-16T13:01:25.237845+00:00,
1c842de1-c4d8-4cca-a61c-04ffda0b39ab,monotonic_reads,network_partition,reader-1,read,mr-1c842de1-c4d8-4cca-a61c-04ffda0b39ab,,204,ONE,ALL,cassandra-2,True,False,4.396,2026-09-16T13:01:25.254918+00:00,
1c842de1-c4d8-4cca-a61c-04ffda0b39ab,monotonic_reads,network_partition,writer-1,write,mr-1c842de1-c4d8-4cca-a61c-04ffda0b39ab,204,,,ALL,cassandra-1,False,False,6234.183,2026-09-16T13:01:25.259447+00:00,"WriteTimeout: Error from server: code=1100 [Coordinator node timed out waiting for replica nodes' responses] message=""Operation timed out - received only 2 responses."" info={'consistency': 'ALL', 'required_responses': 3, 'received_responses': 2, 'write_type': 'SIMPLE'}"
1c842de1-c4d8-4cca-a61c-04ffda0b39ab,monotonic_reads,network_partition,reader-1,read,mr-1c842de1-c4d8-4cca-a61c-04ffda0b39ab,,203,ONE,ALL,cassandra-3,True,True,3.877,2026-09-16T13:01:25.271519+00:00,
1c842de1-c4d8-4cca-a61c-04ffda0b39ab,monotonic_reads,network_partition,reader-1,read,mr-1c842de1-c4d8-4cca-a61c-04ffda0b39ab,,204,ONE,ALL,cassandra-1,True,False,2.82,2026-09-16T13:01:25.286588+00:00,
1c842de1-c4d8-4cca-a61c-04ffda0b39ab,monotonic_reads,network_partition,reader-1,read,mr-1c842de1-c4d8-4cca-a61c-04ffda0b39ab,,204,ONE,ALL,cassandra-2,True,False,15.456,2026-09-16T13:01:25.315452+00:00,
1c842de1-c4d8-4cca-a61c-04ffda0b39ab,monotonic_reads,network_partition,reader-1,read,mr-1c842de1-c4d8-4cca-a61c-04ffda0b39ab,,203,ONE,ALL,cassandra-3,True,True,4.243,2026-09-16T13:01:25.330480+00:00,
1c842de1-c4d8-4cca-a61c-04ffda0b39ab,monotonic_reads,network_partition,reader-1,read,mr-1c842de1-c4d8-4cca-a61c-04ffda0b39ab,,204,ONE,ALL,cassandra-1,True,False,3.26,2026-09-16T13:01:25.345377+00:00,
1c842de1-c4d8-4cca-a61c-04ffda0b39ab,monotonic_reads,network_partition,reader-1,read,mr-1c842de1-c4d8-4cca-a61c-04ffda0b39ab,,204,ONE,ALL,cassandra-2,True,False,3.352,2026-09-16T13:01:25.361092+00:00,
1c842de1-c4d8-4cca-a61c-04ffda0b39ab,monotonic_reads,network_partition,reader-1,read,mr-1c842de1-c4d8-4cca-a61c-04ffda0b39ab,,203,ONE,ALL,cassandra-3,True,True,3.234,2026-09-16T13:01:25.374923+00:00,
1c842de1-c4d8-4cca-a61c-04ffda0b39ab,monotonic_reads,network_partition,reader-1,read,mr-1c842de1-c4d8-4cca-a61c-04ffda0b39ab,,204,ONE,ALL,cassandra-1,True,False,2.779,2026-09-16T13:01:25.388648+00:00,
1c842de1-c4d8-4cca-a61c-04ffda0b39ab,monotonic_reads,network_partition,reader-1,read,mr-1c842de1-c4d8-4cca-a61c-04ffda0b39ab,,204,ONE,ALL,cassandra-2,True,False,3.538,2026-09-16T13:01:25.404466+00:00,
1c842de1-c4d8-4cca-a61c-04ffda0b39ab,monotonic_reads,network_partition,reader-1,read,mr-1c842de1-c4d8-4cca-a61c-04ffda0b39ab,,203,ONE,ALL,cassandra-3,True,True,3.184,2026-09-16T13:01:25.419168+00:00,
1c842de1-c4d8-4cca-a61c-04ffda0b39ab,monotonic_reads,network_partition,reader-1,read,mr-1c842de1-c4d8-4cca-a61c-04ffda0b39ab,,204,ONE,ALL,cassandra-1,True,False,2.68,2026-09-16T13:01:25.433329+00:00,
1c842de1-c4d8-4cca-a61c-04ffda0b39ab,monotonic_reads,network_partition,reader-1,read,mr-1c842de1-c4d8-4cca-a61c-04ffda0b39ab,,204,ONE,ALL,cassandra-2,True,False,3.964,2026-09-16T13:01:25.447748+00:00,
1c842de1-c4d8-4cca-a61c-04ffda0b39ab,monotonic_reads,network_partition,reader-1,read,mr-1c842de1-c4d8-4cca-a61c-04ffda0b39ab,,203,ONE,ALL,cassandra-3,True,True,4.084,2026-09-16T13:01:25.462212+00:00,
1c842de1-c4d8-4cca-a61c-04ffda0b39ab,monotonic_reads,network_partition,reader-1,read,mr-1c842de1-c4d8-4cca-a61c-04ffda0b39ab,,204,ONE,ALL,cassandra-1,True,False,3.575,2026-09-16T13:01:25.478351+00:00,
1c842de1-c4d8-4cca-a61c-04ffda0b39ab,monotonic_reads,network_partition,reader-1,read,mr-1c842de1-c4d8-4cca-a61c-04ffda0b39ab,,204,ONE,ALL,cassandra-2,True,False,3.861,2026-09-16T13:01:25.493615+00:00,
1c842de1-c4d8-4cca-a61c-04ffda0b39ab,monotonic_reads,network_partition,reader-1,read,mr-1c842de1-c4d8-4cca-a61c-04ffda0b39ab,,203,ONE,ALL,cassandra-3,True,True,4.144,2026-09-16T13:01:25.508996+00:00,
1c842de1-c4d8-4cca-a61c-04ffda0b39ab,monotonic_reads,network_partition,reader-1,read,mr-1c842de1-c4d8-4cca-a61c-04ffda0b39ab,,204,ONE,ALL,cassandra-1,True,False,3.773,2026-09-16T13:01:25.523014+00:00,
1c842de1-c4d8-4cca-a61c-04ffda0b39ab,monotonic_reads,network_partition,reader-1,read,mr-1c842de1-c4d8-4cca-a61c-04ffda0b39ab,,204,ONE,ALL,cassandra-2,True,False,3.055,2026-09-16T13:01:25.537766+00:00,
1c842de1-c4d8-4cca-a61c-04ffda0b39ab,monotonic_reads,network_partition,reader-1,read,mr-1c842de1-c4d8-4cca-a61c-04ffda0b39ab,,203,ONE,ALL,cassandra-3,True,True,3.111,2026-09-16T13:01:25.552862+00:00,
1c842de1-c4d8-4cca-a61c-04ffda0b39ab,monotonic_reads,network_partition,reader-1,read,mr-1c842de1-c4d8-4cca-a61c-04ffda0b39ab,,204,ONE,ALL,cassandra-1,True,False,2.943,2026-09-16T13:01:25.567667+00:00,
1c842de1-c4d8-4cca-a61c-04ffda0b39ab,monotonic_reads,network_partition,reader-1,read,mr-1c842de1-c4d8-4cca-a61c-04ffda0b39ab,,204,ONE,ALL,cassandra-2,True,False,3.311,2026-09-16T13:01:25.583571+00:00,
1c842de1-c4d8-4cca-a61c-04ffda0b39ab,monotonic_reads,network_partition,reader-1,read,mr-1c842de1-c4d8-4cca-a61c-04ffda0b39ab,,203,ONE,ALL,cassandra-3,True,True,4.005,2026-09-16T13:01:25.599025+00:00,
1c842de1-c4d8-4cca-a61c-04ffda0b39ab,monotonic_reads,network_partition,reader-1,read,mr-1c842de1-c4d8-4cca-a61c-04ffda0b39ab,,204,ONE,ALL,cassandra-1,True,False,9.451,2026-09-16T13:01:25.618736+00:00,
1c842de1-c4d8-4cca-a61c-04ffda0b39ab,monotonic_reads,network_partition,reader-1,read,mr-1c842de1-c4d8-4cca-a61c-04ffda0b39ab,,204,ONE,ALL,cassandra-2,True,False,3.577,2026-09-16T13:01:25.634948+00:00,
1c842de1-c4d8-4cca-a61c-04ffda0b39ab,monotonic_reads,network_partition,reader-1,read,mr-1c842de1-c4d8-4cca-a61c-04ffda0b39ab,,203,ONE,ALL,cassandra-3,True,True,3.31,2026-09-16T13:01:25.650052+00:00,
1c842de1-c4d8-4cca-a61c-04ffda0b39ab,monotonic_reads,network_partition,reader-1,read,mr-1c842de1-c4d8-4cca-a61c-04ffda0b39ab,,204,ONE,ALL,cassandra-1,True,False,4.223,2026-09-16T13:01:25.666082+00:00,
1c842de1-c4d8-4cca-a61c-04ffda0b39ab,monotonic_reads,network_partition,reader-1,read,mr-1c842de1-c4d8-4cca-a61c-04ffda0b39ab,,204,ONE,ALL,cassandra-2,True,False,3.037,2026-09-16T13:01:25.679618+00:00,
1c842de1-c4d8-4cca-a61c-04ffda0b39ab,monotonic_reads,network_partition,reader-1,read,mr-1c842de1-c4d8-4cca-a61c-04ffda0b39ab,,203,ONE,ALL,cassandra-3,True,True,7.268,2026-09-16T13:01:25.697745+00:00,
1c842de1-c4d8-4cca-a61c-04ffda0b39ab,monotonic_reads,network_partition,reader-1,read,mr-1c842de1-c4d8-4cca-a61c-04ffda0b39ab,,204,ONE,ALL,cassandra-1,True,False,3.359,2026-09-16T13:01:25.712516+00:00,
1c842de1-c4d8-4cca-a61c-04ffda0b39ab,monotonic_reads,network_partition,reader-1,read,mr-1c842de1-c4d8-4cca-a61c-04ffda0b39ab,,204,ONE,ALL,cassandra-2,True,False,3.085,2026-09-16T13:01:25.728266+00:00,
1c842de1-c4d8-4cca-a61c-04ffda0b39ab,monotonic_reads,network_partition,reader-1,read,mr-1c842de1-c4d8-4cca-a61c-04ffda0b39ab,,203,ONE,ALL,cassandra-3,True,True,3.691,2026-09-16T13:01:25.743362+00:00,
1c842de1-c4d8-4cca-a61c-04ffda0b39ab,monotonic_reads,network_partition,reader-1,read,mr-1c842de1-c4d8-4cca-a61c-04ffda0b39ab,,204,ONE,ALL,cassandra-1,True,False,3.112,2026-09-16T13:01:25.757888+00:00,
1c842de1-c4d8-4cca-a61c-04ffda0b39ab,monotonic_reads,network_partition,reader-1,read,mr-1c842de1-c4d8-4cca-a61c-04ffda0b39ab,,204,ONE,ALL,cassandra-2,True,False,9.755,2026-09-16T13:01:25.778995+00:00,
1c842de1-c4d8-4cca-a61c-04ffda0b39ab,monotonic_reads,network_partition,reader-1,read,mr-1c842de1-c4d8-4cca-a61c-04ffda0b39ab,,203,ONE,ALL,cassandra-3,True,True,4.311,2026-09-16T13:01:25.794070+00:00,
1c842de1-c4d8-4cca-a61c-04ffda0b39ab,monotonic_reads,network_partition,reader-1,read,mr-1c842de1-c4d8-4cca-a61c-04ffda0b39ab,,204,ONE,ALL,cassandra-1,True,False,3.823,2026-09-16T13:01:25.808589+00:00,
1c842de1-c4d8-4cca-a61c-04ffda0b39ab,monotonic_reads,network_partition,reader-1,read,mr-1c842de1-c4d8-4cca-a61c-04ffda0b39ab,,204,ONE,ALL,cassandra-2,True,False,3.64,2026-09-16T13:01:25.824976+00:00,
1c842de1-c4d8-4cca-a61c-04ffda0b39ab,monotonic_reads,network_partition,reader-1,read,mr-1c842de1-c4d8-4cca-a61c-04ffda0b39ab,,203,ONE,ALL,cassandra-3,True,True,3.989,2026-09-16T13:01:25.841766+00:00,
1c842de1-c4d8-4cca-a61c-04ffda0b39ab,monotonic_reads,network_partition,reader-1,read,mr-1c842de1-c4d8-4cca-a61c-04ffda0b39ab,,204,ONE,ALL,cassandra-1,True,False,3.97,2026-09-16T13:01:25.857844+00:00,
1c842de1-c4d8-4cca-a61c-04ffda0b39ab,monotonic_reads,network_partition,reader-1,read,mr-1c842de1-c4d8-4cca-a61c-04ffda0b39ab,,204,ONE,ALL,cassandra-2,True,False,3.446,2026-09-16T13:01:25.872199+00:00,
1c842de1-c4d8-4cca-a61c-04ffda0b39ab,monotonic_reads,network_partition,reader-1,read,mr-1c842de1-c4d8-4cca-a61c-04ffda0b39ab,,203,ONE,ALL,cassandra-3,True,True,3.402,2026-09-16T13:01:25.888294+00:00,
1c842de1-c4d8-4cca-a61c-04ffda0b39ab,monotonic_reads,network_partition,reader-1,read,mr-1c842de1-c4d8-4cca-a61c-04ffda0b39ab,,204,ONE,ALL,cassandra-1,True,False,4.114,2026-09-16T13:01:25.903343+00:00,
1c842de1-c4d8-4cca-a61c-04ffda0b39ab,monotonic_reads,network_partition,reader-1,read,mr-1c842de1-c4d8-4cca-a61c-04ffda0b39ab,,204,ONE,ALL,cassandra-2,True,False,4.07,2026-09-16T13:01:25.920078+00:00,
1c842de1-c4d8-4cca-a61c-04ffda0b39ab,monotonic_reads,network_partition,reader-1,read,mr-1c842de1-c4d8-4cca-a61c-04ffda0b39ab,,203,ONE,ALL,cassandra-3,True,True,4.552,2026-09-16T13:01:25.935924+00:00,
1c842de1-c4d8-4cca-a61c-04ffda0b39ab,monotonic_reads,network_partition,reader-1,read,mr-1c842de1-c4d8-4cca-a61c-04ffda0b39ab,,204,ONE,ALL,cassandra-1,True,False,4.157,2026-09-16T13:01:25.952429+00:00,
1c842de1-c4d8-4cca-a61c-04ffda0b39ab,monotonic_reads,network_partition,reader-1,read,mr-1c842de1-c4d8-4cca-a61c-04ffda0b39ab,,204,ONE,ALL,cassandra-2,True,False,3.416,2026-09-16T13:01:25.968144+00:00,
1c842de1-c4d8-4cca-a61c-04ffda0b39ab,monotonic_reads,network_partition,reader-1,read,mr-1c842de1-c4d8-4cca-a61c-04ffda0b39ab,,203,ONE,ALL,cassandra-3,True,True,3.33,2026-09-16T13:01:25.984073+00:00,
1c842de1-c4d8-4cca-a61c-04ffda0b39ab,monotonic_reads,network_partition,reader-1,read,mr-1c842de1-c4d8-4cca-a61c-04ffda0b39ab,,204,ONE,ALL,cassandra-1,True,False,4.068,2026-09-16T13:01:25.998822+00:00,
1c842de1-c4d8-4cca-a61c-04ffda0b39ab,monotonic_reads,network_partition,reader-1,read,mr-1c842de1-c4d8-4cca-a61c-04ffda0b39ab,,204,ONE,ALL,cassandra-2,True,False,3.439,2026-09-16T13:01:26.013546+00:00,
1c842de1-c4d8-4cca-a61c-04ffda0b39ab,monotonic_reads,network_partition,reader-1,read,mr-1c842de1-c4d8-4cca-a61c-04ffda0b39ab,,203,ONE,ALL,cassandra-3,True,True,4.171,2026-09-16T13:01:26.030494+00:00,
1c842de1-c4d8-4cca-a61c-04ffda0b39ab,monotonic_reads,network_partition,reader-1,read,mr-1c842de1-c4d8-4cca-a61c-04ffda0b39ab,,204,ONE,ALL,cassandra-1,True,False,3.415,2026-09-16T13:01:26.046117+00:00,
1c842de1-c4d8-4cca-a61c-04ffda0b39ab,monotonic_reads,network_partition,reader-1,read,mr-1c842de1-c4d8-4cca-a61c-04ffda0b39ab,,204,ONE,ALL,cassandra-2,True,False,3.383,2026-09-16T13:01:26.062203+00:00,
1c842de1-c4d8-4cca-a61c-04ffda0b39ab,monotonic_reads,network_partition,reader-1,read,mr-1c842de1-c4d8-4cca-a61c-04ffda0b39ab,,203,ONE,ALL,cassandra-3,True,True,3.414,2026-09-16T13:01:26.077161+00:00,
1c842de1-c4d8-4cca-a61c-04ffda0b39ab,monotonic_reads,network_partition,reader-1,read,mr-1c842de1-c4d8-4cca-a61c-04ffda0b39ab,,204,ONE,ALL,cassandra-1,True,False,3.003,2026-09-16T13:01:26.092251+00:00,
1c842de1-c4d8-4cca-a61c-04ffda0b39ab,monotonic_reads,network_partition,reader-1,read,mr-1c842de1-c4d8-4cca-a61c-04ffda0b39ab,,204,ONE,ALL,cassandra-2,True,False,4.077,2026-09-16T13:01:26.108975+00:00,
1c842de1-c4d8-4cca-a61c-04ffda0b39ab,monotonic_reads,network_partition,reader-1,read,mr-1c842de1-c4d8-4cca-a61c-04ffda0b39ab,,203,ONE,ALL,cassandra-3,True,True,4.14,2026-09-16T13:01:26.125679+00:00,
1c842de1-c4d8-4cca-a61c-04ffda0b39ab,monotonic_reads,network_partition,reader-1,read,mr-1c842de1-c4d8-4cca-a61c-04ffda0b39ab,,204,ONE,ALL,cassandra-1,True,False,3.155,2026-09-16T13:01:26.139601+00:00,
1c842de1-c4d8-4cca-a61c-04ffda0b39ab,monotonic_reads,network_partition,reader-1,read,mr-1c842de1-c4d8-4cca-a61c-04ffda0b39ab,,204,ONE,ALL,cassandra-2,True,False,4.386,2026-09-16T13:01:26.156135+00:00,
1c842de1-c4d8-4cca-a61c-04ffda0b39ab,monotonic_reads,network_partition,reader-1,read,mr-1c842de1-c4d8-4cca-a61c-04ffda0b39ab,,203,ONE,ALL,cassandra-3,True,True,4.754,2026-09-16T13:01:26.171580+00:00,
1c842de1-c4d8-4cca-a61c-04ffda0b39ab,monotonic_reads,network_partition,reader-1,read,mr-1c842de1-c4d8-4cca-a61c-04ffda0b39ab,,204,ONE,ALL,cassandra-1,True,False,3.299,2026-09-16T13:01:26.186046+00:00,
1c842de1-c4d8-4cca-a61c-04ffda0b39ab,monotonic_reads,network_partition,reader-1,read,mr-1c842de1-c4d8-4cca-a61c-04ffda0b39ab,,204,ONE,ALL,cassandra-2,True,False,3.505,2026-09-16T13:01:26.201246+00:00,
1c842de1-c4d8-4cca-a61c-04ffda0b39ab,monotonic_reads,network_partition,reader-1,read,mr-1c842de1-c4d8-4cca-a61c-04ffda0b39ab,,203,ONE,ALL,cassandra-3,True,True,3.29,2026-09-16T13:01:26.217022+00:00,
1c842de1-c4d8-4cca-a61c-04ffda0b39ab,monotonic_reads,network_partition,reader-1,read,mr-1c842de1-c4d8-4cca-a61c-04ffda0b39ab,,204,ONE,ALL,cassandra-1,True,False,3.391,2026-09-16T13:01:26.232125+00:00,
1c842de1-c4d8-4cca-a61c-04ffda0b39ab,monotonic_reads,network_partition,reader-1,read,mr-1c842de1-c4d8-4cca-a61c-04ffda0b39ab,,204,ONE,ALL,cassandra-2,True,False,4.504,2026-09-16T13:01:26.247154+00:00,
1c842de1-c4d8-4cca-a61c-04ffda0b39ab,monotonic_reads,network_partition,reader-1,read,mr-1c842de1-c4d8-4cca-a61c-04ffda0b39ab,,203,ONE,ALL,cassandra-3,True,True,3.763,2026-09-16T13:01:26.262624+00:00,
1c842de1-c4d8-4cca-a61c-04ffda0b39ab,monotonic_reads,network_partition,reader-1,read,mr-1c842de1-c4d8-4cca-a61c-04ffda0b39ab,,204,ONE,ALL,cassandra-1,True,False,3.94,2026-09-16T13:01:26.278554+00:00,
1c842de1-c4d8-4cca-a61c-04ffda0b39ab,monotonic_reads,network_partition,reader-1,read,mr-1c842de1-c4d8-4cca-a61c-04ffda0b39ab,,204,ONE,ALL,cassandra-2,True,False,3.773,2026-09-16T13:01:26.293515+00:00,
1c842de1-c4d8-4cca-a61c-04ffda0b39ab,monotonic_reads,network_partition,reader-1,read,mr-1c842de1-c4d8-4cca-a61c-04ffda0b39ab,,203,ONE,ALL,cassandra-3,True,True,3.141,2026-09-16T13:01:26.309384+00:00,
1c842de1-c4d8-4cca-a61c-04ffda0b39ab,monotonic_reads,network_partition,reader-1,read,mr-1c842de1-c4d8-4cca-a61c-04ffda0b39ab,,204,ONE,ALL,cassandra-1,True,False,3.034,2026-09-16T13:01:26.323454+00:00,
1c842de1-c4d8-4cca-a61c-04ffda0b39ab,monotonic_reads,network_partition,reader-1,read,mr-1c842de1-c4d8-4cca-a61c-04ffda0b39ab,,204,ONE,ALL,cassandra-2,True,False,3.943,2026-09-16T13:01:26.339675+00:00,
1c842de1-c4d8-4cca-a61c-04ffda0b39ab,monotonic_reads,network_partition,reader-1,read,mr-1c842de1-c4d8-4cca-a61c-04ffda0b39ab,,203,ONE,ALL,cassandra-3,True,True,2.722,2026-09-16T13:01:26.354072+00:00,
1c842de1-c4d8-4cca-a61c-04ffda0b39ab,monotonic_reads,network_partition,reader-1,read,mr-1c842de1-c4d8-4cca-a61c-04ffda0b39ab,,204,ONE,ALL,cassandra-1,True,False,3.078,2026-09-16T13:01:26.368823+00:00,
1c842de1-c4d8-4cca-a61c-04ffda0b39ab,monotonic_reads,network_partition,reader-1,read,mr-1c842de1-c4d8-4cca-a61c-04ffda0b39ab,,204,ONE,ALL,cassandra-2,True,False,3.339,2026-09-16T13:01:26.382792+00:00,
1c842de1-c4d8-4cca-a61c-04ffda0b39ab,monotonic_reads,network_partition,reader-1,read,mr-1c842de1-c4d8-4cca-a61c-04ffda0b39ab,,203,ONE,ALL,cassandra-3,True,True,3.637,2026-09-16T13:01:26.397858+00:00,
1c842de1-c4d8-4cca-a61c-04ffda0b39ab,monotonic_reads,network_partition,reader-1,read,mr-1c842de1-c4d8-4cca-a61c-04ffda0b39ab,,204,ONE,ALL,cassandra-1,True,False,4.798,2026-09-16T13:01:26.414548+00:00,
1c842de1-c4d8-4cca-a61c-04ffda0b39ab,monotonic_reads,network_partition,reader-1,read,mr-1c842de1-c4d8-4cca-a61c-04ffda0b39ab,,204,ONE,ALL,cassandra-2,True,False,3.537,2026-09-16T13:01:26.430719+00:00,
1c842de1-c4d8-4cca-a61c-04ffda0b39ab,monotonic_reads,network_partition,reader-1,read,mr-1c842de1-c4d8-4cca-a61c-04ffda0b39ab,,203,ONE,ALL,cassandra-3,True,True,3.296,2026-09-16T13:01:26.445519+00:00,
1c842de1-c4d8-4cca-a61c-04ffda0b39ab,monotonic_reads,network_partition,reader-1,read,mr-1c842de1-c4d8-4cca-a61c-04ffda0b39ab,,204,ONE,ALL,cassandra-1,True,False,4.086,2026-09-16T13:01:26.459877+00:00,
1c842de1-c4d8-4cca-a61c-04ffda0b39ab,monotonic_reads,network_partition,reader-1,read,mr-1c842de1-c4d8-4cca-a61c-04ffda0b39ab,,204,ONE,ALL,cassandra-2,True,False,3.866,2026-09-16T13:01:26.476575+00:00,
1c842de1-c4d8-4cca-a61c-04ffda0b39ab,monotonic_reads,network_partition,reader-1,read,mr-1c842de1-c4d8-4cca-a61c-04ffda0b39ab,,203,ONE,ALL,cassandra-3,True,True,4.146,2026-09-16T13:01:26.492622+00:00,
1c842de1-c4d8-4cca-a61c-04ffda0b39ab,monotonic_reads,network_partition,reader-1,read,mr-1c842de1-c4d8-4cca-a61c-04ffda0b39ab,,204,ONE,ALL,cassandra-1,True,False,3.656,2026-09-16T13:01:26.509027+00:00,
1c842de1-c4d8-4cca-a61c-04ffda0b39ab,monotonic_reads,network_partition,reader-1,read,mr-1c842de1-c4d8-4cca-a61c-04ffda0b39ab,,204,ONE,ALL,cassandra-2,True,False,3.156,2026-09-16T13:01:26.524112+00:00,
1c842de1-c4d8-4cca-a61c-04ffda0b39ab,monotonic_reads,network_partition,reader-1,read,mr-1c842de1-c4d8-4cca-a61c-04ffda0b39ab,,203,ONE,ALL,cassandra-3,True,True,3.294,2026-09-16T13:01:26.539886+00:00,
1c842de1-c4d8-4cca-a61c-04ffda0b39ab,monotonic_reads,network_partition,reader-1,read,mr-1c842de1-c4d8-4cca-a61c-04ffda0b39ab,,204,ONE,ALL,cassandra-1,True,False,2.61,2026-09-16T13:01:26.553953+00:00,
1c842de1-c4d8-4cca-a61c-04ffda0b39ab,monotonic_reads,network_partition,reader-1,read,mr-1c842de1-c4d8-4cca-a61c-04ffda0b39ab,,204,ONE,ALL,cassandra-2,True,False,3.092,2026-09-16T13:01:26.568239+00:00,
1c842de1-c4d8-4cca-a61c-04ffda0b39ab,monotonic_reads,network_partition,reader-1,read,mr-1c842de1-c4d8-4cca-a61c-04ffda0b39ab,,203,ONE,ALL,cassandra-3,True,True,4.118,2026-09-16T13:01:26.583672+00:00,
1c842de1-c4d8-4cca-a61c-04ffda0b39ab,monotonic_reads,network_partition,reader-1,read,mr-1c842de1-c4d8-4cca-a61c-04ffda0b39ab,,204,ONE,ALL,cassandra-1,True,False,3.631,2026-09-16T13:01:26.599867+00:00,
1c842de1-c4d8-4cca-a61c-04ffda0b39ab,monotonic_reads,network_partition,reader-1,read,mr-1c842de1-c4d8-4cca-a61c-04ffda0b39ab,,204,ONE,ALL,cassandra-2,True,False,3.152,2026-09-16T13:01:26.614875+00:00,
1c842de1-c4d8-4cca-a61c-04ffda0b39ab,monotonic_reads,network_partition,reader-1,read,mr-1c842de1-c4d8-4cca-a61c-04ffda0b39ab,,203,ONE,ALL,cassandra-3,True,True,5.041,2026-09-16T13:01:26.631800+00:00,
1c842de1-c4d8-4cca-a61c-04ffda0b39ab,monotonic_reads,network_partition,reader-1,read,mr-1c842de1-c4d8-4cca-a61c-04ffda0b39ab,,204,ONE,ALL,cassandra-1,True,False,3.589,2026-09-16T13:01:26.647317+00:00,
1c842de1-c4d8-4cca-a61c-04ffda0b39ab,monotonic_reads,network_partition,reader-1,read,mr-1c842de1-c4d8-4cca-a61c-04ffda0b39ab,,204,ONE,ALL,cassandra-2,True,False,3.088,2026-09-16T13:01:26.663137+00:00,
1c842de1-c4d8-4cca-a61c-04ffda0b39ab,monotonic_reads,network_partition,reader-1,read,mr-1c842de1-c4d8-4cca-a61c-04ffda0b39ab,,203,ONE,ALL,cassandra-3,True,True,4.188,2026-09-16T13:01:26.679417+00:00,
1c842de1-c4d8-4cca-a61c-04ffda0b39ab,monotonic_reads,network_partition,reader-1,read,mr-1c842de1-c4d8-4cca-a61c-04ffda0b39ab,,204,ONE,ALL,cassandra-1,True,False,2.851,2026-09-16T13:01:26.692565+00:00,
1c842de1-c4d8-4cca-a61c-04ffda0b39ab,monotonic_reads,network_partition,reader-1,read,mr-1c842de1-c4d8-4cca-a61c-04ffda0b39ab,,204,ONE,ALL,cassandra-2,True,False,3.681,2026-09-16T13:01:26.707450+00:00,
1c842de1-c4d8-4cca-a61c-04ffda0b39ab,monotonic_reads,network_partition,reader-1,read,mr-1c842de1-c4d8-4cca-a61c-04ffda0b39ab,,203,ONE,ALL,cassandra-3,True,True,3.393,2026-09-16T13:01:26.721155+00:00,
1c842de1-c4d8-4cca-a61c-04ffda0b39ab,monotonic_reads,network_partition,reader-1,read,mr-1c842de1-c4d8-4cca-a61c-04ffda0b39ab,,204,ONE,ALL,cassandra-1,True,False,3.244,2026-09-16T13:01:26.735310+00:00,
1c842de1-c4d8-4cca-a61c-04ffda0b39ab,monotonic_reads,network_partition,reader-1,read,mr-1c842de1-c4d8-4cca-a61c-04ffda0b39ab,,204,ONE,ALL,cassandra-2,True,False,4.171,2026-09-16T13:01:26.752201+00:00,
1c842de1-c4d8-4cca-a61c-04ffda0b39ab,monotonic_reads,network_partition,reader-1,read,mr-1c842de1-c4d8-4cca-a61c-04ffda0b39ab,,203,ONE,ALL,cassandra-3,True,True,3.535,2026-09-16T13:01:26.766280+00:00,
1c842de1-c4d8-4cca-a61c-04ffda0b39ab,monotonic_reads,network_partition,reader-1,read,mr-1c842de1-c4d8-4cca-a61c-04ffda0b39ab,,204,ONE,ALL,cassandra-1,True,False,3.499,2026-09-16T13:01:26.780051+00:00,
1c842de1-c4d8-4cca-a61c-04ffda0b39ab,monotonic_reads,network_partition,reader-1,read,mr-1c842de1-c4d8-4cca-a61c-04ffda0b39ab,,204,ONE,ALL,cassandra-2,True,False,3.348,2026-09-16T13:01:26.795963+00:00,
1c842de1-c4d8-4cca-a61c-04ffda0b39ab,monotonic_reads,network_partition,reader-1,read,mr-1c842de1-c4d8-4cca-a61c-04ffda0b39ab,,203,ONE,ALL,cassandra-3,True,True,4.219,2026-09-16T13:01:26.810965+00:00,
1c842de1-c4d8-4cca-a61c-04ffda0b39ab,monotonic_reads,network_partition,reader-1,read,mr-1c842de1-c4d8-4cca-a61c-04ffda0b39ab,,204,ONE,ALL,cassandra-1,True,False,3.322,2026-09-16T13:01:26.825061+00:00,
1c842de1-c4d8-4cca-a61c-04ffda0b39ab,monotonic_reads,network_partition,reader-1,read,mr-1c842de1-c4d8-4cca-a61c-04ffda0b39ab,,204,ONE,ALL,cassandra-2,True,False,2.913,2026-09-16T13:01:26.838872+00:00,
1c842de1-c4d8-4cca-a61c-04ffda0b39ab,monotonic_reads,network_partition,reader-1,read,mr-1c842de1-c4d8-4cca-a61c-04ffda0b39ab,,203,ONE,ALL,cassandra-3,True,True,2.609,2026-09-16T13:01:26.853944+00:00,
1c842de1-c4d8-4cca-a61c-04ffda0b39ab,monotonic_reads,network_partition,reader-1,read,mr-1c842de1-c4d8-4cca-a61c-04ffda0b39ab,,204,ONE,ALL,cassandra-1,True,False,3.153,2026-09-16T13:01:26.869115+00:00,
1c842de1-c4d8-4cca-a61c-04ffda0b39ab,monotonic_reads,network_partition,reader-1,read,mr-1c842de1-c4d8-4cca-a61c-04ffda0b39ab,,204,ONE,ALL,cassandra-2,True,False,3.97,2026-09-16T13:01:26.885211+00:00,
1c842de1-c4d8-4cca-a61c-04ffda0b39ab,monotonic_reads,network_partition,reader-1,read,mr-1c842de1-c4d8-4cca-a61c-04ffda0b39ab,,203,ONE,ALL,cassandra-3,True,True,3.919,2026-09-16T13:01:26.901856+00:00,
1c842de1-c4d8-4cca-a61c-04ffda0b39ab,monotonic_reads,network_partition,reader-1,read,mr-1c842de1-c4d8-4cca-a61c-04ffda0b39ab,,204,ONE,ALL,cassandra-1,True,False,3.958,2026-09-16T13:01:26.918203+00:00,
1c842de1-c4d8-4cca-a61c-04ffda0b39ab,monotonic_reads,network_partition,reader-1,read,mr-1c842de1-c4d8-4cca-a61c-04ffda0b39ab,,204,ONE,ALL,cassandra-2,True,False,4.025,2026-09-16T13:01:26.932948+00:00,
1c842de1-c4d8-4cca-a61c-04ffda0b39ab,monotonic_reads,network_partition,reader-1,read,mr-1c842de1-c4d8-4cca-a61c-04ffda0b39ab,,203,ONE,ALL,cassandra-3,True,True,3.978,2026-09-16T13:01:26.948603+00:00,
1c842de1-c4d8-4cca-a61c-04ffda0b39ab,monotonic_reads,network_partition,reader-1,read,mr-1c842de1-c4d8-4cca-a61c-04ffda0b39ab,,204,ONE,ALL,cassandra-1,True,False,4.47,2026-09-16T13:01:26.964378+00:00,
1c842de1-c4d8-4cca-a61c-04ffda0b39ab,monotonic_reads,network_partition,reader-1,read,mr-1c842de1-c4d8-4cca-a61c-04ffda0b39ab,,204,ONE,ALL,cassandra-2,True,False,4.146,2026-09-16T13:01:26.980718+00:00,
1c842de1-c4d8-4cca-a61c-04ffda0b39ab,monotonic_reads,network_partition,reader-1,read,mr-1c842de1-c4d8-4cca-a61c-04ffda0b39ab,,203,ONE,ALL,cassandra-3,True,True,3.936,2026-09-16T13:01:26.997423+00:00,
1c842de1-c4d8-4cca-a61c-04ffda0b39ab,monotonic_reads,network_partition,reader-1,read,mr-1c842de1-c4d8-4cca-a61c-04ffda0b39ab,,204,ONE,ALL,cassandra-1,True,False,4.448,2026-09-16T13:01:27.014626+00:00,
1c842de1-c4d8-4cca-a61c-04ffda0b39ab,monotonic_reads,network_partition,reader-1,read,mr-1c842de1-c4d8-4cca-a61c-04ffda0b39ab,,204,ONE,ALL,cassandra-2,True,False,3.878,2026-09-16T13:01:27.031008+00:00,
1c842de1-c4d8-4cca-a61c-04ffda0b39ab,monotonic_reads,network_partition,reader-1,read,mr-1c842de1-c4d8-4cca-a61c-04ffda0b39ab,,203,ONE,ALL,cassandra-3,True,True,7.254,2026-09-16T13:01:27.050487+00:00,
1c842de1-c4d8-4cca-a61c-04ffda0b39ab,monotonic_reads,network_partition,reader-1,read,mr-1c842de1-c4d8-4cca-a61c-04ffda0b39ab,,204,ONE,ALL,cassandra-1,True,False,3.382,2026-09-16T13:01:27.066608+00:00,
1c842de1-c4d8-4cca-a61c-04ffda0b39ab,monotonic_reads,network_partition,reader-1,read,mr-1c842de1-c4d8-4cca-a61c-04ffda0b39ab,,204,ONE,ALL,cassandra-2,True,False,4.178,2026-09-16T13:01:27.081875+00:00,
1c842de1-c4d8-4cca-a61c-04ffda0b39ab,monotonic_reads,network_partition,reader-1,read,mr-1c842de1-c4d8-4cca-a61c-04ffda0b39ab,,203,ONE,ALL,cassandra-3,True,True,4.276,2026-09-16T13:01:27.097564+00:00,
1c842de1-c4d8-4cca-a61c-04ffda0b39ab,monotonic_reads,network_partition,reader-1,read,mr-1c842de1-c4d8-4cca-a61c-04ffda0b39ab,,204,ONE,ALL,cassandra-1,True,False,3.471,2026-09-16T13:01:27.113698+00:00,
1c842de1-c4d8-4cca-a61c-04ffda0b39ab,monotonic_reads,network_partition,reader-1,read,mr-1c842de1-c4d8-4cca-a61c-04ffda0b39ab,,204,ONE,ALL,cassandra-2,True,False,2.367,2026-09-16T13:01:27.127994+00:00,
1c842de1-c4d8-4cca-a61c-04ffda0b39ab,monotonic_reads,network_partition,reader-1,read,mr-1c842de1-c4d8-4cca-a61c-04ffda0b39ab,,203,ONE,ALL,cassandra-3,True,True,3.21,2026-09-16T13:01:27.142340+00:00,
1c842de1-c4d8-4cca-a61c-04ffda0b39ab,monotonic_reads,network_partition,reader-1,read,mr-1c842de1-c4d8-4cca-a61c-04ffda0b39ab,,204,ONE,ALL,cassandra-1,True,False,3.046,2026-09-16T13:01:27.156319+00:00,
1c842de1-c4d8-4cca-a61c-04ffda0b39ab,monotonic_reads,network_partition,reader-1,read,mr-1c842de1-c4d8-4cca-a61c-04ffda0b39ab,,204,ONE,ALL,cassandra-2,True,False,2.738,2026-09-16T13:01:27.170508+00:00,
1c842de1-c4d8-4cca-a61c-04ffda0b39ab,monotonic_reads,network_partition,reader-1,read,mr-1c842de1-c4d8-4cca-a61c-04ffda0b39ab,,203,ONE,ALL,cassandra-3,True,True,3.559,2026-09-16T13:01:27.185279+00:00,
1c842de1-c4d8-4cca-a61c-04ffda0b39ab,monotonic_reads,network_partition,reader-1,read,mr-1c842de1-c4d8-4cca-a61c-04ffda0b39ab,,204,ONE,ALL,cassandra-1,True,False,3.069,2026-09-16T13:01:27.200785+00:00,
1c842de1-c4d8-4cca-a61c-04ffda0b39ab,monotonic_reads,network_partition,reader-1,read,mr-1c842de1-c4d8-4cca-a61c-04ffda0b39ab,,204,ONE,ALL,cassandra-2,True,False,3.78,2026-09-16T13:01:27.215502+00:00,
1c842de1-c4d8-4cca-a61c-04ffda0b39ab,monotonic_reads,network_partition,reader-1,read,mr-1c842de1-c4d8-4cca-a61c-04ffda0b39ab,,203,ONE,ALL,cassandra-3,True,True,4.231,2026-09-16T13:01:27.231492+00:00,
1c842de1-c4d8-4cca-a61c-04ffda0b39ab,monotonic_reads,network_partition,reader-1,read,mr-1c842de1-c4d8-4cca-a61c-04ffda0b39ab,,204,ONE,ALL,cassandra-1,True,False,4.227,2026-09-16T13:01:27.247383+00:00,
1c842de1-c4d8-4cca-a61c-04ffda0b39ab,monotonic_reads,network_partition,reader-1,read,mr-1c842de1-c4d8-4cca-a61c-04ffda0b39ab,,204,ONE,ALL,cassandra-2,True,False,3.215,2026-09-16T13:01:27.262339+00:00,
1c842de1-c4d8-4cca-a61c-04ffda0b39ab,monotonic_reads,network_partition,reader-1,read,mr-1c842de1-c4d8-4cca-a61c-04ffda0b39ab,,203,ONE,ALL,cassandra-3,True,True,3.406,2026-09-16T13:01:27.277132+00:00,
1c842de1-c4d8-4cca-a61c-04ffda0b39ab,monotonic_reads,network_partition,reader-1,read,mr-1c842de1-c4d8-4cca-a61c-04ffda0b39ab,,204,ONE,ALL,cassandra-1,True,False,3.681,2026-09-16T13:01:27.291396+00:00,
1c842de1-c4d8-4cca-a61c-04ffda0b39ab,monotonic_reads,network_partition,reader-1,read,mr-1c842de1-c4d8-4cca-a61c-04ffda0b39ab,,204,ONE,ALL,cassandra-2,True,False,6.963,2026-09-16T13:01:27.308697+00:00,
1c842de1-c4d8-4cca-a61c-04ffda0b39ab,monotonic_reads,network_partition,reader-1,read,mr-1c842de1-c4d8-4cca-a61c-04ffda0b39ab,,203,ONE,ALL,cassandra-3,True,True,3.861,2026-09-16T13:01:27.323852+00:00,
1c842de1-c4d8-4cca-a61c-04ffda0b39ab,monotonic_reads,network_partition,reader-1,read,mr-1c842de1-c4d8-4cca-a61c-04ffda0b39ab,,204,ONE,ALL,cassandra-1,True,False,3.702,2026-09-16T13:01:27.338927+00:00,
1c842de1-c4d8-4cca-a61c-04ffda0b39ab,monotonic_reads,network_partition,reader-1,read,mr-1c842de1-c4d8-4cca-a61c-04ffda0b39ab,,204,ONE,ALL,cassandra-2,True,False,3.4,2026-09-16T13:01:27.354754+00:00,
1c842de1-c4d8-4cca-a61c-04ffda0b39ab,monotonic_reads,network_partition,reader-1,read,mr-1c842de1-c4d8-4cca-a61c-04ffda0b39ab,,203,ONE,ALL,cassandra-3,True,True,3.078,2026-09-16T13:01:27.368773+00:00,
1c842de1-c4d8-4cca-a61c-04ffda0b39ab,monotonic_reads,network_partition,reader-1,read,mr-1c842de1-c4d8-4cca-a61c-04ffda0b39ab,,204,ONE,ALL,cassandra-1,True,False,3.865,2026-09-16T13:01:27.385334+00:00,
1c842de1-c4d8-4cca-a61c-04ffda0b39ab,monotonic_reads,network_partition,reader-1,read,mr-1c842de1-c4d8-4cca-a61c-04ffda0b39ab,,204,ONE,ALL,cassandra-2,True,False,3.563,2026-09-16T13:01:27.401282+00:00,
1c842de1-c4d8-4cca-a61c-04ffda0b39ab,monotonic_reads,network_partition,reader-1,read,mr-1c842de1-c4d8-4cca-a61c-04ffda0b39ab,,203,ONE,ALL,cassandra-3,True,True,3.982,2026-09-16T13:01:27.417971+00:00,
1c842de1-c4d8-4cca-a61c-04ffda0b39ab,monotonic_reads,network_partition,reader-1,read,mr-1c842de1-c4d8-4cca-a61c-04ffda0b39ab,,204,ONE,ALL,cassandra-1,True,False,3.549,2026-09-16T13:01:27.433963+00:00,
1c842de1-c4d8-4cca-a61c-04ffda0b39ab,monotonic_reads,network_partition,reader-1,read,mr-1c842de1-c4d8-4cca-a61c-04ffda0b39ab,,204,ONE,ALL,cassandra-2,True,False,2.965,2026-09-16T13:01:27.448104+00:00,
1c842de1-c4d8-4cca-a61c-04ffda0b39ab,monotonic_reads,network_partition,reader-1,read,mr-1c842de1-c4d8-4cca-a61c-04ffda0b39ab,,203,ONE,ALL,cassandra-3,True,True,7.955,2026-09-16T13:01:27.467841+00:00,
1c842de1-c4d8-4cca-a61c-04ffda0b39ab,monotonic_reads,network_partition,reader-1,read,mr-1c842de1-c4d8-4cca-a61c-04ffda0b39ab,,204,ONE,ALL,cassandra-1,True,False,1.617,2026-09-16T13:01:27.479670+00:00,
1c842de1-c4d8-4cca-a61c-04ffda0b39ab,monotonic_reads,network_partition,reader-1,read,mr-1c842de1-c4d8-4cca-a61c-04ffda0b39ab,,204,ONE,ALL,cassandra-2,True,False,1.705,2026-09-16T13:01:27.491928+00:00,
1c842de1-c4d8-4cca-a61c-04ffda0b39ab,monotonic_reads,network_partition,reader-1,read,mr-1c842de1-c4d8-4cca-a61c-04ffda0b39ab,,203,ONE,ALL,cassandra-3,True,True,3.899,2026-09-16T13:01:27.508436+00:00,
1c842de1-c4d8-4cca-a61c-04ffda0b39ab,monotonic_reads,network_partition,reader-1,read,mr-1c842de1-c4d8-4cca-a61c-04ffda0b39ab,,204,ONE,ALL,cassandra-1,True,False,2.707,2026-09-16T13:01:27.522507+00:00,
1c842de1-c4d8-4cca-a61c-04ffda0b39ab,monotonic_reads,network_partition,reader-1,read,mr-1c842de1-c4d8-4cca-a61c-04ffda0b39ab,,204,ONE,ALL,cassandra-2,True,False,2.375,2026-09-16T13:01:27.537084+00:00,
1c842de1-c4d8-4cca-a61c-04ffda0b39ab,monotonic_reads,network_partition,reader-1,read,mr-1c842de1-c4d8-4cca-a61c-04ffda0b39ab,,203,ONE,ALL,cassandra-3,True,True,2.979,2026-09-16T13:01:27.551683+00:00,
1c842de1-c4d8-4cca-a61c-04ffda0b39ab,monotonic_reads,network_partition,reader-1,read,mr-1c842de1-c4d8-4cca-a61c-04ffda0b39ab,,204,ONE,ALL,cassandra-1,True,False,3.075,2026-09-16T13:01:27.566774+00:00,
1c842de1-c4d8-4cca-a61c-04ffda0b39ab,monotonic_reads,network_partition,reader-1,read,mr-1c842de1-c4d8-4cca-a61c-04ffda0b39ab,,204,ONE,ALL,cassandra-2,True,False,4.055,2026-09-16T13:01:27.581789+00:00,
1c842de1-c4d8-4cca-a61c-04ffda0b39ab,monotonic_reads,network_partition,reader-1,read,mr-1c842de1-c4d8-4cca-a61c-04ffda0b39ab,,203,ONE,ALL,cassandra-3,True,True,3.259,2026-09-16T13:01:27.596930+00:00,
1c842de1-c4d8-4cca-a61c-04ffda0b39ab,monotonic_reads,network_partition,reader-1,read,mr-1c842de1-c4d8-4cca-a61c-04ffda0b39ab,,204,ONE,ALL,cassandra-1,True,False,2.675,2026-09-16T13:01:27.612314+00:00,
1c842de1-c4d8-4cca-a61c-04ffda0b39ab,monotonic_reads,network_partition,reader-1,read,mr-1c842de1-c4d8-4cca-a61c-04ffda0b39ab,,204,ONE,ALL,cassandra-2,True,False,2.252,2026-09-16T13:01:27.625776+00:00,
1c842de1-c4d8-4cca-a61c-04ffda0b39ab,monotonic_reads,network_partition,reader-1,read,mr-1c842de1-c4d8-4cca-a61c-04ffda0b39ab,,203,ONE,ALL,cassandra-3,True,True,3.463,2026-09-16T13:01:27.641578+00:00,
1c842de1-c4d8-4cca-a61c-04ffda0b39ab,monotonic_reads,network_partition,reader-1,read,mr-1c842de1-c4d8-4cca-a61c-04ffda0b39ab,,204,ONE,ALL,cassandra-1,True,False,2.597,2026-09-16T13:01:27.654404+00:00,
1c842de1-c4d8-4cca-a61c-04ffda0b39ab,monotonic_reads,network_partition,reader-1,read,mr-1c842de1-c4d8-4cca-a61c-04ffda0b39ab,,204,ONE,ALL,cassandra-2,True,False,3.365,2026-09-16T13:01:27.670149+00:00,
1c842de1-c4d8-4cca-a61c-04ffda0b39ab,monotonic_reads,network_partition,reader-1,read,mr-1c842de1-c4d8-4cca-a61c-04ffda0b39ab,,203,ONE,ALL,cassandra-3,True,True,3.4,2026-09-16T13:01:27.684904+00:00,
1c842de1-c4d8-4cca-a61c-04ffda0b39ab,monotonic_reads,network_partition,reader-1,read,mr-1c842de1-c4d8-4cca-a61c-04ffda0b39ab,,204,ONE,ALL,cassandra-1,True,False,2.968,2026-09-16T13:01:27.698916+00:00,
1c842de1-c4d8-4cca-a61c-04ffda0b39ab,monotonic_reads,network_partition,reader-1,read,mr-1c842de1-c4d8-4cca-a61c-04ffda0b39ab,,204,ONE,ALL,cassandra-2,True,False,2.909,2026-09-16T13:01:27.712580+00:00,
1c842de1-c4d8-4cca-a61c-04ffda0b39ab,monotonic_reads,network_partition,reader-1,read,mr-1c842de1-c4d8-4cca-a61c-04ffda0b39ab,,203,ONE,ALL,cassandra-3,True,True,3.138,2026-09-16T13:01:27.726716+00:00,
1c842de1-c4d8-4cca-a61c-04ffda0b39ab,monotonic_reads,network_partition,reader-1,read,mr-1c842de1-c4d8-4cca-a61c-04ffda0b39ab,,204,ONE,ALL,cassandra-1,True,False,3.575,2026-09-16T13:01:27.742200+00:00,
1c842de1-c4d8-4cca-a61c-04ffda0b39ab,monotonic_reads,network_partition,reader-1,read,mr-1c842de1-c4d8-4cca-a61c-04ffda0b39ab,,204,ONE,ALL,cassandra-2,True,False,3.412,2026-09-16T13:01:27.756101+00:00,
1c842de1-c4d8-4cca-a61c-04ffda0b39ab,monotonic_reads,network_partition,reader-1,read,mr-1c842de1-c4d8-4cca-a61c-04ffda0b39ab,,203,ONE,ALL,cassandra-3,True,True,2.939,2026-09-16T13:01:27.771655+00:00,
1c842de1-c4d8-4cca-a61c-04ffda0b39ab,monotonic_reads,network_partition,reader-1,read,mr-1c842de1-c4d8-4cca-a61c-04ffda0b39ab,,204,ONE,ALL,cassandra-1,True,False,3.123,2026-09-16T13:01:27.785249+00:00,
1c842de1-c4d8-4cca-a61c-04ffda0b39ab,monotonic_reads,network_partition,reader-1,read,mr-1c842de1-c4d8-4cca-a61c-04ffda0b39ab,,204,ONE,ALL,cassandra-2,True,False,1.746,2026-09-16T13:01:27.799683+00:00,
1c842de1-c4d8-4cca-a61c-04ffda0b39ab,monotonic_reads,network_partition,reader-1,read,mr-1c842de1-c4d8-4cca-a61c-04ffda0b39ab,,203,ONE,ALL,cassandra-3,True,True,3.431,2026-09-16T13:01:27.814037+00:00,
1c842de1-c4d8-4cca-a61c-04ffda0b39ab,monotonic_reads,network_partition,reader-1,read,mr-1c842de1-c4d8-4cca-a61c-04ffda0b39ab,,204,ONE,ALL,cassandra-1,True,False,3.872,2026-09-16T13:01:27.830658+00:00,
1c842de1-c4d8-4cca-a61c-04ffda0b39ab,monotonic_reads,network_partition,reader-1,read,mr-1c842de1-c4d8-4cca-a61c-04ffda0b39ab,,204,ONE,ALL,cassandra-2,True,False,3.549,2026-09-16T13:01:27.846790+00:00,
1c842de1-c4d8-4cca-a61c-04ffda0b39ab,monotonic_reads,network_partition,reader-1,read,mr-1c842de1-c4d8-4cca-a61c-04ffda0b39ab,,203,ONE,ALL,cassandra-3,True,True,3.216,2026-09-16T13:01:27.862744+00:00,
1c842de1-c4d8-4cca-a61c-04ffda0b39ab,monotonic_reads,network_partition,reader-1,read,mr-1c842de1-c4d8-4cca-a61c-04ffda0b39ab,,204,ONE,ALL,cassandra-1,True,False,4.53,2026-09-16T13:01:27.878266+00:00,
1c842de1-c4d8-4cca-a61c-04ffda0b39ab,monotonic_reads,network_partition,reader-1,read,mr-1c842de1-c4d8-4cca-a61c-04ffda0b39ab,,204,ONE,ALL,cassandra-2,True,False,3.564,2026-09-16T13:01:27.894289+00:00,
1c842de1-c4d8-4cca-a61c-04ffda0b39ab,monotonic_reads,network_partition,reader-1,read,mr-1c842de1-c4d8-4cca-a61c-04ffda0b39ab,,203,ONE,ALL,cassandra-3,True,True,3.441,2026-09-16T13:01:27.910433+00:00,
1c842de1-c4d8-4cca-a61c-04ffda0b39ab,monotonic_reads,network_partition,reader-1,read,mr-1c842de1-c4d8-4cca-a61c-04ffda0b39ab,,204,ONE,ALL,cassandra-1,True,False,3.554,2026-09-16T13:01:27.924300+00:00,
1c842de1-c4d8-4cca-a61c-04ffda0b39ab,monotonic_reads,network_partition,reader-1,read,mr-1c842de1-c4d8-4cca-a61c-04ffda0b39ab,,204,ONE,ALL,cassandra-2,True,False,3.294,2026-09-16T13:01:27.938886+00:00,
1c842de1-c4d8-4cca-a61c-04ffda0b39ab,monotonic_reads,network_partition,reader-1,read,mr-1c842de1-c4d8-4cca-a61c-04ffda0b39ab,,203,ONE,ALL,cassandra-3,True,True,4.47,2026-09-16T13:01:27.956038+00:00,
1c842de1-c4d8-4cca-a61c-04ffda0b39ab,monotonic_reads,network_partition,reader-1,read,mr-1c842de1-c4d8-4cca-a61c-04ffda0b39ab,,204,ONE,ALL,cassandra-1,True,False,3.906,2026-09-16T13:01:27.971780+00:00,
1c842de1-c4d8-4cca-a61c-04ffda0b39ab,monotonic_reads,network_partition,reader-1,read,mr-1c842de1-c4d8-4cca-a61c-04ffda0b39ab,,204,ONE,ALL,cassandra-2,True,False,3.754,2026-09-16T13:01:27.985989+00:00,
1c842de1-c4d8-4cca-a61c-04ffda0b39ab,monotonic_reads,network_partition,reader-1,read,mr-1c842de1-c4d8-4cca-a61c-04ffda0b39ab,,203,ONE,ALL,cassandra-3,True,True,4.132,2026-09-16T13:01:28.001775+00:00,
1c842de1-c4d8-4cca-a61c-04ffda0b39ab,monotonic_reads,network_partition,reader-1,read,mr-1c842de1-c4d8-4cca-a61c-04ffda0b39ab,,204,ONE,ALL,cassandra-1,True,False,4.141,2026-09-16T13:01:28.017869+00:00,
1c842de1-c4d8-4cca-a61c-04ffda0b39ab,monotonic_reads,network_partition,reader-1,read,mr-1c842de1-c4d8-4cca-a61c-04ffda0b39ab,,204,ONE,ALL,cassandra-2,True,False,3.621,2026-09-16T13:01:28.033874+00:00,
1c842de1-c4d8-4cca-a61c-04ffda0b39ab,monotonic_reads,network_partition,reader-1,read,mr-1c842de1-c4d8-4cca-a61c-04ffda0b39ab,,203,ONE,ALL,cassandra-3,True,True,3.5,2026-09-16T13:01:28.049584+00:00,
1c842de1-c4d8-4cca-a61c-04ffda0b39ab,monotonic_reads,network_partition,reader-1,read,mr-1c842de1-c4d8-4cca-a61c-04ffda0b39ab,,204,ONE,ALL,cassandra-1,True,False,4.09,2026-09-16T13:01:28.064821+00:00,
1c842de1-c4d8-4cca-a61c-04ffda0b39ab,monotonic_reads,network_partition,reader-1,read,mr-1c842de1-c4d8-4cca-a61c-04ffda0b39ab,,204,ONE,ALL,cassandra-2,True,False,3.475,2026-09-16T13:01:28.078582+00:00,
1c842de1-c4d8-4cca-a61c-04ffda0b39ab,monotonic_reads,network_partition,reader-1,read,mr-1c842de1-c4d8-4cca-a61c-04ffda0b39ab,,203,ONE,ALL,cassandra-3,True,True,4.158,2026-09-16T13:01:28.094630+00:00,
1c842de1-c4d8-4cca-a61c-04ffda0b39ab,monotonic_reads,network_partition,reader-1,read,mr-1c842de1-c4d8-4cca-a61c-04ffda0b39ab,,204,ONE,ALL,cassandra-1,True,False,3.717,2026-09-16T13:01:28.110928+00:00,
1c842de1-c4d8-4cca-a61c-04ffda0b39ab,monotonic_reads,network_partition,reader-1,read,mr-1c842de1-c4d8-4cca-a61c-04ffda0b39ab,,204,ONE,ALL,cassandra-2,True,False,3.621,2026-09-16T13:01:28.126298+00:00,
1c842de1-c4d8-4cca-a61c-04ffda0b39ab,monotonic_reads,network_partition,reader-1,read,mr-1c842de1-c4d8-4cca-a61c-04ffda0b39ab,,203,ONE,ALL,cassandra-3,True,True,1.664,2026-09-16T13:01:28.140092+00:00,
1c842de1-c4d8-4cca-a61c-04ffda0b39ab,monotonic_reads,network_partition,reader-1,read,mr-1c842de1-c4d8-4cca-a61c-04ffda0b39ab,,204,ONE,ALL,cassandra-1,True,False,1.81,2026-09-16T13:01:28.154017+00:00,
1c842de1-c4d8-4cca-a61c-04ffda0b39ab,monotonic_reads,network_partition,reader-1,read,mr-1c842de1-c4d8-4cca-a61c-04ffda0b39ab,,204,ONE,ALL,cassandra-2,True,False,2.919,2026-09-16T13:01:28.169565+00:00,
1c842de1-c4d8-4cca-a61c-04ffda0b39ab,monotonic_reads,network_partition,reader-1,read,mr-1c842de1-c4d8-4cca-a61c-04ffda0b39ab,,203,ONE,ALL,cassandra-3,True,True,3.955,2026-09-16T13:01:28.184233+00:00,
1c842de1-c4d8-4cca-a61c-04ffda0b39ab,monotonic_reads,network_partition,reader-1,read,mr-1c842de1-c4d8-4cca-a61c-04ffda0b39ab,,204,ONE,ALL,cassandra-1,True,False,4.259,2026-09-16T13:01:28.201204+00:00,
1c842de1-c4d8-4cca-a61c-04ffda0b39ab,monotonic_reads,network_partition,reader-1,read,mr-1c842de1-c4d8-4cca-a61c-04ffda0b39ab,,204,ONE,ALL,cassandra-2,True,False,4.222,2026-09-16T13:01:28.215966+00:00,
1c842de1-c4d8-4cca-a61c-04ffda0b39ab,monotonic_reads,network_partition,reader-1,read,mr-1c842de1-c4d8-4cca-a61c-04ffda0b39ab,,203,ONE,ALL,cassandra-3,True,True,3.855,2026-09-16T13:01:28.232551+00:00,
1c842de1-c4d8-4cca-a61c-04ffda0b39ab,monotonic_reads,network_partition,reader-1,read,mr-1c842de1-c4d8-4cca-a61c-04ffda0b39ab,,204,ONE,ALL,cassandra-1,True,False,3.732,2026-09-16T13:01:28.248988+00:00,
1c842de1-c4d8-4cca-a61c-04ffda0b39ab,monotonic_reads,network_partition,reader-1,read,mr-1c842de1-c4d8-4cca-a61c-04ffda0b39ab,,204,ONE,ALL,cassandra-2,True,False,4.035,2026-09-16T13:01:28.264755+00:00,
1c842de1-c4d8-4cca-a61c-04ffda0b39ab,monotonic_reads,network_partition,reader-1,read,mr-1c842de1-c4d8-4cca-a61c-04ffda0b39ab,,203,ONE,ALL,cassandra-3,True,True,2.981,2026-09-16T13:01:28.279415+00:00,
1c842de1-c4d8-4cca-a61c-04ffda0b39ab,monotonic_reads,network_partition,reader-1,read,mr-1c842de1-c4d8-4cca-a61c-04ffda0b39ab,,204,ONE,ALL,cassandra-1,True,False,3.51,2026-09-16T13:01:28.295594+00:00,
1c842de1-c4d8-4cca-a61c-04ffda0b39ab,monotonic_reads,network_partition,reader-1,read,mr-1c842de1-c4d8-4cca-a61c-04ffda0b39ab,,204,ONE,ALL,cassandra-2,True,False,3.946,2026-09-16T13:01:28.310666+00:00,
1c842de1-c4d8-4cca-a61c-04ffda0b39ab,monotonic_reads,network_partition,reader-1,read,mr-1c842de1-c4d8-4cca-a61c-04ffda0b39ab,,203,ONE,ALL,cassandra-3,True,True,2.628,2026-09-16T13:01:28.325577+00:00,
1c842de1-c4d8-4cca-a61c-04ffda0b39ab,monotonic_reads,network_partition,reader-1,read,mr-1c842de1-c4d8-4cca-a61c-04ffda0b39ab,,204,ONE,ALL,cassandra-1,True,False,3.076,2026-09-16T13:01:28.341156+00:00,
1c842de1-c4d8-4cca-a61c-04ffda0b39ab,monotonic_reads,network_partition,reader-1,read,mr-1c842de1-c4d8-4cca-a61c-04ffda0b39ab,,204,ONE,ALL,cassandra-2,True,False,3.292,2026-09-16T13:01:28.354990+00:00,
1c842de1-c4d8-4cca-a61c-04ffda0b39ab,monotonic_reads,network_partition,reader-1,read,mr-1c842de1-c4d8-4cca-a61c-04ffda0b39ab,,203,ONE,ALL,cassandra-3,True,True,3.013,2026-09-16T13:01:28.369718+00:00,
1c842de1-c4d8-4cca-a61c-04ffda0b39ab,monotonic_reads,network_partition,reader-1,read,mr-1c842de1-c4d8-4cca-a61c-04ffda0b39ab,,204,ONE,ALL,cassandra-1,True,False,3.169,2026-09-16T13:01:28.383279+00:00,
1c842de1-c4d8-4cca-a61c-04ffda0b39ab,monotonic_reads,network_partition,reader-1,read,mr-1c842de1-c4d8-4cca-a61c-04ffda0b39ab,,204,ONE,ALL,cassandra-2,True,False,3.903,2026-09-16T13:01:28.398597+00:00,
1c842de1-c4d8-4cca-a61c-04ffda0b39ab,monotonic_reads,network_partition,reader-1,read,mr-1c842de1-c4d8-4cca-a61c-04ffda0b39ab,,203,ONE,ALL,cassandra-3,True,True,3.658,2026-09-16T13:01:28.414951+00:00,
1c842de1-c4d8-4cca-a61c-04ffda0b39ab,monotonic_reads,network_partition,reader-1,read,mr-1c842de1-c4d8-4cca-a61c-04ffda0b39ab,,204,ONE,ALL,cassandra-1,True,False,4.344,2026-09-16T13:01:28.429540+00:00,
1c842de1-c4d8-4cca-a61c-04ffda0b39ab,monotonic_reads,network_partition,reader-1,read,mr-1c842de1-c4d8-4cca-a61c-04ffda0b39ab,,204,ONE,ALL,cassandra-2,True,False,3.258,2026-09-16T13:01:28.444998+00:00,
1c842de1-c4d8-4cca-a61c-04ffda0b39ab,monotonic_reads,network_partition,reader-1,read,mr-1c842de1-c4d8-4cca-a61c-04ffda0b39ab,,203,ONE,ALL,cassandra-3,True,True,3.671,2026-09-16T13:01:28.459262+00:00,
1c842de1-c4d8-4cca-a61c-04ffda0b39ab,monotonic_reads,network_partition,reader-1,read,mr-1c842de1-c4d8-4cca-a61c-04ffda0b39ab,,204,ONE,ALL,cassandra-1,True,False,1.725,2026-09-16T13:01:28.472413+00:00,
1c842de1-c4d8-4cca-a61c-04ffda0b39ab,monotonic_reads,network_partition,reader-1,read,mr-1c842de1-c4d8-4cca-a61c-04ffda0b39ab,,204,ONE,ALL,cassandra-2,True,False,2.803,2026-09-16T13:01:28.487246+00:00,
1c842de1-c4d8-4cca-a61c-04ffda0b39ab,monotonic_reads,network_partition,reader-1,read,mr-1c842de1-c4d8-4cca-a61c-04ffda0b39ab,,203,ONE,ALL,cassandra-3,True,True,3.701,2026-09-16T13:01:28.502455+00:00,
1c842de1-c4d8-4cca-a61c-04ffda0b39ab,monotonic_reads,network_partition,reader-1,read,mr-1c842de1-c4d8-4cca-a61c-04ffda0b39ab,,204,ONE,ALL,cassandra-1,True,False,3.952,2026-09-16T13:01:28.519016+00:00,
1c842de1-c4d8-4cca-a61c-04ffda0b39ab,monotonic_reads,network_partition,reader-1,read,mr-1c842de1-c4d8-4cca-a61c-04ffda0b39ab,,204,ONE,ALL,cassandra-2,True,False,3.193,2026-09-16T13:01:28.532921+00:00,
1c842de1-c4d8-4cca-a61c-04ffda0b39ab,monotonic_reads,network_partition,reader-1,read,mr-1c842de1-c4d8-4cca-a61c-04ffda0b39ab,,203,ONE,ALL,cassandra-3,True,True,3.635,2026-09-16T13:01:28.547340+00:00,
1c842de1-c4d8-4cca-a61c-04ffda0b39ab,monotonic_reads,network_partition,reader-1,read,mr-1c842de1-c4d8-4cca-a61c-04ffda0b39ab,,204,ONE,ALL,cassandra-1,True,False,3.712,2026-09-16T13:01:28.563293+00:00,
1c842de1-c4d8-4cca-a61c-04ffda0b39ab,monotonic_reads,network_partition,reader-1,read,mr-1c842de1-c4d8-4cca-a61c-04ffda0b39ab,,204,ONE,ALL,cassandra-2,True,False,3.661,2026-09-16T13:01:28.578599+00:00,
1c842de1-c4d8-4cca-a61c-04ffda0b39ab,monotonic_reads,network_partition,reader-1,read,mr-1c842de1-c4d8-4cca-a61c-04ffda0b39ab,,203,ONE,ALL,cassandra-3,True,True,2.871,2026-09-16T13:01:28.594279+00:00,
1c842de1-c4d8-4cca-a61c-04ffda0b39ab,monotonic_reads,network_partition,reader-1,read,mr-1c842de1-c4d8-4cca-a61c-04ffda0b39ab,,204,ONE,ALL,cassandra-1,True,False,3.172,2026-09-16T13:01:28.610132+00:00,
1c842de1-c4d8-4cca-a61c-04ffda0b39ab,monotonic_reads,network_partition,reader-1,read,mr-1c842de1-c4d8-4cca-a61c-04ffda0b39ab,,204,ONE,ALL,cassandra-2,True,False,2.864,2026-09-16T13:01:28.625640+00:00,
1c842de1-c4d8-4cca-a61c-04ffda0b39ab,monotonic_reads,network_partition,reader-1,read,mr-1c842de1-c4d8-4cca-a61c-04ffda0b39ab,,203,ONE,ALL,cassandra-3,True,True,3.74,2026-09-16T13:01:28.641947+00:00,
1c842de1-c4d8-4cca-a61c-04ffda0b39ab,monotonic_reads,network_partition,reader-1,read,mr-1c842de1-c4d8-4cca-a61c-04ffda0b39ab,,204,ONE,ALL,cassandra-1,True,False,2.768,2026-09-16T13:01:28.655954+00:00,
1c842de1-c4d8-4cca-a61c-04ffda0b39ab,monotonic_reads,network_partition,reader-1,read,mr-1c842de1-c4d8-4cca-a61c-04ffda0b39ab,,204,ONE,ALL,cassandra-2,True,False,3.339,2026-09-16T13:01:28.669508+00:00,
1c842de1-c4d8-4cca-a61c-04ffda0b39ab,monotonic_reads,network_partition,reader-1,read,mr-1c842de1-c4d8-4cca-a61c-04ffda0b39ab,,203,ONE,ALL,cassandra-3,True,True,1.711,2026-09-16T13:01:28.682430+00:00,
1c842de1-c4d8-4cca-a61c-04ffda0b39ab,monotonic_reads,network_partition,reader-1,read,mr-1c842de1-c4d8-4cca-a61c-04ffda0b39ab,,204,ONE,ALL,cassandra-1,True,False,1.402,2026-09-16T13:01:28.696420+00:00,
1c842de1-c4d8-4cca-a61c-04ffda0b39ab,monotonic_reads,network_partition,reader-1,read,mr-1c842de1-c4d8-4cca-a61c-04ffda0b39ab,,204,ONE,ALL,cassandra-2,True,False,1.288,2026-09-16T13:01:28.707866+00:00,
1c842de1-c4d8-4cca-a61c-04ffda0b39ab,monotonic_reads,network_partition,reader-1,read,mr-1c842de1-c4d8-4cca-a61c-04ffda0b39ab,,203,ONE,ALL,cassandra-3,True,True,1.368,2026-09-16T13:01:28.720673+00:00,
1c842de1-c4d8-4cca-a61c-04ffda0b39ab,monotonic_reads,network_partition,reader-1,read,mr-1c842de1-c4d8-4cca-a61c-04ffda0b39ab,,204,ONE,ALL,cassandra-1,True,False,1.532,2026-09-16T13:01:28.734628+00:00,
1c842de1-c4d8-4cca-a61c-04ffda0b39ab,monotonic_reads,network_partition,reader-1,read,mr-1c842de1-c4d8-4cca-a61c-04ffda0b39ab,,204,ONE,ALL,cassandra-2,True,False,1.564,2026-09-16T13:01:28.748855+00:00,
1c842de1-c4d8-4cca-a61c-04ffda0b39ab,monotonic_reads,network_partition,reader-1,read,mr-1c842de1-c4d8-4cca-a61c-04ffda0b39ab,,203,ONE,ALL,cassandra-3,True,True,1.45,2026-09-16T13:01:28.762966+00:00,
1c842de1-c4d8-4cca-a61c-04ffda0b39ab,monotonic_reads,network_partition,reader-1,read,mr-1c842de1-c4d8-4cca-a61c-04ffda0b39ab,,204,ONE,ALL,cassandra-1,True,False,1.335,2026-09-16T13:01:28.776984+00:00,
1c842de1-c4d8-4cca-a61c-04ffda0b39ab,monotonic_reads,network_partition,reader-1,read,mr-1c842de1-c4d8-4cca-a61c-04ffda0b39ab,,204,ONE,ALL,cassandra-2,True,False,1.76,2026-09-16T13:01:28.791403+00:00,
1c842de1-c4d8-4cca-a61c-04ffda0b39ab,monotonic_reads,network_partition,reader-1,read,mr-1c842de1-c4d8-4cca-a61c-04ffda0b39ab,,203,ONE,ALL,cassandra-3,True,True,1.979,2026-09-16T13:01:28.805055+00:00,
1c842de1-c4d8-4cca-a61c-04ffda0b39ab,monotonic_reads,network_partition,reader-1,read,mr-1c842de1-c4d8-4cca-a61c-04ffda0b39ab,,204,ONE,ALL,cassandra-1,True,False,2.187,2026-09-16T13:01:28.819903+00:00,
1c842de1-c4d8-4cca-a61c-04ffda0b39ab,monotonic_reads,network_partition,reader-1,read,mr-1c842de1-c4d8-4cca-a61c-04ffda0b39ab,,204,ONE,ALL,cassandra-2,True,False,2.134,2026-09-16T13:01:28.833825+00:00,
1c842de1-c4d8-4cca-a61c-04ffda0b39ab,monotonic_reads,network_partition,reader-1,read,mr-1c842de1-c4d8-4cca-a61c-04ffda0b39ab,,203,ONE,ALL,cassandra-3,True,True,2.43,2026-09-16T13:01:28.847467+00:00,
1c842de1-c4d8-4cca-a61c-04ffda0b39ab,monotonic_reads,network_partition,reader-1,read,mr-1c842de1-c4d8-4cca-a61c-04ffda0b39ab,,204,ONE,ALL,cassandra-1,True,False,2.123,2026-09-16T13:01:28.861960+00:00,
1c842de1-c4d8-4cca-a61c-04ffda0b39ab,monotonic_reads,network_partition,reader-1,read,mr-1c842de1-c4d8-4cca-a61c-04ffda0b39ab,,204,ONE,ALL,cassandra-2,True,False,2.464,2026-09-16T13:01:28.874560+00:00,
1c842de1-c4d8-4cca-a61c-04ffda0b39ab,monotonic_reads,network_partition,reader-1,read,mr-1c842de1-c4d8-4cca-a61c-04ffda0b39ab,,203,ONE,ALL,cassandra-3,True,True,3.994,2026-09-16T13:01:28.890004+00:00,
1c842de1-c4d8-4cca-a61c-04ffda0b39ab,monotonic_reads,network_partition,reader-1,read,mr-1c842de1-c4d8-4cca-a61c-04ffda0b39ab,,204,ONE,ALL,cassandra-1,True,False,2.36,2026-09-16T13:01:28.903075+00:00,
1c842de1-c4d8-4cca-a61c-04ffda0b39ab,monotonic_reads,network_partition,reader-1,read,mr-1c842de1-c4d8-4cca-a61c-04ffda0b39ab,,204,ONE,ALL,cassandra-2,True,False,1.704,2026-09-16T13:01:28.917384+00:00,
1c842de1-c4d8-4cca-a61c-04ffda0b39ab,monotonic_reads,network_partition,reader-1,read,mr-1c842de1-c4d8-4cca-a61c-04ffda0b39ab,,203,ONE,ALL,cassandra-3,True,True,1.843,2026-09-16T13:01:28.996692+00:00,
1c842de1-c4d8-4cca-a61c-04ffda0b39ab,monotonic_reads,network_partition,reader-1,read,mr-1c842de1-c4d8-4cca-a61c-04ffda0b39ab,,204,ONE,ALL,cassandra-1,True,False,1.401,2026-09-16T13:01:29.009129+00:00,
1c842de1-c4d8-4cca-a61c-04ffda0b39ab,monotonic_reads,network_partition,reader-1,read,mr-1c842de1-c4d8-4cca-a61c-04ffda0b39ab,,204,ONE,ALL,cassandra-2,True,False,1.74,2026-09-16T13:01:29.023439+00:00,
1c842de1-c4d8-4cca-a61c-04ffda0b39ab,monotonic_reads,network_partition,reader-1,read,mr-1c842de1-c4d8-4cca-a61c-04ffda0b39ab,,203,ONE,ALL,cassandra-3,True,True,1.458,2026-09-16T13:01:29.037466+00:00,
1c842de1-c4d8-4cca-a61c-04ffda0b39ab,monotonic_reads,network_partition,reader-1,read,mr-1c842de1-c4d8-4cca-a61c-04ffda0b39ab,,204,ONE,ALL,cassandra-1,True,False,1.823,2026-09-16T13:01:29.050620+00:00,
1c842de1-c4d8-4cca-a61c-04ffda0b39ab,monotonic_reads,network_partition,reader-1,read,mr-1c842de1-c4d8-4cca-a61c-04ffda0b39ab,,204,ONE,ALL,cassandra-2,True,False,1.385,2026-09-16T13:01:29.064600+00:00,
1c842de1-c4d8-4cca-a61c-04ffda0b39ab,monotonic_reads,network_partition,reader-1,read,mr-1c842de1-c4d8-4cca-a61c-04ffda0b39ab,,203,ONE,ALL,cassandra-3,True,True,1.536,2026-09-16T13:01:29.078057+00:00,
1c842de1-c4d8-4cca-a61c-04ffda0b39ab,monotonic_reads,network_partition,reader-1,read,mr-1c842de1-c4d8-4cca-a61c-04ffda0b39ab,,204,ONE,ALL,cassandra-1,True,False,2.277,2026-09-16T13:01:29.092925+00:00,
1c842de1-c4d8-4cca-a61c-04ffda0b39ab,monotonic_reads,network_partition,reader-1,read,mr-1c842de1-c4d8-4cca-a61c-04ffda0b39ab,,204,ONE,ALL,cassandra-2,True,False,6.72,2026-09-16T13:01:29.110942+00:00,
1c842de1-c4d8-4cca-a61c-04ffda0b39ab,monotonic_reads,network_partition,reader-1,read,mr-1c842de1-c4d8-4cca-a61c-04ffda0b39ab,,203,ONE,ALL,cassandra-3,True,True,14.619,2026-09-16T13:01:29.138065+00:00,
1c842de1-c4d8-4cca-a61c-04ffda0b39ab,monotonic_reads,network_partition,reader-1,read,mr-1c842de1-c4d8-4cca-a61c-04ffda0b39ab,,204,ONE,ALL,cassandra-1,True,False,1.744,2026-09-16T13:01:29.151036+00:00,
1c842de1-c4d8-4cca-a61c-04ffda0b39ab,monotonic_reads,network_partition,reader-1,read,mr-1c842de1-c4d8-4cca-a61c-04ffda0b39ab,,204,ONE,ALL,cassandra-2,True,False,1.734,2026-09-16T13:01:29.163529+00:00,
1c842de1-c4d8-4cca-a61c-04ffda0b39ab,monotonic_reads,network_partition,reader-1,read,mr-1c842de1-c4d8-4cca-a61c-04ffda0b39ab,,203,ONE,ALL,cassandra-3,True,True,1.533,2026-09-16T13:01:29.175300+00:00,
1c842de1-c4d8-4cca-a61c-04ffda0b39ab,monotonic_reads,network_partition,reader-1,read,mr-1c842de1-c4d8-4cca-a61c-04ffda0b39ab,,204,ONE,ALL,cassandra-1,True,False,1.454,2026-09-16T13:01:29.189352+00:00,
1c842de1-c4d8-4cca-a61c-04ffda0b39ab,monotonic_reads,network_partition,reader-1,read,mr-1c842de1-c4d8-4cca-a61c-04ffda0b39ab,,204,ONE,ALL,cassandra-2,True,False,1.504,2026-09-16T13:01:29.203226+00:00,
1c842de1-c4d8-4cca-a61c-04ffda0b39ab,monotonic_reads,network_partition,reader-1,read,mr-1c842de1-c4d8-4cca-a61c-04ffda0b39ab,,203,ONE,ALL,cassandra-3,True,True,1.434,2026-09-16T13:01:29.217258+00:00,
1c842de1-c4d8-4cca-a61c-04ffda0b39ab,monotonic_reads,network_partition,reader-1,read,mr-1c842de1-c4d8-4cca-a61c-04ffda0b39ab,,204,ONE,ALL,cassandra-1,True,False,1.7,2026-09-16T13:01:29.231561+00:00,
1c842de1-c4d8-4cca-a61c-04ffda0b39ab,monotonic_reads,network_partition,reader-1,read,mr-1c842de1-c4d8-4cca-a61c-04ffda0b39ab,,204,ONE,ALL,cassandra-2,True,False,1.997,2026-09-16T13:01:29.246156+00:00,
1c842de1-c4d8-4cca-a61c-04ffda0b39ab,monotonic_reads,network_partition,reader-1,read,mr-1c842de1-c4d8-4cca-a61c-04ffda0b39ab,,203,ONE,ALL,cassandra-3,True,True,2.372,2026-09-16T13:01:29.261191+00:00,
1c842de1-c4d8-4cca-a61c-04ffda0b39ab,monotonic_reads,network_partition,reader-1,read,mr-1c842de1-c4d8-4cca-a61c-04ffda0b39ab,,204,ONE,ALL,cassandra-1,True,False,4.588,2026-09-16T13:01:29.278384+00:00,
1c842de1-c4d8-4cca-a61c-04ffda0b39ab,monotonic_reads,network_partition,reader-1,read,mr-1c842de1-c4d8-4cca-a61c-04ffda0b39ab,,204,ONE,ALL,cassandra-2,True,False,4.191,2026-09-16T13:01:29.295179+00:00,
1c842de1-c4d8-4cca-a61c-04ffda0b39ab,monotonic_reads,network_partition,reader-1,read,mr-1c842de1-c4d8-4cca-a61c-04ffda0b39ab,,203,ONE,ALL,cassandra-3,True,True,3.138,2026-09-16T13:01:29.309121+00:00,
1c842de1-c4d8-4cca-a61c-04ffda0b39ab,monotonic_reads,network_partition,reader-1,read,mr-1c842de1-c4d8-4cca-a61c-04ffda0b39ab,,204,ONE,ALL,cassandra-1,True,False,1.737,2026-09-16T13:01:29.323461+00:00,
1c842de1-c4d8-4cca-a61c-04ffda0b39ab,monotonic_reads,network_partition,reader-1,read,mr-1c842de1-c4d8-4cca-a61c-04ffda0b39ab,,204,ONE,ALL,cassandra-2,True,False,2.219,2026-09-16T13:01:29.335844+00:00,
1c842de1-c4d8-4cca-a61c-04ffda0b39ab,monotonic_reads,network_partition,reader-1,read,mr-1c842de1-c4d8-4cca-a61c-04ffda0b39ab,,203,ONE,ALL,cassandra-3,True,True,1.322,2026-09-16T13:01:29.348947+00:00,
1c842de1-c4d8-4cca-a61c-04ffda0b39ab,monotonic_reads,network_partition,reader-1,read,mr-1c842de1-c4d8-4cca-a61c-04ffda0b39ab,,204,ONE,ALL,cassandra-1,True,False,1.227,2026-09-16T13:01:29.362815+00:00,
1c842de1-c4d8-4cca-a61c-04ffda0b39ab,monotonic_reads,network_partition,reader-1,read,mr-1c842de1-c4d8-4cca-a61c-04ffda0b39ab,,204,ONE,ALL,cassandra-2,True,False,1.72,2026-09-16T13:01:29.376969+00:00,
1c842de1-c4d8-4cca-a61c-04ffda0b39ab,monotonic_reads,network_partition,reader-1,read,mr-1c842de1-c4d8-4cca-a61c-04ffda0b39ab,,203,ONE,ALL,cassandra-3,True,True,1.567,2026-09-16T13:01:29.390135+00:00,
1c842de1-c4d8-4cca-a61c-04ffda0b39ab,monotonic_reads,network_partition,reader-1,read,mr-1c842de1-c4d8-4cca-a61c-04ffda0b39ab,,204,ONE,ALL,cassandra-1,True,False,1.658,2026-09-16T13:01:29.404403+00:00,
1c842de1-c4d8-4cca-a61c-04ffda0b39ab,monotonic_reads,network_partition,reader-1,read,mr-1c842de1-c4d8-4cca-a61c-04ffda0b39ab,,204,ONE,ALL,cassandra-2,True,False,1.361,2026-09-16T13:01:29.418381+00:00,
1c842de1-c4d8-4cca-a61c-04ffda0b39ab,monotonic_reads,network_partition,reader-1,read,mr-1c842de1-c4d8-4cca-a61c-04ffda0b39ab,,203,ONE,ALL,cassandra-3,True,True,1.465,2026-09-16T13:01:29.432457+00:00,
1c842de1-c4d8-4cca-a61c-04ffda0b39ab,monotonic_reads,network_partition,reader-1,read,mr-1c842de1-c4d8-4cca-a61c-04ffda0b39ab,,204,ONE,ALL,cassandra-1,True,False,2.015,2026-09-16T13:01:29.447098+00:00,
1c842de1-c4d8-4cca-a61c-04ffda0b39ab,monotonic_reads,network_partition,reader-1,read,mr-1c842de1-c4d8-4cca-a61c-04ffda0b39ab,,204,ONE,ALL,cassandra-2,True,False,1.583,2026-09-16T13:01:29.461367+00:00,
1c842de1-c4d8-4cca-a61c-04ffda0b39ab,monotonic_reads,network_partition,reader-1,read,mr-1c842de1-c4d8-4cca-a61c-04ffda0b39ab,,203,ONE,ALL,cassandra-3,True,True,2.261,2026-09-16T13:01:29.476264+00:00,
1c842de1-c4d8-4cca-a61c-04ffda0b39ab,monotonic_reads,network_partition,reader-1,read,mr-1c842de1-c4d8-4cca-a61c-04ffda0b39ab,,204,ONE,ALL,cassandra-1,True,False,1.816,2026-09-16T13:01:29.488681+00:00,
1c842de1-c4d8-4cca-a61c-04ffda0b39ab,monotonic_reads,network_partition,reader-1,read,mr-1c842de1-c4d8-4cca-a61c-04ffda0b39ab,,204,ONE,ALL,cassandra-2,True,False,1.868,2026-09-16T13:01:29.500920+00:00,
1c842de1-c4d8-4cca-a61c-04ffda0b39ab,monotonic_reads,network_partition,reader-1,read,mr-1c842de1-c4d8-4cca-a61c-04ffda0b39ab,,203,ONE,ALL,cassandra-3,True,True,1.873,2026-09-16T13:01:29.515478+00:00,
1c842de1-c4d8-4cca-a61c-04ffda0b39ab,monotonic_reads,network_partition,reader-1,read,mr-1c842de1-c4d8-4cca-a61c-04ffda0b39ab,,204,ONE,ALL,cassandra-1,True,False,1.768,2026-09-16T13:01:29.527782+00:00,
1c842de1-c4d8-4cca-a61c-04ffda0b39ab,monotonic_reads,network_partition,reader-1,read,mr-1c842de1-c4d8-4cca-a61c-04ffda0b39ab,,204,ONE,ALL,cassandra-2,True,False,2.557,2026-09-16T13:01:29.543051+00:00,
1c842de1-c4d8-4cca-a61c-04ffda0b39ab,monotonic_reads,network_partition,reader-1,read,mr-1c842de1-c4d8-4cca-a61c-04ffda0b39ab,,203,ONE,ALL,cassandra-3,True,True,3.194,2026-09-16T13:01:29.558984+00:00,
1c842de1-c4d8-4cca-a61c-04ffda0b39ab,monotonic_reads,network_partition,reader-1,read,mr-1c842de1-c4d8-4cca-a61c-04ffda0b39ab,,204,ONE,ALL,cassandra-1,True,False,3.11,2026-09-16T13:01:29.572475+00:00,
1c842de1-c4d8-4cca-a61c-04ffda0b39ab,monotonic_reads,network_partition,reader-1,read,mr-1c842de1-c4d8-4cca-a61c-04ffda0b39ab,,204,ONE,ALL,cassandra-2,True,False,3.606,2026-09-16T13:01:29.587479+00:00,
1c842de1-c4d8-4cca-a61c-04ffda0b39ab,monotonic_reads,network_partition,reader-1,read,mr-1c842de1-c4d8-4cca-a61c-04ffda0b39ab,,203,ONE,ALL,cassandra-3,True,True,4.954,2026-09-16T13:01:29.604359+00:00,
1c842de1-c4d8-4cca-a61c-04ffda0b39ab,monotonic_reads,network_partition,reader-1,read,mr-1c842de1-c4d8-4cca-a61c-04ffda0b39ab,,204,ONE,ALL,cassandra-1,True,False,4.18,2026-09-16T13:01:29.619573+00:00,
1c842de1-c4d8-4cca-a61c-04ffda0b39ab,monotonic_reads,network_partition,reader-1,read,mr-1c842de1-c4d8-4cca-a61c-04ffda0b39ab,,204,ONE,ALL,cassandra-2,True,False,4.065,2026-09-16T13:01:29.635461+00:00,
1c842de1-c4d8-4cca-a61c-04ffda0b39ab,monotonic_reads,network_partition,reader-1,read,mr-1c842de1-c4d8-4cca-a61c-04ffda0b39ab,,203,ONE,ALL,cassandra-3,True,True,5.368,2026-09-16T13:01:29.653253+00:00,
1c842de1-c4d8-4cca-a61c-04ffda0b39ab,monotonic_reads,network_partition,reader-1,read,mr-1c842de1-c4d8-4cca-a61c-04ffda0b39ab,,204,ONE,ALL,cassandra-1,True,False,3.5,2026-09-16T13:01:29.669449+00:00,
1c842de1-c4d8-4cca-a61c-04ffda0b39ab,monotonic_reads,network_partition,reader-1,read,mr-1c842de1-c4d8-4cca-a61c-04ffda0b39ab,,204,ONE,ALL,cassandra-2,True,False,3.292,2026-09-16T13:01:29.685486+00:00,
1c842de1-c4d8-4cca-a61c-04ffda0b39ab,monotonic_reads,network_partition,reader-1,read,mr-1c842de1-c4d8-4cca-a61c-04ffda0b39ab,,203,ONE,ALL,cassandra-3,True,True,2.756,2026-09-16T13:01:29.701104+00:00,
1c842de1-c4d8-4cca-a61c-04ffda0b39ab,monotonic_reads,network_partition,reader-1,read,mr-1c842de1-c4d8-4cca-a61c-04ffda0b39ab,,204,ONE,ALL,cassandra-1,True,False,2.153,2026-09-16T13:01:29.714827+00:00,
1c842de1-c4d8-4cca-a61c-04ffda0b39ab,monotonic_reads,network_partition,reader-1,read,mr-1c842de1-c4d8-4cca-a61c-04ffda0b39ab,,204,ONE,ALL,cassandra-2,True,False,2.692,2026-09-16T13:01:29.730192+00:00,
1c842de1-c4d8-4cca-a61c-04ffda0b39ab,monotonic_reads,network_partition,reader-1,read,mr-1c842de1-c4d8-4cca-a61c-04ffda0b39ab,,203,ONE,ALL,cassandra-3,True,True,2.275,2026-09-16T13:01:29.744669+00:00,
1c842de1-c4d8-4cca-a61c-04ffda0b39ab,monotonic_reads,network_partition,reader-1,read,mr-1c842de1-c4d8-4cca-a61c-04ffda0b39ab,,204,ONE,ALL,cassandra-1,True,False,2.214,2026-09-16T13:01:29.759583+00:00,
1c842de1-c4d8-4cca-a61c-04ffda0b39ab,monotonic_reads,network_partition,reader-1,read,mr-1c842de1-c4d8-4cca-a61c-04ffda0b39ab,,204,ONE,ALL,cassandra-2,True,False,1.894,2026-09-16T13:01:29.774117+00:00,
1c842de1-c4d8-4cca-a61c-04ffda0b39ab,monotonic_reads,network_partition,reader-1,read,mr-1c842de1-c4d8-4cca-a61c-04ffda0b39ab,,203,ONE,ALL,cassandra-3,True,True,3.045,2026-09-16T13:01:29.789039+00:00,
1c842de1-c4d8-4cca-a61c-04ffda0b39ab,monotonic_reads,network_partition,reader-1,read,mr-1c842de1-c4d8-4cca-a61c-04ffda0b39ab,,204,ONE,ALL,cassandra-1,True,False,4.062,2026-09-16T13:01:29.803456+00:00,
1c842de1-c4d8-4cca-a61c-04ffda0b39ab,monotonic_reads,network_partition,reader-1,read,mr-1c842de1-c4d8-4cca-a61c-04ffda0b39ab,,204,ONE,ALL,cassandra-2,True,False,9.708,2026-09-16T13:01:29.828945+00:00,
1c842de1-c4d8-4cca-a61c-04ffda0b39ab,monotonic_reads,network_partition,reader-1,read,mr-1c842de1-c4d8-4cca-a61c-04ffda0b39ab,,203,ONE,ALL,cassandra-3,True,True,3.104,2026-09-16T13:01:29.843840+00:00,
1c842de1-c4d8-4cca-a61c-04ffda0b39ab,monotonic_reads,network_partition,reader-1,read,mr-1c842de1-c4d8-4cca-a61c-04ffda0b39ab,,204,ONE,ALL,cassandra-1,True,False,4.523,2026-09-16T13:01:29.860734+00:00,
1c842de1-c4d8-4cca-a61c-04ffda0b39ab,monotonic_reads,network_partition,reader-1,read,mr-1c842de1-c4d8-4cca-a61c-04ffda0b39ab,,204,ONE,ALL,cassandra-2,True,False,4.507,2026-09-16T13:01:29.877943+00:00,
1c842de1-c4d8-4cca-a61c-04ffda0b39ab,monotonic_reads,network_partition,reader-1,read,mr-1c842de1-c4d8-4cca-a61c-04ffda0b39ab,,203,ONE,ALL,cassandra-3,True,True,3.679,2026-09-16T13:01:29.893108+00:00,
1c842de1-c4d8-4cca-a61c-04ffda0b39ab,monotonic_reads,network_partition,reader-1,read,mr-1c842de1-c4d8-4cca-a61c-04ffda0b39ab,,204,ONE,ALL,cassandra-1,True,False,4.176,2026-09-16T13:01:29.908561+00:00,
1c842de1-c4d8-4cca-a61c-04ffda0b39ab,monotonic_reads,network_partition,reader-1,read,mr-1c842de1-c4d8-4cca-a61c-04ffda0b39ab,,204,ONE,ALL,cassandra-2,True,False,4.059,2026-09-16T13:01:29.924556+00:00,
1c842de1-c4d8-4cca-a61c-04ffda0b39ab,monotonic_reads,network_partition,reader-1,read,mr-1c842de1-c4d8-4cca-a61c-04ffda0b39ab,,203,ONE,ALL,cassandra-3,True,True,3.808,2026-09-16T13:01:29.940106+00:00,
1c842de1-c4d8-4cca-a61c-04ffda0b39ab,monotonic_reads,network_partition,reader-1,read,mr-1c842de1-c4d8-4cca-a61c-04ffda0b39ab,,204,ONE,ALL,cassandra-1,True,False,4.25,2026-09-16T13:01:29.955648+00:00,
1c842de1-c4d8-4cca-a61c-04ffda0b39ab,monotonic_reads,network_partition,reader-1,read,mr-1c842de1-c4d8-4cca-a61c-04ffda0b39ab,,204,ONE,ALL,cassandra-2,True,False,4.194,2026-09-16T13:01:29.970830+00:00,
1c842de1-c4d8-4cca-a61c-04ffda0b39ab,monotonic_reads,network_partition,reader-1,read,mr-1c842de1-c4d8-4cca-a61c-04ffda0b39ab,,203,ONE,ALL,cassandra-3,True,True,4.352,2026-09-16T13:01:29.985714+00:00,
1c842de1-c4d8-4cca-a61c-04ffda0b39ab,monotonic_reads,network_partition,reader-1,read,mr-1c842de1-c4d8-4cca-a61c-04ffda0b39ab,,204,ONE,ALL,cassandra-1,True,False,3.862,2026-09-16T13:01:30.002209+00:00,
1c842de1-c4d8-4cca-a61c-04ffda0b39ab,monotonic_reads,network_partition,reader-1,read,mr-1c842de1-c4d8-4cca-a61c-04ffda0b39ab,,204,ONE,ALL,cassandra-2,True,False,3.88,2026-09-16T13:01:30.018441+00:00,
1c842de1-c4d8-4cca-a61c-04ffda0b39ab,monotonic_reads,network_partition,reader-1,read,mr-1c842de1-c4d8-4cca-a61c-04ffda0b39ab,,203,ONE,ALL,cassandra-3,True,True,4.002,2026-09-16T13:01:30.035220+00:00,
1c842de1-c4d8-4cca-a61c-04ffda0b39ab,monotonic_reads,network_partition,reader-1,read,mr-1c842de1-c4d8-4cca-a61c-04ffda0b39ab,,204,ONE,ALL,cassandra-1,True,False,3.969,2026-09-16T13:01:30.051927+00:00,
1c842de1-c4d8-4cca-a61c-04ffda0b39ab,monotonic_reads,network_partition,reader-1,read,mr-1c842de1-c4d8-4cca-a61c-04ffda0b39ab,,204,ONE,ALL,cassandra-2,True,False,4.038,2026-09-16T13:01:30.066398+00:00,
1c842de1-c4d8-4cca-a61c-04ffda0b39ab,monotonic_reads,network_partition,reader-1,read,mr-1c842de1-c4d8-4cca-a61c-04ffda0b39ab,,203,ONE,ALL,cassandra-3,True,True,3.919,2026-09-16T13:01:30.083018+00:00,
1c842de1-c4d8-4cca-a61c-04ffda0b39ab,monotonic_reads,network_partition,reader-1,read,mr-1c842de1-c4d8-4cca-a61c-04ffda0b39ab,,204,ONE,ALL,cassandra-1,True,False,6.277,2026-09-16T13:01:30.100674+00:00,
1c842de1-c4d8-4cca-a61c-04ffda0b39ab,monotonic_reads,network_partition,reader-1,read,mr-1c842de1-c4d8-4cca-a61c-04ffda0b39ab,,204,ONE,ALL,cassandra-2,True,False,4.314,2026-09-16T13:01:30.117740+00:00,
1c842de1-c4d8-4cca-a61c-04ffda0b39ab,monotonic_reads,network_partition,reader-1,read,mr-1c842de1-c4d8-4cca-a61c-04ffda0b39ab,,203,ONE,ALL,cassandra-3,True,True,4.103,2026-09-16T13:01:30.134620+00:00,
1c842de1-c4d8-4cca-a61c-04ffda0b39ab,monotonic_reads,network_partition,reader-1,read,mr-1c842de1-c4d8-4cca-a61c-04ffda0b39ab,,204,ONE,ALL,cassandra-1,True,False,5.885,2026-09-16T13:01:30.151256+00:00,
1c842de1-c4d8-4cca-a61c-04ffda0b39ab,monotonic_reads,network_partition,reader-1,read,mr-1c842de1-c4d8-4cca-a61c-04ffda0b39ab,,204,ONE,ALL,cassandra-2,True,False,1.965,2026-09-16T13:01:30.164617+00:00,
1c842de1-c4d8-4cca-a61c-04ffda0b39ab,monotonic_reads,network_partition,reader-1,read,mr-1c842de1-c4d8-4cca-a61c-04ffda0b39ab,,203,ONE,ALL,cassandra-3,True,True,2.12,2026-09-16T13:01:30.179398+00:00,
1c842de1-c4d8-4cca-a61c-04ffda0b39ab,monotonic_reads,network_partition,reader-1,read,mr-1c842de1-c4d8-4cca-a61c-04ffda0b39ab,,204,ONE,ALL,cassandra-1,True,False,1.83,2026-09-16T13:01:30.191857+00:00,
1c842de1-c4d8-4cca-a61c-04ffda0b39ab,monotonic_reads,network_partition,reader-1,read,mr-1c842de1-c4d8-4cca-a61c-04ffda0b39ab,,204,ONE,ALL,cassandra-2,True,False,2.606,2026-09-16T13:01:30.205200+00:00,
1c842de1-c4d8-4cca-a61c-04ffda0b39ab,monotonic_reads,network_partition,reader-1,read,mr-1c842de1-c4d8-4cca-a61c-04ffda0b39ab,,203,ONE,ALL,cassandra-3,True,True,3.104,2026-09-16T13:01:30.220970+00:00,
1c842de1-c4d8-4cca-a61c-04ffda0b39ab,monotonic_reads,network_partition,reader-1,read,mr-1c842de1-c4d8-4cca-a61c-04ffda0b39ab,,204,ONE,ALL,cassandra-1,True,False,3.32,2026-09-16T13:01:30.236196+00:00,
1c842de1-c4d8-4cca-a61c-04ffda0b39ab,monotonic_reads,network_partition,reader-1,read,mr-1c842de1-c4d8-4cca-a61c-04ffda0b39ab,,204,ONE,ALL,cassandra-2,True,False,2.772,2026-09-16T13:01:30.250007+00:00,
1c842de1-c4d8-4cca-a61c-04ffda0b39ab,monotonic_reads,network_partition,reader-1,read,mr-1c842de1-c4d8-4cca-a61c-04ffda0b39ab,,203,ONE,ALL,cassandra-3,True,True,3.549,2026-09-16T13:01:30.264935+00:00,
1c842de1-c4d8-4cca-a61c-04ffda0b39ab,monotonic_reads,network_partition,reader-1,read,mr-1c842de1-c4d8-4cca-a61c-04ffda0b39ab,,204,ONE,ALL,cassandra-1,True,False,3.36,2026-09-16T13:01:30.278889+00:00,
1c842de1-c4d8-4cca-a61c-04ffda0b39ab,monotonic_reads,network_partition,reader-1,read,mr-1c842de1-c4d8-4cca-a61c-04ffda0b39ab,,204,ONE,ALL,cassandra-2,True,False,3.101,2026-09-16T13:01:30.292188+00:00,
1c842de1-c4d8-4cca-a61c-04ffda0b39ab,monotonic_reads,network_partition,reader-1,read,mr-1c842de1-c4d8-4cca-a61c-04ffda0b39ab,,203,ONE,ALL,cassandra-3,True,True,3.085,2026-09-16T13:01:30.307441+00:00,
1c842de1-c4d8-4cca-a61c-04ffda0b39ab,monotonic_reads,network_partition,reader-1,read,mr-1c842de1-c4d8-4cca-a61c-04ffda0b39ab,,204,ONE,ALL,cassandra-1,True,False,3.105,2026-09-16T13:01:30.322490+00:00,
1c842de1-c4d8-4cca-a61c-04ffda0b39ab,monotonic_reads,network_partition,reader-1,read,mr-1c842de1-c4d8-4cca-a61c-04ffda0b39ab,,204,ONE,ALL,cassandra-2,True,False,2.687,2026-09-16T13:01:30.336453+00:00,
1c842de1-c4d8-4cca-a61c-04ffda0b39ab,monotonic_reads,network_partition,reader-1,read,mr-1c842de1-c4d8-4cca-a61c-04ffda0b39ab,,203,ONE,ALL,cassandra-3,True,True,4.28,2026-09-16T13:01:30.352686+00:00,
1c842de1-c4d8-4cca-a61c-04ffda0b39ab,monotonic_reads,network_partition,reader-1,read,mr-1c842de1-c4d8-4cca-a61c-04ffda0b39ab,,204,ONE,ALL,cassandra-1,True,False,3.405,2026-09-16T13:01:30.368193+00:00,
1c842de1-c4d8-4cca-a61c-04ffda0b39ab,monotonic_reads,network_partition,writer-1,write,mr-1c842de1-c4d8-4cca-a61c-04ffda0b39ab,204,,,ALL,cassandra-1,False,False,5001.915,2026-09-16T13:01:30.375205+00:00,"WriteTimeout: Error from server: code=1100 [Coordinator node timed out waiting for replica nodes' responses] message=""Operation timed out - received only 2 responses."" info={'consistency': 'ALL', 'required_responses': 3, 'received_responses': 2, 'write_type': 'SIMPLE'}"
1c842de1-c4d8-4cca-a61c-04ffda0b39ab,monotonic_reads,network_partition,reader-1,read,mr-1c842de1-c4d8-4cca-a61c-04ffda0b39ab,,204,ONE,ALL,cassandra-2,True,False,3.902,2026-09-16T13:01:30.383219+00:00,
1c842de1-c4d8-4cca-a61c-04ffda0b39ab,monotonic_reads,network_partition,reader-1,read,mr-1c842de1-c4d8-4cca-a61c-04ffda0b39ab,,203,ONE,ALL,cassandra-3,True,True,5.214,2026-09-16T13:01:30.400986+00:00,
1c842de1-c4d8-4cca-a61c-04ffda0b39ab,monotonic_reads,network_partition,reader-1,read,mr-1c842de1-c4d8-4cca-a61c-04ffda0b39ab,,204,ONE,ALL,cassandra-1,True,False,1.996,2026-09-16T13:01:30.413242+00:00,
1c842de1-c4d8-4cca-a61c-04ffda0b39ab,monotonic_reads,network_partition,reader-1,read,mr-1c842de1-c4d8-4cca-a61c-04ffda0b39ab,,204,ONE,ALL,cassandra-2,True,False,1.813,2026-09-16T13:01:30.428491+00:00,
1c842de1-c4d8-4cca-a61c-04ffda0b39ab,monotonic_reads,network_partition,reader-1,read,mr-1c842de1-c4d8-4cca-a61c-04ffda0b39ab,,203,ONE,ALL,cassandra-3,True,True,1.465,2026-09-16T13:01:30.442102+00:00,
1c842de1-c4d8-4cca-a61c-04ffda0b39ab,monotonic_reads,network_partition,reader-1,read,mr-1c842de1-c4d8-4cca-a61c-04ffda0b39ab,,204,ONE,ALL,cassandra-1,True,False,1.985,2026-09-16T13:01:30.456240+00:00,
1c842de1-c4d8-4cca-a61c-04ffda0b39ab,monotonic_reads,network_partition,reader-1,read,mr-1c842de1-c4d8-4cca-a61c-04ffda0b39ab,,204,ONE,ALL,cassandra-2,True,False,1.946,2026-09-16T13:01:30.470105+00:00,
1c842de1-c4d8-4cca-a61c-04ffda0b39ab,monotonic_reads,network_partition,reader-1,read,mr-1c842de1-c4d8-4cca-a61c-04ffda0b39ab,,203,ONE,ALL,cassandra-3,True,True,1.591,2026-09-16T13:01:30.482785+00:00,
1c842de1-c4d8-4cca-a61c-04ffda0b39ab,monotonic_reads,network_partition,reader-1,read,mr-1c842de1-c4d8-4cca-a61c-04ffda0b39ab,,204,ONE,ALL,cassandra-1,True,False,1.549,2026-09-16T13:01:30.494700+00:00,
1c842de1-c4d8-4cca-a61c-04ffda0b39ab,monotonic_reads,network_partition,reader-1,read,mr-1c842de1-c4d8-4cca-a61c-04ffda0b39ab,,204,ONE,ALL,cassandra-2,True,False,1.763,2026-09-16T13:01:30.507504+00:00,
1c842de1-c4d8-4cca-a61c-04ffda0b39ab,monotonic_reads,network_partition,reader-1,read,mr-1c842de1-c4d8-4cca-a61c-04ffda0b39ab,,203,ONE,ALL,cassandra-3,True,True,1.766,2026-09-16T13:01:30.521946+00:00,
1c842de1-c4d8-4cca-a61c-04ffda0b39ab,monotonic_reads,network_partition,reader-1,read,mr-1c842de1-c4d8-4cca-a61c-04ffda0b39ab,,204,ONE,ALL,cassandra-1,True,False,1.872,2026-09-16T13:01:30.534605+00:00,
1c842de1-c4d8-4cca-a61c-04ffda0b39ab,monotonic_reads,network_partition,reader-1,read,mr-1c842de1-c4d8-4cca-a61c-04ffda0b39ab,,204,ONE,ALL,cassandra-2,True,False,1.903,2026-09-16T13:01:30.547901+00:00,
1c842de1-c4d8-4cca-a61c-04ffda0b39ab,monotonic_reads,network_partition,reader-1,read,mr-1c842de1-c4d8-4cca-a61c-04ffda0b39ab,,203,ONE,ALL,cassandra-3,True,True,2.668,2026-09-16T13:01:30.563257+00:00,
1c842de1-c4d8-4cca-a61c-04ffda0b39ab,monotonic_reads,network_partition,reader-1,read,mr-1c842de1-c4d8-4cca-a61c-04ffda0b39ab,,204,ONE,ALL,cassandra-1,True,False,1.471,2026-09-16T13:01:30.577169+00:00,
1c842de1-c4d8-4cca-a61c-04ffda0b39ab,monotonic_reads,network_partition,reader-1,read,mr-1c842de1-c4d8-4cca-a61c-04ffda0b39ab,,204,ONE,ALL,cassandra-2,True,False,1.411,2026-09-16T13:01:30.589641+00:00,
1c842de1-c4d8-4cca-a61c-04ffda0b39ab,monotonic_reads,network_partition,reader-1,read,mr-1c842de1-c4d8-4cca-a61c-04ffda0b39ab,,203,ONE,ALL,cassandra-3,True,True,1.731,2026-09-16T13:01:30.602222+00:00,
1c842de1-c4d8-4cca-a61c-04ffda0b39ab,monotonic_reads,network_partition,reader-1,read,mr-1c842de1-c4d8-4cca-a61c-04ffda0b39ab,,204,ONE,ALL,cassandra-1,True,False,2.108,2026-09-16T13:01:30.616527+00:00,
1c842de1-c4d8-4cca-a61c-04ffda0b39ab,monotonic_reads,network_partition,reader-1,read,mr-1c842de1-c4d8-4cca-a61c-04ffda0b39ab,,204,ONE,ALL,cassandra-2,True,False,3.373,2026-09-16T13:01:30.631257+00:00,
1c842de1-c4d8-4cca-a61c-04ffda0b39ab,monotonic_reads,network_partition,reader-1,read,mr-1c842de1-c4d8-4cca-a61c-04ffda0b39ab,,203,ONE,ALL,cassandra-3,True,True,2.915,2026-09-16T13:01:30.645788+00:00,
1c842de1-c4d8-4cca-a61c-04ffda0b39ab,monotonic_reads,network_partition,reader-1,read,mr-1c842de1-c4d8-4cca-a61c-04ffda0b39ab,,204,ONE,ALL,cassandra-1,True,False,2.538,2026-09-16T13:01:30.658897+00:00,
1c842de1-c4d8-4cca-a61c-04ffda0b39ab,monotonic_reads,network_partition,reader-1,read,mr-1c842de1-c4d8-4cca-a61c-04ffda0b39ab,,204,ONE,ALL,cassandra-2,True,False,3.154,2026-09-16T13:01:30.674391+00:00,
1c842de1-c4d8-4cca-a61c-04ffda0b39ab,monotonic_reads,network_partition,reader-1,read,mr-1c842de1-c4d8-4cca-a61c-04ffda0b39ab,,203,ONE,ALL,cassandra-3,True,True,4.164,2026-09-16T13:01:30.690961+00:00,
1c842de1-c4d8-4cca-a61c-04ffda0b39ab,monotonic_reads,network_partition,reader-1,read,mr-1c842de1-c4d8-4cca-a61c-04ffda0b39ab,,204,ONE,ALL,cassandra-1,True,False,3.592,2026-09-16T13:01:30.707263+00:00,
1c842de1-c4d8-4cca-a61c-04ffda0b39ab,monotonic_reads,network_partition,reader-1,read,mr-1c842de1-c4d8-4cca-a61c-04ffda0b39ab,,204,ONE,ALL,cassandra-2,True,False,4.112,2026-09-16T13:01:30.724049+00:00,
1c842de1-c4d8-4cca-a61c-04ffda0b39ab,monotonic_reads,network_partition,reader-1,read,mr-1c842de1-c4d8-4cca-a61c-04ffda0b39ab,,203,ONE,ALL,cassandra-3,True,True,2.661,2026-09-16T13:01:30.738522+00:00,
1c842de1-c4d8-4cca-a61c-04ffda0b39ab,monotonic_reads,network_partition,reader-1,read,mr-1c842de1-c4d8-4cca-a61c-04ffda0b39ab,,204,ONE,ALL,cassandra-1,True,False,5.024,2026-09-16T13:01:30.755458+00:00,
1c842de1-c4d8-4cca-a61c-04ffda0b39ab,monotonic_reads,network_partition,reader-1,read,mr-1c842de1-c4d8-4cca-a61c-04ffda0b39ab,,204,ONE,ALL,cassandra-2,True,False,4.391,2026-09-16T13:01:30.770785+00:00,
1c842de1-c4d8-4cca-a61c-04ffda0b39ab,monotonic_reads,network_partition,reader-1,read,mr-1c842de1-c4d8-4cca-a61c-04ffda0b39ab,,203,ONE,ALL,cassandra-3,True,True,4.993,2026-09-16T13:01:30.788529+00:00,
1c842de1-c4d8-4cca-a61c-04ffda0b39ab,monotonic_reads,network_partition,reader-1,read,mr-1c842de1-c4d8-4cca-a61c-04ffda0b39ab,,204,ONE,ALL,cassandra-1,True,False,2.262,2026-09-16T13:01:30.801613+00:00,
1c842de1-c4d8-4cca-a61c-04ffda0b39ab,monotonic_reads,network_partition,reader-1,read,mr-1c842de1-c4d8-4cca-a61c-04ffda0b39ab,,204,ONE,ALL,cassandra-2,True,False,1.789,2026-09-16T13:01:30.814666+00:00,
1c842de1-c4d8-4cca-a61c-04ffda0b39ab,monotonic_reads,network_partition,reader-1,read,mr-1c842de1-c4d8-4cca-a61c-04ffda0b39ab,,203,ONE,ALL,cassandra-3,True,True,2.112,2026-09-16T13:01:30.829446+00:00,
1c842de1-c4d8-4cca-a61c-04ffda0b39ab,monotonic_reads,network_partition,reader-1,read,mr-1c842de1-c4d8-4cca-a61c-04ffda0b39ab,,204,ONE,ALL,cassandra-1,True,False,2.271,2026-09-16T13:01:30.844433+00:00,
1c842de1-c4d8-4cca-a61c-04ffda0b39ab,monotonic_reads,network_partition,reader-1,read,mr-1c842de1-c4d8-4cca-a61c-04ffda0b39ab,,204,ONE,ALL,cassandra-2,True,False,1.728,2026-09-16T13:01:30.857854+00:00,
1c842de1-c4d8-4cca-a61c-04ffda0b39ab,monotonic_reads,network_partition,reader-1,read,mr-1c842de1-c4d8-4cca-a61c-04ffda0b39ab,,203,ONE,ALL,cassandra-3,True,True,1.919,2026-09-16T13:01:30.871491+00:00,
1c842de1-c4d8-4cca-a61c-04ffda0b39ab,monotonic_reads,network_partition,reader-1,read,mr-1c842de1-c4d8-4cca-a61c-04ffda0b39ab,,204,ONE,ALL,cassandra-1,True,False,1.392,2026-09-16T13:01:30.885573+00:00,
1c842de1-c4d8-4cca-a61c-04ffda0b39ab,monotonic_reads,network_partition,reader-1,read,mr-1c842de1-c4d8-4cca-a61c-04ffda0b39ab,,204,ONE,ALL,cassandra-2,True,False,1.406,2026-09-16T13:01:30.899251+00:00,
1c842de1-c4d8-4cca-a61c-04ffda0b39ab,monotonic_reads,network_partition,reader-1,read,mr-1c842de1-c4d8-4cca-a61c-04ffda0b39ab,,203,ONE,ALL,cassandra-3,True,True,1.235,2026-09-16T13:01:30.913145+00:00,
1c842de1-c4d8-4cca-a61c-04ffda0b39ab,monotonic_reads,network_partition,reader-1,read,mr-1c842de1-c4d8-4cca-a61c-04ffda0b39ab,,204,ONE,ALL,cassandra-1,True,False,2.154,2026-09-16T13:01:30.927518+00:00,
1c842de1-c4d8-4cca-a61c-04ffda0b39ab,monotonic_reads,network_partition,reader-1,read,mr-1c842de1-c4d8-4cca-a61c-04ffda0b39ab,,204,ONE,ALL,cassandra-2,True,False,1.691,2026-09-16T13:01:30.941878+00:00,
1c842de1-c4d8-4cca-a61c-04ffda0b39ab,monotonic_reads,network_partition,reader-1,read,mr-1c842de1-c4d8-4cca-a61c-04ffda0b39ab,,203,ONE,ALL,cassandra-3,True,True,1.77,2026-09-16T13:01:30.956367+00:00,
1c842de1-c4d8-4cca-a61c-04ffda0b39ab,monotonic_reads,network_partition,reader-1,read,mr-1c842de1-c4d8-4cca-a61c-04ffda0b39ab,,204,ONE,ALL,cassandra-1,True,False,1.87,2026-09-16T13:01:30.968816+00:00,
1c842de1-c4d8-4cca-a61c-04ffda0b39ab,monotonic_reads,network_partition,reader-1,read,mr-1c842de1-c4d8-4cca-a61c-04ffda0b39ab,,204,ONE,ALL,cassandra-2,True,False,2.015,2026-09-16T13:01:30.983511+00:00,
1c842de1-c4d8-4cca-a61c-04ffda0b39ab,monotonic_reads,network_partition,reader-1,read,mr-1c842de1-c4d8-4cca-a61c-04ffda0b39ab,,203,ONE,ALL,cassandra-3,True,True,3.403,2026-09-16T13:01:30.998044+00:00,
1c842de1-c4d8-4cca-a61c-04ffda0b39ab,monotonic_reads,network_partition,reader-1,read,mr-1c842de1-c4d8-4cca-a61c-04ffda0b39ab,,204,ONE,ALL,cassandra-1,True,False,4.152,2026-09-16T13:01:31.013533+00:00,
1c842de1-c4d8-4cca-a61c-04ffda0b39ab,monotonic_reads,network_partition,reader-1,read,mr-1c842de1-c4d8-4cca-a61c-04ffda0b39ab,,204,ONE,ALL,cassandra-2,True,False,3.381,2026-09-16T13:01:31.027466+00:00,
1c842de1-c4d8-4cca-a61c-04ffda0b39ab,monotonic_reads,network_partition,reader-1,read,mr-1c842de1-c4d8-4cca-a61c-04ffda0b39ab,,203,ONE,ALL,cassandra-3,True,True,3.814,2026-09-16T13:01:31.043994+00:00,
1c842de1-c4d8-4cca-a61c-04ffda0b39ab,monotonic_reads,network_partition,reader-1,read,mr-1c842de1-c4d8-4cca-a61c-04ffda0b39ab,,204,ONE,ALL,cassandra-1,True,False,3.443,2026-09-16T13:01:31.059834+00:00,
1c842de1-c4d8-4cca-a61c-04ffda0b39ab,monotonic_reads,network_partition,reader-1,read,mr-1c842de1-c4d8-4cca-a61c-04ffda0b39ab,,204,ONE,ALL,cassandra-2,True,False,3.555,2026-09-16T13:01:31.074299+00:00,
1c842de1-c4d8-4cca-a61c-04ffda0b39ab,monotonic_reads,network_partition,reader-1,read,mr-1c842de1-c4d8-4cca-a61c-04ffda0b39ab,,203,ONE,ALL,cassandra-3,True,True,4.261,2026-09-16T13:01:31.091311+00:00,
1c842de1-c4d8-4cca-a61c-04ffda0b39ab,monotonic_reads,network_partition,reader-1,read,mr-1c842de1-c4d8-4cca-a61c-04ffda0b39ab,,204,ONE,ALL,cassandra-1,True,False,3.529,2026-09-16T13:01:31.105232+00:00,
1c842de1-c4d8-4cca-a61c-04ffda0b39ab,monotonic_reads,network_partition,reader-1,read,mr-1c842de1-c4d8-4cca-a61c-04ffda0b39ab,,204,ONE,ALL,cassandra-2,True,False,3.945,2026-09-16T13:01:31.121939+00:00,
1c842de1-c4d8-4cca-a61c-04ffda0b39ab,monotonic_reads,network_partition,reader-1,read,mr-1c842de1-c4d8-4cca-a61c-04ffda0b39ab,,203,ONE,ALL,cassandra-3,True,True,3.711,2026-09-16T13:01:31.136060+00:00,
1c842de1-c4d8-4cca-a61c-04ffda0b39ab,monotonic_reads,network_partition,reader-1,read,mr-1c842de1-c4d8-4cca-a61c-04ffda0b39ab,,204,ONE,ALL,cassandra-1,True,False,3.964,2026-09-16T13:01:31.151404+00:00,
1c842de1-c4d8-4cca-a61c-04ffda0b39ab,monotonic_reads,network_partition,reader-1,read,mr-1c842de1-c4d8-4cca-a61c-04ffda0b39ab,,204,ONE,ALL,cassandra-2,True,False,3.741,2026-09-16T13:01:31.167931+00:00,
1c842de1-c4d8-4cca-a61c-04ffda0b39ab,monotonic_reads,network_partition,reader-1,read,mr-1c842de1-c4d8-4cca-a61c-04ffda0b39ab,,203,ONE,ALL,cassandra-3,True,True,4.439,2026-09-16T13:01:31.183770+00:00,
1c842de1-c4d8-4cca-a61c-04ffda0b39ab,monotonic_reads,network_partition,reader-1,read,mr-1c842de1-c4d8-4cca-a61c-04ffda0b39ab,,204,ONE,ALL,cassandra-1,True,False,3.697,2026-09-16T13:01:31.200123+00:00,
1c842de1-c4d8-4cca-a61c-04ffda0b39ab,monotonic_reads,network_partition,reader-1,read,mr-1c842de1-c4d8-4cca-a61c-04ffda0b39ab,,204,ONE,ALL,cassandra-2,True,False,3.926,2026-09-16T13:01:31.216309+00:00,
1c842de1-c4d8-4cca-a61c-04ffda0b39ab,monotonic_reads,network_partition,reader-1,read,mr-1c842de1-c4d8-4cca-a61c-04ffda0b39ab,,203,ONE,ALL,cassandra-3,True,True,4.691,2026-09-16T13:01:31.233731+00:00,
1c842de1-c4d8-4cca-a61c-04ffda0b39ab,monotonic_reads,network_partition,reader-1,read,mr-1c842de1-c4d8-4cca-a61c-04ffda0b39ab,,204,ONE,ALL,cassandra-1,True,False,4.182,2026-09-16T13:01:31.250186+00:00,
1c842de1-c4d8-4cca-a61c-04ffda0b39ab,monotonic_reads,network_partition,reader-1,read,mr-1c842de1-c4d8-4cca-a61c-04ffda0b39ab,,204,ONE,ALL,cassandra-2,True,False,4.182,2026-09-16T13:01:31.265068+00:00,
1c842de1-c4d8-4cca-a61c-04ffda0b39ab,monotonic_reads,network_partition,reader-1,read,mr-1c842de1-c4d8-4cca-a61c-04ffda0b39ab,,203,ONE,ALL,cassandra-3,True,True,4.324,2026-09-16T13:01:31.282143+00:00,
1c842de1-c4d8-4cca-a61c-04ffda0b39ab,monotonic_reads,network_partition,reader-1,read,mr-1c842de1-c4d8-4cca-a61c-04ffda0b39ab,,204,ONE,ALL,cassandra-1,True,False,2.571,2026-09-16T13:01:31.296026+00:00,
1c842de1-c4d8-4cca-a61c-04ffda0b39ab,monotonic_reads,network_partition,reader-1,read,mr-1c842de1-c4d8-4cca-a61c-04ffda0b39ab,,204,ONE,ALL,cassandra-2,True,False,3.322,2026-09-16T13:01:31.311972+00:00,
1c842de1-c4d8-4cca-a61c-04ffda0b39ab,monotonic_reads,network_partition,reader-1,read,mr-1c842de1-c4d8-4cca-a61c-04ffda0b39ab,,203,ONE,ALL,cassandra-3,True,True,3.622,2026-09-16T13:01:31.327491+00:00,
1c842de1-c4d8-4cca-a61c-04ffda0b39ab,monotonic_reads,network_partition,reader-1,read,mr-1c842de1-c4d8-4cca-a61c-04ffda0b39ab,,204,ONE,ALL,cassandra-1,True,False,3.237,2026-09-16T13:01:31.341961+00:00,
1c842de1-c4d8-4cca-a61c-04ffda0b39ab,monotonic_reads,network_partition,reader-1,read,mr-1c842de1-c4d8-4cca-a61c-04ffda0b39ab,,204,ONE,ALL,cassandra-2,True,False,3.529,2026-09-16T13:01:31.357433+00:00,
1c842de1-c4d8-4cca-a61c-04ffda0b39ab,monotonic_reads,network_partition,reader-1,read,mr-1c842de1-c4d8-4cca-a61c-04ffda0b39ab,,203,ONE,ALL,cassandra-3,True,True,1.699,2026-09-16T13:01:31.370587+00:00,
1c842de1-c4d8-4cca-a61c-04ffda0b39ab,monotonic_reads,network_partition,reader-1,read,mr-1c842de1-c4d8-4cca-a61c-04ffda0b39ab,,204,ONE,ALL,cassandra-1,True,False,2.559,2026-09-16T13:01:31.385759+00:00,
1c842de1-c4d8-4cca-a61c-04ffda0b39ab,monotonic_reads,network_partition,reader-1,read,mr-1c842de1-c4d8-4cca-a61c-04ffda0b39ab,,204,ONE,ALL,cassandra-2,True,False,2.265,2026-09-16T13:01:31.399063+00:00,
1c842de1-c4d8-4cca-a61c-04ffda0b39ab,monotonic_reads,network_partition,reader-1,read,mr-1c842de1-c4d8-4cca-a61c-04ffda0b39ab,,203,ONE,ALL,cassandra-3,True,True,3.36,2026-09-16T13:01:31.414745+00:00,
1c842de1-c4d8-4cca-a61c-04ffda0b39ab,monotonic_reads,network_partition,reader-1,read,mr-1c842de1-c4d8-4cca-a61c-04ffda0b39ab,,204,ONE,ALL,cassandra-1,True,False,3.398,2026-09-16T13:01:31.429427+00:00,
1c842de1-c4d8-4cca-a61c-04ffda0b39ab,monotonic_reads,network_partition,reader-1,read,mr-1c842de1-c4d8-4cca-a61c-04ffda0b39ab,,204,ONE,ALL,cassandra-2,True,False,2.471,2026-09-16T13:01:31.442826+00:00,
1c842de1-c4d8-4cca-a61c-04ffda0b39ab,monotonic_reads,network_partition,reader-1,read,mr-1c842de1-c4d8-4cca-a61c-04ffda0b39ab,,203,ONE,ALL,cassandra-3,True,True,3.358,2026-09-16T13:01:31.456750+00:00,
1c842de1-c4d8-4cca-a61c-04ffda0b39ab,monotonic_reads,network_partition,reader-1,read,mr-1c842de1-c4d8-4cca-a61c-04ffda0b39ab,,204,ONE,ALL,cassandra-1,True,False,3.932,2026-09-16T13:01:31.473354+00:00,
1c842de1-c4d8-4cca-a61c-04ffda0b39ab,monotonic_reads,network_partition,reader-1,read,mr-1c842de1-c4d8-4cca-a61c-04ffda0b39ab,,204,ONE,ALL,cassandra-2,True,False,3.507,2026-09-16T13:01:31.487766+00:00,
1c842de1-c4d8-4cca-a61c-04ffda0b39ab,monotonic_reads,network_partition,reader-1,read,mr-1c842de1-c4d8-4cca-a61c-04ffda0b39ab,,203,ONE,ALL,cassandra-3,True,True,3.693,2026-09-16T13:01:31.502065+00:00,
1c842de1-c4d8-4cca-a61c-04ffda0b39ab,monotonic_reads,network_partition,reader-1,read,mr-1c842de1-c4d8-4cca-a61c-04ffda0b39ab,,204,ONE,ALL,cassandra-1,True,False,3.947,2026-09-16T13:01:31.518036+00:00,
1c842de1-c4d8-4cca-a61c-04ffda0b39ab,monotonic_reads,network_partition,reader-1,read,mr-1c842de1-c4d8-4cca-a61c-04ffda0b39ab,,204,ONE,ALL,cassandra-2,True,False,3.204,2026-09-16T13:01:31.533951+00:00,
1c842de1-c4d8-4cca-a61c-04ffda0b39ab,monotonic_reads,network_partition,reader-1,read,mr-1c842de1-c4d8-4cca-a61c-04ffda0b39ab,,203,ONE,ALL,cassandra-3,True,True,3.708,2026-09-16T13:01:31.550386+00:00,
1c842de1-c4d8-4cca-a61c-04ffda0b39ab,monotonic_reads,network_partition,reader-1,read,mr-1c842de1-c4d8-4cca-a61c-04ffda0b39ab,,204,ONE,ALL,cassandra-1,True,False,3.301,2026-09-16T13:01:31.566415+00:00,
1c842de1-c4d8-4cca-a61c-04ffda0b39ab,monotonic_reads,network_partition,reader-1,read,mr-1c842de1-c4d8-4cca-a61c-04ffda0b39ab,,204,ONE,ALL,cassandra-2,True,False,3.185,2026-09-16T13:01:31.580517+00:00,
1c842de1-c4d8-4cca-a61c-04ffda0b39ab,monotonic_reads,network_partition,reader-1,read,mr-1c842de1-c4d8-4cca-a61c-04ffda0b39ab,,203,ONE,ALL,cassandra-3,True,True,3.188,2026-09-16T13:01:31.594563+00:00,
1c842de1-c4d8-4cca-a61c-04ffda0b39ab,monotonic_reads,network_partition,reader-1,read,mr-1c842de1-c4d8-4cca-a61c-04ffda0b39ab,,204,ONE,ALL,cassandra-1,True,False,4.42,2026-09-16T13:01:31.611076+00:00,
1c842de1-c4d8-4cca-a61c-04ffda0b39ab,monotonic_reads,network_partition,reader-1,read,mr-1c842de1-c4d8-4cca-a61c-04ffda0b39ab,,204,ONE,ALL,cassandra-2,True,False,4.454,2026-09-16T13:01:31.626812+00:00,
1c842de1-c4d8-4cca-a61c-04ffda0b39ab,monotonic_reads,network_partition,reader-1,read,mr-1c842de1-c4d8-4cca-a61c-04ffda0b39ab,,203,ONE,ALL,cassandra-3,True,True,3.318,2026-09-16T13:01:31.642722+00:00,
1c842de1-c4d8-4cca-a61c-04ffda0b39ab,monotonic_reads,network_partition,reader-1,read,mr-1c842de1-c4d8-4cca-a61c-04ffda0b39ab,,204,ONE,ALL,cassandra-1,True,False,3.154,2026-09-16T13:01:31.658584+00:00,
1c842de1-c4d8-4cca-a61c-04ffda0b39ab,monotonic_reads,network_partition,reader-1,read,mr-1c842de1-c4d8-4cca-a61c-04ffda0b39ab,,204,ONE,ALL,cassandra-2,True,False,3.591,2026-09-16T13:01:31.674331+00:00,
1c842de1-c4d8-4cca-a61c-04ffda0b39ab,monotonic_reads,network_partition,reader-1,read,mr-1c842de1-c4d8-4cca-a61c-04ffda0b39ab,,203,ONE,ALL,cassandra-3,True,True,3.273,2026-09-16T13:01:31.689920+00:00,
1c842de1-c4d8-4cca-a61c-04ffda0b39ab,monotonic_reads,network_partition,reader-1,read,mr-1c842de1-c4d8-4cca-a61c-04ffda0b39ab,,204,ONE,ALL,cassandra-1,True,False,3.999,2026-09-16T13:01:31.704362+00:00,
1c842de1-c4d8-4cca-a61c-04ffda0b39ab,monotonic_reads,network_partition,reader-1,read,mr-1c842de1-c4d8-4cca-a61c-04ffda0b39ab,,204,ONE,ALL,cassandra-2,True,False,3.994,2026-09-16T13:01:31.719168+00:00,
1c842de1-c4d8-4cca-a61c-04ffda0b39ab,monotonic_reads,network_partition,reader-1,read,mr-1c842de1-c4d8-4cca-a61c-04ffda0b39ab,,203,ONE,ALL,cassandra-3,True,True,3.161,2026-09-16T13:01:31.733451+00:00,
1c842de1-c4d8-4cca-a61c-04ffda0b39ab,monotonic_reads,network_partition,reader-1,read,mr-1c842de1-c4d8-4cca-a61c-04ffda0b39ab,,204,ONE,ALL,cassandra-1,True,False,3.634,2026-09-16T13:01:31.749641+00:00,
1c842de1-c4d8-4cca-a61c-04ffda0b39ab,monotonic_reads,network_partition,reader-1,read,mr-1c842de1-c4d8-4cca-a61c-04ffda0b39ab,,204,ONE,ALL,cassandra-2,True,False,3.019,2026-09-16T13:01:31.764305+00:00,
1c842de1-c4d8-4cca-a61c-04ffda0b39ab,monotonic_reads,network_partition,reader-1,read,mr-1c842de1-c4d8-4cca-a61c-04ffda0b39ab,,203,ONE,ALL,cassandra-3,True,True,3.326,2026-09-16T13:01:31.778701+00:00,
1c842de1-c4d8-4cca-a61c-04ffda0b39ab,monotonic_reads,network_partition,reader-1,read,mr-1c842de1-c4d8-4cca-a61c-04ffda0b39ab,,204,ONE,ALL,cassandra-1,True,False,4.024,2026-09-16T13:01:31.794226+00:00,
1c842de1-c4d8-4cca-a61c-04ffda0b39ab,monotonic_reads,network_partition,reader-1,read,mr-1c842de1-c4d8-4cca-a61c-04ffda0b39ab,,204,ONE,ALL,cassandra-2,True,False,2.609,2026-09-16T13:01:31.808346+00:00,
1c842de1-c4d8-4cca-a61c-04ffda0b39ab,monotonic_reads,network_partition,reader-1,read,mr-1c842de1-c4d8-4cca-a61c-04ffda0b39ab,,203,ONE,ALL,cassandra-3,True,True,2.958,2026-09-16T13:01:31.823824+00:00,
1c842de1-c4d8-4cca-a61c-04ffda0b39ab,monotonic_reads,network_partition,reader-1,read,mr-1c842de1-c4d8-4cca-a61c-04ffda0b39ab,,204,ONE,ALL,cassandra-1,True,False,4.059,2026-09-16T13:01:31.840546+00:00,
1c842de1-c4d8-4cca-a61c-04ffda0b39ab,monotonic_reads,network_partition,reader-1,read,mr-1c842de1-c4d8-4cca-a61c-04ffda0b39ab,,204,ONE,ALL,cassandra-2,True,False,2.447,2026-09-16T13:01:31.854778+00:00,
1c842de1-c4d8-4cca-a61c-04ffda0b39ab,monotonic_reads,network_partition,reader-1,read,mr-1c842de1-c4d8-4cca-a61c-04ffda0b39ab,,203,ONE,ALL,cassandra-3,True,True,4.064,2026-09-16T13:01:31.870365+00:00,
1c842de1-c4d8-4cca-a61c-04ffda0b39ab,monotonic_reads,network_partition,reader-1,read,mr-1c842de1-c4d8-4cca-a61c-04ffda0b39ab,,204,ONE,ALL,cassandra-1,True,False,1.94,2026-09-16T13:01:31.883148+00:00,
1c842de1-c4d8-4cca-a61c-04ffda0b39ab,monotonic_reads,network_partition,reader-1,read,mr-1c842de1-c4d8-4cca-a61c-04ffda0b39ab,,204,ONE,ALL,cassandra-2,True,False,3.68,2026-09-16T13:01:31.897985+00:00,
1c842de1-c4d8-4cca-a61c-04ffda0b39ab,monotonic_reads,network_partition,reader-1,read,mr-1c842de1-c4d8-4cca-a61c-04ffda0b39ab,,203,ONE,ALL,cassandra-3,True,True,3.488,2026-09-16T13:01:31.914129+00:00,
1c842de1-c4d8-4cca-a61c-04ffda0b39ab,monotonic_reads,network_partition,reader-1,read,mr-1c842de1-c4d8-4cca-a61c-04ffda0b39ab,,204,ONE,ALL,cassandra-1,True,False,3.24,2026-09-16T13:01:31.927620+00:00,
1c842de1-c4d8-4cca-a61c-04ffda0b39ab,monotonic_reads,network_partition,reader-1,read,mr-1c842de1-c4d8-4cca-a61c-04ffda0b39ab,,204,ONE,ALL,cassandra-2,True,False,6.669,2026-09-16T13:01:31.947053+00:00,
1c842de1-c4d8-4cca-a61c-04ffda0b39ab,monotonic_reads,network_partition,reader-1,read,mr-1c842de1-c4d8-4cca-a61c-04ffda0b39ab,,203,ONE,ALL,cassandra-3,True,True,4.437,2026-09-16T13:01:31.964264+00:00,
1c842de1-c4d8-4cca-a61c-04ffda0b39ab,monotonic_reads,network_partition,reader-1,read,mr-1c842de1-c4d8-4cca-a61c-04ffda0b39ab,,204,ONE,ALL,cassandra-1,True,False,3.318,2026-09-16T13:01:31.978692+00:00,
1c842de1-c4d8-4cca-a61c-04ffda0b39ab,monotonic_reads,network_partition,reader-1,read,mr-1c842de1-c4d8-4cca-a61c-04ffda0b39ab,,204,ONE,ALL,cassandra-2,True,False,3.638,2026-09-16T13:01:31.992745+00:00,
1c842de1-c4d8-4cca-a61c-04ffda0b39ab,monotonic_reads,network_partition,reader-1,read,mr-1c842de1-c4d8-4cca-a61c-04ffda0b39ab,,203,ONE,ALL,cassandra-3,True,True,3.944,2026-09-16T13:01:32.007226+00:00,
1c842de1-c4d8-4cca-a61c-04ffda0b39ab,monotonic_reads,network_partition,reader-1,read,mr-1c842de1-c4d8-4cca-a61c-04ffda0b39ab,,204,ONE,ALL,cassandra-1,True,False,2.735,2026-09-16T13:01:32.020750+00:00,
1c842de1-c4d8-4cca-a61c-04ffda0b39ab,monotonic_reads,network_partition,reader-1,read,mr-1c842de1-c4d8-4cca-a61c-04ffda0b39ab,,204,ONE,ALL,cassandra-2,True,False,4.552,2026-09-16T13:01:32.037076+00:00,
1c842de1-c4d8-4cca-a61c-04ffda0b39ab,monotonic_reads,network_partition,reader-1,read,mr-1c842de1-c4d8-4cca-a61c-04ffda0b39ab,,203,ONE,ALL,cassandra-3,True,True,3.969,2026-09-16T13:01:32.053602+00:00,
1c842de1-c4d8-4cca-a61c-04ffda0b39ab,monotonic_reads,network_partition,reader-1,read,mr-1c842de1-c4d8-4cca-a61c-04ffda0b39ab,,204,ONE,ALL,cassandra-1,True,False,3.365,2026-09-16T13:01:32.069357+00:00,
1c842de1-c4d8-4cca-a61c-04ffda0b39ab,monotonic_reads,network_partition,reader-1,read,mr-1c842de1-c4d8-4cca-a61c-04ffda0b39ab,,204,ONE,ALL,cassandra-2,True,False,2.953,2026-09-16T13:01:32.084696+00:00,
1c842de1-c4d8-4cca-a61c-04ffda0b39ab,monotonic_reads,network_partition,reader-1,read,mr-1c842de1-c4d8-4cca-a61c-04ffda0b39ab,,203,ONE,ALL,cassandra-3,True,True,3.147,2026-09-16T13:01:32.099084+00:00,
1c842de1-c4d8-4cca-a61c-04ffda0b39ab,monotonic_reads,network_partition,reader-1,read,mr-1c842de1-c4d8-4cca-a61c-04ffda0b39ab,,204,ONE,ALL,cassandra-1,True,False,3.51,2026-09-16T13:01:32.115245+00:00,
1c842de1-c4d8-4cca-a61c-04ffda0b39ab,monotonic_reads,network_partition,reader-1,read,mr-1c842de1-c4d8-4cca-a61c-04ffda0b39ab,,204,ONE,ALL,cassandra-2,True,False,4.141,2026-09-16T13:01:32.130131+00:00,
1c842de1-c4d8-4cca-a61c-04ffda0b39ab,monotonic_reads,network_partition,reader-1,read,mr-1c842de1-c4d8-4cca-a61c-04ffda0b39ab,,203,ONE,ALL,cassandra-3,True,True,3.745,2026-09-16T13:01:32.146372+00:00,
1c842de1-c4d8-4cca-a61c-04ffda0b39ab,monotonic_reads,network_partition,reader-1,read,mr-1c842de1-c4d8-4cca-a61c-04ffda0b39ab,,204,ONE,ALL,cassandra-1,True,False,2.581,2026-09-16T13:01:32.159930+00:00,
1c842de1-c4d8-4cca-a61c-04ffda0b39ab,monotonic_reads,network_partition,reader-1,read,mr-1c842de1-c4d8-4cca-a61c-04ffda0b39ab,,204,ONE,ALL,cassandra-2,True,False,3.577,2026-09-16T13:01:32.176176+00:00,
1c842de1-c4d8-4cca-a61c-04ffda0b39ab,monotonic_reads,network_partition,reader-1,read,mr-1c842de1-c4d8-4cca-a61c-04ffda0b39ab,,203,ONE,ALL,cassandra-3,True,True,3.034,2026-09-16T13:01:32.191967+00:00,
1c842de1-c4d8-4cca-a61c-04ffda0b39ab,monotonic_reads,network_partition,reader-1,read,mr-1c842de1-c4d8-4cca-a61c-04ffda0b39ab,,204,ONE,ALL,cassandra-1,True,False,3.088,2026-09-16T13:01:32.205830+00:00,
1c842de1-c4d8-4cca-a61c-04ffda0b39ab,monotonic_reads,network_partition,reader-1,read,mr-1c842de1-c4d8-4cca-a61c-04ffda0b39ab,,204,ONE,ALL,cassandra-2,True,False,4.072,2026-09-16T13:01:32.222469+00:00,
1c842de1-c4d8-4cca-a61c-04ffda0b39ab,monotonic_reads,network_partition,reader-1,read,mr-1c842de1-c4d8-4cca-a61c-04ffda0b39ab,,203,ONE,ALL,cassandra-3,True,True,3.616,2026-09-16T13:01:32.237556+00:00,
1c842de1-c4d8-4cca-a61c-04ffda0b39ab,monotonic_reads,network_partition,reader-1,read,mr-1c842de1-c4d8-4cca-a61c-04ffda0b39ab,,204,ONE,ALL,cassandra-1,True,False,3.15,2026-09-16T13:01:32.252445+00:00,
1c842de1-c4d8-4cca-a61c-04ffda0b39ab,monotonic_reads,network_partition,reader-1,read,mr-1c842de1-c4d8-4cca-a61c-04ffda0b39ab,,204,ONE,ALL,cassandra-2,True,False,3.079,2026-09-16T13:01:32.267575+00:00,
1c842de1-c4d8-4cca-a61c-04ffda0b39ab,monotonic_reads,network_partition,reader-1,read,mr-1c842de1-c4d8-4cca-a61c-04ffda0b39ab,,203,ONE,ALL,cassandra-3,True,True,3.018,2026-09-16T13:01:32.282697+00:00,
1c842de1-c4d8-4cca-a61c-04ffda0b39ab,monotonic_reads,network_partition,reader-1,read,mr-1c842de1-c4d8-4cca-a61c-04ffda0b39ab,,204,ONE,ALL,cassandra-1,True,False,3.705,2026-09-16T13:01:32.297593+00:00,
1c842de1-c4d8-4cca-a61c-04ffda0b39ab,monotonic_reads,network_partition,reader-1,read,mr-1c842de1-c4d8-4cca-a61c-04ffda0b39ab,,204,ONE,ALL,cassandra-2,True,False,3.85,2026-09-16T13:01:32.314200+00:00,
1c842de1-c4d8-4cca-a61c-04ffda0b39ab,monotonic_reads,network_partition,reader-1,read,mr-1c842de1-c4d8-4cca-a61c-04ffda0b39ab,,203,ONE,ALL,cassandra-3,True,True,3.272,2026-09-16T13:01:32.329898+00:00,
1c842de1-c4d8-4cca-a61c-04ffda0b39ab,monotonic_reads,network_partition,reader-1,read,mr-1c842de1-c4d8-4cca-a61c-04ffda0b39ab,,204,ONE,ALL,cassandra-1,True,False,2.391,2026-09-16T13:01:32.342765+00:00,
1c842de1-c4d8-4cca-a61c-04ffda0b39ab,monotonic_reads,network_partition,reader-1,read,mr-1c842de1-c4d8-4cca-a61c-04ffda0b39ab,,204,ONE,ALL,cassandra-2,True,False,2.473,2026-09-16T13:01:32.356282+00:00,
1c842de1-c4d8-4cca-a61c-04ffda0b39ab,monotonic_reads,network_partition,reader-1,read,mr-1c842de1-c4d8-4cca-a61c-04ffda0b39ab,,203,ONE,ALL,cassandra-3,True,True,3.655,2026-09-16T13:01:32.371957+00:00,
1c842de1-c4d8-4cca-a61c-04ffda0b39ab,monotonic_reads,network_partition,reader-1,read,mr-1c842de1-c4d8-4cca-a61c-04ffda0b39ab,,204,ONE,ALL,cassandra-1,True,False,3.529,2026-09-16T13:01:32.388226+00:00,
1c842de1-c4d8-4cca-a61c-04ffda0b39ab,monotonic_reads,network_partition,reader-1,read,mr-1c842de1-c4d8-4cca-a61c-04ffda0b39ab,,204,ONE,ALL,cassandra-2,True,False,3.115,2026-09-16T13:01:32.401976+00:00,
1c842de1-c4d8-4cca-a61c-04ffda0b39ab,monotonic_reads,network_partition,reader-1,read,mr-1c842de1-c4d8-4cca-a61c-04ffda0b39ab,,203,ONE,ALL,cassandra-3,True,True,3.82,2026-09-16T13:01:32.417170+00:00,
1c842de1-c4d8-4cca-a61c-04ffda0b39ab,monotonic_reads,network_partition,reader-1,read,mr-1c842de1-c4d8-4cca-a61c-04ffda0b39ab,,204,ONE,ALL,cassandra-1,True,False,3.237,2026-09-16T13:01:32.430823+00:00,
1c842de1-c4d8-4cca-a61c-04ffda0b39ab,monotonic_reads,network_partition,reader-1,read,mr-1c842de1-c4d8-4cca-a61c-04ffda0b39ab,,204,ONE,ALL,cassandra-2,True,False,2.822,2026-09-16T13:01:32.445199+00:00,
1c842de1-c4d8-4cca-a61c-04ffda0b39ab,monotonic_reads,network_partition,reader-1,read,mr-1c842de1-c4d8-4cca-a61c-04ffda0b39ab,,203,ONE,ALL,cassandra-3,True,True,3.343,2026-09-16T13:01:32.460036+00:00,
1c842de1-c4d8-4cca-a61c-04ffda0b39ab,monotonic_reads,network_partition,reader-1,read,mr-1c842de1-c4d8-4cca-a61c-04ffda0b39ab,,204,ONE,ALL,cassandra-1,True,False,2.256,2026-09-16T13:01:32.472621+00:00,
1c842de1-c4d8-4cca-a61c-04ffda0b39ab,monotonic_reads,network_partition,reader-1,read,mr-1c842de1-c4d8-4cca-a61c-04ffda0b39ab,,204,ONE,ALL,cassandra-2,True,False,1.707,2026-09-16T13:01:32.485794+00:00,
1c842de1-c4d8-4cca-a61c-04ffda0b39ab,monotonic_reads,network_partition,reader-1,read,mr-1c842de1-c4d8-4cca-a61c-04ffda0b39ab,,203,ONE,ALL,cassandra-3,True,True,1.78,2026-09-16T13:01:32.500178+00:00,
1c842de1-c4d8-4cca-a61c-04ffda0b39ab,monotonic_reads,network_partition,reader-1,read,mr-1c842de1-c4d8-4cca-a61c-04ffda0b39ab,,204,ONE,ALL,cassandra-1,True,False,2.191,2026-09-16T13:01:32.515045+00:00,
1c842de1-c4d8-4cca-a61c-04ffda0b39ab,monotonic_reads,network_partition,reader-1,read,mr-1c842de1-c4d8-4cca-a61c-04ffda0b39ab,,204,ONE,ALL,cassandra-2,True,False,2.201,2026-09-16T13:01:32.527852+00:00,
1c842de1-c4d8-4cca-a61c-04ffda0b39ab,monotonic_reads,network_partition,reader-1,read,mr-1c842de1-c4d8-4cca-a61c-04ffda0b39ab,,203,ONE,ALL,cassandra-3,True,True,2.052,2026-09-16T13:01:32.540353+00:00,
1c842de1-c4d8-4cca-a61c-04ffda0b39ab,monotonic_reads,network_partition,reader-1,read,mr-1c842de1-c4d8-4cca-a61c-04ffda0b39ab,,204,ONE,ALL,cassandra-1,True,False,1.86,2026-09-16T13:01:32.555020+00:00,
1c842de1-c4d8-4cca-a61c-04ffda0b39ab,monotonic_reads,network_partition,reader-1,read,mr-1c842de1-c4d8-4cca-a61c-04ffda0b39ab,,204,ONE,ALL,cassandra-2,True,False,1.366,2026-09-16T13:01:32.568892+00:00,
1c842de1-c4d8-4cca-a61c-04ffda0b39ab,monotonic_reads,network_partition,reader-1,read,mr-1c842de1-c4d8-4cca-a61c-04ffda0b39ab,,203,ONE,ALL,cassandra-3,True,True,1.393,2026-09-16T13:01:32.582886+00:00,
1c842de1-c4d8-4cca-a61c-04ffda0b39ab,monotonic_reads,network_partition,reader-1,read,mr-1c842de1-c4d8-4cca-a61c-04ffda0b39ab,,204,ONE,ALL,cassandra-1,True,False,1.327,2026-09-16T13:01:32.596335+00:00,
1c842de1-c4d8-4cca-a61c-04ffda0b39ab,monotonic_reads,network_partition,reader-1,read,mr-1c842de1-c4d8-4cca-a61c-04ffda0b39ab,,204,ONE,ALL,cassandra-2,True,False,1.923,2026-09-16T13:01:32.610470+00:00,
1c842de1-c4d8-4cca-a61c-04ffda0b39ab,monotonic_reads,network_partition,reader-1,read,mr-1c842de1-c4d8-4cca-a61c-04ffda0b39ab,,203,ONE,ALL,cassandra-3,True,True,1.985,2026-09-16T13:01:32.623670+00:00,
1c842de1-c4d8-4cca-a61c-04ffda0b39ab,monotonic_reads,network_partition,reader-1,read,mr-1c842de1-c4d8-4cca-a61c-04ffda0b39ab,,204,ONE,ALL,cassandra-1,True,False,1.599,2026-09-16T13:01:32.637948+00:00,
1c842de1-c4d8-4cca-a61c-04ffda0b39ab,monotonic_reads,network_partition,reader-1,read,mr-1c842de1-c4d8-4cca-a61c-04ffda0b39ab,,204,ONE,ALL,cassandra-2,True,False,2.031,2026-09-16T13:01:32.652701+00:00,
1c842de1-c4d8-4cca-a61c-04ffda0b39ab,monotonic_reads,network_partition,reader-1,read,mr-1c842de1-c4d8-4cca-a61c-04ffda0b39ab,,203,ONE,ALL,cassandra-3,True,True,1.499,2026-09-16T13:01:32.666011+00:00,
1c842de1-c4d8-4cca-a61c-04ffda0b39ab,monotonic_reads,network_partition,reader-1,read,mr-1c842de1-c4d8-4cca-a61c-04ffda0b39ab,,204,ONE,ALL,cassandra-1,True,False,1.571,2026-09-16T13:01:32.679725+00:00,
1c842de1-c4d8-4cca-a61c-04ffda0b39ab,monotonic_reads,network_partition,reader-1,read,mr-1c842de1-c4d8-4cca-a61c-04ffda0b39ab,,204,ONE,ALL,cassandra-2,True,False,2.24,2026-09-16T13:01:32.694675+00:00,
1c842de1-c4d8-4cca-a61c-04ffda0b39ab,monotonic_reads,network_partition,reader-1,read,mr-1c842de1-c4d8-4cca-a61c-04ffda0b39ab,,203,ONE,ALL,cassandra-3,True,True,1.664,2026-09-16T13:01:32.709006+00:00,
1c842de1-c4d8-4cca-a61c-04ffda0b39ab,monotonic_reads,network_partition,reader-1,read,mr-1c842de1-c4d8-4cca-a61c-04ffda0b39ab,,204,ONE,ALL,cassandra-1,True,False,1.944,2026-09-16T13:01:32.721651+00:00,
1c842de1-c4d8-4cca-a61c-04ffda0b39ab,monotonic_reads,network_partition,reader-1,read,mr-1c842de1-c4d8-4cca-a61c-04ffda0b39ab,,204,ONE,ALL,cassandra-2,True,False,1.965,2026-09-16T13:01:32.736305+00:00,
1c842de1-c4d8-4cca-a61c-04ffda0b39ab,monotonic_reads,network_partition,reader-1,read,mr-1c842de1-c4d8-4cca-a61c-04ffda0b39ab,,203,ONE,ALL,cassandra-3,True,True,1.783,2026-09-16T13:01:32.750756+00:00,
1c842de1-c4d8-4cca-a61c-04ffda0b39ab,monotonic_reads,network_partition,reader-1,read,mr-1c842de1-c4d8-4cca-a61c-04ffda0b39ab,,204,ONE,ALL,cassandra-1,True,False,1.709,2026-09-16T13:01:32.765161+00:00,
1c842de1-c4d8-4cca-a61c-04ffda0b39ab,monotonic_reads,network_partition,reader-1,read,mr-1c842de1-c4d8-4cca-a61c-04ffda0b39ab,,204,ONE,ALL,cassandra-2,True,False,2.484,2026-09-16T13:01:32.780326+00:00,
1c842de1-c4d8-4cca-a61c-04ffda0b39ab,monotonic_reads,network_partition,reader-1,read,mr-1c842de1-c4d8-4cca-a61c-04ffda0b39ab,,203,ONE,ALL,cassandra-3,True,True,2.72,2026-09-16T13:01:32.795307+00:00,
1c842de1-c4d8-4cca-a61c-04ffda0b39ab,monotonic_reads,network_partition,reader-1,read,mr-1c842de1-c4d8-4cca-a61c-04ffda0b39ab,,204,ONE,ALL,cassandra-1,True,False,3.11,2026-09-16T13:01:32.809494+00:00,
1c842de1-c4d8-4cca-a61c-04ffda0b39ab,monotonic_reads,network_partition,reader-1,read,mr-1c842de1-c4d8-4cca-a61c-04ffda0b39ab,,204,ONE,ALL,cassandra-2,True,False,2.534,2026-09-16T13:01:32.824387+00:00,
1c842de1-c4d8-4cca-a61c-04ffda0b39ab,monotonic_reads,network_partition,reader-1,read,mr-1c842de1-c4d8-4cca-a61c-04ffda0b39ab,,203,ONE,ALL,cassandra-3,True,True,2.335,2026-09-16T13:01:32.837120+00:00,
1c842de1-c4d8-4cca-a61c-04ffda0b39ab,monotonic_reads,network_partition,reader-1,read,mr-1c842de1-c4d8-4cca-a61c-04ffda0b39ab,,204,ONE,ALL,cassandra-1,True,False,4.062,2026-09-16T13:01:32.852142+00:00,
1c842de1-c4d8-4cca-a61c-04ffda0b39ab,monotonic_reads,network_partition,reader-1,read,mr-1c842de1-c4d8-4cca-a61c-04ffda0b39ab,,204,ONE,ALL,cassandra-2,True,False,3.797,2026-09-16T13:01:32.868543+00:00,
1c842de1-c4d8-4cca-a61c-04ffda0b39ab,monotonic_reads,network_partition,reader-1,read,mr-1c842de1-c4d8-4cca-a61c-04ffda0b39ab,,203,ONE,ALL,cassandra-3,True,True,1.762,2026-09-16T13:01:32.883057+00:00,
1c842de1-c4d8-4cca-a61c-04ffda0b39ab,monotonic_reads,network_partition,reader-1,read,mr-1c842de1-c4d8-4cca-a61c-04ffda0b39ab,,204,ONE,ALL,cassandra-1,True,False,3.238,2026-09-16T13:01:32.896596+00:00,
1c842de1-c4d8-4cca-a61c-04ffda0b39ab,monotonic_reads,network_partition,reader-1,read,mr-1c842de1-c4d8-4cca-a61c-04ffda0b39ab,,204,ONE,ALL,cassandra-2,True,False,3.374,2026-09-16T13:01:32.911753+00:00,
1c842de1-c4d8-4cca-a61c-04ffda0b39ab,monotonic_reads,network_partition,reader-1,read,mr-1c842de1-c4d8-4cca-a61c-04ffda0b39ab,,203,ONE,ALL,cassandra-3,True,True,4.245,2026-09-16T13:01:32.928589+00:00,
1c842de1-c4d8-4cca-a61c-04ffda0b39ab,monotonic_reads,network_partition,reader-1,read,mr-1c842de1-c4d8-4cca-a61c-04ffda0b39ab,,204,ONE,ALL,cassandra-1,True,False,3.645,2026-09-16T13:01:32.944023+00:00,
1c842de1-c4d8-4cca-a61c-04ffda0b39ab,monotonic_reads,network_partition,reader-1,read,mr-1c842de1-c4d8-4cca-a61c-04ffda0b39ab,,204,ONE,ALL,cassandra-2,True,False,4.584,2026-09-16T13:01:32.960968+00:00,
1c842de1-c4d8-4cca-a61c-04ffda0b39ab,monotonic_reads,network_partition,reader-1,read,mr-1c842de1-c4d8-4cca-a61c-04ffda0b39ab,,203,ONE,ALL,cassandra-3,True,True,3.243,2026-09-16T13:01:32.975988+00:00,
1c842de1-c4d8-4cca-a61c-04ffda0b39ab,monotonic_reads,network_partition,reader-1,read,mr-1c842de1-c4d8-4cca-a61c-04ffda0b39ab,,204,ONE,ALL,cassandra-1,True,False,3.695,2026-09-16T13:01:32.992132+00:00,
1c842de1-c4d8-4cca-a61c-04ffda0b39ab,monotonic_reads,network_partition,reader-1,read,mr-1c842de1-c4d8-4cca-a61c-04ffda0b39ab,,204,ONE,ALL,cassandra-2,True,False,3.67,2026-09-16T13:01:33.008545+00:00,
1c842de1-c4d8-4cca-a61c-04ffda0b39ab,monotonic_reads,network_partition,reader-1,read,mr-1c842de1-c4d8-4cca-a61c-04ffda0b39ab,,203,ONE,ALL,cassandra-3,True,True,2.813,2026-09-16T13:01:33.023174+00:00,
1c842de1-c4d8-4cca-a61c-04ffda0b39ab,monotonic_reads,network_partition,reader-1,read,mr-1c842de1-c4d8-4cca-a61c-04ffda0b39ab,,204,ONE,ALL,cassandra-1,True,False,4.168,2026-09-16T13:01:33.037542+00:00,
1c842de1-c4d8-4cca-a61c-04ffda0b39ab,monotonic_reads,network_partition,reader-1,read,mr-1c842de1-c4d8-4cca-a61c-04ffda0b39ab,,204,ONE,ALL,cassandra-2,True,False,3.811,2026-09-16T13:01:33.052199+00:00,
1c842de1-c4d8-4cca-a61c-04ffda0b39ab,monotonic_reads,network_partition,reader-1,read,mr-1c842de1-c4d8-4cca-a61c-04ffda0b39ab,,203,ONE,ALL,cassandra-3,True,True,4.103,2026-09-16T13:01:33.068627+00:00,
1c842de1-c4d8-4cca-a61c-04ffda0b39ab,monotonic_reads,network_partition,reader-1,read,mr-1c842de1-c4d8-4cca-a61c-04ffda0b39ab,,204,ONE,ALL,cassandra-1,True,False,4.093,2026-09-16T13:01:33.084461+00:00,
1c842de1-c4d8-4cca-a61c-04ffda0b39ab,monotonic_reads,network_partition,reader-1,read,mr-1c842de1-c4d8-4cca-a61c-04ffda0b39ab,,204,ONE,ALL,cassandra-2,True,False,4.202,2026-09-16T13:01:33.099106+00:00,
1c842de1-c4d8-4cca-a61c-04ffda0b39ab,monotonic_reads,network_partition,reader-1,read,mr-1c842de1-c4d8-4cca-a61c-04ffda0b39ab,,203,ONE,ALL,cassandra-3,True,True,3.62,2026-09-16T13:01:33.114263+00:00,
1c842de1-c4d8-4cca-a61c-04ffda0b39ab,monotonic_reads,network_partition,reader-1,read,mr-1c842de1-c4d8-4cca-a61c-04ffda0b39ab,,204,ONE,ALL,cassandra-1,True,False,4.674,2026-09-16T13:01:33.131688+00:00,
1c842de1-c4d8-4cca-a61c-04ffda0b39ab,monotonic_reads,network_partition,reader-1,read,mr-1c842de1-c4d8-4cca-a61c-04ffda0b39ab,,204,ONE,ALL,cassandra-2,True,False,3.49,2026-09-16T13:01:33.147859+00:00,
1c842de1-c4d8-4cca-a61c-04ffda0b39ab,monotonic_reads,network_partition,reader-1,read,mr-1c842de1-c4d8-4cca-a61c-04ffda0b39ab,,203,ONE,ALL,cassandra-3,True,True,2.93,2026-09-16T13:01:33.163483+00:00,
1c842de1-c4d8-4cca-a61c-04ffda0b39ab,monotonic_reads,network_partition,reader-1,read,mr-1c842de1-c4d8-4cca-a61c-04ffda0b39ab,,204,ONE,ALL,cassandra-1,True,False,4.626,2026-09-16T13:01:33.179040+00:00,
1c842de1-c4d8-4cca-a61c-04ffda0b39ab,monotonic_reads,network_partition,reader-1,read,mr-1c842de1-c4d8-4cca-a61c-04ffda0b39ab,,204,ONE,ALL,cassandra-2,True,False,1.685,2026-09-16T13:01:33.192042+00:00,
1c842de1-c4d8-4cca-a61c-04ffda0b39ab,monotonic_reads,network_partition,reader-1,read,mr-1c842de1-c4d8-4cca-a61c-04ffda0b39ab,,203,ONE,ALL,cassandra-3,True,True,3.071,2026-09-16T13:01:33.205840+00:00,
1c842de1-c4d8-4cca-a61c-04ffda0b39ab,monotonic_reads,network_partition,reader-1,read,mr-1c842de1-c4d8-4cca-a61c-04ffda0b39ab,,204,ONE,ALL,cassandra-1,True,False,3.987,2026-09-16T13:01:33.222362+00:00,
1c842de1-c4d8-4cca-a61c-04ffda0b39ab,monotonic_reads,network_partition,reader-1,read,mr-1c842de1-c4d8-4cca-a61c-04ffda0b39ab,,204,ONE,ALL,cassandra-2,True,False,3.813,2026-09-16T13:01:33.238903+00:00,
1c842de1-c4d8-4cca-a61c-04ffda0b39ab,monotonic_reads,network_partition,reader-1,read,mr-1c842de1-c4d8-4cca-a61c-04ffda0b39ab,,203,ONE,ALL,cassandra-3,True,True,3.267,2026-09-16T13:01:33.253646+00:00,
1c842de1-c4d8-4cca-a61c-04ffda0b39ab,monotonic_reads,network_partition,reader-1,read,mr-1c842de1-c4d8-4cca-a61c-04ffda0b39ab,,204,ONE,ALL,cassandra-1,True,False,3.046,2026-09-16T13:01:33.266921+00:00,
1c842de1-c4d8-4cca-a61c-04ffda0b39ab,monotonic_reads,network_partition,reader-1,read,mr-1c842de1-c4d8-4cca-a61c-04ffda0b39ab,,204,ONE,ALL,cassandra-2,True,False,3.095,2026-09-16T13:01:33.280464+00:00,
1c842de1-c4d8-4cca-a61c-04ffda0b39ab,monotonic_reads,network_partition,reader-1,read,mr-1c842de1-c4d8-4cca-a61c-04ffda0b39ab,,203,ONE,ALL,cassandra-3,True,True,4.147,2026-09-16T13:01:33.296356+00:00,
1c842de1-c4d8-4cca-a61c-04ffda0b39ab,monotonic_reads,network_partition,reader-1,read,mr-1c842de1-c4d8-4cca-a61c-04ffda0b39ab,,204,ONE,ALL,cassandra-1,True,False,3.124,2026-09-16T13:01:33.309849+00:00,
1c842de1-c4d8-4cca-a61c-04ffda0b39ab,monotonic_reads,network_partition,reader-1,read,mr-1c842de1-c4d8-4cca-a61c-04ffda0b39ab,,204,ONE,ALL,cassandra-2,True,False,3.788,2026-09-16T13:01:33.326216+00:00,
1c842de1-c4d8-4cca-a61c-04ffda0b39ab,monotonic_reads,network_partition,reader-1,read,mr-1c842de1-c4d8-4cca-a61c-04ffda0b39ab,,203,ONE,ALL,cassandra-3,True,True,4.122,2026-09-16T13:01:33.343088+00:00,
1c842de1-c4d8-4cca-a61c-04ffda0b39ab,monotonic_reads,network_partition,reader-1,read,mr-1c842de1-c4d8-4cca-a61c-04ffda0b39ab,,204,ONE,ALL,cassandra-1,True,False,3.717,2026-09-16T13:01:33.359479+00:00,
1c842de1-c4d8-4cca-a61c-04ffda0b39ab,monotonic_reads,network_partition,reader-1,read,mr-1c842de1-c4d8-4cca-a61c-04ffda0b39ab,,204,ONE,ALL,cassandra-2,True,False,4.254,2026-09-16T13:01:33.375537+00:00,
1c842de1-c4d8-4cca-a61c-04ffda0b39ab,monotonic_reads,network_partition,reader-1,read,mr-1c842de1-c4d8-4cca-a61c-04ffda0b39ab,,203,ONE,ALL,cassandra-3,True,True,3.813,2026-09-16T13:01:33.390212+00:00,
1c842de1-c4d8-4cca-a61c-04ffda0b39ab,monotonic_reads,network_partition,reader-1,read,mr-1c842de1-c4d8-4cca-a61c-04ffda0b39ab,,204,ONE,ALL,cassandra-1,True,False,5.045,2026-09-16T13:01:33.405961+00:00,
1c842de1-c4d8-4cca-a61c-04ffda0b39ab,monotonic_reads,network_partition,reader-1,read,mr-1c842de1-c4d8-4cca-a61c-04ffda0b39ab,,204,ONE,ALL,cassandra-2,True,False,3.892,2026-09-16T13:01:33.421891+00:00,
1c842de1-c4d8-4cca-a61c-04ffda0b39ab,monotonic_reads,network_partition,reader-1,read,mr-1c842de1-c4d8-4cca-a61c-04ffda0b39ab,,203,ONE,ALL,cassandra-3,True,True,3.491,2026-09-16T13:01:33.437143+00:00,
1c842de1-c4d8-4cca-a61c-04ffda0b39ab,monotonic_reads,network_partition,reader-1,read,mr-1c842de1-c4d8-4cca-a61c-04ffda0b39ab,,204,ONE,ALL,cassandra-1,True,False,3.787,2026-09-16T13:01:33.452660+00:00,
1c842de1-c4d8-4cca-a61c-04ffda0b39ab,monotonic_reads,network_partition,reader-1,read,mr-1c842de1-c4d8-4cca-a61c-04ffda0b39ab,,204,ONE,ALL,cassandra-2,True,False,4.853,2026-09-16T13:01:33.468753+00:00,
1c842de1-c4d8-4cca-a61c-04ffda0b39ab,monotonic_reads,network_partition,reader-1,read,mr-1c842de1-c4d8-4cca-a61c-04ffda0b39ab,,203,ONE,ALL,cassandra-3,True,True,3.691,2026-09-16T13:01:33.484881+00:00,
1c842de1-c4d8-4cca-a61c-04ffda0b39ab,monotonic_reads,network_partition,reader-1,read,mr-1c842de1-c4d8-4cca-a61c-04ffda0b39ab,,204,ONE,ALL,cassandra-1,True,False,3.154,2026-09-16T13:01:33.500566+00:00,
1c842de1-c4d8-4cca-a61c-04ffda0b39ab,monotonic_reads,network_partition,reader-1,read,mr-1c842de1-c4d8-4cca-a61c-04ffda0b39ab,,204,ONE,ALL,cassandra-2,True,False,4.399,2026-09-16T13:01:33.515825+00:00,
1c842de1-c4d8-4cca-a61c-04ffda0b39ab,monotonic_reads,network_partition,reader-1,read,mr-1c842de1-c4d8-4cca-a61c-04ffda0b39ab,,203,ONE,ALL,cassandra-3,True,True,3.955,2026-09-16T13:01:33.531021+00:00,
1c842de1-c4d8-4cca-a61c-04ffda0b39ab,monotonic_reads,network_partition,reader-1,read,mr-1c842de1-c4d8-4cca-a61c-04ffda0b39ab,,204,ONE,ALL,cassandra-1,True,False,1.491,2026-09-16T13:01:33.544713+00:00,
1c842de1-c4d8-4cca-a61c-04ffda0b39ab,monotonic_reads,network_partition,reader-1,read,mr-1c842de1-c4d8-4cca-a61c-04ffda0b39ab,,204,ONE,ALL,cassandra-2,True,False,2.852,2026-09-16T13:01:33.559224+00:00,
1c842de1-c4d8-4cca-a61c-04ffda0b39ab,monotonic_reads,network_partition,reader-1,read,mr-1c842de1-c4d8-4cca-a61c-04ffda0b39ab,,203,ONE,ALL,cassandra-3,True,True,3.334,2026-09-16T13:01:33.574186+00:00,
1c842de1-c4d8-4cca-a61c-04ffda0b39ab,monotonic_reads,network_partition,reader-1,read,mr-1c842de1-c4d8-4cca-a61c-04ffda0b39ab,,204,ONE,ALL,cassandra-1,True,False,3.852,2026-09-16T13:01:33.590228+00:00,
1c842de1-c4d8-4cca-a61c-04ffda0b39ab,monotonic_reads,network_partition,reader-1,read,mr-1c842de1-c4d8-4cca-a61c-04ffda0b39ab,,204,ONE,ALL,cassandra-2,True,False,3.296,2026-09-16T13:01:33.605288+00:00,
1c842de1-c4d8-4cca-a61c-04ffda0b39ab,monotonic_reads,network_partition,reader-1,read,mr-1c842de1-c4d8-4cca-a61c-04ffda0b39ab,,203,ONE,ALL,cassandra-3,True,True,3.307,2026-09-16T13:01:33.621169+00:00,
1c842de1-c4d8-4cca-a61c-04ffda0b39ab,monotonic_reads,network_partition,reader-1,read,mr-1c842de1-c4d8-4cca-a61c-04ffda0b39ab,,204,ONE,ALL,cassandra-1,True,False,3.702,2026-09-16T13:01:33.635997+00:00,
1c842de1-c4d8-4cca-a61c-04ffda0b39ab,monotonic_reads,network_partition,reader-1,read,mr-1c842de1-c4d8-4cca-a61c-04ffda0b39ab,,204,ONE,ALL,cassandra-2,True,False,3.444,2026-09-16T13:01:33.651309+00:00,
1c842de1-c4d8-4cca-a61c-04ffda0b39ab,monotonic_reads,network_partition,reader-1,read,mr-1c842de1-c4d8-4cca-a61c-04ffda0b39ab,,203,ONE,ALL,cassandra-3,True,True,3.06,2026-09-16T13:01:33.664911+00:00,
1c842de1-c4d8-4cca-a61c-04ffda0b39ab,monotonic_reads,network_partition,reader-1,read,mr-1c842de1-c4d8-4cca-a61c-04ffda0b39ab,,204,ONE,ALL,cassandra-1,True,False,3.724,2026-09-16T13:01:33.680131+00:00,
1c842de1-c4d8-4cca-a61c-04ffda0b39ab,monotonic_reads,network_partition,reader-1,read,mr-1c842de1-c4d8-4cca-a61c-04ffda0b39ab,,204,ONE,ALL,cassandra-2,True,False,3.136,2026-09-16T13:01:33.694780+00:00,
1c842de1-c4d8-4cca-a61c-04ffda0b39ab,monotonic_reads,network_partition,reader-1,read,mr-1c842de1-c4d8-4cca-a61c-04ffda0b39ab,,203,ONE,ALL,cassandra-3,True,True,3.611,2026-09-16T13:01:33.709605+00:00,
1c842de1-c4d8-4cca-a61c-04ffda0b39ab,monotonic_reads,network_partition,reader-1,read,mr-1c842de1-c4d8-4cca-a61c-04ffda0b39ab,,204,ONE,ALL,cassandra-1,True,False,3.455,2026-09-16T13:01:33.725826+00:00,
1c842de1-c4d8-4cca-a61c-04ffda0b39ab,monotonic_reads,network_partition,reader-1,read,mr-1c842de1-c4d8-4cca-a61c-04ffda0b39ab,,204,ONE,ALL,cassandra-2,True,False,3.026,2026-09-16T13:01:33.740189+00:00,
1c842de1-c4d8-4cca-a61c-04ffda0b39ab,monotonic_reads,network_partition,reader-1,read,mr-1c842de1-c4d8-4cca-a61c-04ffda0b39ab,,203,ONE,ALL,cassandra-3,True,True,2.956,2026-09-16T13:01:33.755303+00:00,
1c842de1-c4d8-4cca-a61c-04ffda0b39ab,monotonic_reads,network_partition,reader-1,read,mr-1c842de1-c4d8-4cca-a61c-04ffda0b39ab,,204,ONE,ALL,cassandra-1,True,False,3.856,2026-09-16T13:01:33.771091+00:00,
1c842de1-c4d8-4cca-a61c-04ffda0b39ab,monotonic_reads,network_partition,reader-1,read,mr-1c842de1-c4d8-4cca-a61c-04ffda0b39ab,,204,ONE,ALL,cassandra-2,True,False,3.498,2026-09-16T13:01:33.784852+00:00,
1c842de1-c4d8-4cca-a61c-04ffda0b39ab,monotonic_reads,network_partition,reader-1,read,mr-1c842de1-c4d8-4cca-a61c-04ffda0b39ab,,203,ONE,ALL,cassandra-3,True,True,4.613,2026-09-16T13:01:33.800020+00:00,
1c842de1-c4d8-4cca-a61c-04ffda0b39ab,monotonic_reads,network_partition,reader-1,read,mr-1c842de1-c4d8-4cca-a61c-04ffda0b39ab,,204,ONE,ALL,cassandra-1,True,False,4.172,2026-09-16T13:01:33.816955+00:00,
1c842de1-c4d8-4cca-a61c-04ffda0b39ab,monotonic_reads,network_partition,reader-1,read,mr-1c842de1-c4d8-4cca-a61c-04ffda0b39ab,,204,ONE,ALL,cassandra-2,True,False,3.946,2026-09-16T13:01:33.833394+00:00,
1c842de1-c4d8-4cca-a61c-04ffda0b39ab,monotonic_reads,network_partition,reader-1,read,mr-1c842de1-c4d8-4cca-a61c-04ffda0b39ab,,203,ONE,ALL,cassandra-3,True,True,3.934,2026-09-16T13:01:33.848644+00:00,
1c842de1-c4d8-4cca-a61c-04ffda0b39ab,monotonic_reads,network_partition,reader-1,read,mr-1c842de1-c4d8-4cca-a61c-04ffda0b39ab,,204,ONE,ALL,cassandra-1,True,False,3.479,2026-09-16T13:01:33.863097+00:00,
1c842de1-c4d8-4cca-a61c-04ffda0b39ab,monotonic_reads,network_partition,reader-1,read,mr-1c842de1-c4d8-4cca-a61c-04ffda0b39ab,,204,ONE,ALL,cassandra-2,True,False,3.05,2026-09-16T13:01:33.878864+00:00,
1c842de1-c4d8-4cca-a61c-04ffda0b39ab,monotonic_reads,network_partition,reader-1,read,mr-1c842de1-c4d8-4cca-a61c-04ffda0b39ab,,203,ONE,ALL,cassandra-3,True,True,3.48,2026-09-16T13:01:33.893769+00:00,
1c842de1-c4d8-4cca-a61c-04ffda0b39ab,monotonic_reads,network_partition,reader-1,read,mr-1c842de1-c4d8-4cca-a61c-04ffda0b39ab,,204,ONE,ALL,cassandra-1,True,False,2.913,2026-09-16T13:01:33.908652+00:00,
1c842de1-c4d8-4cca-a61c-04ffda0b39ab,monotonic_reads,network_partition,reader-1,read,mr-1c842de1-c4d8-4cca-a61c-04ffda0b39ab,,204,ONE,ALL,cassandra-2,True,False,2.698,2026-09-16T13:01:33.922058+00:00,
1c842de1-c4d8-4cca-a61c-04ffda0b39ab,monotonic_reads,network_partition,reader-1,read,mr-1c842de1-c4d8-4cca-a61c-04ffda0b39ab,,203,ONE,ALL,cassandra-3,True,True,3.602,2026-09-16T13:01:33.938347+00:00,
1c842de1-c4d8-4cca-a61c-04ffda0b39ab,monotonic_reads,network_partition,reader-1,read,mr-1c842de1-c4d8-4cca-a61c-04ffda0b39ab,,204,ONE,ALL,cassandra-1,True,False,4.339,2026-09-16T13:01:33.955395+00:00,
1c842de1-c4d8-4cca-a61c-04ffda0b39ab,monotonic_reads,network_partition,reader-1,read,mr-1c842de1-c4d8-4cca-a61c-04ffda0b39ab,,204,ONE,ALL,cassandra-2,True,False,3.873,2026-09-16T13:01:33.970225+00:00,
1c842de1-c4d8-4cca-a61c-04ffda0b39ab,monotonic_reads,network_partition,reader-1,read,mr-1c842de1-c4d8-4cca-a61c-04ffda0b39ab,,203,ONE,ALL,cassandra-3,True,True,4.187,2026-09-16T13:01:33.987114+00:00,
1c842de1-c4d8-4cca-a61c-04ffda0b39ab,monotonic_reads,network_partition,reader-1,read,mr-1c842de1-c4d8-4cca-a61c-04ffda0b39ab,,204,ONE,ALL,cassandra-1,True,False,3.651,2026-09-16T13:01:34.001496+00:00,
1c842de1-c4d8-4cca-a61c-04ffda0b39ab,monotonic_reads,network_partition,reader-1,read,mr-1c842de1-c4d8-4cca-a61c-04ffda0b39ab,,204,ONE,ALL,cassandra-2,True,False,4.048,2026-09-16T13:01:34.016261+00:00,
1c842de1-c4d8-4cca-a61c-04ffda0b39ab,monotonic_reads,network_partition,reader-1,read,mr-1c842de1-c4d8-4cca-a61c-04ffda0b39ab,,203,ONE,ALL,cassandra-3,True,True,4.003,2026-09-16T13:01:34.030644+00:00,
1c842de1-c4d8-4cca-a61c-04ffda0b39ab,monotonic_reads,network_partition,reader-1,read,mr-1c842de1-c4d8-4cca-a61c-04ffda0b39ab,,204,ONE,ALL,cassandra-1,True,False,4.542,2026-09-16T13:01:34.047940+00:00,
1c842de1-c4d8-4cca-a61c-04ffda0b39ab,monotonic_reads,network_partition,reader-1,read,mr-1c842de1-c4d8-4cca-a61c-04ffda0b39ab,,204,ONE,ALL,cassandra-2,True,False,3.738,2026-09-16T13:01:34.063111+00:00,
1c842de1-c4d8-4cca-a61c-04ffda0b39ab,monotonic_reads,network_partition,reader-1,read,mr-1c842de1-c4d8-4cca-a61c-04ffda0b39ab,,203,ONE,ALL,cassandra-3,True,True,4.033,2026-09-16T13:01:34.079408+00:00,
1c842de1-c4d8-4cca-a61c-04ffda0b39ab,monotonic_reads,network_partition,reader-1,read,mr-1c842de1-c4d8-4cca-a61c-04ffda0b39ab,,204,ONE,ALL,cassandra-1,True,False,3.954,2026-09-16T13:01:34.095389+00:00,
1c842de1-c4d8-4cca-a61c-04ffda0b39ab,monotonic_reads,network_partition,reader-1,read,mr-1c842de1-c4d8-4cca-a61c-04ffda0b39ab,,204,ONE,ALL,cassandra-2,True,False,4.387,2026-09-16T13:01:34.112074+00:00,
1c842de1-c4d8-4cca-a61c-04ffda0b39ab,monotonic_reads,network_partition,reader-1,read,mr-1c842de1-c4d8-4cca-a61c-04ffda0b39ab,,203,ONE,ALL,cassandra-3,True,True,13.098,2026-09-16T13:01:34.136507+00:00,
1c842de1-c4d8-4cca-a61c-04ffda0b39ab,monotonic_reads,network_partition,reader-1,read,mr-1c842de1-c4d8-4cca-a61c-04ffda0b39ab,,204,ONE,ALL,cassandra-1,True,False,3.016,2026-09-16T13:01:34.152254+00:00,
1c842de1-c4d8-4cca-a61c-04ffda0b39ab,monotonic_reads,network_partition,reader-1,read,mr-1c842de1-c4d8-4cca-a61c-04ffda0b39ab,,204,ONE,ALL,cassandra-2,True,False,1.783,2026-09-16T13:01:34.166561+00:00,
1c842de1-c4d8-4cca-a61c-04ffda0b39ab,monotonic_reads,network_partition,reader-1,read,mr-1c842de1-c4d8-4cca-a61c-04ffda0b39ab,,203,ONE,ALL,cassandra-3,True,True,1.311,2026-09-16T13:01:34.180515+00:00,
1c842de1-c4d8-4cca-a61c-04ffda0b39ab,monotonic_reads,network_partition,reader-1,read,mr-1c842de1-c4d8-4cca-a61c-04ffda0b39ab,,204,ONE,ALL,cassandra-1,True,False,1.542,2026-09-16T13:01:34.192624+00:00,
1c842de1-c4d8-4cca-a61c-04ffda0b39ab,monotonic_reads,network_partition,reader-1,read,mr-1c842de1-c4d8-4cca-a61c-04ffda0b39ab,,204,ONE,ALL,cassandra-2,True,False,1.235,2026-09-16T13:01:34.206502+00:00,
1c842de1-c4d8-4cca-a61c-04ffda0b39ab,monotonic_reads,network_partition,reader-1,read,mr-1c842de1-c4d8-4cca-a61c-04ffda0b39ab,,203,ONE,ALL,cassandra-3,True,True,1.627,2026-09-16T13:01:34.218435+00:00,
1c842de1-c4d8-4cca-a61c-04ffda0b39ab,monotonic_reads,network_partition,reader-1,read,mr-1c842de1-c4d8-4cca-a61c-04ffda0b39ab,,204,ONE,ALL,cassandra-1,True,False,1.584,2026-09-16T13:01:34.230318+00:00,
1c842de1-c4d8-4cca-a61c-04ffda0b39ab,monotonic_reads,network_partition,reader-1,read,mr-1c842de1-c4d8-4cca-a61c-04ffda0b39ab,,204,ONE,ALL,cassandra-2,True,False,1.951,2026-09-16T13:01:34.244953+00:00,
1c842de1-c4d8-4cca-a61c-04ffda0b39ab,monotonic_reads,network_partition,reader-1,read,mr-1c842de1-c4d8-4cca-a61c-04ffda0b39ab,,203,ONE,ALL,cassandra-3,True,True,1.577,2026-09-16T13:01:34.259263+00:00,
1c842de1-c4d8-4cca-a61c-04ffda0b39ab,monotonic_reads,network_partition,reader-1,read,mr-1c842de1-c4d8-4cca-a61c-04ffda0b39ab,,204,ONE,ALL,cassandra-1,True,False,0.916,2026-09-16T13:01:34.272150+00:00,
1c842de1-c4d8-4cca-a61c-04ffda0b39ab,monotonic_reads,network_partition,reader-1,read,mr-1c842de1-c4d8-4cca-a61c-04ffda0b39ab,,204,ONE,ALL,cassandra-2,True,False,1.23,2026-09-16T13:01:34.285598+00:00,
1c842de1-c4d8-4cca-a61c-04ffda0b39ab,monotonic_reads,network_partition,reader-1,read,mr-1c842de1-c4d8-4cca-a61c-04ffda0b39ab,,203,ONE,ALL,cassandra-3,True,True,1.763,2026-09-16T13:01:34.299608+00:00,
1c842de1-c4d8-4cca-a61c-04ffda0b39ab,monotonic_reads,network_partition,reader-1,read,mr-1c842de1-c4d8-4cca-a61c-04ffda0b39ab,,204,ONE,ALL,cassandra-1,True,False,2.216,2026-09-16T13:01:34.314607+00:00,
1c842de1-c4d8-4cca-a61c-04ffda0b39ab,monotonic_reads,network_partition,reader-1,read,mr-1c842de1-c4d8-4cca-a61c-04ffda0b39ab,,204,ONE,ALL,cassandra-2,True,False,1.676,2026-09-16T13:01:34.328198+00:00,
1c842de1-c4d8-4cca-a61c-04ffda0b39ab,monotonic_reads,network_partition,reader-1,read,mr-1c842de1-c4d8-4cca-a61c-04ffda0b39ab,,203,ONE,ALL,cassandra-3,True,True,2.254,2026-09-16T13:01:34.341330+00:00,
1c842de1-c4d8-4cca-a61c-04ffda0b39ab,monotonic_reads,network_partition,reader-1,read,mr-1c842de1-c4d8-4cca-a61c-04ffda0b39ab,,204,ONE,ALL,cassandra-1,True,False,1.869,2026-09-16T13:01:34.355919+00:00,
1c842de1-c4d8-4cca-a61c-04ffda0b39ab,monotonic_reads,network_partition,reader-1,read,mr-1c842de1-c4d8-4cca-a61c-04ffda0b39ab,,204,ONE,ALL,cassandra-2,True,False,2.032,2026-09-16T13:01:34.370641+00:00,
1c842de1-c4d8-4cca-a61c-04ffda0b39ab,monotonic_reads,network_partition,reader-1,read,mr-1c842de1-c4d8-4cca-a61c-04ffda0b39ab,,203,ONE,ALL,cassandra-3,True,True,1.587,2026-09-16T13:01:34.382814+00:00,
1c842de1-c4d8-4cca-a61c-04ffda0b39ab,monotonic_reads,network_partition,reader-1,read,mr-1c842de1-c4d8-4cca-a61c-04ffda0b39ab,,204,ONE,ALL,cassandra-1,True,False,1.479,2026-09-16T13:01:34.395517+00:00,
1c842de1-c4d8-4cca-a61c-04ffda0b39ab,monotonic_reads,network_partition,reader-1,read,mr-1c842de1-c4d8-4cca-a61c-04ffda0b39ab,,204,ONE,ALL,cassandra-2,True,False,1.776,2026-09-16T13:01:34.409659+00:00,
1c842de1-c4d8-4cca-a61c-04ffda0b39ab,monotonic_reads,network_partition,reader-1,read,mr-1c842de1-c4d8-4cca-a61c-04ffda0b39ab,,203,ONE,ALL,cassandra-3,True,True,1.557,2026-09-16T13:01:34.423253+00:00,
1c842de1-c4d8-4cca-a61c-04ffda0b39ab,monotonic_reads,network_partition,reader-1,read,mr-1c842de1-c4d8-4cca-a61c-04ffda0b39ab,,204,ONE,ALL,cassandra-1,True,False,1.59,2026-09-16T13:01:34.436066+00:00,
1c842de1-c4d8-4cca-a61c-04ffda0b39ab,monotonic_reads,network_partition,reader-1,read,mr-1c842de1-c4d8-4cca-a61c-04ffda0b39ab,,204,ONE,ALL,cassandra-2,True,False,2.192,2026-09-16T13:01:34.450068+00:00,
1c842de1-c4d8-4cca-a61c-04ffda0b39ab,monotonic_reads,network_partition,reader-1,read,mr-1c842de1-c4d8-4cca-a61c-04ffda0b39ab,,203,ONE,ALL,cassandra-3,True,True,4.314,2026-09-16T13:01:34.464691+00:00,
1c842de1-c4d8-4cca-a61c-04ffda0b39ab,monotonic_reads,network_partition,reader-1,read,mr-1c842de1-c4d8-4cca-a61c-04ffda0b39ab,,204,ONE,ALL,cassandra-1,True,False,2.735,2026-09-16T13:01:34.479628+00:00,
1c842de1-c4d8-4cca-a61c-04ffda0b39ab,monotonic_reads,network_partition,reader-1,read,mr-1c842de1-c4d8-4cca-a61c-04ffda0b39ab,,204,ONE,ALL,cassandra-2,True,False,2.686,2026-09-16T13:01:34.493488+00:00,
1c842de1-c4d8-4cca-a61c-04ffda0b39ab,monotonic_reads,network_partition,reader-1,read,mr-1c842de1-c4d8-4cca-a61c-04ffda0b39ab,,203,ONE,ALL,cassandra-3,True,True,3.319,2026-09-16T13:01:34.509316+00:00,
1c842de1-c4d8-4cca-a61c-04ffda0b39ab,monotonic_reads,network_partition,reader-1,read,mr-1c842de1-c4d8-4cca-a61c-04ffda0b39ab,,204,ONE,ALL,cassandra-1,True,False,3.139,2026-09-16T13:01:34.525190+00:00,
1c842de1-c4d8-4cca-a61c-04ffda0b39ab,monotonic_reads,network_partition,reader-1,read,mr-1c842de1-c4d8-4cca-a61c-04ffda0b39ab,,204,ONE,ALL,cassandra-2,True,False,4.069,2026-09-16T13:01:34.539871+00:00,
1c842de1-c4d8-4cca-a61c-04ffda0b39ab,monotonic_reads,network_partition,reader-1,read,mr-1c842de1-c4d8-4cca-a61c-04ffda0b39ab,,203,ONE,ALL,cassandra-3,True,True,3.803,2026-09-16T13:01:34.554176+00:00,
1c842de1-c4d8-4cca-a61c-04ffda0b39ab,monotonic_reads,network_partition,reader-1,read,mr-1c842de1-c4d8-4cca-a61c-04ffda0b39ab,,204,ONE,ALL,cassandra-1,True,False,4.891,2026-09-16T13:01:34.570897+00:00,
1c842de1-c4d8-4cca-a61c-04ffda0b39ab,monotonic_reads,network_partition,reader-1,read,mr-1c842de1-c4d8-4cca-a61c-04ffda0b39ab,,204,ONE,ALL,cassandra-2,True,False,3.381,2026-09-16T13:01:34.584562+00:00,
1c842de1-c4d8-4cca-a61c-04ffda0b39ab,monotonic_reads,network_partition,reader-1,read,mr-1c842de1-c4d8-4cca-a61c-04ffda0b39ab,,203,ONE,ALL,cassandra-3,True,True,3.647,2026-09-16T13:01:34.599887+00:00,
1c842de1-c4d8-4cca-a61c-04ffda0b39ab,monotonic_reads,network_partition,reader-1,read,mr-1c842de1-c4d8-4cca-a61c-04ffda0b39ab,,204,ONE,ALL,cassandra-1,True,False,3.475,2026-09-16T13:01:34.614877+00:00,
1c842de1-c4d8-4cca-a61c-04ffda0b39ab,monotonic_reads,network_partition,reader-1,read,mr-1c842de1-c4d8-4cca-a61c-04ffda0b39ab,,204,ONE,ALL,cassandra-2,True,False,4.01,2026-09-16T13:01:34.629423+00:00,
1c842de1-c4d8-4cca-a61c-04ffda0b39ab,monotonic_reads,network_partition,reader-1,read,mr-1c842de1-c4d8-4cca-a61c-04ffda0b39ab,,203,ONE,ALL,cassandra-3,True,True,2.103,2026-09-16T13:01:34.642447+00:00,
1c842de1-c4d8-4cca-a61c-04ffda0b39ab,monotonic_reads,network_partition,reader-1,read,mr-1c842de1-c4d8-4cca-a61c-04ffda0b39ab,,204,ONE,ALL,cassandra-1,True,False,2.375,2026-09-16T13:01:34.655787+00:00,
1c842de1-c4d8-4cca-a61c-04ffda0b39ab,monotonic_reads,network_partition,reader-1,read,mr-1c842de1-c4d8-4cca-a61c-04ffda0b39ab,,204,ONE,ALL,cassandra-2,True,False,2.226,2026-09-16T13:01:34.668802+00:00,
1c842de1-c4d8-4cca-a61c-04ffda0b39ab,monotonic_reads,network_partition,reader-1,read,mr-1c842de1-c4d8-4cca-a61c-04ffda0b39ab,,203,ONE,ALL,cassandra-3,True,True,2.525,2026-09-16T13:01:34.683700+00:00,
1c842de1-c4d8-4cca-a61c-04ffda0b39ab,monotonic_reads,network_partition,reader-1,read,mr-1c842de1-c4d8-4cca-a61c-04ffda0b39ab,,204,ONE,ALL,cassandra-1,True,False,2.896,2026-09-16T13:01:34.699285+00:00,
1c842de1-c4d8-4cca-a61c-04ffda0b39ab,monotonic_reads,network_partition,reader-1,read,mr-1c842de1-c4d8-4cca-a61c-04ffda0b39ab,,204,ONE,ALL,cassandra-2,True,False,4.274,2026-09-16T13:01:34.715662+00:00,
1c842de1-c4d8-4cca-a61c-04ffda0b39ab,monotonic_reads,network_partition,reader-1,read,mr-1c842de1-c4d8-4cca-a61c-04ffda0b39ab,,203,ONE,ALL,cassandra-3,True,True,2.97,2026-09-16T13:01:34.731380+00:00,
1c842de1-c4d8-4cca-a61c-04ffda0b39ab,monotonic_reads,network_partition,reader-1,read,mr-1c842de1-c4d8-4cca-a61c-04ffda0b39ab,,204,ONE,ALL,cassandra-1,True,False,2.903,2026-09-16T13:01:34.745849+00:00,
1c842de1-c4d8-4cca-a61c-04ffda0b39ab,monotonic_reads,network_partition,reader-1,read,mr-1c842de1-c4d8-4cca-a61c-04ffda0b39ab,,204,ONE,ALL,cassandra-2,True,False,5.769,2026-09-16T13:01:34.762518+00:00,
1c842de1-c4d8-4cca-a61c-04ffda0b39ab,monotonic_reads,network_partition,reader-1,read,mr-1c842de1-c4d8-4cca-a61c-04ffda0b39ab,,203,ONE,ALL,cassandra-3,True,True,3.593,2026-09-16T13:01:34.778611+00:00,
1c842de1-c4d8-4cca-a61c-04ffda0b39ab,monotonic_reads,network_partition,reader-1,read,mr-1c842de1-c4d8-4cca-a61c-04ffda0b39ab,,204,ONE,ALL,cassandra-1,True,False,4.562,2026-09-16T13:01:34.794143+00:00,
1c842de1-c4d8-4cca-a61c-04ffda0b39ab,monotonic_reads,network_partition,reader-1,read,mr-1c842de1-c4d8-4cca-a61c-04ffda0b39ab,,204,ONE,ALL,cassandra-2,True,False,4.447,2026-09-16T13:01:34.810503+00:00,
1c842de1-c4d8-4cca-a61c-04ffda0b39ab,monotonic_reads,network_partition,reader-1,read,mr-1c842de1-c4d8-4cca-a61c-04ffda0b39ab,,203,ONE,ALL,cassandra-3,True,True,4.09,2026-09-16T13:01:34.827440+00:00,
1c842de1-c4d8-4cca-a61c-04ffda0b39ab,monotonic_reads,network_partition,reader-1,read,mr-1c842de1-c4d8-4cca-a61c-04ffda0b39ab,,204,ONE,ALL,cassandra-1,True,False,3.973,2026-09-16T13:01:34.843909+00:00,
1c842de1-c4d8-4cca-a61c-04ffda0b39ab,monotonic_reads,network_partition,reader-1,read,mr-1c842de1-c4d8-4cca-a61c-04ffda0b39ab,,204,ONE,ALL,cassandra-2,True,False,3.449,2026-09-16T13:01:34.857832+00:00,
1c842de1-c4d8-4cca-a61c-04ffda0b39ab,monotonic_reads,network_partition,reader-1,read,mr-1c842de1-c4d8-4cca-a61c-04ffda0b39ab,,203,ONE,ALL,cassandra-3,True,True,3.957,2026-09-16T13:01:34.873602+00:00,
1c842de1-c4d8-4cca-a61c-04ffda0b39ab,monotonic_reads,network_partition,reader-1,read,mr-1c842de1-c4d8-4cca-a61c-04ffda0b39ab,,204,ONE,ALL,cassandra-1,True,False,3.384,2026-09-16T13:01:34.889669+00:00,
1c842de1-c4d8-4cca-a61c-04ffda0b39ab,monotonic_reads,network_partition,reader-1,read,mr-1c842de1-c4d8-4cca-a61c-04ffda0b39ab,,204,ONE,ALL,cassandra-2,True,False,4.082,2026-09-16T13:01:34.905719+00:00,
1c842de1-c4d8-4cca-a61c-04ffda0b39ab,monotonic_reads,network_partition,reader-1,read,mr-1c842de1-c4d8-4cca-a61c-04ffda0b39ab,,203,ONE,ALL,cassandra-3,True,True,4.004,2026-09-16T13:01:34.922391+00:00,
1c842de1-c4d8-4cca-a61c-04ffda0b39ab,monotonic_reads,network_partition,reader-1,read,mr-1c842de1-c4d8-4cca-a61c-04ffda0b39ab,,204,ONE,ALL,cassandra-1,True,False,5.77,2026-09-16T13:01:34.940148+00:00,
1c842de1-c4d8-4cca-a61c-04ffda0b39ab,monotonic_reads,network_partition,reader-1,read,mr-1c842de1-c4d8-4cca-a61c-04ffda0b39ab,,204,ONE,ALL,cassandra-2,True,False,3.509,2026-09-16T13:01:34.955927+00:00,
1c842de1-c4d8-4cca-a61c-04ffda0b39ab,monotonic_reads,network_partition,reader-1,read,mr-1c842de1-c4d8-4cca-a61c-04ffda0b39ab,,203,ONE,ALL,cassandra-3,True,True,3.531,2026-09-16T13:01:34.971906+00:00,
1c842de1-c4d8-4cca-a61c-04ffda0b39ab,monotonic_reads,network_partition,reader-1,read,mr-1c842de1-c4d8-4cca-a61c-04ffda0b39ab,,204,ONE,ALL,cassandra-1,True,False,4.193,2026-09-16T13:01:34.988841+00:00,
1c842de1-c4d8-4cca-a61c-04ffda0b39ab,monotonic_reads,network_partition,reader-1,read,mr-1c842de1-c4d8-4cca-a61c-04ffda0b39ab,,204,ONE,ALL,cassandra-2,True,False,5.233,2026-09-16T13:01:35.006094+00:00,
1c842de1-c4d8-4cca-a61c-04ffda0b39ab,monotonic_reads,network_partition,reader-1,read,mr-1c842de1-c4d8-4cca-a61c-04ffda0b39ab,,203,ONE,ALL,cassandra-3,True,True,3.799,2026-09-16T13:01:35.022236+00:00,
1c842de1-c4d8-4cca-a61c-04ffda0b39ab,monotonic_reads,network_partition,reader-1,read,mr-1c842de1-c4d8-4cca-a61c-04ffda0b39ab,,204,ONE,ALL,cassandra-1,True,False,3.956,2026-09-16T13:01:35.038899+00:00,
1c842de1-c4d8-4cca-a61c-04ffda0b39ab,monotonic_reads,network_partition,reader-1,read,mr-1c842de1-c4d8-4cca-a61c-04ffda0b39ab,,204,ONE,ALL,cassandra-2,True,False,3.885,2026-09-16T13:01:35.055368+00:00,
1c842de1-c4d8-4cca-a61c-04ffda0b39ab,monotonic_reads,network_partition,reader-1,read,mr-1c842de1-c4d8-4cca-a61c-04ffda0b39ab,,203,ONE,ALL,cassandra-3,True,True,3.744,2026-09-16T13:01:35.071845+00:00,
1c842de1-c4d8-4cca-a61c-04ffda0b39ab,monotonic_reads,network_partition,reader-1,read,mr-1c842de1-c4d8-4cca-a61c-04ffda0b39ab,,204,ONE,ALL,cassandra-1,True,False,3.557,2026-09-16T13:01:35.087989+00:00,
1c842de1-c4d8-4cca-a61c-04ffda0b39ab,monotonic_reads,network_partition,reader-1,read,mr-1c842de1-c4d8-4cca-a61c-04ffda0b39ab,,204,ONE,ALL,cassandra-2,True,False,4.668,2026-09-16T13:01:35.103431+00:00,
1c842de1-c4d8-4cca-a61c-04ffda0b39ab,monotonic_reads,network_partition,reader-1,read,mr-1c842de1-c4d8-4cca-a61c-04ffda0b39ab,,203,ONE,ALL,cassandra-3,True,True,4.166,2026-09-16T13:01:35.119044+00:00,
1c842de1-c4d8-4cca-a61c-04ffda0b39ab,monotonic_reads,network_partition,reader-1,read,mr-1c842de1-c4d8-4cca-a61c-04ffda0b39ab,,204,ONE,ALL,cassandra-1,True,False,3.905,2026-09-16T13:01:35.135085+00:00,
1c842de1-c4d8-4cca-a61c-04ffda0b39ab,monotonic_reads,network_partition,reader-1,read,mr-1c842de1-c4d8-4cca-a61c-04ffda0b39ab,,204,ONE,ALL,cassandra-2,True,False,5.178,2026-09-16T13:01:35.151189+00:00,
1c842de1-c4d8-4cca-a61c-04ffda0b39ab,monotonic_reads,network_partition,reader-1,read,mr-1c842de1-c4d8-4cca-a61c-04ffda0b39ab,,203,ONE,ALL,cassandra-3,True,True,4.187,2026-09-16T13:01:35.168209+00:00,
1c842de1-c4d8-4cca-a61c-04ffda0b39ab,monotonic_reads,network_partition,reader-1,read,mr-1c842de1-c4d8-4cca-a61c-04ffda0b39ab,,204,ONE,ALL,cassandra-1,True,False,4.32,2026-09-16T13:01:35.185390+00:00,
1c842de1-c4d8-4cca-a61c-04ffda0b39ab,monotonic_reads,network_partition,reader-1,read,mr-1c842de1-c4d8-4cca-a61c-04ffda0b39ab,,204,ONE,ALL,cassandra-2,True,False,4.13,2026-09-16T13:01:35.202319+00:00,
1c842de1-c4d8-4cca-a61c-04ffda0b39ab,monotonic_reads,network_partition,reader-1,read,mr-1c842de1-c4d8-4cca-a61c-04ffda0b39ab,,203,ONE,ALL,cassandra-3,True,True,3.45,2026-09-16T13:01:35.217820+00:00,
1c842de1-c4d8-4cca-a61c-04ffda0b39ab,monotonic_reads,network_partition,reader-1,read,mr-1c842de1-c4d8-4cca-a61c-04ffda0b39ab,,204,ONE,ALL,cassandra-1,True,False,3.721,2026-09-16T13:01:35.233907+00:00,
1c842de1-c4d8-4cca-a61c-04ffda0b39ab,monotonic_reads,network_partition,reader-1,read,mr-1c842de1-c4d8-4cca-a61c-04ffda0b39ab,,204,ONE,ALL,cassandra-2,True,False,3.957,2026-09-16T13:01:35.248369+00:00,
1c842de1-c4d8-4cca-a61c-04ffda0b39ab,monotonic_reads,network_partition,reader-1,read,mr-1c842de1-c4d8-4cca-a61c-04ffda0b39ab,,203,ONE,ALL,cassandra-3,True,True,7.736,2026-09-16T13:01:35.268906+00:00,
1c842de1-c4d8-4cca-a61c-04ffda0b39ab,monotonic_reads,network_partition,reader-1,read,mr-1c842de1-c4d8-4cca-a61c-04ffda0b39ab,,204,ONE,ALL,cassandra-1,True,False,2.19,2026-09-16T13:01:35.283532+00:00,
1c842de1-c4d8-4cca-a61c-04ffda0b39ab,monotonic_reads,network_partition,reader-1,read,mr-1c842de1-c4d8-4cca-a61c-04ffda0b39ab,,204,ONE,ALL,cassandra-2,True,False,3.635,2026-09-16T13:01:35.299825+00:00,
1c842de1-c4d8-4cca-a61c-04ffda0b39ab,monotonic_reads,network_partition,reader-1,read,mr-1c842de1-c4d8-4cca-a61c-04ffda0b39ab,,203,ONE,ALL,cassandra-3,True,True,3.927,2026-09-16T13:01:35.315304+00:00,
1c842de1-c4d8-4cca-a61c-04ffda0b39ab,monotonic_reads,network_partition,reader-1,read,mr-1c842de1-c4d8-4cca-a61c-04ffda0b39ab,,204,ONE,ALL,cassandra-1,True,False,3.993,2026-09-16T13:01:35.332030+00:00,
1c842de1-c4d8-4cca-a61c-04ffda0b39ab,monotonic_reads,network_partition,reader-1,read,mr-1c842de1-c4d8-4cca-a61c-04ffda0b39ab,,204,ONE,ALL,cassandra-2,True,False,4.06,2026-09-16T13:01:35.347989+00:00,
1c842de1-c4d8-4cca-a61c-04ffda0b39ab,monotonic_reads,network_partition,reader-1,read,mr-1c842de1-c4d8-4cca-a61c-04ffda0b39ab,,203,ONE,ALL,cassandra-3,True,True,4.134,2026-09-16T13:01:35.362922+00:00,
1c842de1-c4d8-4cca-a61c-04ffda0b39ab,monotonic_reads,network_partition,reader-1,read,mr-1c842de1-c4d8-4cca-a61c-04ffda0b39ab,,204,ONE,ALL,cassandra-1,True,False,4.005,2026-09-16T13:01:35.379681+00:00,
1c842de1-c4d8-4cca-a61c-04ffda0b39ab,monotonic_reads,network_partition,reader-1,read,mr-1c842de1-c4d8-4cca-a61c-04ffda0b39ab,,204,ONE,ALL,cassandra-2,True,False,4.003,2026-09-16T13:01:35.396409+00:00,
1c842de1-c4d8-4cca-a61c-04ffda0b39ab,monotonic_reads,network_partition,reader-1,read,mr-1c842de1-c4d8-4cca-a61c-04ffda0b39ab,,203,ONE,ALL,cassandra-3,True,True,3.873,2026-09-16T13:01:35.412760+00:00,
1c842de1-c4d8-4cca-a61c-04ffda0b39ab,monotonic_reads,network_partition,reader-1,read,mr-1c842de1-c4d8-4cca-a61c-04ffda0b39ab,,204,ONE,ALL,cassandra-1,True,False,4.368,2026-09-16T13:01:35.428234+00:00,
1c842de1-c4d8-4cca-a61c-04ffda0b39ab,monotonic_reads,network_partition,reader-1,read,mr-1c842de1-c4d8-4cca-a61c-04ffda0b39ab,,204,ONE,ALL,cassandra-2,True,False,2.795,2026-09-16T13:01:35.443635+00:00,
1c842de1-c4d8-4cca-a61c-04ffda0b39ab,monotonic_reads,network_partition,reader-1,read,mr-1c842de1-c4d8-4cca-a61c-04ffda0b39ab,,203,ONE,ALL,cassandra-3,True,True,3.065,2026-09-16T13:01:35.457796+00:00,
1c842de1-c4d8-4cca-a61c-04ffda0b39ab,monotonic_reads,network_partition,reader-1,read,mr-1c842de1-c4d8-4cca-a61c-04ffda0b39ab,,204,ONE,ALL,cassandra-1,True,False,3.02,2026-09-16T13:01:35.472782+00:00,
1c842de1-c4d8-4cca-a61c-04ffda0b39ab,monotonic_reads,network_partition,reader-1,read,mr-1c842de1-c4d8-4cca-a61c-04ffda0b39ab,,204,ONE,ALL,cassandra-2,True,False,3.831,2026-09-16T13:01:35.488198+00:00,
1c842de1-c4d8-4cca-a61c-04ffda0b39ab,monotonic_reads,network_partition,reader-1,read,mr-1c842de1-c4d8-4cca-a61c-04ffda0b39ab,,203,ONE,ALL,cassandra-3,True,True,3.458,2026-09-16T13:01:35.502822+00:00,
1c842de1-c4d8-4cca-a61c-04ffda0b39ab,monotonic_reads,network_partition,reader-1,read,mr-1c842de1-c4d8-4cca-a61c-04ffda0b39ab,,204,ONE,ALL,cassandra-1,True,False,6.698,2026-09-16T13:01:35.521848+00:00,
1c842de1-c4d8-4cca-a61c-04ffda0b39ab,monotonic_reads,network_partition,writer-1,write,mr-1c842de1-c4d8-4cca-a61c-04ffda0b39ab,204,,,ALL,cassandra-1,False,False,104.526,2026-09-16T13:01:35.535493+00:00,"NoHostAvailable: ('Unable to complete the operation against any hosts', {<Host: 127.0.0.1:10001 datacenter1>: Unavailable('Error from server: code=1000 [Unavailable exception] message=""Cannot achieve consistency level ALL"" info={\'consistency\': \'ALL\', \'required_replicas\': 3, \'alive_replicas\': 2}')})"
1c842de1-c4d8-4cca-a61c-04ffda0b39ab,monotonic_reads,network_partition,reader-1,read,mr-1c842de1-c4d8-4cca-a61c-04ffda0b39ab,,204,ONE,ALL,cassandra-2,True,False,3.559,2026-09-16T13:01:35.536290+00:00,
1c842de1-c4d8-4cca-a61c-04ffda0b39ab,monotonic_reads,network_partition,reader-1,read,mr-1c842de1-c4d8-4cca-a61c-04ffda0b39ab,,203,ONE,ALL,cassandra-3,True,True,3.398,2026-09-16T13:01:35.551761+00:00,
1c842de1-c4d8-4cca-a61c-04ffda0b39ab,monotonic_reads,network_partition,reader-1,read,mr-1c842de1-c4d8-4cca-a61c-04ffda0b39ab,,204,ONE,ALL,cassandra-1,True,False,2.347,2026-09-16T13:01:35.565416+00:00,
1c842de1-c4d8-4cca-a61c-04ffda0b39ab,monotonic_reads,network_partition,reader-1,read,mr-1c842de1-c4d8-4cca-a61c-04ffda0b39ab,,204,ONE,ALL,cassandra-2,True,False,14.104,2026-09-16T13:01:35.594140+00:00,
1c842de1-c4d8-4cca-a61c-04ffda0b39ab,monotonic_reads,network_partition,reader-1,read,mr-1c842de1-c4d8-4cca-a61c-04ffda0b39ab,,203,ONE,ALL,cassandra-3,True,True,2.027,2026-09-16T13:01:35.608826+00:00,
1c842de1-c4d8-4cca-a61c-04ffda0b39ab,monotonic_reads,network_partition,reader-1,read,mr-1c842de1-c4d8-4cca-a61c-04ffda0b39ab,,204,ONE,ALL,cassandra-1,True,False,2.912,2026-09-16T13:01:35.623748+00:00,
1c842de1-c4d8-4cca-a61c-04ffda0b39ab,monotonic_reads,network_partition,reader-1,read,mr-1c842de1-c4d8-4cca-a61c-04ffda0b39ab,,204,ONE,ALL,cassandra-2,True,False,3.756,2026-09-16T13:01:35.639132+00:00,
1c842de1-c4d8-4cca-a61c-04ffda0b39ab,monotonic_reads,network_partition,reader-1,read,mr-1c842de1-c4d8-4cca-a61c-04ffda0b39ab,,203,ONE,ALL,cassandra-3,True,True,4.256,2026-09-16T13:01:35.655651+00:00,
1c842de1-c4d8-4cca-a61c-04ffda0b39ab,monotonic_reads,network_partition,reader-1,read,mr-1c842de1-c4d8-4cca-a61c-04ffda0b39ab,,204,ONE,ALL,cassandra-1,True,False,3.629,2026-09-16T13:01:35.670261+00:00,
1c842de1-c4d8-4cca-a61c-04ffda0b39ab,monotonic_reads,network_partition,reader-1,read,mr-1c842de1-c4d8-4cca-a61c-04ffda0b39ab,,204,ONE,ALL,cassandra-2,True,False,2.907,2026-09-16T13:01:35.683909+00:00,
1c842de1-c4d8-4cca-a61c-04ffda0b39ab,monotonic_reads,network_partition,reader-1,read,mr-1c842de1-c4d8-4cca-a61c-04ffda0b39ab,,203,ONE,ALL,cassandra-3,True,True,3.611,2026-09-16T13:01:35.698236+00:00,
1c842de1-c4d8-4cca-a61c-04ffda0b39ab,monotonic_reads,network_partition,reader-1,read,mr-1c842de1-c4d8-4cca-a61c-04ffda0b39ab,,204,ONE,ALL,cassandra-1,True,False,4.036,2026-09-16T13:01:35.714436+00:00,
1c842de1-c4d8-4cca-a61c-04ffda0b39ab,monotonic_reads,network_partition,reader-1,read,mr-1c842de1-c4d8-4cca-a61c-04ffda0b39ab,,204,ONE,ALL,cassandra-2,True,False,5.104,2026-09-16T13:01:35.731436+00:00,
1c842de1-c4d8-4cca-a61c-04ffda0b39ab,monotonic_reads,network_partition,reader-1,read,mr-1c842de1-c4d8-4cca-a61c-04ffda0b39ab,,203,ONE,ALL,cassandra-3,True,True,4.017,2026-09-16T13:01:35.746219+00:00,
1c842de1-c4d8-4cca-a61c-04ffda0b39ab,monotonic_reads,network_partition,reader-1,read,mr-1c842de1-c4d8-4cca-a61c-04ffda0b39ab,,204,ONE,ALL,cassandra-1,True,False,4.063,2026-09-16T13:01:35.760926+00:00,
1c842de1-c4d8-4cca-a61c-04ffda0b39ab,monotonic_reads,network_partition,reader-1,read,mr-1c842de1-c4d8-4cca-a61c-04ffda0b39ab,,204,ONE,ALL,cassandra-2,True,False,2.982,2026-09-16T13:01:35.776583+00:00,
1c842de1-c4d8-4cca-a61c-04ffda0b39ab,monotonic_reads,network_partition,reader-1,read,mr-1c842de1-c4d8-4cca-a61c-04ffda0b39ab,,203,ONE,ALL,cassandra-3,True,True,3.475,2026-09-16T13:01:35.792539+00:00,
1c842de1-c4d8-4cca-a61c-04ffda0b39ab,monotonic_reads,network_partition,reader-1,read,mr-1c842de1-c4d8-4cca-a61c-04ffda0b39ab,,204,ONE,ALL,cassandra-1,True,False,4.433,2026-09-16T13:01:35.808728+00:00,
1c842de1-c4d8-4cca-a61c-04ffda0b39ab,monotonic_reads,network_partition,reader-1,read,mr-1c842de1-c4d8-4cca-a61c-04ffda0b39ab,,204,ONE,ALL,cassandra-2,True,False,3.126,2026-09-16T13:01:35.822949+00:00,
1c842de1-c4d8-4cca-a61c-04ffda0b39ab,monotonic_reads,network_partition,reader-1,read,mr-1c842de1-c4d8-4cca-a61c-04ffda0b39ab,,203,ONE,ALL,cassandra-3,True,True,2.697,2026-09-16T13:01:35.838354+00:00,
1c842de1-c4d8-4cca-a61c-04ffda0b39ab,monotonic_reads,network_partition,reader-1,read,mr-1c842de1-c4d8-4cca-a61c-04ffda0b39ab,,204,ONE,ALL,cassandra-1,True,False,4.131,2026-09-16T13:01:35.853937+00:00,
1c842de1-c4d8-4cca-a61c-04ffda0b39ab,monotonic_reads,network_partition,reader-1,read,mr-1c842de1-c4d8-4cca-a61c-04ffda0b39ab,,204,ONE,ALL,cassandra-2,True,False,3.994,2026-09-16T13:01:35.869819+00:00,
1c842de1-c4d8-4cca-a61c-04ffda0b39ab,monotonic_reads,network_partition,reader-1,read,mr-1c842de1-c4d8-4cca-a61c-04ffda0b39ab,,203,ONE,ALL,cassandra-3,True,True,3.294,2026-09-16T13:01:35.884651+00:00,
1c842de1-c4d8-4cca-a61c-04ffda0b39ab,monotonic_reads,network_partition,reader-1,read,mr-1c842de1-c4d8-4cca-a61c-04ffda0b39ab,,204,ONE,ALL,cassandra-1,True,False,4.655,2026-09-16T13:01:35.901874+00:00,
1c842de1-c4d8-4cca-a61c-04ffda0b39ab,monotonic_reads,network_partition,reader-1,read,mr-1c842de1-c4d8-4cca-a61c-04ffda0b39ab,,204,ONE,ALL,cassandra-2,True,False,4.983,2026-09-16T13:01:35.919506+00:00,
1c842de1-c4d8-4cca-a61c-04ffda0b39ab,monotonic_reads,network_partition,reader-1,read,mr-1c842de1-c4d8-4cca-a61c-04ffda0b39ab,,203,ONE,ALL,cassandra-3,True,True,3.62,2026-09-16T13:01:35.935848+00:00,
1c842de1-c4d8-4cca-a61c-04ffda0b39ab,monotonic_reads,network_partition,reader-1,read,mr-1c842de1-c4d8-4cca-a61c-04ffda0b39ab,,204,ONE,ALL,cassandra-1,True,False,4.022,2026-09-16T13:01:35.951899+00:00,
1c842de1-c4d8-4cca-a61c-04ffda0b39ab,monotonic_reads,network_partition,reader-1,read,mr-1c842de1-c4d8-4cca-a61c-04ffda0b39ab,,204,ONE,ALL,cassandra-2,True,False,4.113,2026-09-16T13:01:35.968376+00:00,
1c842de1-c4d8-4cca-a61c-04ffda0b39ab,monotonic_reads,network_partition,reader-1,read,mr-1c842de1-c4d8-4cca-a61c-04ffda0b39ab,,203,ONE,ALL,cassandra-3,True,True,3.722,2026-09-16T13:01:35.982380+00:00,
1c842de1-c4d8-4cca-a61c-04ffda0b39ab,monotonic_reads,network_partition,reader-1,read,mr-1c842de1-c4d8-4cca-a61c-04ffda0b39ab,,204,ONE,ALL,cassandra-1,True,False,4.143,2026-09-16T13:01:35.997772+00:00,
1c842de1-c4d8-4cca-a61c-04ffda0b39ab,monotonic_reads,network_partition,reader-1,read,mr-1c842de1-c4d8-4cca-a61c-04ffda0b39ab,,204,ONE,ALL,cassandra-2,True,False,4.012,2026-09-16T13:01:36.012409+00:00,
1c842de1-c4d8-4cca-a61c-04ffda0b39ab,monotonic_reads,network_partition,reader-1,read,mr-1c842de1-c4d8-4cca-a61c-04ffda0b39ab,,203,ONE,ALL,cassandra-3,True,True,4.053,2026-09-16T13:01:36.027433+00:00,
1c842de1-c4d8-4cca-a61c-04ffda0b39ab,monotonic_reads,network_partition,reader-1,read,mr-1c842de1-c4d8-4cca-a61c-04ffda0b39ab,,204,ONE,ALL,cassandra-1,True,False,3.918,2026-09-16T13:01:36.043941+00:00,
1c842de1-c4d8-4cca-a61c-04ffda0b39ab,monotonic_reads,network_partition,reader-1,read,mr-1c842de1-c4d8-4cca-a61c-04ffda0b39ab,,204,ONE,ALL,cassandra-2,True,False,4.767,2026-09-16T13:01:36.061105+00:00,
1c842de1-c4d8-4cca-a61c-04ffda0b39ab,monotonic_reads,network_partition,reader-1,read,mr-1c842de1-c4d8-4cca-a61c-04ffda0b39ab,,203,ONE,ALL,cassandra-3,True,True,4.014,2026-09-16T13:01:36.076412+00:00,
1c842de1-c4d8-4cca-a61c-04ffda0b39ab,monotonic_reads,network_partition,reader-1,read,mr-1c842de1-c4d8-4cca-a61c-04ffda0b39ab,,204,ONE,ALL,cassandra-1,True,False,4.012,2026-09-16T13:01:36.091265+00:00,
1c842de1-c4d8-4cca-a61c-04ffda0b39ab,monotonic_reads,network_partition,reader-1,read,mr-1c842de1-c4d8-4cca-a61c-04ffda0b39ab,,204,ONE,ALL,cassandra-2,True,False,4.261,2026-09-16T13:01:36.107648+00:00,
1c842de1-c4d8-4cca-a61c-04ffda0b39ab,monotonic_reads,network_partition,reader-1,read,mr-1c842de1-c4d8-4cca-a61c-04ffda0b39ab,,203,ONE,ALL,cassandra-3,True,True,3.825,2026-09-16T13:01:36.122194+00:00,
1c842de1-c4d8-4cca-a61c-04ffda0b39ab,monotonic_reads,network_partition,reader-1,read,mr-1c842de1-c4d8-4cca-a61c-04ffda0b39ab,,204,ONE,ALL,cassandra-1,True,False,3.632,2026-09-16T13:01:36.138397+00:00,
1c842de1-c4d8-4cca-a61c-04ffda0b39ab,monotonic_reads,network_partition,reader-1,read,mr-1c842de1-c4d8-4cca-a61c-04ffda0b39ab,,204,ONE,ALL,cassandra-2,True,False,3.906,2026-09-16T13:01:36.154343+00:00,
1c842de1-c4d8-4cca-a61c-04ffda0b39ab,monotonic_reads,network_partition,reader-1,read,mr-1c842de1-c4d8-4cca-a61c-04ffda0b39ab,,203,ONE,ALL,cassandra-3,True,True,3.716,2026-09-16T13:01:36.169095+00:00,
1c842de1-c4d8-4cca-a61c-04ffda0b39ab,monotonic_reads,network_partition,reader-1,read,mr-1c842de1-c4d8-4cca-a61c-04ffda0b39ab,,204,ONE,ALL,cassandra-1,True,False,3.268,2026-09-16T13:01:36.184764+00:00,
1c842de1-c4d8-4cca-a61c-04ffda0b39ab,monotonic_reads,network_partition,reader-1,read,mr-1c842de1-c4d8-4cca-a61c-04ffda0b39ab,,204,ONE,ALL,cassandra-2,True,False,3.153,2026-09-16T13:01:36.200557+00:00,
1c842de1-c4d8-4cca-a61c-04ffda0b39ab,monotonic_reads,network_partition,reader-1,read,mr-1c842de1-c4d8-4cca-a61c-04ffda0b39ab,,203,ONE,ALL,cassandra-3,True,True,3.355,2026-09-16T13:01:36.214713+00:00,
1c842de1-c4d8-4cca-a61c-04ffda0b39ab,monotonic_reads,network_partition,reader-1,read,mr-1c842de1-c4d8-4cca-a61c-04ffda0b39ab,,204,ONE,ALL,cassandra-1,True,False,3.589,2026-09-16T13:01:36.229438+00:00,
1c842de1-c4d8-4cca-a61c-04ffda0b39ab,monotonic_reads,network_partition,reader-1,read,mr-1c842de1-c4d8-4cca-a61c-04ffda0b39ab,,204,ONE,ALL,cassandra-2,True,False,3.795,2026-09-16T13:01:36.245790+00:00,
1c842de1-c4d8-4cca-a61c-04ffda0b39ab,monotonic_reads,network_partition,reader-1,read,mr-1c842de1-c4d8-4cca-a61c-04ffda0b39ab,,203,ONE,ALL,cassandra-3,True,True,3.419,2026-09-16T13:01:36.261710+00:00,
1c842de1-c4d8-4cca-a61c-04ffda0b39ab,monotonic_reads,network_partition,reader-1,read,mr-1c842de1-c4d8-4cca-a61c-04ffda0b39ab,,204,ONE,ALL,cassandra-1,True,False,3.173,2026-09-16T13:01:36.275537+00:00,
1c842de1-c4d8-4cca-a61c-04ffda0b39ab,monotonic_reads,network_partition,reader-1,read,mr-1c842de1-c4d8-4cca-a61c-04ffda0b39ab,,204,ONE,ALL,cassandra-2,True,False,3.542,2026-09-16T13:01:36.291157+00:00,
1c842de1-c4d8-4cca-a61c-04ffda0b39ab,monotonic_reads,network_partition,reader-1,read,mr-1c842de1-c4d8-4cca-a61c-04ffda0b39ab,,203,ONE,ALL,cassandra-3,True,True,2.5,2026-09-16T13:01:36.304856+00:00,
1c842de1-c4d8-4cca-a61c-04ffda0b39ab,monotonic_reads,network_partition,reader-1,read,mr-1c842de1-c4d8-4cca-a61c-04ffda0b39ab,,204,ONE,ALL,cassandra-1,True,False,3.307,2026-09-16T13:01:36.320032+00:00,
1c842de1-c4d8-4cca-a61c-04ffda0b39ab,monotonic_reads,network_partition,reader-1,read,mr-1c842de1-c4d8-4cca-a61c-04ffda0b39ab,,204,ONE,ALL,cassandra-2,True,False,2.85,2026-09-16T13:01:36.334560+00:00,
1c842de1-c4d8-4cca-a61c-04ffda0b39ab,monotonic_reads,network_partition,reader-1,read,mr-1c842de1-c4d8-4cca-a61c-04ffda0b39ab,,203,ONE,ALL,cassandra-3,True,True,4.268,2026-09-16T13:01:36.350638+00:00,
1c842de1-c4d8-4cca-a61c-04ffda0b39ab,monotonic_reads,network_partition,reader-1,read,mr-1c842de1-c4d8-4cca-a61c-04ffda0b39ab,,204,ONE,ALL,cassandra-1,True,False,3.457,2026-09-16T13:01:36.364557+00:00,
1c842de1-c4d8-4cca-a61c-04ffda0b39ab,monotonic_reads,network_partition,reader-1,read,mr-1c842de1-c4d8-4cca-a61c-04ffda0b39ab,,204,ONE,ALL,cassandra-2,True,False,3.799,2026-09-16T13:01:36.380166+00:00,
1c842de1-c4d8-4cca-a61c-04ffda0b39ab,monotonic_reads,network_partition,reader-1,read,mr-1c842de1-c4d8-4cca-a61c-04ffda0b39ab,,203,ONE,ALL,cassandra-3,True,True,3.5,2026-09-16T13:01:36.395150+00:00,
1c842de1-c4d8-4cca-a61c-04ffda0b39ab,monotonic_reads,network_partition,reader-1,read,mr-1c842de1-c4d8-4cca-a61c-04ffda0b39ab,,204,ONE,ALL,cassandra-1,True,False,3.883,2026-09-16T13:01:36.411818+00:00,
1c842de1-c4d8-4cca-a61c-04ffda0b39ab,monotonic_reads,network_partition,reader-1,read,mr-1c842de1-c4d8-4cca-a61c-04ffda0b39ab,,204,ONE,ALL,cassandra-2,True,False,3.446,2026-09-16T13:01:36.426341+00:00,
1c842de1-c4d8-4cca-a61c-04ffda0b39ab,monotonic_reads,network_partition,reader-1,read,mr-1c842de1-c4d8-4cca-a61c-04ffda0b39ab,,203,ONE,ALL,cassandra-3,True,True,3.145,2026-09-16T13:01:36.440506+00:00,
1c842de1-c4d8-4cca-a61c-04ffda0b39ab,monotonic_reads,network_partition,reader-1,read,mr-1c842de1-c4d8-4cca-a61c-04ffda0b39ab,,204,ONE,ALL,cassandra-1,True,False,3.523,2026-09-16T13:01:36.456708+00:00,
1c842de1-c4d8-4cca-a61c-04ffda0b39ab,monotonic_reads,network_partition,reader-1,read,mr-1c842de1-c4d8-4cca-a61c-04ffda0b39ab,,204,ONE,ALL,cassandra-2,True,False,6.538,2026-09-16T13:01:36.475972+00:00,
1c842de1-c4d8-4cca-a61c-04ffda0b39ab,monotonic_reads,network_partition,reader-1,read,mr-1c842de1-c4d8-4cca-a61c-04ffda0b39ab,,203,ONE,ALL,cassandra-3,True,True,3.344,2026-09-16T13:01:36.491983+00:00,
1c842de1-c4d8-4cca-a61c-04ffda0b39ab,monotonic_reads,network_partition,reader-1,read,mr-1c842de1-c4d8-4cca-a61c-04ffda0b39ab,,204,ONE,ALL,cassandra-1,True,False,2.783,2026-09-16T13:01:36.507133+00:00,
1c842de1-c4d8-4cca-a61c-04ffda0b39ab,monotonic_reads,network_partition,reader-1,read,mr-1c842de1-c4d8-4cca-a61c-04ffda0b39ab,,204,ONE,ALL,cassandra-2,True,False,4.234,2026-09-16T13:01:36.522608+00:00,
1c842de1-c4d8-4cca-a61c-04ffda0b39ab,monotonic_reads,network_partition,reader-1,read,mr-1c842de1-c4d8-4cca-a61c-04ffda0b39ab,,203,ONE,ALL,cassandra-3,True,True,4.327,2026-09-16T13:01:36.538716+00:00,
1c842de1-c4d8-4cca-a61c-04ffda0b39ab,monotonic_reads,network_partition,reader-1,read,mr-1c842de1-c4d8-4cca-a61c-04ffda0b39ab,,204,ONE,ALL,cassandra-1,True,False,3.311,2026-09-16T13:01:36.553691+00:00,
1c842de1-c4d8-4cca-a61c-04ffda0b39ab,monotonic_reads,network_partition,reader-1,read,mr-1c842de1-c4d8-4cca-a61c-04ffda0b39ab,,204,ONE,ALL,cassandra-2,True,False,3.836,2026-09-16T13:01:36.569850+00:00,
1c842de1-c4d8-4cca-a61c-04ffda0b39ab,monotonic_reads,network_partition,reader-1,read,mr-1c842de1-c4d8-4cca-a61c-04ffda0b39ab,,203,ONE,ALL,cassandra-3,True,True,3.023,2026-09-16T13:01:36.584203+00:00,
1c842de1-c4d8-4cca-a61c-04ffda0b39ab,monotonic_reads,network_partition,reader-1,read,mr-1c842de1-c4d8-4cca-a61c-04ffda0b39ab,,204,ONE,ALL,cassandra-1,True,False,3.282,2026-09-16T13:01:36.600159+00:00,
1c842de1-c4d8-4cca-a61c-04ffda0b39ab,monotonic_reads,network_partition,reader-1,read,mr-1c842de1-c4d8-4cca-a61c-04ffda0b39ab,,204,ONE,ALL,cassandra-2,True,False,3.184,2026-09-16T13:01:36.614545+00:00,
1c842de1-c4d8-4cca-a61c-04ffda0b39ab,monotonic_reads,network_partition,reader-1,read,mr-1c842de1-c4d8-4cca-a61c-04ffda0b39ab,,203,ONE,ALL,cassandra-3,True,True,3.303,2026-09-16T13:01:36.629665+00:00,
1c842de1-c4d8-4cca-a61c-04ffda0b39ab,monotonic_reads,network_partition,reader-1,read,mr-1c842de1-c4d8-4cca-a61c-04ffda0b39ab,,204,ONE,ALL,cassandra-1,True,False,4.11,2026-09-16T13:01:36.644973+00:00,
1c842de1-c4d8-4cca-a61c-04ffda0b39ab,monotonic_reads,network_partition,reader-1,read,mr-1c842de1-c4d8-4cca-a61c-04ffda0b39ab,,204,ONE,ALL,cassandra-2,True,False,3.332,2026-09-16T13:01:36.658778+00:00,
1c842de1-c4d8-4cca-a61c-04ffda0b39ab,monotonic_reads,network_partition,reader-1,read,mr-1c842de1-c4d8-4cca-a61c-04ffda0b39ab,,203,ONE,ALL,cassandra-3,True,True,3.038,2026-09-16T13:01:36.674330+00:00,
1c842de1-c4d8-4cca-a61c-04ffda0b39ab,monotonic_reads,network_partition,reader-1,read,mr-1c842de1-c4d8-4cca-a61c-04ffda0b39ab,,204,ONE,ALL,cassandra-1,True,False,3.802,2026-09-16T13:01:36.689258+00:00,
1c842de1-c4d8-4cca-a61c-04ffda0b39ab,monotonic_reads,network_partition,reader-1,read,mr-1c842de1-c4d8-4cca-a61c-04ffda0b39ab,,204,ONE,ALL,cassandra-2,True,False,3.581,2026-09-16T13:01:36.704450+00:00,
1c842de1-c4d8-4cca-a61c-04ffda0b39ab,monotonic_reads,network_partition,reader-1,read,mr-1c842de1-c4d8-4cca-a61c-04ffda0b39ab,,203,ONE,ALL,cassandra-3,True,True,2.986,2026-09-16T13:01:36.720122+00:00,
1c842de1-c4d8-4cca-a61c-04ffda0b39ab,monotonic_reads,network_partition,reader-1,read,mr-1c842de1-c4d8-4cca-a61c-04ffda0b39ab,,204,ONE,ALL,cassandra-1,True,False,3.862,2026-09-16T13:01:36.736084+00:00,
1c842de1-c4d8-4cca-a61c-04ffda0b39ab,monotonic_reads,network_partition,reader-1,read,mr-1c842de1-c4d8-4cca-a61c-04ffda0b39ab,,204,ONE,ALL,cassandra-2,True,False,3.359,2026-09-16T13:01:36.750971+00:00,
1c842de1-c4d8-4cca-a61c-04ffda0b39ab,monotonic_reads,network_partition,reader-1,read,mr-1c842de1-c4d8-4cca-a61c-04ffda0b39ab,,203,ONE,ALL,cassandra-3,True,True,3.735,2026-09-16T13:01:36.766055+00:00,
1c842de1-c4d8-4cca-a61c-04ffda0b39ab,monotonic_reads,network_partition,reader-1,read,mr-1c842de1-c4d8-4cca-a61c-04ffda0b39ab,,204,ONE,ALL,cassandra-1,True,False,3.451,2026-09-16T13:01:36.780254+00:00,
1c842de1-c4d8-4cca-a61c-04ffda0b39ab,monotonic_reads,network_partition,reader-1,read,mr-1c842de1-c4d8-4cca-a61c-04ffda0b39ab,,204,ONE,ALL,cassandra-2,True,False,3.754,2026-09-16T13:01:36.796126+00:00,
1c842de1-c4d8-4cca-a61c-04ffda0b39ab,monotonic_reads,network_partition,reader-1,read,mr-1c842de1-c4d8-4cca-a61c-04ffda0b39ab,,203,ONE,ALL,cassandra-3,True,True,4.031,2026-09-16T13:01:36.812784+00:00,
1c842de1-c4d8-4cca-a61c-04ffda0b39ab,monotonic_reads,network_partition,reader-1,read,mr-1c842de1-c4d8-4cca-a61c-04ffda0b39ab,,204,ONE,ALL,cassandra-1,True,False,4.173,2026-09-16T13:01:36.829695+00:00,
1c842de1-c4d8-4cca-a61c-04ffda0b39ab,monotonic_reads,network_partition,reader-1,read,mr-1c842de1-c4d8-4cca-a61c-04ffda0b39ab,,204,ONE,ALL,cassandra-2,True,False,3.279,2026-09-16T13:01:36.843295+00:00,
1c842de1-c4d8-4cca-a61c-04ffda0b39ab,monotonic_reads,network_partition,reader-1,read,mr-1c842de1-c4d8-4cca-a61c-04ffda0b39ab,,203,ONE,ALL,cassandra-3,True,True,2.719,2026-09-16T13:01:36.858595+00:00,
1c842de1-c4d8-4cca-a61c-04ffda0b39ab,monotonic_reads,network_partition,reader-1,read,mr-1c842de1-c4d8-4cca-a61c-04ffda0b39ab,,204,ONE,ALL,cassandra-1,True,False,3.743,2026-09-16T13:01:36.873499+00:00,
1c842de1-c4d8-4cca-a61c-04ffda0b39ab,monotonic_reads,network_partition,reader-1,read,mr-1c842de1-c4d8-4cca-a61c-04ffda0b39ab,,204,ONE,ALL,cassandra-2,True,False,2.914,2026-09-16T13:01:36.888908+00:00,
1c842de1-c4d8-4cca-a61c-04ffda0b39ab,monotonic_reads,network_partition,reader-1,read,mr-1c842de1-c4d8-4cca-a61c-04ffda0b39ab,,203,ONE,ALL,cassandra-3,True,True,3.856,2026-09-16T13:01:36.904407+00:00,
1c842de1-c4d8-4cca-a61c-04ffda0b39ab,monotonic_reads,network_partition,reader-1,read,mr-1c842de1-c4d8-4cca-a61c-04ffda0b39ab,,204,ONE,ALL,cassandra-1,True,False,3.712,2026-09-16T13:01:36.919473+00:00,
1c842de1-c4d8-4cca-a61c-04ffda0b39ab,monotonic_reads,network_partition,reader-1,read,mr-1c842de1-c4d8-4cca-a61c-04ffda0b39ab,,204,ONE,ALL,cassandra-2,True,False,3.863,2026-09-16T13:01:36.935035+00:00,
1c842de1-c4d8-4cca-a61c-04ffda0b39ab,monotonic_reads,network_partition,reader-1,read,mr-1c842de1-c4d8-4cca-a61c-04ffda0b39ab,,203,ONE,ALL,cassandra-3,True,True,3.785,2026-09-16T13:01:36.951209+00:00,
1c842de1-c4d8-4cca-a61c-04ffda0b39ab,monotonic_reads,network_partition,reader-1,read,mr-1c842de1-c4d8-4cca-a61c-04ffda0b39ab,,204,ONE,ALL,cassandra-1,True,False,4.044,2026-09-16T13:01:36.965916+00:00,
1c842de1-c4d8-4cca-a61c-04ffda0b39ab,monotonic_reads,network_partition,reader-1,read,mr-1c842de1-c4d8-4cca-a61c-04ffda0b39ab,,204,ONE,ALL,cassandra-2,True,False,4.339,2026-09-16T13:01:36.982785+00:00,
1c842de1-c4d8-4cca-a61c-04ffda0b39ab,monotonic_reads,network_partition,reader-1,read,mr-1c842de1-c4d8-4cca-a61c-04ffda0b39ab,,203,ONE,ALL,cassandra-3,True,True,3.768,2026-09-16T13:01:36.997588+00:00,
1c842de1-c4d8-4cca-a61c-04ffda0b39ab,monotonic_reads,network_partition,reader-1,read,mr-1c842de1-c4d8-4cca-a61c-04ffda0b39ab,,204,ONE,ALL,cassandra-1,True,False,4.792,2026-09-16T13:01:37.013564+00:00,
1c842de1-c4d8-4cca-a61c-04ffda0b39ab,monotonic_reads,network_partition,reader-1,read,mr-1c842de1-c4d8-4cca-a61c-04ffda0b39ab,,204,ONE,ALL,cassandra-2,True,False,3.616,2026-09-16T13:01:37.029631+00:00,
1c842de1-c4d8-4cca-a61c-04ffda0b39ab,monotonic_reads,network_partition,reader-1,read,mr-1c842de1-c4d8-4cca-a61c-04ffda0b39ab,,203,ONE,ALL,cassandra-3,True,True,3.891,2026-09-16T13:01:37.045766+00:00,
1c842de1-c4d8-4cca-a61c-04ffda0b39ab,monotonic_reads,network_partition,reader-1,read,mr-1c842de1-c4d8-4cca-a61c-04ffda0b39ab,,204,ONE,ALL,cassandra-1,True,False,5.007,2026-09-16T13:01:37.062876+00:00,
1c842de1-c4d8-4cca-a61c-04ffda0b39ab,monotonic_reads,network_partition,reader-1,read,mr-1c842de1-c4d8-4cca-a61c-04ffda0b39ab,,204,ONE,ALL,cassandra-2,True,False,4.07,2026-09-16T13:01:37.079390+00:00,
1c842de1-c4d8-4cca-a61c-04ffda0b39ab,monotonic_reads,network_partition,reader-1,read,mr-1c842de1-c4d8-4cca-a61c-04ffda0b39ab,,203,ONE,ALL,cassandra-3,True,True,3.896,2026-09-16T13:01:37.095211+00:00,
1c842de1-c4d8-4cca-a61c-04ffda0b39ab,monotonic_reads,network_partition,reader-1,read,mr-1c842de1-c4d8-4cca-a61c-04ffda0b39ab,,204,ONE,ALL,cassandra-1,True,False,3.153,2026-09-16T13:01:37.109149+00:00,
1c842de1-c4d8-4cca-a61c-04ffda0b39ab,monotonic_reads,network_partition,reader-1,read,mr-1c842de1-c4d8-4cca-a61c-04ffda0b39ab,,204,ONE,ALL,cassandra-2,True,False,3.575,2026-09-16T13:01:37.125462+00:00,
1c842de1-c4d8-4cca-a61c-04ffda0b39ab,monotonic_reads,network_partition,reader-1,read,mr-1c842de1-c4d8-4cca-a61c-04ffda0b39ab,,203,ONE,ALL,cassandra-3,True,True,3.723,2026-09-16T13:01:37.139628+00:00,
1c842de1-c4d8-4cca-a61c-04ffda0b39ab,monotonic_reads,network_partition,reader-1,read,mr-1c842de1-c4d8-4cca-a61c-04ffda0b39ab,,204,ONE,ALL,cassandra-1,True,False,3.734,2026-09-16T13:01:37.155138+00:00,
1c842de1-c4d8-4cca-a61c-04ffda0b39ab,monotonic_reads,network_partition,reader-1,read,mr-1c842de1-c4d8-4cca-a61c-04ffda0b39ab,,204,ONE,ALL,cassandra-2,True,False,3.874,2026-09-16T13:01:37.170263+00:00,
1c842de1-c4d8-4cca-a61c-04ffda0b39ab,monotonic_reads,network_partition,reader-1,read,mr-1c842de1-c4d8-4cca-a61c-04ffda0b39ab,,203,ONE,ALL,cassandra-3,True,True,5.334,2026-09-16T13:01:37.186782+00:00,
1c842de1-c4d8-4cca-a61c-04ffda0b39ab,monotonic_reads,network_partition,reader-1,read,mr-1c842de1-c4d8-4cca-a61c-04ffda0b39ab,,204,ONE,ALL,cassandra-1,True,False,3.641,2026-09-16T13:01:37.202419+00:00,
1c842de1-c4d8-4cca-a61c-04ffda0b39ab,monotonic_reads,network_partition,reader-1,read,mr-1c842de1-c4d8-4cca-a61c-04ffda0b39ab,,204,ONE,ALL,cassandra-2,True,False,3.173,2026-09-16T13:01:37.217624+00:00,
1c842de1-c4d8-4cca-a61c-04ffda0b39ab,monotonic_reads,network_partition,reader-1,read,mr-1c842de1-c4d8-4cca-a61c-04ffda0b39ab,,203,ONE,ALL,cassandra-3,True,True,3.689,2026-09-16T13:01:37.233373+00:00,
1c842de1-c4d8-4cca-a61c-04ffda0b39ab,monotonic_reads,network_partition,reader-1,read,mr-1c842de1-c4d8-4cca-a61c-04ffda0b39ab,,204,ONE,ALL,cassandra-1,True,False,3.819,2026-09-16T13:01:37.249818+00:00,
1c842de1-c4d8-4cca-a61c-04ffda0b39ab,monotonic_reads,network_partition,reader-1,read,mr-1c842de1-c4d8-4cca-a61c-04ffda0b39ab,,204,ONE,ALL,cassandra-2,True,False,4.995,2026-09-16T13:01:37.265423+00:00,
1c842de1-c4d8-4cca-a61c-04ffda0b39ab,monotonic_reads,network_partition,reader-1,read,mr-1c842de1-c4d8-4cca-a61c-04ffda0b39ab,,203,ONE,ALL,cassandra-3,True,True,2.568,2026-09-16T13:01:37.280630+00:00,
1c842de1-c4d8-4cca-a61c-04ffda0b39ab,monotonic_reads,network_partition,reader-1,read,mr-1c842de1-c4d8-4cca-a61c-04ffda0b39ab,,204,ONE,ALL,cassandra-1,True,False,2.021,2026-09-16T13:01:37.295248+00:00,
1c842de1-c4d8-4cca-a61c-04ffda0b39ab,monotonic_reads,network_partition,reader-1,read,mr-1c842de1-c4d8-4cca-a61c-04ffda0b39ab,,204,ONE,ALL,cassandra-2,True,False,2.014,2026-09-16T13:01:37.309321+00:00,
1c842de1-c4d8-4cca-a61c-04ffda0b39ab,monotonic_reads,network_partition,reader-1,read,mr-1c842de1-c4d8-4cca-a61c-04ffda0b39ab,,203,ONE,ALL,cassandra-3,True,True,1.314,2026-09-16T13:01:37.321667+00:00,
1c842de1-c4d8-4cca-a61c-04ffda0b39ab,monotonic_reads,network_partition,reader-1,read,mr-1c842de1-c4d8-4cca-a61c-04ffda0b39ab,,204,ONE,ALL,cassandra-1,True,False,1.605,2026-09-16T13:01:37.333921+00:00,
1c842de1-c4d8-4cca-a61c-04ffda0b39ab,monotonic_reads,network_partition,reader-1,read,mr-1c842de1-c4d8-4cca-a61c-04ffda0b39ab,,204,ONE,ALL,cassandra-2,True,False,1.83,2026-09-16T13:01:37.348404+00:00,
1c842de1-c4d8-4cca-a61c-04ffda0b39ab,monotonic_reads,network_partition,reader-1,read,mr-1c842de1-c4d8-4cca-a61c-04ffda0b39ab,,203,ONE,ALL,cassandra-3,True,True,1.617,2026-09-16T13:01:37.362659+00:00,
1c842de1-c4d8-4cca-a61c-04ffda0b39ab,monotonic_reads,network_partition,reader-1,read,mr-1c842de1-c4d8-4cca-a61c-04ffda0b39ab,,204,ONE,ALL,cassandra-1,True,False,2.075,2026-09-16T13:01:37.375409+00:00,
1c842de1-c4d8-4cca-a61c-04ffda0b39ab,monotonic_reads,network_partition,reader-1,read,mr-1c842de1-c4d8-4cca-a61c-04ffda0b39ab,,204,ONE,ALL,cassandra-2,True,False,1.321,2026-09-16T13:01:37.387736+00:00,
1c842de1-c4d8-4cca-a61c-04ffda0b39ab,monotonic_reads,network_partition,reader-1,read,mr-1c842de1-c4d8-4cca-a61c-04ffda0b39ab,,203,ONE,ALL,cassandra-3,True,True,2.835,2026-09-16T13:01:37.401375+00:00,
1c842de1-c4d8-4cca-a61c-04ffda0b39ab,monotonic_reads,network_partition,reader-1,read,mr-1c842de1-c4d8-4cca-a61c-04ffda0b39ab,,204,ONE,ALL,cassandra-1,True,False,2.137,2026-09-16T13:01:37.416234+00:00,
1c842de1-c4d8-4cca-a61c-04ffda0b39ab,monotonic_reads,network_partition,reader-1,read,mr-1c842de1-c4d8-4cca-a61c-04ffda0b39ab,,204,ONE,ALL,cassandra-2,True,False,3.128,2026-09-16T13:01:37.431179+00:00,
1c842de1-c4d8-4cca-a61c-04ffda0b39ab,monotonic_reads,network_partition,reader-1,read,mr-1c842de1-c4d8-4cca-a61c-04ffda0b39ab,,203,ONE,ALL,cassandra-3,True,True,2.575,2026-09-16T13:01:37.446494+00:00,
1c842de1-c4d8-4cca-a61c-04ffda0b39ab,monotonic_reads,network_partition,reader-1,read,mr-1c842de1-c4d8-4cca-a61c-04ffda0b39ab,,204,ONE,ALL,cassandra-1,True,False,2.484,2026-09-16T13:01:37.460861+00:00,
1c842de1-c4d8-4cca-a61c-04ffda0b39ab,monotonic_reads,network_partition,reader-1,read,mr-1c842de1-c4d8-4cca-a61c-04ffda0b39ab,,204,ONE,ALL,cassandra-2,True,False,2.41,2026-09-16T13:01:37.473781+00:00,
1c842de1-c4d8-4cca-a61c-04ffda0b39ab,monotonic_reads,network_partition,reader-1,read,mr-1c842de1-c4d8-4cca-a61c-04ffda0b39ab,,203,ONE,ALL,cassandra-3,True,True,2.312,2026-09-16T13:01:37.488299+00:00,
1c842de1-c4d8-4cca-a61c-04ffda0b39ab,monotonic_reads,network_partition,reader-1,read,mr-1c842de1-c4d8-4cca-a61c-04ffda0b39ab,,204,ONE,ALL,cassandra-1,True,False,2.556,2026-09-16T13:01:37.502781+00:00,
1c842de1-c4d8-4cca-a61c-04ffda0b39ab,monotonic_reads,network_partition,reader-1,read,mr-1c842de1-c4d8-4cca-a61c-04ffda0b39ab,,204,ONE,ALL,cassandra-2,True,False,3.353,2026-09-16T13:01:37.518733+00:00,
1c842de1-c4d8-4cca-a61c-04ffda0b39ab,monotonic_reads,network_partition,reader-1,read,mr-1c842de1-c4d8-4cca-a61c-04ffda0b39ab,,203,ONE,ALL,cassandra-3,True,True,2.906,2026-09-16T13:01:37.534082+00:00,
1c842de1-c4d8-4cca-a61c-04ffda0b39ab,monotonic_reads,network_partition,reader-1,read,mr-1c842de1-c4d8-4cca-a61c-04ffda0b39ab,,204,ONE,ALL,cassandra-1,True,False,3.073,2026-09-16T13:01:37.547453+00:00,
1c842de1-c4d8-4cca-a61c-04ffda0b39ab,monotonic_reads,network_partition,reader-1,read,mr-1c842de1-c4d8-4cca-a61c-04ffda0b39ab,,204,ONE,ALL,cassandra-2,True,False,4.07,2026-09-16T13:01:37.561941+00:00,
1c842de1-c4d8-4cca-a61c-04ffda0b39ab,monotonic_reads,network_partition,reader-1,read,mr-1c842de1-c4d8-4cca-a61c-04ffda0b39ab,,203,ONE,ALL,cassandra-3,True,True,3.564,2026-09-16T13:01:37.576535+00:00,
1c842de1-c4d8-4cca-a61c-04ffda0b39ab,monotonic_reads,network_partition,reader-1,read,mr-1c842de1-c4d8-4cca-a61c-04ffda0b39ab,,204,ONE,ALL,cassandra-1,True,False,3.519,2026-09-16T13:01:37.591800+00:00,
1c842de1-c4d8-4cca-a61c-04ffda0b39ab,monotonic_reads,network_partition,reader-1,read,mr-1c842de1-c4d8-4cca-a61c-04ffda0b39ab,,204,ONE,ALL,cassandra-2,True,False,4.222,2026-09-16T13:01:37.607921+00:00,
1c842de1-c4d8-4cca-a61c-04ffda0b39ab,monotonic_reads,network_partition,reader-1,read,mr-1c842de1-c4d8-4cca-a61c-04ffda0b39ab,,203,ONE,ALL,cassandra-3,True,True,3.576,2026-09-16T13:01:37.622965+00:00,
1c842de1-c4d8-4cca-a61c-04ffda0b39ab,monotonic_reads,network_partition,reader-1,read,mr-1c842de1-c4d8-4cca-a61c-04ffda0b39ab,,204,ONE,ALL,cassandra-1,True,False,3.556,2026-09-16T13:01:37.638303+00:00,
1c842de1-c4d8-4cca-a61c-04ffda0b39ab,monotonic_reads,network_partition,reader-1,read,mr-1c842de1-c4d8-4cca-a61c-04ffda0b39ab,,204,ONE,ALL,cassandra-2,True,False,5.826,2026-09-16T13:01:37.654598+00:00,
1c842de1-c4d8-4cca-a61c-04ffda0b39ab,monotonic_reads,network_partition,reader-1,read,mr-1c842de1-c4d8-4cca-a61c-04ffda0b39ab,,203,ONE,ALL,cassandra-3,True,True,2.98,2026-09-16T13:01:37.669342+00:00,
1c842de1-c4d8-4cca-a61c-04ffda0b39ab,monotonic_reads,network_partition,reader-1,read,mr-1c842de1-c4d8-4cca-a61c-04ffda0b39ab,,204,ONE,ALL,cassandra-1,True,False,5.747,2026-09-16T13:01:37.688335+00:00,
1c842de1-c4d8-4cca-a61c-04ffda0b39ab,monotonic_reads,network_partition,reader-1,read,mr-1c842de1-c4d8-4cca-a61c-04ffda0b39ab,,204,ONE,ALL,cassandra-2,True,False,1.884,2026-09-16T13:01:37.701503+00:00,
1c842de1-c4d8-4cca-a61c-04ffda0b39ab,monotonic_reads,network_partition,reader-1,read,mr-1c842de1-c4d8-4cca-a61c-04ffda0b39ab,,203,ONE,ALL,cassandra-3,True,True,2.577,2026-09-16T13:01:37.716725+00:00,
1c842de1-c4d8-4cca-a61c-04ffda0b39ab,monotonic_reads,network_partition,reader-1,read,mr-1c842de1-c4d8-4cca-a61c-04ffda0b39ab,,204,ONE,ALL,cassandra-1,True,False,3.443,2026-09-16T13:01:37.730690+00:00,
1c842de1-c4d8-4cca-a61c-04ffda0b39ab,monotonic_reads,network_partition,reader-1,read,mr-1c842de1-c4d8-4cca-a61c-04ffda0b39ab,,204,ONE,ALL,cassandra-2,True,False,2.562,2026-09-16T13:01:37.743809+00:00,
1c842de1-c4d8-4cca-a61c-04ffda0b39ab,monotonic_reads,network_partition,reader-1,read,mr-1c842de1-c4d8-4cca-a61c-04ffda0b39ab,,203,ONE,ALL,cassandra-3,True,True,4.136,2026-09-16T13:01:37.760477+00:00,
1c842de1-c4d8-4cca-a61c-04ffda0b39ab,monotonic_reads,network_partition,reader-1,read,mr-1c842de1-c4d8-4cca-a61c-04ffda0b39ab,,204,ONE,ALL,cassandra-1,True,False,3.704,2026-09-16T13:01:37.774497+00:00,
1c842de1-c4d8-4cca-a61c-04ffda0b39ab,monotonic_reads,network_partition,reader-1,read,mr-1c842de1-c4d8-4cca-a61c-04ffda0b39ab,,204,ONE,ALL,cassandra-2,True,False,3.096,2026-09-16T13:01:37.789702+00:00,
1c842de1-c4d8-4cca-a61c-04ffda0b39ab,monotonic_reads,network_partition,reader-1,read,mr-1c842de1-c4d8-4cca-a61c-04ffda0b39ab,,203,ONE,ALL,cassandra-3,True,True,4.338,2026-09-16T13:01:37.806752+00:00,
1c842de1-c4d8-4cca-a61c-04ffda0b39ab,monotonic_reads,network_partition,reader-1,read,mr-1c842de1-c4d8-4cca-a61c-04ffda0b39ab,,204,ONE,ALL,cassandra-1,True,False,4.301,2026-09-16T13:01:37.823802+00:00,
1c842de1-c4d8-4cca-a61c-04ffda0b39ab,monotonic_reads,network_partition,reader-1,read,mr-1c842de1-c4d8-4cca-a61c-04ffda0b39ab,,204,ONE,ALL,cassandra-2,True,False,3.242,2026-09-16T13:01:37.839620+00:00,
1c842de1-c4d8-4cca-a61c-04ffda0b39ab,monotonic_reads,network_partition,reader-1,read,mr-1c842de1-c4d8-4cca-a61c-04ffda0b39ab,,203,ONE,ALL,cassandra-3,True,True,3.742,2026-09-16T13:01:37.856056+00:00,
1c842de1-c4d8-4cca-a61c-04ffda0b39ab,monotonic_reads,network_partition,reader-1,read,mr-1c842de1-c4d8-4cca-a61c-04ffda0b39ab,,204,ONE,ALL,cassandra-1,True,False,3.011,2026-09-16T13:01:37.870807+00:00,
1c842de1-c4d8-4cca-a61c-04ffda0b39ab,monotonic_reads,network_partition,reader-1,read,mr-1c842de1-c4d8-4cca-a61c-04ffda0b39ab,,204,ONE,ALL,cassandra-2,True,False,3.127,2026-09-16T13:01:37.885864+00:00,
1c842de1-c4d8-4cca-a61c-04ffda0b39ab,monotonic_reads,network_partition,reader-1,read,mr-1c842de1-c4d8-4cca-a61c-04ffda0b39ab,,203,ONE,ALL,cassandra-3,True,True,5.918,2026-09-16T13:01:37.903391+00:00,
1c842de1-c4d8-4cca-a61c-04ffda0b39ab,monotonic_reads,network_partition,reader-1,read,mr-1c842de1-c4d8-4cca-a61c-04ffda0b39ab,,204,ONE,ALL,cassandra-1,True,False,3.473,2026-09-16T13:01:37.917850+00:00,
1c842de1-c4d8-4cca-a61c-04ffda0b39ab,monotonic_reads,network_partition,reader-1,read,mr-1c842de1-c4d8-4cca-a61c-04ffda0b39ab,,204,ONE,ALL,cassandra-2,True,False,4.807,2026-09-16T13:01:37.933042+00:00,
1c842de1-c4d8-4cca-a61c-04ffda0b39ab,monotonic_reads,network_partition,reader-1,read,mr-1c842de1-c4d8-4cca-a61c-04ffda0b39ab,,203,ONE,ALL,cassandra-3,True,True,3.084,2026-09-16T13:01:37.946684+00:00,
1c842de1-c4d8-4cca-a61c-04ffda0b39ab,monotonic_reads,network_partition,reader-1,read,mr-1c842de1-c4d8-4cca-a61c-04ffda0b39ab,,204,ONE,ALL,cassandra-1,True,False,3.828,2026-09-16T13:01:37.963199+00:00,
1c842de1-c4d8-4cca-a61c-04ffda0b39ab,monotonic_reads,network_partition,reader-1,read,mr-1c842de1-c4d8-4cca-a61c-04ffda0b39ab,,204,ONE,ALL,cassandra-2,True,False,3.773,2026-09-16T13:01:37.979154+00:00,
1c842de1-c4d8-4cca-a61c-04ffda0b39ab,monotonic_reads,network_partition,reader-1,read,mr-1c842de1-c4d8-4cca-a61c-04ffda0b39ab,,203,ONE,ALL,cassandra-3,True,True,3.569,2026-09-16T13:01:37.995451+00:00,
1c842de1-c4d8-4cca-a61c-04ffda0b39ab,monotonic_reads,network_partition,reader-1,read,mr-1c842de1-c4d8-4cca-a61c-04ffda0b39ab,,204,ONE,ALL,cassandra-1,True,False,3.99,2026-09-16T13:01:38.012541+00:00,
1c842de1-c4d8-4cca-a61c-04ffda0b39ab,monotonic_reads,network_partition,reader-1,read,mr-1c842de1-c4d8-4cca-a61c-04ffda0b39ab,,204,ONE,ALL,cassandra-2,True,False,3.484,2026-09-16T13:01:38.026871+00:00,
1c842de1-c4d8-4cca-a61c-04ffda0b39ab,monotonic_reads,network_partition,reader-1,read,mr-1c842de1-c4d8-4cca-a61c-04ffda0b39ab,,203,ONE,ALL,cassandra-3,True,True,2.984,2026-09-16T13:01:38.040345+00:00,
1c842de1-c4d8-4cca-a61c-04ffda0b39ab,monotonic_reads,network_partition,reader-1,read,mr-1c842de1-c4d8-4cca-a61c-04ffda0b39ab,,204,ONE,ALL,cassandra-1,True,False,3.263,2026-09-16T13:01:38.054626+00:00,
1c842de1-c4d8-4cca-a61c-04ffda0b39ab,monotonic_reads,network_partition,reader-1,read,mr-1c842de1-c4d8-4cca-a61c-04ffda0b39ab,,204,ONE,ALL,cassandra-2,True,False,3.831,2026-09-16T13:01:38.070574+00:00,
1c842de1-c4d8-4cca-a61c-04ffda0b39ab,monotonic_reads,network_partition,reader-1,read,mr-1c842de1-c4d8-4cca-a61c-04ffda0b39ab,,203,ONE,ALL,cassandra-3,True,True,2.895,2026-09-16T13:01:38.084266+00:00,
1c842de1-c4d8-4cca-a61c-04ffda0b39ab,monotonic_reads,network_partition,reader-1,read,mr-1c842de1-c4d8-4cca-a61c-04ffda0b39ab,,204,ONE,ALL,cassandra-1,True,False,3.896,2026-09-16T13:01:38.100930+00:00,
1c842de1-c4d8-4cca-a61c-04ffda0b39ab,monotonic_reads,network_partition,reader-1,read,mr-1c842de1-c4d8-4cca-a61c-04ffda0b39ab,,204,ONE,ALL,cassandra-2,True,False,3.731,2026-09-16T13:01:38.115963+00:00,
1c842de1-c4d8-4cca-a61c-04ffda0b39ab,monotonic_reads,network_partition,reader-1,read,mr-1c842de1-c4d8-4cca-a61c-04ffda0b39ab,,203,ONE,ALL,cassandra-3,True,True,3.741,2026-09-16T13:01:38.130118+00:00,
1c842de1-c4d8-4cca-a61c-04ffda0b39ab,monotonic_reads,network_partition,reader-1,read,mr-1c842de1-c4d8-4cca-a61c-04ffda0b39ab,,204,ONE,ALL,cassandra-1,True,False,4.838,2026-09-16T13:01:38.145265+00:00,
1c842de1-c4d8-4cca-a61c-04ffda0b39ab,monotonic_reads,network_partition,reader-1,read,mr-1c842de1-c4d8-4cca-a61c-04ffda0b39ab,,204,ONE,ALL,cassandra-2,True,False,3.796,2026-09-16T13:01:38.162063+00:00,
1c842de1-c4d8-4cca-a61c-04ffda0b39ab,monotonic_reads,network_partition,reader-1,read,mr-1c842de1-c4d8-4cca-a61c-04ffda0b39ab,,203,ONE,ALL,cassandra-3,True,True,4.286,2026-09-16T13:01:38.179083+00:00,
1c842de1-c4d8-4cca-a61c-04ffda0b39ab,monotonic_reads,network_partition,reader-1,read,mr-1c842de1-c4d8-4cca-a61c-04ffda0b39ab,,204,ONE,ALL,cassandra-1,True,False,2.826,2026-09-16T13:01:38.192619+00:00,
1c842de1-c4d8-4cca-a61c-04ffda0b39ab,monotonic_reads,network_partition,reader-1,read,mr-1c842de1-c4d8-4cca-a61c-04ffda0b39ab,,204,ONE,ALL,cassandra-2,True,False,2.902,2026-09-16T13:01:38.206272+00:00,
1c842de1-c4d8-4cca-a61c-04ffda0b39ab,monotonic_reads,network_partition,reader-1,read,mr-1c842de1-c4d8-4cca-a61c-04ffda0b39ab,,203,ONE,ALL,cassandra-3,True,True,2.949,2026-09-16T13:01:38.221865+00:00,
1c842de1-c4d8-4cca-a61c-04ffda0b39ab,monotonic_reads,network_partition,reader-1,read,mr-1c842de1-c4d8-4cca-a61c-04ffda0b39ab,,204,ONE,ALL,cassandra-1,True,False,2.105,2026-09-16T13:01:38.235466+00:00,
1c842de1-c4d8-4cca-a61c-04ffda0b39ab,monotonic_reads,network_partition,reader-1,read,mr-1c842de1-c4d8-4cca-a61c-04ffda0b39ab,,204,ONE,ALL,cassandra-2,True,False,3.93,2026-09-16T13:01:38.252030+00:00,
1c842de1-c4d8-4cca-a61c-04ffda0b39ab,monotonic_reads,network_partition,reader-1,read,mr-1c842de1-c4d8-4cca-a61c-04ffda0b39ab,,203,ONE,ALL,cassandra-3,True,True,2.973,2026-09-16T13:01:38.267586+00:00,
1c842de1-c4d8-4cca-a61c-04ffda0b39ab,monotonic_reads,network_partition,reader-1,read,mr-1c842de1-c4d8-4cca-a61c-04ffda0b39ab,,204,ONE,ALL,cassandra-1,True,False,2.092,2026-09-16T13:01:38.282285+00:00,
1c842de1-c4d8-4cca-a61c-04ffda0b39ab,monotonic_reads,network_partition,reader-1,read,mr-1c842de1-c4d8-4cca-a61c-04ffda0b39ab,,204,ONE,ALL,cassandra-2,True,False,2.012,2026-09-16T13:01:38.296872+00:00,
1c842de1-c4d8-4cca-a61c-04ffda0b39ab,monotonic_reads,network_partition,reader-1,read,mr-1c842de1-c4d8-4cca-a61c-04ffda0b39ab,,203,ONE,ALL,cassandra-3,True,True,1.759,2026-09-16T13:01:38.311360+00:00,
1c842de1-c4d8-4cca-a61c-04ffda0b39ab,monotonic_reads,network_partition,reader-1,read,mr-1c842de1-c4d8-4cca-a61c-04ffda0b39ab,,204,ONE,ALL,cassandra-1,True,False,1.638,2026-09-16T13:01:38.325559+00:00,
1c842de1-c4d8-4cca-a61c-04ffda0b39ab,monotonic_reads,network_partition,reader-1,read,mr-1c842de1-c4d8-4cca-a61c-04ffda0b39ab,,204,ONE,ALL,cassandra-2,True,False,1.742,2026-09-16T13:01:38.339854+00:00,
1c842de1-c4d8-4cca-a61c-04ffda0b39ab,monotonic_reads,network_partition,reader-1,read,mr-1c842de1-c4d8-4cca-a61c-04ffda0b39ab,,203,ONE,ALL,cassandra-3,True,True,2.086,2026-09-16T13:01:38.354487+00:00,
1c842de1-c4d8-4cca-a61c-04ffda0b39ab,monotonic_reads,network_partition,reader-1,read,mr-1c842de1-c4d8-4cca-a61c-04ffda0b39ab,,204,ONE,ALL,cassandra-1,True,False,2.15,2026-09-16T13:01:38.369189+00:00,
1c842de1-c4d8-4cca-a61c-04ffda0b39ab,monotonic_reads,network_partition,reader-1,read,mr-1c842de1-c4d8-4cca-a61c-04ffda0b39ab,,204,ONE,ALL,cassandra-2,True,False,2.523,2026-09-16T13:01:38.384284+00:00,
1c842de1-c4d8-4cca-a61c-04ffda0b39ab,monotonic_reads,network_partition,reader-1,read,mr-1c842de1-c4d8-4cca-a61c-04ffda0b39ab,,203,ONE,ALL,cassandra-3,True,True,3.543,2026-09-16T13:01:38.398182+00:00,
1c842de1-c4d8-4cca-a61c-04ffda0b39ab,monotonic_reads,network_partition,reader-1,read,mr-1c842de1-c4d8-4cca-a61c-04ffda0b39ab,,204,ONE,ALL,cassandra-1,True,False,3.151,2026-09-16T13:01:38.413933+00:00,
1c842de1-c4d8-4cca-a61c-04ffda0b39ab,monotonic_reads,network_partition,reader-1,read,mr-1c842de1-c4d8-4cca-a61c-04ffda0b39ab,,204,ONE,ALL,cassandra-2,True,False,4.449,2026-09-16T13:01:38.430875+00:00,
1c842de1-c4d8-4cca-a61c-04ffda0b39ab,monotonic_reads,network_partition,reader-1,read,mr-1c842de1-c4d8-4cca-a61c-04ffda0b39ab,,203,ONE,ALL,cassandra-3,True,True,4.675,2026-09-16T13:01:38.446975+00:00,
1c842de1-c4d8-4cca-a61c-04ffda0b39ab,monotonic_reads,network_partition,reader-1,read,mr-1c842de1-c4d8-4cca-a61c-04ffda0b39ab,,204,ONE,ALL,cassandra-1,True,False,3.281,2026-09-16T13:01:38.461551+00:00,
1c842de1-c4d8-4cca-a61c-04ffda0b39ab,monotonic_reads,network_partition,reader-1,read,mr-1c842de1-c4d8-4cca-a61c-04ffda0b39ab,,204,ONE,ALL,cassandra-2,True,False,4.02,2026-09-16T13:01:38.477837+00:00,
1c842de1-c4d8-4cca-a61c-04ffda0b39ab,monotonic_reads,network_partition,reader-1,read,mr-1c842de1-c4d8-4cca-a61c-04ffda0b39ab,,203,ONE,ALL,cassandra-3,True,True,3.281,2026-09-16T13:01:38.493287+00:00,
1c842de1-c4d8-4cca-a61c-04ffda0b39ab,monotonic_reads,network_partition,reader-1,read,mr-1c842de1-c4d8-4cca-a61c-04ffda0b39ab,,204,ONE,ALL,cassandra-1,True,False,3.52,2026-09-16T13:01:38.507881+00:00,
1c842de1-c4d8-4cca-a61c-04ffda0b39ab,monotonic_reads,network_partition,reader-1,read,mr-1c842de1-c4d8-4cca-a61c-04ffda0b39ab,,204,ONE,ALL,cassandra-2,True,False,3.999,2026-09-16T13:01:38.524375+00:00,
1c842de1-c4d8-4cca-a61c-04ffda0b39ab,monotonic_reads,network_partition,reader-1,read,mr-1c842de1-c4d8-4cca-a61c-04ffda0b39ab,,203,ONE,ALL,cassandra-3,True,True,3.606,2026-09-16T13:01:38.538970+00:00,
1c842de1-c4d8-4cca-a61c-04ffda0b39ab,monotonic_reads,network_partition,reader-1,read,mr-1c842de1-c4d8-4cca-a61c-04ffda0b39ab,,204,ONE,ALL,cassandra-1,True,False,3.46,2026-09-16T13:01:38.554838+00:00,
1c842de1-c4d8-4cca-a61c-04ffda0b39ab,monotonic_reads,network_partition,reader-1,read,mr-1c842de1-c4d8-4cca-a61c-04ffda0b39ab,,204,ONE,ALL,cassandra-2,True,False,4.041,2026-09-16T13:01:38.570261+00:00,
1c842de1-c4d8-4cca-a61c-04ffda0b39ab,monotonic_reads,network_partition,reader-1,read,mr-1c842de1-c4d8-4cca-a61c-04ffda0b39ab,,203,ONE,ALL,cassandra-3,True,True,4.234,2026-09-16T13:01:38.586603+00:00,
1c842de1-c4d8-4cca-a61c-04ffda0b39ab,monotonic_reads,network_partition,reader-1,read,mr-1c842de1-c4d8-4cca-a61c-04ffda0b39ab,,204,ONE,ALL,cassandra-1,True,False,4.065,2026-09-16T13:01:38.600960+00:00,
1c842de1-c4d8-4cca-a61c-04ffda0b39ab,monotonic_reads,network_partition,reader-1,read,mr-1c842de1-c4d8-4cca-a61c-04ffda0b39ab,,204,ONE,ALL,cassandra-2,True,False,3.233,2026-09-16T13:01:38.614602+00:00,
1c842de1-c4d8-4cca-a61c-04ffda0b39ab,monotonic_reads,network_partition,reader-1,read,mr-1c842de1-c4d8-4cca-a61c-04ffda0b39ab,,203,ONE,ALL,cassandra-3,True,True,5.223,2026-09-16T13:01:38.630632+00:00,
1c842de1-c4d8-4cca-a61c-04ffda0b39ab,monotonic_reads,network_partition,reader-1,read,mr-1c842de1-c4d8-4cca-a61c-04ffda0b39ab,,204,ONE,ALL,cassandra-1,True,False,3.199,2026-09-16T13:01:38.645057+00:00,
1c842de1-c4d8-4cca-a61c-04ffda0b39ab,monotonic_reads,network_partition,reader-1,read,mr-1c842de1-c4d8-4cca-a61c-04ffda0b39ab,,204,ONE,ALL,cassandra-2,True,False,3.098,2026-09-16T13:01:38.659520+00:00,
1c842de1-c4d8-4cca-a61c-04ffda0b39ab,monotonic_reads,network_partition,reader-1,read,mr-1c842de1-c4d8-4cca-a61c-04ffda0b39ab,,203,ONE,ALL,cassandra-3,True,True,3.762,2026-09-16T13:01:38.675131+00:00,
1c842de1-c4d8-4cca-a61c-04ffda0b39ab,monotonic_reads,network_partition,reader-1,read,mr-1c842de1-c4d8-4cca-a61c-04ffda0b39ab,,204,ONE,ALL,cassandra-1,True,False,3.881,2026-09-16T13:01:38.689870+00:00,
1c842de1-c4d8-4cca-a61c-04ffda0b39ab,monotonic_reads,network_partition,reader-1,read,mr-1c842de1-c4d8-4cca-a61c-04ffda0b39ab,,204,ONE,ALL,cassandra-2,True,False,3.163,2026-09-16T13:01:38.704645+00:00,
1c842de1-c4d8-4cca-a61c-04ffda0b39ab,monotonic_reads,network_partition,reader-1,read,mr-1c842de1-c4d8-4cca-a61c-04ffda0b39ab,,203,ONE,ALL,cassandra-3,True,True,3.272,2026-09-16T13:01:38.719679+00:00,
1c842de1-c4d8-4cca-a61c-04ffda0b39ab,monotonic_reads,network_partition,reader-1,read,mr-1c842de1-c4d8-4cca-a61c-04ffda0b39ab,,204,ONE,ALL,cassandra-1,True,False,3.913,2026-09-16T13:01:38.736271+00:00,
1c842de1-c4d8-4cca-a61c-04ffda0b39ab,monotonic_reads,network_partition,reader-1,read,mr-1c842de1-c4d8-4cca-a61c-04ffda0b39ab,,204,ONE,ALL,cassandra-2,True,False,1.632,2026-09-16T13:01:38.750566+00:00,
1c842de1-c4d8-4cca-a61c-04ffda0b39ab,monotonic_reads,network_partition,reader-1,read,mr-1c842de1-c4d8-4cca-a61c-04ffda0b39ab,,203,ONE,ALL,cassandra-3,True,True,1.848,2026-09-16T13:01:38.764085+00:00,
1c842de1-c4d8-4cca-a61c-04ffda0b39ab,monotonic_reads,network_partition,reader-1,read,mr-1c842de1-c4d8-4cca-a61c-04ffda0b39ab,,204,ONE,ALL,cassandra-1,True,False,1.714,2026-09-16T13:01:38.778430+00:00,
1c842de1-c4d8-4cca-a61c-04ffda0b39ab,monotonic_reads,network_partition,reader-1,read,mr-1c842de1-c4d8-4cca-a61c-04ffda0b39ab,,204,ONE,ALL,cassandra-2,True,False,1.83,2026-09-16T13:01:38.791729+00:00,
1c842de1-c4d8-4cca-a61c-04ffda0b39ab,monotonic_reads,network_partition,reader-1,read,mr-1c842de1-c4d8-4cca-a61c-04ffda0b39ab,,203,ONE,ALL,cassandra-3,True,True,1.73,2026-09-16T13:01:38.806177+00:00,
1c842de1-c4d8-4cca-a61c-04ffda0b39ab,monotonic_reads,network_partition,reader-1,read,mr-1c842de1-c4d8-4cca-a61c-04ffda0b39ab,,204,ONE,ALL,cassandra-1,True,False,1.589,2026-09-16T13:01:38.820467+00:00,
1c842de1-c4d8-4cca-a61c-04ffda0b39ab,monotonic_reads,network_partition,reader-1,read,mr-1c842de1-c4d8-4cca-a61c-04ffda0b39ab,,204,ONE,ALL,cassandra-2,True,False,1.828,2026-09-16T13:01:38.834612+00:00,
1c842de1-c4d8-4cca-a61c-04ffda0b39ab,monotonic_reads,network_partition,reader-1,read,mr-1c842de1-c4d8-4cca-a61c-04ffda0b39ab,,203,ONE,ALL,cassandra-3,True,True,1.628,2026-09-16T13:01:38.848968+00:00,
1c842de1-c4d8-4cca-a61c-04ffda0b39ab,monotonic_reads,network_partition,reader-1,read,mr-1c842de1-c4d8-4cca-a61c-04ffda0b39ab,,204,ONE,ALL,cassandra-1,True,False,2.025,2026-09-16T13:01:38.863705+00:00,
1c842de1-c4d8-4cca-a61c-04ffda0b39ab,monotonic_reads,network_partition,reader-1,read,mr-1c842de1-c4d8-4cca-a61c-04ffda0b39ab,,204,ONE,ALL,cassandra-2,True,False,1.705,2026-09-16T13:01:38.876686+00:00,
1c842de1-c4d8-4cca-a61c-04ffda0b39ab,monotonic_reads,network_partition,reader-1,read,mr-1c842de1-c4d8-4cca-a61c-04ffda0b39ab,,203,ONE,ALL,cassandra-3,True,True,1.632,2026-09-16T13:01:38.890273+00:00,
1c842de1-c4d8-4cca-a61c-04ffda0b39ab,monotonic_reads,network_partition,reader-1,read,mr-1c842de1-c4d8-4cca-a61c-04ffda0b39ab,,204,ONE,ALL,cassandra-1,True,False,4.358,2026-09-16T13:01:38.907281+00:00,
1c842de1-c4d8-4cca-a61c-04ffda0b39ab,monotonic_reads,network_partition,reader-1,read,mr-1c842de1-c4d8-4cca-a61c-04ffda0b39ab,,204,ONE,ALL,cassandra-2,True,False,1.656,2026-09-16T13:01:38.920563+00:00,
1c842de1-c4d8-4cca-a61c-04ffda0b39ab,monotonic_reads,network_partition,reader-1,read,mr-1c842de1-c4d8-4cca-a61c-04ffda0b39ab,,203,ONE,ALL,cassandra-3,True,True,3.207,2026-09-16T13:01:38.936427+00:00,
1c842de1-c4d8-4cca-a61c-04ffda0b39ab,monotonic_reads,network_partition,reader-1,read,mr-1c842de1-c4d8-4cca-a61c-04ffda0b39ab,,204,ONE,ALL,cassandra-1,True,False,3.681,2026-09-16T13:01:38.952794+00:00,
1c842de1-c4d8-4cca-a61c-04ffda0b39ab,monotonic_reads,network_partition,reader-1,read,mr-1c842de1-c4d8-4cca-a61c-04ffda0b39ab,,204,ONE,ALL,cassandra-2,True,False,3.324,2026-09-16T13:01:38.968534+00:00,
1c842de1-c4d8-4cca-a61c-04ffda0b39ab,monotonic_reads,network_partition,reader-1,read,mr-1c842de1-c4d8-4cca-a61c-04ffda0b39ab,,203,ONE,ALL,cassandra-3,True,True,3.074,2026-09-16T13:01:38.982449+00:00,
1c842de1-c4d8-4cca-a61c-04ffda0b39ab,monotonic_reads,network_partition,reader-1,read,mr-1c842de1-c4d8-4cca-a61c-04ffda0b39ab,,204,ONE,ALL,cassandra-1,True,False,3.518,2026-09-16T13:01:38.998655+00:00,
1c842de1-c4d8-4cca-a61c-04ffda0b39ab,monotonic_reads,network_partition,reader-1,read,mr-1c842de1-c4d8-4cca-a61c-04ffda0b39ab,,204,ONE,ALL,cassandra-2,True,False,4.336,2026-09-16T13:01:39.013773+00:00,
1c842de1-c4d8-4cca-a61c-04ffda0b39ab,monotonic_reads,network_partition,reader-1,read,mr-1c842de1-c4d8-4cca-a61c-04ffda0b39ab,,203,ONE,ALL,cassandra-3,True,True,4.293,2026-09-16T13:01:39.030803+00:00,
1c842de1-c4d8-4cca-a61c-04ffda0b39ab,monotonic_reads,network_partition,reader-1,read,mr-1c842de1-c4d8-4cca-a61c-04ffda0b39ab,,204,ONE,ALL,cassandra-1,True,False,4.854,2026-09-16T13:01:39.047728+00:00,
1c842de1-c4d8-4cca-a61c-04ffda0b39ab,monotonic_reads,network_partition,reader-1,read,mr-1c842de1-c4d8-4cca-a61c-04ffda0b39ab,,204,ONE,ALL,cassandra-2,True,False,4.038,2026-09-16T13:01:39.063425+00:00,
1c842de1-c4d8-4cca-a61c-04ffda0b39ab,monotonic_reads,network_partition,reader-1,read,mr-1c842de1-c4d8-4cca-a61c-04ffda0b39ab,,203,ONE,ALL,cassandra-3,True,True,4.062,2026-09-16T13:01:39.079457+00:00,
1c842de1-c4d8-4cca-a61c-04ffda0b39ab,monotonic_reads,network_partition,reader-1,read,mr-1c842de1-c4d8-4cca-a61c-04ffda0b39ab,,204,ONE,ALL,cassandra-1,True,False,4.118,2026-09-16T13:01:39.096013+00:00,
1c842de1-c4d8-4cca-a61c-04ffda0b39ab,monotonic_reads,network_partition,reader-1,read,mr-1c842de1-c4d8-4cca-a61c-04ffda0b39ab,,204,ONE,ALL,cassandra-2,True,False,4.311,2026-09-16T13:01:39.113101+00:00,
1c842de1-c4d8-4cca-a61c-04ffda0b39ab,monotonic_reads,network_partition,reader-1,read,mr-1c842de1-c4d8-4cca-a61c-04ffda0b39ab,,203,ONE,ALL,cassandra-3,True,True,2.871,2026-09-16T13:01:39.127479+00:00,
1c842de1-c4d8-4cca-a61c-04ffda0b39ab,monotonic_reads,network_partition,reader-1,read,mr-1c842de1-c4d8-4cca-a61c-04ffda0b39ab,,204,ONE,ALL,cassandra-1,True,False,4.075,2026-09-16T13:01:39.144079+00:00,
1c842de1-c4d8-4cca-a61c-04ffda0b39ab,monotonic_reads,network_partition,reader-1,read,mr-1c842de1-c4d8-4cca-a61c-04ffda0b39ab,,204,ONE,ALL,cassandra-2,True,False,3.51,2026-09-16T13:01:39.159237+00:00,
1c842de1-c4d8-4cca-a61c-04ffda0b39ab,monotonic_reads,network_partition,reader-1,read,mr-1c842de1-c4d8-4cca-a61c-04ffda0b39ab,,203,ONE,ALL,cassandra-3,True,True,3.656,2026-09-16T13:01:39.175192+00:00,
1c842de1-c4d8-4cca-a61c-04ffda0b39ab,monotonic_reads,network_partition,reader-1,read,mr-1c842de1-c4d8-4cca-a61c-04ffda0b39ab,,204,ONE,ALL,cassandra-1,True,False,3.755,2026-09-16T13:01:39.191143+00:00,
1c842de1-c4d8-4cca-a61c-04ffda0b39ab,monotonic_reads,network_partition,reader-1,read,mr-1c842de1-c4d8-4cca-a61c-04ffda0b39ab,,204,ONE,ALL,cassandra-2,True,False,2.909,2026-09-16T13:01:39.204273+00:00,
1c842de1-c4d8-4cca-a61c-04ffda0b39ab,monotonic_reads,network_partition,reader-1,read,mr-1c842de1-c4d8-4cca-a61c-04ffda0b39ab,,203,ONE,ALL,cassandra-3,True,True,3.296,2026-09-16T13:01:39.219656+00:00,
1c842de1-c4d8-4cca-a61c-04ffda0b39ab,monotonic_reads,network_partition,reader-1,read,mr-1c842de1-c4d8-4cca-a61c-04ffda0b39ab,,204,ONE,ALL,cassandra-1,True,False,4.359,2026-09-16T13:01:39.235564+00:00,
1c842de1-c4d8-4cca-a61c-04ffda0b39ab,monotonic_reads,network_partition,reader-1,read,mr-1c842de1-c4d8-4cca-a61c-04ffda0b39ab,,204,ONE,ALL,cassandra-2,True,False,4.069,2026-09-16T13:01:39.252316+00:00,
1c842de1-c4d8-4cca-a61c-04ffda0b39ab,monotonic_reads,network_partition,reader-1,read,mr-1c842de1-c4d8-4cca-a61c-04ffda0b39ab,,203,ONE,ALL,cassandra-3,True,True,3.715,2026-09-16T13:01:39.268796+00:00,
1c842de1-c4d8-4cca-a61c-04ffda0b39ab,monotonic_reads,network_partition,reader-1,read,mr-1c842de1-c4d8-4cca-a61c-04ffda0b39ab,,204,ONE,ALL,cassandra-1,True,False,3.153,2026-09-16T13:01:39.283190+00:00,
1c842de1-c4d8-4cca-a61c-04ffda0b39ab,monotonic_reads,network_partition,reader-1,read,mr-1c842de1-c4d8-4cca-a61c-04ffda0b39ab,,204,ONE,ALL,cassandra-2,True,False,2.702,2026-09-16T13:01:39.296938+00:00,
1c842de1-c4d8-4cca-a61c-04ffda0b39ab,monotonic_reads,network_partition,reader-1,read,mr-1c842de1-c4d8-4cca-a61c-04ffda0b39ab,,203,ONE,ALL,cassandra-3,True,True,2.819,2026-09-16T13:01:39.310170+00:00,
1c842de1-c4d8-4cca-a61c-04ffda0b39ab,monotonic_reads,network_partition,reader-1,read,mr-1c842de1-c4d8-4cca-a61c-04ffda0b39ab,,204,ONE,ALL,cassandra-1,True,False,1.946,2026-09-16T13:01:39.324369+00:00,
1c842de1-c4d8-4cca-a61c-04ffda0b39ab,monotonic_reads,network_partition,reader-1,read,mr-1c842de1-c4d8-4cca-a61c-04ffda0b39ab,,204,ONE,ALL,cassandra-2,True,False,1.478,2026-09-16T13:01:39.338210+00:00,
1c842de1-c4d8-4cca-a61c-04ffda0b39ab,monotonic_reads,network_partition,reader-1,read,mr-1c842de1-c4d8-4cca-a61c-04ffda0b39ab,,203,ONE,ALL,cassandra-3,True,True,1.38,2026-09-16T13:01:39.350356+00:00,
1c842de1-c4d8-4cca-a61c-04ffda0b39ab,monotonic_reads,network_partition,reader-1,read,mr-1c842de1-c4d8-4cca-a61c-04ffda0b39ab,,204,ONE,ALL,cassandra-1,True,False,1.353,2026-09-16T13:01:39.364302+00:00,
1c842de1-c4d8-4cca-a61c-04ffda0b39ab,monotonic_reads,network_partition,reader-1,read,mr-1c842de1-c4d8-4cca-a61c-04ffda0b39ab,,204,ONE,ALL,cassandra-2,True,False,1.374,2026-09-16T13:01:39.378257+00:00,
1c842de1-c4d8-4cca-a61c-04ffda0b39ab,monotonic_reads,network_partition,reader-1,read,mr-1c842de1-c4d8-4cca-a61c-04ffda0b39ab,,203,ONE,ALL,cassandra-3,True,True,1.569,2026-09-16T13:01:39.390919+00:00,
1c842de1-c4d8-4cca-a61c-04ffda0b39ab,monotonic_reads,network_partition,reader-1,read,mr-1c842de1-c4d8-4cca-a61c-04ffda0b39ab,,204,ONE,ALL,cassandra-1,True,False,1.258,2026-09-16T13:01:39.404768+00:00,
1c842de1-c4d8-4cca-a61c-04ffda0b39ab,monotonic_reads,network_partition,reader-1,read,mr-1c842de1-c4d8-4cca-a61c-04ffda0b39ab,,204,ONE,ALL,cassandra-2,True,False,1.368,2026-09-16T13:01:39.417059+00:00,
1c842de1-c4d8-4cca-a61c-04ffda0b39ab,monotonic_reads,network_partition,reader-1,read,mr-1c842de1-c4d8-4cca-a61c-04ffda0b39ab,,203,ONE,ALL,cassandra-3,True,True,1.508,2026-09-16T13:01:39.430958+00:00,
1c842de1-c4d8-4cca-a61c-04ffda0b39ab,monotonic_reads,network_partition,reader-1,read,mr-1c842de1-c4d8-4cca-a61c-04ffda0b39ab,,204,ONE,ALL,cassandra-1,True,False,1.49,2026-09-16T13:01:39.445049+00:00,
1c842de1-c4d8-4cca-a61c-04ffda0b39ab,monotonic_reads,network_partition,reader-1,read,mr-1c842de1-c4d8-4cca-a61c-04ffda0b39ab,,204,ONE,ALL,cassandra-2,True,False,1.28,2026-09-16T13:01:39.457920+00:00,
1c842de1-c4d8-4cca-a61c-04ffda0b39ab,monotonic_reads,network_partition,reader-1,read,mr-1c842de1-c4d8-4cca-a61c-04ffda0b39ab,,203,ONE,ALL,cassandra-3,True,True,1.341,2026-09-16T13:01:39.471844+00:00,
1c842de1-c4d8-4cca-a61c-04ffda0b39ab,monotonic_reads,network_partition,reader-1,read,mr-1c842de1-c4d8-4cca-a61c-04ffda0b39ab,,204,ONE,ALL,cassandra-1,True,False,1.208,2026-09-16T13:01:39.483789+00:00,
1c842de1-c4d8-4cca-a61c-04ffda0b39ab,monotonic_reads,network_partition,reader-1,read,mr-1c842de1-c4d8-4cca-a61c-04ffda0b39ab,,204,ONE,ALL,cassandra-2,True,False,1.089,2026-09-16T13:01:39.495863+00:00,
1c842de1-c4d8-4cca-a61c-04ffda0b39ab,monotonic_reads,network_partition,reader-1,read,mr-1c842de1-c4d8-4cca-a61c-04ffda0b39ab,,203,ONE,ALL,cassandra-3,True,True,2.18,2026-09-16T13:01:39.508829+00:00,
1c842de1-c4d8-4cca-a61c-04ffda0b39ab,monotonic_reads,network_partition,reader-1,read,mr-1c842de1-c4d8-4cca-a61c-04ffda0b39ab,,204,ONE,ALL,cassandra-1,True,False,1.455,2026-09-16T13:01:39.522892+00:00,
1c842de1-c4d8-4cca-a61c-04ffda0b39ab,monotonic_reads,network_partition,reader-1,read,mr-1c842de1-c4d8-4cca-a61c-04ffda0b39ab,,204,ONE,ALL,cassandra-2,True,False,1.507,2026-09-16T13:01:39.537014+00:00,
1c842de1-c4d8-4cca-a61c-04ffda0b39ab,monotonic_reads,network_partition,reader-1,read,mr-1c842de1-c4d8-4cca-a61c-04ffda0b39ab,,203,ONE,ALL,cassandra-3,True,True,1.251,2026-09-16T13:01:39.550852+00:00,
1c842de1-c4d8-4cca-a61c-04ffda0b39ab,monotonic_reads,network_partition,reader-1,read,mr-1c842de1-c4d8-4cca-a61c-04ffda0b39ab,,204,ONE,ALL,cassandra-1,True,False,2.687,2026-09-16T13:01:39.566161+00:00,
1c842de1-c4d8-4cca-a61c-04ffda0b39ab,monotonic_reads,network_partition,reader-1,read,mr-1c842de1-c4d8-4cca-a61c-04ffda0b39ab,,204,ONE,ALL,cassandra-2,True,False,1.495,2026-09-16T13:01:39.578874+00:00,
1c842de1-c4d8-4cca-a61c-04ffda0b39ab,monotonic_reads,network_partition,reader-1,read,mr-1c842de1-c4d8-4cca-a61c-04ffda0b39ab,,203,ONE,ALL,cassandra-3,True,True,3.214,2026-09-16T13:01:39.594030+00:00,
1c842de1-c4d8-4cca-a61c-04ffda0b39ab,monotonic_reads,network_partition,reader-1,read,mr-1c842de1-c4d8-4cca-a61c-04ffda0b39ab,,204,ONE,ALL,cassandra-1,True,False,1.622,2026-09-16T13:01:39.607997+00:00,
1c842de1-c4d8-4cca-a61c-04ffda0b39ab,monotonic_reads,network_partition,reader-1,read,mr-1c842de1-c4d8-4cca-a61c-04ffda0b39ab,,204,ONE,ALL,cassandra-2,True,False,1.352,2026-09-16T13:01:39.621378+00:00,
1c842de1-c4d8-4cca-a61c-04ffda0b39ab,monotonic_reads,network_partition,reader-1,read,mr-1c842de1-c4d8-4cca-a61c-04ffda0b39ab,,203,ONE,ALL,cassandra-3,True,True,1.905,2026-09-16T13:01:39.635885+00:00,
1c842de1-c4d8-4cca-a61c-04ffda0b39ab,monotonic_reads,network_partition,reader-1,read,mr-1c842de1-c4d8-4cca-a61c-04ffda0b39ab,,204,ONE,ALL,cassandra-1,True,False,1.481,2026-09-16T13:01:39.649321+00:00,
1c842de1-c4d8-4cca-a61c-04ffda0b39ab,monotonic_reads,network_partition,reader-1,read,mr-1c842de1-c4d8-4cca-a61c-04ffda0b39ab,,204,ONE,ALL,cassandra-2,True,False,1.372,2026-09-16T13:01:39.663388+00:00,
1c842de1-c4d8-4cca-a61c-04ffda0b39ab,monotonic_reads,network_partition,reader-1,read,mr-1c842de1-c4d8-4cca-a61c-04ffda0b39ab,,203,ONE,ALL,cassandra-3,True,True,1.68,2026-09-16T13:01:39.677697+00:00,
1c842de1-c4d8-4cca-a61c-04ffda0b39ab,monotonic_reads,network_partition,reader-1,read,mr-1c842de1-c4d8-4cca-a61c-04ffda0b39ab,,204,ONE,ALL,cassandra-1,True,False,1.574,2026-09-16T13:01:39.691572+00:00,
1c842de1-c4d8-4cca-a61c-04ffda0b39ab,monotonic_reads,network_partition,reader-1,read,mr-1c842de1-c4d8-4cca-a61c-04ffda0b39ab,,204,ONE,ALL,cassandra-2,True,False,1.519,2026-09-16T13:01:39.703661+00:00,
1c842de1-c4d8-4cca-a61c-04ffda0b39ab,monotonic_reads,network_partition,reader-1,read,mr-1c842de1-c4d8-4cca-a61c-04ffda0b39ab,,203,ONE,ALL,cassandra-3,True,True,1.471,2026-09-16T13:01:39.717797+00:00,
1c842de1-c4d8-4cca-a61c-04ffda0b39ab,monotonic_reads,network_partition,reader-1,read,mr-1c842de1-c4d8-4cca-a61c-04ffda0b39ab,,204,ONE,ALL,cassandra-1,True,False,1.76,2026-09-16T13:01:39.732232+00:00,
1c842de1-c4d8-4cca-a61c-04ffda0b39ab,monotonic_reads,network_partition,reader-1,read,mr-1c842de1-c4d8-4cca-a61c-04ffda0b39ab,,204,ONE,ALL,cassandra-2,True,False,1.483,2026-09-16T13:01:39.746453+00:00,
1c842de1-c4d8-4cca-a61c-04ffda0b39ab,monotonic_reads,network_partition,reader-1,read,mr-1c842de1-c4d8-4cca-a61c-04ffda0b39ab,,203,ONE,ALL,cassandra-3,True,True,1.452,2026-09-16T13:01:39.758111+00:00,
1c842de1-c4d8-4cca-a61c-04ffda0b39ab,monotonic_reads,network_partition,reader-1,read,mr-1c842de1-c4d8-4cca-a61c-04ffda0b39ab,,204,ONE,ALL,cassandra-1,True,False,1.923,2026-09-16T13:01:39.770688+00:00,
1c842de1-c4d8-4cca-a61c-04ffda0b39ab,monotonic_reads,network_partition,reader-1,read,mr-1c842de1-c4d8-4cca-a61c-04ffda0b39ab,,204,ONE,ALL,cassandra-2,True,False,1.378,2026-09-16T13:01:39.782535+00:00,
1c842de1-c4d8-4cca-a61c-04ffda0b39ab,monotonic_reads,network_partition,reader-1,read,mr-1c842de1-c4d8-4cca-a61c-04ffda0b39ab,,203,ONE,ALL,cassandra-3,True,True,1.143,2026-09-16T13:01:39.796264+00:00,
1c842de1-c4d8-4cca-a61c-04ffda0b39ab,monotonic_reads,network_partition,reader-1,read,mr-1c842de1-c4d8-4cca-a61c-04ffda0b39ab,,204,ONE,ALL,cassandra-1,True,False,1.605,2026-09-16T13:01:39.809066+00:00,
1c842de1-c4d8-4cca-a61c-04ffda0b39ab,monotonic_reads,network_partition,reader-1,read,mr-1c842de1-c4d8-4cca-a61c-04ffda0b39ab,,204,ONE,ALL,cassandra-2,True,False,1.071,2026-09-16T13:01:39.822734+00:00,
1c842de1-c4d8-4cca-a61c-04ffda0b39ab,monotonic_reads,network_partition,reader-1,read,mr-1c842de1-c4d8-4cca-a61c-04ffda0b39ab,,203,ONE,ALL,cassandra-3,True,True,1.438,2026-09-16T13:01:39.834825+00:00,
1c842de1-c4d8-4cca-a61c-04ffda0b39ab,monotonic_reads,network_partition,reader-1,read,mr-1c842de1-c4d8-4cca-a61c-04ffda0b39ab,,204,ONE,ALL,cassandra-1,True,False,1.308,2026-09-16T13:01:39.848767+00:00,
1c842de1-c4d8-4cca-a61c-04ffda0b39ab,monotonic_reads,network_partition,reader-1,read,mr-1c842de1-c4d8-4cca-a61c-04ffda0b39ab,,204,ONE,ALL,cassandra-2,True,False,1.924,2026-09-16T13:01:39.861191+00:00,
1c842de1-c4d8-4cca-a61c-04ffda0b39ab,monotonic_reads,network_partition,reader-1,read,mr-1c842de1-c4d8-4cca-a61c-04ffda0b39ab,,203,ONE,ALL,cassandra-3,True,True,1.218,2026-09-16T13:01:39.875109+00:00,
1c842de1-c4d8-4cca-a61c-04ffda0b39ab,monotonic_reads,network_partition,reader-1,read,mr-1c842de1-c4d8-4cca-a61c-04ffda0b39ab,,204,ONE,ALL,cassandra-1,True,False,1.797,2026-09-16T13:01:39.888778+00:00,
1c842de1-c4d8-4cca-a61c-04ffda0b39ab,monotonic_reads,network_partition,reader-1,read,mr-1c842de1-c4d8-4cca-a61c-04ffda0b39ab,,204,ONE,ALL,cassandra-2,True,False,1.401,2026-09-16T13:01:39.902808+00:00,
1c842de1-c4d8-4cca-a61c-04ffda0b39ab,monotonic_reads,network_partition,reader-1,read,mr-1c842de1-c4d8-4cca-a61c-04ffda0b39ab,,203,ONE,ALL,cassandra-3,True,True,1.536,2026-09-16T13:01:39.916899+00:00,
1c842de1-c4d8-4cca-a61c-04ffda0b39ab,monotonic_reads,network_partition,reader-1,read,mr-1c842de1-c4d8-4cca-a61c-04ffda0b39ab,,204,ONE,ALL,cassandra-1,True,False,2.024,2026-09-16T13:01:39.930326+00:00,
1c842de1-c4d8-4cca-a61c-04ffda0b39ab,monotonic_reads,network_partition,reader-1,read,mr-1c842de1-c4d8-4cca-a61c-04ffda0b39ab,,204,ONE,ALL,cassandra-2,True,False,1.581,2026-09-16T13:01:39.943718+00:00,
1c842de1-c4d8-4cca-a61c-04ffda0b39ab,monotonic_reads,network_partition,reader-1,read,mr-1c842de1-c4d8-4cca-a61c-04ffda0b39ab,,203,ONE,ALL,cassandra-3,True,True,2.068,2026-09-16T13:01:39.956120+00:00,
1c842de1-c4d8-4cca-a61c-04ffda0b39ab,monotonic_reads,network_partition,reader-1,read,mr-1c842de1-c4d8-4cca-a61c-04ffda0b39ab,,204,ONE,ALL,cassandra-1,True,False,1.916,2026-09-16T13:01:39.969823+00:00,
1c842de1-c4d8-4cca-a61c-04ffda0b39ab,monotonic_reads,network_partition,reader-1,read,mr-1c842de1-c4d8-4cca-a61c-04ffda0b39ab,,204,ONE,ALL,cassandra-2,True,False,1.788,2026-09-16T13:01:39.983593+00:00,
1c842de1-c4d8-4cca-a61c-04ffda0b39ab,monotonic_reads,network_partition,reader-1,read,mr-1c842de1-c4d8-4cca-a61c-04ffda0b39ab,,203,ONE,ALL,cassandra-3,True,True,1.968,2026-09-16T13:01:39.997478+00:00,
1c842de1-c4d8-4cca-a61c-04ffda0b39ab,monotonic_reads,network_partition,reader-1,read,mr-1c842de1-c4d8-4cca-a61c-04ffda0b39ab,,204,ONE,ALL,cassandra-1,True,False,1.926,2026-09-16T13:01:40.012153+00:00,
1c842de1-c4d8-4cca-a61c-04ffda0b39ab,monotonic_reads,network_partition,reader-1,read,mr-1c842de1-c4d8-4cca-a61c-04ffda0b39ab,,204,ONE,ALL,cassandra-2,True,False,1.99,2026-09-16T13:01:40.026355+00:00,
1c842de1-c4d8-4cca-a61c-04ffda0b39ab,monotonic_reads,network_partition,reader-1,read,mr-1c842de1-c4d8-4cca-a61c-04ffda0b39ab,,203,ONE,ALL,cassandra-3,True,True,1.941,2026-09-16T13:01:40.040809+00:00,
1c842de1-c4d8-4cca-a61c-04ffda0b39ab,monotonic_reads,network_partition,reader-1,read,mr-1c842de1-c4d8-4cca-a61c-04ffda0b39ab,,204,ONE,ALL,cassandra-1,True,False,1.956,2026-09-16T13:01:40.055472+00:00,
1c842de1-c4d8-4cca-a61c-04ffda0b39ab,monotonic_reads,network_partition,reader-1,read,mr-1c842de1-c4d8-4cca-a61c-04ffda0b39ab,,204,ONE,ALL,cassandra-2,True,False,2.466,2026-09-16T13:01:40.068491+00:00,
1c842de1-c4d8-4cca-a61c-04ffda0b39ab,monotonic_reads,network_partition,reader-1,read,mr-1c842de1-c4d8-4cca-a61c-04ffda0b39ab,,203,ONE,ALL,cassandra-3,True,True,2.155,2026-09-16T13:01:40.083320+00:00,
1c842de1-c4d8-4cca-a61c-04ffda0b39ab,monotonic_reads,network_partition,reader-1,read,mr-1c842de1-c4d8-4cca-a61c-04ffda0b39ab,,204,ONE,ALL,cassandra-1,True,False,2.688,2026-09-16T13:01:40.097059+00:00,
1c842de1-c4d8-4cca-a61c-04ffda0b39ab,monotonic_reads,network_partition,reader-1,read,mr-1c842de1-c4d8-4cca-a61c-04ffda0b39ab,,204,ONE,ALL,cassandra-2,True,False,2.852,2026-09-16T13:01:40.110977+00:00,
1c842de1-c4d8-4cca-a61c-04ffda0b39ab,monotonic_reads,network_partition,reader-1,read,mr-1c842de1-c4d8-4cca-a61c-04ffda0b39ab,,203,ONE,ALL,cassandra-3,True,True,2.628,2026-09-16T13:01:40.125022+00:00,
1c842de1-c4d8-4cca-a61c-04ffda0b39ab,monotonic_reads,network_partition,reader-1,read,mr-1c842de1-c4d8-4cca-a61c-04ffda0b39ab,,204,ONE,ALL,cassandra-1,True,False,3.824,2026-09-16T13:01:40.141438+00:00,
1c842de1-c4d8-4cca-a61c-04ffda0b39ab,monotonic_reads,network_partition,reader-1,read,mr-1c842de1-c4d8-4cca-a61c-04ffda0b39ab,,204,ONE,ALL,cassandra-2,True,False,4.635,2026-09-16T13:01:40.158404+00:00,
1c842de1-c4d8-4cca-a61c-04ffda0b39ab,monotonic_reads,network_partition,reader-1,read,mr-1c842de1-c4d8-4cca-a61c-04ffda0b39ab,,203,ONE,ALL,cassandra-3,True,True,4.244,2026-09-16T13:01:40.174632+00:00,
1c842de1-c4d8-4cca-a61c-04ffda0b39ab,monotonic_reads,network_partition,reader-1,read,mr-1c842de1-c4d8-4cca-a61c-04ffda0b39ab,,204,ONE,ALL,cassandra-1,True,False,3.991,2026-09-16T13:01:40.190868+00:00,
1c842de1-c4d8-4cca-a61c-04ffda0b39ab,monotonic_reads,network_partition,reader-1,read,mr-1c842de1-c4d8-4cca-a61c-04ffda0b39ab,,204,ONE,ALL,cassandra-2,True,False,4.038,2026-09-16T13:01:40.205405+00:00,
1c842de1-c4d8-4cca-a61c-04ffda0b39ab,monotonic_reads,network_partition,reader-1,read,mr-1c842de1-c4d8-4cca-a61c-04ffda0b39ab,,203,ONE,ALL,cassandra-3,True,True,4.328,2026-09-16T13:01:40.222467+00:00,
1c842de1-c4d8-4cca-a61c-04ffda0b39ab,monotonic_reads,network_partition,reader-1,read,mr-1c842de1-c4d8-4cca-a61c-04ffda0b39ab,,204,ONE,ALL,cassandra-1,True,False,4.03,2026-09-16T13:01:40.238439+00:00,
1c842de1-c4d8-4cca-a61c-04ffda0b39ab,monotonic_reads,network_partition,reader-1,read,mr-1c842de1-c4d8-4cca-a61c-04ffda0b39ab,,204,ONE,ALL,cassandra-2,True,False,4.601,2026-09-16T13:01:40.253568+00:00,
1c842de1-c4d8-4cca-a61c-04ffda0b39ab,monotonic_reads,network_partition,reader-1,read,mr-1c842de1-c4d8-4cca-a61c-04ffda0b39ab,,203,ONE,ALL,cassandra-3,True,True,3.831,2026-09-16T13:01:40.267713+00:00,
1c842de1-c4d8-4cca-a61c-04ffda0b39ab,monotonic_reads,network_partition,reader-1,read,mr-1c842de1-c4d8-4cca-a61c-04ffda0b39ab,,204,ONE,ALL,cassandra-1,True,False,3.252,2026-09-16T13:01:40.283662+00:00,
1c842de1-c4d8-4cca-a61c-04ffda0b39ab,monotonic_reads,network_partition,reader-1,read,mr-1c842de1-c4d8-4cca-a61c-04ffda0b39ab,,204,ONE,ALL,cassandra-2,True,False,3.3,2026-09-16T13:01:40.299580+00:00,
1c842de1-c4d8-4cca-a61c-04ffda0b39ab,monotonic_reads,network_partition,reader-1,read,mr-1c842de1-c4d8-4cca-a61c-04ffda0b39ab,,203,ONE,ALL,cassandra-3,True,True,3.091,2026-09-16T13:01:40.315374+00:00,
1c842de1-c4d8-4cca-a61c-04ffda0b39ab,monotonic_reads,network_partition,reader-1,read,mr-1c842de1-c4d8-4cca-a61c-04ffda0b39ab,,204,ONE,ALL,cassandra-1,True,False,2.927,2026-09-16T13:01:40.330798+00:00,
1c842de1-c4d8-4cca-a61c-04ffda0b39ab,monotonic_reads,network_partition,reader-1,read,mr-1c842de1-c4d8-4cca-a61c-04ffda0b39ab,,204,ONE,ALL,cassandra-2,True,False,3.379,2026-09-16T13:01:40.345778+00:00,
1c842de1-c4d8-4cca-a61c-04ffda0b39ab,monotonic_reads,network_partition,reader-1,read,mr-1c842de1-c4d8-4cca-a61c-04ffda0b39ab,,203,ONE,ALL,cassandra-3,True,True,3.711,2026-09-16T13:01:40.361217+00:00,
1c842de1-c4d8-4cca-a61c-04ffda0b39ab,monotonic_reads,network_partition,reader-1,read,mr-1c842de1-c4d8-4cca-a61c-04ffda0b39ab,,204,ONE,ALL,cassandra-1,True,False,2.813,2026-09-16T13:01:40.375215+00:00,
1c842de1-c4d8-4cca-a61c-04ffda0b39ab,monotonic_reads,network_partition,reader-1,read,mr-1c842de1-c4d8-4cca-a61c-04ffda0b39ab,,204,ONE,ALL,cassandra-2,True,False,3.595,2026-09-16T13:01:40.390371+00:00,
1c842de1-c4d8-4cca-a61c-04ffda0b39ab,monotonic_reads,network_partition,reader-1,read,mr-1c842de1-c4d8-4cca-a61c-04ffda0b39ab,,203,ONE,ALL,cassandra-3,True,True,4.028,2026-09-16T13:01:40.407129+00:00,
1c842de1-c4d8-4cca-a61c-04ffda0b39ab,monotonic_reads,network_partition,reader-1,read,mr-1c842de1-c4d8-4cca-a61c-04ffda0b39ab,,204,ONE,ALL,cassandra-1,True,False,3.554,2026-09-16T13:01:40.422922+00:00,
1c842de1-c4d8-4cca-a61c-04ffda0b39ab,monotonic_reads,network_partition,reader-1,read,mr-1c842de1-c4d8-4cca-a61c-04ffda0b39ab,,204,ONE,ALL,cassandra-2,True,False,3.54,2026-09-16T13:01:40.436918+00:00,
1c842de1-c4d8-4cca-a61c-04ffda0b39ab,monotonic_reads,network_partition,reader-1,read,mr-1c842de1-c4d8-4cca-a61c-04ffda0b39ab,,203,ONE,ALL,cassandra-3,True,True,3.063,2026-09-16T13:01:40.450290+00:00,
1c842de1-c4d8-4cca-a61c-04ffda0b39ab,monotonic_reads,network_partition,reader-1,read,mr-1c842de1-c4d8-4cca-a61c-04ffda0b39ab,,204,ONE,ALL,cassandra-1,True,False,2.738,2026-09-16T13:01:40.463532+00:00,
1c842de1-c4d8-4cca-a61c-04ffda0b39ab,monotonic_reads,network_partition,reader-1,read,mr-1c842de1-c4d8-4cca-a61c-04ffda0b39ab,,204,ONE,ALL,cassandra-2,True,False,5.577,2026-09-16T13:01:40.480925+00:00,
1c842de1-c4d8-4cca-a61c-04ffda0b39ab,monotonic_reads,network_partition,reader-1,read,mr-1c842de1-c4d8-4cca-a61c-04ffda0b39ab,,203,ONE,ALL,cassandra-3,True,True,3.678,2026-09-16T13:01:40.496060+00:00,
1c842de1-c4d8-4cca-a61c-04ffda0b39ab,monotonic_reads,network_partition,reader-1,read,mr-1c842de1-c4d8-4cca-a61c-04ffda0b39ab,,204,ONE,ALL,cassandra-1,True,False,4.274,2026-09-16T13:01:40.512516+00:00,
1c842de1-c4d8-4cca-a61c-04ffda0b39ab,monotonic_reads,network_partition,reader-1,read,mr-1c842de1-c4d8-4cca-a61c-04ffda0b39ab,,204,ONE,ALL,cassandra-2,True,False,3.641,2026-09-16T13:01:40.527001+00:00,
1c842de1-c4d8-4cca-a61c-04ffda0b39ab,monotonic_reads,network_partition,reader-1,read,mr-1c842de1-c4d8-4cca-a61c-04ffda0b39ab,,203,ONE,ALL,cassandra-3,True,True,3.409,2026-09-16T13:01:40.543066+00:00,
1c842de1-c4d8-4cca-a61c-04ffda0b39ab,monotonic_reads,network_partition,reader-1,read,mr-1c842de1-c4d8-4cca-a61c-04ffda0b39ab,,204,ONE,ALL,cassandra-1,True,False,4.573,2026-09-16T13:01:40.560323+00:00,
1c842de1-c4d8-4cca-a61c-04ffda0b39ab,monotonic_reads,network_partition,reader-1,read,mr-1c842de1-c4d8-4cca-a61c-04ffda0b39ab,,204,ONE,ALL,cassandra-2,True,False,2.428,2026-09-16T13:01:40.574525+00:00,
1c842de1-c4d8-4cca-a61c-04ffda0b39ab,monotonic_reads,network_partition,reader-1,read,mr-1c842de1-c4d8-4cca-a61c-04ffda0b39ab,,203,ONE,ALL,cassandra-3,True,True,4.776,2026-09-16T13:01:40.592034+00:00,
1c842de1-c4d8-4cca-a61c-04ffda0b39ab,monotonic_reads,network_partition,reader-1,read,mr-1c842de1-c4d8-4cca-a61c-04ffda0b39ab,,204,ONE,ALL,cassandra-1,True,False,3.178,2026-09-16T13:01:40.607836+00:00,
1c842de1-c4d8-4cca-a61c-04ffda0b39ab,monotonic_reads,network_partition,reader-1,read,mr-1c842de1-c4d8-4cca-a61c-04ffda0b39ab,,204,ONE,ALL,cassandra-2,True,False,2.805,2026-09-16T13:01:40.623045+00:00,
1c842de1-c4d8-4cca-a61c-04ffda0b39ab,monotonic_reads,network_partition,reader-1,read,mr-1c842de1-c4d8-4cca-a61c-04ffda0b39ab,,203,ONE,ALL,cassandra-3,True,True,3.159,2026-09-16T13:01:40.638920+00:00,
1c842de1-c4d8-4cca-a61c-04ffda0b39ab,monotonic_reads,network_partition,reader-1,read,mr-1c842de1-c4d8-4cca-a61c-04ffda0b39ab,,204,ONE,ALL,cassandra-1,True,False,3.452,2026-09-16T13:01:40.652831+00:00,
1c842de1-c4d8-4cca-a61c-04ffda0b39ab,monotonic_reads,network_partition,reader-1,read,mr-1c842de1-c4d8-4cca-a61c-04ffda0b39ab,,204,ONE,ALL,cassandra-2,True,False,4.304,2026-09-16T13:01:40.669691+00:00,
1c842de1-c4d8-4cca-a61c-04ffda0b39ab,monotonic_reads,network_partition,reader-1,read,mr-1c842de1-c4d8-4cca-a61c-04ffda0b39ab,,203,ONE,ALL,cassandra-3,True,True,2.284,2026-09-16T13:01:40.683253+00:00,
1c842de1-c4d8-4cca-a61c-04ffda0b39ab,monotonic_reads,network_partition,reader-1,read,mr-1c842de1-c4d8-4cca-a61c-04ffda0b39ab,,204,ONE,ALL,cassandra-1,True,False,2.647,2026-09-16T13:01:40.697824+00:00,
1c842de1-c4d8-4cca-a61c-04ffda0b39ab,monotonic_reads,network_partition,writer-1,write,mr-1c842de1-c4d8-4cca-a61c-04ffda0b39ab,204,,,ALL,cassandra-1,False,False,5103.221,2026-09-16T13:01:40.698554+00:00,"NoHostAvailable: ('Unable to complete the operation against any hosts', {<Host: 172.18.0.4:9042 datacenter1>: ConnectionException('Host has been marked down or removed'), <Host: 172.18.0.3:9042 datacenter1>: ConnectionException('Host has been marked down or removed'), <Host: 127.0.0.1:10001 datacenter1>: Unavailable('Error from server: code=1000 [Unavailable exception] message=""Cannot achieve consistency level ALL"" info={\'consistency\': \'ALL\', \'required_replicas\': 3, \'alive_replicas\': 2}')})"
1c842de1-c4d8-4cca-a61c-04ffda0b39ab,monotonic_reads,network_partition,reader-1,read,mr-1c842de1-c4d8-4cca-a61c-04ffda0b39ab,,204,ONE,ALL,cassandra-2,True,False,3.43,2026-09-16T13:01:40.711805+00:00,
1c842de1-c4d8-4cca-a61c-04ffda0b39ab,monotonic_reads,network_partition,reader-1,read,mr-1c842de1-c4d8-4cca-a61c-04ffda0b39ab,,203,ONE,ALL,cassandra-3,True,True,11.402,2026-09-16T13:01:40.734636+00:00,
1c842de1-c4d8-4cca-a61c-04ffda0b39ab,monotonic_reads,network_partition,reader-1,read,mr-1c842de1-c4d8-4cca-a61c-04ffda0b39ab,,204,ONE,ALL,cassandra-1,True,False,11.287,2026-09-16T13:01:40.781290+00:00,
1c842de1-c4d8-4cca-a61c-04ffda0b39ab,monotonic_reads,network_partition,reader-1,read,mr-1c842de1-c4d8-4cca-a61c-04ffda0b39ab,,204,ONE,ALL,cassandra-2,True,False,2.825,2026-09-16T13:01:40.797435+00:00,
1c842de1-c4d8-4cca-a61c-04ffda0b39ab,monotonic_reads,network_partition,reader-1,read,mr-1c842de1-c4d8-4cca-a61c-04ffda0b39ab,,203,ONE,ALL,cassandra-3,True,True,1.377,2026-09-16T13:01:40.809102+00:00,
1c842de1-c4d8-4cca-a61c-04ffda0b39ab,monotonic_reads,network_partition,reader-1,read,mr-1c842de1-c4d8-4cca-a61c-04ffda0b39ab,,204,ONE,ALL,cassandra-1,True,False,1.666,2026-09-16T13:01:40.822031+00:00,
1c842de1-c4d8-4cca-a61c-04ffda0b39ab,monotonic_reads,network_partition,reader-1,read,mr-1c842de1-c4d8-4cca-a61c-04ffda0b39ab,,204,ONE,ALL,cassandra-2,True,False,1.053,2026-09-16T13:01:40.833405+00:00,
1c842de1-c4d8-4cca-a61c-04ffda0b39ab,monotonic_reads,network_partition,reader-1,read,mr-1c842de1-c4d8-4cca-a61c-04ffda0b39ab,,203,ONE,ALL,cassandra-3,True,True,1.062,2026-09-16T13:01:40.846442+00:00,
1c842de1-c4d8-4cca-a61c-04ffda0b39ab,monotonic_reads,network_partition,reader-1,read,mr-1c842de1-c4d8-4cca-a61c-04ffda0b39ab,,204,ONE,ALL,cassandra-1,True,False,1.323,2026-09-16T13:01:40.858187+00:00,
1c842de1-c4d8-4cca-a61c-04ffda0b39ab,monotonic_reads,network_partition,reader-1,read,mr-1c842de1-c4d8-4cca-a61c-04ffda0b39ab,,204,ONE,ALL,cassandra-2,True,False,1.261,2026-09-16T13:01:40.870520+00:00,
1c842de1-c4d8-4cca-a61c-04ffda0b39ab,monotonic_reads,network_partition,reader-1,read,mr-1c842de1-c4d8-4cca-a61c-04ffda0b39ab,,203,ONE,ALL,cassandra-3,True,True,1.128,2026-09-16T13:01:40.884295+00:00,
1c842de1-c4d8-4cca-a61c-04ffda0b39ab,monotonic_reads,network_partition,reader-1,read,mr-1c842de1-c4d8-4cca-a61c-04ffda0b39ab,,204,ONE,ALL,cassandra-1,True,False,2.417,2026-09-16T13:01:40.898153+00:00,
1c842de1-c4d8-4cca-a61c-04ffda0b39ab,monotonic_reads,network_partition,reader-1,read,mr-1c842de1-c4d8-4cca-a61c-04ffda0b39ab,,204,ONE,ALL,cassandra-2,True,False,2.024,2026-09-16T13:01:40.912651+00:00,
1c842de1-c4d8-4cca-a61c-04ffda0b39ab,monotonic_reads,network_partition,reader-1,read,mr-1c842de1-c4d8-4cca-a61c-04ffda0b39ab,,203,ONE,ALL,cassandra-3,True,True,1.761,2026-09-16T13:01:40.926019+00:00,
1c842de1-c4d8-4cca-a61c-04ffda0b39ab,monotonic_reads,network_partition,reader-1,read,mr-1c842de1-c4d8-4cca-a61c-04ffda0b39ab,,204,ONE,ALL,cassandra-1,True,False,1.651,2026-09-16T13:01:40.939748+00:00,
1c842de1-c4d8-4cca-a61c-04ffda0b39ab,monotonic_reads,network_partition,reader-1,read,mr-1c842de1-c4d8-4cca-a61c-04ffda0b39ab,,204,ONE,ALL,cassandra-2,True,False,1.84,2026-09-16T13:01:40.954228+00:00,
1c842de1-c4d8-4cca-a61c-04ffda0b39ab,monotonic_reads,network_partition,reader-1,read,mr-1c842de1-c4d8-4cca-a61c-04ffda0b39ab,,203,ONE,ALL,cassandra-3,True,True,2.254,2026-09-16T13:01:40.966741+00:00,
1c842de1-c4d8-4cca-a61c-04ffda0b39ab,monotonic_reads,network_partition,reader-1,read,mr-1c842de1-c4d8-4cca-a61c-04ffda0b39ab,,204,ONE,ALL,cassandra-1,True,False,1.958,2026-09-16T13:01:40.980502+00:00,
1c842de1-c4d8-4cca-a61c-04ffda0b39ab,monotonic_reads,network_partition,reader-1,read,mr-1c842de1-c4d8-4cca-a61c-04ffda0b39ab,,204,ONE,ALL,cassandra-2,True,False,1.849,2026-09-16T13:01:40.995014+00:00,
1c842de1-c4d8-4cca-a61c-04ffda0b39ab,monotonic_reads,network_partition,reader-1,read,mr-1c842de1-c4d8-4cca-a61c-04ffda0b39ab,,203,ONE,ALL,cassandra-3,True,True,2.858,2026-09-16T13:01:41.009362+00:00,
1c842de1-c4d8-4cca-a61c-04ffda0b39ab,monotonic_reads,network_partition,reader-1,read,mr-1c842de1-c4d8-4cca-a61c-04ffda0b39ab,,204,ONE,ALL,cassandra-1,True,False,2.882,2026-09-16T13:01:41.023259+00:00,
1c842de1-c4d8-4cca-a61c-04ffda0b39ab,monotonic_reads,network_partition,reader-1,read,mr-1c842de1-c4d8-4cca-a61c-04ffda0b39ab,,204,ONE,ALL,cassandra-2,True,False,2.49,2026-09-16T13:01:41.036304+00:00,
1c842de1-c4d8-4cca-a61c-04ffda0b39ab,monotonic_reads,network_partition,reader-1,read,mr-1c842de1-c4d8-4cca-a61c-04ffda0b39ab,,203,ONE,ALL,cassandra-3,True,True,2.659,2026-09-16T13:01:41.051511+00:00,
1c842de1-c4d8-4cca-a61c-04ffda0b39ab,monotonic_reads,network_partition,reader-1,read,mr-1c842de1-c4d8-4cca-a61c-04ffda0b39ab,,204,ONE,ALL,cassandra-1,True,False,4.269,2026-09-16T13:01:41.068430+00:00,
1c842de1-c4d8-4cca-a61c-04ffda0b39ab,monotonic_reads,network_partition,reader-1,read,mr-1c842de1-c4d8-4cca-a61c-04ffda0b39ab,,204,ONE,ALL,cassandra-2,True,False,2.887,2026-09-16T13:01:41.083879+00:00,
1c842de1-c4d8-4cca-a61c-04ffda0b39ab,monotonic_reads,network_partition,reader-1,read,mr-1c842de1-c4d8-4cca-a61c-04ffda0b39ab,,203,ONE,ALL,cassandra-3,True,True,4.341,2026-09-16T13:01:41.100742+00:00,
1c842de1-c4d8-4cca-a61c-04ffda0b39ab,monotonic_reads,network_partition,reader-1,read,mr-1c842de1-c4d8-4cca-a61c-04ffda0b39ab,,204,ONE,ALL,cassandra-1,True,False,3.849,2026-09-16T13:01:41.116935+00:00,
1c842de1-c4d8-4cca-a61c-04ffda0b39ab,monotonic_reads,network_partition,reader-1,read,mr-1c842de1-c4d8-4cca-a61c-04ffda0b39ab,,204,ONE,ALL,cassandra-2,True,False,3.282,2026-09-16T13:01:41.131465+00:00,
1c842de1-c4d8-4cca-a61c-04ffda0b39ab,monotonic_reads,network_partition,reader-1,read,mr-1c842de1-c4d8-4cca-a61c-04ffda0b39ab,,203,ONE,ALL,cassandra-3,True,True,3.312,2026-09-16T13:01:41.146663+00:00,
1c842de1-c4d8-4cca-a61c-04ffda0b39ab,monotonic_reads,network_partition,reader-1,read,mr-1c842de1-c4d8-4cca-a61c-04ffda0b39ab,,204,ONE,ALL,cassandra-1,True,False,3.219,2026-09-16T13:01:41.162440+00:00,
1c842de1-c4d8-4cca-a61c-04ffda0b39ab,monotonic_reads,network_partition,reader-1,read,mr-1c842de1-c4d8-4cca-a61c-04ffda0b39ab,,204,ONE,ALL,cassandra-2,True,False,4.626,2026-09-16T13:01:41.177578+00:00,
1c842de1-c4d8-4cca-a61c-04ffda0b39ab,monotonic_reads,network_partition,reader-1,read,mr-1c842de1-c4d8-4cca-a61c-04ffda0b39ab,,203,ONE,ALL,cassandra-3,True,True,3.662,2026-09-16T13:01:41.191887+00:00,
1c842de1-c4d8-4cca-a61c-04ffda0b39ab,monotonic_reads,network_partition,reader-1,read,mr-1c842de1-c4d8-4cca-a61c-04ffda0b39ab,,204,ONE,ALL,cassandra-1,True,False,3.456,2026-09-16T13:01:41.208026+00:00,
1c842de1-c4d8-4cca-a61c-04ffda0b39ab,monotonic_reads,network_partition,reader-1,read,mr-1c842de1-c4d8-4cca-a61c-04ffda0b39ab,,204,ONE,ALL,cassandra-2,True,False,3.6,2026-09-16T13:01:41.222034+00:00,
1c842de1-c4d8-4cca-a61c-04ffda0b39ab,monotonic_reads,network_partition,reader-1,read,mr-1c842de1-c4d8-4cca-a61c-04ffda0b39ab,,203,ONE,ALL,cassandra-3,True,True,4.025,2026-09-16T13:01:41.237852+00:00,
1c842de1-c4d8-4cca-a61c-04ffda0b39ab,monotonic_reads,network_partition,reader-1,read,mr-1c842de1-c4d8-4cca-a61c-04ffda0b39ab,,204,ONE,ALL,cassandra-1,True,False,3.959,2026-09-16T13:01:41.252379+00:00,
1c842de1-c4d8-4cca-a61c-04ffda0b39ab,monotonic_reads,network_partition,reader-1,read,mr-1c842de1-c4d8-4cca-a61c-04ffda0b39ab,,204,ONE,ALL,cassandra-2,True,False,3.224,2026-09-16T13:01:41.268511+00:00,
1c842de1-c4d8-4cca-a61c-04ffda0b39ab,monotonic_reads,network_partition,reader-1,read,mr-1c842de1-c4d8-4cca-a61c-04ffda0b39ab,,203,ONE,ALL,cassandra-3,True,True,3.174,2026-09-16T13:01:41.283305+00:00,
1c842de1-c4d8-4cca-a61c-04ffda0b39ab,monotonic_reads,network_partition,reader-1,read,mr-1c842de1-c4d8-4cca-a61c-04ffda0b39ab,,204,ONE,ALL,cassandra-1,True,False,3.072,2026-09-16T13:01:41.297436+00:00,
1c842de1-c4d8-4cca-a61c-04ffda0b39ab,monotonic_reads,network_partition,reader-1,read,mr-1c842de1-c4d8-4cca-a61c-04ffda0b39ab,,204,ONE,ALL,cassandra-2,True,False,3.71,2026-09-16T13:01:41.313939+00:00,
1c842de1-c4d8-4cca-a61c-04ffda0b39ab,monotonic_reads,network_partition,reader-1,read,mr-1c842de1-c4d8-4cca-a61c-04ffda0b39ab,,203,ONE,ALL,cassandra-3,True,True,3.326,2026-09-16T13:01:41.327689+00:00,
1c842de1-c4d8-4cca-a61c-04ffda0b39ab,monotonic_reads,network_partition,reader-1,read,mr-1c842de1-c4d8-4cca-a61c-04ffda0b39ab,,204,ONE,ALL,cassandra-1,True,False,4.646,2026-09-16T13:01:41.344034+00:00,
1c842de1-c4d8-4cca-a61c-04ffda0b39ab,monotonic_reads,network_partition,reader-1,read,mr-1c842de1-c4d8-4cca-a61c-04ffda0b39ab,,204,ONE,ALL,cassandra-2,True,False,3.406,2026-09-16T13:01:41.359141+00:00,
1c842de1-c4d8-4cca-a61c-04ffda0b39ab,monotonic_reads,network_partition,reader-1,read,mr-1c842de1-c4d8-4cca-a61c-04ffda0b39ab,,203,ONE,ALL,cassandra-3,True,True,3.657,2026-09-16T13:01:41.374451+00:00,
1c842de1-c4d8-4cca-a61c-04ffda0b39ab,monotonic_reads,network_partition,reader-1,read,mr-1c842de1-c4d8-4cca-a61c-04ffda0b39ab,,204,ONE,ALL,cassandra-1,True,False,4.027,2026-09-16T13:01:41.391219+00:00,
1c842de1-c4d8-4cca-a61c-04ffda0b39ab,monotonic_reads,network_partition,reader-1,read,mr-1c842de1-c4d8-4cca-a61c-04ffda0b39ab,,204,ONE,ALL,cassandra-2,True,False,4.402,2026-09-16T13:01:41.407625+00:00,
1c842de1-c4d8-4cca-a61c-04ffda0b39ab,monotonic_reads,network_partition,reader-1,read,mr-1c842de1-c4d8-4cca-a61c-04ffda0b39ab,,203,ONE,ALL,cassandra-3,True,True,3.024,2026-09-16T13:01:41.421673+00:00,
1c842de1-c4d8-4cca-a61c-04ffda0b39ab,monotonic_reads,network_partition,reader-1,read,mr-1c842de1-c4d8-4cca-a61c-04ffda0b39ab,,204,ONE,ALL,cassandra-1,True,False,3.778,2026-09-16T13:01:41.438140+00:00,
1c842de1-c4d8-4cca-a61c-04ffda0b39ab,monotonic_reads,network_partition,reader-1,read,mr-1c842de1-c4d8-4cca-a61c-04ffda0b39ab,,204,ONE,ALL,cassandra-2,True,False,3.792,2026-09-16T13:01:41.454562+00:00,
1c842de1-c4d8-4cca-a61c-04ffda0b39ab,monotonic_reads,network_partition,reader-1,read,mr-1c842de1-c4d8-4cca-a61c-04ffda0b39ab,,203,ONE,ALL,cassandra-3,True,True,3.384,2026-09-16T13:01:41.469750+00:00,
1c842de1-c4d8-4cca-a61c-04ffda0b39ab,monotonic_reads,network_partition,reader-1,read,mr-1c842de1-c4d8-4cca-a61c-04ffda0b39ab,,204,ONE,ALL,cassandra-1,True,False,3.398,2026-09-16T13:01:41.485604+00:00,
1c842de1-c4d8-4cca-a61c-04ffda0b39ab,monotonic_reads,network_partition,reader-1,read,mr-1c842de1-c4d8-4cca-a61c-04ffda0b39ab,,204,ONE,ALL,cassandra-2,True,False,3.243,2026-09-16T13:01:41.499603+00:00,
1c842de1-c4d8-4cca-a61c-04ffda0b39ab,monotonic_reads,network_partition,reader-1,read,mr-1c842de1-c4d8-4cca-a61c-04ffda0b39ab,,203,ONE,ALL,cassandra-3,True,True,4.278,2026-09-16T13:01:41.516597+00:00,
1c842de1-c4d8-4cca-a61c-04ffda0b39ab,monotonic_reads,network_partition,reader-1,read,mr-1c842de1-c4d8-4cca-a61c-04ffda0b39ab,,204,ONE,ALL,cassandra-1,True,False,3.521,2026-09-16T13:01:41.532898+00:00,
1c842de1-c4d8-4cca-a61c-04ffda0b39ab,monotonic_reads,network_partition,reader-1,read,mr-1c842de1-c4d8-4cca-a61c-04ffda0b39ab,,204,ONE,ALL,cassandra-2,True,False,3.173,2026-09-16T13:01:41.546433+00:00,
1c842de1-c4d8-4cca-a61c-04ffda0b39ab,monotonic_reads,network_partition,reader-1,read,mr-1c842de1-c4d8-4cca-a61c-04ffda0b39ab,,203,ONE,ALL,cassandra-3,True,True,3.427,2026-09-16T13:01:41.562170+00:00,
1c842de1-c4d8-4cca-a61c-04ffda0b39ab,monotonic_reads,network_partition,reader-1,read,mr-1c842de1-c4d8-4cca-a61c-04ffda0b39ab,,204,ONE,ALL,cassandra-1,True,False,2.186,2026-09-16T13:01:41.576576+00:00,
1c842de1-c4d8-4cca-a61c-04ffda0b39ab,monotonic_reads,network_partition,reader-1,read,mr-1c842de1-c4d8-4cca-a61c-04ffda0b39ab,,204,ONE,ALL,cassandra-2,True,False,3.286,2026-09-16T13:01:41.592563+00:00,
1c842de1-c4d8-4cca-a61c-04ffda0b39ab,monotonic_reads,network_partition,reader-1,read,mr-1c842de1-c4d8-4cca-a61c-04ffda0b39ab,,203,ONE,ALL,cassandra-3,True,True,2.753,2026-09-16T13:01:41.607492+00:00,
1c842de1-c4d8-4cca-a61c-04ffda0b39ab,monotonic_reads,network_partition,reader-1,read,mr-1c842de1-c4d8-4cca-a61c-04ffda0b39ab,,204,ONE,ALL,cassandra-1,True,False,2.998,2026-09-16T13:01:41.621225+00:00,
1c842de1-c4d8-4cca-a61c-04ffda0b39ab,monotonic_reads,network_partition,reader-1,read,mr-1c842de1-c4d8-4cca-a61c-04ffda0b39ab,,204,ONE,ALL,cassandra-2,True,False,2.957,2026-09-16T13:01:41.635306+00:00,
1c842de1-c4d8-4cca-a61c-04ffda0b39ab,monotonic_reads,network_partition,reader-1,read,mr-1c842de1-c4d8-4cca-a61c-04ffda0b39ab,,203,ONE,ALL,cassandra-3,True,True,2.975,2026-09-16T13:01:41.649338+00:00,
1c842de1-c4d8-4cca-a61c-04ffda0b39ab,monotonic_reads,network_partition,reader-1,read,mr-1c842de1-c4d8-4cca-a61c-04ffda0b39ab,,204,ONE,ALL,cassandra-1,True,False,2.974,2026-09-16T13:01:41.664590+00:00,
1c842de1-c4d8-4cca-a61c-04ffda0b39ab,monotonic_reads,network_partition,reader-1,read,mr-1c842de1-c4d8-4cca-a61c-04ffda0b39ab,,204,ONE,ALL,cassandra-2,True,False,3.876,2026-09-16T13:01:41.680531+00:00,
1c842de1-c4d8-4cca-a61c-04ffda0b39ab,monotonic_reads,network_partition,reader-1,read,mr-1c842de1-c4d8-4cca-a61c-04ffda0b39ab,,203,ONE,ALL,cassandra-3,True,True,4.034,2026-09-16T13:01:41.695915+00:00,
1c842de1-c4d8-4cca-a61c-04ffda0b39ab,monotonic_reads,network_partition,reader-1,read,mr-1c842de1-c4d8-4cca-a61c-04ffda0b39ab,,204,ONE,ALL,cassandra-1,True,False,3.284,2026-09-16T13:01:41.710167+00:00,
1c842de1-c4d8-4cca-a61c-04ffda0b39ab,monotonic_reads,network_partition,reader-1,read,mr-1c842de1-c4d8-4cca-a61c-04ffda0b39ab,,204,ONE,ALL,cassandra-2,True,False,3.356,2026-09-16T13:01:41.725750+00:00,
1c842de1-c4d8-4cca-a61c-04ffda0b39ab,monotonic_reads,network_partition,reader-1,read,mr-1c842de1-c4d8-4cca-a61c-04ffda0b39ab,,203,ONE,ALL,cassandra-3,True,True,3.765,2026-09-16T13:01:41.740155+00:00,
1c842de1-c4d8-4cca-a61c-04ffda0b39ab,monotonic_reads,network_partition,reader-1,read,mr-1c842de1-c4d8-4cca-a61c-04ffda0b39ab,,204,ONE,ALL,cassandra-1,True,False,3.425,2026-09-16T13:01:41.755797+00:00,
1c842de1-c4d8-4cca-a61c-04ffda0b39ab,monotonic_reads,network_partition,reader-1,read,mr-1c842de1-c4d8-4cca-a61c-04ffda0b39ab,,204,ONE,ALL,cassandra-2,True,False,3.348,2026-09-16T13:01:41.770213+00:00,
1c842de1-c4d8-4cca-a61c-04ffda0b39ab,monotonic_reads,network_partition,reader-1,read,mr-1c842de1-c4d8-4cca-a61c-04ffda0b39ab,,203,ONE,ALL,cassandra-3,True,True,3.168,2026-09-16T13:01:41.784537+00:00,
1c842de1-c4d8-4cca-a61c-04ffda0b39ab,monotonic_reads,network_partition,reader-1,read,mr-1c842de1-c4d8-4cca-a61c-04ffda0b39ab,,204,ONE,ALL,cassandra-1,True,False,4.315,2026-09-16T13:01:41.801587+00:00,
1c842de1-c4d8-4cca-a61c-04ffda0b39ab,monotonic_reads,network_partition,reader-1,read,mr-1c842de1-c4d8-4cca-a61c-04ffda0b39ab,,204,ONE,ALL,cassandra-2,True,False,3.792,2026-09-16T13:01:41.818128+00:00,
1c842de1-c4d8-4cca-a61c-04ffda0b39ab,monotonic_reads,network_partition,reader-1,read,mr-1c842de1-c4d8-4cca-a61c-04ffda0b39ab,,203,ONE,ALL,cassandra-3,True,True,3.34,2026-09-16T13:01:41.834067+00:00,
1c842de1-c4d8-4cca-a61c-04ffda0b39ab,monotonic_reads,network_partition,reader-1,read,mr-1c842de1-c4d8-4cca-a61c-04ffda0b39ab,,204,ONE,ALL,cassandra-1,True,False,4.375,2026-09-16T13:01:41.851301+00:00,
1c842de1-c4d8-4cca-a61c-04ffda0b39ab,monotonic_reads,network_partition,reader-1,read,mr-1c842de1-c4d8-4cca-a61c-04ffda0b39ab,,204,ONE,ALL,cassandra-2,True,False,6.262,2026-09-16T13:01:41.870079+00:00,
1c842de1-c4d8-4cca-a61c-04ffda0b39ab,monotonic_reads,network_partition,reader-1,read,mr-1c842de1-c4d8-4cca-a61c-04ffda0b39ab,,203,ONE,ALL,cassandra-3,True,True,5.216,2026-09-16T13:01:41.887718+00:00,
1c842de1-c4d8-4cca-a61c-04ffda0b39ab,monotonic_reads,network_partition,reader-1,read,mr-1c842de1-c4d8-4cca-a61c-04ffda0b39ab,,204,ONE,ALL,cassandra-1,True,False,4.265,2026-09-16T13:01:41.902583+00:00,
1c842de1-c4d8-4cca-a61c-04ffda0b39ab,monotonic_reads,network_partition,reader-1,read,mr-1c842de1-c4d8-4cca-a61c-04ffda0b39ab,,204,ONE,ALL,cassandra-2,True,False,3.869,2026-09-16T13:01:41.919219+00:00,
1c842de1-c4d8-4cca-a61c-04ffda0b39ab,monotonic_reads,network_partition,reader-1,read,mr-1c842de1-c4d8-4cca-a61c-04ffda0b39ab,,203,ONE,ALL,cassandra-3,True,True,4.171,2026-09-16T13:01:41.933817+00:00,
1c842de1-c4d8-4cca-a61c-04ffda0b39ab,monotonic_reads,network_partition,reader-1,read,mr-1c842de1-c4d8-4cca-a61c-04ffda0b39ab,,204,ONE,ALL,cassandra-1,True,False,4.178,2026-09-16T13:01:41.948612+00:00,
1c842de1-c4d8-4cca-a61c-04ffda0b39ab,monotonic_reads,network_partition,reader-1,read,mr-1c842de1-c4d8-4cca-a61c-04ffda0b39ab,,204,ONE,ALL,cassandra-2,True,False,3.201,2026-09-16T13:01:41.963580+00:00,
1c842de1-c4d8-4cca-a61c-04ffda0b39ab,monotonic_reads,network_partition,reader-1,read,mr-1c842de1-c4d8-4cca-a61c-04ffda0b39ab,,204,ONE,ALL,cassandra-3,True,False,3.425,2026-09-16T13:01:41.978748+00:00,
1c842de1-c4d8-4cca-a61c-04ffda0b39ab,monotonic_reads,network_partition,reader-1,read,mr-1c842de1-c4d8-4cca-a61c-04ffda0b39ab,,204,ONE,ALL,cassandra-1,True,False,3.535,2026-09-16T13:01:41.994776+00:00,
1c842de1-c4d8-4cca-a61c-04ffda0b39ab,monotonic_reads,network_partition,reader-1,read,mr-1c842de1-c4d8-4cca-a61c-04ffda0b39ab,,204,ONE,ALL,cassandra-2,True,False,4.994,2026-09-16T13:01:42.011445+00:00,
1c842de1-c4d8-4cca-a61c-04ffda0b39ab,monotonic_reads,network_partition,reader-1,read,mr-1c842de1-c4d8-4cca-a61c-04ffda0b39ab,,204,ONE,ALL,cassandra-3,True,False,3.939,2026-09-16T13:01:42.026457+00:00,
1c842de1-c4d8-4cca-a61c-04ffda0b39ab,monotonic_reads,network_partition,reader-1,read,mr-1c842de1-c4d8-4cca-a61c-04ffda0b39ab,,204,ONE,ALL,cassandra-1,True,False,3.947,2026-09-16T13:01:42.043141+00:00,
1c842de1-c4d8-4cca-a61c-04ffda0b39ab,monotonic_reads,network_partition,reader-1,read,mr-1c842de1-c4d8-4cca-a61c-04ffda0b39ab,,204,ONE,ALL,cassandra-2,True,False,4.959,2026-09-16T13:01:42.059132+00:00,
1c842de1-c4d8-4cca-a61c-04ffda0b39ab,monotonic_reads,network_partition,reader-1,read,mr-1c842de1-c4d8-4cca-a61c-04ffda0b39ab,,204,ONE,ALL,cassandra-3,True,False,3.55,2026-09-16T13:01:42.075518+00:00,
1c842de1-c4d8-4cca-a61c-04ffda0b39ab,monotonic_reads,network_partition,reader-1,read,mr-1c842de1-c4d8-4cca-a61c-04ffda0b39ab,,204,ONE,ALL,cassandra-1,True,False,3.557,2026-09-16T13:01:42.089553+00:00,
1c842de1-c4d8-4cca-a61c-04ffda0b39ab,monotonic_reads,network_partition,reader-1,read,mr-1c842de1-c4d8-4cca-a61c-04ffda0b39ab,,204,ONE,ALL,cassandra-2,True,False,4.155,2026-09-16T13:01:42.104662+00:00,
1c842de1-c4d8-4cca-a61c-04ffda0b39ab,monotonic_reads,network_partition,reader-1,read,mr-1c842de1-c4d8-4cca-a61c-04ffda0b39ab,,204,ONE,ALL,cassandra-3,True,False,4.071,2026-09-16T13:01:42.119316+00:00,
1c842de1-c4d8-4cca-a61c-04ffda0b39ab,monotonic_reads,network_partition,reader-1,read,mr-1c842de1-c4d8-4cca-a61c-04ffda0b39ab,,204,ONE,ALL,cassandra-1,True,False,3.84,2026-09-16T13:01:42.135208+00:00,
1c842de1-c4d8-4cca-a61c-04ffda0b39ab,monotonic_reads,network_partition,reader-1,read,mr-1c842de1-c4d8-4cca-a61c-04ffda0b39ab,,204,ONE,ALL,cassandra-2,True,False,3.87,2026-09-16T13:01:42.151279+00:00,
1c842de1-c4d8-4cca-a61c-04ffda0b39ab,monotonic_reads,network_partition,reader-1,read,mr-1c842de1-c4d8-4cca-a61c-04ffda0b39ab,,204,ONE,ALL,cassandra-3,True,False,4.381,2026-09-16T13:01:42.168175+00:00,
1c842de1-c4d8-4cca-a61c-04ffda0b39ab,monotonic_reads,network_partition,reader-1,read,mr-1c842de1-c4d8-4cca-a61c-04ffda0b39ab,,204,ONE,ALL,cassandra-1,True,False,3.216,2026-09-16T13:01:42.183659+00:00,
1c842de1-c4d8-4cca-a61c-04ffda0b39ab,monotonic_reads,network_partition,reader-1,read,mr-1c842de1-c4d8-4cca-a61c-04ffda0b39ab,,204,ONE,ALL,cassandra-2,True,False,4.002,2026-09-16T13:01:42.199383+00:00,
1c842de1-c4d8-4cca-a61c-04ffda0b39ab,monotonic_reads,network_partition,reader-1,read,mr-1c842de1-c4d8-4cca-a61c-04ffda0b39ab,,204,ONE,ALL,cassandra-3,True,False,4.459,2026-09-16T13:01:42.214841+00:00,
1c842de1-c4d8-4cca-a61c-04ffda0b39ab,monotonic_reads,network_partition,reader-1,read,mr-1c842de1-c4d8-4cca-a61c-04ffda0b39ab,,204,ONE,ALL,cassandra-1,True,False,4.036,2026-09-16T13:01:42.230424+00:00,
1c842de1-c4d8-4cca-a61c-04ffda0b39ab,monotonic_reads,network_partition,reader-1,read,mr-1c842de1-c4d8-4cca-a61c-04ffda0b39ab,,204,ONE,ALL,cassandra-2,True,False,2.182,2026-09-16T13:01:42.245480+00:00,
1c842de1-c4d8-4cca-a61c-04ffda0b39ab,monotonic_reads,network_partition,reader-1,read,mr-1c842de1-c4d8-4cca-a61c-04ffda0b39ab,,204,ONE,ALL,cassandra-3,True,False,2.414,2026-09-16T13:01:42.258812+00:00,
1c842de1-c4d8-4cca-a61c-04ffda0b39ab,monotonic_reads,network_partition,reader-1,read,mr-1c842de1-c4d8-4cca-a61c-04ffda0b39ab,,204,ONE,ALL,cassandra-1,True,False,3.24,2026-09-16T13:01:42.273150+00:00,
1c842de1-c4d8-4cca-a61c-04ffda0b39ab,monotonic_reads,network_partition,reader-1,read,mr-1c842de1-c4d8-4cca-a61c-04ffda0b39ab,,204,ONE,ALL,cassandra-2,True,False,6.219,2026-09-16T13:01:42.289582+00:00,
1c842de1-c4d8-4cca-a61c-04ffda0b39ab,monotonic_reads,network_partition,reader-1,read,mr-1c842de1-c4d8-4cca-a61c-04ffda0b39ab,,204,ONE,ALL,cassandra-3,True,False,3.169,2026-09-16T13:01:42.304395+00:00,
1c842de1-c4d8-4cca-a61c-04ffda0b39ab,monotonic_reads,network_partition,reader-1,read,mr-1c842de1-c4d8-4cca-a61c-04ffda0b39ab,,204,ONE,ALL,cassandra-1,True,False,3.241,2026-09-16T13:01:42.320336+00:00,
1c842de1-c4d8-4cca-a61c-04ffda0b39ab,monotonic_reads,network_partition,reader-1,read,mr-1c842de1-c4d8-4cca-a61c-04ffda0b39ab,,204,ONE,ALL,cassandra-2,True,False,3.821,2026-09-16T13:01:42.336206+00:00,
1c842de1-c4d8-4cca-a61c-04ffda0b39ab,monotonic_reads,network_partition,reader-1,read,mr-1c842de1-c4d8-4cca-a61c-04ffda0b39ab,,204,ONE,ALL,cassandra-3,True,False,3.635,2026-09-16T13:01:42.351040+00:00,
1c842de1-c4d8-4cca-a61c-04ffda0b39ab,monotonic_reads,network_partition,reader-1,read,mr-1c842de1-c4d8-4cca-a61c-04ffda0b39ab,,204,ONE,ALL,cassandra-1,True,False,3.164,2026-09-16T13:01:42.365044+00:00,
1c842de1-c4d8-4cca-a61c-04ffda0b39ab,monotonic_reads,network_partition,reader-1,read,mr-1c842de1-c4d8-4cca-a61c-04ffda0b39ab,,204,ONE,ALL,cassandra-2,True,False,3.086,2026-09-16T13:01:42.380482+00:00,
1c842de1-c4d8-4cca-a61c-04ffda0b39ab,monotonic_reads,network_partition,reader-1,read,mr-1c842de1-c4d8-4cca-a61c-04ffda0b39ab,,204,ONE,ALL,cassandra-3,True,False,3.427,2026-09-16T13:01:42.395815+00:00,
1c842de1-c4d8-4cca-a61c-04ffda0b39ab,monotonic_reads,network_partition,reader-1,read,mr-1c842de1-c4d8-4cca-a61c-04ffda0b39ab,,204,ONE,ALL,cassandra-1,True,False,3.316,2026-09-16T13:01:42.410968+00:00,
1c842de1-c4d8-4cca-a61c-04ffda0b39ab,monotonic_reads,network_partition,reader-1,read,mr-1c842de1-c4d8-4cca-a61c-04ffda0b39ab,,204,ONE,ALL,cassandra-2,True,False,3.444,2026-09-16T13:01:42.425826+00:00,
1c842de1-c4d8-4cca-a61c-04ffda0b39ab,monotonic_reads,network_partition,reader-1,read,mr-1c842de1-c4d8-4cca-a61c-04ffda0b39ab,,204,ONE,ALL,cassandra-3,True,False,3.716,2026-09-16T13:01:42.440099+00:00,
1c842de1-c4d8-4cca-a61c-04ffda0b39ab,monotonic_reads,network_partition,reader-1,read,mr-1c842de1-c4d8-4cca-a61c-04ffda0b39ab,,204,ONE,ALL,cassandra-1,True,False,3.478,2026-09-16T13:01:42.453806+00:00,
1c842de1-c4d8-4cca-a61c-04ffda0b39ab,monotonic_reads,network_partition,reader-1,read,mr-1c842de1-c4d8-4cca-a61c-04ffda0b39ab,,204,ONE,ALL,cassandra-2,True,False,3.214,2026-09-16T13:01:42.469201+00:00,
1c842de1-c4d8-4cca-a61c-04ffda0b39ab,monotonic_reads,network_partition,reader-1,read,mr-1c842de1-c4d8-4cca-a61c-04ffda0b39ab,,204,ONE,ALL,cassandra-3,True,False,3.944,2026-09-16T13:01:42.484761+00:00,
1c842de1-c4d8-4cca-a61c-04ffda0b39ab,monotonic_reads,network_partition,reader-1,read,mr-1c842de1-c4d8-4cca-a61c-04ffda0b39ab,,204,ONE,ALL,cassandra-1,True,False,3.796,2026-09-16T13:01:42.501335+00:00,
1c842de1-c4d8-4cca-a61c-04ffda0b39ab,monotonic_reads,network_partition,reader-1,read,mr-1c842de1-c4d8-4cca-a61c-04ffda0b39ab,,204,ONE,ALL,cassandra-2,True,False,3.931,2026-09-16T13:01:42.516295+00:00,
1c842de1-c4d8-4cca-a61c-04ffda0b39ab,monotonic_reads,network_partition,reader-1,read,mr-1c842de1-c4d8-4cca-a61c-04ffda0b39ab,,204,ONE,ALL,cassandra-3,True,False,4.024,2026-09-16T13:01:42.532908+00:00,
1c842de1-c4d8-4cca-a61c-04ffda0b39ab,monotonic_reads,network_partition,reader-1,read,mr-1c842de1-c4d8-4cca-a61c-04ffda0b39ab,,204,ONE,ALL,cassandra-1,True,False,2.673,2026-09-16T13:01:42.547026+00:00,
1c842de1-c4d8-4cca-a61c-04ffda0b39ab,monotonic_reads,network_partition,reader-1,read,mr-1c842de1-c4d8-4cca-a61c-04ffda0b39ab,,204,ONE,ALL,cassandra-2,True,False,10.656,2026-09-16T13:01:42.568011+00:00,
1c842de1-c4d8-4cca-a61c-04ffda0b39ab,monotonic_reads,network_partition,reader-1,read,mr-1c842de1-c4d8-4cca-a61c-04ffda0b39ab,,204,ONE,ALL,cassandra-3,True,False,2.717,2026-09-16T13:01:42.581033+00:00,
1c842de1-c4d8-4cca-a61c-04ffda0b39ab,monotonic_reads,network_partition,reader-1,read,mr-1c842de1-c4d8-4cca-a61c-04ffda0b39ab,,204,ONE,ALL,cassandra-1,True,False,4.071,2026-09-16T13:01:42.597465+00:00,
1c842de1-c4d8-4cca-a61c-04ffda0b39ab,monotonic_reads,network_partition,reader-1,read,mr-1c842de1-c4d8-4cca-a61c-04ffda0b39ab,,204,ONE,ALL,cassandra-2,True,False,3.969,2026-09-16T13:01:42.612351+00:00,
1c842de1-c4d8-4cca-a61c-04ffda0b39ab,monotonic_reads,network_partition,reader-1,read,mr-1c842de1-c4d8-4cca-a61c-04ffda0b39ab,,204,ONE,ALL,cassandra-3,True,False,2.899,2026-09-16T13:01:42.626235+00:00,
1c842de1-c4d8-4cca-a61c-04ffda0b39ab,monotonic_reads,network_partition,reader-1,read,mr-1c842de1-c4d8-4cca-a61c-04ffda0b39ab,,204,ONE,ALL,cassandra-1,True,False,3.834,2026-09-16T13:01:42.642775+00:00,
1c842de1-c4d8-4cca-a61c-04ffda0b39ab,monotonic_reads,network_partition,reader-1,read,mr-1c842de1-c4d8-4cca-a61c-04ffda0b39ab,,204,ONE,ALL,cassandra-2,True,False,3.49,2026-09-16T13:01:42.658322+00:00,
1c842de1-c4d8-4cca-a61c-04ffda0b39ab,monotonic_reads,network_partition,reader-1,read,mr-1c842de1-c4d8-4cca-a61c-04ffda0b39ab,,204,ONE,ALL,cassandra-3,True,False,3.386,2026-09-16T13:01:42.672759+00:00,
1c842de1-c4d8-4cca-a61c-04ffda0b39ab,monotonic_reads,network_partition,reader-1,read,mr-1c842de1-c4d8-4cca-a61c-04ffda0b39ab,,204,ONE,ALL,cassandra-1,True,False,3.531,2026-09-16T13:01:42.687296+00:00,
1c842de1-c4d8-4cca-a61c-04ffda0b39ab,monotonic_reads,network_partition,reader-1,read,mr-1c842de1-c4d8-4cca-a61c-04ffda0b39ab,,204,ONE,ALL,cassandra-2,True,False,2.969,2026-09-16T13:01:42.702050+00:00,
1c842de1-c4d8-4cca-a61c-04ffda0b39ab,monotonic_reads,network_partition,reader-1,read,mr-1c842de1-c4d8-4cca-a61c-04ffda0b39ab,,204,ONE,ALL,cassandra-3,True,False,3.587,2026-09-16T13:01:42.718077+00:00,
1c842de1-c4d8-4cca-a61c-04ffda0b39ab,monotonic_reads,network_partition,reader-1,read,mr-1c842de1-c4d8-4cca-a61c-04ffda0b39ab,,204,ONE,ALL,cassandra-1,True,False,4.315,2026-09-16T13:01:42.732920+00:00,
1c842de1-c4d8-4cca-a61c-04ffda0b39ab,monotonic_reads,network_partition,reader-1,read,mr-1c842de1-c4d8-4cca-a61c-04ffda0b39ab,,204,ONE,ALL,cassandra-2,True,False,2.586,2026-09-16T13:01:42.746320+00:00,
1c842de1-c4d8-4cca-a61c-04ffda0b39ab,monotonic_reads,network_partition,reader-1,read,mr-1c842de1-c4d8-4cca-a61c-04ffda0b39ab,,204,ONE,ALL,cassandra-3,True,False,3.291,2026-09-16T13:01:42.762315+00:00,
1c842de1-c4d8-4cca-a61c-04ffda0b39ab,monotonic_reads,network_partition,reader-1,read,mr-1c842de1-c4d8-4cca-a61c-04ffda0b39ab,,204,ONE,ALL,cassandra-1,True,False,2.572,2026-09-16T13:01:42.775957+00:00,
1c842de1-c4d8-4cca-a61c-04ffda0b39ab,monotonic_reads,network_partition,reader-1,read,mr-1c842de1-c4d8-4cca-a61c-04ffda0b39ab,,204,ONE,ALL,cassandra-2,True,False,2.914,2026-09-16T13:01:42.791584+00:00,
1c842de1-c4d8-4cca-a61c-04ffda0b39ab,monotonic_reads,network_partition,reader-1,read,mr-1c842de1-c4d8-4cca-a61c-04ffda0b39ab,,204,ONE,ALL,cassandra-3,True,False,4.617,2026-09-16T13:01:42.807990+00:00,
1c842de1-c4d8-4cca-a61c-04ffda0b39ab,monotonic_reads,network_partition,reader-1,read,mr-1c842de1-c4d8-4cca-a61c-04ffda0b39ab,,204,ONE,ALL,cassandra-1,True,False,3.912,2026-09-16T13:01:42.823338+00:00,
1c842de1-c4d8-4cca-a61c-04ffda0b39ab,monotonic_reads,network_partition,reader-1,read,mr-1c842de1-c4d8-4cca-a61c-04ffda0b39ab,,204,ONE,ALL,cassandra-2,True,False,3.641,2026-09-16T13:01:42.838170+00:00,
1c842de1-c4d8-4cca-a61c-04ffda0b39ab,monotonic_reads,network_partition,reader-1,read,mr-1c842de1-c4d8-4cca-a61c-04ffda0b39ab,,204,ONE,ALL,cassandra-3,True,False,2.937,2026-09-16T13:01:42.852021+00:00,
1c842de1-c4d8-4cca-a61c-04ffda0b39ab,monotonic_reads,network_partition,reader-1,read,mr-1c842de1-c4d8-4cca-a61c-04ffda0b39ab,,204,ONE,ALL,cassandra-1,True,False,3.647,2026-09-16T13:01:42.867059+00:00,
1c842de1-c4d8-4cca-a61c-04ffda0b39ab,monotonic_reads,network_partition,reader-1,read,mr-1c842de1-c4d8-4cca-a61c-04ffda0b39ab,,204,ONE,ALL,cassandra-2,True,False,3.373,2026-09-16T13:01:42.882606+00:00,
1c842de1-c4d8-4cca-a61c-04ffda0b39ab,monotonic_reads,network_partition,reader-1,read,mr-1c842de1-c4d8-4cca-a61c-04ffda0b39ab,,204,ONE,ALL,cassandra-3,True,False,3.524,2026-09-16T13:01:42.898839+00:00,
1c842de1-c4d8-4cca-a61c-04ffda0b39ab,monotonic_reads,network_partition,reader-1,read,mr-1c842de1-c4d8-4cca-a61c-04ffda0b39ab,,204,ONE,ALL,cassandra-1,True,False,2.999,2026-09-16T13:01:42.912710+00:00,
1c842de1-c4d8-4cca-a61c-04ffda0b39ab,monotonic_reads,network_partition,reader-1,read,mr-1c842de1-c4d8-4cca-a61c-04ffda0b39ab,,204,ONE,ALL,cassandra-2,True,False,4.333,2026-09-16T13:01:42.928960+00:00,
1c842de1-c4d8-4cca-a61c-04ffda0b39ab,monotonic_reads,network_partition,reader-1,read,mr-1c842de1-c4d8-4cca-a61c-04ffda0b39ab,,204,ONE,ALL,cassandra-3,True,False,4.376,2026-09-16T13:01:42.944021+00:00,
1c842de1-c4d8-4cca-a61c-04ffda0b39ab,monotonic_reads,network_partition,reader-1,read,mr-1c842de1-c4d8-4cca-a61c-04ffda0b39ab,,204,ONE,ALL,cassandra-1,True,False,3.67,2026-09-16T13:01:42.960476+00:00,
1c842de1-c4d8-4cca-a61c-04ffda0b39ab,monotonic_reads,network_partition,reader-1,read,mr-1c842de1-c4d8-4cca-a61c-04ffda0b39ab,,204,ONE,ALL,cassandra-2,True,False,14.937,2026-09-16T13:01:42.987886+00:00,
1c842de1-c4d8-4cca-a61c-04ffda0b39ab,monotonic_reads,network_partition,reader-1,read,mr-1c842de1-c4d8-4cca-a61c-04ffda0b39ab,,204,ONE,ALL,cassandra-3,True,False,3.428,2026-09-16T13:01:43.003267+00:00,
1c842de1-c4d8-4cca-a61c-04ffda0b39ab,monotonic_reads,network_partition,reader-1,read,mr-1c842de1-c4d8-4cca-a61c-04ffda0b39ab,,204,ONE,ALL,cassandra-1,True,False,3.32,2026-09-16T13:01:43.018725+00:00,
1c842de1-c4d8-4cca-a61c-04ffda0b39ab,monotonic_reads,network_partition,reader-1,read,mr-1c842de1-c4d8-4cca-a61c-04ffda0b39ab,,204,ONE,ALL,cassandra-2,True,False,4.313,2026-09-16T13:01:43.035755+00:00,
1c842de1-c4d8-4cca-a61c-04ffda0b39ab,monotonic_reads,network_partition,reader-1,read,mr-1c842de1-c4d8-4cca-a61c-04ffda0b39ab,,204,ONE,ALL,cassandra-3,True,False,3.549,2026-09-16T13:01:43.050419+00:00,
1c842de1-c4d8-4cca-a61c-04ffda0b39ab,monotonic_reads,network_partition,reader-1,read,mr-1c842de1-c4d8-4cca-a61c-04ffda0b39ab,,204,ONE,ALL,cassandra-1,True,False,4.321,2026-09-16T13:01:43.067488+00:00,
1c842de1-c4d8-4cca-a61c-04ffda0b39ab,monotonic_reads,network_partition,reader-1,read,mr-1c842de1-c4d8-4cca-a61c-04ffda0b39ab,,204,ONE,ALL,cassandra-2,True,False,3.682,2026-09-16T13:01:43.083893+00:00,
1c842de1-c4d8-4cca-a61c-04ffda0b39ab,monotonic_reads,network_partition,reader-1,read,mr-1c842de1-c4d8-4cca-a61c-04ffda0b39ab,,204,ONE,ALL,cassandra-3,True,False,3.79,2026-09-16T13:01:43.100405+00:00,
1c842de1-c4d8-4cca-a61c-04ffda0b39ab,monotonic_reads,network_partition,reader-1,read,mr-1c842de1-c4d8-4cca-a61c-04ffda0b39ab,,204,ONE,ALL,cassandra-1,True,False,3.462,2026-09-16T13:01:43.116205+00:00,
1c842de1-c4d8-4cca-a61c-04ffda0b39ab,monotonic_reads,network_partition,reader-1,read,mr-1c842de1-c4d8-4cca-a61c-04ffda0b39ab,,204,ONE,ALL,cassandra-2,True,False,3.891,2026-09-16T13:01:43.132885+00:00,
1c842de1-c4d8-4cca-a61c-04ffda0b39ab,monotonic_reads,network_partition,reader-1,read,mr-1c842de1-c4d8-4cca-a61c-04ffda0b39ab,,204,ONE,ALL,cassandra-3,True,False,3.584,2026-09-16T13:01:43.148074+00:00,
1c842de1-c4d8-4cca-a61c-04ffda0b39ab,monotonic_reads,network_partition,reader-1,read,mr-1c842de1-c4d8-4cca-a61c-04ffda0b39ab,,204,ONE,ALL,cassandra-1,True,False,3.929,2026-09-16T13:01:43.163304+00:00,
1c842de1-c4d8-4cca-a61c-04ffda0b39ab,monotonic_reads,network_partition,reader-1,read,mr-1c842de1-c4d8-4cca-a61c-04ffda0b39ab,,204,ONE,ALL,cassandra-2,True,False,3.851,2026-09-16T13:01:43.179894+00:00,
1c842de1-c4d8-4cca-a61c-04ffda0b39ab,monotonic_reads,network_partition,reader-1,read,mr-1c842de1-c4d8-4cca-a61c-04ffda0b39ab,,204,ONE,ALL,cassandra-3,True,False,4.353,2026-09-16T13:01:43.195882+00:00,
1c842de1-c4d8-4cca-a61c-04ffda0b39ab,monotonic_reads,network_partition,reader-1,read,mr-1c842de1-c4d8-4cca-a61c-04ffda0b39ab,,204,ONE,ALL,cassandra-1,True,False,3.015,2026-09-16T13:01:43.209405+00:00,
1c842de1-c4d8-4cca-a61c-04ffda0b39ab,monotonic_reads,network_partition,reader-1,read,mr-1c842de1-c4d8-4cca-a61c-04ffda0b39ab,,204,ONE,ALL,cassandra-2,True,False,2.957,2026-09-16T13:01:43.223814+00:00,
1c842de1-c4d8-4cca-a61c-04ffda0b39ab,monotonic_reads,network_partition,reader-1,read,mr-1c842de1-c4d8-4cca-a61c-04ffda0b39ab,,204,ONE,ALL,cassandra-3,True,False,2.514,2026-09-16T13:01:43.237153+00:00,
1c842de1-c4d8-4cca-a61c-04ffda0b39ab,monotonic_reads,network_partition,reader-1,read,mr-1c842de1-c4d8-4cca-a61c-04ffda0b39ab,,204,ONE,ALL,cassandra-1,True,False,4.519,2026-09-16T13:01:43.253205+00:00,
1c842de1-c4d8-4cca-a61c-04ffda0b39ab,monotonic_reads,network_partition,reader-1,read,mr-1c842de1-c4d8-4cca-a61c-04ffda0b39ab,,204,ONE,ALL,cassandra-2,True,False,3.908,2026-09-16T13:01:43.268404+00:00,
1c842de1-c4d8-4cca-a61c-04ffda0b39ab,monotonic_reads,network_partition,reader-1,read,mr-1c842de1-c4d8-4cca-a61c-04ffda0b39ab,,204,ONE,ALL,cassandra-3,True,False,2.279,2026-09-16T13:01:43.282150+00:00,
1c842de1-c4d8-4cca-a61c-04ffda0b39ab,monotonic_reads,network_partition,reader-1,read,mr-1c842de1-c4d8-4cca-a61c-04ffda0b39ab,,204,ONE,ALL,cassandra-1,True,False,1.725,2026-09-16T13:01:43.296479+00:00,
1c842de1-c4d8-4cca-a61c-04ffda0b39ab,monotonic_reads,network_partition,reader-1,read,mr-1c842de1-c4d8-4cca-a61c-04ffda0b39ab,,204,ONE,ALL,cassandra-2,True,False,1.62,2026-09-16T13:01:43.310696+00:00,
1c842de1-c4d8-4cca-a61c-04ffda0b39ab,monotonic_reads,network_partition,reader-1,read,mr-1c842de1-c4d8-4cca-a61c-04ffda0b39ab,,204,ONE,ALL,cassandra-3,True,False,1.448,2026-09-16T13:01:43.324775+00:00,
1c842de1-c4d8-4cca-a61c-04ffda0b39ab,monotonic_reads,network_partition,reader-1,read,mr-1c842de1-c4d8-4cca-a61c-04ffda0b39ab,,204,ONE,ALL,cassandra-1,True,False,1.811,2026-09-16T13:01:43.339146+00:00,
1c842de1-c4d8-4cca-a61c-04ffda0b39ab,monotonic_reads,network_partition,reader-1,read,mr-1c842de1-c4d8-4cca-a61c-04ffda0b39ab,,204,ONE,ALL,cassandra-2,True,False,2.26,2026-09-16T13:01:43.353963+00:00,
1c842de1-c4d8-4cca-a61c-04ffda0b39ab,monotonic_reads,network_partition,reader-1,read,mr-1c842de1-c4d8-4cca-a61c-04ffda0b39ab,,204,ONE,ALL,cassandra-3,True,False,2.59,2026-09-16T13:01:43.369103+00:00,
1c842de1-c4d8-4cca-a61c-04ffda0b39ab,monotonic_reads,network_partition,reader-1,read,mr-1c842de1-c4d8-4cca-a61c-04ffda0b39ab,,204,ONE,ALL,cassandra-1,True,False,2.511,2026-09-16T13:01:43.384169+00:00,
1c842de1-c4d8-4cca-a61c-04ffda0b39ab,monotonic_reads,network_partition,reader-1,read,mr-1c842de1-c4d8-4cca-a61c-04ffda0b39ab,,204,ONE,ALL,cassandra-2,True,False,1.41,2026-09-16T13:01:43.398139+00:00,
1c842de1-c4d8-4cca-a61c-04ffda0b39ab,monotonic_reads,network_partition,reader-1,read,mr-1c842de1-c4d8-4cca-a61c-04ffda0b39ab,,204,ONE,ALL,cassandra-3,True,False,2.781,2026-09-16T13:01:43.413533+00:00,
1c842de1-c4d8-4cca-a61c-04ffda0b39ab,monotonic_reads,network_partition,reader-1,read,mr-1c842de1-c4d8-4cca-a61c-04ffda0b39ab,,204,ONE,ALL,cassandra-1,True,False,3.029,2026-09-16T13:01:43.428373+00:00,
1c842de1-c4d8-4cca-a61c-04ffda0b39ab,monotonic_reads,network_partition,reader-1,read,mr-1c842de1-c4d8-4cca-a61c-04ffda0b39ab,,204,ONE,ALL,cassandra-2,True,False,2.335,2026-09-16T13:01:43.441691+00:00,
1c842de1-c4d8-4cca-a61c-04ffda0b39ab,monotonic_reads,network_partition,reader-1,read,mr-1c842de1-c4d8-4cca-a61c-04ffda0b39ab,,204,ONE,ALL,cassandra-3,True,False,3.801,2026-09-16T13:01:43.457438+00:00,
1c842de1-c4d8-4cca-a61c-04ffda0b39ab,monotonic_reads,network_partition,reader-1,read,mr-1c842de1-c4d8-4cca-a61c-04ffda0b39ab,,204,ONE,ALL,cassandra-1,True,False,3.388,2026-09-16T13:01:43.472647+00:00,
1c842de1-c4d8-4cca-a61c-04ffda0b39ab,monotonic_reads,network_partition,reader-1,read,mr-1c842de1-c4d8-4cca-a61c-04ffda0b39ab,,204,ONE,ALL,cassandra-2,True,False,3.653,2026-09-16T13:01:43.488060+00:00,
1c842de1-c4d8-4cca-a61c-04ffda0b39ab,monotonic_reads,network_partition,reader-1,read,mr-1c842de1-c4d8-4cca-a61c-04ffda0b39ab,,204,ONE,ALL,cassandra-3,True,False,3.376,2026-09-16T13:01:43.501720+00:00,
1c842de1-c4d8-4cca-a61c-04ffda0b39ab,monotonic_reads,network_partition,reader-1,read,mr-1c842de1-c4d8-4cca-a61c-04ffda0b39ab,,204,ONE,ALL,cassandra-1,True,False,2.987,2026-09-16T13:01:43.516125+00:00,
1c842de1-c4d8-4cca-a61c-04ffda0b39ab,monotonic_reads,network_partition,reader-1,read,mr-1c842de1-c4d8-4cca-a61c-04ffda0b39ab,,204,ONE,ALL,cassandra-2,True,False,3.195,2026-09-16T13:01:43.530429+00:00,
1c842de1-c4d8-4cca-a61c-04ffda0b39ab,monotonic_reads,network_partition,reader-1,read,mr-1c842de1-c4d8-4cca-a61c-04ffda0b39ab,,204,ONE,ALL,cassandra-3,True,False,2.998,2026-09-16T13:01:43.544306+00:00,
1c842de1-c4d8-4cca-a61c-04ffda0b39ab,monotonic_reads,network_partition,reader-1,read,mr-1c842de1-c4d8-4cca-a61c-04ffda0b39ab,,204,ONE,ALL,cassandra-1,True,False,2.98,2026-09-16T13:01:43.558168+00:00,
1c842de1-c4d8-4cca-a61c-04ffda0b39ab,monotonic_reads,network_partition,reader-1,read,mr-1c842de1-c4d8-4cca-a61c-04ffda0b39ab,,204,ONE,ALL,cassandra-2,True,False,3.938,2026-09-16T13:01:43.573224+00:00,
1c842de1-c4d8-4cca-a61c-04ffda0b39ab,monotonic_reads,network_partition,reader-1,read,mr-1c842de1-c4d8-4cca-a61c-04ffda0b39ab,,204,ONE,ALL,cassandra-3,True,False,3.331,2026-09-16T13:01:43.589279+00:00,
1c842de1-c4d8-4cca-a61c-04ffda0b39ab,monotonic_reads,network_partition,reader-1,read,mr-1c842de1-c4d8-4cca-a61c-04ffda0b39ab,,204,ONE,ALL,cassandra-1,True,False,2.515,2026-09-16T13:01:43.604240+00:00,
1c842de1-c4d8-4cca-a61c-04ffda0b39ab,monotonic_reads,network_partition,reader-1,read,mr-1c842de1-c4d8-4cca-a61c-04ffda0b39ab,,204,ONE,ALL,cassandra-2,True,False,3.412,2026-09-16T13:01:43.619081+00:00,
1c842de1-c4d8-4cca-a61c-04ffda0b39ab,monotonic_reads,network_partition,reader-1,read,mr-1c842de1-c4d8-4cca-a61c-04ffda0b39ab,,204,ONE,ALL,cassandra-3,True,False,4.185,2026-09-16T13:01:43.635373+00:00,
1c842de1-c4d8-4cca-a61c-04ffda0b39ab,monotonic_reads,network_partition,reader-1,read,mr-1c842de1-c4d8-4cca-a61c-04ffda0b39ab,,204,ONE,ALL,cassandra-1,True,False,3.355,2026-09-16T13:01:43.649724+00:00,
1c842de1-c4d8-4cca-a61c-04ffda0b39ab,monotonic_reads,network_partition,reader-1,read,mr-1c842de1-c4d8-4cca-a61c-04ffda0b39ab,,204,ONE,ALL,cassandra-2,True,False,3.252,2026-09-16T13:01:43.665673+00:00,
1c842de1-c4d8-4cca-a61c-04ffda0b39ab,monotonic_reads,network_partition,reader-1,read,mr-1c842de1-c4d8-4cca-a61c-04ffda0b39ab,,204,ONE,ALL,cassandra-3,True,False,3.591,2026-09-16T13:01:43.679967+00:00,
1c842de1-c4d8-4cca-a61c-04ffda0b39ab,monotonic_reads,network_partition,reader-1,read,mr-1c842de1-c4d8-4cca-a61c-04ffda0b39ab,,204,ONE,ALL,cassandra-1,True,False,2.902,2026-09-16T13:01:43.694255+00:00,
1c842de1-c4d8-4cca-a61c-04ffda0b39ab,monotonic_reads,network_partition,reader-1,read,mr-1c842de1-c4d8-4cca-a61c-04ffda0b39ab,,204,ONE,ALL,cassandra-2,True,False,2.51,2026-09-16T13:01:43.708228+00:00,
1c842de1-c4d8-4cca-a61c-04ffda0b39ab,monotonic_reads,network_partition,reader-1,read,mr-1c842de1-c4d8-4cca-a61c-04ffda0b39ab,,204,ONE,ALL,cassandra-3,True,False,2.815,2026-09-16T13:01:43.723511+00:00,
1c842de1-c4d8-4cca-a61c-04ffda0b39ab,monotonic_reads,network_partition,reader-1,read,mr-1c842de1-c4d8-4cca-a61c-04ffda0b39ab,,204,ONE,ALL,cassandra-1,True,False,3.849,2026-09-16T13:01:43.740039+00:00,
1c842de1-c4d8-4cca-a61c-04ffda0b39ab,monotonic_reads,network_partition,reader-1,read,mr-1c842de1-c4d8-4cca-a61c-04ffda0b39ab,,204,ONE,ALL,cassandra-2,True,False,3.286,2026-09-16T13:01:43.753662+00:00,
1c842de1-c4d8-4cca-a61c-04ffda0b39ab,monotonic_reads,network_partition,reader-1,read,mr-1c842de1-c4d8-4cca-a61c-04ffda0b39ab,,204,ONE,ALL,cassandra-3,True,False,2.603,2026-09-16T13:01:43.766907+00:00,
1c842de1-c4d8-4cca-a61c-04ffda0b39ab,monotonic_reads,network_partition,reader-1,read,mr-1c842de1-c4d8-4cca-a61c-04ffda0b39ab,,204,ONE,ALL,cassandra-1,True,False,3.062,2026-09-16T13:01:43.780358+00:00,
1c842de1-c4d8-4cca-a61c-04ffda0b39ab,monotonic_reads,network_partition,reader-1,read,mr-1c842de1-c4d8-4cca-a61c-04ffda0b39ab,,204,ONE,ALL,cassandra-2,True,False,3.38,2026-09-16T13:01:43.796448+00:00,
1c842de1-c4d8-4cca-a61c-04ffda0b39ab,monotonic_reads,network_partition,reader-1,read,mr-1c842de1-c4d8-4cca-a61c-04ffda0b39ab,,204,ONE,ALL,cassandra-3,True,False,2.406,2026-09-16T13:01:43.810755+00:00,
1c842de1-c4d8-4cca-a61c-04ffda0b39ab,monotonic_reads,network_partition,reader-1,read,mr-1c842de1-c4d8-4cca-a61c-04ffda0b39ab,,204,ONE,ALL,cassandra-1,True,False,2.882,2026-09-16T13:01:43.825260+00:00,
1c842de1-c4d8-4cca-a61c-04ffda0b39ab,monotonic_reads,network_partition,reader-1,read,mr-1c842de1-c4d8-4cca-a61c-04ffda0b39ab,,204,ONE,ALL,cassandra-2,True,False,3.351,2026-09-16T13:01:43.839796+00:00,
1c842de1-c4d8-4cca-a61c-04ffda0b39ab,monotonic_reads,network_partition,reader-1,read,mr-1c842de1-c4d8-4cca-a61c-04ffda0b39ab,,204,ONE,ALL,cassandra-3,True,False,2.655,2026-09-16T13:01:43.854015+00:00,
1c842de1-c4d8-4cca-a61c-04ffda0b39ab,monotonic_reads,network_partition,reader-1,read,mr-1c842de1-c4d8-4cca-a61c-04ffda0b39ab,,204,ONE,ALL,cassandra-1,True,False,3.001,2026-09-16T13:01:43.868994+00:00,
1c842de1-c4d8-4cca-a61c-04ffda0b39ab,monotonic_reads,network_partition,reader-1,read,mr-1c842de1-c4d8-4cca-a61c-04ffda0b39ab,,204,ONE,ALL,cassandra-2,True,False,2.813,2026-09-16T13:01:43.883971+00:00,
1c842de1-c4d8-4cca-a61c-04ffda0b39ab,monotonic_reads,network_partition,reader-1,read,mr-1c842de1-c4d8-4cca-a61c-04ffda0b39ab,,204,ONE,ALL,cassandra-3,True,False,3.177,2026-09-16T13:01:43.900016+00:00,
1c842de1-c4d8-4cca-a61c-04ffda0b39ab,monotonic_reads,network_partition,reader-1,read,mr-1c842de1-c4d8-4cca-a61c-04ffda0b39ab,,204,ONE,ALL,cassandra-1,True,False,3.558,2026-09-16T13:01:43.913916+00:00,
1c842de1-c4d8-4cca-a61c-04ffda0b39ab,monotonic_reads,network_partition,reader-1,read,mr-1c842de1-c4d8-4cca-a61c-04ffda0b39ab,,204,ONE,ALL,cassandra-2,True,False,4.404,2026-09-16T13:01:43.928765+00:00,
1c842de1-c4d8-4cca-a61c-04ffda0b39ab,monotonic_reads,network_partition,reader-1,read,mr-1c842de1-c4d8-4cca-a61c-04ffda0b39ab,,204,ONE,ALL,cassandra-3,True,False,4.493,2026-09-16T13:01:43.945900+00:00,
1c842de1-c4d8-4cca-a61c-04ffda0b39ab,monotonic_reads,network_partition,reader-1,read,mr-1c842de1-c4d8-4cca-a61c-04ffda0b39ab,,204,ONE,ALL,cassandra-1,True,False,1.818,2026-09-16T13:01:43.960299+00:00,
1c842de1-c4d8-4cca-a61c-04ffda0b39ab,monotonic_reads,network_partition,reader-1,read,mr-1c842de1-c4d8-4cca-a61c-04ffda0b39ab,,204,ONE,ALL,cassandra-2,True,False,2.492,2026-09-16T13:01:43.974868+00:00,
1c842de1-c4d8-4cca-a61c-04ffda0b39ab,monotonic_reads,network_partition,reader-1,read,mr-1c842de1-c4d8-4cca-a61c-04ffda0b39ab,,204,ONE,ALL,cassandra-3,True,False,3.232,2026-09-16T13:01:43.990607+00:00,
1c842de1-c4d8-4cca-a61c-04ffda0b39ab,monotonic_reads,network_partition,reader-1,read,mr-1c842de1-c4d8-4cca-a61c-04ffda0b39ab,,204,ONE,ALL,cassandra-1,True,False,3.599,2026-09-16T13:01:44.004485+00:00,
1c842de1-c4d8-4cca-a61c-04ffda0b39ab,monotonic_reads,network_partition,reader-1,read,mr-1c842de1-c4d8-4cca-a61c-04ffda0b39ab,,204,ONE,ALL,cassandra-2,True,False,3.224,2026-09-16T13:01:44.018763+00:00,
1c842de1-c4d8-4cca-a61c-04ffda0b39ab,monotonic_reads,network_partition,reader-1,read,mr-1c842de1-c4d8-4cca-a61c-04ffda0b39ab,,204,ONE,ALL,cassandra-3,True,False,3.174,2026-09-16T13:01:44.032527+00:00,
1c842de1-c4d8-4cca-a61c-04ffda0b39ab,monotonic_reads,network_partition,reader-1,read,mr-1c842de1-c4d8-4cca-a61c-04ffda0b39ab,,204,ONE,ALL,cassandra-1,True,False,2.457,2026-09-16T13:01:44.046247+00:00,
1c842de1-c4d8-4cca-a61c-04ffda0b39ab,monotonic_reads,network_partition,reader-1,read,mr-1c842de1-c4d8-4cca-a61c-04ffda0b39ab,,204,ONE,ALL,cassandra-2,True,False,3.359,2026-09-16T13:01:44.062252+00:00,
1c842de1-c4d8-4cca-a61c-04ffda0b39ab,monotonic_reads,network_partition,reader-1,read,mr-1c842de1-c4d8-4cca-a61c-04ffda0b39ab,,204,ONE,ALL,cassandra-3,True,False,3.937,2026-09-16T13:01:44.078902+00:00,
1c842de1-c4d8-4cca-a61c-04ffda0b39ab,monotonic_reads,network_partition,reader-1,read,mr-1c842de1-c4d8-4cca-a61c-04ffda0b39ab,,204,ONE,ALL,cassandra-1,True,False,3.216,2026-09-16T13:01:44.093961+00:00,
1c842de1-c4d8-4cca-a61c-04ffda0b39ab,monotonic_reads,network_partition,reader-1,read,mr-1c842de1-c4d8-4cca-a61c-04ffda0b39ab,,204,ONE,ALL,cassandra-2,True,False,2.878,2026-09-16T13:01:44.108881+00:00,
1c842de1-c4d8-4cca-a61c-04ffda0b39ab,monotonic_reads,network_partition,reader-1,read,mr-1c842de1-c4d8-4cca-a61c-04ffda0b39ab,,204,ONE,ALL,cassandra-3,True,False,2.882,2026-09-16T13:01:44.122253+00:00,
1c842de1-c4d8-4cca-a61c-04ffda0b39ab,monotonic_reads,network_partition,reader-1,read,mr-1c842de1-c4d8-4cca-a61c-04ffda0b39ab,,204,ONE,ALL,cassandra-1,True,False,3.507,2026-09-16T13:01:44.138163+00:00,
1c842de1-c4d8-4cca-a61c-04ffda0b39ab,monotonic_reads,network_partition,reader-1,read,mr-1c842de1-c4d8-4cca-a61c-04ffda0b39ab,,204,ONE,ALL,cassandra-2,True,False,1.932,2026-09-16T13:01:44.150296+00:00,
1c842de1-c4d8-4cca-a61c-04ffda0b39ab,monotonic_reads,network_partition,reader-1,read,mr-1c842de1-c4d8-4cca-a61c-04ffda0b39ab,,204,ONE,ALL,cassandra-3,True,False,3.388,2026-09-16T13:01:44.164605+00:00,
1c842de1-c4d8-4cca-a61c-04ffda0b39ab,monotonic_reads,network_partition,reader-1,read,mr-1c842de1-c4d8-4cca-a61c-04ffda0b39ab,,204,ONE,ALL,cassandra-1,True,False,3.268,2026-09-16T13:01:44.180518+00:00,
1c842de1-c4d8-4cca-a61c-04ffda0b39ab,monotonic_reads,network_partition,reader-1,read,mr-1c842de1-c4d8-4cca-a61c-04ffda0b39ab,,204,ONE,ALL,cassandra-2,True,False,2.981,2026-09-16T13:01:44.194214+00:00,
1c842de1-c4d8-4cca-a61c-04ffda0b39ab,monotonic_reads,network_partition,reader-1,read,mr-1c842de1-c4d8-4cca-a61c-04ffda0b39ab,,204,ONE,ALL,cassandra-3,True,False,3.546,2026-09-16T13:01:44.210221+00:00,
1c842de1-c4d8-4cca-a61c-04ffda0b39ab,monotonic_reads,network_partition,reader-1,read,mr-1c842de1-c4d8-4cca-a61c-04ffda0b39ab,,204,ONE,ALL,cassandra-1,True,False,3.93,2026-09-16T13:01:44.226334+00:00,
1c842de1-c4d8-4cca-a61c-04ffda0b39ab,monotonic_reads,network_partition,reader-1,read,mr-1c842de1-c4d8-4cca-a61c-04ffda0b39ab,,204,ONE,ALL,cassandra-2,True,False,4.267,2026-09-16T13:01:44.243048+00:00,
1c842de1-c4d8-4cca-a61c-04ffda0b39ab,monotonic_reads,network_partition,reader-1,read,mr-1c842de1-c4d8-4cca-a61c-04ffda0b39ab,,204,ONE,ALL,cassandra-3,True,False,3.572,2026-09-16T13:01:44.259294+00:00,
1c842de1-c4d8-4cca-a61c-04ffda0b39ab,monotonic_reads,network_partition,reader-1,read,mr-1c842de1-c4d8-4cca-a61c-04ffda0b39ab,,204,ONE,ALL,cassandra-1,True,False,3.474,2026-09-16T13:01:44.273832+00:00,
1c842de1-c4d8-4cca-a61c-04ffda0b39ab,monotonic_reads,network_partition,reader-1,read,mr-1c842de1-c4d8-4cca-a61c-04ffda0b39ab,,204,ONE,ALL,cassandra-2,True,False,2.758,2026-09-16T13:01:44.288777+00:00,
1c842de1-c4d8-4cca-a61c-04ffda0b39ab,monotonic_reads,network_partition,reader-1,read,mr-1c842de1-c4d8-4cca-a61c-04ffda0b39ab,,204,ONE,ALL,cassandra-3,True,False,3.718,2026-09-16T13:01:44.305473+00:00,
1c842de1-c4d8-4cca-a61c-04ffda0b39ab,monotonic_reads,network_partition,reader-1,read,mr-1c842de1-c4d8-4cca-a61c-04ffda0b39ab,,204,ONE,ALL,cassandra-1,True,False,3.912,2026-09-16T13:01:44.320294+00:00,
1c842de1-c4d8-4cca-a61c-04ffda0b39ab,monotonic_reads,network_partition,reader-1,read,mr-1c842de1-c4d8-4cca-a61c-04ffda0b39ab,,204,ONE,ALL,cassandra-2,True,False,3.376,2026-09-16T13:01:44.334750+00:00,
1c842de1-c4d8-4cca-a61c-04ffda0b39ab,monotonic_reads,network_partition,reader-1,read,mr-1c842de1-c4d8-4cca-a61c-04ffda0b39ab,,204,ONE,ALL,cassandra-3,True,False,3.356,2026-09-16T13:01:44.349715+00:00,
1c842de1-c4d8-4cca-a61c-04ffda0b39ab,monotonic_reads,network_partition,reader-1,read,mr-1c842de1-c4d8-4cca-a61c-04ffda0b39ab,,204,ONE,ALL,cassandra-1,True,False,3.076,2026-09-16T13:01:44.363468+00:00,
1c842de1-c4d8-4cca-a61c-04ffda0b39ab,monotonic_reads,network_partition,reader-1,read,mr-1c842de1-c4d8-4cca-a61c-04ffda0b39ab,,204,ONE,ALL,cassandra-2,True,False,2.882,2026-09-16T13:01:44.377480+00:00,
1c842de1-c4d8-4cca-a61c-04ffda0b39ab,monotonic_reads,network_partition,reader-1,read,mr-1c842de1-c4d8-4cca-a61c-04ffda0b39ab,,204,ONE,ALL,cassandra-3,True,False,4.043,2026-09-16T13:01:44.393405+00:00,
1c842de1-c4d8-4cca-a61c-04ffda0b39ab,monotonic_reads,network_partition,reader-1,read,mr-1c842de1-c4d8-4cca-a61c-04ffda0b39ab,,204,ONE,ALL,cassandra-1,True,False,3.543,2026-09-16T13:01:44.408812+00:00,
1c842de1-c4d8-4cca-a61c-04ffda0b39ab,monotonic_reads,network_partition,reader-1,read,mr-1c842de1-c4d8-4cca-a61c-04ffda0b39ab,,204,ONE,ALL,cassandra-2,True,False,3.191,2026-09-16T13:01:44.423562+00:00,
1c842de1-c4d8-4cca-a61c-04ffda0b39ab,monotonic_reads,network_partition,reader-1,read,mr-1c842de1-c4d8-4cca-a61c-04ffda0b39ab,,204,ONE,ALL,cassandra-3,True,False,2.996,2026-09-16T13:01:44.436760+00:00,
1c842de1-c4d8-4cca-a61c-04ffda0b39ab,monotonic_reads,network_partition,reader-1,read,mr-1c842de1-c4d8-4cca-a61c-04ffda0b39ab,,204,ONE,ALL,cassandra-1,True,False,4.284,2026-09-16T13:01:44.452647+00:00,
1c842de1-c4d8-4cca-a61c-04ffda0b39ab,monotonic_reads,network_partition,reader-1,read,mr-1c842de1-c4d8-4cca-a61c-04ffda0b39ab,,204,ONE,ALL,cassandra-2,True,False,3.814,2026-09-16T13:01:44.469211+00:00,
1c842de1-c4d8-4cca-a61c-04ffda0b39ab,monotonic_reads,network_partition,reader-1,read,mr-1c842de1-c4d8-4cca-a61c-04ffda0b39ab,,204,ONE,ALL,cassandra-3,True,False,3.705,2026-09-16T13:01:44.485595+00:00,
1c842de1-c4d8-4cca-a61c-04ffda0b39ab,monotonic_reads,network_partition,reader-1,read,mr-1c842de1-c4d8-4cca-a61c-04ffda0b39ab,,204,ONE,ALL,cassandra-1,True,False,3.338,2026-09-16T13:01:44.499961+00:00,
1c842de1-c4d8-4cca-a61c-04ffda0b39ab,monotonic_reads,network_partition,reader-1,read,mr-1c842de1-c4d8-4cca-a61c-04ffda0b39ab,,204,ONE,ALL,cassandra-2,True,False,3.286,2026-09-16T13:01:44.515932+00:00,
1c842de1-c4d8-4cca-a61c-04ffda0b39ab,monotonic_reads,network_partition,reader-1,read,mr-1c842de1-c4d8-4cca-a61c-04ffda0b39ab,,204,ONE,ALL,cassandra-3,True,False,3.246,2026-09-16T13:01:44.530988+00:00,
1c842de1-c4d8-4cca-a61c-04ffda0b39ab,monotonic_reads,network_partition,reader-1,read,mr-1c842de1-c4d8-4cca-a61c-04ffda0b39ab,,204,ONE,ALL,cassandra-1,True,False,3.269,2026-09-16T13:01:44.546971+00:00,
1c842de1-c4d8-4cca-a61c-04ffda0b39ab,monotonic_reads,network_partition,reader-1,read,mr-1c842de1-c4d8-4cca-a61c-04ffda0b39ab,,204,ONE,ALL,cassandra-2,True,False,2.72,2026-09-16T13:01:44.561084+00:00,
1c842de1-c4d8-4cca-a61c-04ffda0b39ab,monotonic_reads,network_partition,reader-1,read,mr-1c842de1-c4d8-4cca-a61c-04ffda0b39ab,,204,ONE,ALL,cassandra-3,True,False,3.845,2026-09-16T13:01:44.577609+00:00,
1c842de1-c4d8-4cca-a61c-04ffda0b39ab,monotonic_reads,network_partition,reader-1,read,mr-1c842de1-c4d8-4cca-a61c-04ffda0b39ab,,204,ONE,ALL,cassandra-1,True,False,3.189,2026-09-16T13:01:44.592267+00:00,
1c842de1-c4d8-4cca-a61c-04ffda0b39ab,monotonic_reads,network_partition,reader-1,read,mr-1c842de1-c4d8-4cca-a61c-04ffda0b39ab,,204,ONE,ALL,cassandra-2,True,False,2.727,2026-09-16T13:01:44.606462+00:00,
1c842de1-c4d8-4cca-a61c-04ffda0b39ab,monotonic_reads,network_partition,reader-1,read,mr-1c842de1-c4d8-4cca-a61c-04ffda0b39ab,,204,ONE,ALL,cassandra-3,True,False,3.961,2026-09-16T13:01:44.622515+00:00,
1c842de1-c4d8-4cca-a61c-04ffda0b39ab,monotonic_reads,network_partition,reader-1,read,mr-1c842de1-c4d8-4cca-a61c-04ffda0b39ab,,204,ONE,ALL,cassandra-1,True,False,1.726,2026-09-16T13:01:44.635085+00:00,
1c842de1-c4d8-4cca-a61c-04ffda0b39ab,monotonic_reads,network_partition,reader-1,read,mr-1c842de1-c4d8-4cca-a61c-04ffda0b39ab,,204,ONE,ALL,cassandra-2,True,False,3.268,2026-09-16T13:01:44.650647+00:00,
1c842de1-c4d8-4cca-a61c-04ffda0b39ab,monotonic_reads,network_partition,reader-1,read,mr-1c842de1-c4d8-4cca-a61c-04ffda0b39ab,,204,ONE,ALL,cassandra-3,True,False,2.09,2026-09-16T13:01:44.664602+00:00,
1c842de1-c4d8-4cca-a61c-04ffda0b39ab,monotonic_reads,network_partition,reader-1,read,mr-1c842de1-c4d8-4cca-a61c-04ffda0b39ab,,204,ONE,ALL,cassandra-1,True,False,2.685,2026-09-16T13:01:44.678074+00:00,
1c842de1-c4d8-4cca-a61c-04ffda0b39ab,monotonic_reads,network_partition,reader-1,read,mr-1c842de1-c4d8-4cca-a61c-04ffda0b39ab,,204,ONE,ALL,cassandra-2,True,False,1.622,2026-09-16T13:01:44.691549+00:00,
1c842de1-c4d8-4cca-a61c-04ffda0b39ab,monotonic_reads,network_partition,reader-1,read,mr-1c842de1-c4d8-4cca-a61c-04ffda0b39ab,,204,ONE,ALL,cassandra-3,True,False,2.005,2026-09-16T13:01:44.705340+00:00,
1c842de1-c4d8-4cca-a61c-04ffda0b39ab,monotonic_reads,network_partition,reader-1,read,mr-1c842de1-c4d8-4cca-a61c-04ffda0b39ab,,204,ONE,ALL,cassandra-1,True,False,2.567,2026-09-16T13:01:44.719732+00:00,
1c842de1-c4d8-4cca-a61c-04ffda0b39ab,monotonic_reads,network_partition,reader-1,read,mr-1c842de1-c4d8-4cca-a61c-04ffda0b39ab,,204,ONE,ALL,cassandra-2,True,False,1.665,2026-09-16T13:01:44.732744+00:00,
1c842de1-c4d8-4cca-a61c-04ffda0b39ab,monotonic_reads,network_partition,reader-1,read,mr-1c842de1-c4d8-4cca-a61c-04ffda0b39ab,,204,ONE,ALL,cassandra-3,True,False,3.233,2026-09-16T13:01:44.747600+00:00,
1c842de1-c4d8-4cca-a61c-04ffda0b39ab,monotonic_reads,network_partition,reader-1,read,mr-1c842de1-c4d8-4cca-a61c-04ffda0b39ab,,204,ONE,ALL,cassandra-1,True,False,3.102,2026-09-16T13:01:44.762825+00:00,
1c842de1-c4d8-4cca-a61c-04ffda0b39ab,monotonic_reads,network_partition,reader-1,read,mr-1c842de1-c4d8-4cca-a61c-04ffda0b39ab,,204,ONE,ALL,cassandra-2,True,False,3.448,2026-09-16T13:01:44.777782+00:00,
1c842de1-c4d8-4cca-a61c-04ffda0b39ab,monotonic_reads,network_partition,reader-1,read,mr-1c842de1-c4d8-4cca-a61c-04ffda0b39ab,,204,ONE,ALL,cassandra-3,True,False,2.809,2026-09-16T13:01:44.792023+00:00,
1c842de1-c4d8-4cca-a61c-04ffda0b39ab,monotonic_reads,network_partition,reader-1,read,mr-1c842de1-c4d8-4cca-a61c-04ffda0b39ab,,204,ONE,ALL,cassandra-1,True,False,3.216,2026-09-16T13:01:44.807595+00:00,
1c842de1-c4d8-4cca-a61c-04ffda0b39ab,monotonic_reads,network_partition,reader-1,read,mr-1c842de1-c4d8-4cca-a61c-04ffda0b39ab,,204,ONE,ALL,cassandra-2,True,False,3.523,2026-09-16T13:01:44.823846+00:00,
1c842de1-c4d8-4cca-a61c-04ffda0b39ab,monotonic_reads,network_partition,reader-1,read,mr-1c842de1-c4d8-4cca-a61c-04ffda0b39ab,,204,ONE,ALL,cassandra-3,True,False,4.006,2026-09-16T13:01:44.838392+00:00,
1c842de1-c4d8-4cca-a61c-04ffda0b39ab,monotonic_reads,network_partition,reader-1,read,mr-1c842de1-c4d8-4cca-a61c-04ffda0b39ab,,204,ONE,ALL,cassandra-1,True,False,3.477,2026-09-16T13:01:44.852836+00:00,
1c842de1-c4d8-4cca-a61c-04ffda0b39ab,monotonic_reads,network_partition,reader-1,read,mr-1c842de1-c4d8-4cca-a61c-04ffda0b39ab,,204,ONE,ALL,cassandra-2,True,False,3.265,2026-09-16T13:01:44.868602+00:00,
1c842de1-c4d8-4cca-a61c-04ffda0b39ab,monotonic_reads,network_partition,reader-1,read,mr-1c842de1-c4d8-4cca-a61c-04ffda0b39ab,,204,ONE,ALL,cassandra-3,True,False,3.341,2026-09-16T13:01:44.884508+00:00,
1c842de1-c4d8-4cca-a61c-04ffda0b39ab,monotonic_reads,network_partition,reader-1,read,mr-1c842de1-c4d8-4cca-a61c-04ffda0b39ab,,204,ONE,ALL,cassandra-1,True,False,3.544,2026-09-16T13:01:44.900787+00:00,
1c842de1-c4d8-4cca-a61c-04ffda0b39ab,monotonic_reads,network_partition,reader-1,read,mr-1c842de1-c4d8-4cca-a61c-04ffda0b39ab,,204,ONE,ALL,cassandra-2,True,False,3.695,2026-09-16T13:01:44.916088+00:00,
1c842de1-c4d8-4cca-a61c-04ffda0b39ab,monotonic_reads,network_partition,reader-1,read,mr-1c842de1-c4d8-4cca-a61c-04ffda0b39ab,,204,ONE,ALL,cassandra-3,True,False,3.937,2026-09-16T13:01:44.931330+00:00,
1c842de1-c4d8-4cca-a61c-04ffda0b39ab,monotonic_reads,network_partition,reader-1,read,mr-1c842de1-c4d8-4cca-a61c-04ffda0b39ab,,204,ONE,ALL,cassandra-1,True,False,4.459,2026-09-16T13:01:44.947861+00:00,
1c842de1-c4d8-4cca-a61c-04ffda0b39ab,monotonic_reads,network_partition,reader-1,read,mr-1c842de1-c4d8-4cca-a61c-04ffda0b39ab,,204,ONE,ALL,cassandra-2,True,False,1.814,2026-09-16T13:01:44.962365+00:00,
1c842de1-c4d8-4cca-a61c-04ffda0b39ab,monotonic_reads,network_partition,reader-1,read,mr-1c842de1-c4d8-4cca-a61c-04ffda0b39ab,,204,ONE,ALL,cassandra-3,True,False,1.803,2026-09-16T13:01:44.976141+00:00,
1c842de1-c4d8-4cca-a61c-04ffda0b39ab,monotonic_reads,network_partition,reader-1,read,mr-1c842de1-c4d8-4cca-a61c-04ffda0b39ab,,204,ONE,ALL,cassandra-1,True,False,3.043,2026-09-16T13:01:44.991803+00:00,
1c842de1-c4d8-4cca-a61c-04ffda0b39ab,monotonic_reads,network_partition,reader-1,read,mr-1c842de1-c4d8-4cca-a61c-04ffda0b39ab,,204,ONE,ALL,cassandra-2,True,False,3.651,2026-09-16T13:01:45.008201+00:00,
1c842de1-c4d8-4cca-a61c-04ffda0b39ab,monotonic_reads,network_partition,reader-1,read,mr-1c842de1-c4d8-4cca-a61c-04ffda0b39ab,,204,ONE,ALL,cassandra-3,True,False,3.516,2026-09-16T13:01:45.021982+00:00,
1c842de1-c4d8-4cca-a61c-04ffda0b39ab,monotonic_reads,network_partition,reader-1,read,mr-1c842de1-c4d8-4cca-a61c-04ffda0b39ab,,204,ONE,ALL,cassandra-1,True,False,3.674,2026-09-16T13:01:45.037060+00:00,
1c842de1-c4d8-4cca-a61c-04ffda0b39ab,monotonic_reads,network_partition,reader-1,read,mr-1c842de1-c4d8-4cca-a61c-04ffda0b39ab,,204,ONE,ALL,cassandra-2,True,False,3.746,2026-09-16T13:01:45.051570+00:00,
1c842de1-c4d8-4cca-a61c-04ffda0b39ab,monotonic_reads,network_partition,reader-1,read,mr-1c842de1-c4d8-4cca-a61c-04ffda0b39ab,,204,ONE,ALL,cassandra-3,True,False,3.673,2026-09-16T13:01:45.067051+00:00,
1c842de1-c4d8-4cca-a61c-04ffda0b39ab,monotonic_reads,network_partition,reader-1,read,mr-1c842de1-c4d8-4cca-a61c-04ffda0b39ab,,204,ONE,ALL,cassandra-1,True,False,3.713,2026-09-16T13:01:45.081092+00:00,
1c842de1-c4d8-4cca-a61c-04ffda0b39ab,monotonic_reads,network_partition,reader-1,read,mr-1c842de1-c4d8-4cca-a61c-04ffda0b39ab,,204,ONE,ALL,cassandra-2,True,False,3.555,2026-09-16T13:01:45.095767+00:00,
1c842de1-c4d8-4cca-a61c-04ffda0b39ab,monotonic_reads,network_partition,reader-1,read,mr-1c842de1-c4d8-4cca-a61c-04ffda0b39ab,,204,ONE,ALL,cassandra-3,True,False,3.998,2026-09-16T13:01:45.111523+00:00,
1c842de1-c4d8-4cca-a61c-04ffda0b39ab,monotonic_reads,network_partition,reader-1,read,mr-1c842de1-c4d8-4cca-a61c-04ffda0b39ab,,204,ONE,ALL,cassandra-1,True,False,4.116,2026-09-16T13:01:45.128193+00:00,
1c842de1-c4d8-4cca-a61c-04ffda0b39ab,monotonic_reads,network_partition,reader-1,read,mr-1c842de1-c4d8-4cca-a61c-04ffda0b39ab,,204,ONE,ALL,cassandra-2,True,False,2.512,2026-09-16T13:01:45.143436+00:00,
1c842de1-c4d8-4cca-a61c-04ffda0b39ab,monotonic_reads,network_partition,reader-1,read,mr-1c842de1-c4d8-4cca-a61c-04ffda0b39ab,,204,ONE,ALL,cassandra-3,True,False,2.457,2026-09-16T13:01:45.158192+00:00,
1c842de1-c4d8-4cca-a61c-04ffda0b39ab,monotonic_reads,network_partition,reader-1,read,mr-1c842de1-c4d8-4cca-a61c-04ffda0b39ab,,204,ONE,ALL,cassandra-1,True,False,3.006,2026-09-16T13:01:45.173386+00:00,
1c842de1-c4d8-4cca-a61c-04ffda0b39ab,monotonic_reads,network_partition,reader-1,read,mr-1c842de1-c4d8-4cca-a61c-04ffda0b39ab,,204,ONE,ALL,cassandra-2,True,False,2.699,2026-09-16T13:01:45.188686+00:00,
1c842de1-c4d8-4cca-a61c-04ffda0b39ab,monotonic_reads,network_partition,reader-1,read,mr-1c842de1-c4d8-4cca-a61c-04ffda0b39ab,,204,ONE,ALL,cassandra-3,True,False,3.059,2026-09-16T13:01:45.203425+00:00,
1c842de1-c4d8-4cca-a61c-04ffda0b39ab,monotonic_reads,network_partition,reader-1,read,mr-1c842de1-c4d8-4cca-a61c-04ffda0b39ab,,204,ONE,ALL,cassandra-1,True,False,3.362,2026-09-16T13:01:45.217230+00:00,
1c842de1-c4d8-4cca-a61c-04ffda0b39ab,monotonic_reads,network_partition,reader-1,read,mr-1c842de1-c4d8-4cca-a61c-04ffda0b39ab,,204,ONE,ALL,cassandra-2,True,False,3.526,2026-09-16T13:01:45.232918+00:00,
1c842de1-c4d8-4cca-a61c-04ffda0b39ab,monotonic_reads,network_partition,reader-1,read,mr-1c842de1-c4d8-4cca-a61c-04ffda0b39ab,,204,ONE,ALL,cassandra-3,True,False,4.098,2026-09-16T13:01:45.248295+00:00,
1c842de1-c4d8-4cca-a61c-04ffda0b39ab,monotonic_reads,network_partition,reader-1,read,mr-1c842de1-c4d8-4cca-a61c-04ffda0b39ab,,204,ONE,ALL,cassandra-1,True,False,3.234,2026-09-16T13:01:45.262000+00:00,
1c842de1-c4d8-4cca-a61c-04ffda0b39ab,monotonic_reads,network_partition,reader-1,read,mr-1c842de1-c4d8-4cca-a61c-04ffda0b39ab,,204,ONE,ALL,cassandra-2,True,False,3.739,2026-09-16T13:01:45.278052+00:00,
1c842de1-c4d8-4cca-a61c-04ffda0b39ab,monotonic_reads,network_partition,reader-1,read,mr-1c842de1-c4d8-4cca-a61c-04ffda0b39ab,,204,ONE,ALL,cassandra-3,True,False,1.962,2026-09-16T13:01:45.291326+00:00,
1c842de1-c4d8-4cca-a61c-04ffda0b39ab,monotonic_reads,network_partition,reader-1,read,mr-1c842de1-c4d8-4cca-a61c-04ffda0b39ab,,204,ONE,ALL,cassandra-1,True,False,3.618,2026-09-16T13:01:45.307367+00:00,
1c842de1-c4d8-4cca-a61c-04ffda0b39ab,monotonic_reads,network_partition,reader-1,read,mr-1c842de1-c4d8-4cca-a61c-04ffda0b39ab,,204,ONE,ALL,cassandra-2,True,False,4.031,2026-09-16T13:01:45.324017+00:00,
1c842de1-c4d8-4cca-a61c-04ffda0b39ab,monotonic_reads,network_partition,reader-1,read,mr-1c842de1-c4d8-4cca-a61c-04ffda0b39ab,,204,ONE,ALL,cassandra-3,True,False,3.694,2026-09-16T13:01:45.340023+00:00,
1c842de1-c4d8-4cca-a61c-04ffda0b39ab,monotonic_reads,network_partition,reader-1,read,mr-1c842de1-c4d8-4cca-a61c-04ffda0b39ab,,204,ONE,ALL,cassandra-1,True,False,3.197,2026-09-16T13:01:45.354972+00:00,
1c842de1-c4d8-4cca-a61c-04ffda0b39ab,monotonic_reads,network_partition,reader-1,read,mr-1c842de1-c4d8-4cca-a61c-04ffda0b39ab,,204,ONE,ALL,cassandra-2,True,False,2.702,2026-09-16T13:01:45.369052+00:00,
1c842de1-c4d8-4cca-a61c-04ffda0b39ab,monotonic_reads,network_partition,reader-1,read,mr-1c842de1-c4d8-4cca-a61c-04ffda0b39ab,,204,ONE,ALL,cassandra-3,True,False,2.678,2026-09-16T13:01:45.383571+00:00,
1c842de1-c4d8-4cca-a61c-04ffda0b39ab,monotonic_reads,network_partition,reader-1,read,mr-1c842de1-c4d8-4cca-a61c-04ffda0b39ab,,204,ONE,ALL,cassandra-1,True,False,3.347,2026-09-16T13:01:45.398632+00:00,
1c842de1-c4d8-4cca-a61c-04ffda0b39ab,monotonic_reads,network_partition,reader-1,read,mr-1c842de1-c4d8-4cca-a61c-04ffda0b39ab,,204,ONE,ALL,cassandra-2,True,False,3.965,2026-09-16T13:01:45.412844+00:00,
1c842de1-c4d8-4cca-a61c-04ffda0b39ab,monotonic_reads,network_partition,reader-1,read,mr-1c842de1-c4d8-4cca-a61c-04ffda0b39ab,,204,ONE,ALL,cassandra-3,True,False,2.876,2026-09-16T13:01:45.426307+00:00,
1c842de1-c4d8-4cca-a61c-04ffda0b39ab,monotonic_reads,network_partition,reader-1,read,mr-1c842de1-c4d8-4cca-a61c-04ffda0b39ab,,204,ONE,ALL,cassandra-1,True,False,3.318,2026-09-16T13:01:45.440693+00:00,
1c842de1-c4d8-4cca-a61c-04ffda0b39ab,monotonic_reads,network_partition,reader-1,read,mr-1c842de1-c4d8-4cca-a61c-04ffda0b39ab,,204,ONE,ALL,cassandra-2,True,False,2.288,2026-09-16T13:01:45.453338+00:00,
1c842de1-c4d8-4cca-a61c-04ffda0b39ab,monotonic_reads,network_partition,reader-1,read,mr-1c842de1-c4d8-4cca-a61c-04ffda0b39ab,,204,ONE,ALL,cassandra-3,True,False,2.756,2026-09-16T13:01:45.467610+00:00,
1c842de1-c4d8-4cca-a61c-04ffda0b39ab,monotonic_reads,network_partition,reader-1,read,mr-1c842de1-c4d8-4cca-a61c-04ffda0b39ab,,204,ONE,ALL,cassandra-1,True,False,2.338,2026-09-16T13:01:45.481459+00:00,
1c842de1-c4d8-4cca-a61c-04ffda0b39ab,monotonic_reads,network_partition,reader-1,read,mr-1c842de1-c4d8-4cca-a61c-04ffda0b39ab,,204,ONE,ALL,cassandra-2,True,False,3.068,2026-09-16T13:01:45.495930+00:00,
1c842de1-c4d8-4cca-a61c-04ffda0b39ab,monotonic_reads,network_partition,reader-1,read,mr-1c842de1-c4d8-4cca-a61c-04ffda0b39ab,,204,ONE,ALL,cassandra-3,True,False,3.232,2026-09-16T13:01:45.510518+00:00,
1c842de1-c4d8-4cca-a61c-04ffda0b39ab,monotonic_reads,network_partition,reader-1,read,mr-1c842de1-c4d8-4cca-a61c-04ffda0b39ab,,204,ONE,ALL,cassandra-1,True,False,2.804,2026-09-16T13:01:45.525182+00:00,
1c842de1-c4d8-4cca-a61c-04ffda0b39ab,monotonic_reads,network_partition,reader-1,read,mr-1c842de1-c4d8-4cca-a61c-04ffda0b39ab,,204,ONE,ALL,cassandra-2,True,False,2.811,2026-09-16T13:01:45.540129+00:00,
1c842de1-c4d8-4cca-a61c-04ffda0b39ab,monotonic_reads,network_partition,reader-1,read,mr-1c842de1-c4d8-4cca-a61c-04ffda0b39ab,,204,ONE,ALL,cassandra-3,True,False,4.252,2026-09-16T13:01:45.555850+00:00,
1c842de1-c4d8-4cca-a61c-04ffda0b39ab,monotonic_reads,network_partition,reader-1,read,mr-1c842de1-c4d8-4cca-a61c-04ffda0b39ab,,204,ONE,ALL,cassandra-1,True,False,3.808,2026-09-16T13:01:45.572377+00:00,
1c842de1-c4d8-4cca-a61c-04ffda0b39ab,monotonic_reads,network_partition,reader-1,read,mr-1c842de1-c4d8-4cca-a61c-04ffda0b39ab,,204,ONE,ALL,cassandra-2,True,False,3.645,2026-09-16T13:01:45.586511+00:00,
1c842de1-c4d8-4cca-a61c-04ffda0b39ab,monotonic_reads,network_partition,reader-1,read,mr-1c842de1-c4d8-4cca-a61c-04ffda0b39ab,,204,ONE,ALL,cassandra-3,True,False,3.031,2026-09-16T13:01:45.600768+00:00,
1c842de1-c4d8-4cca-a61c-04ffda0b39ab,monotonic_reads,network_partition,reader-1,read,mr-1c842de1-c4d8-4cca-a61c-04ffda0b39ab,,204,ONE,ALL,cassandra-1,True,False,3.528,2026-09-16T13:01:45.615761+00:00,
1c842de1-c4d8-4cca-a61c-04ffda0b39ab,monotonic_reads,network_partition,reader-1,read,mr-1c842de1-c4d8-4cca-a61c-04ffda0b39ab,,204,ONE,ALL,cassandra-2,True,False,3.267,2026-09-16T13:01:45.630634+00:00,
1c842de1-c4d8-4cca-a61c-04ffda0b39ab,monotonic_reads,network_partition,reader-1,read,mr-1c842de1-c4d8-4cca-a61c-04ffda0b39ab,,204,ONE,ALL,cassandra-3,True,False,1.664,2026-09-16T13:01:45.644021+00:00,
1c842de1-c4d8-4cca-a61c-04ffda0b39ab,monotonic_reads,network_partition,reader-1,read,mr-1c842de1-c4d8-4cca-a61c-04ffda0b39ab,,204,ONE,ALL,cassandra-1,True,False,2.689,2026-09-16T13:01:45.659345+00:00,
1c842de1-c4d8-4cca-a61c-04ffda0b39ab,monotonic_reads,network_partition,reader-1,read,mr-1c842de1-c4d8-4cca-a61c-04ffda0b39ab,,204,ONE,ALL,cassandra-2,True,False,2.975,2026-09-16T13:01:45.675046+00:00,
1c842de1-c4d8-4cca-a61c-04ffda0b39ab,monotonic_reads,network_partition,reader-1,read,mr-1c842de1-c4d8-4cca-a61c-04ffda0b39ab,,204,ONE,ALL,cassandra-3,True,False,1.381,2026-09-16T13:01:45.689015+00:00,
1c842de1-c4d8-4cca-a61c-04ffda0b39ab,monotonic_reads,network_partition,reader-1,read,mr-1c842de1-c4d8-4cca-a61c-04ffda0b39ab,,204,ONE,ALL,cassandra-1,True,False,1.841,2026-09-16T13:01:45.703459+00:00,
1c842de1-c4d8-4cca-a61c-04ffda0b39ab,monotonic_reads,network_partition,reader-1,read,mr-1c842de1-c4d8-4cca-a61c-04ffda0b39ab,,204,ONE,ALL,cassandra-2,True,False,1.435,2026-09-16T13:01:45.716685+00:00,
1c842de1-c4d8-4cca-a61c-04ffda0b39ab,monotonic_reads,network_partition,reader-1,read,mr-1c842de1-c4d8-4cca-a61c-04ffda0b39ab,,204,ONE,ALL,cassandra-3,True,False,1.737,2026-09-16T13:01:45.730999+00:00,
1c842de1-c4d8-4cca-a61c-04ffda0b39ab,monotonic_reads,network_partition,reader-1,read,mr-1c842de1-c4d8-4cca-a61c-04ffda0b39ab,,204,ONE,ALL,cassandra-1,True,False,1.951,2026-09-16T13:01:45.745650+00:00,
1c842de1-c4d8-4cca-a61c-04ffda0b39ab,monotonic_reads,network_partition,reader-1,read,mr-1c842de1-c4d8-4cca-a61c-04ffda0b39ab,,204,ONE,ALL,cassandra-2,True,False,1.663,2026-09-16T13:01:45.758518+00:00,
1c842de1-c4d8-4cca-a61c-04ffda0b39ab,monotonic_reads,network_partition,reader-1,read,mr-1c842de1-c4d8-4cca-a61c-04ffda0b39ab,,204,ONE,ALL,cassandra-3,True,False,2.552,2026-09-16T13:01:45.772861+00:00,
1c842de1-c4d8-4cca-a61c-04ffda0b39ab,monotonic_reads,network_partition,reader-1,read,mr-1c842de1-c4d8-4cca-a61c-04ffda0b39ab,,204,ONE,ALL,cassandra-1,True,False,1.778,2026-09-16T13:01:45.786633+00:00,
1c842de1-c4d8-4cca-a61c-04ffda0b39ab,monotonic_reads,network_partition,reader-1,read,mr-1c842de1-c4d8-4cca-a61c-04ffda0b39ab,,204,ONE,ALL,cassandra-2,True,False,1.922,2026-09-16T13:01:45.799773+00:00,
1c842de1-c4d8-4cca-a61c-04ffda0b39ab,monotonic_reads,network_partition,writer-1,write,mr-1c842de1-c4d8-4cca-a61c-04ffda0b39ab,204,,,ALL,cassandra-1,True,False,3.928,2026-09-16T13:01:45.803183+00:00,
1c842de1-c4d8-4cca-a61c-04ffda0b39ab,monotonic_reads,network_partition,reader-1,read,mr-1c842de1-c4d8-4cca-a61c-04ffda0b39ab,,204,ONE,ALL,cassandra-3,True,False,4.124,2026-09-16T13:01:45.814512+00:00,
1c842de1-c4d8-4cca-a61c-04ffda0b39ab,monotonic_reads,network_partition,reader-1,read,mr-1c842de1-c4d8-4cca-a61c-04ffda0b39ab,,205,ONE,ALL,cassandra-1,True,False,2.79,2026-09-16T13:01:45.828150+00:00,
1c842de1-c4d8-4cca-a61c-04ffda0b39ab,monotonic_reads,network_partition,writer-1,write,mr-1c842de1-c4d8-4cca-a61c-04ffda0b39ab,205,,,ALL,cassandra-1,True,False,4.68,2026-09-16T13:01:45.829062+00:00,
1c842de1-c4d8-4cca-a61c-04ffda0b39ab,monotonic_reads,network_partition,reader-1,read,mr-1c842de1-c4d8-4cca-a61c-04ffda0b39ab,,205,ONE,ALL,cassandra-2,True,False,2.715,2026-09-16T13:01:45.842088+00:00,
1c842de1-c4d8-4cca-a61c-04ffda0b39ab,monotonic_reads,network_partition,writer-1,write,mr-1c842de1-c4d8-4cca-a61c-04ffda0b39ab,206,,,ALL,cassandra-1,True,False,3.594,2026-09-16T13:01:45.854952+00:00,
1c842de1-c4d8-4cca-a61c-04ffda0b39ab,monotonic_reads,network_partition,reader-1,read,mr-1c842de1-c4d8-4cca-a61c-04ffda0b39ab,,206,ONE,ALL,cassandra-3,True,False,2.555,2026-09-16T13:01:45.856905+00:00,
1c842de1-c4d8-4cca-a61c-04ffda0b39ab,monotonic_reads,network_partition,reader-1,read,mr-1c842de1-c4d8-4cca-a61c-04ffda0b39ab,,206,ONE,ALL,cassandra-1,True,False,3.874,2026-09-16T13:01:45.872051+00:00,
1c842de1-c4d8-4cca-a61c-04ffda0b39ab,monotonic_reads,network_partition,writer-1,write,mr-1c842de1-c4d8-4cca-a61c-04ffda0b39ab,207,,,ALL,cassandra-1,True,False,3.872,2026-09-16T13:01:45.882243+00:00,
1c842de1-c4d8-4cca-a61c-04ffda0b39ab,monotonic_reads,network_partition,reader-1,read,mr-1c842de1-c4d8-4cca-a61c-04ffda0b39ab,,207,ONE,ALL,cassandra-2,True,False,3.998,2026-09-16T13:01:45.888508+00:00,
1c842de1-c4d8-4cca-a61c-04ffda0b39ab,monotonic_reads,network_partition,reader-1,read,mr-1c842de1-c4d8-4cca-a61c-04ffda0b39ab,,207,ONE,ALL,cassandra-3,True,False,3.461,2026-09-16T13:01:45.903747+00:00,
1c842de1-c4d8-4cca-a61c-04ffda0b39ab,monotonic_reads,network_partition,writer-1,write,mr-1c842de1-c4d8-4cca-a61c-04ffda0b39ab,208,,,ALL,cassandra-1,True,False,5.575,2026-09-16T13:01:45.912488+00:00,
1c842de1-c4d8-4cca-a61c-04ffda0b39ab,monotonic_reads,network_partition,reader-1,read,mr-1c842de1-c4d8-4cca-a61c-04ffda0b39ab,,208,ONE,ALL,cassandra-1,True,False,3.821,2026-09-16T13:01:45.919185+00:00,
1c842de1-c4d8-4cca-a61c-04ffda0b39ab,monotonic_reads,network_partition,reader-1,read,mr-1c842de1-c4d8-4cca-a61c-04ffda0b39ab,,208,ONE,ALL,cassandra-2,True,False,4.046,2026-09-16T13:01:45.934424+00:00,
1c842de1-c4d8-4cca-a61c-04ffda0b39ab,monotonic_reads,network_partition,writer-1,write,mr-1c842de1-c4d8-4cca-a61c-04ffda0b39ab,209,,,ALL,cassandra-1,True,False,4.956,2026-09-16T13:01:45.938040+00:00,
1c842de1-c4d8-4cca-a61c-04ffda0b39ab,monotonic_reads,network_partition,reader-1,read,mr-1c842de1-c4d8-4cca-a61c-04ffda0b39ab,,209,ONE,ALL,cassandra-3,True,False,4.109,2026-09-16T13:01:45.949516+00:00,
1c842de1-c4d8-4cca-a61c-04ffda0b39ab,monotonic_reads,network_partition,reader-1,read,mr-1c842de1-c4d8-4cca-a61c-04ffda0b39ab,,209,ONE,ALL,cassandra-1,True,False,2.166,2026-09-16T13:01:45.962527+00:00,
1c842de1-c4d8-4cca-a61c-04ffda0b39ab,monotonic_reads,network_partition,writer-1,write,mr-1c842de1-c4d8-4cca-a61c-04ffda0b39ab,210,,,ALL,cassandra-1,True,False,4.012,2026-09-16T13:01:45.965978+00:00,
1c842de1-c4d8-4cca-a61c-04ffda0b39ab,monotonic_reads,network_partition,reader-1,read,mr-1c842de1-c4d8-4cca-a61c-04ffda0b39ab,,210,ONE,ALL,cassandra-2,True,False,2.408,2026-09-16T13:01:45.975770+00:00,
1c842de1-c4d8-4cca-a61c-04ffda0b39ab,monotonic_reads,network_partition,reader-1,read,mr-1c842de1-c4d8-4cca-a61c-04ffda0b39ab,,210,ONE,ALL,cassandra-3,True,False,4.081,2026-09-16T13:01:45.990079+00:00,
1c842de1-c4d8-4cca-a61c-04ffda0b39ab,monotonic_reads,network_partition,writer-1,write,mr-1c842de1-c4d8-4cca-a61c-04ffda0b39ab,211,,,ALL,cassandra-1,True,False,4.458,2026-09-16T13:01:45.995435+00:00,
1c842de1-c4d8-4cca-a61c-04ffda0b39ab,monotonic_reads,network_partition,reader-1,read,mr-1c842de1-c4d8-4cca-a61c-04ffda0b39ab,,211,ONE,ALL,cassandra-1,True,False,4.831,2026-09-16T13:01:46.006315+00:00,
1c842de1-c4d8-4cca-a61c-04ffda0b39ab,monotonic_reads,network_partition,reader-1,read,mr-1c842de1-c4d8-4cca-a61c-04ffda0b39ab,,211,ONE,ALL,cassandra-2,True,False,3.954,2026-09-16T13:01:46.021980+00:00,
1c842de1-c4d8-4cca-a61c-04ffda0b39ab,monotonic_reads,network_partition,writer-1,write,mr-1c842de1-c4d8-4cca-a61c-04ffda0b39ab,212,,,ALL,cassandra-1,True,False,5.378,2026-09-16T13:01:46.024253+00:00,
1c842de1-c4d8-4cca-a61c-04ffda0b39ab,monotonic_reads,network_partition,reader-1,read,mr-1c842de1-c4d8-4cca-a61c-04ffda0b39ab,,212,ONE,ALL,cassandra-3,True,False,4.937,2026-09-16T13:01:46.038337+00:00,
1c842de1-c4d8-4cca-a61c-04ffda0b39ab,monotonic_reads,network_partition,writer-1,write,mr-1c842de1-c4d8-4cca-a61c-04ffda0b39ab,213,,,ALL,cassandra-1,True,False,5.206,2026-09-16T13:01:46.053581+00:00,
1c842de1-c4d8-4cca-a61c-04ffda0b39ab,monotonic_reads,network_partition,reader-1,read,mr-1c842de1-c4d8-4cca-a61c-04ffda0b39ab,,213,ONE,ALL,cassandra-1,True,False,4.242,2026-09-16T13:01:46.055118+00:00,
1c842de1-c4d8-4cca-a61c-04ffda0b39ab,monotonic_reads,network_partition,reader-1,read,mr-1c842de1-c4d8-4cca-a61c-04ffda0b39ab,,213,ONE,ALL,cassandra-2,True,False,3.865,2026-09-16T13:01:46.071490+00:00,
1c842de1-c4d8-4cca-a61c-04ffda0b39ab,monotonic_reads,network_partition,writer-1,write,mr-1c842de1-c4d8-4cca-a61c-04ffda0b39ab,214,,,ALL,cassandra-1,True,False,6.166,2026-09-16T13:01:46.083398+00:00,
1c842de1-c4d8-4cca-a61c-04ffda0b39ab,monotonic_reads,network_partition,reader-1,read,mr-1c842de1-c4d8-4cca-a61c-04ffda0b39ab,,214,ONE,ALL,cassandra-3,True,False,3.913,2026-09-16T13:01:46.087422+00:00,
1c842de1-c4d8-4cca-a61c-04ffda0b39ab,monotonic_reads,network_partition,reader-1,read,mr-1c842de1-c4d8-4cca-a61c-04ffda0b39ab,,214,ONE,ALL,cassandra-1,True,False,4.286,2026-09-16T13:01:46.102658+00:00,
1c842de1-c4d8-4cca-a61c-04ffda0b39ab,monotonic_reads,network_partition,writer-1,write,mr-1c842de1-c4d8-4cca-a61c-04ffda0b39ab,215,,,ALL,cassandra-1,True,False,3.548,2026-09-16T13:01:46.107422+00:00,
1c842de1-c4d8-4cca-a61c-04ffda0b39ab,monotonic_reads,network_partition,reader-1,read,mr-1c842de1-c4d8-4cca-a61c-04ffda0b39ab,,215,ONE,ALL,cassandra-2,True,False,2.24,2026-09-16T13:01:46.116603+00:00,
1c842de1-c4d8-4cca-a61c-04ffda0b39ab,monotonic_reads,network_partition,reader-1,read,mr-1c842de1-c4d8-4cca-a61c-04ffda0b39ab,,215,ONE,ALL,cassandra-3,True,False,3.756,2026-09-16T13:01:46.131150+00:00,
1c842de1-c4d8-4cca-a61c-04ffda0b39ab,monotonic_reads,network_partition,writer-1,write,mr-1c842de1-c4d8-4cca-a61c-04ffda0b39ab,216,,,ALL,cassandra-1,True,False,5.284,2026-09-16T13:01:46.136679+00:00,
1c842de1-c4d8-4cca-a61c-04ffda0b39ab,monotonic_reads,network_partition,reader-1,read,mr-1c842de1-c4d8-4cca-a61c-04ffda0b39ab,,216,ONE,ALL,cassandra-1,True,False,3.227,2026-09-16T13:01:46.144595+00:00,
1c842de1-c4d8-4cca-a61c-04ffda0b39ab,monotonic_reads,network_partition,reader-1,read,mr-1c842de1-c4d8-4cca-a61c-04ffda0b39ab,,216,ONE,ALL,cassandra-2,True,False,3.874,2026-09-16T13:01:46.161094+00:00,
1c842de1-c4d8-4cca-a61c-04ffda0b39ab,monotonic_reads,network_partition,writer-1,write,mr-1c842de1-c4d8-4cca-a61c-04ffda0b39ab,217,,,ALL,cassandra-1,True,False,3.767,2026-09-16T13:01:46.165125+00:00,
1c842de1-c4d8-4cca-a61c-04ffda0b39ab,monotonic_reads,network_partition,reader-1,read,mr-1c842de1-c4d8-4cca-a61c-04ffda0b39ab,,217,ONE,ALL,cassandra-3,True,False,4.268,2026-09-16T13:01:46.176677+00:00,
1c842de1-c4d8-4cca-a61c-04ffda0b39ab,monotonic_reads,network_partition,reader-1,read,mr-1c842de1-c4d8-4cca-a61c-04ffda0b39ab,,217,ONE,ALL,cassandra-1,True,False,4.241,2026-09-16T13:01:46.192662+00:00,
1c842de1-c4d8-4cca-a61c-04ffda0b39ab,monotonic_reads,network_partition,writer-1,write,mr-1c842de1-c4d8-4cca-a61c-04ffda0b39ab,218,,,ALL,cassandra-1,True,False,4.366,2026-09-16T13:01:46.193305+00:00,
1c842de1-c4d8-4cca-a61c-04ffda0b39ab,monotonic_reads,network_partition,reader-1,read,mr-1c842de1-c4d8-4cca-a61c-04ffda0b39ab,,218,ONE,ALL,cassandra-2,True,False,3.513,2026-09-16T13:01:46.206887+00:00,
1c842de1-c4d8-4cca-a61c-04ffda0b39ab,monotonic_reads,network_partition,reader-1,read,mr-1c842de1-c4d8-4cca-a61c-04ffda0b39ab,,219,ONE,ALL,cassandra-3,True,False,3.452,2026-09-16T13:01:46.221818+00:00,
1c842de1-c4d8-4cca-a61c-04ffda0b39ab,monotonic_reads,network_partition,writer-1,write,mr-1c842de1-c4d8-4cca-a61c-04ffda0b39ab,219,,,ALL,cassandra-1,True,False,5.112,2026-09-16T13:01:46.222095+00:00,
1c842de1-c4d8-4cca-a61c-04ffda0b39ab,monotonic_reads,network_partition,reader-1,read,mr-1c842de1-c4d8-4cca-a61c-04ffda0b39ab,,219,ONE,ALL,cassandra-1,True,False,4.515,2026-09-16T13:01:46.236732+00:00,
1c842de1-c4d8-4cca-a61c-04ffda0b39ab,monotonic_reads,network_partition,writer-1,write,mr-1c842de1-c4d8-4cca-a61c-04ffda0b39ab,220,,,ALL,cassandra-1,True,False,5.486,2026-09-16T13:01:46.251498+00:00,
1c842de1-c4d8-4cca-a61c-04ffda0b39ab,monotonic_reads,network_partition,reader-1,read,mr-1c842de1-c4d8-4cca-a61c-04ffda0b39ab,,220,ONE,ALL,cassandra-2,True,False,4.394,2026-09-16T13:01:46.253850+00:00,
1c842de1-c4d8-4cca-a61c-04ffda0b39ab,monotonic_reads,network_partition,reader-1,read,mr-1c842de1-c4d8-4cca-a61c-04ffda0b39ab,,220,ONE,ALL,cassandra-3,True,False,3.784,2026-09-16T13:01:46.270180+00:00,
1c842de1-c4d8-4cca-a61c-04ffda0b39ab,monotonic_reads,network_partition,writer-1,write,mr-1c842de1-c4d8-4cca-a61c-04ffda0b39ab,221,,,ALL,cassandra-1,True,False,5.146,2026-09-16T13:01:46.281004+00:00,
1c842de1-c4d8-4cca-a61c-04ffda0b39ab,monotonic_reads,network_partition,reader-1,read,mr-1c842de1-c4d8-4cca-a61c-04ffda0b39ab,,221,ONE,ALL,cassandra-1,True,False,3.118,2026-09-16T13:01:46.284483+00:00,
1c842de1-c4d8-4cca-a61c-04ffda0b39ab,monotonic_reads,network_partition,reader-1,read,mr-1c842de1-c4d8-4cca-a61c-04ffda0b39ab,,221,ONE,ALL,cassandra-2,True,False,3.809,2026-09-16T13:01:46.300056+00:00,
1c842de1-c4d8-4cca-a61c-04ffda0b39ab,monotonic_reads,network_partition,writer-1,write,mr-1c842de1-c4d8-4cca-a61c-04ffda0b39ab,222,,,ALL,cassandra-1,True,False,5.803,2026-09-16T13:01:46.307158+00:00,
1c842de1-c4d8-4cca-a61c-04ffda0b39ab,monotonic_reads,network_partition,reader-1,read,mr-1c842de1-c4d8-4cca-a61c-04ffda0b39ab,,222,ONE,ALL,cassandra-3,True,False,1.84,2026-09-16T13:01:46.312174+00:00,
1c842de1-c4d8-4cca-a61c-04ffda0b39ab,monotonic_reads,network_partition,reader-1,read,mr-1c842de1-c4d8-4cca-a61c-04ffda0b39ab,,222,ONE,ALL,cassandra-1,True,False,4.044,2026-09-16T13:01:46.326406+00:00,
1c842de1-c4d8-4cca-a61c-04ffda0b39ab,monotonic_reads,network_partition,writer-1,write,mr-1c842de1-c4d8-4cca-a61c-04ffda0b39ab,223,,,ALL,cassandra-1,True,False,4.453,2026-09-16T13:01:46.336382+00:00,
1c842de1-c4d8-4cca-a61c-04ffda0b39ab,monotonic_reads,network_partition,reader-1,read,mr-1c842de1-c4d8-4cca-a61c-04ffda0b39ab,,223,ONE,ALL,cassandra-2,True,False,3.586,2026-09-16T13:01:46.340977+00:00,
1c842de1-c4d8-4cca-a61c-04ffda0b39ab,monotonic_reads,network_partition,reader-1,read,mr-1c842de1-c4d8-4cca-a61c-04ffda0b39ab,,223,ONE,ALL,cassandra-3,True,False,2.968,2026-09-16T13:01:46.354196+00:00,
1c842de1-c4d8-4cca-a61c-04ffda0b39ab,monotonic_reads,network_partition,writer-1,write,mr-1c842de1-c4d8-4cca-a61c-04ffda0b39ab,224,,,ALL,cassandra-1,True,False,3.945,2026-09-16T13:01:46.364307+00:00,
1c842de1-c4d8-4cca-a61c-04ffda0b39ab,monotonic_reads,network_partition,reader-1,read,mr-1c842de1-c4d8-4cca-a61c-04ffda0b39ab,,224,ONE,ALL,cassandra-1,True,False,3.601,2026-09-16T13:01:46.369576+00:00,
1c842de1-c4d8-4cca-a61c-04ffda0b39ab,monotonic_reads,network_partition,reader-1,read,mr-1c842de1-c4d8-4cca-a61c-04ffda0b39ab,,224,ONE,ALL,cassandra-2,True,False,2.765,2026-09-16T13:01:46.383102+00:00,
1c842de1-c4d8-4cca-a61c-04ffda0b39ab,monotonic_reads,network_partition,writer-1,write,mr-1c842de1-c4d8-4cca-a61c-04ffda0b39ab,225,,,ALL,cassandra-1,True,False,4.255,2026-09-16T13:01:46.393311+00:00,
1c842de1-c4d8-4cca-a61c-04ffda0b39ab,monotonic_reads,network_partition,reader-1,read,mr-1c842de1-c4d8-4cca-a61c-04ffda0b39ab,,225,ONE,ALL,cassandra-3,True,False,11.52,2026-09-16T13:01:46.406440+00:00,
1c842de1-c4d8-4cca-a61c-04ffda0b39ab,monotonic_reads,network_partition,reader-1,read,mr-1c842de1-c4d8-4cca-a61c-04ffda0b39ab,,225,ONE,ALL,cassandra-1,True,False,1.703,2026-09-16T13:01:46.418733+00:00,
1c842de1-c4d8-4cca-a61c-04ffda0b39ab,monotonic_reads,network_partition,writer-1,write,mr-1c842de1-c4d8-4cca-a61c-04ffda0b39ab,226,,,ALL,cassandra-1,True,False,3.103,2026-09-16T13:01:46.419721+00:00,
1c842de1-c4d8-4cca-a61c-04ffda0b39ab,monotonic_reads,network_partition,reader-1,read,mr-1c842de1-c4d8-4cca-a61c-04ffda0b39ab,,226,ONE,ALL,cassandra-2,True,False,2.334,2026-09-16T13:01:46.433664+00:00,
1c842de1-c4d8-4cca-a61c-04ffda0b39ab,monotonic_reads,network_partition,writer-1,write,mr-1c842de1-c4d8-4cca-a61c-04ffda0b39ab,227,,,ALL,cassandra-1,True,False,13.602,2026-09-16T13:01:46.453815+00:00,
1c842de1-c4d8-4cca-a61c-04ffda0b39ab,monotonic_reads,network_partition,reader-1,read,mr-1c842de1-c4d8-4cca-a61c-04ffda0b39ab,,227,ONE,ALL,cassandra-3,True,False,8.279,2026-09-16T13:01:46.454261+00:00,
1c842de1-c4d8-4cca-a61c-04ffda0b39ab,monotonic_reads,network_partition,reader-1,read,mr-1c842de1-c4d8-4cca-a61c-04ffda0b39ab,,227,ONE,ALL,cassandra-1,True,False,2.684,2026-09-16T13:01:46.469546+00:00,
1c842de1-c4d8-4cca-a61c-04ffda0b39ab,monotonic_reads,network_partition,writer-1,write,mr-1c842de1-c4d8-4cca-a61c-04ffda0b39ab,228,,,ALL,cassandra-1,True,False,2.776,2026-09-16T13:01:46.482119+00:00,
1c842de1-c4d8-4cca-a61c-04ffda0b39ab,monotonic_reads,network_partition,reader-1,read,mr-1c842de1-c4d8-4cca-a61c-04ffda0b39ab,,228,ONE,ALL,cassandra-2,True,False,2.517,2026-09-16T13:01:46.483910+00:00,
1c842de1-c4d8-4cca-a61c-04ffda0b39ab,monotonic_reads,network_partition,reader-1,read,mr-1c842de1-c4d8-4cca-a61c-04ffda0b39ab,,228,ONE,ALL,cassandra-3,True,False,2.628,2026-09-16T13:01:46.498993+00:00,
1c842de1-c4d8-4cca-a61c-04ffda0b39ab,monotonic_reads,network_partition,writer-1,write,mr-1c842de1-c4d8-4cca-a61c-04ffda0b39ab,229,,,ALL,cassandra-1,True,False,4.755,2026-09-16T13:01:46.508127+00:00,
1c842de1-c4d8-4cca-a61c-04ffda0b39ab,monotonic_reads,network_partition,reader-1,read,mr-1c842de1-c4d8-4cca-a61c-04ffda0b39ab,,229,ONE,ALL,cassandra-1,True,False,3.557,2026-09-16T13:01:46.512972+00:00,
1c842de1-c4d8-4cca-a61c-04ffda0b39ab,monotonic_reads,network_partition,reader-1,read,mr-1c842de1-c4d8-4cca-a61c-04ffda0b39ab,,229,ONE,ALL,cassandra-2,True,False,2.829,2026-09-16T13:01:46.527209+00:00,
1c842de1-c4d8-4cca-a61c-04ffda0b39ab,monotonic_reads,network_partition,writer-1,write,mr-1c842de1-c4d8-4cca-a61c-04ffda0b39ab,230,,,ALL,cassandra-1,True,False,3.758,2026-09-16T13:01:46.532105+00:00,
1c842de1-c4d8-4cca-a61c-04ffda0b39ab,monotonic_reads,network_partition,reader-1,read,mr-1c842de1-c4d8-4cca-a61c-04ffda0b39ab,,230,ONE,ALL,cassandra-3,True,False,3.288,2026-09-16T13:01:46.542658+00:00,
1c842de1-c4d8-4cca-a61c-04ffda0b39ab,monotonic_reads,network_partition,reader-1,read,mr-1c842de1-c4d8-4cca-a61c-04ffda0b39ab,,230,ONE,ALL,cassandra-1,True,False,4.501,2026-09-16T13:01:46.558883+00:00,
1c842de1-c4d8-4cca-a61c-04ffda0b39ab,monotonic_reads,network_partition,writer-1,write,mr-1c842de1-c4d8-4cca-a61c-04ffda0b39ab,231,,,ALL,cassandra-1,True,False,4.618,2026-09-16T13:01:46.561026+00:00,
1c842de1-c4d8-4cca-a61c-04ffda0b39ab,monotonic_reads,network_partition,reader-1,read,mr-1c842de1-c4d8-4cca-a61c-04ffda0b39ab,,231,ONE,ALL,cassandra-2,True,False,6.219,2026-09-16T13:01:46.575695+00:00,
1c842de1-c4d8-4cca-a61c-04ffda0b39ab,monotonic_reads,network_partition,reader-1,read,mr-1c842de1-c4d8-4cca-a61c-04ffda0b39ab,,232,ONE,ALL,cassandra-3,True,False,2.667,2026-09-16T13:01:46.588657+00:00,
1c842de1-c4d8-4cca-a61c-04ffda0b39ab,monotonic_reads,network_partition,writer-1,write,mr-1c842de1-c4d8-4cca-a61c-04ffda0b39ab,232,,,ALL,cassandra-1,True,False,4.569,2026-09-16T13:01:46.588925+00:00,
1c842de1-c4d8-4cca-a61c-04ffda0b39ab,monotonic_reads,network_partition,reader-1,read,mr-1c842de1-c4d8-4cca-a61c-04ffda0b39ab,,232,ONE,ALL,cassandra-1,True,False,2.224,2026-09-16T13:01:46.601604+00:00,
1c842de1-c4d8-4cca-a61c-04ffda0b39ab,monotonic_reads,network_partition,writer-1,write,mr-1c842de1-c4d8-4cca-a61c-04ffda0b39ab,233,,,ALL,cassandra-1,True,False,5.063,2026-09-16T13:01:46.616407+00:00,
1c842de1-c4d8-4cca-a61c-04ffda0b39ab,monotonic_reads,network_partition,reader-1,read,mr-1c842de1-c4d8-4cca-a61c-04ffda0b39ab,,233,ONE,ALL,cassandra-2,True,False,4.261,2026-09-16T13:01:46.617503+00:00,
1c842de1-c4d8-4cca-a61c-04ffda0b39ab,monotonic_reads,network_partition,reader-1,read,mr-1c842de1-c4d8-4cca-a61c-04ffda0b39ab,,233,ONE,ALL,cassandra-3,True,False,1.549,2026-09-16T13:01:46.629901+00:00,
1c842de1-c4d8-4cca-a61c-04ffda0b39ab,monotonic_reads,network_partition,writer-1,write,mr-1c842de1-c4d8-4cca-a61c-04ffda0b39ab,234,,,ALL,cassandra-1,True,False,4.552,2026-09-16T13:01:46.642914+00:00,
1c842de1-c4d8-4cca-a61c-04ffda0b39ab,monotonic_reads,network_partition,reader-1,read,mr-1c842de1-c4d8-4cca-a61c-04ffda0b39ab,,234,ONE,ALL,cassandra-1,True,False,2.948,2026-09-16T13:01:46.644118+00:00,
1c842de1-c4d8-4cca-a61c-04ffda0b39ab,monotonic_reads,network_partition,reader-1,read,mr-1c842de1-c4d8-4cca-a61c-04ffda0b39ab,,234,ONE,ALL,cassandra-2,True,False,2.261,2026-09-16T13:01:46.657627+00:00,
1c842de1-c4d8-4cca-a61c-04ffda0b39ab,monotonic_reads,network_partition,reader-1,read,mr-1c842de1-c4d8-4cca-a61c-04ffda0b39ab,,234,ONE,ALL,cassandra-3,True,False,3.362,2026-09-16T13:01:46.671717+00:00,
1c842de1-c4d8-4cca-a61c-04ffda0b39ab,monotonic_reads,network_partition,writer-1,write,mr-1c842de1-c4d8-4cca-a61c-04ffda0b39ab,235,,,ALL,cassandra-1,True,False,5.838,2026-09-16T13:01:46.673196+00:00,
1c842de1-c4d8-4cca-a61c-04ffda0b39ab,monotonic_reads,network_partition,reader-1,read,mr-1c842de1-c4d8-4cca-a61c-04ffda0b39ab,,235,ONE,ALL,cassandra-1,True,False,2.848,2026-09-16T13:01:46.685218+00:00,
1c842de1-c4d8-4cca-a61c-04ffda0b39ab,monotonic_reads,network_partition,writer-1,write,mr-1c842de1-c4d8-4cca-a61c-04ffda0b39ab,236,,,ALL,cassandra-1,True,False,3.847,2026-09-16T13:01:46.697194+00:00,
1c842de1-c4d8-4cca-a61c-04ffda0b39ab,monotonic_reads,network_partition,reader-1,read,mr-1c842de1-c4d8-4cca-a61c-04ffda0b39ab,,236,ONE,ALL,cassandra-2,True,False,3.483,2026-09-16T13:01:46.701298+00:00,
1c842de1-c4d8-4cca-a61c-04ffda0b39ab,monotonic_reads,network_partition,reader-1,read,mr-1c842de1-c4d8-4cca-a61c-04ffda0b39ab,,236,ONE,ALL,cassandra-3,True,False,3.194,2026-09-16T13:01:46.715563+00:00,
1c842de1-c4d8-4cca-a61c-04ffda0b39ab,monotonic_reads,network_partition,writer-1,write,mr-1c842de1-c4d8-4cca-a61c-04ffda0b39ab,237,,,ALL,cassandra-1,True,False,4.958,2026-09-16T13:01:46.725317+00:00,
1c842de1-c4d8-4cca-a61c-04ffda0b39ab,monotonic_reads,network_partition,reader-1,read,mr-1c842de1-c4d8-4cca-a61c-04ffda0b39ab,,237,ONE,ALL,cassandra-1,True,False,9.43,2026-09-16T13:01:46.736607+00:00,
1c842de1-c4d8-4cca-a61c-04ffda0b39ab,monotonic_reads,network_partition,reader-1,read,mr-1c842de1-c4d8-4cca-a61c-04ffda0b39ab,,237,ONE,ALL,cassandra-2,True,False,3.796,2026-09-16T13:01:46.753125+00:00,
1c842de1-c4d8-4cca-a61c-04ffda0b39ab,monotonic_reads,network_partition,writer-1,write,mr-1c842de1-c4d8-4cca-a61c-04ffda0b39ab,238,,,ALL,cassandra-1,True,False,5.213,2026-09-16T13:01:46.755021+00:00,
1c842de1-c4d8-4cca-a61c-04ffda0b39ab,monotonic_reads,network_partition,reader-1,read,mr-1c842de1-c4d8-4cca-a61c-04ffda0b39ab,,238,ONE,ALL,cassandra-3,True,False,3.111,2026-09-16T13:01:46.766989+00:00,
1c842de1-c4d8-4cca-a61c-04ffda0b39ab,monotonic_reads,network_partition,reader-1,read,mr-1c842de1-c4d8-4cca-a61c-04ffda0b39ab,,238,ONE,ALL,cassandra-1,True,False,5.036,2026-09-16T13:01:46.784732+00:00,
1c842de1-c4d8-4cca-a61c-04ffda0b39ab,monotonic_reads,network_partition,writer-1,write,mr-1c842de1-c4d8-4cca-a61c-04ffda0b39ab,239,,,ALL,cassandra-1,True,False,10.555,2026-09-16T13:01:46.785909+00:00,
1c842de1-c4d8-4cca-a61c-04ffda0b39ab,monotonic_reads,network_partition,reader-1,read,mr-1c842de1-c4d8-4cca-a61c-04ffda0b39ab,,239,ONE,ALL,cassandra-2,True,False,3.048,2026-09-16T13:01:46.799425+00:00,
1c842de1-c4d8-4cca-a61c-04ffda0b39ab,monotonic_reads,network_partition,reader-1,read,mr-1c842de1-c4d8-4cca-a61c-04ffda0b39ab,,239,ONE,ALL,cassandra-3,True,False,2.079,2026-09-16T13:01:46.812084+00:00,
1c842de1-c4d8-4cca-a61c-04ffda0b39ab,monotonic_reads,network_partition,writer-1,write,mr-1c842de1-c4d8-4cca-a61c-04ffda0b39ab,240,,,ALL,cassandra-1,True,False,3.46,2026-09-16T13:01:46.812794+00:00,
1c842de1-c4d8-4cca-a61c-04ffda0b39ab,monotonic_reads,network_partition,reader-1,read,mr-1c842de1-c4d8-4cca-a61c-04ffda0b39ab,,240,ONE,ALL,cassandra-1,True,False,3.388,2026-09-16T13:01:46.826793+00:00,
1c842de1-c4d8-4cca-a61c-04ffda0b39ab,monotonic_reads,network_partition,writer-1,write,mr-1c842de1-c4d8-4cca-a61c-04ffda0b39ab,241,,,ALL,cassandra-1,True,False,4.757,2026-09-16T13:01:46.839183+00:00,
1c842de1-c4d8-4cca-a61c-04ffda0b39ab,monotonic_reads,network_partition,reader-1,read,mr-1c842de1-c4d8-4cca-a61c-04ffda0b39ab,,241,ONE,ALL,cassandra-2,True,False,3.076,2026-09-16T13:01:46.840957+00:00,
1c842de1-c4d8-4cca-a61c-04ffda0b39ab,monotonic_reads,network_partition,reader-1,read,mr-1c842de1-c4d8-4cca-a61c-04ffda0b39ab,,241,ONE,ALL,cassandra-3,True,False,3.651,2026-09-16T13:01:46.857053+00:00,
1c842de1-c4d8-4cca-a61c-04ffda0b39ab,monotonic_reads,network_partition,writer-1,write,mr-1c842de1-c4d8-4cca-a61c-04ffda0b39ab,242,,,ALL,cassandra-1,True,False,5.06,2026-09-16T13:01:46.866429+00:00,
1c842de1-c4d8-4cca-a61c-04ffda0b39ab,monotonic_reads,network_partition,reader-1,read,mr-1c842de1-c4d8-4cca-a61c-04ffda0b39ab,,242,ONE,ALL,cassandra-1,True,False,3.519,2026-09-16T13:01:46.871900+00:00,
1c842de1-c4d8-4cca-a61c-04ffda0b39ab,monotonic_reads,network_partition,reader-1,read,mr-1c842de1-c4d8-4cca-a61c-04ffda0b39ab,,242,ONE,ALL,cassandra-2,True,False,4.198,2026-09-16T13:01:46.888579+00:00,
1c842de1-c4d8-4cca-a61c-04ffda0b39ab,monotonic_reads,network_partition,writer-1,write,mr-1c842de1-c4d8-4cca-a61c-04ffda0b39ab,243,,,ALL,cassandra-1,True,False,6.71,2026-09-16T13:01:46.895755+00:00,
1c842de1-c4d8-4cca-a61c-04ffda0b39ab,monotonic_reads,network_partition,reader-1,read,mr-1c842de1-c4d8-4cca-a61c-04ffda0b39ab,,243,ONE,ALL,cassandra-3,True,False,2.991,2026-09-16T13:01:46.902368+00:00,
1c842de1-c4d8-4cca-a61c-04ffda0b39ab,monotonic_reads,network_partition,reader-1,read,mr-1c842de1-c4d8-4cca-a61c-04ffda0b39ab,,243,ONE,ALL,cassandra-1,True,False,5.218,2026-09-16T13:01:46.917834+00:00,
1c842de1-c4d8-4cca-a61c-04ffda0b39ab,monotonic_reads,network_partition,writer-1,write,mr-1c842de1-c4d8-4cca-a61c-04ffda0b39ab,244,,,ALL,cassandra-1,True,False,4.482,2026-09-16T13:01:46.922454+00:00,
1c842de1-c4d8-4cca-a61c-04ffda0b39ab,monotonic_reads,network_partition,reader-1,read,mr-1c842de1-c4d8-4cca-a61c-04ffda0b39ab,,244,ONE,ALL,cassandra-2,True,False,4.262,2026-09-16T13:01:46.934982+00:00,
1c842de1-c4d8-4cca-a61c-04ffda0b39ab,monotonic_reads,network_partition,reader-1,read,mr-1c842de1-c4d8-4cca-a61c-04ffda0b39ab,,244,ONE,ALL,cassandra-3,True,False,3.557,2026-09-16T13:01:46.949058+00:00,
1c842de1-c4d8-4cca-a61c-04ffda0b39ab,monotonic_reads,network_partition,writer-1,write,mr-1c842de1-c4d8-4cca-a61c-04ffda0b39ab,245,,,ALL,cassandra-1,True,False,3.827,2026-09-16T13:01:46.950067+00:00,
1c842de1-c4d8-4cca-a61c-04ffda0b39ab,monotonic_reads,network_partition,reader-1,read,mr-1c842de1-c4d8-4cca-a61c-04ffda0b39ab,,245,ONE,ALL,cassandra-1,True,False,5.134,2026-09-16T13:01:46.965549+00:00,
1c842de1-c4d8-4cca-a61c-04ffda0b39ab,monotonic_reads,network_partition,writer-1,write,mr-1c842de1-c4d8-4cca-a61c-04ffda0b39ab,246,,,ALL,cassandra-1,True,False,2.944,2026-09-16T13:01:46.976788+00:00,
1c842de1-c4d8-4cca-a61c-04ffda0b39ab,monotonic_reads,network_partition,reader-1,read,mr-1c842de1-c4d8-4cca-a61c-04ffda0b39ab,,246,ONE,ALL,cassandra-2,True,False,2.053,2026-09-16T13:01:46.978332+00:00,
1c842de1-c4d8-4cca-a61c-04ffda0b39ab,monotonic_reads,network_partition,reader-1,read,mr-1c842de1-c4d8-4cca-a61c-04ffda0b39ab,,246,ONE,ALL,cassandra-3,True,False,3.238,2026-09-16T13:01:46.993608+00:00,
1c842de1-c4d8-4cca-a61c-04ffda0b39ab,monotonic_reads,network_partition,writer-1,write,mr-1c842de1-c4d8-4cca-a61c-04ffda0b39ab,247,,,ALL,cassandra-1,True,False,6.206,2026-09-16T13:01:47.004660+00:00,
1c842de1-c4d8-4cca-a61c-04ffda0b39ab,monotonic_reads,network_partition,reader-1,read,mr-1c842de1-c4d8-4cca-a61c-04ffda0b39ab,,247,ONE,ALL,cassandra-1,True,False,4.446,2026-09-16T13:01:47.009256+00:00,
1c842de1-c4d8-4cca-a61c-04ffda0b39ab,monotonic_reads,network_partition,reader-1,read,mr-1c842de1-c4d8-4cca-a61c-04ffda0b39ab,,247,ONE,ALL,cassandra-2,True,False,3.641,2026-09-16T13:01:47.024402+00:00,
1c842de1-c4d8-4cca-a61c-04ffda0b39ab,monotonic_reads,network_partition,writer-1,write,mr-1c842de1-c4d8-4cca-a61c-04ffda0b39ab,248,,,ALL,cassandra-1,True,False,4.042,2026-09-16T13:01:47.030357+00:00,
1c842de1-c4d8-4cca-a61c-04ffda0b39ab,monotonic_reads,network_partition,reader-1,read,mr-1c842de1-c4d8-4cca-a61c-04ffda0b39ab,,248,ONE,ALL,cassandra-3,True,False,4.203,2026-09-16T13:01:47.039584+00:00,
1c842de1-c4d8-4cca-a61c-04ffda0b39ab,monotonic_reads,network_partition,reader-1,read,mr-1c842de1-c4d8-4cca-a61c-04ffda0b39ab,,248,ONE,ALL,cassandra-1,True,False,4.082,2026-09-16T13:01:47.054466+00:00,
1c842de1-c4d8-4cca-a61c-04ffda0b39ab,monotonic_reads,network_partition,writer-1,write,mr-1c842de1-c4d8-4cca-a61c-04ffda0b39ab,249,,,ALL,cassandra-1,True,False,4.61,2026-09-16T13:01:47.055974+00:00,
1c842de1-c4d8-4cca-a61c-04ffda0b39ab,monotonic_reads,network_partition,reader-1,read,mr-1c842de1-c4d8-4cca-a61c-04ffda0b39ab,,249,ONE,ALL,cassandra-2,True,False,3.802,2026-09-16T13:01:47.070195+00:00,
1c842de1-c4d8-4cca-a61c-04ffda0b39ab,monotonic_reads,network_partition,writer-1,write,mr-1c842de1-c4d8-4cca-a61c-04ffda0b39ab,250,,,ALL,cassandra-1,True,False,6.197,2026-09-16T13:01:47.082509+00:00,
1c842de1-c4d8-4cca-a61c-04ffda0b39ab,monotonic_reads,network_partition,reader-1,read,mr-1c842de1-c4d8-4cca-a61c-04ffda0b39ab,,250,ONE,ALL,cassandra-3,True,False,4.15,2026-09-16T13:01:47.085299+00:00,
1c842de1-c4d8-4cca-a61c-04ffda0b39ab,monotonic_reads,network_partition,reader-1,read,mr-1c842de1-c4d8-4cca-a61c-04ffda0b39ab,,250,ONE,ALL,cassandra-1,True,False,5.266,2026-09-16T13:01:47.101645+00:00,
1c842de1-c4d8-4cca-a61c-04ffda0b39ab,monotonic_reads,network_partition,writer-1,write,mr-1c842de1-c4d8-4cca-a61c-04ffda0b39ab,251,,,ALL,cassandra-1,True,False,13.025,2026-09-16T13:01:47.120376+00:00,
1c842de1-c4d8-4cca-a61c-04ffda0b39ab,monotonic_reads,network_partition,reader-1,read,mr-1c842de1-c4d8-4cca-a61c-04ffda0b39ab,,251,ONE,ALL,cassandra-2,True,False,7.16,2026-09-16T13:01:47.121517+00:00,
1c842de1-c4d8-4cca-a61c-04ffda0b39ab,monotonic_reads,network_partition,reader-1,read,mr-1c842de1-c4d8-4cca-a61c-04ffda0b39ab,,251,ONE,ALL,cassandra-3,True,False,3.495,2026-09-16T13:01:47.136910+00:00,
1c842de1-c4d8-4cca-a61c-04ffda0b39ab,monotonic_reads,network_partition,writer-1,write,mr-1c842de1-c4d8-4cca-a61c-04ffda0b39ab,252,,,ALL,cassandra-1,True,False,7.706,2026-09-16T13:01:47.149068+00:00,
1c842de1-c4d8-4cca-a61c-04ffda0b39ab,monotonic_reads,network_partition,reader-1,read,mr-1c842de1-c4d8-4cca-a61c-04ffda0b39ab,,252,ONE,ALL,cassandra-1,True,False,2.314,2026-09-16T13:01:47.150639+00:00,
1c842de1-c4d8-4cca-a61c-04ffda0b39ab,monotonic_reads,network_partition,reader-1,read,mr-1c842de1-c4d8-4cca-a61c-04ffda0b39ab,,252,ONE,ALL,cassandra-2,True,False,3.874,2026-09-16T13:01:47.166260+00:00,
1c842de1-c4d8-4cca-a61c-04ffda0b39ab,monotonic_reads,network_partition,writer-1,write,mr-1c842de1-c4d8-4cca-a61c-04ffda0b39ab,253,,,ALL,cassandra-1,True,False,6.12,2026-09-16T13:01:47.175490+00:00,
1c842de1-c4d8-4cca-a61c-04ffda0b39ab,monotonic_reads,network_partition,reader-1,read,mr-1c842de1-c4d8-4cca-a61c-04ffda0b39ab,,253,ONE,ALL,cassandra-3,True,False,3.309,2026-09-16T13:01:47.180689+00:00,
1c842de1-c4d8-4cca-a61c-04ffda0b39ab,monotonic_reads,network_partition,reader-1,read,mr-1c842de1-c4d8-4cca-a61c-04ffda0b39ab,,253,ONE,ALL,cassandra-1,True,False,3.929,2026-09-16T13:01:47.195333+00:00,
1c842de1-c4d8-4cca-a61c-04ffda0b39ab,monotonic_reads,network_partition,writer-1,write,mr-1c842de1-c4d8-4cca-a61c-04ffda0b39ab,254,,,ALL,cassandra-1,True,False,4.913,2026-09-16T13:01:47.204291+00:00,
1c842de1-c4d8-4cca-a61c-04ffda0b39ab,monotonic_reads,network_partition,reader-1,read,mr-1c842de1-c4d8-4cca-a61c-04ffda0b39ab,,254,ONE,ALL,cassandra-2,True,False,3.658,2026-09-16T13:01:47.210294+00:00,
1c842de1-c4d8-4cca-a61c-04ffda0b39ab,monotonic_reads,network_partition,reader-1,read,mr-1c842de1-c4d8-4cca-a61c-04ffda0b39ab,,254,ONE,ALL,cassandra-3,True,False,3.358,2026-09-16T13:01:47.226230+00:00,
1c842de1-c4d8-4cca-a61c-04ffda0b39ab,monotonic_reads,network_partition,writer-1,write,mr-1c842de1-c4d8-4cca-a61c-04ffda0b39ab,255,,,ALL,cassandra-1,True,False,4.985,2026-09-16T13:01:47.230287+00:00,
1c842de1-c4d8-4cca-a61c-04ffda0b39ab,monotonic_reads,network_partition,reader-1,read,mr-1c842de1-c4d8-4cca-a61c-04ffda0b39ab,,255,ONE,ALL,cassandra-1,True,False,6.059,2026-09-16T13:01:47.245011+00:00,
1c842de1-c4d8-4cca-a61c-04ffda0b39ab,monotonic_reads,network_partition,writer-1,write,mr-1c842de1-c4d8-4cca-a61c-04ffda0b39ab,256,,,ALL,cassandra-1,True,False,2.132,2026-09-16T13:01:47.257635+00:00,
1c842de1-c4d8-4cca-a61c-04ffda0b39ab,monotonic_reads,network_partition,reader-1,read,mr-1c842de1-c4d8-4cca-a61c-04ffda0b39ab,,256,ONE,ALL,cassandra-2,True,False,1.441,2026-09-16T13:01:47.258142+00:00,
1c842de1-c4d8-4cca-a61c-04ffda0b39ab,monotonic_reads,network_partition,reader-1,read,mr-1c842de1-c4d8-4cca-a61c-04ffda0b39ab,,256,ONE,ALL,cassandra-3,True,False,2.44,2026-09-16T13:01:47.273180+00:00,
1c842de1-c4d8-4cca-a61c-04ffda0b39ab,monotonic_reads,network_partition,reader-1,read,mr-1c842de1-c4d8-4cca-a61c-04ffda0b39ab,,257,ONE,ALL,cassandra-1,True,False,6.956,2026-09-16T13:01:47.290687+00:00,
1c842de1-c4d8-4cca-a61c-04ffda0b39ab,monotonic_reads,network_partition,writer-1,write,mr-1c842de1-c4d8-4cca-a61c-04ffda0b39ab,257,,,ALL,cassandra-1,True,False,13.877,2026-09-16T13:01:47.295232+00:00,
1c842de1-c4d8-4cca-a61c-04ffda0b39ab,monotonic_reads,network_partition,reader-1,read,mr-1c842de1-c4d8-4cca-a61c-04ffda0b39ab,,257,ONE,ALL,cassandra-2,True,False,2.034,2026-09-16T13:01:47.304390+00:00,
1c842de1-c4d8-4cca-a61c-04ffda0b39ab,monotonic_reads,network_partition,reader-1,read,mr-1c842de1-c4d8-4cca-a61c-04ffda0b39ab,,257,ONE,ALL,cassandra-3,True,False,2.927,2026-09-16T13:01:47.318324+00:00,
1c842de1-c4d8-4cca-a61c-04ffda0b39ab,monotonic_reads,network_partition,writer-1,write,mr-1c842de1-c4d8-4cca-a61c-04ffda0b39ab,258,,,ALL,cassandra-1,True,False,4.845,2026-09-16T13:01:47.322202+00:00,
1c842de1-c4d8-4cca-a61c-04ffda0b39ab,monotonic_reads,network_partition,reader-1,read,mr-1c842de1-c4d8-4cca-a61c-04ffda0b39ab,,258,ONE,ALL,cassandra-1,True,False,3.564,2026-09-16T13:01:47.332931+00:00,
1c842de1-c4d8-4cca-a61c-04ffda0b39ab,monotonic_reads,network_partition,reader-1,read,mr-1c842de1-c4d8-4cca-a61c-04ffda0b39ab,,258,ONE,ALL,cassandra-2,True,False,3.128,2026-09-16T13:01:47.346359+00:00,
1c842de1-c4d8-4cca-a61c-04ffda0b39ab,monotonic_reads,network_partition,writer-1,write,mr-1c842de1-c4d8-4cca-a61c-04ffda0b39ab,259,,,ALL,cassandra-1,True,False,3.815,2026-09-16T13:01:47.350278+00:00,
1c842de1-c4d8-4cca-a61c-04ffda0b39ab,monotonic_reads,network_partition,reader-1,read,mr-1c842de1-c4d8-4cca-a61c-04ffda0b39ab,,259,ONE,ALL,cassandra-3,True,False,4.025,2026-09-16T13:01:47.362389+00:00,
1c842de1-c4d8-4cca-a61c-04ffda0b39ab,monotonic_reads,network_partition,reader-1,read,mr-1c842de1-c4d8-4cca-a61c-04ffda0b39ab,,259,ONE,ALL,cassandra-1,True,False,2.542,2026-09-16T13:01:47.376197+00:00,
1c842de1-c4d8-4cca-a61c-04ffda0b39ab,monotonic_reads,network_partition,writer-1,write,mr-1c842de1-c4d8-4cca-a61c-04ffda0b39ab,260,,,ALL,cassandra-1,True,False,3.744,2026-09-16T13:01:47.377103+00:00,
1c842de1-c4d8-4cca-a61c-04ffda0b39ab,monotonic_reads,network_partition,reader-1,read,mr-1c842de1-c4d8-4cca-a61c-04ffda0b39ab,,260,ONE,ALL,cassandra-2,True,False,2.331,2026-09-16T13:01:47.388703+00:00,
1c842de1-c4d8-4cca-a61c-04ffda0b39ab,monotonic_reads,network_partition,writer-1,write,mr-1c842de1-c4d8-4cca-a61c-04ffda0b39ab,261,,,ALL,cassandra-1,True,False,4.057,2026-09-16T13:01:47.401427+00:00,
1c842de1-c4d8-4cca-a61c-04ffda0b39ab,monotonic_reads,network_partition,reader-1,read,mr-1c842de1-c4d8-4cca-a61c-04ffda0b39ab,,261,ONE,ALL,cassandra-3,True,False,3.169,2026-09-16T13:01:47.403443+00:00,
1c842de1-c4d8-4cca-a61c-04ffda0b39ab,monotonic_reads,network_partition,reader-1,read,mr-1c842de1-c4d8-4cca-a61c-04ffda0b39ab,,261,ONE,ALL,cassandra-1,True,False,3.793,2026-09-16T13:01:47.418167+00:00,
1c842de1-c4d8-4cca-a61c-04ffda0b39ab,monotonic_reads,network_partition,writer-1,write,mr-1c842de1-c4d8-4cca-a61c-04ffda0b39ab,262,,,ALL,cassandra-1,True,False,3.72,2026-09-16T13:01:47.427090+00:00,
1c842de1-c4d8-4cca-a61c-04ffda0b39ab,monotonic_reads,network_partition,reader-1,read,mr-1c842de1-c4d8-4cca-a61c-04ffda0b39ab,,262,ONE,ALL,cassandra-2,True,False,2.545,2026-09-16T13:01:47.431915+00:00,
1c842de1-c4d8-4cca-a61c-04ffda0b39ab,monotonic_reads,network_partition,reader-1,read,mr-1c842de1-c4d8-4cca-a61c-04ffda0b39ab,,262,ONE,ALL,cassandra-3,True,False,3.553,2026-09-16T13:01:47.446936+00:00,
1c842de1-c4d8-4cca-a61c-04ffda0b39ab,monotonic_reads,network_partition,writer-1,write,mr-1c842de1-c4d8-4cca-a61c-04ffda0b39ab,263,,,ALL,cassandra-1,True,False,4.315,2026-09-16T13:01:47.453599+00:00,
1c842de1-c4d8-4cca-a61c-04ffda0b39ab,monotonic_reads,network_partition,reader-1,read,mr-1c842de1-c4d8-4cca-a61c-04ffda0b39ab,,263,ONE,ALL,cassandra-1,True,False,3.606,2026-09-16T13:01:47.461987+00:00,
1c842de1-c4d8-4cca-a61c-04ffda0b39ab,monotonic_reads,network_partition,reader-1,read,mr-1c842de1-c4d8-4cca-a61c-04ffda0b39ab,,263,ONE,ALL,cassandra-2,True,False,3.037,2026-09-16T13:01:47.476401+00:00,
1c842de1-c4d8-4cca-a61c-04ffda0b39ab,monotonic_reads,network_partition,writer-1,write,mr-1c842de1-c4d8-4cca-a61c-04ffda0b39ab,264,,,ALL,cassandra-1,True,False,3.969,2026-09-16T13:01:47.477809+00:00,
1c842de1-c4d8-4cca-a61c-04ffda0b39ab,monotonic_reads,network_partition,reader-1,read,mr-1c842de1-c4d8-4cca-a61c-04ffda0b39ab,,264,ONE,ALL,cassandra-3,True,False,3.417,2026-09-16T13:01:47.490782+00:00,
1c842de1-c4d8-4cca-a61c-04ffda0b39ab,monotonic_reads,network_partition,reader-1,read,mr-1c842de1-c4d8-4cca-a61c-04ffda0b39ab,,265,ONE,ALL,cassandra-1,True,False,3.37,2026-09-16T13:01:47.504568+00:00,
1c842de1-c4d8-4cca-a61c-04ffda0b39ab,monotonic_reads,network_partition,writer-1,write,mr-1c842de1-c4d8-4cca-a61c-04ffda0b39ab,265,,,ALL,cassandra-1,True,False,5.493,2026-09-16T13:01:47.504841+00:00,
1c842de1-c4d8-4cca-a61c-04ffda0b39ab,monotonic_reads,network_partition,reader-1,read,mr-1c842de1-c4d8-4cca-a61c-04ffda0b39ab,,265,ONE,ALL,cassandra-2,True,False,2.653,2026-09-16T13:01:47.518006+00:00,
1c842de1-c4d8-4cca-a61c-04ffda0b39ab,monotonic_reads,network_partition,reader-1,read,mr-1c842de1-c4d8-4cca-a61c-04ffda0b39ab,,265,ONE,ALL,cassandra-3,True,False,2.78,2026-09-16T13:01:47.532380+00:00,
1c842de1-c4d8-4cca-a61c-04ffda0b39ab,monotonic_reads,network_partition,writer-1,write,mr-1c842de1-c4d8-4cca-a61c-04ffda0b39ab,266,,,ALL,cassandra-1,True,False,5.012,2026-09-16T13:01:47.534226+00:00,
1c842de1-c4d8-4cca-a61c-04ffda0b39ab,monotonic_reads,network_partition,reader-1,read,mr-1c842de1-c4d8-4cca-a61c-04ffda0b39ab,,266,ONE,ALL,cassandra-1,True,False,3.271,2026-09-16T13:01:47.546627+00:00,
1c842de1-c4d8-4cca-a61c-04ffda0b39ab,monotonic_reads,network_partition,reader-1,read,mr-1c842de1-c4d8-4cca-a61c-04ffda0b39ab,,266,ONE,ALL,cassandra-2,True,False,3.694,2026-09-16T13:01:47.561068+00:00,
1c842de1-c4d8-4cca-a61c-04ffda0b39ab,monotonic_reads,network_partition,writer-1,write,mr-1c842de1-c4d8-4cca-a61c-04ffda0b39ab,267,,,ALL,cassandra-1,True,False,5.966,2026-09-16T13:01:47.563722+00:00,
1c842de1-c4d8-4cca-a61c-04ffda0b39ab,monotonic_reads,network_partition,reader-1,read,mr-1c842de1-c4d8-4cca-a61c-04ffda0b39ab,,267,ONE,ALL,cassandra-3,True,False,3.348,2026-09-16T13:01:47.576783+00:00,
1c842de1-c4d8-4cca-a61c-04ffda0b39ab,monotonic_reads,network_partition,reader-1,read,mr-1c842de1-c4d8-4cca-a61c-04ffda0b39ab,,267,ONE,ALL,cassandra-1,True,False,3.668,2026-09-16T13:01:47.591529+00:00,
1c842de1-c4d8-4cca-a61c-04ffda0b39ab,monotonic_reads,network_partition,writer-1,write,mr-1c842de1-c4d8-4cca-a61c-04ffda0b39ab,268,,,ALL,cassandra-1,True,False,3.808,2026-09-16T13:01:47.592105+00:00,
1c842de1-c4d8-4cca-a61c-04ffda0b39ab,monotonic_reads,network_partition,reader-1,read,mr-1c842de1-c4d8-4cca-a61c-04ffda0b39ab,,268,ONE,ALL,cassandra-2,True,False,2.654,2026-09-16T13:01:47.605018+00:00,
1c842de1-c4d8-4cca-a61c-04ffda0b39ab,monotonic_reads,network_partition,reader-1,read,mr-1c842de1-c4d8-4cca-a61c-04ffda0b39ab,,268,ONE,ALL,cassandra-3,True,False,3.9,2026-09-16T13:01:47.620186+00:00,
1c842de1-c4d8-4cca-a61c-04ffda0b39ab,monotonic_reads,network_partition,writer-1,write,mr-1c842de1-c4d8-4cca-a61c-04ffda0b39ab,269,,,ALL,cassandra-1,True,False,3.947,2026-09-16T13:01:47.620804+00:00,
1c842de1-c4d8-4cca-a61c-04ffda0b39ab,monotonic_reads,network_partition,reader-1,read,mr-1c842de1-c4d8-4cca-a61c-04ffda0b39ab,,269,ONE,ALL,cassandra-1,True,False,5.251,2026-09-16T13:01:47.636623+00:00,
1c842de1-c4d8-4cca-a61c-04ffda0b39ab,monotonic_reads,network_partition,writer-1,write,mr-1c842de1-c4d8-4cca-a61c-04ffda0b39ab,270,,,ALL,cassandra-1,True,False,3.587,2026-09-16T13:01:47.644939+00:00,
1c842de1-c4d8-4cca-a61c-04ffda0b39ab,monotonic_reads,network_partition,reader-1,read,mr-1c842de1-c4d8-4cca-a61c-04ffda0b39ab,,270,ONE,ALL,cassandra-2,True,False,4.302,2026-09-16T13:01:47.652670+00:00,
1c842de1-c4d8-4cca-a61c-04ffda0b39ab,monotonic_reads,network_partition,reader-1,read,mr-1c842de1-c4d8-4cca-a61c-04ffda0b39ab,,270,ONE,ALL,cassandra-3,True,False,3.912,2026-09-16T13:01:47.669052+00:00,
1c842de1-c4d8-4cca-a61c-04ffda0b39ab,monotonic_reads,network_partition,writer-1,write,mr-1c842de1-c4d8-4cca-a61c-04ffda0b39ab,271,,,ALL,cassandra-1,True,False,3.654,2026-09-16T13:01:47.669197+00:00,
1c842de1-c4d8-4cca-a61c-04ffda0b39ab,monotonic_reads,network_partition,reader-1,read,mr-1c842de1-c4d8-4cca-a61c-04ffda0b39ab,,271,ONE,ALL,cassandra-1,True,False,4.403,2026-09-16T13:01:47.686125+00:00,
1c842de1-c4d8-4cca-a61c-04ffda0b39ab,monotonic_reads,network_partition,writer-1,write,mr-1c842de1-c4d8-4cca-a61c-04ffda0b39ab,272,,,ALL,cassandra-1,True,False,4.508,2026-09-16T13:01:47.696240+00:00,
1c842de1-c4d8-4cca-a61c-04ffda0b39ab,monotonic_reads,network_partition,reader-1,read,mr-1c842de1-c4d8-4cca-a61c-04ffda0b39ab,,272,ONE,ALL,cassandra-2,True,False,3.028,2026-09-16T13:01:47.700417+00:00,
1c842de1-c4d8-4cca-a61c-04ffda0b39ab,monotonic_reads,network_partition,reader-1,read,mr-1c842de1-c4d8-4cca-a61c-04ffda0b39ab,,272,ONE,ALL,cassandra-3,True,False,3.06,2026-09-16T13:01:47.714432+00:00,
1c842de1-c4d8-4cca-a61c-04ffda0b39ab,monotonic_reads,network_partition,writer-1,write,mr-1c842de1-c4d8-4cca-a61c-04ffda0b39ab,273,,,ALL,cassandra-1,True,False,5.592,2026-09-16T13:01:47.722191+00:00,
1c842de1-c4d8-4cca-a61c-04ffda0b39ab,monotonic_reads,network_partition,reader-1,read,mr-1c842de1-c4d8-4cca-a61c-04ffda0b39ab,,273,ONE,ALL,cassandra-1,True,False,3.625,2026-09-16T13:01:47.730873+00:00,
1c842de1-c4d8-4cca-a61c-04ffda0b39ab,monotonic_reads,network_partition,reader-1,read,mr-1c842de1-c4d8-4cca-a61c-04ffda0b39ab,,273,ONE,ALL,cassandra-2,True,False,4.125,2026-09-16T13:01:47.745506+00:00,
1c842de1-c4d8-4cca-a61c-04ffda0b39ab,monotonic_reads,network_partition,writer-1,write,mr-1c842de1-c4d8-4cca-a61c-04ffda0b39ab,274,,,ALL,cassandra-1,True,False,3.982,2026-09-16T13:01:47.750339+00:00,
1c842de1-c4d8-4cca-a61c-04ffda0b39ab,monotonic_reads,network_partition,reader-1,read,mr-1c842de1-c4d8-4cca-a61c-04ffda0b39ab,,274,ONE,ALL,cassandra-3,True,False,2.967,2026-09-16T13:01:47.759320+00:00,
1c842de1-c4d8-4cca-a61c-04ffda0b39ab,monotonic_reads,network_partition,reader-1,read,mr-1c842de1-c4d8-4cca-a61c-04ffda0b39ab,,274,ONE,ALL,cassandra-1,True,False,2.842,2026-09-16T13:01:47.774182+00:00,
1c842de1-c4d8-4cca-a61c-04ffda0b39ab,monotonic_reads,network_partition,writer-1,write,mr-1c842de1-c4d8-4cca-a61c-04ffda0b39ab,275,,,ALL,cassandra-1,True,False,5.413,2026-09-16T13:01:47.776162+00:00,
1c842de1-c4d8-4cca-a61c-04ffda0b39ab,monotonic_reads,network_partition,reader-1,read,mr-1c842de1-c4d8-4cca-a61c-04ffda0b39ab,,275,ONE,ALL,cassandra-2,True,False,4.137,2026-09-16T13:01:47.789392+00:00,
1c842de1-c4d8-4cca-a61c-04ffda0b39ab,monotonic_reads,network_partition,writer-1,write,mr-1c842de1-c4d8-4cca-a61c-04ffda0b39ab,276,,,ALL,cassandra-1,True,False,5.252,2026-09-16T13:01:47.801622+00:00,
1c842de1-c4d8-4cca-a61c-04ffda0b39ab,monotonic_reads,network_partition,reader-1,read,mr-1c842de1-c4d8-4cca-a61c-04ffda0b39ab,,276,ONE,ALL,cassandra-3,True,False,3.75,2026-09-16T13:01:47.804579+00:00,
1c842de1-c4d8-4cca-a61c-04ffda0b39ab,monotonic_reads,network_partition,reader-1,read,mr-1c842de1-c4d8-4cca-a61c-04ffda0b39ab,,276,ONE,ALL,cassandra-1,True,False,3.5,2026-09-16T13:01:47.818719+00:00,
1c842de1-c4d8-4cca-a61c-04ffda0b39ab,monotonic_reads,network_partition,writer-1,write,mr-1c842de1-c4d8-4cca-a61c-04ffda0b39ab,277,,,ALL,cassandra-1,True,False,3.654,2026-09-16T13:01:47.829025+00:00,
1c842de1-c4d8-4cca-a61c-04ffda0b39ab,monotonic_reads,network_partition,reader-1,read,mr-1c842de1-c4d8-4cca-a61c-04ffda0b39ab,,277,ONE,ALL,cassandra-2,True,False,2.753,2026-09-16T13:01:47.834128+00:00,
1c842de1-c4d8-4cca-a61c-04ffda0b39ab,monotonic_reads,network_partition,reader-1,read,mr-1c842de1-c4d8-4cca-a61c-04ffda0b39ab,,277,ONE,ALL,cassandra-3,True,False,2.667,2026-09-16T13:01:47.849064+00:00,
1c842de1-c4d8-4cca-a61c-04ffda0b39ab,monotonic_reads,network_partition,writer-1,write,mr-1c842de1-c4d8-4cca-a61c-04ffda0b39ab,278,,,ALL,cassandra-1,True,False,5.158,2026-09-16T13:01:47.858263+00:00,
1c842de1-c4d8-4cca-a61c-04ffda0b39ab,monotonic_reads,network_partition,reader-1,read,mr-1c842de1-c4d8-4cca-a61c-04ffda0b39ab,,278,ONE,ALL,cassandra-1,True,False,4.599,2026-09-16T13:01:47.863998+00:00,
1c842de1-c4d8-4cca-a61c-04ffda0b39ab,monotonic_reads,network_partition,reader-1,read,mr-1c842de1-c4d8-4cca-a61c-04ffda0b39ab,,278,ONE,ALL,cassandra-2,True,False,3.9,2026-09-16T13:01:47.879686+00:00,
1c842de1-c4d8-4cca-a61c-04ffda0b39ab,monotonic_reads,network_partition,writer-1,write,mr-1c842de1-c4d8-4cca-a61c-04ffda0b39ab,279,,,ALL,cassandra-1,True,False,5.213,2026-09-16T13:01:47.888295+00:00,
1c842de1-c4d8-4cca-a61c-04ffda0b39ab,monotonic_reads,network_partition,reader-1,read,mr-1c842de1-c4d8-4cca-a61c-04ffda0b39ab,,279,ONE,ALL,cassandra-3,True,False,3.028,2026-09-16T13:01:47.894400+00:00,
1c842de1-c4d8-4cca-a61c-04ffda0b39ab,monotonic_reads,network_partition,reader-1,read,mr-1c842de1-c4d8-4cca-a61c-04ffda0b39ab,,279,ONE,ALL,cassandra-1,True,False,3.162,2026-09-16T13:01:47.908020+00:00,
1c842de1-c4d8-4cca-a61c-04ffda0b39ab,monotonic_reads,network_partition,writer-1,write,mr-1c842de1-c4d8-4cca-a61c-04ffda0b39ab,280,,,ALL,cassandra-1,True,False,4.1,2026-09-16T13:01:47.915471+00:00,
1c842de1-c4d8-4cca-a61c-04ffda0b39ab,monotonic_reads,network_partition,reader-1,read,mr-1c842de1-c4d8-4cca-a61c-04ffda0b39ab,,280,ONE,ALL,cassandra-2,True,False,4.81,2026-09-16T13:01:47.925212+00:00,
1c842de1-c4d8-4cca-a61c-04ffda0b39ab,monotonic_reads,network_partition,reader-1,read,mr-1c842de1-c4d8-4cca-a61c-04ffda0b39ab,,280,ONE,ALL,cassandra-3,True,False,4.106,2026-09-16T13:01:47.941967+00:00,
1c842de1-c4d8-4cca-a61c-04ffda0b39ab,monotonic_reads,network_partition,writer-1,write,mr-1c842de1-c4d8-4cca-a61c-04ffda0b39ab,281,,,ALL,cassandra-1,True,False,4.96,2026-09-16T13:01:47.944840+00:00,
1c842de1-c4d8-4cca-a61c-04ffda0b39ab,monotonic_reads,network_partition,reader-1,read,mr-1c842de1-c4d8-4cca-a61c-04ffda0b39ab,,281,ONE,ALL,cassandra-1,True,False,3.031,2026-09-16T13:01:47.955401+00:00,
1c842de1-c4d8-4cca-a61c-04ffda0b39ab,monotonic_reads,network_partition,reader-1,read,mr-1c842de1-c4d8-4cca-a61c-04ffda0b39ab,,281,ONE,ALL,cassandra-2,True,False,3.752,2026-09-16T13:01:47.970143+00:00,
1c842de1-c4d8-4cca-a61c-04ffda0b39ab,monotonic_reads,network_partition,writer-1,write,mr-1c842de1-c4d8-4cca-a61c-04ffda0b39ab,282,,,ALL,cassandra-1,True,False,4.644,2026-09-16T13:01:47.971418+00:00,
1c842de1-c4d8-4cca-a61c-04ffda0b39ab,monotonic_reads,network_partition,reader-1,read,mr-1c842de1-c4d8-4cca-a61c-04ffda0b39ab,,282,ONE,ALL,cassandra-3,True,False,3.093,2026-09-16T13:01:47.984248+00:00,
1c842de1-c4d8-4cca-a61c-04ffda0b39ab,monotonic_reads,network_partition,writer-1,write,mr-1c842de1-c4d8-4cca-a61c-04ffda0b39ab,283,,,ALL,cassandra-1,True,False,5.939,2026-09-16T13:01:47.998395+00:00,
1c842de1-c4d8-4cca-a61c-04ffda0b39ab,monotonic_reads,network_partition,reader-1,read,mr-1c842de1-c4d8-4cca-a61c-04ffda0b39ab,,283,ONE,ALL,cassandra-1,True,False,4.401,2026-09-16T13:01:47.999775+00:00,
1c842de1-c4d8-4cca-a61c-04ffda0b39ab,monotonic_reads,network_partition,reader-1,read,mr-1c842de1-c4d8-4cca-a61c-04ffda0b39ab,,283,ONE,ALL,cassandra-2,True,False,3.93,2026-09-16T13:01:48.015328+00:00,
1c842de1-c4d8-4cca-a61c-04ffda0b39ab,monotonic_reads,network_partition,writer-1,write,mr-1c842de1-c4d8-4cca-a61c-04ffda0b39ab,284,,,ALL,cassandra-1,True,False,5.196,2026-09-16T13:01:48.026562+00:00,
1c842de1-c4d8-4cca-a61c-04ffda0b39ab,monotonic_reads,network_partition,reader-1,read,mr-1c842de1-c4d8-4cca-a61c-04ffda0b39ab,,284,ONE,ALL,cassandra-3,True,False,3.957,2026-09-16T13:01:48.030622+00:00,
1c842de1-c4d8-4cca-a61c-04ffda0b39ab,monotonic_reads,network_partition,reader-1,read,mr-1c842de1-c4d8-4cca-a61c-04ffda0b39ab,,284,ONE,ALL,cassandra-1,True,False,4.049,2026-09-16T13:01:48.046921+00:00,
1c842de1-c4d8-4cca-a61c-04ffda0b39ab,monotonic_reads,network_partition,writer-1,write,mr-1c842de1-c4d8-4cca-a61c-04ffda0b39ab,285,,,ALL,cassandra-1,True,False,4.098,2026-09-16T13:01:48.051488+00:00,
1c842de1-c4d8-4cca-a61c-04ffda0b39ab,monotonic_reads,network_partition,reader-1,read,mr-1c842de1-c4d8-4cca-a61c-04ffda0b39ab,,285,ONE,ALL,cassandra-2,True,False,5.118,2026-09-16T13:01:48.062502+00:00,
1c842de1-c4d8-4cca-a61c-04ffda0b39ab,monotonic_reads,network_partition,reader-1,read,mr-1c842de1-c4d8-4cca-a61c-04ffda0b39ab,,285,ONE,ALL,cassandra-3,True,False,3.863,2026-09-16T13:01:48.078243+00:00,
1c842de1-c4d8-4cca-a61c-04ffda0b39ab,monotonic_reads,network_partition,writer-1,write,mr-1c842de1-c4d8-4cca-a61c-04ffda0b39ab,286,,,ALL,cassandra-1,True,False,4.987,2026-09-16T13:01:48.080194+00:00,
1c842de1-c4d8-4cca-a61c-04ffda0b39ab,monotonic_reads,network_partition,reader-1,read,mr-1c842de1-c4d8-4cca-a61c-04ffda0b39ab,,286,ONE,ALL,cassandra-1,True,False,4.477,2026-09-16T13:01:48.094874+00:00,
1c842de1-c4d8-4cca-a61c-04ffda0b39ab,monotonic_reads,network_partition,writer-1,write,mr-1c842de1-c4d8-4cca-a61c-04ffda0b39ab,287,,,ALL,cassandra-1,True,False,4.228,2026-09-16T13:01:48.107612+00:00,
1c842de1-c4d8-4cca-a61c-04ffda0b39ab,monotonic_reads,network_partition,reader-1,read,mr-1c842de1-c4d8-4cca-a61c-04ffda0b39ab,,287,ONE,ALL,cassandra-2,True,False,2.528,2026-09-16T13:01:48.108953+00:00,
1c842de1-c4d8-4cca-a61c-04ffda0b39ab,monotonic_reads,network_partition,reader-1,read,mr-1c842de1-c4d8-4cca-a61c-04ffda0b39ab,,287,ONE,ALL,cassandra-3,True,False,3.676,2026-09-16T13:01:48.123062+00:00,
1c842de1-c4d8-4cca-a61c-04ffda0b39ab,monotonic_reads,network_partition,writer-1,write,mr-1c842de1-c4d8-4cca-a61c-04ffda0b39ab,288,,,ALL,cassandra-1,True,False,6.235,2026-09-16T13:01:48.134599+00:00,
1c842de1-c4d8-4cca-a61c-04ffda0b39ab,monotonic_reads,network_partition,reader-1,read,mr-1c842de1-c4d8-4cca-a61c-04ffda0b39ab,,288,ONE,ALL,cassandra-1,True,False,4.432,2026-09-16T13:01:48.139138+00:00,
1c842de1-c4d8-4cca-a61c-04ffda0b39ab,monotonic_reads,network_partition,reader-1,read,mr-1c842de1-c4d8-4cca-a61c-04ffda0b39ab,,288,ONE,ALL,cassandra-2,True,False,4.069,2026-09-16T13:01:48.155442+00:00,
1c842de1-c4d8-4cca-a61c-04ffda0b39ab,monotonic_reads,network_partition,writer-1,write,mr-1c842de1-c4d8-4cca-a61c-04ffda0b39ab,289,,,ALL,cassandra-1,True,False,4.384,2026-09-16T13:01:48.163190+00:00,
1c842de1-c4d8-4cca-a61c-04ffda0b39ab,monotonic_reads,network_partition,reader-1,read,mr-1c842de1-c4d8-4cca-a61c-04ffda0b39ab,,289,ONE,ALL,cassandra-3,True,False,3.906,2026-09-16T13:01:48.170506+00:00,
1c842de1-c4d8-4cca-a61c-04ffda0b39ab,monotonic_reads,network_partition,reader-1,read,mr-1c842de1-c4d8-4cca-a61c-04ffda0b39ab,,289,ONE,ALL,cassandra-1,True,False,3.036,2026-09-16T13:01:48.184310+00:00,
1c842de1-c4d8-4cca-a61c-04ffda0b39ab,monotonic_reads,network_partition,writer-1,write,mr-1c842de1-c4d8-4cca-a61c-04ffda0b39ab,290,,,ALL,cassandra-1,True,False,3.813,2026-09-16T13:01:48.188210+00:00,
1c842de1-c4d8-4cca-a61c-04ffda0b39ab,monotonic_reads,network_partition,reader-1,read,mr-1c842de1-c4d8-4cca-a61c-04ffda0b39ab,,290,ONE,ALL,cassandra-2,True,False,3.233,2026-09-16T13:01:48.200463+00:00,
1c842de1-c4d8-4cca-a61c-04ffda0b39ab,monotonic_reads,network_partition,reader-1,read,mr-1c842de1-c4d8-4cca-a61c-04ffda0b39ab,,291,ONE,ALL,cassandra-3,True,False,3.399,2026-09-16T13:01:48.215764+00:00,
1c842de1-c4d8-4cca-a61c-04ffda0b39ab,monotonic_reads,network_partition,writer-1,write,mr-1c842de1-c4d8-4cca-a61c-04ffda0b39ab,291,,,ALL,cassandra-1,True,False,4.735,2026-09-16T13:01:48.216033+00:00,
1c842de1-c4d8-4cca-a61c-04ffda0b39ab,monotonic_reads,network_partition,reader-1,read,mr-1c842de1-c4d8-4cca-a61c-04ffda0b39ab,,291,ONE,ALL,cassandra-1,True,False,3.951,2026-09-16T13:01:48.231321+00:00,
1c842de1-c4d8-4cca-a61c-04ffda0b39ab,monotonic_reads,network_partition,writer-1,write,mr-1c842de1-c4d8-4cca-a61c-04ffda0b39ab,292,,,ALL,cassandra-1,True,False,4.913,2026-09-16T13:01:48.244307+00:00,
1c842de1-c4d8-4cca-a61c-04ffda0b39ab,monotonic_reads,network_partition,reader-1,read,mr-1c842de1-c4d8-4cca-a61c-04ffda0b39ab,,292,ONE,ALL,cassandra-2,True,False,4.115,2026-09-16T13:01:48.247064+00:00,
1c842de1-c4d8-4cca-a61c-04ffda0b39ab,monotonic_reads,network_partition,reader-1,read,mr-1c842de1-c4d8-4cca-a61c-04ffda0b39ab,,292,ONE,ALL,cassandra-3,True,False,3.488,2026-09-16T13:01:48.263216+00:00,
1c842de1-c4d8-4cca-a61c-04ffda0b39ab,monotonic_reads,network_partition,writer-1,write,mr-1c842de1-c4d8-4cca-a61c-04ffda0b39ab,293,,,ALL,cassandra-1,True,False,4.516,2026-09-16T13:01:48.270519+00:00,
1c842de1-c4d8-4cca-a61c-04ffda0b39ab,monotonic_reads,network_partition,reader-1,read,mr-1c842de1-c4d8-4cca-a61c-04ffda0b39ab,,293,ONE,ALL,cassandra-1,True,False,4.425,2026-09-16T13:01:48.278807+00:00,
1c842de1-c4d8-4cca-a61c-04ffda0b39ab,monotonic_reads,network_partition,reader-1,read,mr-1c842de1-c4d8-4cca-a61c-04ffda0b39ab,,293,ONE,ALL,cassandra-2,True,False,1.906,2026-09-16T13:01:48.292170+00:00,
1c842de1-c4d8-4cca-a61c-04ffda0b39ab,monotonic_reads,network_partition,writer-1,write,mr-1c842de1-c4d8-4cca-a61c-04ffda0b39ab,294,,,ALL,cassandra-1,True,False,5.603,2026-09-16T13:01:48.300585+00:00,
1c842de1-c4d8-4cca-a61c-04ffda0b39ab,monotonic_reads,network_partition,reader-1,read,mr-1c842de1-c4d8-4cca-a61c-04ffda0b39ab,,294,ONE,ALL,cassandra-3,True,False,3.413,2026-09-16T13:01:48.307795+00:00,
1c842de1-c4d8-4cca-a61c-04ffda0b39ab,monotonic_reads,network_partition,reader-1,read,mr-1c842de1-c4d8-4cca-a61c-04ffda0b39ab,,294,ONE,ALL,cassandra-1,True,False,4.095,2026-09-16T13:01:48.323438+00:00,
1c842de1-c4d8-4cca-a61c-04ffda0b39ab,monotonic_reads,network_partition,writer-1,write,mr-1c842de1-c4d8-4cca-a61c-04ffda0b39ab,295,,,ALL,cassandra-1,True,False,6.133,2026-09-16T13:01:48.331336+00:00,
1c842de1-c4d8-4cca-a61c-04ffda0b39ab,monotonic_reads,network_partition,reader-1,read,mr-1c842de1-c4d8-4cca-a61c-04ffda0b39ab,,295,ONE,ALL,cassandra-2,True,False,3.851,2026-09-16T13:01:48.339230+00:00,
1c842de1-c4d8-4cca-a61c-04ffda0b39ab,monotonic_reads,network_partition,reader-1,read,mr-1c842de1-c4d8-4cca-a61c-04ffda0b39ab,,295,ONE,ALL,cassandra-3,True,False,3.135,2026-09-16T13:01:48.355065+00:00,
1c842de1-c4d8-4cca-a61c-04ffda0b39ab,monotonic_reads,network_partition,writer-1,write,mr-1c842de1-c4d8-4cca-a61c-04ffda0b39ab,296,,,ALL,cassandra-1,True,False,4.806,2026-09-16T13:01:48.361186+00:00,
1c842de1-c4d8-4cca-a61c-04ffda0b39ab,monotonic_reads,network_partition,reader-1,read,mr-1c842de1-c4d8-4cca-a61c-04ffda0b39ab,,296,ONE,ALL,cassandra-1,True,False,4.267,2026-09-16T13:01:48.371896+00:00,
1c842de1-c4d8-4cca-a61c-04ffda0b39ab,monotonic_reads,network_partition,reader-1,read,mr-1c842de1-c4d8-4cca-a61c-04ffda0b39ab,,296,ONE,ALL,cassandra-2,True,False,4.434,2026-09-16T13:01:48.387189+00:00,
1c842de1-c4d8-4cca-a61c-04ffda0b39ab,monotonic_reads,network_partition,writer-1,write,mr-1c842de1-c4d8-4cca-a61c-04ffda0b39ab,297,,,ALL,cassandra-1,True,False,3.901,2026-09-16T13:01:48.391189+00:00,
1c842de1-c4d8-4cca-a61c-04ffda0b39ab,monotonic_reads,network_partition,reader-1,read,mr-1c842de1-c4d8-4cca-a61c-04ffda0b39ab,,297,ONE,ALL,cassandra-3,True,False,4.578,2026-09-16T13:01:48.403968+00:00,
1c842de1-c4d8-4cca-a61c-04ffda0b39ab,monotonic_reads,network_partition,reader-1,read,mr-1c842de1-c4d8-4cca-a61c-04ffda0b39ab,,297,ONE,ALL,cassandra-1,True,False,3.87,2026-09-16T13:01:48.419907+00:00,
1c842de1-c4d8-4cca-a61c-04ffda0b39ab,monotonic_reads,network_partition,writer-1,write,mr-1c842de1-c4d8-4cca-a61c-04ffda0b39ab,298,,,ALL,cassandra-1,True,False,4.827,2026-09-16T13:01:48.420199+00:00,
1c842de1-c4d8-4cca-a61c-04ffda0b39ab,monotonic_reads,network_partition,reader-1,read,mr-1c842de1-c4d8-4cca-a61c-04ffda0b39ab,,298,ONE,ALL,cassandra-2,True,False,3.96,2026-09-16T13:01:48.436587+00:00,
1c842de1-c4d8-4cca-a61c-04ffda0b39ab,monotonic_reads,network_partition,writer-1,write,mr-1c842de1-c4d8-4cca-a61c-04ffda0b39ab,299,,,ALL,cassandra-1,True,False,6.33,2026-09-16T13:01:48.450940+00:00,
1c842de1-c4d8-4cca-a61c-04ffda0b39ab,monotonic_reads,network_partition,reader-1,read,mr-1c842de1-c4d8-4cca-a61c-04ffda0b39ab,,299,ONE,ALL,cassandra-3,True,False,3.397,2026-09-16T13:01:48.451576+00:00,
1c842de1-c4d8-4cca-a61c-04ffda0b39ab,monotonic_reads,network_partition,reader-1,read,mr-1c842de1-c4d8-4cca-a61c-04ffda0b39ab,,299,ONE,ALL,cassandra-1,True,False,3.342,2026-09-16T13:01:48.469457+00:00,
1c842de1-c4d8-4cca-a61c-04ffda0b39ab,monotonic_reads,network_partition,writer-1,write,mr-1c842de1-c4d8-4cca-a61c-04ffda0b39ab,300,,,ALL,cassandra-1,True,False,3.592,2026-09-16T13:01:48.477924+00:00,
1c842de1-c4d8-4cca-a61c-04ffda0b39ab,monotonic_reads,network_partition,reader-1,read,mr-1c842de1-c4d8-4cca-a61c-04ffda0b39ab,,300,ONE,ALL,cassandra-2,True,False,2.693,2026-09-16T13:01:48.484063+00:00,
1c842de1-c4d8-4cca-a61c-04ffda0b39ab,monotonic_reads,network_partition,reader-1,read,mr-1c842de1-c4d8-4cca-a61c-04ffda0b39ab,,300,ONE,ALL,cassandra-3,True,False,2.991,2026-09-16T13:01:48.497379+00:00,
1c842de1-c4d8-4cca-a61c-04ffda0b39ab,monotonic_reads,network_partition,writer-1,write,mr-1c842de1-c4d8-4cca-a61c-04ffda0b39ab,301,,,ALL,cassandra-1,True,False,4.384,2026-09-16T13:01:48.506230+00:00,
1c842de1-c4d8-4cca-a61c-04ffda0b39ab,monotonic_reads,network_partition,reader-1,read,mr-1c842de1-c4d8-4cca-a61c-04ffda0b39ab,,301,ONE,ALL,cassandra-1,True,False,3.694,2026-09-16T13:01:48.512944+00:00,
1c842de1-c4d8-4cca-a61c-04ffda0b39ab,monotonic_reads,network_partition,reader-1,read,mr-1c842de1-c4d8-4cca-a61c-04ffda0b39ab,,301,ONE,ALL,cassandra-2,True,False,2.81,2026-09-16T13:01:48.526208+00:00,
1c842de1-c4d8-4cca-a61c-04ffda0b39ab,monotonic_reads,network_partition,writer-1,write,mr-1c842de1-c4d8-4cca-a61c-04ffda0b39ab,302,,,ALL,cassandra-1,True,False,3.899,2026-09-16T13:01:48.533271+00:00,
1c842de1-c4d8-4cca-a61c-04ffda0b39ab,monotonic_reads,network_partition,reader-1,read,mr-1c842de1-c4d8-4cca-a61c-04ffda0b39ab,,302,ONE,ALL,cassandra-3,True,False,2.642,2026-09-16T13:01:48.539010+00:00,
1c842de1-c4d8-4cca-a61c-04ffda0b39ab,monotonic_reads,network_partition,reader-1,read,mr-1c842de1-c4d8-4cca-a61c-04ffda0b39ab,,302,ONE,ALL,cassandra-1,True,False,3.856,2026-09-16T13:01:48.554583+00:00,
1c842de1-c4d8-4cca-a61c-04ffda0b39ab,monotonic_reads,network_partition,writer-1,write,mr-1c842de1-c4d8-4cca-a61c-04ffda0b39ab,303,,,ALL,cassandra-1,True,False,3.582,2026-09-16T13:01:48.560976+00:00,
1c842de1-c4d8-4cca-a61c-04ffda0b39ab,monotonic_reads,network_partition,reader-1,read,mr-1c842de1-c4d8-4cca-a61c-04ffda0b39ab,,303,ONE,ALL,cassandra-2,True,False,4.04,2026-09-16T13:01:48.570462+00:00,
1c842de1-c4d8-4cca-a61c-04ffda0b39ab,monotonic_reads,network_partition,reader-1,read,mr-1c842de1-c4d8-4cca-a61c-04ffda0b39ab,,303,ONE,ALL,cassandra-3,True,False,3.945,2026-09-16T13:01:48.585714+00:00,
1c842de1-c4d8-4cca-a61c-04ffda0b39ab,monotonic_reads,network_partition,writer-1,write,mr-1c842de1-c4d8-4cca-a61c-04ffda0b39ab,304,,,ALL,cassandra-1,True,False,4.689,2026-09-16T13:01:48.589029+00:00,
1c842de1-c4d8-4cca-a61c-04ffda0b39ab,monotonic_reads,network_partition,reader-1,read,mr-1c842de1-c4d8-4cca-a61c-04ffda0b39ab,,304,ONE,ALL,cassandra-1,True,False,3.6,2026-09-16T13:01:48.600963+00:00,
1c842de1-c4d8-4cca-a61c-04ffda0b39ab,monotonic_reads,network_partition,reader-1,read,mr-1c842de1-c4d8-4cca-a61c-04ffda0b39ab,,304,ONE,ALL,cassandra-2,True,False,2.63,2026-09-16T13:01:48.614811+00:00,
1c842de1-c4d8-4cca-a61c-04ffda0b39ab,monotonic_reads,network_partition,writer-1,write,mr-1c842de1-c4d8-4cca-a61c-04ffda0b39ab,305,,,ALL,cassandra-1,True,False,4.971,2026-09-16T13:01:48.616452+00:00,
1c842de1-c4d8-4cca-a61c-04ffda0b39ab,monotonic_reads,network_partition,reader-1,read,mr-1c842de1-c4d8-4cca-a61c-04ffda0b39ab,,305,ONE,ALL,cassandra-3,True,False,2.166,2026-09-16T13:01:48.627532+00:00,
1c842de1-c4d8-4cca-a61c-04ffda0b39ab,monotonic_reads,network_partition,reader-1,read,mr-1c842de1-c4d8-4cca-a61c-04ffda0b39ab,,305,ONE,ALL,cassandra-1,True,False,4.066,2026-09-16T13:01:48.643474+00:00,
1c842de1-c4d8-4cca-a61c-04ffda0b39ab,monotonic_reads,network_partition,writer-1,write,mr-1c842de1-c4d8-4cca-a61c-04ffda0b39ab,306,,,ALL,cassandra-1,True,False,4.094,2026-09-16T13:01:48.644222+00:00,
1c842de1-c4d8-4cca-a61c-04ffda0b39ab,monotonic_reads,network_partition,reader-1,read,mr-1c842de1-c4d8-4cca-a61c-04ffda0b39ab,,306,ONE,ALL,cassandra-2,True,False,2.599,2026-09-16T13:01:48.656970+00:00,
1c842de1-c4d8-4cca-a61c-04ffda0b39ab,monotonic_reads,network_partition,reader-1,read,mr-1c842de1-c4d8-4cca-a61c-04ffda0b39ab,,306,ONE,ALL,cassandra-3,True,False,3.219,2026-09-16T13:01:48.672017+00:00,
1c842de1-c4d8-4cca-a61c-04ffda0b39ab,monotonic_reads,network_partition,writer-1,write,mr-1c842de1-c4d8-4cca-a61c-04ffda0b39ab,307,,,ALL,cassandra-1,True,False,5.804,2026-09-16T13:01:48.674169+00:00,
1c842de1-c4d8-4cca-a61c-04ffda0b39ab,monotonic_reads,network_partition,reader-1,read,mr-1c842de1-c4d8-4cca-a61c-04ffda0b39ab,,307,ONE,ALL,cassandra-1,True,False,3.609,2026-09-16T13:01:48.687983+00:00,
1c842de1-c4d8-4cca-a61c-04ffda0b39ab,monotonic_reads,network_partition,reader-1,read,mr-1c842de1-c4d8-4cca-a61c-04ffda0b39ab,,307,ONE,ALL,cassandra-2,True,False,3.204,2026-09-16T13:01:48.703105+00:00,
1c842de1-c4d8-4cca-a61c-04ffda0b39ab,monotonic_reads,network_partition,writer-1,write,mr-1c842de1-c4d8-4cca-a61c-04ffda0b39ab,308,,,ALL,cassandra-1,True,False,5.002,2026-09-16T13:01:48.703380+00:00,
1c842de1-c4d8-4cca-a61c-04ffda0b39ab,monotonic_reads,network_partition,reader-1,read,mr-1c842de1-c4d8-4cca-a61c-04ffda0b39ab,,308,ONE,ALL,cassandra-3,True,False,4.043,2026-09-16T13:01:48.720017+00:00,
1c842de1-c4d8-4cca-a61c-04ffda0b39ab,monotonic_reads,network_partition,writer-1,write,mr-1c842de1-c4d8-4cca-a61c-04ffda0b39ab,309,,,ALL,cassandra-1,True,False,3.705,2026-09-16T13:01:48.731072+00:00,
1c842de1-c4d8-4cca-a61c-04ffda0b39ab,monotonic_reads,network_partition,reader-1,read,mr-1c842de1-c4d8-4cca-a61c-04ffda0b39ab,,309,ONE,ALL,cassandra-1,True,False,3.027,2026-09-16T13:01:48.734361+00:00,
1c842de1-c4d8-4cca-a61c-04ffda0b39ab,monotonic_reads,network_partition,reader-1,read,mr-1c842de1-c4d8-4cca-a61c-04ffda0b39ab,,309,ONE,ALL,cassandra-2,True,False,1.396,2026-09-16T13:01:48.747750+00:00,
1c842de1-c4d8-4cca-a61c-04ffda0b39ab,monotonic_reads,network_partition,writer-1,write,mr-1c842de1-c4d8-4cca-a61c-04ffda0b39ab,310,,,ALL,cassandra-1,True,False,3.703,2026-09-16T13:01:48.757674+00:00,
1c842de1-c4d8-4cca-a61c-04ffda0b39ab,monotonic_reads,network_partition,reader-1,read,mr-1c842de1-c4d8-4cca-a61c-04ffda0b39ab,,310,ONE,ALL,cassandra-3,True,False,1.753,2026-09-16T13:01:48.761246+00:00,
1c842de1-c4d8-4cca-a61c-04ffda0b39ab,monotonic_reads,network_partition,reader-1,read,mr-1c842de1-c4d8-4cca-a61c-04ffda0b39ab,,310,ONE,ALL,cassandra-1,True,False,2.119,2026-09-16T13:01:48.774490+00:00,
1c842de1-c4d8-4cca-a61c-04ffda0b39ab,monotonic_reads,network_partition,writer-1,write,mr-1c842de1-c4d8-4cca-a61c-04ffda0b39ab,311,,,ALL,cassandra-1,True,False,2.971,2026-09-16T13:01:48.785738+00:00,
1c842de1-c4d8-4cca-a61c-04ffda0b39ab,monotonic_reads,network_partition,reader-1,read,mr-1c842de1-c4d8-4cca-a61c-04ffda0b39ab,,311,ONE,ALL,cassandra-2,True,False,1.956,2026-09-16T13:01:48.789050+00:00,
1c842de1-c4d8-4cca-a61c-04ffda0b39ab,monotonic_reads,network_partition,reader-1,read,mr-1c842de1-c4d8-4cca-a61c-04ffda0b39ab,,311,ONE,ALL,cassandra-3,True,False,1.557,2026-09-16T13:01:48.801186+00:00,
1c842de1-c4d8-4cca-a61c-04ffda0b39ab,monotonic_reads,network_partition,writer-1,write,mr-1c842de1-c4d8-4cca-a61c-04ffda0b39ab,312,,,ALL,cassandra-1,True,False,3.731,2026-09-16T13:01:48.811783+00:00,
1c842de1-c4d8-4cca-a61c-04ffda0b39ab,monotonic_reads,network_partition,reader-1,read,mr-1c842de1-c4d8-4cca-a61c-04ffda0b39ab,,312,ONE,ALL,cassandra-1,True,False,2.901,2026-09-16T13:01:48.816337+00:00,
1c842de1-c4d8-4cca-a61c-04ffda0b39ab,monotonic_reads,network_partition,reader-1,read,mr-1c842de1-c4d8-4cca-a61c-04ffda0b39ab,,312,ONE,ALL,cassandra-2,True,False,1.742,2026-09-16T13:01:48.830737+00:00,
1c842de1-c4d8-4cca-a61c-04ffda0b39ab,monotonic_reads,network_partition,writer-1,write,mr-1c842de1-c4d8-4cca-a61c-04ffda0b39ab,313,,,ALL,cassandra-1,True,False,3.209,2026-09-16T13:01:48.837715+00:00,
1c842de1-c4d8-4cca-a61c-04ffda0b39ab,monotonic_reads,network_partition,reader-1,read,mr-1c842de1-c4d8-4cca-a61c-04ffda0b39ab,,313,ONE,ALL,cassandra-3,True,False,2.063,2026-09-16T13:01:48.843054+00:00,
1c842de1-c4d8-4cca-a61c-04ffda0b39ab,monotonic_reads,network_partition,reader-1,read,mr-1c842de1-c4d8-4cca-a61c-04ffda0b39ab,,313,ONE,ALL,cassandra-1,True,False,1.177,2026-09-16T13:01:48.856009+00:00,
1c842de1-c4d8-4cca-a61c-04ffda0b39ab,monotonic_reads,network_partition,writer-1,write,mr-1c842de1-c4d8-4cca-a61c-04ffda0b39ab,314,,,ALL,cassandra-1,True,False,4.025,2026-09-16T13:01:48.862815+00:00,
1c842de1-c4d8-4cca-a61c-04ffda0b39ab,monotonic_reads,network_partition,reader-1,read,mr-1c842de1-c4d8-4cca-a61c-04ffda0b39ab,,314,ONE,ALL,cassandra-2,True,False,2.156,2026-09-16T13:01:48.870258+00:00,
1c842de1-c4d8-4cca-a61c-04ffda0b39ab,monotonic_reads,network_partition,reader-1,read,mr-1c842de1-c4d8-4cca-a61c-04ffda0b39ab,,314,ONE,ALL,cassandra-3,True,False,1.9,2026-09-16T13:01:48.884417+00:00,
1c842de1-c4d8-4cca-a61c-04ffda0b39ab,monotonic_reads,network_partition,writer-1,write,mr-1c842de1-c4d8-4cca-a61c-04ffda0b39ab,315,,,ALL,cassandra-1,True,False,4.802,2026-09-16T13:01:48.890787+00:00,
1c842de1-c4d8-4cca-a61c-04ffda0b39ab,monotonic_reads,network_partition,reader-1,read,mr-1c842de1-c4d8-4cca-a61c-04ffda0b39ab,,315,ONE,ALL,cassandra-1,True,False,3.251,2026-09-16T13:01:48.899594+00:00,
1c842de1-c4d8-4cca-a61c-04ffda0b39ab,monotonic_reads,network_partition,reader-1,read,mr-1c842de1-c4d8-4cca-a61c-04ffda0b39ab,,315,ONE,ALL,cassandra-2,True,False,2.59,2026-09-16T13:01:48.914562+00:00,
1c842de1-c4d8-4cca-a61c-04ffda0b39ab,monotonic_reads,network_partition,writer-1,write,mr-1c842de1-c4d8-4cca-a61c-04ffda0b39ab,316,,,ALL,cassandra-1,True,False,4.456,2026-09-16T13:01:48.920306+00:00,
1c842de1-c4d8-4cca-a61c-04ffda0b39ab,monotonic_reads,network_partition,reader-1,read,mr-1c842de1-c4d8-4cca-a61c-04ffda0b39ab,,316,ONE,ALL,cassandra-3,True,False,2.775,2026-09-16T13:01:48.928162+00:00,
1c842de1-c4d8-4cca-a61c-04ffda0b39ab,monotonic_reads,network_partition,reader-1,read,mr-1c842de1-c4d8-4cca-a61c-04ffda0b39ab,,316,ONE,ALL,cassandra-1,True,False,4.815,2026-09-16T13:01:48.944246+00:00,
1c842de1-c4d8-4cca-a61c-04ffda0b39ab,monotonic_reads,network_partition,writer-1,write,mr-1c842de1-c4d8-4cca-a61c-04ffda0b39ab,317,,,ALL,cassandra-1,True,False,6.264,2026-09-16T13:01:48.947629+00:00,
1c842de1-c4d8-4cca-a61c-04ffda0b39ab,monotonic_reads,network_partition,reader-1,read,mr-1c842de1-c4d8-4cca-a61c-04ffda0b39ab,,317,ONE,ALL,cassandra-2,True,False,2.3,2026-09-16T13:01:48.958026+00:00,
1c842de1-c4d8-4cca-a61c-04ffda0b39ab,monotonic_reads,network_partition,reader-1,read,mr-1c842de1-c4d8-4cca-a61c-04ffda0b39ab,,317,ONE,ALL,cassandra-3,True,False,3.252,2026-09-16T13:01:48.971631+00:00,
1c842de1-c4d8-4cca-a61c-04ffda0b39ab,monotonic_reads,network_partition,writer-1,write,mr-1c842de1-c4d8-4cca-a61c-04ffda0b39ab,318,,,ALL,cassandra-1,True,False,3.606,2026-09-16T13:01:48.973931+00:00,
1c842de1-c4d8-4cca-a61c-04ffda0b39ab,monotonic_reads,network_partition,reader-1,read,mr-1c842de1-c4d8-4cca-a61c-04ffda0b39ab,,318,ONE,ALL,cassandra-1,True,False,4.962,2026-09-16T13:01:48.987370+00:00,
1c842de1-c4d8-4cca-a61c-04ffda0b39ab,monotonic_reads,network_partition,writer-1,write,mr-1c842de1-c4d8-4cca-a61c-04ffda0b39ab,319,,,ALL,cassandra-1,True,False,5.607,2026-09-16T13:01:49.003422+00:00,
1c842de1-c4d8-4cca-a61c-04ffda0b39ab,monotonic_reads,network_partition,reader-1,read,mr-1c842de1-c4d8-4cca-a61c-04ffda0b39ab,,319,ONE,ALL,cassandra-2,True,False,4.428,2026-09-16T13:01:49.004165+00:00,
1c842de1-c4d8-4cca-a61c-04ffda0b39ab,monotonic_reads,network_partition,reader-1,read,mr-1c842de1-c4d8-4cca-a61c-04ffda0b39ab,,319,ONE,ALL,cassandra-3,True,False,3.764,2026-09-16T13:01:49.019140+00:00,
1c842de1-c4d8-4cca-a61c-04ffda0b39ab,monotonic_reads,network_partition,writer-1,write,mr-1c842de1-c4d8-4cca-a61c-04ffda0b39ab,320,,,ALL,cassandra-1,True,False,4.428,2026-09-16T13:01:49.031300+00:00,
1c842de1-c4d8-4cca-a61c-04ffda0b39ab,monotonic_reads,network_partition,reader-1,read,mr-1c842de1-c4d8-4cca-a61c-04ffda0b39ab,,320,ONE,ALL,cassandra-1,True,False,2.926,2026-09-16T13:01:49.034305+00:00,
1c842de1-c4d8-4cca-a61c-04ffda0b39ab,monotonic_reads,network_partition,reader-1,read,mr-1c842de1-c4d8-4cca-a61c-04ffda0b39ab,,320,ONE,ALL,cassandra-2,True,False,3.532,2026-09-16T13:01:49.048914+00:00,
1c842de1-c4d8-4cca-a61c-04ffda0b39ab,monotonic_reads,network_partition,writer-1,write,mr-1c842de1-c4d8-4cca-a61c-04ffda0b39ab,321,,,ALL,cassandra-1,True,False,5.102,2026-09-16T13:01:49.061484+00:00,
1c842de1-c4d8-4cca-a61c-04ffda0b39ab,monotonic_reads,network_partition,reader-1,read,mr-1c842de1-c4d8-4cca-a61c-04ffda0b39ab,,321,ONE,ALL,cassandra-3,True,False,3.19,2026-09-16T13:01:49.062482+00:00,
1c842de1-c4d8-4cca-a61c-04ffda0b39ab,monotonic_reads,network_partition,reader-1,read,mr-1c842de1-c4d8-4cca-a61c-04ffda0b39ab,,321,ONE,ALL,cassandra-1,True,False,3.94,2026-09-16T13:01:49.078463+00:00,
1c842de1-c4d8-4cca-a61c-04ffda0b39ab,monotonic_reads,network_partition,writer-1,write,mr-1c842de1-c4d8-4cca-a61c-04ffda0b39ab,322,,,ALL,cassandra-1,True,False,4.905,2026-09-16T13:01:49.088298+00:00,
1c842de1-c4d8-4cca-a61c-04ffda0b39ab,monotonic_reads,network_partition,reader-1,read,mr-1c842de1-c4d8-4cca-a61c-04ffda0b39ab,,322,ONE,ALL,cassandra-2,True,False,3.021,2026-09-16T13:01:49.092386+00:00,
1c842de1-c4d8-4cca-a61c-04ffda0b39ab,monotonic_reads,network_partition,reader-1,read,mr-1c842de1-c4d8-4cca-a61c-04ffda0b39ab,,322,ONE,ALL,cassandra-3,True,False,3.498,2026-09-16T13:01:49.107881+00:00,
1c842de1-c4d8-4cca-a61c-04ffda0b39ab,monotonic_reads,network_partition,writer-1,write,mr-1c842de1-c4d8-4cca-a61c-04ffda0b39ab,323,,,ALL,cassandra-1,True,False,14.574,2026-09-16T13:01:49.125939+00:00,
1c842de1-c4d8-4cca-a61c-04ffda0b39ab,monotonic_reads,network_partition,reader-1,read,mr-1c842de1-c4d8-4cca-a61c-04ffda0b39ab,,323,ONE,ALL,cassandra-1,True,False,7.885,2026-09-16T13:01:49.126481+00:00,
1c842de1-c4d8-4cca-a61c-04ffda0b39ab,monotonic_reads,network_partition,reader-1,read,mr-1c842de1-c4d8-4cca-a61c-04ffda0b39ab,,323,ONE,ALL,cassandra-2,True,False,2.533,2026-09-16T13:01:49.141574+00:00,
1c842de1-c4d8-4cca-a61c-04ffda0b39ab,monotonic_reads,network_partition,writer-1,write,mr-1c842de1-c4d8-4cca-a61c-04ffda0b39ab,324,,,ALL,cassandra-1,True,False,3.61,2026-09-16T13:01:49.152966+00:00,
1c842de1-c4d8-4cca-a61c-04ffda0b39ab,monotonic_reads,network_partition,reader-1,read,mr-1c842de1-c4d8-4cca-a61c-04ffda0b39ab,,324,ONE,ALL,cassandra-3,True,False,3.515,2026-09-16T13:01:49.156851+00:00,
1c842de1-c4d8-4cca-a61c-04ffda0b39ab,monotonic_reads,network_partition,reader-1,read,mr-1c842de1-c4d8-4cca-a61c-04ffda0b39ab,,324,ONE,ALL,cassandra-1,True,False,4.614,2026-09-16T13:01:49.172902+00:00,
1c842de1-c4d8-4cca-a61c-04ffda0b39ab,monotonic_reads,network_partition,writer-1,write,mr-1c842de1-c4d8-4cca-a61c-04ffda0b39ab,325,,,ALL,cassandra-1,True,False,3.951,2026-09-16T13:01:49.180330+00:00,
1c842de1-c4d8-4cca-a61c-04ffda0b39ab,monotonic_reads,network_partition,reader-1,read,mr-1c842de1-c4d8-4cca-a61c-04ffda0b39ab,,325,ONE,ALL,cassandra-2,True,False,3.074,2026-09-16T13:01:49.186421+00:00,
1c842de1-c4d8-4cca-a61c-04ffda0b39ab,monotonic_reads,network_partition,reader-1,read,mr-1c842de1-c4d8-4cca-a61c-04ffda0b39ab,,325,ONE,ALL,cassandra-3,True,False,4.091,2026-09-16T13:01:49.202370+00:00,
1c842de1-c4d8-4cca-a61c-04ffda0b39ab,monotonic_reads,network_partition,writer-1,write,mr-1c842de1-c4d8-4cca-a61c-04ffda0b39ab,326,,,ALL,cassandra-1,True,False,4.845,2026-09-16T13:01:49.208212+00:00,
1c842de1-c4d8-4cca-a61c-04ffda0b39ab,monotonic_reads,network_partition,reader-1,read,mr-1c842de1-c4d8-4cca-a61c-04ffda0b39ab,,326,ONE,ALL,cassandra-1,True,False,3.81,2026-09-16T13:01:49.217186+00:00,
1c842de1-c4d8-4cca-a61c-04ffda0b39ab,monotonic_reads,network_partition,reader-1,read,mr-1c842de1-c4d8-4cca-a61c-04ffda0b39ab,,326,ONE,ALL,cassandra-2,True,False,4.212,2026-09-16T13:01:49.233763+00:00,
1c842de1-c4d8-4cca-a61c-04ffda0b39ab,monotonic_reads,network_partition,writer-1,write,mr-1c842de1-c4d8-4cca-a61c-04ffda0b39ab,327,,,ALL,cassandra-1,True,False,4.687,2026-09-16T13:01:49.236925+00:00,
1c842de1-c4d8-4cca-a61c-04ffda0b39ab,monotonic_reads,network_partition,reader-1,read,mr-1c842de1-c4d8-4cca-a61c-04ffda0b39ab,,327,ONE,ALL,cassandra-3,True,False,4.708,2026-09-16T13:01:49.249099+00:00,
1c842de1-c4d8-4cca-a61c-04ffda0b39ab,monotonic_reads,network_partition,reader-1,read,mr-1c842de1-c4d8-4cca-a61c-04ffda0b39ab,,327,ONE,ALL,cassandra-1,True,False,4.001,2026-09-16T13:01:49.264383+00:00,
1c842de1-c4d8-4cca-a61c-04ffda0b39ab,monotonic_reads,network_partition,writer-1,write,mr-1c842de1-c4d8-4cca-a61c-04ffda0b39ab,328,,,ALL,cassandra-1,True,False,3.605,2026-09-16T13:01:49.264970+00:00,
1c842de1-c4d8-4cca-a61c-04ffda0b39ab,monotonic_reads,network_partition,reader-1,read,mr-1c842de1-c4d8-4cca-a61c-04ffda0b39ab,,328,ONE,ALL,cassandra-2,True,False,3.398,2026-09-16T13:01:49.278786+00:00,
1c842de1-c4d8-4cca-a61c-04ffda0b39ab,monotonic_reads,network_partition,reader-1,read,mr-1c842de1-c4d8-4cca-a61c-04ffda0b39ab,,328,ONE,ALL,cassandra-3,True,False,3.025,2026-09-16T13:01:49.293085+00:00,
1c842de1-c4d8-4cca-a61c-04ffda0b39ab,monotonic_reads,network_partition,writer-1,write,mr-1c842de1-c4d8-4cca-a61c-04ffda0b39ab,329,,,ALL,cassandra-1,True,False,5.203,2026-09-16T13:01:49.294957+00:00,
1c842de1-c4d8-4cca-a61c-04ffda0b39ab,monotonic_reads,network_partition,reader-1,read,mr-1c842de1-c4d8-4cca-a61c-04ffda0b39ab,,329,ONE,ALL,cassandra-1,True,False,3.532,2026-09-16T13:01:49.309243+00:00,
1c842de1-c4d8-4cca-a61c-04ffda0b39ab,monotonic_reads,network_partition,writer-1,write,mr-1c842de1-c4d8-4cca-a61c-04ffda0b39ab,330,,,ALL,cassandra-1,True,False,2.614,2026-09-16T13:01:49.318948+00:00,
1c842de1-c4d8-4cca-a61c-04ffda0b39ab,monotonic_reads,network_partition,reader-1,read,mr-1c842de1-c4d8-4cca-a61c-04ffda0b39ab,,330,ONE,ALL,cassandra-2,True,False,2.361,2026-09-16T13:01:49.323732+00:00,
1c842de1-c4d8-4cca-a61c-04ffda0b39ab,monotonic_reads,network_partition,reader-1,read,mr-1c842de1-c4d8-4cca-a61c-04ffda0b39ab,,330,ONE,ALL,cassandra-3,True,False,3.34,2026-09-16T13:01:49.337694+00:00,
1c842de1-c4d8-4cca-a61c-04ffda0b39ab,monotonic_reads,network_partition,writer-1,write,mr-1c842de1-c4d8-4cca-a61c-04ffda0b39ab,331,,,ALL,cassandra-1,True,False,5.419,2026-09-16T13:01:49.345228+00:00,
1c842de1-c4d8-4cca-a61c-04ffda0b39ab,monotonic_reads,network_partition,reader-1,read,mr-1c842de1-c4d8-4cca-a61c-04ffda0b39ab,,331,ONE,ALL,cassandra-1,True,False,4.387,2026-09-16T13:01:49.353969+00:00,
1c842de1-c4d8-4cca-a61c-04ffda0b39ab,monotonic_reads,network_partition,reader-1,read,mr-1c842de1-c4d8-4cca-a61c-04ffda0b39ab,,331,ONE,ALL,cassandra-2,True,False,3.318,2026-09-16T13:01:49.369702+00:00,
1c842de1-c4d8-4cca-a61c-04ffda0b39ab,monotonic_reads,network_partition,writer-1,write,mr-1c842de1-c4d8-4cca-a61c-04ffda0b39ab,332,,,ALL,cassandra-1,True,False,4.367,2026-09-16T13:01:49.372167+00:00,
1c842de1-c4d8-4cca-a61c-04ffda0b39ab,monotonic_reads,network_partition,reader-1,read,mr-1c842de1-c4d8-4cca-a61c-04ffda0b39ab,,332,ONE,ALL,cassandra-3,True,False,4.387,2026-09-16T13:01:49.385757+00:00,
1c842de1-c4d8-4cca-a61c-04ffda0b39ab,monotonic_reads,network_partition,writer-1,write,mr-1c842de1-c4d8-4cca-a61c-04ffda0b39ab,333,,,ALL,cassandra-1,True,False,3.564,2026-09-16T13:01:49.395922+00:00,
1c842de1-c4d8-4cca-a61c-04ffda0b39ab,monotonic_reads,network_partition,reader-1,read,mr-1c842de1-c4d8-4cca-a61c-04ffda0b39ab,,333,ONE,ALL,cassandra-1,True,False,2.845,2026-09-16T13:01:49.400122+00:00,
1c842de1-c4d8-4cca-a61c-04ffda0b39ab,monotonic_reads,network_partition,reader-1,read,mr-1c842de1-c4d8-4cca-a61c-04ffda0b39ab,,333,ONE,ALL,cassandra-2,True,False,3.663,2026-09-16T13:01:49.416160+00:00,
1c842de1-c4d8-4cca-a61c-04ffda0b39ab,monotonic_reads,network_partition,writer-1,write,mr-1c842de1-c4d8-4cca-a61c-04ffda0b39ab,334,,,ALL,cassandra-1,True,False,3.84,2026-09-16T13:01:49.420212+00:00,
1c842de1-c4d8-4cca-a61c-04ffda0b39ab,monotonic_reads,network_partition,reader-1,read,mr-1c842de1-c4d8-4cca-a61c-04ffda0b39ab,,334,ONE,ALL,cassandra-3,True,False,2.484,2026-09-16T13:01:49.428853+00:00,
1c842de1-c4d8-4cca-a61c-04ffda0b39ab,monotonic_reads,network_partition,reader-1,read,mr-1c842de1-c4d8-4cca-a61c-04ffda0b39ab,,334,ONE,ALL,cassandra-1,True,False,3.438,2026-09-16T13:01:49.443412+00:00,
1c842de1-c4d8-4cca-a61c-04ffda0b39ab,monotonic_reads,network_partition,writer-1,write,mr-1c842de1-c4d8-4cca-a61c-04ffda0b39ab,335,,,ALL,cassandra-1,True,False,4.071,2026-09-16T13:01:49.449381+00:00,
1c842de1-c4d8-4cca-a61c-04ffda0b39ab,monotonic_reads,network_partition,reader-1,read,mr-1c842de1-c4d8-4cca-a61c-04ffda0b39ab,,335,ONE,ALL,cassandra-2,True,False,3.265,2026-09-16T13:01:49.459128+00:00,
1c842de1-c4d8-4cca-a61c-04ffda0b39ab,monotonic_reads,network_partition,reader-1,read,mr-1c842de1-c4d8-4cca-a61c-04ffda0b39ab,,335,ONE,ALL,cassandra-3,True,False,3.262,2026-09-16T13:01:49.474641+00:00,
1c842de1-c4d8-4cca-a61c-04ffda0b39ab,monotonic_reads,network_partition,writer-1,write,mr-1c842de1-c4d8-4cca-a61c-04ffda0b39ab,336,,,ALL,cassandra-1,True,False,4.772,2026-09-16T13:01:49.475140+00:00,
1c842de1-c4d8-4cca-a61c-04ffda0b39ab,monotonic_reads,network_partition,reader-1,read,mr-1c842de1-c4d8-4cca-a61c-04ffda0b39ab,,336,ONE,ALL,cassandra-1,True,False,2.69,2026-09-16T13:01:49.488698+00:00,
1c842de1-c4d8-4cca-a61c-04ffda0b39ab,monotonic_reads,network_partition,writer-1,write,mr-1c842de1-c4d8-4cca-a61c-04ffda0b39ab,337,,,ALL,cassandra-1,True,False,3.052,2026-09-16T13:01:49.502786+00:00,
1c842de1-c4d8-4cca-a61c-04ffda0b39ab,monotonic_reads,network_partition,reader-1,read,mr-1c842de1-c4d8-4cca-a61c-04ffda0b39ab,,337,ONE,ALL,cassandra-2,True,False,2.066,2026-09-16T13:01:49.503459+00:00,
1c842de1-c4d8-4cca-a61c-04ffda0b39ab,monotonic_reads,network_partition,reader-1,read,mr-1c842de1-c4d8-4cca-a61c-04ffda0b39ab,,337,ONE,ALL,cassandra-3,True,False,1.54,2026-09-16T13:01:49.515908+00:00,
1c842de1-c4d8-4cca-a61c-04ffda0b39ab,monotonic_reads,network_partition,reader-1,read,mr-1c842de1-c4d8-4cca-a61c-04ffda0b39ab,,337,ONE,ALL,cassandra-1,True,False,3.531,2026-09-16T13:01:49.530354+00:00,
1c842de1-c4d8-4cca-a61c-04ffda0b39ab,monotonic_reads,network_partition,writer-1,write,mr-1c842de1-c4d8-4cca-a61c-04ffda0b39ab,338,,,ALL,cassandra-1,True,False,3.639,2026-09-16T13:01:49.532029+00:00,
1c842de1-c4d8-4cca-a61c-04ffda0b39ab,monotonic_reads,network_partition,reader-1,read,mr-1c842de1-c4d8-4cca-a61c-04ffda0b39ab,,338,ONE,ALL,cassandra-2,True,False,3.604,2026-09-16T13:01:49.546719+00:00,
1c842de1-c4d8-4cca-a61c-04ffda0b39ab,monotonic_reads,network_partition,writer-1,write,mr-1c842de1-c4d8-4cca-a61c-04ffda0b39ab,339,,,ALL,cassandra-1,True,False,5.403,2026-09-16T13:01:49.557766+00:00,
1c842de1-c4d8-4cca-a61c-04ffda0b39ab,monotonic_reads,network_partition,reader-1,read,mr-1c842de1-c4d8-4cca-a61c-04ffda0b39ab,,339,ONE,ALL,cassandra-3,True,False,2.464,2026-09-16T13:01:49.561334+00:00,
1c842de1-c4d8-4cca-a61c-04ffda0b39ab,monotonic_reads,network_partition,reader-1,read,mr-1c842de1-c4d8-4cca-a61c-04ffda0b39ab,,339,ONE,ALL,cassandra-1,True,False,4.631,2026-09-16T13:01:49.578498+00:00,
1c842de1-c4d8-4cca-a61c-04ffda0b39ab,monotonic_reads,network_partition,writer-1,write,mr-1c842de1-c4d8-4cca-a61c-04ffda0b39ab,340,,,ALL,cassandra-1,True,False,4.058,2026-09-16T13:01:49.584429+00:00,
1c842de1-c4d8-4cca-a61c-04ffda0b39ab,monotonic_reads,network_partition,reader-1,read,mr-1c842de1-c4d8-4cca-a61c-04ffda0b39ab,,340,ONE,ALL,cassandra-2,True,False,3.199,2026-09-16T13:01:49.592538+00:00,
1c842de1-c4d8-4cca-a61c-04ffda0b39ab,monotonic_reads,network_partition,reader-1,read,mr-1c842de1-c4d8-4cca-a61c-04ffda0b39ab,,340,ONE,ALL,cassandra-3,True,False,4.266,2026-09-16T13:01:49.607655+00:00,
1c842de1-c4d8-4cca-a61c-04ffda0b39ab,monotonic_reads,network_partition,writer-1,write,mr-1c842de1-c4d8-4cca-a61c-04ffda0b39ab,341,,,ALL,cassandra-1,True,False,6.063,2026-09-16T13:01:49.611324+00:00,
1c842de1-c4d8-4cca-a61c-04ffda0b39ab,monotonic_reads,network_partition,reader-1,read,mr-1c842de1-c4d8-4cca-a61c-04ffda0b39ab,,341,ONE,ALL,cassandra-1,True,False,4.451,2026-09-16T13:01:49.623678+00:00,
1c842de1-c4d8-4cca-a61c-04ffda0b39ab,monotonic_reads,network_partition,reader-1,read,mr-1c842de1-c4d8-4cca-a61c-04ffda0b39ab,,341,ONE,ALL,cassandra-2,True,False,1.816,2026-09-16T13:01:49.636369+00:00,
1c842de1-c4d8-4cca-a61c-04ffda0b39ab,monotonic_reads,network_partition,writer-1,write,mr-1c842de1-c4d8-4cca-a61c-04ffda0b39ab,342,,,ALL,cassandra-1,True,False,2.364,2026-09-16T13:01:49.636648+00:00,
1c842de1-c4d8-4cca-a61c-04ffda0b39ab,monotonic_reads,network_partition,reader-1,read,mr-1c842de1-c4d8-4cca-a61c-04ffda0b39ab,,342,ONE,ALL,cassandra-3,True,False,3.994,2026-09-16T13:01:49.650520+00:00,
1c842de1-c4d8-4cca-a61c-04ffda0b39ab,monotonic_reads,network_partition,reader-1,read,mr-1c842de1-c4d8-4cca-a61c-04ffda0b39ab,,342,ONE,ALL,cassandra-1,True,False,1.592,2026-09-16T13:01:49.662261+00:00,
1c842de1-c4d8-4cca-a61c-04ffda0b39ab,monotonic_reads,network_partition,writer-1,write,mr-1c842de1-c4d8-4cca-a61c-04ffda0b39ab,343,,,ALL,cassandra-1,True,False,3.309,2026-09-16T13:01:49.663626+00:00,
1c842de1-c4d8-4cca-a61c-04ffda0b39ab,monotonic_reads,network_partition,reader-1,read,mr-1c842de1-c4d8-4cca-a61c-04ffda0b39ab,,343,ONE,ALL,cassandra-2,True,False,2.413,2026-09-16T13:01:49.675786+00:00,
1c842de1-c4d8-4cca-a61c-04ffda0b39ab,monotonic_reads,network_partition,reader-1,read,mr-1c842de1-c4d8-4cca-a61c-04ffda0b39ab,,343,ONE,ALL,cassandra-3,True,False,1.575,2026-09-16T13:01:49.688365+00:00,
1c842de1-c4d8-4cca-a61c-04ffda0b39ab,monotonic_reads,network_partition,writer-1,write,mr-1c842de1-c4d8-4cca-a61c-04ffda0b39ab,344,,,ALL,cassandra-1,True,False,2.995,2026-09-16T13:01:49.690676+00:00,
1c842de1-c4d8-4cca-a61c-04ffda0b39ab,monotonic_reads,network_partition,reader-1,read,mr-1c842de1-c4d8-4cca-a61c-04ffda0b39ab,,344,ONE,ALL,cassandra-1,True,False,2.409,2026-09-16T13:01:49.703094+00:00,
1c842de1-c4d8-4cca-a61c-04ffda0b39ab,monotonic_reads,network_partition,reader-1,read,mr-1c842de1-c4d8-4cca-a61c-04ffda0b39ab,,344,ONE,ALL,cassandra-2,True,False,1.887,2026-09-16T13:01:49.716344+00:00,
1c842de1-c4d8-4cca-a61c-04ffda0b39ab,monotonic_reads,network_partition,writer-1,write,mr-1c842de1-c4d8-4cca-a61c-04ffda0b39ab,345,,,ALL,cassandra-1,True,False,3.068,2026-09-16T13:01:49.717744+00:00,
1c842de1-c4d8-4cca-a61c-04ffda0b39ab,monotonic_reads,network_partition,reader-1,read,mr-1c842de1-c4d8-4cca-a61c-04ffda0b39ab,,345,ONE,ALL,cassandra-3,True,False,1.522,2026-09-16T13:01:49.730491+00:00,
1c842de1-c4d8-4cca-a61c-04ffda0b39ab,monotonic_reads,network_partition,reader-1,read,mr-1c842de1-c4d8-4cca-a61c-04ffda0b39ab,,345,ONE,ALL,cassandra-1,True,False,2.566,2026-09-16T13:01:49.744909+00:00,
1c842de1-c4d8-4cca-a61c-04ffda0b39ab,monotonic_reads,network_partition,writer-1,write,mr-1c842de1-c4d8-4cca-a61c-04ffda0b39ab,346,,,ALL,cassandra-1,True,False,3.746,2026-09-16T13:01:49.745695+00:00,
1c842de1-c4d8-4cca-a61c-04ffda0b39ab,monotonic_reads,network_partition,reader-1,read,mr-1c842de1-c4d8-4cca-a61c-04ffda0b39ab,,346,ONE,ALL,cassandra-2,True,False,1.463,2026-09-16T13:01:49.757151+00:00,
1c842de1-c4d8-4cca-a61c-04ffda0b39ab,monotonic_reads,network_partition,reader-1,read,mr-1c842de1-c4d8-4cca-a61c-04ffda0b39ab,,346,ONE,ALL,cassandra-3,True,False,1.257,2026-09-16T13:01:49.768506+00:00,
1c842de1-c4d8-4cca-a61c-04ffda0b39ab,monotonic_reads,network_partition,writer-1,write,mr-1c842de1-c4d8-4cca-a61c-04ffda0b39ab,347,,,ALL,cassandra-1,True,False,3.061,2026-09-16T13:01:49.770656+00:00,
1c842de1-c4d8-4cca-a61c-04ffda0b39ab,monotonic_reads,network_partition,reader-1,read,mr-1c842de1-c4d8-4cca-a61c-04ffda0b39ab,,347,ONE,ALL,cassandra-1,True,False,1.303,2026-09-16T13:01:49.781992+00:00,
1c842de1-c4d8-4cca-a61c-04ffda0b39ab,monotonic_reads,network_partition,reader-1,read,mr-1c842de1-c4d8-4cca-a61c-04ffda0b39ab,,347,ONE,ALL,cassandra-2,True,False,1.376,2026-09-16T13:01:49.794420+00:00,
1c842de1-c4d8-4cca-a61c-04ffda0b39ab,monotonic_reads,network_partition,writer-1,write,mr-1c842de1-c4d8-4cca-a61c-04ffda0b39ab,348,,,ALL,cassandra-1,True,False,3.748,2026-09-16T13:01:49.798748+00:00,
1c842de1-c4d8-4cca-a61c-04ffda0b39ab,monotonic_reads,network_partition,reader-1,read,mr-1c842de1-c4d8-4cca-a61c-04ffda0b39ab,,348,ONE,ALL,cassandra-3,True,False,2.099,2026-09-16T13:01:49.809073+00:00,
1c842de1-c4d8-4cca-a61c-04ffda0b39ab,monotonic_reads,network_partition,reader-1,read,mr-1c842de1-c4d8-4cca-a61c-04ffda0b39ab,,348,ONE,ALL,cassandra-1,True,False,1.739,2026-09-16T13:01:49.823092+00:00,
1c842de1-c4d8-4cca-a61c-04ffda0b39ab,monotonic_reads,network_partition,writer-1,write,mr-1c842de1-c4d8-4cca-a61c-04ffda0b39ab,349,,,ALL,cassandra-1,True,False,3.391,2026-09-16T13:01:49.826762+00:00,
1c842de1-c4d8-4cca-a61c-04ffda0b39ab,monotonic_reads,network_partition,reader-1,read,mr-1c842de1-c4d8-4cca-a61c-04ffda0b39ab,,349,ONE,ALL,cassandra-2,True,False,1.607,2026-09-16T13:01:49.836110+00:00,
1c842de1-c4d8-4cca-a61c-04ffda0b39ab,monotonic_reads,network_partition,reader-1,read,mr-1c842de1-c4d8-4cca-a61c-04ffda0b39ab,,349,ONE,ALL,cassandra-3,True,False,1.134,2026-09-16T13:01:49.847503+00:00,
1c842de1-c4d8-4cca-a61c-04ffda0b39ab,monotonic_reads,network_partition,writer-1,write,mr-1c842de1-c4d8-4cca-a61c-04ffda0b39ab,350,,,ALL,cassandra-1,True,False,2.967,2026-09-16T13:01:49.850743+00:00,
1c842de1-c4d8-4cca-a61c-04ffda0b39ab,monotonic_reads,network_partition,reader-1,read,mr-1c842de1-c4d8-4cca-a61c-04ffda0b39ab,,350,ONE,ALL,cassandra-1,True,False,2.062,2026-09-16T13:01:49.862226+00:00,
1c842de1-c4d8-4cca-a61c-04ffda0b39ab,monotonic_reads,network_partition,reader-1,read,mr-1c842de1-c4d8-4cca-a61c-04ffda0b39ab,,350,ONE,ALL,cassandra-2,True,False,1.183,2026-09-16T13:01:49.874774+00:00,
1c842de1-c4d8-4cca-a61c-04ffda0b39ab,monotonic_reads,network_partition,writer-1,write,mr-1c842de1-c4d8-4cca-a61c-04ffda0b39ab,351,,,ALL,cassandra-1,True,False,3.442,2026-09-16T13:01:49.876737+00:00,
1c842de1-c4d8-4cca-a61c-04ffda0b39ab,monotonic_reads,network_partition,reader-1,read,mr-1c842de1-c4d8-4cca-a61c-04ffda0b39ab,,351,ONE,ALL,cassandra-3,True,False,2.066,2026-09-16T13:01:49.888040+00:00,
1c842de1-c4d8-4cca-a61c-04ffda0b39ab,monotonic_reads,network_partition,writer-1,write,mr-1c842de1-c4d8-4cca-a61c-04ffda0b39ab,352,,,ALL,cassandra-1,True,False,3.331,2026-09-16T13:01:49.900715+00:00,
1c842de1-c4d8-4cca-a61c-04ffda0b39ab,monotonic_reads,network_partition,reader-1,read,mr-1c842de1-c4d8-4cca-a61c-04ffda0b39ab,,352,ONE,ALL,cassandra-1,True,False,1.345,2026-09-16T13:01:49.901722+00:00,
1c842de1-c4d8-4cca-a61c-04ffda0b39ab,monotonic_reads,network_partition,reader-1,read,mr-1c842de1-c4d8-4cca-a61c-04ffda0b39ab,,352,ONE,ALL,cassandra-2,True,False,3.206,2026-09-16T13:01:49.916557+00:00,
1c842de1-c4d8-4cca-a61c-04ffda0b39ab,monotonic_reads,network_partition,writer-1,write,mr-1c842de1-c4d8-4cca-a61c-04ffda0b39ab,353,,,ALL,cassandra-1,True,False,3.422,2026-09-16T13:01:49.925776+00:00,
1c842de1-c4d8-4cca-a61c-04ffda0b39ab,monotonic_reads,network_partition,reader-1,read,mr-1c842de1-c4d8-4cca-a61c-04ffda0b39ab,,353,ONE,ALL,cassandra-3,True,False,1.53,2026-09-16T13:01:49.929914+00:00,
1c842de1-c4d8-4cca-a61c-04ffda0b39ab,monotonic_reads,network_partition,reader-1,read,mr-1c842de1-c4d8-4cca-a61c-04ffda0b39ab,,353,ONE,ALL,cassandra-1,True,False,2.754,2026-09-16T13:01:49.945283+00:00,
1c842de1-c4d8-4cca-a61c-04ffda0b39ab,monotonic_reads,network_partition,writer-1,write,mr-1c842de1-c4d8-4cca-a61c-04ffda0b39ab,354,,,ALL,cassandra-1,True,False,4.024,2026-09-16T13:01:49.954806+00:00,
1c842de1-c4d8-4cca-a61c-04ffda0b39ab,monotonic_reads,network_partition,reader-1,read,mr-1c842de1-c4d8-4cca-a61c-04ffda0b39ab,,354,ONE,ALL,cassandra-2,True,False,1.457,2026-09-16T13:01:49.957980+00:00,
1c842de1-c4d8-4cca-a61c-04ffda0b39ab,monotonic_reads,network_partition,reader-1,read,mr-1c842de1-c4d8-4cca-a61c-04ffda0b39ab,,354,ONE,ALL,cassandra-3,True,False,2.765,2026-09-16T13:01:49.972496+00:00,
1c842de1-c4d8-4cca-a61c-04ffda0b39ab,monotonic_reads,network_partition,writer-1,write,mr-1c842de1-c4d8-4cca-a61c-04ffda0b39ab,355,,,ALL,cassandra-1,True,False,2.756,2026-09-16T13:01:49.982693+00:00,
1c842de1-c4d8-4cca-a61c-04ffda0b39ab,monotonic_reads,network_partition,reader-1,read,mr-1c842de1-c4d8-4cca-a61c-04ffda0b39ab,,355,ONE,ALL,cassandra-1,True,False,3.208,2026-09-16T13:01:49.988275+00:00,
1c842de1-c4d8-4cca-a61c-04ffda0b39ab,monotonic_reads,network_partition,reader-1,read,mr-1c842de1-c4d8-4cca-a61c-04ffda0b39ab,,355,ONE,ALL,cassandra-2,True,False,1.717,2026-09-16T13:01:50.001959+00:00,
1c842de1-c4d8-4cca-a61c-04ffda0b39ab,monotonic_reads,network_partition,writer-1,write,mr-1c842de1-c4d8-4cca-a61c-04ffda0b39ab,356,,,ALL,cassandra-1,True,False,4.0,2026-09-16T13:01:50.010644+00:00,
1c842de1-c4d8-4cca-a61c-04ffda0b39ab,monotonic_reads,network_partition,reader-1,read,mr-1c842de1-c4d8-4cca-a61c-04ffda0b39ab,,356,ONE,ALL,cassandra-3,True,False,2.046,2026-09-16T13:01:50.015175+00:00,
1c842de1-c4d8-4cca-a61c-04ffda0b39ab,monotonic_reads,network_partition,reader-1,read,mr-1c842de1-c4d8-4cca-a61c-04ffda0b39ab,,356,ONE,ALL,cassandra-1,True,False,2.381,2026-09-16T13:01:50.030203+00:00,
1c842de1-c4d8-4cca-a61c-04ffda0b39ab,monotonic_reads,network_partition,writer-1,write,mr-1c842de1-c4d8-4cca-a61c-04ffda0b39ab,357,,,ALL,cassandra-1,True,False,3.335,2026-09-16T13:01:50.034688+00:00,
1c842de1-c4d8-4cca-a61c-04ffda0b39ab,monotonic_reads,network_partition,reader-1,read,mr-1c842de1-c4d8-4cca-a61c-04ffda0b39ab,,357,ONE,ALL,cassandra-2,True,False,2.334,2026-09-16T13:01:50.043949+00:00,
1c842de1-c4d8-4cca-a61c-04ffda0b39ab,monotonic_reads,network_partition,reader-1,read,mr-1c842de1-c4d8-4cca-a61c-04ffda0b39ab,,357,ONE,ALL,cassandra-3,True,False,1.258,2026-09-16T13:01:50.056718+00:00,
1c842de1-c4d8-4cca-a61c-04ffda0b39ab,monotonic_reads,network_partition,writer-1,write,mr-1c842de1-c4d8-4cca-a61c-04ffda0b39ab,358,,,ALL,cassandra-1,True,False,3.174,2026-09-16T13:01:50.058771+00:00,
1c842de1-c4d8-4cca-a61c-04ffda0b39ab,monotonic_reads,network_partition,reader-1,read,mr-1c842de1-c4d8-4cca-a61c-04ffda0b39ab,,358,ONE,ALL,cassandra-1,True,False,1.963,2026-09-16T13:01:50.071334+00:00,
1c842de1-c4d8-4cca-a61c-04ffda0b39ab,monotonic_reads,network_partition,writer-1,write,mr-1c842de1-c4d8-4cca-a61c-04ffda0b39ab,359,,,ALL,cassandra-1,True,False,3.942,2026-09-16T13:01:50.084915+00:00,
1c842de1-c4d8-4cca-a61c-04ffda0b39ab,monotonic_reads,network_partition,reader-1,read,mr-1c842de1-c4d8-4cca-a61c-04ffda0b39ab,,359,ONE,ALL,cassandra-2,True,False,1.982,2026-09-16T13:01:50.085990+00:00,
1c842de1-c4d8-4cca-a61c-04ffda0b39ab,monotonic_reads,network_partition,reader-1,read,mr-1c842de1-c4d8-4cca-a61c-04ffda0b39ab,,359,ONE,ALL,cassandra-3,True,False,1.932,2026-09-16T13:01:50.098902+00:00,
1c842de1-c4d8-4cca-a61c-04ffda0b39ab,monotonic_reads,network_partition,writer-1,write,mr-1c842de1-c4d8-4cca-a61c-04ffda0b39ab,360,,,ALL,cassandra-1,True,False,3.183,2026-09-16T13:01:50.110932+00:00,
1c842de1-c4d8-4cca-a61c-04ffda0b39ab,monotonic_reads,network_partition,reader-1,read,mr-1c842de1-c4d8-4cca-a61c-04ffda0b39ab,,360,ONE,ALL,cassandra-1,True,False,2.476,2026-09-16T13:01:50.114035+00:00,
1c842de1-c4d8-4cca-a61c-04ffda0b39ab,monotonic_reads,network_partition,reader-1,read,mr-1c842de1-c4d8-4cca-a61c-04ffda0b39ab,,360,ONE,ALL,cassandra-2,True,False,1.42,2026-09-16T13:01:50.128055+00:00,
1c842de1-c4d8-4cca-a61c-04ffda0b39ab,monotonic_reads,network_partition,writer-1,write,mr-1c842de1-c4d8-4cca-a61c-04ffda0b39ab,361,,,ALL,cassandra-1,True,False,3.66,2026-09-16T13:01:50.135797+00:00,
1c842de1-c4d8-4cca-a61c-04ffda0b39ab,monotonic_reads,network_partition,reader-1,read,mr-1c842de1-c4d8-4cca-a61c-04ffda0b39ab,,361,ONE,ALL,cassandra-3,True,False,2.924,2026-09-16T13:01:50.141963+00:00,
1c842de1-c4d8-4cca-a61c-04ffda0b39ab,monotonic_reads,network_partition,reader-1,read,mr-1c842de1-c4d8-4cca-a61c-04ffda0b39ab,,361,ONE,ALL,cassandra-1,True,False,1.881,2026-09-16T13:01:50.156513+00:00,
1c842de1-c4d8-4cca-a61c-04ffda0b39ab,monotonic_reads,network_partition,writer-1,write,mr-1c842de1-c4d8-4cca-a61c-04ffda0b39ab,362,,,ALL,cassandra-1,True,False,3.053,2026-09-16T13:01:50.160682+00:00,
1c842de1-c4d8-4cca-a61c-04ffda0b39ab,monotonic_reads,network_partition,reader-1,read,mr-1c842de1-c4d8-4cca-a61c-04ffda0b39ab,,362,ONE,ALL,cassandra-2,True,False,2.517,2026-09-16T13:01:50.170651+00:00,
1c842de1-c4d8-4cca-a61c-04ffda0b39ab,monotonic_reads,network_partition,reader-1,read,mr-1c842de1-c4d8-4cca-a61c-04ffda0b39ab,,362,ONE,ALL,cassandra-3,True,False,1.739,2026-09-16T13:01:50.185046+00:00,
1c842de1-c4d8-4cca-a61c-04ffda0b39ab,monotonic_reads,network_partition,writer-1,write,mr-1c842de1-c4d8-4cca-a61c-04ffda0b39ab,363,,,ALL,cassandra-1,True,False,3.276,2026-09-16T13:01:50.186908+00:00,
1c842de1-c4d8-4cca-a61c-04ffda0b39ab,monotonic_reads,network_partition,reader-1,read,mr-1c842de1-c4d8-4cca-a61c-04ffda0b39ab,,363,ONE,ALL,cassandra-1,True,False,5.444,2026-09-16T13:01:50.202849+00:00,
1c842de1-c4d8-4cca-a61c-04ffda0b39ab,monotonic_reads,network_partition,writer-1,write,mr-1c842de1-c4d8-4cca-a61c-04ffda0b39ab,364,,,ALL,cassandra-1,True,False,2.729,2026-09-16T13:01:50.214749+00:00,
1c842de1-c4d8-4cca-a61c-04ffda0b39ab,monotonic_reads,network_partition,reader-1,read,mr-1c842de1-c4d8-4cca-a61c-04ffda0b39ab,,364,ONE,ALL,cassandra-2,True,False,1.943,2026-09-16T13:01:50.217502+00:00,
1c842de1-c4d8-4cca-a61c-04ffda0b39ab,monotonic_reads,network_partition,reader-1,read,mr-1c842de1-c4d8-4cca-a61c-04ffda0b39ab,,364,ONE,ALL,cassandra-3,True,False,7.227,2026-09-16T13:01:50.236595+00:00,
1c842de1-c4d8-4cca-a61c-04ffda0b39ab,monotonic_reads,network_partition,writer-1,write,mr-1c842de1-c4d8-4cca-a61c-04ffda0b39ab,365,,,ALL,cassandra-1,True,False,4.947,2026-09-16T13:01:50.240342+00:00,
1c842de1-c4d8-4cca-a61c-04ffda0b39ab,monotonic_reads,network_partition,reader-1,read,mr-1c842de1-c4d8-4cca-a61c-04ffda0b39ab,,365,ONE,ALL,cassandra-1,True,False,3.572,2026-09-16T13:01:50.251937+00:00,
1c842de1-c4d8-4cca-a61c-04ffda0b39ab,monotonic_reads,network_partition,writer-1,write,mr-1c842de1-c4d8-4cca-a61c-04ffda0b39ab,366,,,ALL,cassandra-1,True,False,2.584,2026-09-16T13:01:50.264880+00:00,
1c842de1-c4d8-4cca-a61c-04ffda0b39ab,monotonic_reads,network_partition,reader-1,read,mr-1c842de1-c4d8-4cca-a61c-04ffda0b39ab,,366,ONE,ALL,cassandra-2,True,False,2.203,2026-09-16T13:01:50.266673+00:00,
1c842de1-c4d8-4cca-a61c-04ffda0b39ab,monotonic_reads,network_partition,reader-1,read,mr-1c842de1-c4d8-4cca-a61c-04ffda0b39ab,,366,ONE,ALL,cassandra-3,True,False,4.634,2026-09-16T13:01:50.282899+00:00,
1c842de1-c4d8-4cca-a61c-04ffda0b39ab,monotonic_reads,network_partition,writer-1,write,mr-1c842de1-c4d8-4cca-a61c-04ffda0b39ab,367,,,ALL,cassandra-1,True,False,6.26,2026-09-16T13:01:50.295676+00:00,
1c842de1-c4d8-4cca-a61c-04ffda0b39ab,monotonic_reads,network_partition,reader-1,read,mr-1c842de1-c4d8-4cca-a61c-04ffda0b39ab,,367,ONE,ALL,cassandra-1,True,False,2.728,2026-09-16T13:01:50.298474+00:00,
1c842de1-c4d8-4cca-a61c-04ffda0b39ab,monotonic_reads,network_partition,reader-1,read,mr-1c842de1-c4d8-4cca-a61c-04ffda0b39ab,,367,ONE,ALL,cassandra-2,True,False,2.661,2026-09-16T13:01:50.313007+00:00,
1c842de1-c4d8-4cca-a61c-04ffda0b39ab,monotonic_reads,network_partition,writer-1,write,mr-1c842de1-c4d8-4cca-a61c-04ffda0b39ab,368,,,ALL,cassandra-1,True,False,3.634,2026-09-16T13:01:50.324018+00:00,
1c842de1-c4d8-4cca-a61c-04ffda0b39ab,monotonic_reads,network_partition,reader-1,read,mr-1c842de1-c4d8-4cca-a61c-04ffda0b39ab,,368,ONE,ALL,cassandra-3,True,False,2.621,2026-09-16T13:01:50.327832+00:00,
1c842de1-c4d8-4cca-a61c-04ffda0b39ab,monotonic_reads,network_partition,reader-1,read,mr-1c842de1-c4d8-4cca-a61c-04ffda0b39ab,,368,ONE,ALL,cassandra-1,True,False,2.647,2026-09-16T13:01:50.343038+00:00,
1c842de1-c4d8-4cca-a61c-04ffda0b39ab,monotonic_reads,network_partition,writer-1,write,mr-1c842de1-c4d8-4cca-a61c-04ffda0b39ab,369,,,ALL,cassandra-1,True,False,4.08,2026-09-16T13:01:50.352010+00:00,
1c842de1-c4d8-4cca-a61c-04ffda0b39ab,monotonic_reads,network_partition,reader-1,read,mr-1c842de1-c4d8-4cca-a61c-04ffda0b39ab,,369,ONE,ALL,cassandra-2,True,False,3.766,2026-09-16T13:01:50.359477+00:00,
1c842de1-c4d8-4cca-a61c-04ffda0b39ab,monotonic_reads,network_partition,reader-1,read,mr-1c842de1-c4d8-4cca-a61c-04ffda0b39ab,,369,ONE,ALL,cassandra-3,True,False,3.614,2026-09-16T13:01:50.373961+00:00,
1c842de1-c4d8-4cca-a61c-04ffda0b39ab,monotonic_reads,network_partition,writer-1,write,mr-1c842de1-c4d8-4cca-a61c-04ffda0b39ab,370,,,ALL,cassandra-1,True,False,3.768,2026-09-16T13:01:50.379135+00:00,
1c842de1-c4d8-4cca-a61c-04ffda0b39ab,monotonic_reads,network_partition,reader-1,read,mr-1c842de1-c4d8-4cca-a61c-04ffda0b39ab,,370,ONE,ALL,cassandra-1,True,False,3.973,2026-09-16T13:01:50.389375+00:00,
1c842de1-c4d8-4cca-a61c-04ffda0b39ab,monotonic_reads,network_partition,reader-1,read,mr-1c842de1-c4d8-4cca-a61c-04ffda0b39ab,,370,ONE,ALL,cassandra-2,True,False,1.919,2026-09-16T13:01:50.402283+00:00,
1c842de1-c4d8-4cca-a61c-04ffda0b39ab,monotonic_reads,network_partition,writer-1,write,mr-1c842de1-c4d8-4cca-a61c-04ffda0b39ab,371,,,ALL,cassandra-1,True,False,3.65,2026-09-16T13:01:50.405999+00:00,
1c842de1-c4d8-4cca-a61c-04ffda0b39ab,monotonic_reads,network_partition,reader-1,read,mr-1c842de1-c4d8-4cca-a61c-04ffda0b39ab,,371,ONE,ALL,cassandra-3,True,False,2.567,2026-09-16T13:01:50.417028+00:00,
1c842de1-c4d8-4cca-a61c-04ffda0b39ab,monotonic_reads,network_partition,reader-1,read,mr-1c842de1-c4d8-4cca-a61c-04ffda0b39ab,,371,ONE,ALL,cassandra-1,True,False,3.858,2026-09-16T13:01:50.433534+00:00,
1c842de1-c4d8-4cca-a61c-04ffda0b39ab,monotonic_reads,network_partition,writer-1,write,mr-1c842de1-c4d8-4cca-a61c-04ffda0b39ab,372,,,ALL,cassandra-1,True,False,3.856,2026-09-16T13:01:50.434981+00:00,
1c842de1-c4d8-4cca-a61c-04ffda0b39ab,monotonic_reads,network_partition,reader-1,read,mr-1c842de1-c4d8-4cca-a61c-04ffda0b39ab,,372,ONE,ALL,cassandra-2,True,False,3.392,2026-09-16T13:01:50.448861+00:00,
1c842de1-c4d8-4cca-a61c-04ffda0b39ab,monotonic_reads,network_partition,writer-1,write,mr-1c842de1-c4d8-4cca-a61c-04ffda0b39ab,373,,,ALL,cassandra-1,True,False,5.04,2026-09-16T13:01:50.460425+00:00,
1c842de1-c4d8-4cca-a61c-04ffda0b39ab,monotonic_reads,network_partition,reader-1,read,mr-1c842de1-c4d8-4cca-a61c-04ffda0b39ab,,373,ONE,ALL,cassandra-3,True,False,2.611,2026-09-16T13:01:50.464015+00:00,
1c842de1-c4d8-4cca-a61c-04ffda0b39ab,monotonic_reads,network_partition,reader-1,read,mr-1c842de1-c4d8-4cca-a61c-04ffda0b39ab,,373,ONE,ALL,cassandra-1,True,False,4.529,2026-09-16T13:01:50.479379+00:00,
1c842de1-c4d8-4cca-a61c-04ffda0b39ab,monotonic_reads,network_partition,writer-1,write,mr-1c842de1-c4d8-4cca-a61c-04ffda0b39ab,374,,,ALL,cassandra-1,True,False,4.063,2026-09-16T13:01:50.487068+00:00,
1c842de1-c4d8-4cca-a61c-04ffda0b39ab,monotonic_reads,network_partition,reader-1,read,mr-1c842de1-c4d8-4cca-a61c-04ffda0b39ab,,374,ONE,ALL,cassandra-2,True,False,2.639,2026-09-16T13:01:50.494019+00:00,
1c842de1-c4d8-4cca-a61c-04ffda0b39ab,monotonic_reads,network_partition,reader-1,read,mr-1c842de1-c4d8-4cca-a61c-04ffda0b39ab,,374,ONE,ALL,cassandra-3,True,False,3.361,2026-09-16T13:01:50.509703+00:00,
1c842de1-c4d8-4cca-a61c-04ffda0b39ab,monotonic_reads,network_partition,writer-1,write,mr-1c842de1-c4d8-4cca-a61c-04ffda0b39ab,375,,,ALL,cassandra-1,True,False,4.768,2026-09-16T13:01:50.512993+00:00,
1c842de1-c4d8-4cca-a61c-04ffda0b39ab,monotonic_reads,network_partition,reader-1,read,mr-1c842de1-c4d8-4cca-a61c-04ffda0b39ab,,375,ONE,ALL,cassandra-1,True,False,3.591,2026-09-16T13:01:50.523981+00:00,
1c842de1-c4d8-4cca-a61c-04ffda0b39ab,monotonic_reads,network_partition,writer-1,write,mr-1c842de1-c4d8-4cca-a61c-04ffda0b39ab,376,,,ALL,cassandra-1,True,False,5.235,2026-09-16T13:01:50.538503+00:00,
1c842de1-c4d8-4cca-a61c-04ffda0b39ab,monotonic_reads,network_partition,reader-1,read,mr-1c842de1-c4d8-4cca-a61c-04ffda0b39ab,,376,ONE,ALL,cassandra-2,True,False,3.737,2026-09-16T13:01:50.540403+00:00,
1c842de1-c4d8-4cca-a61c-04ffda0b39ab,monotonic_reads,network_partition,reader-1,read,mr-1c842de1-c4d8-4cca-a61c-04ffda0b39ab,,376,ONE,ALL,cassandra-3,True,False,3.209,2026-09-16T13:01:50.554572+00:00,
1c842de1-c4d8-4cca-a61c-04ffda0b39ab,monotonic_reads,network_partition,writer-1,write,mr-1c842de1-c4d8-4cca-a61c-04ffda0b39ab,377,,,ALL,cassandra-1,True,False,6.119,2026-09-16T13:01:50.568466+00:00,
1c842de1-c4d8-4cca-a61c-04ffda0b39ab,monotonic_reads,network_partition,reader-1,read,mr-1c842de1-c4d8-4cca-a61c-04ffda0b39ab,,377,ONE,ALL,cassandra-1,True,False,3.682,2026-09-16T13:01:50.569675+00:00,
1c842de1-c4d8-4cca-a61c-04ffda0b39ab,monotonic_reads,network_partition,reader-1,read,mr-1c842de1-c4d8-4cca-a61c-04ffda0b39ab,,377,ONE,ALL,cassandra-2,True,False,3.438,2026-09-16T13:01:50.585547+00:00,
1c842de1-c4d8-4cca-a61c-04ffda0b39ab,monotonic_reads,network_partition,writer-1,write,mr-1c842de1-c4d8-4cca-a61c-04ffda0b39ab,378,,,ALL,cassandra-1,True,False,4.945,2026-09-16T13:01:50.595341+00:00,
1c842de1-c4d8-4cca-a61c-04ffda0b39ab,monotonic_reads,network_partition,reader-1,read,mr-1c842de1-c4d8-4cca-a61c-04ffda0b39ab,,378,ONE,ALL,cassandra-3,True,False,3.293,2026-09-16T13:01:50.601499+00:00,
1c842de1-c4d8-4cca-a61c-04ffda0b39ab,monotonic_reads,network_partition,reader-1,read,mr-1c842de1-c4d8-4cca-a61c-04ffda0b39ab,,378,ONE,ALL,cassandra-1,True,False,4.429,2026-09-16T13:01:50.617844+00:00,
1c842de1-c4d8-4cca-a61c-04ffda0b39ab,monotonic_reads,network_partition,writer-1,write,mr-1c842de1-c4d8-4cca-a61c-04ffda0b39ab,379,,,ALL,cassandra-1,True,False,3.657,2026-09-16T13:01:50.623050+00:00,
1c842de1-c4d8-4cca-a61c-04ffda0b39ab,monotonic_reads,network_partition,reader-1,read,mr-1c842de1-c4d8-4cca-a61c-04ffda0b39ab,,379,ONE,ALL,cassandra-2,True,False,3.247,2026-09-16T13:01:50.631615+00:00,
1c842de1-c4d8-4cca-a61c-04ffda0b39ab,monotonic_reads,network_partition,reader-1,read,mr-1c842de1-c4d8-4cca-a61c-04ffda0b39ab,,379,ONE,ALL,cassandra-3,True,False,3.323,2026-09-16T13:01:50.646568+00:00,
1c842de1-c4d8-4cca-a61c-04ffda0b39ab,monotonic_reads,network_partition,writer-1,write,mr-1c842de1-c4d8-4cca-a61c-04ffda0b39ab,380,,,ALL,cassandra-1,True,False,4.422,2026-09-16T13:01:50.652407+00:00,
1c842de1-c4d8-4cca-a61c-04ffda0b39ab,monotonic_reads,network_partition,reader-1,read,mr-1c842de1-c4d8-4cca-a61c-04ffda0b39ab,,380,ONE,ALL,cassandra-1,True,False,3.599,2026-09-16T13:01:50.660957+00:00,
1c842de1-c4d8-4cca-a61c-04ffda0b39ab,monotonic_reads,network_partition,reader-1,read,mr-1c842de1-c4d8-4cca-a61c-04ffda0b39ab,,380,ONE,ALL,cassandra-2,True,False,3.955,2026-09-16T13:01:50.676340+00:00,
1c842de1-c4d8-4cca-a61c-04ffda0b39ab,monotonic_reads,network_partition,writer-1,write,mr-1c842de1-c4d8-4cca-a61c-04ffda0b39ab,381,,,ALL,cassandra-1,True,False,6.951,2026-09-16T13:01:50.680091+00:00,
1c842de1-c4d8-4cca-a61c-04ffda0b39ab,monotonic_reads,network_partition,reader-1,read,mr-1c842de1-c4d8-4cca-a61c-04ffda0b39ab,,381,ONE,ALL,cassandra-3,True,False,4.788,2026-09-16T13:01:50.691563+00:00,
1c842de1-c4d8-4cca-a61c-04ffda0b39ab,monotonic_reads,network_partition,reader-1,read,mr-1c842de1-c4d8-4cca-a61c-04ffda0b39ab,,381,ONE,ALL,cassandra-1,True,False,5.164,2026-09-16T13:01:50.708299+00:00,
1c842de1-c4d8-4cca-a61c-04ffda0b39ab,monotonic_reads,network_partition,writer-1,write,mr-1c842de1-c4d8-4cca-a61c-04ffda0b39ab,382,,,ALL,cassandra-1,True,False,8.026,2026-09-16T13:01:50.709668+00:00,
1c842de1-c4d8-4cca-a61c-04ffda0b39ab,monotonic_reads,network_partition,reader-1,read,mr-1c842de1-c4d8-4cca-a61c-04ffda0b39ab,,382,ONE,ALL,cassandra-2,True,False,1.587,2026-09-16T13:01:50.722523+00:00,
1c842de1-c4d8-4cca-a61c-04ffda0b39ab,monotonic_reads,network_partition,writer-1,write,mr-1c842de1-c4d8-4cca-a61c-04ffda0b39ab,383,,,ALL,cassandra-1,True,False,3.804,2026-09-16T13:01:50.735902+00:00,
1c842de1-c4d8-4cca-a61c-04ffda0b39ab,monotonic_reads,network_partition,reader-1,read,mr-1c842de1-c4d8-4cca-a61c-04ffda0b39ab,,383,ONE,ALL,cassandra-3,True,False,1.933,2026-09-16T13:01:50.737090+00:00,
1c842de1-c4d8-4cca-a61c-04ffda0b39ab,monotonic_reads,network_partition,reader-1,read,mr-1c842de1-c4d8-4cca-a61c-04ffda0b39ab,,383,ONE,ALL,cassandra-1,True,False,3.286,2026-09-16T13:01:50.752971+00:00,
1c842de1-c4d8-4cca-a61c-04ffda0b39ab,monotonic_reads,network_partition,writer-1,write,mr-1c842de1-c4d8-4cca-a61c-04ffda0b39ab,384,,,ALL,cassandra-1,True,False,4.123,2026-09-16T13:01:50.764292+00:00,
1c842de1-c4d8-4cca-a61c-04ffda0b39ab,monotonic_reads,network_partition,reader-1,read,mr-1c842de1-c4d8-4cca-a61c-04ffda0b39ab,,384,ONE,ALL,cassandra-2,True,False,2.988,2026-09-16T13:01:50.768359+00:00,
1c842de1-c4d8-4cca-a61c-04ffda0b39ab,monotonic_reads,network_partition,reader-1,read,mr-1c842de1-c4d8-4cca-a61c-04ffda0b39ab,,384,ONE,ALL,cassandra-3,True,False,5.416,2026-09-16T13:01:50.786465+00:00,
1c842de1-c4d8-4cca-a61c-04ffda0b39ab,monotonic_reads,network_partition,writer-1,write,mr-1c842de1-c4d8-4cca-a61c-04ffda0b39ab,385,,,ALL,cassandra-1,True,False,6.23,2026-09-16T13:01:50.791064+00:00,
1c842de1-c4d8-4cca-a61c-04ffda0b39ab,monotonic_reads,network_partition,reader-1,read,mr-1c842de1-c4d8-4cca-a61c-04ffda0b39ab,,385,ONE,ALL,cassandra-1,True,False,3.432,2026-09-16T13:01:50.802089+00:00,
1c842de1-c4d8-4cca-a61c-04ffda0b39ab,monotonic_reads,network_partition,reader-1,read,mr-1c842de1-c4d8-4cca-a61c-04ffda0b39ab,,385,ONE,ALL,cassandra-2,True,False,1.531,2026-09-16T13:01:50.815199+00:00,
1c842de1-c4d8-4cca-a61c-04ffda0b39ab,monotonic_reads,network_partition,writer-1,write,mr-1c842de1-c4d8-4cca-a61c-04ffda0b39ab,386,,,ALL,cassandra-1,True,False,3.431,2026-09-16T13:01:50.816850+00:00,
1c842de1-c4d8-4cca-a61c-04ffda0b39ab,monotonic_reads,network_partition,reader-1,read,mr-1c842de1-c4d8-4cca-a61c-04ffda0b39ab,,386,ONE,ALL,cassandra-3,True,False,1.617,2026-09-16T13:01:50.827222+00:00,
1c842de1-c4d8-4cca-a61c-04ffda0b39ab,monotonic_reads,network_partition,reader-1,read,mr-1c842de1-c4d8-4cca-a61c-04ffda0b39ab,,386,ONE,ALL,cassandra-1,True,False,1.91,2026-09-16T13:01:50.841677+00:00,
1c842de1-c4d8-4cca-a61c-04ffda0b39ab,monotonic_reads,network_partition,writer-1,write,mr-1c842de1-c4d8-4cca-a61c-04ffda0b39ab,387,,,ALL,cassandra-1,True,False,3.858,2026-09-16T13:01:50.845643+00:00,
1c842de1-c4d8-4cca-a61c-04ffda0b39ab,monotonic_reads,network_partition,reader-1,read,mr-1c842de1-c4d8-4cca-a61c-04ffda0b39ab,,387,ONE,ALL,cassandra-2,True,False,2.264,2026-09-16T13:01:50.856910+00:00,
1c842de1-c4d8-4cca-a61c-04ffda0b39ab,monotonic_reads,network_partition,reader-1,read,mr-1c842de1-c4d8-4cca-a61c-04ffda0b39ab,,387,ONE,ALL,cassandra-3,True,False,1.538,2026-09-16T13:01:50.871157+00:00,
1c842de1-c4d8-4cca-a61c-04ffda0b39ab,monotonic_reads,network_partition,writer-1,write,mr-1c842de1-c4d8-4cca-a61c-04ffda0b39ab,388,,,ALL,cassandra-1,True,False,3.471,2026-09-16T13:01:50.874740+00:00,
1c842de1-c4d8-4cca-a61c-04ffda0b39ab,monotonic_reads,network_partition,reader-1,read,mr-1c842de1-c4d8-4cca-a61c-04ffda0b39ab,,388,ONE,ALL,cassandra-1,True,False,2.56,2026-09-16T13:01:50.886180+00:00,
1c842de1-c4d8-4cca-a61c-04ffda0b39ab,monotonic_reads,network_partition,reader-1,read,mr-1c842de1-c4d8-4cca-a61c-04ffda0b39ab,,388,ONE,ALL,cassandra-2,True,False,1.69,2026-09-16T13:01:50.898071+00:00,
1c842de1-c4d8-4cca-a61c-04ffda0b39ab,monotonic_reads,network_partition,writer-1,write,mr-1c842de1-c4d8-4cca-a61c-04ffda0b39ab,389,,,ALL,cassandra-1,True,False,3.187,2026-09-16T13:01:50.901877+00:00,
1c842de1-c4d8-4cca-a61c-04ffda0b39ab,monotonic_reads,network_partition,reader-1,read,mr-1c842de1-c4d8-4cca-a61c-04ffda0b39ab,,389,ONE,ALL,cassandra-3,True,False,2.841,2026-09-16T13:01:50.911564+00:00,
1c842de1-c4d8-4cca-a61c-04ffda0b39ab,monotonic_reads,network_partition,writer-1,write,mr-1c842de1-c4d8-4cca-a61c-04ffda0b39ab,390,,,ALL,cassandra-1,True,False,3.449,2026-09-16T13:01:50.926919+00:00,
1c842de1-c4d8-4cca-a61c-04ffda0b39ab,monotonic_reads,network_partition,reader-1,read,mr-1c842de1-c4d8-4cca-a61c-04ffda0b39ab,,390,ONE,ALL,cassandra-1,True,False,3.19,2026-09-16T13:01:50.927389+00:00,
1c842de1-c4d8-4cca-a61c-04ffda0b39ab,monotonic_reads,network_partition,reader-1,read,mr-1c842de1-c4d8-4cca-a61c-04ffda0b39ab,,390,ONE,ALL,cassandra-2,True,False,1.926,2026-09-16T13:01:50.941390+00:00,
1c842de1-c4d8-4cca-a61c-04ffda0b39ab,monotonic_reads,network_partition,reader-1,read,mr-1c842de1-c4d8-4cca-a61c-04ffda0b39ab,,391,ONE,ALL,cassandra-3,True,False,1.916,2026-09-16T13:01:50.953559+00:00,
1c842de1-c4d8-4cca-a61c-04ffda0b39ab,monotonic_reads,network_partition,writer-1,write,mr-1c842de1-c4d8-4cca-a61c-04ffda0b39ab,391,,,ALL,cassandra-1,True,False,4.094,2026-09-16T13:01:50.953861+00:00,
1c842de1-c4d8-4cca-a61c-04ffda0b39ab,monotonic_reads,network_partition,reader-1,read,mr-1c842de1-c4d8-4cca-a61c-04ffda0b39ab,,391,ONE,ALL,cassandra-1,True,False,1.872,2026-09-16T13:01:50.967391+00:00,
1c842de1-c4d8-4cca-a61c-04ffda0b39ab,monotonic_reads,network_partition,writer-1,write,mr-1c842de1-c4d8-4cca-a61c-04ffda0b39ab,392,,,ALL,cassandra-1,True,False,3.481,2026-09-16T13:01:50.979942+00:00,
1c842de1-c4d8-4cca-a61c-04ffda0b39ab,monotonic_reads,network_partition,reader-1,read,mr-1c842de1-c4d8-4cca-a61c-04ffda0b39ab,,392,ONE,ALL,cassandra-2,True,False,2.222,2026-09-16T13:01:50.982277+00:00,
1c842de1-c4d8-4cca-a61c-04ffda0b39ab,monotonic_reads,network_partition,reader-1,read,mr-1c842de1-c4d8-4cca-a61c-04ffda0b39ab,,392,ONE,ALL,cassandra-3,True,False,2.696,2026-09-16T13:01:50.997096+00:00,
1c842de1-c4d8-4cca-a61c-04ffda0b39ab,monotonic_reads,network_partition,writer-1,write,mr-1c842de1-c4d8-4cca-a61c-04ffda0b39ab,393,,,ALL,cassandra-1,True,False,4.669,2026-09-16T13:01:51.007524+00:00,
1c842de1-c4d8-4cca-a61c-04ffda0b39ab,monotonic_reads,network_partition,reader-1,read,mr-1c842de1-c4d8-4cca-a61c-04ffda0b39ab,,393,ONE,ALL,cassandra-1,True,False,3.225,2026-09-16T13:01:51.011630+00:00,
1c842de1-c4d8-4cca-a61c-04ffda0b39ab,monotonic_reads,network_partition,reader-1,read,mr-1c842de1-c4d8-4cca-a61c-04ffda0b39ab,,393,ONE,ALL,cassandra-2,True,False,3.107,2026-09-16T13:01:51.025609+00:00,
1c842de1-c4d8-4cca-a61c-04ffda0b39ab,monotonic_reads,network_partition,writer-1,write,mr-1c842de1-c4d8-4cca-a61c-04ffda0b39ab,394,,,ALL,cassandra-1,True,False,6.486,2026-09-16T13:01:51.037663+00:00,
1c842de1-c4d8-4cca-a61c-04ffda0b39ab,monotonic_reads,network_partition,reader-1,read,mr-1c842de1-c4d8-4cca-a61c-04ffda0b39ab,,394,ONE,ALL,cassandra-3,True,False,4.088,2026-09-16T13:01:51.041862+00:00,
1c842de1-c4d8-4cca-a61c-04ffda0b39ab,monotonic_reads,network_partition,reader-1,read,mr-1c842de1-c4d8-4cca-a61c-04ffda0b39ab,,394,ONE,ALL,cassandra-1,True,False,4.125,2026-09-16T13:01:51.056530+00:00,
1c842de1-c4d8-4cca-a61c-04ffda0b39ab,monotonic_reads,network_partition,writer-1,write,mr-1c842de1-c4d8-4cca-a61c-04ffda0b39ab,395,,,ALL,cassandra-1,True,False,6.732,2026-09-16T13:01:51.067130+00:00,
1c842de1-c4d8-4cca-a61c-04ffda0b39ab,monotonic_reads,network_partition,reader-1,read,mr-1c842de1-c4d8-4cca-a61c-04ffda0b39ab,,395,ONE,ALL,cassandra-2,True,False,2.723,2026-09-16T13:01:51.070077+00:00,
1c842de1-c4d8-4cca-a61c-04ffda0b39ab,monotonic_reads,network_partition,reader-1,read,mr-1c842de1-c4d8-4cca-a61c-04ffda0b39ab,,395,ONE,ALL,cassandra-3,True,False,4.542,2026-09-16T13:01:51.086339+00:00,
1c842de1-c4d8-4cca-a61c-04ffda0b39ab,monotonic_reads,network_partition,writer-1,write,mr-1c842de1-c4d8-4cca-a61c-04ffda0b39ab,396,,,ALL,cassandra-1,True,False,4.399,2026-09-16T13:01:51.093779+00:00,
1c842de1-c4d8-4cca-a61c-04ffda0b39ab,monotonic_reads,network_partition,reader-1,read,mr-1c842de1-c4d8-4cca-a61c-04ffda0b39ab,,396,ONE,ALL,cassandra-1,True,False,3.719,2026-09-16T13:01:51.102095+00:00,
1c842de1-c4d8-4cca-a61c-04ffda0b39ab,monotonic_reads,network_partition,reader-1,read,mr-1c842de1-c4d8-4cca-a61c-04ffda0b39ab,,396,ONE,ALL,cassandra-2,True,False,3.767,2026-09-16T13:01:51.116151+00:00,
1c842de1-c4d8-4cca-a61c-04ffda0b39ab,monotonic_reads,network_partition,writer-1,write,mr-1c842de1-c4d8-4cca-a61c-04ffda0b39ab,397,,,ALL,cassandra-1,True,False,4.778,2026-09-16T13:01:51.123145+00:00,
1c842de1-c4d8-4cca-a61c-04ffda0b39ab,monotonic_reads,network_partition,reader-1,read,mr-1c842de1-c4d8-4cca-a61c-04ffda0b39ab,,397,ONE,ALL,cassandra-3,True,False,2.978,2026-09-16T13:01:51.131344+00:00,
1c842de1-c4d8-4cca-a61c-04ffda0b39ab,monotonic_reads,network_partition,reader-1,read,mr-1c842de1-c4d8-4cca-a61c-04ffda0b39ab,,397,ONE,ALL,cassandra-1,True,False,3.098,2026-09-16T13:01:51.146370+00:00,
1c842de1-c4d8-4cca-a61c-04ffda0b39ab,monotonic_reads,network_partition,writer-1,write,mr-1c842de1-c4d8-4cca-a61c-04ffda0b39ab,398,,,ALL,cassandra-1,True,False,3.634,2026-09-16T13:01:51.150194+00:00,
1c842de1-c4d8-4cca-a61c-04ffda0b39ab,monotonic_reads,network_partition,reader-1,read,mr-1c842de1-c4d8-4cca-a61c-04ffda0b39ab,,398,ONE,ALL,cassandra-2,True,False,3.073,2026-09-16T13:01:51.160444+00:00,
1c842de1-c4d8-4cca-a61c-04ffda0b39ab,monotonic_reads,network_partition,reader-1,read,mr-1c842de1-c4d8-4cca-a61c-04ffda0b39ab,,398,ONE,ALL,cassandra-3,True,False,2.945,2026-09-16T13:01:51.175854+00:00,
1c842de1-c4d8-4cca-a61c-04ffda0b39ab,monotonic_reads,network_partition,writer-1,write,mr-1c842de1-c4d8-4cca-a61c-04ffda0b39ab,399,,,ALL,cassandra-1,True,False,4.339,2026-09-16T13:01:51.176232+00:00,
1c842de1-c4d8-4cca-a61c-04ffda0b39ab,monotonic_reads,network_partition,reader-1,read,mr-1c842de1-c4d8-4cca-a61c-04ffda0b39ab,,399,ONE,ALL,cassandra-1,True,False,3.694,2026-09-16T13:01:51.190067+00:00,
1c842de1-c4d8-4cca-a61c-04ffda0b39ab,monotonic_reads,network_partition,writer-1,write,mr-1c842de1-c4d8-4cca-a61c-04ffda0b39ab,400,,,ALL,cassandra-1,True,False,6.341,2026-09-16T13:01:51.203928+00:00,
1c842de1-c4d8-4cca-a61c-04ffda0b39ab,monotonic_reads,network_partition,reader-1,read,mr-1c842de1-c4d8-4cca-a61c-04ffda0b39ab,,400,ONE,ALL,cassandra-2,True,False,2.985,2026-09-16T13:01:51.204401+00:00,
1c842de1-c4d8-4cca-a61c-04ffda0b39ab,monotonic_reads,network_partition,reader-1,read,mr-1c842de1-c4d8-4cca-a61c-04ffda0b39ab,,400,ONE,ALL,cassandra-3,True,False,2.786,2026-09-16T13:01:51.219170+00:00,
1c842de1-c4d8-4cca-a61c-04ffda0b39ab,monotonic_reads,network_partition,writer-1,write,mr-1c842de1-c4d8-4cca-a61c-04ffda0b39ab,401,,,ALL,cassandra-1,True,False,7.095,2026-09-16T13:01:51.234282+00:00,
1c842de1-c4d8-4cca-a61c-04ffda0b39ab,monotonic_reads,network_partition,reader-1,read,mr-1c842de1-c4d8-4cca-a61c-04ffda0b39ab,,401,ONE,ALL,cassandra-1,True,False,4.657,2026-09-16T13:01:51.235697+00:00,
1c842de1-c4d8-4cca-a61c-04ffda0b39ab,monotonic_reads,network_partition,reader-1,read,mr-1c842de1-c4d8-4cca-a61c-04ffda0b39ab,,401,ONE,ALL,cassandra-2,True,False,2.963,2026-09-16T13:01:51.249342+00:00,
1c842de1-c4d8-4cca-a61c-04ffda0b39ab,monotonic_reads,network_partition,writer-1,write,mr-1c842de1-c4d8-4cca-a61c-04ffda0b39ab,402,,,ALL,cassandra-1,True,False,4.837,2026-09-16T13:01:51.262203+00:00,
1c842de1-c4d8-4cca-a61c-04ffda0b39ab,monotonic_reads,network_partition,reader-1,read,mr-1c842de1-c4d8-4cca-a61c-04ffda0b39ab,,402,ONE,ALL,cassandra-3,True,False,2.743,2026-09-16T13:01:51.263116+00:00,
1c842de1-c4d8-4cca-a61c-04ffda0b39ab,monotonic_reads,network_partition,reader-1,read,mr-1c842de1-c4d8-4cca-a61c-04ffda0b39ab,,402,ONE,ALL,cassandra-1,True,False,10.502,2026-09-16T13:01:51.283867+00:00,
1c842de1-c4d8-4cca-a61c-04ffda0b39ab,monotonic_reads,network_partition,writer-1,write,mr-1c842de1-c4d8-4cca-a61c-04ffda0b39ab,403,,,ALL,cassandra-1,True,False,2.86,2026-09-16T13:01:51.286819+00:00,
1c842de1-c4d8-4cca-a61c-04ffda0b39ab,monotonic_reads,network_partition,reader-1,read,mr-1c842de1-c4d8-4cca-a61c-04ffda0b39ab,,403,ONE,ALL,cassandra-2,True,False,2.615,2026-09-16T13:01:51.298015+00:00,
1c842de1-c4d8-4cca-a61c-04ffda0b39ab,monotonic_reads,network_partition,reader-1,read,mr-1c842de1-c4d8-4cca-a61c-04ffda0b39ab,,403,ONE,ALL,cassandra-3,True,False,3.182,2026-09-16T13:01:51.311568+00:00,
1c842de1-c4d8-4cca-a61c-04ffda0b39ab,monotonic_reads,network_partition,writer-1,write,mr-1c842de1-c4d8-4cca-a61c-04ffda0b39ab,404,,,ALL,cassandra-1,True,False,4.792,2026-09-16T13:01:51.315026+00:00,
1c842de1-c4d8-4cca-a61c-04ffda0b39ab,monotonic_reads,network_partition,reader-1,read,mr-1c842de1-c4d8-4cca-a61c-04ffda0b39ab,,404,ONE,ALL,cassandra-1,True,False,6.203,2026-09-16T13:01:51.329489+00:00,
1c842de1-c4d8-4cca-a61c-04ffda0b39ab,monotonic_reads,network_partition,writer-1,write,mr-1c842de1-c4d8-4cca-a61c-04ffda0b39ab,405,,,ALL,cassandra-1,True,False,4.276,2026-09-16T13:01:51.341259+00:00,
1c842de1-c4d8-4cca-a61c-04ffda0b39ab,monotonic_reads,network_partition,reader-1,read,mr-1c842de1-c4d8-4cca-a61c-04ffda0b39ab,,405,ONE,ALL,cassandra-2,True,False,2.916,2026-09-16T13:01:51.344262+00:00,
1c842de1-c4d8-4cca-a61c-04ffda0b39ab,monotonic_reads,network_partition,reader-1,read,mr-1c842de1-c4d8-4cca-a61c-04ffda0b39ab,,405,ONE,ALL,cassandra-3,True,False,13.19,2026-09-16T13:01:51.369072+00:00,
1c842de1-c4d8-4cca-a61c-04ffda0b39ab,monotonic_reads,network_partition,writer-1,write,mr-1c842de1-c4d8-4cca-a61c-04ffda0b39ab,406,,,ALL,cassandra-1,True,False,5.975,2026-09-16T13:01:51.371978+00:00,
1c842de1-c4d8-4cca-a61c-04ffda0b39ab,monotonic_reads,network_partition,reader-1,read,mr-1c842de1-c4d8-4cca-a61c-04ffda0b39ab,,406,ONE,ALL,cassandra-1,True,False,3.261,2026-09-16T13:01:51.384496+00:00,
1c842de1-c4d8-4cca-a61c-04ffda0b39ab,monotonic_reads,network_partition,reader-1,read,mr-1c842de1-c4d8-4cca-a61c-04ffda0b39ab,,406,ONE,ALL,cassandra-2,True,False,2.634,2026-09-16T13:01:51.397994+00:00,
1c842de1-c4d8-4cca-a61c-04ffda0b39ab,monotonic_reads,network_partition,writer-1,write,mr-1c842de1-c4d8-4cca-a61c-04ffda0b39ab,407,,,ALL,cassandra-1,True,False,4.129,2026-09-16T13:01:51.399154+00:00,
1c842de1-c4d8-4cca-a61c-04ffda0b39ab,monotonic_reads,network_partition,reader-1,read,mr-1c842de1-c4d8-4cca-a61c-04ffda0b39ab,,407,ONE,ALL,cassandra-3,True,False,4.681,2026-09-16T13:01:51.414548+00:00,
1c842de1-c4d8-4cca-a61c-04ffda0b39ab,monotonic_reads,network_partition,writer-1,write,mr-1c842de1-c4d8-4cca-a61c-04ffda0b39ab,408,,,ALL,cassandra-1,True,False,4.097,2026-09-16T13:01:51.426549+00:00,
1c842de1-c4d8-4cca-a61c-04ffda0b39ab,monotonic_reads,network_partition,reader-1,read,mr-1c842de1-c4d8-4cca-a61c-04ffda0b39ab,,408,ONE,ALL,cassandra-1,True,False,4.735,2026-09-16T13:01:51.430109+00:00,
1c842de1-c4d8-4cca-a61c-04ffda0b39ab,monotonic_reads,network_partition,reader-1,read,mr-1c842de1-c4d8-4cca-a61c-04ffda0b39ab,,408,ONE,ALL,cassandra-2,True,False,4.643,2026-09-16T13:01:51.445058+00:00,
1c842de1-c4d8-4cca-a61c-04ffda0b39ab,monotonic_reads,network_partition,writer-1,write,mr-1c842de1-c4d8-4cca-a61c-04ffda0b39ab,409,,,ALL,cassandra-1,True,False,6.263,2026-09-16T13:01:51.454649+00:00,
1c842de1-c4d8-4cca-a61c-04ffda0b39ab,monotonic_reads,network_partition,reader-1,read,mr-1c842de1-c4d8-4cca-a61c-04ffda0b39ab,,409,ONE,ALL,cassandra-3,True,False,2.563,2026-09-16T13:01:51.458959+00:00,
1c842de1-c4d8-4cca-a61c-04ffda0b39ab,monotonic_reads,network_partition,reader-1,read,mr-1c842de1-c4d8-4cca-a61c-04ffda0b39ab,,409,ONE,ALL,cassandra-1,True,False,2.748,2026-09-16T13:01:51.474297+00:00,
1c842de1-c4d8-4cca-a61c-04ffda0b39ab,monotonic_reads,network_partition,writer-1,write,mr-1c842de1-c4d8-4cca-a61c-04ffda0b39ab,410,,,ALL,cassandra-1,True,False,3.615,2026-09-16T13:01:51.478970+00:00,
1c842de1-c4d8-4cca-a61c-04ffda0b39ab,monotonic_reads,network_partition,reader-1,read,mr-1c842de1-c4d8-4cca-a61c-04ffda0b39ab,,410,ONE,ALL,cassandra-2,True,False,2.665,2026-09-16T13:01:51.488031+00:00,
1c842de1-c4d8-4cca-a61c-04ffda0b39ab,monotonic_reads,network_partition,reader-1,read,mr-1c842de1-c4d8-4cca-a61c-04ffda0b39ab,,410,ONE,ALL,cassandra-3,True,False,3.0,2026-09-16T13:01:51.501372+00:00,
1c842de1-c4d8-4cca-a61c-04ffda0b39ab,monotonic_reads,network_partition,writer-1,write,mr-1c842de1-c4d8-4cca-a61c-04ffda0b39ab,411,,,ALL,cassandra-1,True,False,4.999,2026-09-16T13:01:51.508375+00:00,
1c842de1-c4d8-4cca-a61c-04ffda0b39ab,monotonic_reads,network_partition,reader-1,read,mr-1c842de1-c4d8-4cca-a61c-04ffda0b39ab,,411,ONE,ALL,cassandra-1,True,False,3.628,2026-09-16T13:01:51.516982+00:00,
1c842de1-c4d8-4cca-a61c-04ffda0b39ab,monotonic_reads,network_partition,reader-1,read,mr-1c842de1-c4d8-4cca-a61c-04ffda0b39ab,,411,ONE,ALL,cassandra-2,True,False,3.529,2026-09-16T13:01:51.530905+00:00,
1c842de1-c4d8-4cca-a61c-04ffda0b39ab,monotonic_reads,network_partition,writer-1,write,mr-1c842de1-c4d8-4cca-a61c-04ffda0b39ab,412,,,ALL,cassandra-1,True,False,4.225,2026-09-16T13:01:51.533411+00:00,
1c842de1-c4d8-4cca-a61c-04ffda0b39ab,monotonic_reads,network_partition,reader-1,read,mr-1c842de1-c4d8-4cca-a61c-04ffda0b39ab,,412,ONE,ALL,cassandra-3,True,False,3.198,2026-09-16T13:01:51.546807+00:00,
1c842de1-c4d8-4cca-a61c-04ffda0b39ab,monotonic_reads,network_partition,writer-1,write,mr-1c842de1-c4d8-4cca-a61c-04ffda0b39ab,413,,,ALL,cassandra-1,True,False,4.964,2026-09-16T13:01:51.559352+00:00,
1c842de1-c4d8-4cca-a61c-04ffda0b39ab,monotonic_reads,network_partition,reader-1,read,mr-1c842de1-c4d8-4cca-a61c-04ffda0b39ab,,413,ONE,ALL,cassandra-1,True,False,3.606,2026-09-16T13:01:51.560918+00:00,
1c842de1-c4d8-4cca-a61c-04ffda0b39ab,monotonic_reads,network_partition,reader-1,read,mr-1c842de1-c4d8-4cca-a61c-04ffda0b39ab,,413,ONE,ALL,cassandra-2,True,False,3.851,2026-09-16T13:01:51.576236+00:00,
1c842de1-c4d8-4cca-a61c-04ffda0b39ab,monotonic_reads,network_partition,writer-1,write,mr-1c842de1-c4d8-4cca-a61c-04ffda0b39ab,414,,,ALL,cassandra-1,True,False,6.176,2026-09-16T13:01:51.588553+00:00,
1c842de1-c4d8-4cca-a61c-04ffda0b39ab,monotonic_reads,network_partition,reader-1,read,mr-1c842de1-c4d8-4cca-a61c-04ffda0b39ab,,414,ONE,ALL,cassandra-3,True,False,3.216,2026-09-16T13:01:51.592179+00:00,
1c842de1-c4d8-4cca-a61c-04ffda0b39ab,monotonic_reads,network_partition,reader-1,read,mr-1c842de1-c4d8-4cca-a61c-04ffda0b39ab,,414,ONE,ALL,cassandra-1,True,False,3.801,2026-09-16T13:01:51.606410+00:00,
1c842de1-c4d8-4cca-a61c-04ffda0b39ab,monotonic_reads,network_partition,writer-1,write,mr-1c842de1-c4d8-4cca-a61c-04ffda0b39ab,415,,,ALL,cassandra-1,True,False,5.246,2026-09-16T13:01:51.614635+00:00,
1c842de1-c4d8-4cca-a61c-04ffda0b39ab,monotonic_reads,network_partition,reader-1,read,mr-1c842de1-c4d8-4cca-a61c-04ffda0b39ab,,415,ONE,ALL,cassandra-2,True,False,4.166,2026-09-16T13:01:51.622541+00:00,
1c842de1-c4d8-4cca-a61c-04ffda0b39ab,monotonic_reads,network_partition,reader-1,read,mr-1c842de1-c4d8-4cca-a61c-04ffda0b39ab,,415,ONE,ALL,cassandra-3,True,False,3.96,2026-09-16T13:01:51.638338+00:00,
1c842de1-c4d8-4cca-a61c-04ffda0b39ab,monotonic_reads,network_partition,writer-1,write,mr-1c842de1-c4d8-4cca-a61c-04ffda0b39ab,416,,,ALL,cassandra-1,True,False,3.755,2026-09-16T13:01:51.642177+00:00,
1c842de1-c4d8-4cca-a61c-04ffda0b39ab,monotonic_reads,network_partition,reader-1,read,mr-1c842de1-c4d8-4cca-a61c-04ffda0b39ab,,416,ONE,ALL,cassandra-1,True,False,3.667,2026-09-16T13:01:51.653034+00:00,
1c842de1-c4d8-4cca-a61c-04ffda0b39ab,monotonic_reads,network_partition,reader-1,read,mr-1c842de1-c4d8-4cca-a61c-04ffda0b39ab,,417,ONE,ALL,cassandra-2,True,False,2.972,2026-09-16T13:01:51.668371+00:00,
1c842de1-c4d8-4cca-a61c-04ffda0b39ab,monotonic_reads,network_partition,writer-1,write,mr-1c842de1-c4d8-4cca-a61c-04ffda0b39ab,417,,,ALL,cassandra-1,True,False,4.363,2026-09-16T13:01:51.668633+00:00,
1c842de1-c4d8-4cca-a61c-04ffda0b39ab,monotonic_reads,network_partition,reader-1,read,mr-1c842de1-c4d8-4cca-a61c-04ffda0b39ab,,417,ONE,ALL,cassandra-3,True,False,2.793,2026-09-16T13:01:51.683169+00:00,
1c842de1-c4d8-4cca-a61c-04ffda0b39ab,monotonic_reads,network_partition,reader-1,read,mr-1c842de1-c4d8-4cca-a61c-04ffda0b39ab,,417,ONE,ALL,cassandra-1,True,False,4.611,2026-09-16T13:01:51.698011+00:00,
1c842de1-c4d8-4cca-a61c-04ffda0b39ab,monotonic_reads,network_partition,writer-1,write,mr-1c842de1-c4d8-4cca-a61c-04ffda0b39ab,418,,,ALL,cassandra-1,True,False,5.079,2026-09-16T13:01:51.698974+00:00,
1c842de1-c4d8-4cca-a61c-04ffda0b39ab,monotonic_reads,network_partition,reader-1,read,mr-1c842de1-c4d8-4cca-a61c-04ffda0b39ab,,418,ONE,ALL,cassandra-2,True,False,3.724,2026-09-16T13:01:51.713954+00:00,
1c842de1-c4d8-4cca-a61c-04ffda0b39ab,monotonic_reads,network_partition,writer-1,write,mr-1c842de1-c4d8-4cca-a61c-04ffda0b39ab,419,,,ALL,cassandra-1,True,False,4.198,2026-09-16T13:01:51.726605+00:00,
1c842de1-c4d8-4cca-a61c-04ffda0b39ab,monotonic_reads,network_partition,reader-1,read,mr-1c842de1-c4d8-4cca-a61c-04ffda0b39ab,,419,ONE,ALL,cassandra-3,True,False,2.98,2026-09-16T13:01:51.729326+00:00,
1c842de1-c4d8-4cca-a61c-04ffda0b39ab,monotonic_reads,network_partition,reader-1,read,mr-1c842de1-c4d8-4cca-a61c-04ffda0b39ab,,419,ONE,ALL,cassandra-1,True,False,4.681,2026-09-16T13:01:51.746063+00:00,
1c842de1-c4d8-4cca-a61c-04ffda0b39ab,monotonic_reads,network_partition,writer-1,write,mr-1c842de1-c4d8-4cca-a61c-04ffda0b39ab,420,,,ALL,cassandra-1,True,False,3.933,2026-09-16T13:01:51.755336+00:00,
1c842de1-c4d8-4cca-a61c-04ffda0b39ab,monotonic_reads,network_partition,reader-1,read,mr-1c842de1-c4d8-4cca-a61c-04ffda0b39ab,,420,ONE,ALL,cassandra-2,True,False,3.117,2026-09-16T13:01:51.761483+00:00,
1c842de1-c4d8-4cca-a61c-04ffda0b39ab,monotonic_reads,network_partition,reader-1,read,mr-1c842de1-c4d8-4cca-a61c-04ffda0b39ab,,420,ONE,ALL,cassandra-3,True,False,1.675,2026-09-16T13:01:51.775549+00:00,
1c842de1-c4d8-4cca-a61c-04ffda0b39ab,monotonic_reads,network_partition,writer-1,write,mr-1c842de1-c4d8-4cca-a61c-04ffda0b39ab,421,,,ALL,cassandra-1,True,False,5.073,2026-09-16T13:01:51.781426+00:00,
1c842de1-c4d8-4cca-a61c-04ffda0b39ab,monotonic_reads,network_partition,reader-1,read,mr-1c842de1-c4d8-4cca-a61c-04ffda0b39ab,,421,ONE,ALL,cassandra-1,True,False,3.609,2026-09-16T13:01:51.789979+00:00,
1c842de1-c4d8-4cca-a61c-04ffda0b39ab,monotonic_reads,network_partition,reader-1,read,mr-1c842de1-c4d8-4cca-a61c-04ffda0b39ab,,421,ONE,ALL,cassandra-2,True,False,2.968,2026-09-16T13:01:51.805347+00:00,
1c842de1-c4d8-4cca-a61c-04ffda0b39ab,monotonic_reads,network_partition,writer-1,write,mr-1c842de1-c4d8-4cca-a61c-04ffda0b39ab,422,,,ALL,cassandra-1,True,False,4.927,2026-09-16T13:01:51.809111+00:00,
1c842de1-c4d8-4cca-a61c-04ffda0b39ab,monotonic_reads,network_partition,reader-1,read,mr-1c842de1-c4d8-4cca-a61c-04ffda0b39ab,,422,ONE,ALL,cassandra-3,True,False,4.811,2026-09-16T13:01:51.822865+00:00,
1c842de1-c4d8-4cca-a61c-04ffda0b39ab,monotonic_reads,network_partition,writer-1,write,mr-1c842de1-c4d8-4cca-a61c-04ffda0b39ab,423,,,ALL,cassandra-1,True,False,5.645,2026-09-16T13:01:51.835528+00:00,
1c842de1-c4d8-4cca-a61c-04ffda0b39ab,monotonic_reads,network_partition,reader-1,read,mr-1c842de1-c4d8-4cca-a61c-04ffda0b39ab,,423,ONE,ALL,cassandra-1,True,False,3.573,2026-09-16T13:01:51.836751+00:00,
1c842de1-c4d8-4cca-a61c-04ffda0b39ab,monotonic_reads,network_partition,reader-1,read,mr-1c842de1-c4d8-4cca-a61c-04ffda0b39ab,,423,ONE,ALL,cassandra-2,True,False,3.559,2026-09-16T13:01:51.852930+00:00,
1c842de1-c4d8-4cca-a61c-04ffda0b39ab,monotonic_reads,network_partition,writer-1,write,mr-1c842de1-c4d8-4cca-a61c-04ffda0b39ab,424,,,ALL,cassandra-1,True,False,6.182,2026-09-16T13:01:51.863566+00:00,
1c842de1-c4d8-4cca-a61c-04ffda0b39ab,monotonic_reads,network_partition,reader-1,read,mr-1c842de1-c4d8-4cca-a61c-04ffda0b39ab,,424,ONE,ALL,cassandra-3,True,False,4.43,2026-09-16T13:01:51.868810+00:00,
1c842de1-c4d8-4cca-a61c-04ffda0b39ab,monotonic_reads,network_partition,reader-1,read,mr-1c842de1-c4d8-4cca-a61c-04ffda0b39ab,,424,ONE,ALL,cassandra-1,True,False,3.337,2026-09-16T13:01:51.884715+00:00,
1c842de1-c4d8-4cca-a61c-04ffda0b39ab,monotonic_reads,network_partition,writer-1,write,mr-1c842de1-c4d8-4cca-a61c-04ffda0b39ab,425,,,ALL,cassandra-1,True,False,4.381,2026-09-16T13:01:51.889206+00:00,
1c842de1-c4d8-4cca-a61c-04ffda0b39ab,monotonic_reads,network_partition,reader-1,read,mr-1c842de1-c4d8-4cca-a61c-04ffda0b39ab,,425,ONE,ALL,cassandra-2,True,False,2.916,2026-09-16T13:01:51.900297+00:00,
1c842de1-c4d8-4cca-a61c-04ffda0b39ab,monotonic_reads,network_partition,reader-1,read,mr-1c842de1-c4d8-4cca-a61c-04ffda0b39ab,,425,ONE,ALL,cassandra-3,True,False,4.01,2026-09-16T13:01:51.916979+00:00,
1c842de1-c4d8-4cca-a61c-04ffda0b39ab,monotonic_reads,network_partition,writer-1,write,mr-1c842de1-c4d8-4cca-a61c-04ffda0b39ab,426,,,ALL,cassandra-1,True,False,4.88,2026-09-16T13:01:51.919199+00:00,
1c842de1-c4d8-4cca-a61c-04ffda0b39ab,monotonic_reads,network_partition,reader-1,read,mr-1c842de1-c4d8-4cca-a61c-04ffda0b39ab,,426,ONE,ALL,cassandra-1,True,False,4.744,2026-09-16T13:01:51.932109+00:00,
1c842de1-c4d8-4cca-a61c-04ffda0b39ab,monotonic_reads,network_partition,writer-1,write,mr-1c842de1-c4d8-4cca-a61c-04ffda0b39ab,427,,,ALL,cassandra-1,True,False,4.64,2026-09-16T13:01:51.944632+00:00,
1c842de1-c4d8-4cca-a61c-04ffda0b39ab,monotonic_reads,network_partition,reader-1,read,mr-1c842de1-c4d8-4cca-a61c-04ffda0b39ab,,427,ONE,ALL,cassandra-2,True,False,3.51,2026-09-16T13:01:51.948387+00:00,
1c842de1-c4d8-4cca-a61c-04ffda0b39ab,monotonic_reads,network_partition,reader-1,read,mr-1c842de1-c4d8-4cca-a61c-04ffda0b39ab,,427,ONE,ALL,cassandra-3,True,False,4.116,2026-09-16T13:01:51.963498+00:00,
1c842de1-c4d8-4cca-a61c-04ffda0b39ab,monotonic_reads,network_partition,writer-1,write,mr-1c842de1-c4d8-4cca-a61c-04ffda0b39ab,428,,,ALL,cassandra-1,True,False,6.179,2026-09-16T13:01:51.972677+00:00,
1c842de1-c4d8-4cca-a61c-04ffda0b39ab,monotonic_reads,network_partition,reader-1,read,mr-1c842de1-c4d8-4cca-a61c-04ffda0b39ab,,428,ONE,ALL,cassandra-1,True,False,4.648,2026-09-16T13:01:51.978899+00:00,
1c842de1-c4d8-4cca-a61c-04ffda0b39ab,monotonic_reads,network_partition,reader-1,read,mr-1c842de1-c4d8-4cca-a61c-04ffda0b39ab,,428,ONE,ALL,cassandra-2,True,False,4.926,2026-09-16T13:01:51.994916+00:00,
1c842de1-c4d8-4cca-a61c-04ffda0b39ab,monotonic_reads,network_partition,writer-1,write,mr-1c842de1-c4d8-4cca-a61c-04ffda0b39ab,429,,,ALL,cassandra-1,True,False,6.249,2026-09-16T13:01:52.003900+00:00,
1c842de1-c4d8-4cca-a61c-04ffda0b39ab,monotonic_reads,network_partition,reader-1,read,mr-1c842de1-c4d8-4cca-a61c-04ffda0b39ab,,429,ONE,ALL,cassandra-3,True,False,4.553,2026-09-16T13:01:52.011783+00:00,
1c842de1-c4d8-4cca-a61c-04ffda0b39ab,monotonic_reads,network_partition,reader-1,read,mr-1c842de1-c4d8-4cca-a61c-04ffda0b39ab,,429,ONE,ALL,cassandra-1,True,False,5.809,2026-09-16T13:01:52.030208+00:00,
1c842de1-c4d8-4cca-a61c-04ffda0b39ab,monotonic_reads,network_partition,writer-1,write,mr-1c842de1-c4d8-4cca-a61c-04ffda0b39ab,430,,,ALL,cassandra-1,True,False,4.221,2026-09-16T13:01:52.030585+00:00,
1c842de1-c4d8-4cca-a61c-04ffda0b39ab,monotonic_reads,network_partition,reader-1,read,mr-1c842de1-c4d8-4cca-a61c-04ffda0b39ab,,430,ONE,ALL,cassandra-2,True,False,4.093,2026-09-16T13:01:52.045516+00:00,
1c842de1-c4d8-4cca-a61c-04ffda0b39ab,monotonic_reads,network_partition,writer-1,write,mr-1c842de1-c4d8-4cca-a61c-04ffda0b39ab,431,,,ALL,cassandra-1,True,False,6.536,2026-09-16T13:01:52.057922+00:00,
1c842de1-c4d8-4cca-a61c-04ffda0b39ab,monotonic_reads,network_partition,reader-1,read,mr-1c842de1-c4d8-4cca-a61c-04ffda0b39ab,,431,ONE,ALL,cassandra-3,True,False,4.656,2026-09-16T13:01:52.061701+00:00,
1c842de1-c4d8-4cca-a61c-04ffda0b39ab,monotonic_reads,network_partition,reader-1,read,mr-1c842de1-c4d8-4cca-a61c-04ffda0b39ab,,431,ONE,ALL,cassandra-1,True,False,7.91,2026-09-16T13:01:52.080334+00:00,
1c842de1-c4d8-4cca-a61c-04ffda0b39ab,monotonic_reads,network_partition,writer-1,write,mr-1c842de1-c4d8-4cca-a61c-04ffda0b39ab,432,,,ALL,cassandra-1,True,False,4.956,2026-09-16T13:01:52.086305+00:00,
1c842de1-c4d8-4cca-a61c-04ffda0b39ab,monotonic_reads,network_partition,reader-1,read,mr-1c842de1-c4d8-4cca-a61c-04ffda0b39ab,,432,ONE,ALL,cassandra-2,True,False,4.072,2026-09-16T13:01:52.095454+00:00,
1c842de1-c4d8-4cca-a61c-04ffda0b39ab,monotonic_reads,network_partition,reader-1,read,mr-1c842de1-c4d8-4cca-a61c-04ffda0b39ab,,432,ONE,ALL,cassandra-3,True,False,8.991,2026-09-16T13:01:52.116544+00:00,
1c842de1-c4d8-4cca-a61c-04ffda0b39ab,monotonic_reads,network_partition,writer-1,write,mr-1c842de1-c4d8-4cca-a61c-04ffda0b39ab,433,,,ALL,cassandra-1,True,False,9.804,2026-09-16T13:01:52.118166+00:00,
1c842de1-c4d8-4cca-a61c-04ffda0b39ab,monotonic_reads,network_partition,reader-1,read,mr-1c842de1-c4d8-4cca-a61c-04ffda0b39ab,,433,ONE,ALL,cassandra-1,True,False,4.141,2026-09-16T13:01:52.133080+00:00,
1c842de1-c4d8-4cca-a61c-04ffda0b39ab,monotonic_reads,network_partition,writer-1,write,mr-1c842de1-c4d8-4cca-a61c-04ffda0b39ab,434,,,ALL,cassandra-1,True,False,4.106,2026-09-16T13:01:52.147202+00:00,
1c842de1-c4d8-4cca-a61c-04ffda0b39ab,monotonic_reads,network_partition,reader-1,read,mr-1c842de1-c4d8-4cca-a61c-04ffda0b39ab,,434,ONE,ALL,cassandra-2,True,False,3.617,2026-09-16T13:01:52.147989+00:00,
1c842de1-c4d8-4cca-a61c-04ffda0b39ab,monotonic_reads,network_partition,reader-1,read,mr-1c842de1-c4d8-4cca-a61c-04ffda0b39ab,,434,ONE,ALL,cassandra-3,True,False,3.475,2026-09-16T13:01:52.164156+00:00,
1c842de1-c4d8-4cca-a61c-04ffda0b39ab,monotonic_reads,network_partition,writer-1,write,mr-1c842de1-c4d8-4cca-a61c-04ffda0b39ab,435,,,ALL,cassandra-1,True,False,4.928,2026-09-16T13:01:52.173296+00:00,
1c842de1-c4d8-4cca-a61c-04ffda0b39ab,monotonic_reads,network_partition,reader-1,read,mr-1c842de1-c4d8-4cca-a61c-04ffda0b39ab,,435,ONE,ALL,cassandra-1,True,False,3.459,2026-09-16T13:01:52.177837+00:00,
1c842de1-c4d8-4cca-a61c-04ffda0b39ab,monotonic_reads,network_partition,reader-1,read,mr-1c842de1-c4d8-4cca-a61c-04ffda0b39ab,,435,ONE,ALL,cassandra-2,True,False,4.39,2026-09-16T13:01:52.194783+00:00,
1c842de1-c4d8-4cca-a61c-04ffda0b39ab,monotonic_reads,network_partition,writer-1,write,mr-1c842de1-c4d8-4cca-a61c-04ffda0b39ab,436,,,ALL,cassandra-1,True,False,5.898,2026-09-16T13:01:52.200801+00:00,
1c842de1-c4d8-4cca-a61c-04ffda0b39ab,monotonic_reads,network_partition,reader-1,read,mr-1c842de1-c4d8-4cca-a61c-04ffda0b39ab,,436,ONE,ALL,cassandra-3,True,False,4.438,2026-09-16T13:01:52.209821+00:00,
1c842de1-c4d8-4cca-a61c-04ffda0b39ab,monotonic_reads,network_partition,reader-1,read,mr-1c842de1-c4d8-4cca-a61c-04ffda0b39ab,,436,ONE,ALL,cassandra-1,True,False,4.648,2026-09-16T13:01:52.227041+00:00,
1c842de1-c4d8-4cca-a61c-04ffda0b39ab,monotonic_reads,network_partition,writer-1,write,mr-1c842de1-c4d8-4cca-a61c-04ffda0b39ab,437,,,ALL,cassandra-1,True,False,4.578,2026-09-16T13:01:52.227492+00:00,
1c842de1-c4d8-4cca-a61c-04ffda0b39ab,monotonic_reads,network_partition,reader-1,read,mr-1c842de1-c4d8-4cca-a61c-04ffda0b39ab,,437,ONE,ALL,cassandra-2,True,False,12.232,2026-09-16T13:01:52.252319+00:00,
1c842de1-c4d8-4cca-a61c-04ffda0b39ab,monotonic_reads,network_partition,writer-1,write,mr-1c842de1-c4d8-4cca-a61c-04ffda0b39ab,438,,,ALL,cassandra-1,True,False,4.175,2026-09-16T13:01:52.256126+00:00,
1c842de1-c4d8-4cca-a61c-04ffda0b39ab,monotonic_reads,network_partition,reader-1,read,mr-1c842de1-c4d8-4cca-a61c-04ffda0b39ab,,438,ONE,ALL,cassandra-3,True,False,3.067,2026-09-16T13:01:52.267448+00:00,
1c842de1-c4d8-4cca-a61c-04ffda0b39ab,monotonic_reads,network_partition,reader-1,read,mr-1c842de1-c4d8-4cca-a61c-04ffda0b39ab,,438,ONE,ALL,cassandra-1,True,False,7.143,2026-09-16T13:01:52.285239+00:00,
1c842de1-c4d8-4cca-a61c-04ffda0b39ab,monotonic_reads,network_partition,writer-1,write,mr-1c842de1-c4d8-4cca-a61c-04ffda0b39ab,439,,,ALL,cassandra-1,True,False,4.886,2026-09-16T13:01:52.285994+00:00,
1c842de1-c4d8-4cca-a61c-04ffda0b39ab,monotonic_reads,network_partition,reader-1,read,mr-1c842de1-c4d8-4cca-a61c-04ffda0b39ab,,439,ONE,ALL,cassandra-2,True,False,3.637,2026-09-16T13:01:52.300026+00:00,
1c842de1-c4d8-4cca-a61c-04ffda0b39ab,monotonic_reads,network_partition,reader-1,read,mr-1c842de1-c4d8-4cca-a61c-04ffda0b39ab,,439,ONE,ALL,cassandra-3,True,False,4.609,2026-09-16T13:01:52.315006+00:00,
1c842de1-c4d8-4cca-a61c-04ffda0b39ab,monotonic_reads,network_partition,writer-1,write,mr-1c842de1-c4d8-4cca-a61c-04ffda0b39ab,440,,,ALL,cassandra-1,True,False,5.375,2026-09-16T13:01:52.316400+00:00,
1c842de1-c4d8-4cca-a61c-04ffda0b39ab,monotonic_reads,network_partition,reader-1,read,mr-1c842de1-c4d8-4cca-a61c-04ffda0b39ab,,440,ONE,ALL,cassandra-1,True,False,5.274,2026-09-16T13:01:52.330570+00:00,
1c842de1-c4d8-4cca-a61c-04ffda0b39ab,monotonic_reads,network_partition,writer-1,write,mr-1c842de1-c4d8-4cca-a61c-04ffda0b39ab,441,,,ALL,cassandra-1,True,False,4.087,2026-09-16T13:01:52.344391+00:00,
1c842de1-c4d8-4cca-a61c-04ffda0b39ab,monotonic_reads,network_partition,reader-1,read,mr-1c842de1-c4d8-4cca-a61c-04ffda0b39ab,,441,ONE,ALL,cassandra-2,True,False,3.874,2026-09-16T13:01:52.345211+00:00,
1c842de1-c4d8-4cca-a61c-04ffda0b39ab,monotonic_reads,network_partition,reader-1,read,mr-1c842de1-c4d8-4cca-a61c-04ffda0b39ab,,441,ONE,ALL,cassandra-3,True,False,3.701,2026-09-16T13:01:52.361089+00:00,
1c842de1-c4d8-4cca-a61c-04ffda0b39ab,monotonic_reads,network_partition,writer-1,write,mr-1c842de1-c4d8-4cca-a61c-04ffda0b39ab,442,,,ALL,cassandra-1,True,False,7.254,2026-09-16T13:01:52.374615+00:00,
1c842de1-c4d8-4cca-a61c-04ffda0b39ab,monotonic_reads,network_partition,reader-1,read,mr-1c842de1-c4d8-4cca-a61c-04ffda0b39ab,,442,ONE,ALL,cassandra-1,True,False,5.025,2026-09-16T13:01:52.378353+00:00,
1c842de1-c4d8-4cca-a61c-04ffda0b39ab,monotonic_reads,network_partition,reader-1,read,mr-1c842de1-c4d8-4cca-a61c-04ffda0b39ab,,442,ONE,ALL,cassandra-2,True,False,3.685,2026-09-16T13:01:52.393883+00:00,
1c842de1-c4d8-4cca-a61c-04ffda0b39ab,monotonic_reads,network_partition,writer-1,write,mr-1c842de1-c4d8-4cca-a61c-04ffda0b39ab,443,,,ALL,cassandra-1,True,False,3.919,2026-09-16T13:01:52.403095+00:00,
1c842de1-c4d8-4cca-a61c-04ffda0b39ab,monotonic_reads,network_partition,reader-1,read,mr-1c842de1-c4d8-4cca-a61c-04ffda0b39ab,,443,ONE,ALL,cassandra-3,True,False,14.547,2026-09-16T13:01:52.419936+00:00,
1c842de1-c4d8-4cca-a61c-04ffda0b39ab,monotonic_reads,network_partition,writer-1,write,mr-1c842de1-c4d8-4cca-a61c-04ffda0b39ab,444,,,ALL,cassandra-1,True,False,2.403,2026-09-16T13:01:52.426757+00:00,
1c842de1-c4d8-4cca-a61c-04ffda0b39ab,monotonic_reads,network_partition,reader-1,read,mr-1c842de1-c4d8-4cca-a61c-04ffda0b39ab,,444,ONE,ALL,cassandra-1,True,False,2.933,2026-09-16T13:01:52.435567+00:00,
1c842de1-c4d8-4cca-a61c-04ffda0b39ab,monotonic_reads,network_partition,reader-1,read,mr-1c842de1-c4d8-4cca-a61c-04ffda0b39ab,,444,ONE,ALL,cassandra-2,True,False,1.637,2026-09-16T13:01:52.449978+00:00,
1c842de1-c4d8-4cca-a61c-04ffda0b39ab,monotonic_reads,network_partition,writer-1,write,mr-1c842de1-c4d8-4cca-a61c-04ffda0b39ab,445,,,ALL,cassandra-1,True,False,3.826,2026-09-16T13:01:52.451647+00:00,
1c842de1-c4d8-4cca-a61c-04ffda0b39ab,monotonic_reads,network_partition,reader-1,read,mr-1c842de1-c4d8-4cca-a61c-04ffda0b39ab,,445,ONE,ALL,cassandra-3,True,False,2.572,2026-09-16T13:01:52.464947+00:00,
1c842de1-c4d8-4cca-a61c-04ffda0b39ab,monotonic_reads,network_partition,writer-1,write,mr-1c842de1-c4d8-4cca-a61c-04ffda0b39ab,446,,,ALL,cassandra-1,True,False,5.01,2026-09-16T13:01:52.479402+00:00,
1c842de1-c4d8-4cca-a61c-04ffda0b39ab,monotonic_reads,network_partition,reader-1,read,mr-1c842de1-c4d8-4cca-a61c-04ffda0b39ab,,446,ONE,ALL,cassandra-1,True,False,3.543,2026-09-16T13:01:52.480858+00:00,
1c842de1-c4d8-4cca-a61c-04ffda0b39ab,monotonic_reads,network_partition,reader-1,read,mr-1c842de1-c4d8-4cca-a61c-04ffda0b39ab,,446,ONE,ALL,cassandra-2,True,False,6.804,2026-09-16T13:01:52.499672+00:00,
1c842de1-c4d8-4cca-a61c-04ffda0b39ab,monotonic_reads,network_partition,writer-1,write,mr-1c842de1-c4d8-4cca-a61c-04ffda0b39ab,447,,,ALL,cassandra-1,True,False,5.751,2026-09-16T13:01:52.510119+00:00,
1c842de1-c4d8-4cca-a61c-04ffda0b39ab,monotonic_reads,network_partition,reader-1,read,mr-1c842de1-c4d8-4cca-a61c-04ffda0b39ab,,447,ONE,ALL,cassandra-3,True,False,3.106,2026-09-16T13:01:52.515460+00:00,
1c842de1-c4d8-4cca-a61c-04ffda0b39ab,monotonic_reads,network_partition,reader-1,read,mr-1c842de1-c4d8-4cca-a61c-04ffda0b39ab,,447,ONE,ALL,cassandra-1,True,False,4.309,2026-09-16T13:01:52.531693+00:00,
1c842de1-c4d8-4cca-a61c-04ffda0b39ab,monotonic_reads,network_partition,writer-1,write,mr-1c842de1-c4d8-4cca-a61c-04ffda0b39ab,448,,,ALL,cassandra-1,True,False,4.523,2026-09-16T13:01:52.536308+00:00,
1c842de1-c4d8-4cca-a61c-04ffda0b39ab,monotonic_reads,network_partition,reader-1,read,mr-1c842de1-c4d8-4cca-a61c-04ffda0b39ab,,448,ONE,ALL,cassandra-2,True,False,4.034,2026-09-16T13:01:52.548590+00:00,
1c842de1-c4d8-4cca-a61c-04ffda0b39ab,monotonic_reads,network_partition,reader-1,read,mr-1c842de1-c4d8-4cca-a61c-04ffda0b39ab,,448,ONE,ALL,cassandra-3,True,False,2.635,2026-09-16T13:01:52.561402+00:00,
1c842de1-c4d8-4cca-a61c-04ffda0b39ab,monotonic_reads,network_partition,writer-1,write,mr-1c842de1-c4d8-4cca-a61c-04ffda0b39ab,449,,,ALL,cassandra-1,True,False,3.779,2026-09-16T13:01:52.561880+00:00,
1c842de1-c4d8-4cca-a61c-04ffda0b39ab,monotonic_reads,network_partition,reader-1,read,mr-1c842de1-c4d8-4cca-a61c-04ffda0b39ab,,449,ONE,ALL,cassandra-1,True,False,12.965,2026-09-16T13:01:52.585344+00:00,
1c842de1-c4d8-4cca-a61c-04ffda0b39ab,monotonic_reads,network_partition,writer-1,write,mr-1c842de1-c4d8-4cca-a61c-04ffda0b39ab,450,,,ALL,cassandra-1,True,False,4.075,2026-09-16T13:01:52.590753+00:00,
1c842de1-c4d8-4cca-a61c-04ffda0b39ab,monotonic_reads,network_partition,reader-1,read,mr-1c842de1-c4d8-4cca-a61c-04ffda0b39ab,,450,ONE,ALL,cassandra-2,True,False,2.094,2026-09-16T13:01:52.599504+00:00,
1c842de1-c4d8-4cca-a61c-04ffda0b39ab,monotonic_reads,network_partition,reader-1,read,mr-1c842de1-c4d8-4cca-a61c-04ffda0b39ab,,450,ONE,ALL,cassandra-3,True,False,12.081,2026-09-16T13:01:52.621784+00:00,
1c842de1-c4d8-4cca-a61c-04ffda0b39ab,monotonic_reads,network_partition,writer-1,write,mr-1c842de1-c4d8-4cca-a61c-04ffda0b39ab,451,,,ALL,cassandra-1,True,False,10.463,2026-09-16T13:01:52.622098+00:00,
1c842de1-c4d8-4cca-a61c-04ffda0b39ab,monotonic_reads,network_partition,reader-1,read,mr-1c842de1-c4d8-4cca-a61c-04ffda0b39ab,,451,ONE,ALL,cassandra-1,True,False,3.224,2026-09-16T13:01:52.637407+00:00,
1c842de1-c4d8-4cca-a61c-04ffda0b39ab,monotonic_reads,network_partition,writer-1,write,mr-1c842de1-c4d8-4cca-a61c-04ffda0b39ab,452,,,ALL,cassandra-1,True,False,4.004,2026-09-16T13:01:52.651090+00:00,
1c842de1-c4d8-4cca-a61c-04ffda0b39ab,monotonic_reads,network_partition,reader-1,read,mr-1c842de1-c4d8-4cca-a61c-04ffda0b39ab,,452,ONE,ALL,cassandra-2,True,False,3.462,2026-09-16T13:01:52.651721+00:00,
1c842de1-c4d8-4cca-a61c-04ffda0b39ab,monotonic_reads,network_partition,reader-1,read,mr-1c842de1-c4d8-4cca-a61c-04ffda0b39ab,,452,ONE,ALL,cassandra-3,True,False,3.182,2026-09-16T13:01:52.665569+00:00,
1c842de1-c4d8-4cca-a61c-04ffda0b39ab,monotonic_reads,network_partition,writer-1,write,mr-1c842de1-c4d8-4cca-a61c-04ffda0b39ab,453,,,ALL,cassandra-1,True,False,3.943,2026-09-16T13:01:52.676335+00:00,
1c842de1-c4d8-4cca-a61c-04ffda0b39ab,monotonic_reads,network_partition,reader-1,read,mr-1c842de1-c4d8-4cca-a61c-04ffda0b39ab,,453,ONE,ALL,cassandra-1,True,False,3.423,2026-09-16T13:01:52.679858+00:00,
1c842de1-c4d8-4cca-a61c-04ffda0b39ab,monotonic_reads,network_partition,reader-1,read,mr-1c842de1-c4d8-4cca-a61c-04ffda0b39ab,,453,ONE,ALL,cassandra-2,True,False,8.806,2026-09-16T13:01:52.700943+00:00,
1c842de1-c4d8-4cca-a61c-04ffda0b39ab,monotonic_reads,network_partition,writer-1,write,mr-1c842de1-c4d8-4cca-a61c-04ffda0b39ab,454,,,ALL,cassandra-1,True,False,3.729,2026-09-16T13:01:52.705095+00:00,
1c842de1-c4d8-4cca-a61c-04ffda0b39ab,monotonic_reads,network_partition,reader-1,read,mr-1c842de1-c4d8-4cca-a61c-04ffda0b39ab,,454,ONE,ALL,cassandra-3,True,False,2.804,2026-09-16T13:01:52.713985+00:00,
1c842de1-c4d8-4cca-a61c-04ffda0b39ab,monotonic_reads,network_partition,reader-1,read,mr-1c842de1-c4d8-4cca-a61c-04ffda0b39ab,,454,ONE,ALL,cassandra-1,True,False,3.285,2026-09-16T13:01:52.729327+00:00,
1c842de1-c4d8-4cca-a61c-04ffda0b39ab,monotonic_reads,network_partition,writer-1,write,mr-1c842de1-c4d8-4cca-a61c-04ffda0b39ab,455,,,ALL,cassandra-1,True,False,3.856,2026-09-16T13:01:52.732114+00:00,
1c842de1-c4d8-4cca-a61c-04ffda0b39ab,monotonic_reads,network_partition,reader-1,read,mr-1c842de1-c4d8-4cca-a61c-04ffda0b39ab,,455,ONE,ALL,cassandra-2,True,False,9.657,2026-09-16T13:01:52.751066+00:00,
1c842de1-c4d8-4cca-a61c-04ffda0b39ab,monotonic_reads,network_partition,writer-1,write,mr-1c842de1-c4d8-4cca-a61c-04ffda0b39ab,456,,,ALL,cassandra-1,True,False,6.117,2026-09-16T13:01:52.761832+00:00,
1c842de1-c4d8-4cca-a61c-04ffda0b39ab,monotonic_reads,network_partition,reader-1,read,mr-1c842de1-c4d8-4cca-a61c-04ffda0b39ab,,456,ONE,ALL,cassandra-3,True,False,3.764,2026-09-16T13:01:52.767516+00:00,
1c842de1-c4d8-4cca-a61c-04ffda0b39ab,monotonic_reads,network_partition,reader-1,read,mr-1c842de1-c4d8-4cca-a61c-04ffda0b39ab,,456,ONE,ALL,cassandra-1,True,False,3.978,2026-09-16T13:01:52.783364+00:00,
1c842de1-c4d8-4cca-a61c-04ffda0b39ab,monotonic_reads,network_partition,writer-1,write,mr-1c842de1-c4d8-4cca-a61c-04ffda0b39ab,457,,,ALL,cassandra-1,True,False,4.016,2026-09-16T13:01:52.790383+00:00,
1c842de1-c4d8-4cca-a61c-04ffda0b39ab,monotonic_reads,network_partition,reader-1,read,mr-1c842de1-c4d8-4cca-a61c-04ffda0b39ab,,457,ONE,ALL,cassandra-2,True,False,3.877,2026-09-16T13:01:52.799737+00:00,
1c842de1-c4d8-4cca-a61c-04ffda0b39ab,monotonic_reads,network_partition,reader-1,read,mr-1c842de1-c4d8-4cca-a61c-04ffda0b39ab,,457,ONE,ALL,cassandra-3,True,False,3.565,2026-09-16T13:01:52.815698+00:00,
1c842de1-c4d8-4cca-a61c-04ffda0b39ab,monotonic_reads,network_partition,writer-1,write,mr-1c842de1-c4d8-4cca-a61c-04ffda0b39ab,458,,,ALL,cassandra-1,True,False,5.068,2026-09-16T13:01:52.816502+00:00,
1c842de1-c4d8-4cca-a61c-04ffda0b39ab,monotonic_reads,network_partition,reader-1,read,mr-1c842de1-c4d8-4cca-a61c-04ffda0b39ab,,458,ONE,ALL,cassandra-1,True,False,5.402,2026-09-16T13:01:52.833760+00:00,
1c842de1-c4d8-4cca-a61c-04ffda0b39ab,monotonic_reads,network_partition,writer-1,write,mr-1c842de1-c4d8-4cca-a61c-04ffda0b39ab,459,,,ALL,cassandra-1,True,False,5.331,2026-09-16T13:01:52.846424+00:00,
1c842de1-c4d8-4cca-a61c-04ffda0b39ab,monotonic_reads,network_partition,reader-1,read,mr-1c842de1-c4d8-4cca-a61c-04ffda0b39ab,,459,ONE,ALL,cassandra-2,True,False,3.641,2026-09-16T13:01:52.848901+00:00,
1c842de1-c4d8-4cca-a61c-04ffda0b39ab,monotonic_reads,network_partition,reader-1,read,mr-1c842de1-c4d8-4cca-a61c-04ffda0b39ab,,459,ONE,ALL,cassandra-3,True,False,3.955,2026-09-16T13:01:52.864349+00:00,
1c842de1-c4d8-4cca-a61c-04ffda0b39ab,monotonic_reads,network_partition,writer-1,write,mr-1c842de1-c4d8-4cca-a61c-04ffda0b39ab,460,,,ALL,cassandra-1,True,False,4.426,2026-09-16T13:01:52.873381+00:00,
1c842de1-c4d8-4cca-a61c-04ffda0b39ab,monotonic_reads,network_partition,reader-1,read,mr-1c842de1-c4d8-4cca-a61c-04ffda0b39ab,,460,ONE,ALL,cassandra-1,True,False,4.771,2026-09-16T13:01:52.881158+00:00,
1c842de1-c4d8-4cca-a61c-04ffda0b39ab,monotonic_reads,network_partition,reader-1,read,mr-1c842de1-c4d8-4cca-a61c-04ffda0b39ab,,460,ONE,ALL,cassandra-2,True,False,3.41,2026-09-16T13:01:52.895780+00:00,
1c842de1-c4d8-4cca-a61c-04ffda0b39ab,monotonic_reads,network_partition,writer-1,write,mr-1c842de1-c4d8-4cca-a61c-04ffda0b39ab,461,,,ALL,cassandra-1,True,False,4.269,2026-09-16T13:01:52.898923+00:00,
1c842de1-c4d8-4cca-a61c-04ffda0b39ab,monotonic_reads,network_partition,reader-1,read,mr-1c842de1-c4d8-4cca-a61c-04ffda0b39ab,,461,ONE,ALL,cassandra-3,True,False,3.729,2026-09-16T13:01:52.911604+00:00,
1c842de1-c4d8-4cca-a61c-04ffda0b39ab,monotonic_reads,network_partition,reader-1,read,mr-1c842de1-c4d8-4cca-a61c-04ffda0b39ab,,461,ONE,ALL,cassandra-1,True,False,4.032,2026-09-16T13:01:52.926461+00:00,
1c842de1-c4d8-4cca-a61c-04ffda0b39ab,monotonic_reads,network_partition,writer-1,write,mr-1c842de1-c4d8-4cca-a61c-04ffda0b39ab,462,,,ALL,cassandra-1,True,False,4.049,2026-09-16T13:01:52.927392+00:00,
1c842de1-c4d8-4cca-a61c-04ffda0b39ab,monotonic_reads,network_partition,reader-1,read,mr-1c842de1-c4d8-4cca-a61c-04ffda0b39ab,,462,ONE,ALL,cassandra-2,True,False,3.633,2026-09-16T13:01:52.942790+00:00,
1c842de1-c4d8-4cca-a61c-04ffda0b39ab,monotonic_reads,network_partition,reader-1,read,mr-1c842de1-c4d8-4cca-a61c-04ffda0b39ab,,463,ONE,ALL,cassandra-3,True,False,3.22,2026-09-16T13:01:52.957436+00:00,
1c842de1-c4d8-4cca-a61c-04ffda0b39ab,monotonic_reads,network_partition,writer-1,write,mr-1c842de1-c4d8-4cca-a61c-04ffda0b39ab,463,,,ALL,cassandra-1,True,False,6.315,2026-09-16T13:01:52.957704+00:00,
1c842de1-c4d8-4cca-a61c-04ffda0b39ab,monotonic_reads,network_partition,reader-1,read,mr-1c842de1-c4d8-4cca-a61c-04ffda0b39ab,,463,ONE,ALL,cassandra-1,True,False,4.491,2026-09-16T13:01:52.972885+00:00,
1c842de1-c4d8-4cca-a61c-04ffda0b39ab,monotonic_reads,network_partition,reader-1,read,mr-1c842de1-c4d8-4cca-a61c-04ffda0b39ab,,463,ONE,ALL,cassandra-2,True,False,3.322,2026-09-16T13:01:52.986505+00:00,
1c842de1-c4d8-4cca-a61c-04ffda0b39ab,monotonic_reads,network_partition,writer-1,write,mr-1c842de1-c4d8-4cca-a61c-04ffda0b39ab,464,,,ALL,cassandra-1,True,False,5.816,2026-09-16T13:01:52.988193+00:00,
1c842de1-c4d8-4cca-a61c-04ffda0b39ab,monotonic_reads,network_partition,reader-1,read,mr-1c842de1-c4d8-4cca-a61c-04ffda0b39ab,,464,ONE,ALL,cassandra-3,True,False,3.714,2026-09-16T13:01:53.002092+00:00,
1c842de1-c4d8-4cca-a61c-04ffda0b39ab,monotonic_reads,network_partition,writer-1,write,mr-1c842de1-c4d8-4cca-a61c-04ffda0b39ab,465,,,ALL,cassandra-1,True,False,4.107,2026-09-16T13:01:53.014484+00:00,
1c842de1-c4d8-4cca-a61c-04ffda0b39ab,monotonic_reads,network_partition,reader-1,read,mr-1c842de1-c4d8-4cca-a61c-04ffda0b39ab,,465,ONE,ALL,cassandra-1,True,False,3.603,2026-09-16T13:01:53.018210+00:00,
1c842de1-c4d8-4cca-a61c-04ffda0b39ab,monotonic_reads,network_partition,reader-1,read,mr-1c842de1-c4d8-4cca-a61c-04ffda0b39ab,,465,ONE,ALL,cassandra-2,True,False,3.532,2026-09-16T13:01:53.032907+00:00,
1c842de1-c4d8-4cca-a61c-04ffda0b39ab,monotonic_reads,network_partition,writer-1,write,mr-1c842de1-c4d8-4cca-a61c-04ffda0b39ab,466,,,ALL,cassandra-1,True,False,4.712,2026-09-16T13:01:53.040088+00:00,
1c842de1-c4d8-4cca-a61c-04ffda0b39ab,monotonic_reads,network_partition,reader-1,read,mr-1c842de1-c4d8-4cca-a61c-04ffda0b39ab,,466,ONE,ALL,cassandra-3,True,False,3.334,2026-09-16T13:01:53.047708+00:00,
1c842de1-c4d8-4cca-a61c-04ffda0b39ab,monotonic_reads,network_partition,reader-1,read,mr-1c842de1-c4d8-4cca-a61c-04ffda0b39ab,,466,ONE,ALL,cassandra-1,True,False,3.051,2026-09-16T13:01:53.061488+00:00,
1c842de1-c4d8-4cca-a61c-04ffda0b39ab,monotonic_reads,network_partition,writer-1,write,mr-1c842de1-c4d8-4cca-a61c-04ffda0b39ab,467,,,ALL,cassandra-1,True,False,4.744,2026-09-16T13:01:53.069206+00:00,
1c842de1-c4d8-4cca-a61c-04ffda0b39ab,monotonic_reads,network_partition,reader-1,read,mr-1c842de1-c4d8-4cca-a61c-04ffda0b39ab,,467,ONE,ALL,cassandra-2,True,False,3.287,2026-09-16T13:01:53.075686+00:00,
1c842de1-c4d8-4cca-a61c-04ffda0b39ab,monotonic_reads,network_partition,reader-1,read,mr-1c842de1-c4d8-4cca-a61c-04ffda0b39ab,,467,ONE,ALL,cassandra-3,True,False,3.645,2026-09-16T13:01:53.090044+00:00,
1c842de1-c4d8-4cca-a61c-04ffda0b39ab,monotonic_reads,network_partition,writer-1,write,mr-1c842de1-c4d8-4cca-a61c-04ffda0b39ab,468,,,ALL,cassandra-1,True,False,3.728,2026-09-16T13:01:53.094118+00:00,
1c842de1-c4d8-4cca-a61c-04ffda0b39ab,monotonic_reads,network_partition,reader-1,read,mr-1c842de1-c4d8-4cca-a61c-04ffda0b39ab,,468,ONE,ALL,cassandra-1,True,False,3.75,2026-09-16T13:01:53.104124+00:00,
1c842de1-c4d8-4cca-a61c-04ffda0b39ab,monotonic_reads,network_partition,reader-1,read,mr-1c842de1-c4d8-4cca-a61c-04ffda0b39ab,,468,ONE,ALL,cassandra-2,True,False,4.292,2026-09-16T13:01:53.118780+00:00,
1c842de1-c4d8-4cca-a61c-04ffda0b39ab,monotonic_reads,network_partition,writer-1,write,mr-1c842de1-c4d8-4cca-a61c-04ffda0b39ab,469,,,ALL,cassandra-1,True,False,4.813,2026-09-16T13:01:53.120062+00:00,
1c842de1-c4d8-4cca-a61c-04ffda0b39ab,monotonic_reads,network_partition,reader-1,read,mr-1c842de1-c4d8-4cca-a61c-04ffda0b39ab,,469,ONE,ALL,cassandra-3,True,False,3.181,2026-09-16T13:01:53.132552+00:00,
1c842de1-c4d8-4cca-a61c-04ffda0b39ab,monotonic_reads,network_partition,writer-1,write,mr-1c842de1-c4d8-4cca-a61c-04ffda0b39ab,470,,,ALL,cassandra-1,True,False,5.071,2026-09-16T13:01:53.146288+00:00,
1c842de1-c4d8-4cca-a61c-04ffda0b39ab,monotonic_reads,network_partition,reader-1,read,mr-1c842de1-c4d8-4cca-a61c-04ffda0b39ab,,470,ONE,ALL,cassandra-1,True,False,3.184,2026-09-16T13:01:53.147448+00:00,
1c842de1-c4d8-4cca-a61c-04ffda0b39ab,monotonic_reads,network_partition,reader-1,read,mr-1c842de1-c4d8-4cca-a61c-04ffda0b39ab,,470,ONE,ALL,cassandra-2,True,False,2.921,2026-09-16T13:01:53.161292+00:00,
1c842de1-c4d8-4cca-a61c-04ffda0b39ab,monotonic_reads,network_partition,writer-1,write,mr-1c842de1-c4d8-4cca-a61c-04ffda0b39ab,471,,,ALL,cassandra-1,True,False,3.986,2026-09-16T13:01:53.171350+00:00,
1c842de1-c4d8-4cca-a61c-04ffda0b39ab,monotonic_reads,network_partition,reader-1,read,mr-1c842de1-c4d8-4cca-a61c-04ffda0b39ab,,471,ONE,ALL,cassandra-3,True,False,2.676,2026-09-16T13:01:53.176030+00:00,
1c842de1-c4d8-4cca-a61c-04ffda0b39ab,monotonic_reads,network_partition,reader-1,read,mr-1c842de1-c4d8-4cca-a61c-04ffda0b39ab,,471,ONE,ALL,cassandra-1,True,False,3.663,2026-09-16T13:01:53.190740+00:00,
1c842de1-c4d8-4cca-a61c-04ffda0b39ab,monotonic_reads,network_partition,writer-1,write,mr-1c842de1-c4d8-4cca-a61c-04ffda0b39ab,472,,,ALL,cassandra-1,True,False,5.827,2026-09-16T13:01:53.200693+00:00,
1c842de1-c4d8-4cca-a61c-04ffda0b39ab,monotonic_reads,network_partition,reader-1,read,mr-1c842de1-c4d8-4cca-a61c-04ffda0b39ab,,472,ONE,ALL,cassandra-2,True,False,4.099,2026-09-16T13:01:53.206462+00:00,
1c842de1-c4d8-4cca-a61c-04ffda0b39ab,monotonic_reads,network_partition,reader-1,read,mr-1c842de1-c4d8-4cca-a61c-04ffda0b39ab,,472,ONE,ALL,cassandra-3,True,False,3.073,2026-09-16T13:01:53.221445+00:00,
1c842de1-c4d8-4cca-a61c-04ffda0b39ab,monotonic_reads,network_partition,writer-1,write,mr-1c842de1-c4d8-4cca-a61c-04ffda0b39ab,473,,,ALL,cassandra-1,True,False,4.854,2026-09-16T13:01:53.229224+00:00,
1c842de1-c4d8-4cca-a61c-04ffda0b39ab,monotonic_reads,network_partition,reader-1,read,mr-1c842de1-c4d8-4cca-a61c-04ffda0b39ab,,473,ONE,ALL,cassandra-1,True,False,4.435,2026-09-16T13:01:53.237800+00:00,
1c842de1-c4d8-4cca-a61c-04ffda0b39ab,monotonic_reads,network_partition,reader-1,read,mr-1c842de1-c4d8-4cca-a61c-04ffda0b39ab,,473,ONE,ALL,cassandra-2,True,False,3.179,2026-09-16T13:01:53.252944+00:00,
1c842de1-c4d8-4cca-a61c-04ffda0b39ab,monotonic_reads,network_partition,writer-1,write,mr-1c842de1-c4d8-4cca-a61c-04ffda0b39ab,474,,,ALL,cassandra-1,True,False,3.706,2026-09-16T13:01:53.255066+00:00,
1c842de1-c4d8-4cca-a61c-04ffda0b39ab,monotonic_reads,network_partition,reader-1,read,mr-1c842de1-c4d8-4cca-a61c-04ffda0b39ab,,474,ONE,ALL,cassandra-3,True,False,2.921,2026-09-16T13:01:53.267296+00:00,
1c842de1-c4d8-4cca-a61c-04ffda0b39ab,monotonic_reads,network_partition,reader-1,read,mr-1c842de1-c4d8-4cca-a61c-04ffda0b39ab,,474,ONE,ALL,cassandra-1,True,False,3.9,2026-09-16T13:01:53.282740+00:00,
1c842de1-c4d8-4cca-a61c-04ffda0b39ab,monotonic_reads,network_partition,writer-1,write,mr-1c842de1-c4d8-4cca-a61c-04ffda0b39ab,475,,,ALL,cassandra-1,True,False,5.765,2026-09-16T13:01:53.284160+00:00,
1c842de1-c4d8-4cca-a61c-04ffda0b39ab,monotonic_reads,network_partition,reader-1,read,mr-1c842de1-c4d8-4cca-a61c-04ffda0b39ab,,475,ONE,ALL,cassandra-2,True,False,3.208,2026-09-16T13:01:53.296573+00:00,
1c842de1-c4d8-4cca-a61c-04ffda0b39ab,monotonic_reads,network_partition,reader-1,read,mr-1c842de1-c4d8-4cca-a61c-04ffda0b39ab,,475,ONE,ALL,cassandra-3,True,False,3.691,2026-09-16T13:01:53.311560+00:00,
1c842de1-c4d8-4cca-a61c-04ffda0b39ab,monotonic_reads,network_partition,writer-1,write,mr-1c842de1-c4d8-4cca-a61c-04ffda0b39ab,476,,,ALL,cassandra-1,True,False,4.866,2026-09-16T13:01:53.313177+00:00,
1c842de1-c4d8-4cca-a61c-04ffda0b39ab,monotonic_reads,network_partition,reader-1,read,mr-1c842de1-c4d8-4cca-a61c-04ffda0b39ab,,476,ONE,ALL,cassandra-1,True,False,2.75,2026-09-16T13:01:53.325130+00:00,
1c842de1-c4d8-4cca-a61c-04ffda0b39ab,monotonic_reads,network_partition,reader-1,read,mr-1c842de1-c4d8-4cca-a61c-04ffda0b39ab,,476,ONE,ALL,cassandra-2,True,False,3.526,2026-09-16T13:01:53.340388+00:00,
1c842de1-c4d8-4cca-a61c-04ffda0b39ab,monotonic_reads,network_partition,writer-1,write,mr-1c842de1-c4d8-4cca-a61c-04ffda0b39ab,477,,,ALL,cassandra-1,True,False,5.951,2026-09-16T13:01:53.342333+00:00,
1c842de1-c4d8-4cca-a61c-04ffda0b39ab,monotonic_reads,network_partition,reader-1,read,mr-1c842de1-c4d8-4cca-a61c-04ffda0b39ab,,477,ONE,ALL,cassandra-3,True,False,3.442,2026-09-16T13:01:53.355809+00:00,
1c842de1-c4d8-4cca-a61c-04ffda0b39ab,monotonic_reads,network_partition,writer-1,write,mr-1c842de1-c4d8-4cca-a61c-04ffda0b39ab,478,,,ALL,cassandra-1,True,False,5.066,2026-09-16T13:01:53.368435+00:00,
1c842de1-c4d8-4cca-a61c-04ffda0b39ab,monotonic_reads,network_partition,reader-1,read,mr-1c842de1-c4d8-4cca-a61c-04ffda0b39ab,,478,ONE,ALL,cassandra-1,True,False,4.235,2026-09-16T13:01:53.371811+00:00,
1c842de1-c4d8-4cca-a61c-04ffda0b39ab,monotonic_reads,network_partition,reader-1,read,mr-1c842de1-c4d8-4cca-a61c-04ffda0b39ab,,478,ONE,ALL,cassandra-2,True,False,2.732,2026-09-16T13:01:53.385105+00:00,
1c842de1-c4d8-4cca-a61c-04ffda0b39ab,monotonic_reads,network_partition,writer-1,write,mr-1c842de1-c4d8-4cca-a61c-04ffda0b39ab,479,,,ALL,cassandra-1,True,False,4.688,2026-09-16T13:01:53.397342+00:00,
1c842de1-c4d8-4cca-a61c-04ffda0b39ab,monotonic_reads,network_partition,reader-1,read,mr-1c842de1-c4d8-4cca-a61c-04ffda0b39ab,,479,ONE,ALL,cassandra-3,True,False,3.172,2026-09-16T13:01:53.399553+00:00,
1c842de1-c4d8-4cca-a61c-04ffda0b39ab,monotonic_reads,network_partition,reader-1,read,mr-1c842de1-c4d8-4cca-a61c-04ffda0b39ab,,479,ONE,ALL,cassandra-1,True,False,11.117,2026-09-16T13:01:53.422503+00:00,
1c842de1-c4d8-4cca-a61c-04ffda0b39ab,monotonic_reads,network_partition,writer-1,write,mr-1c842de1-c4d8-4cca-a61c-04ffda0b39ab,480,,,ALL,cassandra-1,True,False,4.692,2026-09-16T13:01:53.424116+00:00,
1c842de1-c4d8-4cca-a61c-04ffda0b39ab,monotonic_reads,network_partition,reader-1,read,mr-1c842de1-c4d8-4cca-a61c-04ffda0b39ab,,480,ONE,ALL,cassandra-2,True,False,3.146,2026-09-16T13:01:53.436525+00:00,
1c842de1-c4d8-4cca-a61c-04ffda0b39ab,monotonic_reads,network_partition,reader-1,read,mr-1c842de1-c4d8-4cca-a61c-04ffda0b39ab,,480,ONE,ALL,cassandra-3,True,False,3.709,2026-09-16T13:01:53.453174+00:00,
1c842de1-c4d8-4cca-a61c-04ffda0b39ab,monotonic_reads,network_partition,writer-1,write,mr-1c842de1-c4d8-4cca-a61c-04ffda0b39ab,481,,,ALL,cassandra-1,True,False,6.444,2026-09-16T13:01:53.455232+00:00,
1c842de1-c4d8-4cca-a61c-04ffda0b39ab,monotonic_reads,network_partition,reader-1,read,mr-1c842de1-c4d8-4cca-a61c-04ffda0b39ab,,481,ONE,ALL,cassandra-1,True,False,3.76,2026-09-16T13:01:53.468142+00:00,
1c842de1-c4d8-4cca-a61c-04ffda0b39ab,monotonic_reads,network_partition,writer-1,write,mr-1c842de1-c4d8-4cca-a61c-04ffda0b39ab,482,,,ALL,cassandra-1,True,False,3.87,2026-09-16T13:01:53.481243+00:00,
1c842de1-c4d8-4cca-a61c-04ffda0b39ab,monotonic_reads,network_partition,reader-1,read,mr-1c842de1-c4d8-4cca-a61c-04ffda0b39ab,,482,ONE,ALL,cassandra-2,True,False,2.933,2026-09-16T13:01:53.482170+00:00,
1c842de1-c4d8-4cca-a61c-04ffda0b39ab,monotonic_reads,network_partition,reader-1,read,mr-1c842de1-c4d8-4cca-a61c-04ffda0b39ab,,482,ONE,ALL,cassandra-3,True,False,3.28,2026-09-16T13:01:53.496688+00:00,
1c842de1-c4d8-4cca-a61c-04ffda0b39ab,monotonic_reads,network_partition,reader-1,read,mr-1c842de1-c4d8-4cca-a61c-04ffda0b39ab,,482,ONE,ALL,cassandra-1,True,False,2.27,2026-09-16T13:01:53.509173+00:00,
1c842de1-c4d8-4cca-a61c-04ffda0b39ab,monotonic_reads,network_partition,writer-1,write,mr-1c842de1-c4d8-4cca-a61c-04ffda0b39ab,483,,,ALL,cassandra-1,True,False,3.889,2026-09-16T13:01:53.510244+00:00,
1c842de1-c4d8-4cca-a61c-04ffda0b39ab,monotonic_reads,network_partition,reader-1,read,mr-1c842de1-c4d8-4cca-a61c-04ffda0b39ab,,483,ONE,ALL,cassandra-2,True,False,3.4,2026-09-16T13:01:53.523770+00:00,
1c842de1-c4d8-4cca-a61c-04ffda0b39ab,monotonic_reads,network_partition,writer-1,write,mr-1c842de1-c4d8-4cca-a61c-04ffda0b39ab,484,,,ALL,cassandra-1,True,False,5.631,2026-09-16T13:01:53.537026+00:00,
1c842de1-c4d8-4cca-a61c-04ffda0b39ab,monotonic_reads,network_partition,reader-1,read,mr-1c842de1-c4d8-4cca-a61c-04ffda0b39ab,,484,ONE,ALL,cassandra-3,True,False,4.336,2026-09-16T13:01:53.539639+00:00,
1c842de1-c4d8-4cca-a61c-04ffda0b39ab,monotonic_reads,network_partition,reader-1,read,mr-1c842de1-c4d8-4cca-a61c-04ffda0b39ab,,484,ONE,ALL,cassandra-1,True,False,3.749,2026-09-16T13:01:53.555475+00:00,
1c842de1-c4d8-4cca-a61c-04ffda0b39ab,monotonic_reads,network_partition,writer-1,write,mr-1c842de1-c4d8-4cca-a61c-04ffda0b39ab,485,,,ALL,cassandra-1,True,False,3.903,2026-09-16T13:01:53.563276+00:00,
1c842de1-c4d8-4cca-a61c-04ffda0b39ab,monotonic_reads,network_partition,reader-1,read,mr-1c842de1-c4d8-4cca-a61c-04ffda0b39ab,,485,ONE,ALL,cassandra-2,True,False,2.854,2026-09-16T13:01:53.570223+00:00,
1c842de1-c4d8-4cca-a61c-04ffda0b39ab,monotonic_reads,network_partition,reader-1,read,mr-1c842de1-c4d8-4cca-a61c-04ffda0b39ab,,485,ONE,ALL,cassandra-3,True,False,3.888,2026-09-16T13:01:53.585210+00:00,
1c842de1-c4d8-4cca-a61c-04ffda0b39ab,monotonic_reads,network_partition,writer-1,write,mr-1c842de1-c4d8-4cca-a61c-04ffda0b39ab,486,,,ALL,cassandra-1,True,False,4.043,2026-09-16T13:01:53.592237+00:00,
1c842de1-c4d8-4cca-a61c-04ffda0b39ab,monotonic_reads,network_partition,reader-1,read,mr-1c842de1-c4d8-4cca-a61c-04ffda0b39ab,,486,ONE,ALL,cassandra-1,True,False,4.405,2026-09-16T13:01:53.602207+00:00,
1c842de1-c4d8-4cca-a61c-04ffda0b39ab,monotonic_reads,network_partition,reader-1,read,mr-1c842de1-c4d8-4cca-a61c-04ffda0b39ab,,486,ONE,ALL,cassandra-2,True,False,4.93,2026-09-16T13:01:53.617323+00:00,
1c842de1-c4d8-4cca-a61c-04ffda0b39ab,monotonic_reads,network_partition,writer-1,write,mr-1c842de1-c4d8-4cca-a61c-04ffda0b39ab,487,,,ALL,cassandra-1,True,False,5.757,2026-09-16T13:01:53.621091+00:00,
1c842de1-c4d8-4cca-a61c-04ffda0b39ab,monotonic_reads,network_partition,reader-1,read,mr-1c842de1-c4d8-4cca-a61c-04ffda0b39ab,,487,ONE,ALL,cassandra-3,True,False,4.112,2026-09-16T13:01:53.633489+00:00,
1c842de1-c4d8-4cca-a61c-04ffda0b39ab,monotonic_reads,network_partition,reader-1,read,mr-1c842de1-c4d8-4cca-a61c-04ffda0b39ab,,488,ONE,ALL,cassandra-1,True,False,2.291,2026-09-16T13:01:53.646710+00:00,
1c842de1-c4d8-4cca-a61c-04ffda0b39ab,monotonic_reads,network_partition,writer-1,write,mr-1c842de1-c4d8-4cca-a61c-04ffda0b39ab,488,,,ALL,cassandra-1,True,False,4.661,2026-09-16T13:01:53.647036+00:00,
1c842de1-c4d8-4cca-a61c-04ffda0b39ab,monotonic_reads,network_partition,reader-1,read,mr-1c842de1-c4d8-4cca-a61c-04ffda0b39ab,,488,ONE,ALL,cassandra-2,True,False,3.372,2026-09-16T13:01:53.660752+00:00,
1c842de1-c4d8-4cca-a61c-04ffda0b39ab,monotonic_reads,network_partition,reader-1,read,mr-1c842de1-c4d8-4cca-a61c-04ffda0b39ab,,489,ONE,ALL,cassandra-3,True,False,3.606,2026-09-16T13:01:53.674816+00:00,
1c842de1-c4d8-4cca-a61c-04ffda0b39ab,monotonic_reads,network_partition,writer-1,write,mr-1c842de1-c4d8-4cca-a61c-04ffda0b39ab,489,,,ALL,cassandra-1,True,False,6.662,2026-09-16T13:01:53.675207+00:00,
1c842de1-c4d8-4cca-a61c-04ffda0b39ab,monotonic_reads,network_partition,reader-1,read,mr-1c842de1-c4d8-4cca-a61c-04ffda0b39ab,,489,ONE,ALL,cassandra-1,True,False,3.739,2026-09-16T13:01:53.690605+00:00,
1c842de1-c4d8-4cca-a61c-04ffda0b39ab,monotonic_reads,network_partition,writer-1,write,mr-1c842de1-c4d8-4cca-a61c-04ffda0b39ab,490,,,ALL,cassandra-1,True,False,6.461,2026-09-16T13:01:53.704239+00:00,
1c842de1-c4d8-4cca-a61c-04ffda0b39ab,monotonic_reads,network_partition,reader-1,read,mr-1c842de1-c4d8-4cca-a61c-04ffda0b39ab,,490,ONE,ALL,cassandra-2,True,False,3.639,2026-09-16T13:01:53.704904+00:00,
1c842de1-c4d8-4cca-a61c-04ffda0b39ab,monotonic_reads,network_partition,reader-1,read,mr-1c842de1-c4d8-4cca-a61c-04ffda0b39ab,,490,ONE,ALL,cassandra-3,True,False,3.664,2026-09-16T13:01:53.721088+00:00,
1c842de1-c4d8-4cca-a61c-04ffda0b39ab,monotonic_reads,network_partition,writer-1,write,mr-1c842de1-c4d8-4cca-a61c-04ffda0b39ab,491,,,ALL,cassandra-1,True,False,5.072,2026-09-16T13:01:53.734440+00:00,
1c842de1-c4d8-4cca-a61c-04ffda0b39ab,monotonic_reads,network_partition,reader-1,read,mr-1c842de1-c4d8-4cca-a61c-04ffda0b39ab,,491,ONE,ALL,cassandra-1,True,False,3.971,2026-09-16T13:01:53.737723+00:00,
1c842de1-c4d8-4cca-a61c-04ffda0b39ab,monotonic_reads,network_partition,reader-1,read,mr-1c842de1-c4d8-4cca-a61c-04ffda0b39ab,,491,ONE,ALL,cassandra-2,True,False,6.443,2026-09-16T13:01:53.756807+00:00,
1c842de1-c4d8-4cca-a61c-04ffda0b39ab,monotonic_reads,network_partition,writer-1,write,mr-1c842de1-c4d8-4cca-a61c-04ffda0b39ab,492,,,ALL,cassandra-1,True,False,2.98,2026-09-16T13:01:53.760741+00:00,
1c842de1-c4d8-4cca-a61c-04ffda0b39ab,monotonic_reads,network_partition,reader-1,read,mr-1c842de1-c4d8-4cca-a61c-04ffda0b39ab,,492,ONE,ALL,cassandra-3,True,False,2.032,2026-09-16T13:01:53.770160+00:00,
1c842de1-c4d8-4cca-a61c-04ffda0b39ab,monotonic_reads,network_partition,reader-1,read,mr-1c842de1-c4d8-4cca-a61c-04ffda0b39ab,,492,ONE,ALL,cassandra-1,True,False,2.707,2026-09-16T13:01:53.785552+00:00,
1c842de1-c4d8-4cca-a61c-04ffda0b39ab,monotonic_reads,network_partition,writer-1,write,mr-1c842de1-c4d8-4cca-a61c-04ffda0b39ab,493,,,ALL,cassandra-1,True,False,3.428,2026-09-16T13:01:53.789060+00:00,
1c842de1-c4d8-4cca-a61c-04ffda0b39ab,monotonic_reads,network_partition,reader-1,read,mr-1c842de1-c4d8-4cca-a61c-04ffda0b39ab,,493,ONE,ALL,cassandra-2,True,False,4.988,2026-09-16T13:01:53.801361+00:00,
1c842de1-c4d8-4cca-a61c-04ffda0b39ab,monotonic_reads,network_partition,writer-1,write,mr-1c842de1-c4d8-4cca-a61c-04ffda0b39ab,494,,,ALL,cassandra-1,True,False,4.201,2026-09-16T13:01:53.813571+00:00,
1c842de1-c4d8-4cca-a61c-04ffda0b39ab,monotonic_reads,network_partition,reader-1,read,mr-1c842de1-c4d8-4cca-a61c-04ffda0b39ab,,494,ONE,ALL,cassandra-3,True,False,3.545,2026-09-16T13:01:53.816487+00:00,
1c842de1-c4d8-4cca-a61c-04ffda0b39ab,monotonic_reads,network_partition,reader-1,read,mr-1c842de1-c4d8-4cca-a61c-04ffda0b39ab,,494,ONE,ALL,cassandra-1,True,False,4.162,2026-09-16T13:01:53.831541+00:00,
1c842de1-c4d8-4cca-a61c-04ffda0b39ab,monotonic_reads,network_partition,writer-1,write,mr-1c842de1-c4d8-4cca-a61c-04ffda0b39ab,495,,,ALL,cassandra-1,True,False,4.224,2026-09-16T13:01:53.841604+00:00,
1c842de1-c4d8-4cca-a61c-04ffda0b39ab,monotonic_reads,network_partition,reader-1,read,mr-1c842de1-c4d8-4cca-a61c-04ffda0b39ab,,495,ONE,ALL,cassandra-2,True,False,3.19,2026-09-16T13:01:53.845527+00:00,
1c842de1-c4d8-4cca-a61c-04ffda0b39ab,monotonic_reads,network_partition,reader-1,read,mr-1c842de1-c4d8-4cca-a61c-04ffda0b39ab,,495,ONE,ALL,cassandra-3,True,False,3.717,2026-09-16T13:01:53.861078+00:00,
1c842de1-c4d8-4cca-a61c-04ffda0b39ab,monotonic_reads,network_partition,writer-1,write,mr-1c842de1-c4d8-4cca-a61c-04ffda0b39ab,496,,,ALL,cassandra-1,True,False,4.568,2026-09-16T13:01:53.870567+00:00,
1c842de1-c4d8-4cca-a61c-04ffda0b39ab,monotonic_reads,network_partition,reader-1,read,mr-1c842de1-c4d8-4cca-a61c-04ffda0b39ab,,496,ONE,ALL,cassandra-1,True,False,3.732,2026-09-16T13:01:53.877109+00:00,
1c842de1-c4d8-4cca-a61c-04ffda0b39ab,monotonic_reads,network_partition,reader-1,read,mr-1c842de1-c4d8-4cca-a61c-04ffda0b39ab,,496,ONE,ALL,cassandra-2,True,False,3.903,2026-09-16T13:01:53.893293+00:00,
1c842de1-c4d8-4cca-a61c-04ffda0b39ab,monotonic_reads,network_partition,writer-1,write,mr-1c842de1-c4d8-4cca-a61c-04ffda0b39ab,497,,,ALL,cassandra-1,True,False,3.862,2026-09-16T13:01:53.897272+00:00,
1c842de1-c4d8-4cca-a61c-04ffda0b39ab,monotonic_reads,network_partition,reader-1,read,mr-1c842de1-c4d8-4cca-a61c-04ffda0b39ab,,497,ONE,ALL,cassandra-3,True,False,2.674,2026-09-16T13:01:53.908059+00:00,
1c842de1-c4d8-4cca-a61c-04ffda0b39ab,monotonic_reads,network_partition,reader-1,read,mr-1c842de1-c4d8-4cca-a61c-04ffda0b39ab,,497,ONE,ALL,cassandra-1,True,False,3.59,2026-09-16T13:01:53.924492+00:00,
1c842de1-c4d8-4cca-a61c-04ffda0b39ab,monotonic_reads,network_partition,writer-1,write,mr-1c842de1-c4d8-4cca-a61c-04ffda0b39ab,498,,,ALL,cassandra-1,True,False,6.137,2026-09-16T13:01:53.926522+00:00,
1c842de1-c4d8-4cca-a61c-04ffda0b39ab,monotonic_reads,network_partition,reader-1,read,mr-1c842de1-c4d8-4cca-a61c-04ffda0b39ab,,498,ONE,ALL,cassandra-2,True,False,3.582,2026-09-16T13:01:53.938963+00:00,
1c842de1-c4d8-4cca-a61c-04ffda0b39ab,monotonic_reads,network_partition,writer-1,write,mr-1c842de1-c4d8-4cca-a61c-04ffda0b39ab,499,,,ALL,cassandra-1,True,False,5.887,2026-09-16T13:01:53.953249+00:00,
1c842de1-c4d8-4cca-a61c-04ffda0b39ab,monotonic_reads,network_partition,reader-1,read,mr-1c842de1-c4d8-4cca-a61c-04ffda0b39ab,,499,ONE,ALL,cassandra-3,True,False,3.276,2026-09-16T13:01:53.954925+00:00,
1c842de1-c4d8-4cca-a61c-04ffda0b39ab,monotonic_reads,network_partition,reader-1,read,mr-1c842de1-c4d8-4cca-a61c-04ffda0b39ab,,499,ONE,ALL,cassandra-1,True,False,3.637,2026-09-16T13:01:53.969017+00:00,
1c842de1-c4d8-4cca-a61c-04ffda0b39ab,monotonic_reads,network_partition,writer-1,write,mr-1c842de1-c4d8-4cca-a61c-04ffda0b39ab,500,,,ALL,cassandra-1,True,False,5.307,2026-09-16T13:01:53.979602+00:00,
1c842de1-c4d8-4cca-a61c-04ffda0b39ab,monotonic_reads,network_partition,reader-1,read,mr-1c842de1-c4d8-4cca-a61c-04ffda0b39ab,,500,ONE,ALL,cassandra-2,True,False,4.974,2026-09-16T13:01:53.984717+00:00,
1c842de1-c4d8-4cca-a61c-04ffda0b39ab,monotonic_reads,network_partition,reader-1,read,mr-1c842de1-c4d8-4cca-a61c-04ffda0b39ab,,500,ONE,ALL,cassandra-3,True,False,3.635,2026-09-16T13:01:53.999020+00:00,
1c842de1-c4d8-4cca-a61c-04ffda0b39ab,monotonic_reads,network_partition,writer-1,write,mr-1c842de1-c4d8-4cca-a61c-04ffda0b39ab,501,,,ALL,cassandra-1,True,False,4.652,2026-09-16T13:01:54.009440+00:00,
1c842de1-c4d8-4cca-a61c-04ffda0b39ab,monotonic_reads,network_partition,reader-1,read,mr-1c842de1-c4d8-4cca-a61c-04ffda0b39ab,,501,ONE,ALL,cassandra-1,True,False,3.649,2026-09-16T13:01:54.015016+00:00,
1c842de1-c4d8-4cca-a61c-04ffda0b39ab,monotonic_reads,network_partition,reader-1,read,mr-1c842de1-c4d8-4cca-a61c-04ffda0b39ab,,501,ONE,ALL,cassandra-2,True,False,11.614,2026-09-16T13:01:54.038904+00:00,
1c842de1-c4d8-4cca-a61c-04ffda0b39ab,monotonic_reads,network_partition,writer-1,write,mr-1c842de1-c4d8-4cca-a61c-04ffda0b39ab,502,,,ALL,cassandra-1,True,False,8.511,2026-09-16T13:01:54.039888+00:00,
1c842de1-c4d8-4cca-a61c-04ffda0b39ab,monotonic_reads,network_partition,reader-1,read,mr-1c842de1-c4d8-4cca-a61c-04ffda0b39ab,,502,ONE,ALL,cassandra-3,True,False,2.183,2026-09-16T13:01:54.052528+00:00,
1c842de1-c4d8-4cca-a61c-04ffda0b39ab,monotonic_reads,network_partition,writer-1,write,mr-1c842de1-c4d8-4cca-a61c-04ffda0b39ab,503,,,ALL,cassandra-1,True,False,3.443,2026-09-16T13:01:54.063961+00:00,
1c842de1-c4d8-4cca-a61c-04ffda0b39ab,monotonic_reads,network_partition,reader-1,read,mr-1c842de1-c4d8-4cca-a61c-04ffda0b39ab,,503,ONE,ALL,cassandra-1,True,False,3.348,2026-09-16T13:01:54.068517+00:00,
1c842de1-c4d8-4cca-a61c-04ffda0b39ab,monotonic_reads,network_partition,reader-1,read,mr-1c842de1-c4d8-4cca-a61c-04ffda0b39ab,,503,ONE,ALL,cassandra-2,True,False,3.69,2026-09-16T13:01:54.084904+00:00,
1c842de1-c4d8-4cca-a61c-04ffda0b39ab,monotonic_reads,network_partition,writer-1,write,mr-1c842de1-c4d8-4cca-a61c-04ffda0b39ab,504,,,ALL,cassandra-1,True,False,4.399,2026-09-16T13:01:54.092448+00:00,
1c842de1-c4d8-4cca-a61c-04ffda0b39ab,monotonic_reads,network_partition,reader-1,read,mr-1c842de1-c4d8-4cca-a61c-04ffda0b39ab,,504,ONE,ALL,cassandra-3,True,False,3.053,2026-09-16T13:01:54.099443+00:00,
1c842de1-c4d8-4cca-a61c-04ffda0b39ab,monotonic_reads,network_partition,reader-1,read,mr-1c842de1-c4d8-4cca-a61c-04ffda0b39ab,,504,ONE,ALL,cassandra-1,True,False,3.725,2026-09-16T13:01:54.113573+00:00,
1c842de1-c4d8-4cca-a61c-04ffda0b39ab,monotonic_reads,network_partition,writer-1,write,mr-1c842de1-c4d8-4cca-a61c-04ffda0b39ab,505,,,ALL,cassandra-1,True,False,5.748,2026-09-16T13:01:54.123117+00:00,
1c842de1-c4d8-4cca-a61c-04ffda0b39ab,monotonic_reads,network_partition,reader-1,read,mr-1c842de1-c4d8-4cca-a61c-04ffda0b39ab,,505,ONE,ALL,cassandra-2,True,False,3.196,2026-09-16T13:01:54.127588+00:00,
1c842de1-c4d8-4cca-a61c-04ffda0b39ab,monotonic_reads,network_partition,reader-1,read,mr-1c842de1-c4d8-4cca-a61c-04ffda0b39ab,,505,ONE,ALL,cassandra-3,True,False,3.159,2026-09-16T13:01:54.142944+00:00,
1c842de1-c4d8-4cca-a61c-04ffda0b39ab,monotonic_reads,network_partition,writer-1,write,mr-1c842de1-c4d8-4cca-a61c-04ffda0b39ab,506,,,ALL,cassandra-1,True,False,3.634,2026-09-16T13:01:54.146992+00:00,
1c842de1-c4d8-4cca-a61c-04ffda0b39ab,monotonic_reads,network_partition,reader-1,read,mr-1c842de1-c4d8-4cca-a61c-04ffda0b39ab,,506,ONE,ALL,cassandra-1,True,False,3.292,2026-09-16T13:01:54.156680+00:00,
1c842de1-c4d8-4cca-a61c-04ffda0b39ab,monotonic_reads,network_partition,reader-1,read,mr-1c842de1-c4d8-4cca-a61c-04ffda0b39ab,,506,ONE,ALL,cassandra-2,True,False,3.272,2026-09-16T13:01:54.172594+00:00,
1c842de1-c4d8-4cca-a61c-04ffda0b39ab,monotonic_reads,network_partition,writer-1,write,mr-1c842de1-c4d8-4cca-a61c-04ffda0b39ab,507,,,ALL,cassandra-1,True,False,3.845,2026-09-16T13:01:54.175221+00:00,
1c842de1-c4d8-4cca-a61c-04ffda0b39ab,monotonic_reads,network_partition,reader-1,read,mr-1c842de1-c4d8-4cca-a61c-04ffda0b39ab,,507,ONE,ALL,cassandra-3,True,False,4.564,2026-09-16T13:01:54.188967+00:00,
1c842de1-c4d8-4cca-a61c-04ffda0b39ab,monotonic_reads,network_partition,reader-1,read,mr-1c842de1-c4d8-4cca-a61c-04ffda0b39ab,,507,ONE,ALL,cassandra-1,True,False,6.331,2026-09-16T13:01:54.205574+00:00,
1c842de1-c4d8-4cca-a61c-04ffda0b39ab,monotonic_reads,network_partition,writer-1,write,mr-1c842de1-c4d8-4cca-a61c-04ffda0b39ab,508,,,ALL,cassandra-1,True,False,5.515,2026-09-16T13:01:54.205912+00:00,
1c842de1-c4d8-4cca-a61c-04ffda0b39ab,monotonic_reads,network_partition,reader-1,read,mr-1c842de1-c4d8-4cca-a61c-04ffda0b39ab,,508,ONE,ALL,cassandra-2,True,False,1.976,2026-09-16T13:01:54.218943+00:00,
1c842de1-c4d8-4cca-a61c-04ffda0b39ab,monotonic_reads,network_partition,reader-1,read,mr-1c842de1-c4d8-4cca-a61c-04ffda0b39ab,,509,ONE,ALL,cassandra-3,True,False,1.679,2026-09-16T13:01:54.233312+00:00,
1c842de1-c4d8-4cca-a61c-04ffda0b39ab,monotonic_reads,network_partition,writer-1,write,mr-1c842de1-c4d8-4cca-a61c-04ffda0b39ab,509,,,ALL,cassandra-1,True,False,3.047,2026-09-16T13:01:54.233722+00:00,
1c842de1-c4d8-4cca-a61c-04ffda0b39ab,monotonic_reads,network_partition,reader-1,read,mr-1c842de1-c4d8-4cca-a61c-04ffda0b39ab,,509,ONE,ALL,cassandra-1,True,False,6.36,2026-09-16T13:01:54.252409+00:00,
1c842de1-c4d8-4cca-a61c-04ffda0b39ab,monotonic_reads,network_partition,writer-1,write,mr-1c842de1-c4d8-4cca-a61c-04ffda0b39ab,510,,,ALL,cassandra-1,True,False,2.968,2026-09-16T13:01:54.258650+00:00,
1c842de1-c4d8-4cca-a61c-04ffda0b39ab,monotonic_reads,network_partition,reader-1,read,mr-1c842de1-c4d8-4cca-a61c-04ffda0b39ab,,510,ONE,ALL,cassandra-2,True,False,2.34,2026-09-16T13:01:54.266791+00:00,
1c842de1-c4d8-4cca-a61c-04ffda0b39ab,monotonic_reads,network_partition,reader-1,read,mr-1c842de1-c4d8-4cca-a61c-04ffda0b39ab,,510,ONE,ALL,cassandra-3,True,False,9.498,2026-09-16T13:01:54.287598+00:00,
1c842de1-c4d8-4cca-a61c-04ffda0b39ab,monotonic_reads,network_partition,writer-1,write,mr-1c842de1-c4d8-4cca-a61c-04ffda0b39ab,511,,,ALL,cassandra-1,True,False,7.578,2026-09-16T13:01:54.288697+00:00,
1c842de1-c4d8-4cca-a61c-04ffda0b39ab,monotonic_reads,network_partition,reader-1,read,mr-1c842de1-c4d8-4cca-a61c-04ffda0b39ab,,511,ONE,ALL,cassandra-1,True,False,2.907,2026-09-16T13:01:54.302624+00:00,
1c842de1-c4d8-4cca-a61c-04ffda0b39ab,monotonic_reads,network_partition,writer-1,write,mr-1c842de1-c4d8-4cca-a61c-04ffda0b39ab,512,,,ALL,cassandra-1,True,False,3.723,2026-09-16T13:01:54.316107+00:00,
1c842de1-c4d8-4cca-a61c-04ffda0b39ab,monotonic_reads,network_partition,reader-1,read,mr-1c842de1-c4d8-4cca-a61c-04ffda0b39ab,,512,ONE,ALL,cassandra-2,True,False,2.704,2026-09-16T13:01:54.316949+00:00,
1c842de1-c4d8-4cca-a61c-04ffda0b39ab,monotonic_reads,network_partition,reader-1,read,mr-1c842de1-c4d8-4cca-a61c-04ffda0b39ab,,512,ONE,ALL,cassandra-3,True,False,3.411,2026-09-16T13:01:54.331591+00:00,
1c842de1-c4d8-4cca-a61c-04ffda0b39ab,monotonic_reads,network_partition,writer-1,write,mr-1c842de1-c4d8-4cca-a61c-04ffda0b39ab,513,,,ALL,cassandra-1,True,False,4.82,2026-09-16T13:01:54.344212+00:00,
1c842de1-c4d8-4cca-a61c-04ffda0b39ab,monotonic_reads,network_partition,reader-1,read,mr-1c842de1-c4d8-4cca-a61c-04ffda0b39ab,,513,ONE,ALL,cassandra-1,True,False,3.467,2026-09-16T13:01:54.345738+00:00,
1c842de1-c4d8-4cca-a61c-04ffda0b39ab,monotonic_reads,network_partition,reader-1,read,mr-1c842de1-c4d8-4cca-a61c-04ffda0b39ab,,513,ONE,ALL,cassandra-2,True,False,3.425,2026-09-16T13:01:54.359788+00:00,
1c842de1-c4d8-4cca-a61c-04ffda0b39ab,monotonic_reads,network_partition,reader-1,read,mr-1c842de1-c4d8-4cca-a61c-04ffda0b39ab,,514,ONE,ALL,cassandra-3,True,False,3.417,2026-09-16T13:01:54.373796+00:00,
1c842de1-c4d8-4cca-a61c-04ffda0b39ab,monotonic_reads,network_partition,writer-1,write,mr-1c842de1-c4d8-4cca-a61c-04ffda0b39ab,514,,,ALL,cassandra-1,True,False,7.789,2026-09-16T13:01:54.374058+00:00,
1c842de1-c4d8-4cca-a61c-04ffda0b39ab,monotonic_reads,network_partition,reader-1,read,mr-1c842de1-c4d8-4cca-a61c-04ffda0b39ab,,514,ONE,ALL,cassandra-1,True,False,1.701,2026-09-16T13:01:54.388318+00:00,
1c842de1-c4d8-4cca-a61c-04ffda0b39ab,monotonic_reads,network_partition,writer-1,write,mr-1c842de1-c4d8-4cca-a61c-04ffda0b39ab,515,,,ALL,cassandra-1,True,False,2.7,2026-09-16T13:01:54.397037+00:00,
1c842de1-c4d8-4cca-a61c-04ffda0b39ab,monotonic_reads,network_partition,reader-1,read,mr-1c842de1-c4d8-4cca-a61c-04ffda0b39ab,,515,ONE,ALL,cassandra-2,True,False,3.051,2026-09-16T13:01:54.404050+00:00,
1c842de1-c4d8-4cca-a61c-04ffda0b39ab,monotonic_reads,network_partition,reader-1,read,mr-1c842de1-c4d8-4cca-a61c-04ffda0b39ab,,515,ONE,ALL,cassandra-3,True,False,10.673,2026-09-16T13:01:54.425372+00:00,
1c842de1-c4d8-4cca-a61c-04ffda0b39ab,monotonic_reads,network_partition,writer-1,write,mr-1c842de1-c4d8-4cca-a61c-04ffda0b39ab,516,,,ALL,cassandra-1,True,False,8.222,2026-09-16T13:01:54.426770+00:00,
1c842de1-c4d8-4cca-a61c-04ffda0b39ab,monotonic_reads,network_partition,reader-1,read,mr-1c842de1-c4d8-4cca-a61c-04ffda0b39ab,,516,ONE,ALL,cassandra-1,True,False,3.633,2026-09-16T13:01:54.441680+00:00,
1c842de1-c4d8-4cca-a61c-04ffda0b39ab,monotonic_reads,network_partition,writer-1,write,mr-1c842de1-c4d8-4cca-a61c-04ffda0b39ab,517,,,ALL,cassandra-1,True,False,3.901,2026-09-16T13:01:54.451815+00:00,
1c842de1-c4d8-4cca-a61c-04ffda0b39ab,monotonic_reads,network_partition,reader-1,read,mr-1c842de1-c4d8-4cca-a61c-04ffda0b39ab,,517,ONE,ALL,cassandra-2,True,False,0.965,2026-09-16T13:01:54.452828+00:00,
1c842de1-c4d8-4cca-a61c-04ffda0b39ab,monotonic_reads,network_partition,reader-1,read,mr-1c842de1-c4d8-4cca-a61c-04ffda0b39ab,,517,ONE,ALL,cassandra-3,True,False,2.724,2026-09-16T13:01:54.467177+00:00,
1c842de1-c4d8-4cca-a61c-04ffda0b39ab,monotonic_reads,network_partition,writer-1,write,mr-1c842de1-c4d8-4cca-a61c-04ffda0b39ab,518,,,ALL,cassandra-1,True,False,3.808,2026-09-16T13:01:54.479175+00:00,
1c842de1-c4d8-4cca-a61c-04ffda0b39ab,monotonic_reads,network_partition,reader-1,read,mr-1c842de1-c4d8-4cca-a61c-04ffda0b39ab,,518,ONE,ALL,cassandra-1,True,False,3.496,2026-09-16T13:01:54.481851+00:00,
1c842de1-c4d8-4cca-a61c-04ffda0b39ab,monotonic_reads,network_partition,reader-1,read,mr-1c842de1-c4d8-4cca-a61c-04ffda0b39ab,,518,ONE,ALL,cassandra-2,True,False,3.289,2026-09-16T13:01:54.496659+00:00,
1c842de1-c4d8-4cca-a61c-04ffda0b39ab,monotonic_reads,network_partition,writer-1,write,mr-1c842de1-c4d8-4cca-a61c-04ffda0b39ab,519,,,ALL,cassandra-1,True,False,3.65,2026-09-16T13:01:54.503017+00:00,
1c842de1-c4d8-4cca-a61c-04ffda0b39ab,monotonic_reads,network_partition,reader-1,read,mr-1c842de1-c4d8-4cca-a61c-04ffda0b39ab,,519,ONE,ALL,cassandra-3,True,False,2.998,2026-09-16T13:01:54.510185+00:00,
1c842de1-c4d8-4cca-a61c-04ffda0b39ab,monotonic_reads,network_partition,reader-1,read,mr-1c842de1-c4d8-4cca-a61c-04ffda0b39ab,,519,ONE,ALL,cassandra-1,True,False,3.447,2026-09-16T13:01:54.524851+00:00,
1c842de1-c4d8-4cca-a61c-04ffda0b39ab,monotonic_reads,network_partition,writer-1,write,mr-1c842de1-c4d8-4cca-a61c-04ffda0b39ab,520,,,ALL,cassandra-1,True,False,11.827,2026-09-16T13:01:54.537050+00:00,
1c842de1-c4d8-4cca-a61c-04ffda0b39ab,monotonic_reads,network_partition,reader-1,read,mr-1c842de1-c4d8-4cca-a61c-04ffda0b39ab,,520,ONE,ALL,cassandra-2,True,False,3.528,2026-09-16T13:01:54.538864+00:00,
1c842de1-c4d8-4cca-a61c-04ffda0b39ab,monotonic_reads,network_partition,reader-1,read,mr-1c842de1-c4d8-4cca-a61c-04ffda0b39ab,,520,ONE,ALL,cassandra-3,True,False,3.019,2026-09-16T13:01:54.552210+00:00,
1c842de1-c4d8-4cca-a61c-04ffda0b39ab,monotonic_reads,network_partition,writer-1,write,mr-1c842de1-c4d8-4cca-a61c-04ffda0b39ab,521,,,ALL,cassandra-1,True,False,5.549,2026-09-16T13:01:54.567199+00:00,
1c842de1-c4d8-4cca-a61c-04ffda0b39ab,monotonic_reads,network_partition,reader-1,read,mr-1c842de1-c4d8-4cca-a61c-04ffda0b39ab,,521,ONE,ALL,cassandra-1,True,False,3.385,2026-09-16T13:01:54.567832+00:00,
1c842de1-c4d8-4cca-a61c-04ffda0b39ab,monotonic_reads,network_partition,reader-1,read,mr-1c842de1-c4d8-4cca-a61c-04ffda0b39ab,,521,ONE,ALL,cassandra-2,True,False,9.572,2026-09-16T13:01:54.587634+00:00,
1c842de1-c4d8-4cca-a61c-04ffda0b39ab,monotonic_reads,network_partition,writer-1,write,mr-1c842de1-c4d8-4cca-a61c-04ffda0b39ab,522,,,ALL,cassandra-1,True,False,3.901,2026-09-16T13:01:54.596737+00:00,
1c842de1-c4d8-4cca-a61c-04ffda0b39ab,monotonic_reads,network_partition,reader-1,read,mr-1c842de1-c4d8-4cca-a61c-04ffda0b39ab,,522,ONE,ALL,cassandra-3,True,False,2.297,2026-09-16T13:01:54.601726+00:00,
1c842de1-c4d8-4cca-a61c-04ffda0b39ab,monotonic_reads,network_partition,reader-1,read,mr-1c842de1-c4d8-4cca-a61c-04ffda0b39ab,,522,ONE,ALL,cassandra-1,True,False,4.742,2026-09-16T13:01:54.618799+00:00,
1c842de1-c4d8-4cca-a61c-04ffda0b39ab,monotonic_reads,network_partition,writer-1,write,mr-1c842de1-c4d8-4cca-a61c-04ffda0b39ab,523,,,ALL,cassandra-1,True,False,5.201,2026-09-16T13:01:54.624121+00:00,
1c842de1-c4d8-4cca-a61c-04ffda0b39ab,monotonic_reads,network_partition,reader-1,read,mr-1c842de1-c4d8-4cca-a61c-04ffda0b39ab,,523,ONE,ALL,cassandra-2,True,False,2.637,2026-09-16T13:01:54.634024+00:00,
1c842de1-c4d8-4cca-a61c-04ffda0b39ab,monotonic_reads,network_partition,reader-1,read,mr-1c842de1-c4d8-4cca-a61c-04ffda0b39ab,,523,ONE,ALL,cassandra-3,True,False,3.068,2026-09-16T13:01:54.649534+00:00,
1c842de1-c4d8-4cca-a61c-04ffda0b39ab,monotonic_reads,network_partition,writer-1,write,mr-1c842de1-c4d8-4cca-a61c-04ffda0b39ab,524,,,ALL,cassandra-1,True,False,3.614,2026-09-16T13:01:54.653249+00:00,
1c842de1-c4d8-4cca-a61c-04ffda0b39ab,monotonic_reads,network_partition,reader-1,read,mr-1c842de1-c4d8-4cca-a61c-04ffda0b39ab,,524,ONE,ALL,cassandra-1,True,False,4.481,2026-09-16T13:01:54.667816+00:00,
1c842de1-c4d8-4cca-a61c-04ffda0b39ab,monotonic_reads,network_partition,reader-1,read,mr-1c842de1-c4d8-4cca-a61c-04ffda0b39ab,,524,ONE,ALL,cassandra-2,True,False,1.623,2026-09-16T13:01:54.683430+00:00,
1c842de1-c4d8-4cca-a61c-04ffda0b39ab,monotonic_reads,network_partition,writer-1,write,mr-1c842de1-c4d8-4cca-a61c-04ffda0b39ab,525,,,ALL,cassandra-1,True,False,3.736,2026-09-16T13:01:54.684857+00:00,
1c842de1-c4d8-4cca-a61c-04ffda0b39ab,monotonic_reads,network_partition,reader-1,read,mr-1c842de1-c4d8-4cca-a61c-04ffda0b39ab,,525,ONE,ALL,cassandra-3,True,False,2.695,2026-09-16T13:01:54.698689+00:00,
1c842de1-c4d8-4cca-a61c-04ffda0b39ab,monotonic_reads,network_partition,writer-1,write,mr-1c842de1-c4d8-4cca-a61c-04ffda0b39ab,526,,,ALL,cassandra-1,True,False,4.762,2026-09-16T13:01:54.710148+00:00,
1c842de1-c4d8-4cca-a61c-04ffda0b39ab,monotonic_reads,network_partition,reader-1,read,mr-1c842de1-c4d8-4cca-a61c-04ffda0b39ab,,526,ONE,ALL,cassandra-1,True,False,3.031,2026-09-16T13:01:54.712426+00:00,
1c842de1-c4d8-4cca-a61c-04ffda0b39ab,monotonic_reads,network_partition,reader-1,read,mr-1c842de1-c4d8-4cca-a61c-04ffda0b39ab,,526,ONE,ALL,cassandra-2,True,False,2.381,2026-09-16T13:01:54.726786+00:00,
1c842de1-c4d8-4cca-a61c-04ffda0b39ab,monotonic_reads,network_partition,writer-1,write,mr-1c842de1-c4d8-4cca-a61c-04ffda0b39ab,527,,,ALL,cassandra-1,True,False,3.722,2026-09-16T13:01:54.736029+00:00,
1c842de1-c4d8-4cca-a61c-04ffda0b39ab,monotonic_reads,network_partition,reader-1,read,mr-1c842de1-c4d8-4cca-a61c-04ffda0b39ab,,527,ONE,ALL,cassandra-3,True,False,3.07,2026-09-16T13:01:54.742502+00:00,
1c842de1-c4d8-4cca-a61c-04ffda0b39ab,monotonic_reads,network_partition,reader-1,read,mr-1c842de1-c4d8-4cca-a61c-04ffda0b39ab,,527,ONE,ALL,cassandra-1,True,False,3.471,2026-09-16T13:01:54.757873+00:00,
1c842de1-c4d8-4cca-a61c-04ffda0b39ab,monotonic_reads,network_partition,writer-1,write,mr-1c842de1-c4d8-4cca-a61c-04ffda0b39ab,528,,,ALL,cassandra-1,True,False,3.869,2026-09-16T13:01:54.764230+00:00,
1c842de1-c4d8-4cca-a61c-04ffda0b39ab,monotonic_reads,network_partition,reader-1,read,mr-1c842de1-c4d8-4cca-a61c-04ffda0b39ab,,528,ONE,ALL,cassandra-2,True,False,3.737,2026-09-16T13:01:54.774107+00:00,
1c842de1-c4d8-4cca-a61c-04ffda0b39ab,monotonic_reads,network_partition,reader-1,read,mr-1c842de1-c4d8-4cca-a61c-04ffda0b39ab,,528,ONE,ALL,cassandra-3,True,False,3.745,2026-09-16T13:01:54.790467+00:00,
1c842de1-c4d8-4cca-a61c-04ffda0b39ab,monotonic_reads,network_partition,writer-1,write,mr-1c842de1-c4d8-4cca-a61c-04ffda0b39ab,529,,,ALL,cassandra-1,True,False,4.087,2026-09-16T13:01:54.793113+00:00,
1c842de1-c4d8-4cca-a61c-04ffda0b39ab,monotonic_reads,network_partition,reader-1,read,mr-1c842de1-c4d8-4cca-a61c-04ffda0b39ab,,529,ONE,ALL,cassandra-1,True,False,4.429,2026-09-16T13:01:54.807023+00:00,
1c842de1-c4d8-4cca-a61c-04ffda0b39ab,monotonic_reads,network_partition,writer-1,write,mr-1c842de1-c4d8-4cca-a61c-04ffda0b39ab,530,,,ALL,cassandra-1,True,False,4.46,2026-09-16T13:01:54.821384+00:00,
1c842de1-c4d8-4cca-a61c-04ffda0b39ab,monotonic_reads,network_partition,reader-1,read,mr-1c842de1-c4d8-4cca-a61c-04ffda0b39ab,,530,ONE,ALL,cassandra-2,True,False,3.161,2026-09-16T13:01:54.822245+00:00,
1c842de1-c4d8-4cca-a61c-04ffda0b39ab,monotonic_reads,network_partition,reader-1,read,mr-1c842de1-c4d8-4cca-a61c-04ffda0b39ab,,530,ONE,ALL,cassandra-3,True,False,3.481,2026-09-16T13:01:54.836873+00:00,
1c842de1-c4d8-4cca-a61c-04ffda0b39ab,monotonic_reads,network_partition,writer-1,write,mr-1c842de1-c4d8-4cca-a61c-04ffda0b39ab,531,,,ALL,cassandra-1,True,False,5.069,2026-09-16T13:01:54.849451+00:00,
1c842de1-c4d8-4cca-a61c-04ffda0b39ab,monotonic_reads,network_partition,reader-1,read,mr-1c842de1-c4d8-4cca-a61c-04ffda0b39ab,,531,ONE,ALL,cassandra-1,True,False,3.465,2026-09-16T13:01:54.850731+00:00,
1c842de1-c4d8-4cca-a61c-04ffda0b39ab,monotonic_reads,network_partition,reader-1,read,mr-1c842de1-c4d8-4cca-a61c-04ffda0b39ab,,531,ONE,ALL,cassandra-2,True,False,4.331,2026-09-16T13:01:54.867721+00:00,
1c842de1-c4d8-4cca-a61c-04ffda0b39ab,monotonic_reads,network_partition,writer-1,write,mr-1c842de1-c4d8-4cca-a61c-04ffda0b39ab,532,,,ALL,cassandra-1,True,False,4.596,2026-09-16T13:01:54.877469+00:00,
1c842de1-c4d8-4cca-a61c-04ffda0b39ab,monotonic_reads,network_partition,reader-1,read,mr-1c842de1-c4d8-4cca-a61c-04ffda0b39ab,,532,ONE,ALL,cassandra-3,True,False,2.938,2026-09-16T13:01:54.882305+00:00,
1c842de1-c4d8-4cca-a61c-04ffda0b39ab,monotonic_reads,network_partition,reader-1,read,mr-1c842de1-c4d8-4cca-a61c-04ffda0b39ab,,532,ONE,ALL,cassandra-1,True,False,3.666,2026-09-16T13:01:54.898613+00:00,
1c842de1-c4d8-4cca-a61c-04ffda0b39ab,monotonic_reads,network_partition,writer-1,write,mr-1c842de1-c4d8-4cca-a61c-04ffda0b39ab,533,,,ALL,cassandra-1,True,False,5.475,2026-09-16T13:01:54.904189+00:00,
1c842de1-c4d8-4cca-a61c-04ffda0b39ab,monotonic_reads,network_partition,reader-1,read,mr-1c842de1-c4d8-4cca-a61c-04ffda0b39ab,,533,ONE,ALL,cassandra-2,True,False,3.642,2026-09-16T13:01:54.914545+00:00,
1c842de1-c4d8-4cca-a61c-04ffda0b39ab,monotonic_reads,network_partition,reader-1,read,mr-1c842de1-c4d8-4cca-a61c-04ffda0b39ab,,533,ONE,ALL,cassandra-3,True,False,3.764,2026-09-16T13:01:54.929727+00:00,
1c842de1-c4d8-4cca-a61c-04ffda0b39ab,monotonic_reads,network_partition,writer-1,write,mr-1c842de1-c4d8-4cca-a61c-04ffda0b39ab,534,,,ALL,cassandra-1,True,False,4.749,2026-09-16T13:01:54.930108+00:00,
1c842de1-c4d8-4cca-a61c-04ffda0b39ab,monotonic_reads,network_partition,reader-1,read,mr-1c842de1-c4d8-4cca-a61c-04ffda0b39ab,,534,ONE,ALL,cassandra-1,True,False,4.046,2026-09-16T13:01:54.944904+00:00,
1c842de1-c4d8-4cca-a61c-04ffda0b39ab,monotonic_reads,network_partition,writer-1,write,mr-1c842de1-c4d8-4cca-a61c-04ffda0b39ab,535,,,ALL,cassandra-1,True,False,6.052,2026-09-16T13:01:54.957447+00:00,
1c842de1-c4d8-4cca-a61c-04ffda0b39ab,monotonic_reads,network_partition,reader-1,read,mr-1c842de1-c4d8-4cca-a61c-04ffda0b39ab,,535,ONE,ALL,cassandra-2,True,False,4.196,2026-09-16T13:01:54.960459+00:00,
1c842de1-c4d8-4cca-a61c-04ffda0b39ab,monotonic_reads,network_partition,reader-1,read,mr-1c842de1-c4d8-4cca-a61c-04ffda0b39ab,,535,ONE,ALL,cassandra-3,True,False,3.712,2026-09-16T13:01:54.975105+00:00,
1c842de1-c4d8-4cca-a61c-04ffda0b39ab,monotonic_reads,network_partition,writer-1,write,mr-1c842de1-c4d8-4cca-a61c-04ffda0b39ab,536,,,ALL,cassandra-1,True,False,4.158,2026-09-16T13:01:54.984533+00:00,
1c842de1-c4d8-4cca-a61c-04ffda0b39ab,monotonic_reads,network_partition,reader-1,read,mr-1c842de1-c4d8-4cca-a61c-04ffda0b39ab,,536,ONE,ALL,cassandra-1,True,False,3.903,2026-09-16T13:01:54.990266+00:00,
1c842de1-c4d8-4cca-a61c-04ffda0b39ab,monotonic_reads,network_partition,reader-1,read,mr-1c842de1-c4d8-4cca-a61c-04ffda0b39ab,,536,ONE,ALL,cassandra-2,True,False,4.151,2026-09-16T13:01:55.007144+00:00,
1c842de1-c4d8-4cca-a61c-04ffda0b39ab,monotonic_reads,network_partition,writer-1,write,mr-1c842de1-c4d8-4cca-a61c-04ffda0b39ab,537,,,ALL,cassandra-1,True,False,6.102,2026-09-16T13:01:55.015442+00:00,
1c842de1-c4d8-4cca-a61c-04ffda0b39ab,monotonic_reads,network_partition,reader-1,read,mr-1c842de1-c4d8-4cca-a61c-04ffda0b39ab,,537,ONE,ALL,cassandra-3,True,False,3.61,2026-09-16T13:01:55.021463+00:00,
1c842de1-c4d8-4cca-a61c-04ffda0b39ab,monotonic_reads,network_partition,reader-1,read,mr-1c842de1-c4d8-4cca-a61c-04ffda0b39ab,,537,ONE,ALL,cassandra-1,True,False,4.705,2026-09-16T13:01:55.037106+00:00,
1c842de1-c4d8-4cca-a61c-04ffda0b39ab,monotonic_reads,network_partition,writer-1,write,mr-1c842de1-c4d8-4cca-a61c-04ffda0b39ab,538,,,ALL,cassandra-1,True,False,5.319,2026-09-16T13:01:55.044863+00:00,
1c842de1-c4d8-4cca-a61c-04ffda0b39ab,monotonic_reads,network_partition,reader-1,read,mr-1c842de1-c4d8-4cca-a61c-04ffda0b39ab,,538,ONE,ALL,cassandra-2,True,False,4.467,2026-09-16T13:01:55.052859+00:00,
1c842de1-c4d8-4cca-a61c-04ffda0b39ab,monotonic_reads,network_partition,reader-1,read,mr-1c842de1-c4d8-4cca-a61c-04ffda0b39ab,,538,ONE,ALL,cassandra-3,True,False,3.554,2026-09-16T13:01:55.068932+00:00,
1c842de1-c4d8-4cca-a61c-04ffda0b39ab,monotonic_reads,network_partition,writer-1,write,mr-1c842de1-c4d8-4cca-a61c-04ffda0b39ab,539,,,ALL,cassandra-1,True,False,4.895,2026-09-16T13:01:55.071256+00:00,
1c842de1-c4d8-4cca-a61c-04ffda0b39ab,monotonic_reads,network_partition,reader-1,read,mr-1c842de1-c4d8-4cca-a61c-04ffda0b39ab,,539,ONE,ALL,cassandra-1,True,False,5.903,2026-09-16T13:01:55.087314+00:00,
1c842de1-c4d8-4cca-a61c-04ffda0b39ab,monotonic_reads,network_partition,writer-1,write,mr-1c842de1-c4d8-4cca-a61c-04ffda0b39ab,540,,,ALL,cassandra-1,True,False,5.412,2026-09-16T13:01:55.096907+00:00,
1c842de1-c4d8-4cca-a61c-04ffda0b39ab,monotonic_reads,network_partition,reader-1,read,mr-1c842de1-c4d8-4cca-a61c-04ffda0b39ab,,540,ONE,ALL,cassandra-2,True,False,5.928,2026-09-16T13:01:55.103707+00:00,
1c842de1-c4d8-4cca-a61c-04ffda0b39ab,monotonic_reads,network_partition,reader-1,read,mr-1c842de1-c4d8-4cca-a61c-04ffda0b39ab,,540,ONE,ALL,cassandra-3,True,False,4.486,2026-09-16T13:01:55.119920+00:00,
1c842de1-c4d8-4cca-a61c-04ffda0b39ab,monotonic_reads,network_partition,writer-1,write,mr-1c842de1-c4d8-4cca-a61c-04ffda0b39ab,541,,,ALL,cassandra-1,True,False,6.126,2026-09-16T13:01:55.123497+00:00,
1c842de1-c4d8-4cca-a61c-04ffda0b39ab,monotonic_reads,network_partition,reader-1,read,mr-1c842de1-c4d8-4cca-a61c-04ffda0b39ab,,541,ONE,ALL,cassandra-1,True,False,5.339,2026-09-16T13:01:55.136729+00:00,
1c842de1-c4d8-4cca-a61c-04ffda0b39ab,monotonic_reads,network_partition,reader-1,read,mr-1c842de1-c4d8-4cca-a61c-04ffda0b39ab,,541,ONE,ALL,cassandra-2,True,False,3.884,2026-09-16T13:01:55.151474+00:00,
1c842de1-c4d8-4cca-a61c-04ffda0b39ab,monotonic_reads,network_partition,writer-1,write,mr-1c842de1-c4d8-4cca-a61c-04ffda0b39ab,542,,,ALL,cassandra-1,True,False,4.984,2026-09-16T13:01:55.151737+00:00,
1c842de1-c4d8-4cca-a61c-04ffda0b39ab,monotonic_reads,network_partition,reader-1,read,mr-1c842de1-c4d8-4cca-a61c-04ffda0b39ab,,542,ONE,ALL,cassandra-3,True,False,3.827,2026-09-16T13:01:55.167212+00:00,
1c842de1-c4d8-4cca-a61c-04ffda0b39ab,monotonic_reads,network_partition,writer-1,write,mr-1c842de1-c4d8-4cca-a61c-04ffda0b39ab,543,,,ALL,cassandra-1,True,False,4.981,2026-09-16T13:01:55.180363+00:00,
1c842de1-c4d8-4cca-a61c-04ffda0b39ab,monotonic_reads,network_partition,reader-1,read,mr-1c842de1-c4d8-4cca-a61c-04ffda0b39ab,,543,ONE,ALL,cassandra-1,True,False,3.812,2026-09-16T13:01:55.183120+00:00,
1c842de1-c4d8-4cca-a61c-04ffda0b39ab,monotonic_reads,network_partition,reader-1,read,mr-1c842de1-c4d8-4cca-a61c-04ffda0b39ab,,543,ONE,ALL,cassandra-2,True,False,4.065,2026-09-16T13:01:55.199877+00:00,
1c842de1-c4d8-4cca-a61c-04ffda0b39ab,monotonic_reads,network_partition,writer-1,write,mr-1c842de1-c4d8-4cca-a61c-04ffda0b39ab,544,,,ALL,cassandra-1,True,False,5.172,2026-09-16T13:01:55.206553+00:00,
1c842de1-c4d8-4cca-a61c-04ffda0b39ab,monotonic_reads,network_partition,reader-1,read,mr-1c842de1-c4d8-4cca-a61c-04ffda0b39ab,,544,ONE,ALL,cassandra-3,True,False,4.502,2026-09-16T13:01:55.216886+00:00,
1c842de1-c4d8-4cca-a61c-04ffda0b39ab,monotonic_reads,network_partition,reader-1,read,mr-1c842de1-c4d8-4cca-a61c-04ffda0b39ab,,544,ONE,ALL,cassandra-1,True,False,2.871,2026-09-16T13:01:55.231136+00:00,
1c842de1-c4d8-4cca-a61c-04ffda0b39ab,monotonic_reads,network_partition,writer-1,write,mr-1c842de1-c4d8-4cca-a61c-04ffda0b39ab,545,,,ALL,cassandra-1,True,False,4.643,2026-09-16T13:01:55.232026+00:00,
1c842de1-c4d8-4cca-a61c-04ffda0b39ab,monotonic_reads,network_partition,reader-1,read,mr-1c842de1-c4d8-4cca-a61c-04ffda0b39ab,,545,ONE,ALL,cassandra-2,True,False,3.752,2026-09-16T13:01:55.245400+00:00,
1c842de1-c4d8-4cca-a61c-04ffda0b39ab,monotonic_reads,network_partition,writer-1,write,mr-1c842de1-c4d8-4cca-a61c-04ffda0b39ab,546,,,ALL,cassandra-1,True,False,5.989,2026-09-16T13:01:55.260399+00:00,
1c842de1-c4d8-4cca-a61c-04ffda0b39ab,monotonic_reads,network_partition,reader-1,read,mr-1c842de1-c4d8-4cca-a61c-04ffda0b39ab,,546,ONE,ALL,cassandra-3,True,False,3.393,2026-09-16T13:01:55.261506+00:00,
1c842de1-c4d8-4cca-a61c-04ffda0b39ab,monotonic_reads,network_partition,reader-1,read,mr-1c842de1-c4d8-4cca-a61c-04ffda0b39ab,,546,ONE,ALL,cassandra-1,True,False,4.708,2026-09-16T13:01:55.277020+00:00,
1c842de1-c4d8-4cca-a61c-04ffda0b39ab,monotonic_reads,network_partition,writer-1,write,mr-1c842de1-c4d8-4cca-a61c-04ffda0b39ab,547,,,ALL,cassandra-1,True,False,5.13,2026-09-16T13:01:55.289523+00:00,
1c842de1-c4d8-4cca-a61c-04ffda0b39ab,monotonic_reads,network_partition,reader-1,read,mr-1c842de1-c4d8-4cca-a61c-04ffda0b39ab,,547,ONE,ALL,cassandra-2,True,False,4.094,2026-09-16T13:01:55.292424+00:00,
1c842de1-c4d8-4cca-a61c-04ffda0b39ab,monotonic_reads,network_partition,reader-1,read,mr-1c842de1-c4d8-4cca-a61c-04ffda0b39ab,,547,ONE,ALL,cassandra-3,True,False,3.346,2026-09-16T13:01:55.306964+00:00,
1c842de1-c4d8-4cca-a61c-04ffda0b39ab,monotonic_reads,network_partition,writer-1,write,mr-1c842de1-c4d8-4cca-a61c-04ffda0b39ab,548,,,ALL,cassandra-1,True,False,6.409,2026-09-16T13:01:55.316679+00:00,
1c842de1-c4d8-4cca-a61c-04ffda0b39ab,monotonic_reads,network_partition,reader-1,read,mr-1c842de1-c4d8-4cca-a61c-04ffda0b39ab,,548,ONE,ALL,cassandra-1,True,False,5.178,2026-09-16T13:01:55.324800+00:00,
1c842de1-c4d8-4cca-a61c-04ffda0b39ab,monotonic_reads,network_partition,reader-1,read,mr-1c842de1-c4d8-4cca-a61c-04ffda0b39ab,,548,ONE,ALL,cassandra-2,True,False,4.846,2026-09-16T13:01:55.342466+00:00,
1c842de1-c4d8-4cca-a61c-04ffda0b39ab,monotonic_reads,network_partition,writer-1,write,mr-1c842de1-c4d8-4cca-a61c-04ffda0b39ab,549,,,ALL,cassandra-1,True,False,4.896,2026-09-16T13:01:55.344114+00:00,
1c842de1-c4d8-4cca-a61c-04ffda0b39ab,monotonic_reads,network_partition,reader-1,read,mr-1c842de1-c4d8-4cca-a61c-04ffda0b39ab,,549,ONE,ALL,cassandra-3,True,False,3.422,2026-09-16T13:01:55.358635+00:00,
1c842de1-c4d8-4cca-a61c-04ffda0b39ab,monotonic_reads,network_partition,writer-1,write,mr-1c842de1-c4d8-4cca-a61c-04ffda0b39ab,550,,,ALL,cassandra-1,True,False,6.317,2026-09-16T13:01:55.373434+00:00,
1c842de1-c4d8-4cca-a61c-04ffda0b39ab,monotonic_reads,network_partition,reader-1,read,mr-1c842de1-c4d8-4cca-a61c-04ffda0b39ab,,550,ONE,ALL,cassandra-1,True,False,2.725,2026-09-16T13:01:55.374019+00:00,
1c842de1-c4d8-4cca-a61c-04ffda0b39ab,monotonic_reads,network_partition,reader-1,read,mr-1c842de1-c4d8-4cca-a61c-04ffda0b39ab,,550,ONE,ALL,cassandra-2,True,False,2.577,2026-09-16T13:01:55.388620+00:00,
1c842de1-c4d8-4cca-a61c-04ffda0b39ab,monotonic_reads,network_partition,reader-1,read,mr-1c842de1-c4d8-4cca-a61c-04ffda0b39ab,,550,ONE,ALL,cassandra-3,True,False,2.695,2026-09-16T13:01:55.402177+00:00,
1c842de1-c4d8-4cca-a61c-04ffda0b39ab,monotonic_reads,network_partition,writer-1,write,mr-1c842de1-c4d8-4cca-a61c-04ffda0b39ab,551,,,ALL,cassandra-1,True,False,5.127,2026-09-16T13:01:55.404207+00:00,
1c842de1-c4d8-4cca-a61c-04ffda0b39ab,monotonic_reads,network_partition,reader-1,read,mr-1c842de1-c4d8-4cca-a61c-04ffda0b39ab,,551,ONE,ALL,cassandra-1,True,False,5.117,2026-09-16T13:01:55.419590+00:00,
1c842de1-c4d8-4cca-a61c-04ffda0b39ab,monotonic_reads,network_partition,writer-1,write,mr-1c842de1-c4d8-4cca-a61c-04ffda0b39ab,552,,,ALL,cassandra-1,True,False,4.447,2026-09-16T13:01:55.433229+00:00,
1c842de1-c4d8-4cca-a61c-04ffda0b39ab,monotonic_reads,network_partition,reader-1,read,mr-1c842de1-c4d8-4cca-a61c-04ffda0b39ab,,552,ONE,ALL,cassandra-2,True,False,2.829,2026-09-16T13:01:55.435165+00:00,
1c842de1-c4d8-4cca-a61c-04ffda0b39ab,monotonic_reads,network_partition,reader-1,read,mr-1c842de1-c4d8-4cca-a61c-04ffda0b39ab,,552,ONE,ALL,cassandra-3,True,False,3.863,2026-09-16T13:01:55.449256+00:00,
1c842de1-c4d8-4cca-a61c-04ffda0b39ab,monotonic_reads,network_partition,writer-1,write,mr-1c842de1-c4d8-4cca-a61c-04ffda0b39ab,553,,,ALL,cassandra-1,True,False,3.962,2026-09-16T13:01:55.459348+00:00,
1c842de1-c4d8-4cca-a61c-04ffda0b39ab,monotonic_reads,network_partition,reader-1,read,mr-1c842de1-c4d8-4cca-a61c-04ffda0b39ab,,553,ONE,ALL,cassandra-1,True,False,3.134,2026-09-16T13:01:55.463515+00:00,
1c842de1-c4d8-4cca-a61c-04ffda0b39ab,monotonic_reads,network_partition,reader-1,read,mr-1c842de1-c4d8-4cca-a61c-04ffda0b39ab,,553,ONE,ALL,cassandra-2,True,False,3.158,2026-09-16T13:01:55.478565+00:00,
1c842de1-c4d8-4cca-a61c-04ffda0b39ab,monotonic_reads,network_partition,writer-1,write,mr-1c842de1-c4d8-4cca-a61c-04ffda0b39ab,554,,,ALL,cassandra-1,True,False,3.951,2026-09-16T13:01:55.486354+00:00,
1c842de1-c4d8-4cca-a61c-04ffda0b39ab,monotonic_reads,network_partition,reader-1,read,mr-1c842de1-c4d8-4cca-a61c-04ffda0b39ab,,554,ONE,ALL,cassandra-3,True,False,3.739,2026-09-16T13:01:55.494118+00:00,
1c842de1-c4d8-4cca-a61c-04ffda0b39ab,monotonic_reads,network_partition,reader-1,read,mr-1c842de1-c4d8-4cca-a61c-04ffda0b39ab,,554,ONE,ALL,cassandra-1,True,False,3.948,2026-09-16T13:01:55.509660+00:00,
1c842de1-c4d8-4cca-a61c-04ffda0b39ab,monotonic_reads,network_partition,writer-1,write,mr-1c842de1-c4d8-4cca-a61c-04ffda0b39ab,555,,,ALL,cassandra-1,True,False,3.936,2026-09-16T13:01:55.512117+00:00,
1c842de1-c4d8-4cca-a61c-04ffda0b39ab,monotonic_reads,network_partition,reader-1,read,mr-1c842de1-c4d8-4cca-a61c-04ffda0b39ab,,555,ONE,ALL,cassandra-2,True,False,3.435,2026-09-16T13:01:55.524841+00:00,
1c842de1-c4d8-4cca-a61c-04ffda0b39ab,monotonic_reads,network_partition,reader-1,read,mr-1c842de1-c4d8-4cca-a61c-04ffda0b39ab,,556,ONE,ALL,cassandra-3,True,False,3.856,2026-09-16T13:01:55.540222+00:00,
1c842de1-c4d8-4cca-a61c-04ffda0b39ab,monotonic_reads,network_partition,writer-1,write,mr-1c842de1-c4d8-4cca-a61c-04ffda0b39ab,556,,,ALL,cassandra-1,True,False,7.135,2026-09-16T13:01:55.540523+00:00,
1c842de1-c4d8-4cca-a61c-04ffda0b39ab,monotonic_reads,network_partition,reader-1,read,mr-1c842de1-c4d8-4cca-a61c-04ffda0b39ab,,556,ONE,ALL,cassandra-1,True,False,4.041,2026-09-16T13:01:55.556421+00:00,
1c842de1-c4d8-4cca-a61c-04ffda0b39ab,monotonic_reads,network_partition,writer-1,write,mr-1c842de1-c4d8-4cca-a61c-04ffda0b39ab,557,,,ALL,cassandra-1,True,False,3.944,2026-09-16T13:01:55.565308+00:00,
1c842de1-c4d8-4cca-a61c-04ffda0b39ab,monotonic_reads,network_partition,reader-1,read,mr-1c842de1-c4d8-4cca-a61c-04ffda0b39ab,,557,ONE,ALL,cassandra-2,True,False,3.105,2026-09-16T13:01:55.570460+00:00,
1c842de1-c4d8-4cca-a61c-04ffda0b39ab,monotonic_reads,network_partition,reader-1,read,mr-1c842de1-c4d8-4cca-a61c-04ffda0b39ab,,557,ONE,ALL,cassandra-3,True,False,3.761,2026-09-16T13:01:55.586060+00:00,
1c842de1-c4d8-4cca-a61c-04ffda0b39ab,monotonic_reads,network_partition,writer-1,write,mr-1c842de1-c4d8-4cca-a61c-04ffda0b39ab,558,,,ALL,cassandra-1,True,False,3.71,2026-09-16T13:01:55.594067+00:00,
1c842de1-c4d8-4cca-a61c-04ffda0b39ab,monotonic_reads,network_partition,reader-1,read,mr-1c842de1-c4d8-4cca-a61c-04ffda0b39ab,,558,ONE,ALL,cassandra-1,True,False,3.279,2026-09-16T13:01:55.600685+00:00,
1c842de1-c4d8-4cca-a61c-04ffda0b39ab,monotonic_reads,network_partition,reader-1,read,mr-1c842de1-c4d8-4cca-a61c-04ffda0b39ab,,558,ONE,ALL,cassandra-2,True,False,4.001,2026-09-16T13:01:55.617341+00:00,
1c842de1-c4d8-4cca-a61c-04ffda0b39ab,monotonic_reads,network_partition,writer-1,write,mr-1c842de1-c4d8-4cca-a61c-04ffda0b39ab,559,,,ALL,cassandra-1,True,False,5.569,2026-09-16T13:01:55.620090+00:00,
1c842de1-c4d8-4cca-a61c-04ffda0b39ab,monotonic_reads,network_partition,reader-1,read,mr-1c842de1-c4d8-4cca-a61c-04ffda0b39ab,,559,ONE,ALL,cassandra-3,True,False,3.143,2026-09-16T13:01:55.631523+00:00,
1c842de1-c4d8-4cca-a61c-04ffda0b39ab,monotonic_reads,network_partition,reader-1,read,mr-1c842de1-c4d8-4cca-a61c-04ffda0b39ab,,559,ONE,ALL,cassandra-1,True,False,2.944,2026-09-16T13:01:55.646824+00:00,
1c842de1-c4d8-4cca-a61c-04ffda0b39ab,monotonic_reads,network_partition,writer-1,write,mr-1c842de1-c4d8-4cca-a61c-04ffda0b39ab,560,,,ALL,cassandra-1,True,False,3.647,2026-09-16T13:01:55.648032+00:00,
1c842de1-c4d8-4cca-a61c-04ffda0b39ab,monotonic_reads,network_partition,reader-1,read,mr-1c842de1-c4d8-4cca-a61c-04ffda0b39ab,,560,ONE,ALL,cassandra-2,True,False,3.147,2026-09-16T13:01:55.662642+00:00,
1c842de1-c4d8-4cca-a61c-04ffda0b39ab,monotonic_reads,network_partition,writer-1,write,mr-1c842de1-c4d8-4cca-a61c-04ffda0b39ab,561,,,ALL,cassandra-1,True,False,4.815,2026-09-16T13:01:55.675196+00:00,
1c842de1-c4d8-4cca-a61c-04ffda0b39ab,monotonic_reads,network_partition,reader-1,read,mr-1c842de1-c4d8-4cca-a61c-04ffda0b39ab,,561,ONE,ALL,cassandra-3,True,False,3.195,2026-09-16T13:01:55.676510+00:00,
1c842de1-c4d8-4cca-a61c-04ffda0b39ab,monotonic_reads,network_partition,reader-1,read,mr-1c842de1-c4d8-4cca-a61c-04ffda0b39ab,,561,ONE,ALL,cassandra-1,True,False,4.105,2026-09-16T13:01:55.691967+00:00,
1c842de1-c4d8-4cca-a61c-04ffda0b39ab,monotonic_reads,network_partition,reader-1,read,mr-1c842de1-c4d8-4cca-a61c-04ffda0b39ab,,561,ONE,ALL,cassandra-2,True,False,6.922,2026-09-16T13:01:55.710899+00:00,
1c842de1-c4d8-4cca-a61c-04ffda0b39ab,monotonic_reads,network_partition,writer-1,write,mr-1c842de1-c4d8-4cca-a61c-04ffda0b39ab,562,,,ALL,cassandra-1,True,False,12.231,2026-09-16T13:01:55.711102+00:00,
1c842de1-c4d8-4cca-a61c-04ffda0b39ab,monotonic_reads,network_partition,reader-1,read,mr-1c842de1-c4d8-4cca-a61c-04ffda0b39ab,,562,ONE,ALL,cassandra-3,True,False,3.174,2026-09-16T13:01:55.726473+00:00,
1c842de1-c4d8-4cca-a61c-04ffda0b39ab,monotonic_reads,network_partition,writer-1,write,mr-1c842de1-c4d8-4cca-a61c-04ffda0b39ab,563,,,ALL,cassandra-1,True,False,5.229,2026-09-16T13:01:55.740412+00:00,
1c842de1-c4d8-4cca-a61c-04ffda0b39ab,monotonic_reads,network_partition,reader-1,read,mr-1c842de1-c4d8-4cca-a61c-04ffda0b39ab,,563,ONE,ALL,cassandra-1,True,False,4.365,2026-09-16T13:01:55.743501+00:00,
1c842de1-c4d8-4cca-a61c-04ffda0b39ab,monotonic_reads,network_partition,reader-1,read,mr-1c842de1-c4d8-4cca-a61c-04ffda0b39ab,,563,ONE,ALL,cassandra-2,True,False,3.07,2026-09-16T13:01:55.758798+00:00,
1c842de1-c4d8-4cca-a61c-04ffda0b39ab,monotonic_reads,network_partition,writer-1,write,mr-1c842de1-c4d8-4cca-a61c-04ffda0b39ab,564,,,ALL,cassandra-1,True,False,3.967,2026-09-16T13:01:55.768352+00:00,
1c842de1-c4d8-4cca-a61c-04ffda0b39ab,monotonic_reads,network_partition,reader-1,read,mr-1c842de1-c4d8-4cca-a61c-04ffda0b39ab,,564,ONE,ALL,cassandra-3,True,False,3.039,2026-09-16T13:01:55.773403+00:00,
1c842de1-c4d8-4cca-a61c-04ffda0b39ab,monotonic_reads,network_partition,reader-1,read,mr-1c842de1-c4d8-4cca-a61c-04ffda0b39ab,,564,ONE,ALL,cassandra-1,True,False,3.879,2026-09-16T13:01:55.789899+00:00,
1c842de1-c4d8-4cca-a61c-04ffda0b39ab,monotonic_reads,network_partition,writer-1,write,mr-1c842de1-c4d8-4cca-a61c-04ffda0b39ab,565,,,ALL,cassandra-1,True,False,4.224,2026-09-16T13:01:55.793077+00:00,
1c842de1-c4d8-4cca-a61c-04ffda0b39ab,monotonic_reads,network_partition,reader-1,read,mr-1c842de1-c4d8-4cca-a61c-04ffda0b39ab,,565,ONE,ALL,cassandra-2,True,False,2.909,2026-09-16T13:01:55.803235+00:00,
1c842de1-c4d8-4cca-a61c-04ffda0b39ab,monotonic_reads,network_partition,reader-1,read,mr-1c842de1-c4d8-4cca-a61c-04ffda0b39ab,,565,ONE,ALL,cassandra-3,True,False,3.787,2026-09-16T13:01:55.818190+00:00,
1c842de1-c4d8-4cca-a61c-04ffda0b39ab,monotonic_reads,network_partition,writer-1,write,mr-1c842de1-c4d8-4cca-a61c-04ffda0b39ab,566,,,ALL,cassandra-1,True,False,6.009,2026-09-16T13:01:55.822224+00:00,
1c842de1-c4d8-4cca-a61c-04ffda0b39ab,monotonic_reads,network_partition,reader-1,read,mr-1c842de1-c4d8-4cca-a61c-04ffda0b39ab,,566,ONE,ALL,cassandra-1,True,False,4.615,2026-09-16T13:01:55.835316+00:00,
1c842de1-c4d8-4cca-a61c-04ffda0b39ab,monotonic_reads,network_partition,writer-1,write,mr-1c842de1-c4d8-4cca-a61c-04ffda0b39ab,567,,,ALL,cassandra-1,True,False,4.595,2026-09-16T13:01:55.850356+00:00,
1c842de1-c4d8-4cca-a61c-04ffda0b39ab,monotonic_reads,network_partition,reader-1,read,mr-1c842de1-c4d8-4cca-a61c-04ffda0b39ab,,567,ONE,ALL,cassandra-2,True,False,3.347,2026-09-16T13:01:55.851139+00:00,
1c842de1-c4d8-4cca-a61c-04ffda0b39ab,monotonic_reads,network_partition,reader-1,read,mr-1c842de1-c4d8-4cca-a61c-04ffda0b39ab,,567,ONE,ALL,cassandra-3,True,False,3.546,2026-09-16T13:01:55.865933+00:00,
1c842de1-c4d8-4cca-a61c-04ffda0b39ab,monotonic_reads,network_partition,reader-1,read,mr-1c842de1-c4d8-4cca-a61c-04ffda0b39ab,,567,ONE,ALL,cassandra-1,True,False,3.074,2026-09-16T13:01:55.879451+00:00,
1c842de1-c4d8-4cca-a61c-04ffda0b39ab,monotonic_reads,network_partition,writer-1,write,mr-1c842de1-c4d8-4cca-a61c-04ffda0b39ab,568,,,ALL,cassandra-1,True,False,4.537,2026-09-16T13:01:55.879902+00:00,
1c842de1-c4d8-4cca-a61c-04ffda0b39ab,monotonic_reads,network_partition,reader-1,read,mr-1c842de1-c4d8-4cca-a61c-04ffda0b39ab,,568,ONE,ALL,cassandra-2,True,False,3.363,2026-09-16T13:01:55.894752+00:00,
1c842de1-c4d8-4cca-a61c-04ffda0b39ab,monotonic_reads,network_partition,writer-1,write,mr-1c842de1-c4d8-4cca-a61c-04ffda0b39ab,569,,,ALL,cassandra-1,True,False,4.65,2026-09-16T13:01:55.908039+00:00,
1c842de1-c4d8-4cca-a61c-04ffda0b39ab,monotonic_reads,network_partition,reader-1,read,mr-1c842de1-c4d8-4cca-a61c-04ffda0b39ab,,569,ONE,ALL,cassandra-3,True,False,4.521,2026-09-16T13:01:55.910921+00:00,
1c842de1-c4d8-4cca-a61c-04ffda0b39ab,monotonic_reads,network_partition,reader-1,read,mr-1c842de1-c4d8-4cca-a61c-04ffda0b39ab,,569,ONE,ALL,cassandra-1,True,False,4.36,2026-09-16T13:01:55.927752+00:00,
1c842de1-c4d8-4cca-a61c-04ffda0b39ab,monotonic_reads,network_partition,writer-1,write,mr-1c842de1-c4d8-4cca-a61c-04ffda0b39ab,570,,,ALL,cassandra-1,True,False,5.345,2026-09-16T13:01:55.936771+00:00,
1c842de1-c4d8-4cca-a61c-04ffda0b39ab,monotonic_reads,network_partition,reader-1,read,mr-1c842de1-c4d8-4cca-a61c-04ffda0b39ab,,570,ONE,ALL,cassandra-2,True,False,3.885,2026-09-16T13:01:55.943743+00:00,
1c842de1-c4d8-4cca-a61c-04ffda0b39ab,monotonic_reads,network_partition,reader-1,read,mr-1c842de1-c4d8-4cca-a61c-04ffda0b39ab,,570,ONE,ALL,cassandra-3,True,False,3.515,2026-09-16T13:01:55.958151+00:00,
1c842de1-c4d8-4cca-a61c-04ffda0b39ab,monotonic_reads,network_partition,writer-1,write,mr-1c842de1-c4d8-4cca-a61c-04ffda0b39ab,571,,,ALL,cassandra-1,True,False,4.441,2026-09-16T13:01:55.966212+00:00,
1c842de1-c4d8-4cca-a61c-04ffda0b39ab,monotonic_reads,network_partition,reader-1,read,mr-1c842de1-c4d8-4cca-a61c-04ffda0b39ab,,571,ONE,ALL,cassandra-1,True,False,4.02,2026-09-16T13:01:55.974006+00:00,
1c842de1-c4d8-4cca-a61c-04ffda0b39ab,monotonic_reads,network_partition,reader-1,read,mr-1c842de1-c4d8-4cca-a61c-04ffda0b39ab,,571,ONE,ALL,cassandra-2,True,False,4.928,2026-09-16T13:01:55.990949+00:00,
1c842de1-c4d8-4cca-a61c-04ffda0b39ab,monotonic_reads,network_partition,writer-1,write,mr-1c842de1-c4d8-4cca-a61c-04ffda0b39ab,572,,,ALL,cassandra-1,True,False,6.051,2026-09-16T13:01:55.996427+00:00,
1c842de1-c4d8-4cca-a61c-04ffda0b39ab,monotonic_reads,network_partition,reader-1,read,mr-1c842de1-c4d8-4cca-a61c-04ffda0b39ab,,572,ONE,ALL,cassandra-3,True,False,4.35,2026-09-16T13:01:56.005729+00:00,
1c842de1-c4d8-4cca-a61c-04ffda0b39ab,monotonic_reads,network_partition,reader-1,read,mr-1c842de1-c4d8-4cca-a61c-04ffda0b39ab,,572,ONE,ALL,cassandra-1,True,False,4.233,2026-09-16T13:01:56.021606+00:00,
1c842de1-c4d8-4cca-a61c-04ffda0b39ab,monotonic_reads,network_partition,writer-1,write,mr-1c842de1-c4d8-4cca-a61c-04ffda0b39ab,573,,,ALL,cassandra-1,True,False,5.562,2026-09-16T13:01:56.023449+00:00,
1c842de1-c4d8-4cca-a61c-04ffda0b39ab,monotonic_reads,network_partition,reader-1,read,mr-1c842de1-c4d8-4cca-a61c-04ffda0b39ab,,573,ONE,ALL,cassandra-2,True,False,4.306,2026-09-16T13:01:56.038584+00:00,
1c842de1-c4d8-4cca-a61c-04ffda0b39ab,monotonic_reads,network_partition,reader-1,read,mr-1c842de1-c4d8-4cca-a61c-04ffda0b39ab,,574,ONE,ALL,cassandra-3,True,False,3.205,2026-09-16T13:01:56.052445+00:00,
1c842de1-c4d8-4cca-a61c-04ffda0b39ab,monotonic_reads,network_partition,writer-1,write,mr-1c842de1-c4d8-4cca-a61c-04ffda0b39ab,574,,,ALL,cassandra-1,True,False,6.115,2026-09-16T13:01:56.052738+00:00,
1c842de1-c4d8-4cca-a61c-04ffda0b39ab,monotonic_reads,network_partition,reader-1,read,mr-1c842de1-c4d8-4cca-a61c-04ffda0b39ab,,574,ONE,ALL,cassandra-1,True,False,2.816,2026-09-16T13:01:56.067182+00:00,
1c842de1-c4d8-4cca-a61c-04ffda0b39ab,monotonic_reads,network_partition,writer-1,write,mr-1c842de1-c4d8-4cca-a61c-04ffda0b39ab,575,,,ALL,cassandra-1,True,False,4.466,2026-09-16T13:01:56.080254+00:00,
1c842de1-c4d8-4cca-a61c-04ffda0b39ab,monotonic_reads,network_partition,reader-1,read,mr-1c842de1-c4d8-4cca-a61c-04ffda0b39ab,,575,ONE,ALL,cassandra-2,True,False,2.995,2026-09-16T13:01:56.081174+00:00,
1c842de1-c4d8-4cca-a61c-04ffda0b39ab,monotonic_reads,network_partition,reader-1,read,mr-1c842de1-c4d8-4cca-a61c-04ffda0b39ab,,575,ONE,ALL,cassandra-3,True,False,1.888,2026-09-16T13:01:56.095124+00:00,
1c842de1-c4d8-4cca-a61c-04ffda0b39ab,monotonic_reads,network_partition,reader-1,read,mr-1c842de1-c4d8-4cca-a61c-04ffda0b39ab,,575,ONE,ALL,cassandra-1,True,False,1.966,2026-09-16T13:01:56.108334+00:00,
1c842de1-c4d8-4cca-a61c-04ffda0b39ab,monotonic_reads,network_partition,writer-1,write,mr-1c842de1-c4d8-4cca-a61c-04ffda0b39ab,576,,,ALL,cassandra-1,True,False,4.607,2026-09-16T13:01:56.109851+00:00,
1c842de1-c4d8-4cca-a61c-04ffda0b39ab,monotonic_reads,network_partition,reader-1,read,mr-1c842de1-c4d8-4cca-a61c-04ffda0b39ab,,576,ONE,ALL,cassandra-2,True,False,3.158,2026-09-16T13:01:56.123704+00:00,
1c842de1-c4d8-4cca-a61c-04ffda0b39ab,monotonic_reads,network_partition,writer-1,write,mr-1c842de1-c4d8-4cca-a61c-04ffda0b39ab,577,,,ALL,cassandra-1,True,False,5.02,2026-09-16T13:01:56.136400+00:00,
1c842de1-c4d8-4cca-a61c-04ffda0b39ab,monotonic_reads,network_partition,reader-1,read,mr-1c842de1-c4d8-4cca-a61c-04ffda0b39ab,,577,ONE,ALL,cassandra-3,True,False,3.348,2026-09-16T13:01:56.137615+00:00,
1c842de1-c4d8-4cca-a61c-04ffda0b39ab,monotonic_reads,network_partition,reader-1,read,mr-1c842de1-c4d8-4cca-a61c-04ffda0b39ab,,577,ONE,ALL,cassandra-1,True,False,4.143,2026-09-16T13:01:56.152494+00:00,
1c842de1-c4d8-4cca-a61c-04ffda0b39ab,monotonic_reads,network_partition,writer-1,write,mr-1c842de1-c4d8-4cca-a61c-04ffda0b39ab,578,,,ALL,cassandra-1,True,False,3.037,2026-09-16T13:01:56.159811+00:00,
1c842de1-c4d8-4cca-a61c-04ffda0b39ab,monotonic_reads,network_partition,reader-1,read,mr-1c842de1-c4d8-4cca-a61c-04ffda0b39ab,,578,ONE,ALL,cassandra-2,True,False,2.924,2026-09-16T13:01:56.166275+00:00,
1c842de1-c4d8-4cca-a61c-04ffda0b39ab,monotonic_reads,network_partition,reader-1,read,mr-1c842de1-c4d8-4cca-a61c-04ffda0b39ab,,578,ONE,ALL,cassandra-3,True,False,3.002,2026-09-16T13:01:56.180622+00:00,
1c842de1-c4d8-4cca-a61c-04ffda0b39ab,monotonic_reads,network_partition,writer-1,write,mr-1c842de1-c4d8-4cca-a61c-04ffda0b39ab,579,,,ALL,cassandra-1,True,False,4.651,2026-09-16T13:01:56.188024+00:00,
1c842de1-c4d8-4cca-a61c-04ffda0b39ab,monotonic_reads,network_partition,reader-1,read,mr-1c842de1-c4d8-4cca-a61c-04ffda0b39ab,,579,ONE,ALL,cassandra-1,True,False,4.102,2026-09-16T13:01:56.196936+00:00,
1c842de1-c4d8-4cca-a61c-04ffda0b39ab,monotonic_reads,network_partition,reader-1,read,mr-1c842de1-c4d8-4cca-a61c-04ffda0b39ab,,579,ONE,ALL,cassandra-2,True,False,3.521,2026-09-16T13:01:56.210842+00:00,
1c842de1-c4d8-4cca-a61c-04ffda0b39ab,monotonic_reads,network_partition,writer-1,write,mr-1c842de1-c4d8-4cca-a61c-04ffda0b39ab,580,,,ALL,cassandra-1,True,False,3.983,2026-09-16T13:01:56.213341+00:00,
1c842de1-c4d8-4cca-a61c-04ffda0b39ab,monotonic_reads,network_partition,reader-1,read,mr-1c842de1-c4d8-4cca-a61c-04ffda0b39ab,,580,ONE,ALL,cassandra-3,True,False,2.929,2026-09-16T13:01:56.224308+00:00,
1c842de1-c4d8-4cca-a61c-04ffda0b39ab,monotonic_reads,network_partition,reader-1,read,mr-1c842de1-c4d8-4cca-a61c-04ffda0b39ab,,580,ONE,ALL,cassandra-1,True,False,3.11,2026-09-16T13:01:56.238486+00:00,
1c842de1-c4d8-4cca-a61c-04ffda0b39ab,monotonic_reads,network_partition,writer-1,write,mr-1c842de1-c4d8-4cca-a61c-04ffda0b39ab,581,,,ALL,cassandra-1,True,False,6.697,2026-09-16T13:01:56.245294+00:00,
1c842de1-c4d8-4cca-a61c-04ffda0b39ab,monotonic_reads,network_partition,reader-1,read,mr-1c842de1-c4d8-4cca-a61c-04ffda0b39ab,,581,ONE,ALL,cassandra-2,True,False,4.154,2026-09-16T13:01:56.254539+00:00,
1c842de1-c4d8-4cca-a61c-04ffda0b39ab,monotonic_reads,network_partition,reader-1,read,mr-1c842de1-c4d8-4cca-a61c-04ffda0b39ab,,581,ONE,ALL,cassandra-3,True,False,4.739,2026-09-16T13:01:56.270745+00:00,
1c842de1-c4d8-4cca-a61c-04ffda0b39ab,monotonic_reads,network_partition,writer-1,write,mr-1c842de1-c4d8-4cca-a61c-04ffda0b39ab,582,,,ALL,cassandra-1,True,False,5.623,2026-09-16T13:01:56.272034+00:00,
1c842de1-c4d8-4cca-a61c-04ffda0b39ab,monotonic_reads,network_partition,reader-1,read,mr-1c842de1-c4d8-4cca-a61c-04ffda0b39ab,,582,ONE,ALL,cassandra-1,True,False,4.823,2026-09-16T13:01:56.288075+00:00,
1c842de1-c4d8-4cca-a61c-04ffda0b39ab,monotonic_reads,network_partition,writer-1,write,mr-1c842de1-c4d8-4cca-a61c-04ffda0b39ab,583,,,ALL,cassandra-1,True,False,4.197,2026-09-16T13:01:56.300406+00:00,
1c842de1-c4d8-4cca-a61c-04ffda0b39ab,monotonic_reads,network_partition,reader-1,read,mr-1c842de1-c4d8-4cca-a61c-04ffda0b39ab,,583,ONE,ALL,cassandra-2,True,False,5.001,2026-09-16T13:01:56.304395+00:00,
1c842de1-c4d8-4cca-a61c-04ffda0b39ab,monotonic_reads,network_partition,reader-1,read,mr-1c842de1-c4d8-4cca-a61c-04ffda0b39ab,,583,ONE,ALL,cassandra-3,True,False,3.11,2026-09-16T13:01:56.319473+00:00,
1c842de1-c4d8-4cca-a61c-04ffda0b39ab,monotonic_reads,network_partition,writer-1,write,mr-1c842de1-c4d8-4cca-a61c-04ffda0b39ab,584,,,ALL,cassandra-1,True,False,4.663,2026-09-16T13:01:56.327066+00:00,
1c842de1-c4d8-4cca-a61c-04ffda0b39ab,monotonic_reads,network_partition,reader-1,read,mr-1c842de1-c4d8-4cca-a61c-04ffda0b39ab,,584,ONE,ALL,cassandra-1,True,False,3.558,2026-09-16T13:01:56.334932+00:00,
1c842de1-c4d8-4cca-a61c-04ffda0b39ab,monotonic_reads,network_partition,reader-1,read,mr-1c842de1-c4d8-4cca-a61c-04ffda0b39ab,,584,ONE,ALL,cassandra-2,True,False,3.443,2026-09-16T13:01:56.349443+00:00,
1c842de1-c4d8-4cca-a61c-04ffda0b39ab,monotonic_reads,network_partition,writer-1,write,mr-1c842de1-c4d8-4cca-a61c-04ffda0b39ab,585,,,ALL,cassandra-1,True,False,5.88,2026-09-16T13:01:56.354178+00:00,
1c842de1-c4d8-4cca-a61c-04ffda0b39ab,monotonic_reads,network_partition,reader-1,read,mr-1c842de1-c4d8-4cca-a61c-04ffda0b39ab,,585,ONE,ALL,cassandra-3,True,False,4.125,2026-09-16T13:01:56.364497+00:00,
1c842de1-c4d8-4cca-a61c-04ffda0b39ab,monotonic_reads,network_partition,reader-1,read,mr-1c842de1-c4d8-4cca-a61c-04ffda0b39ab,,585,ONE,ALL,cassandra-1,True,False,4.439,2026-09-16T13:01:56.379847+00:00,
1c842de1-c4d8-4cca-a61c-04ffda0b39ab,monotonic_reads,network_partition,writer-1,write,mr-1c842de1-c4d8-4cca-a61c-04ffda0b39ab,586,,,ALL,cassandra-1,True,False,4.379,2026-09-16T13:01:56.384344+00:00,
1c842de1-c4d8-4cca-a61c-04ffda0b39ab,monotonic_reads,network_partition,reader-1,read,mr-1c842de1-c4d8-4cca-a61c-04ffda0b39ab,,586,ONE,ALL,cassandra-2,True,False,4.159,2026-09-16T13:01:56.394539+00:00,
1c842de1-c4d8-4cca-a61c-04ffda0b39ab,monotonic_reads,network_partition,reader-1,read,mr-1c842de1-c4d8-4cca-a61c-04ffda0b39ab,,586,ONE,ALL,cassandra-3,True,False,3.274,2026-09-16T13:01:56.409273+00:00,
1c842de1-c4d8-4cca-a61c-04ffda0b39ab,monotonic_reads,network_partition,writer-1,write,mr-1c842de1-c4d8-4cca-a61c-04ffda0b39ab,587,,,ALL,cassandra-1,True,False,4.981,2026-09-16T13:01:56.411347+00:00,
1c842de1-c4d8-4cca-a61c-04ffda0b39ab,monotonic_reads,network_partition,reader-1,read,mr-1c842de1-c4d8-4cca-a61c-04ffda0b39ab,,587,ONE,ALL,cassandra-1,True,False,4.66,2026-09-16T13:01:56.425066+00:00,
1c842de1-c4d8-4cca-a61c-04ffda0b39ab,monotonic_reads,network_partition,writer-1,write,mr-1c842de1-c4d8-4cca-a61c-04ffda0b39ab,588,,,ALL,cassandra-1,True,False,4.975,2026-09-16T13:01:56.440289+00:00,
1c842de1-c4d8-4cca-a61c-04ffda0b39ab,monotonic_reads,network_partition,reader-1,read,mr-1c842de1-c4d8-4cca-a61c-04ffda0b39ab,,588,ONE,ALL,cassandra-2,True,False,3.367,2026-09-16T13:01:56.440751+00:00,
1c842de1-c4d8-4cca-a61c-04ffda0b39ab,monotonic_reads,network_partition,reader-1,read,mr-1c842de1-c4d8-4cca-a61c-04ffda0b39ab,,588,ONE,ALL,cassandra-3,True,False,3.661,2026-09-16T13:01:56.456054+00:00,
1c842de1-c4d8-4cca-a61c-04ffda0b39ab,monotonic_reads,network_partition,writer-1,write,mr-1c842de1-c4d8-4cca-a61c-04ffda0b39ab,589,,,ALL,cassandra-1,True,False,4.939,2026-09-16T13:01:56.466314+00:00,
1c842de1-c4d8-4cca-a61c-04ffda0b39ab,monotonic_reads,network_partition,reader-1,read,mr-1c842de1-c4d8-4cca-a61c-04ffda0b39ab,,589,ONE,ALL,cassandra-1,True,False,3.723,2026-09-16T13:01:56.470137+00:00,
1c842de1-c4d8-4cca-a61c-04ffda0b39ab,monotonic_reads,network_partition,reader-1,read,mr-1c842de1-c4d8-4cca-a61c-04ffda0b39ab,,589,ONE,ALL,cassandra-2,True,False,2.825,2026-09-16T13:01:56.484195+00:00,
1c842de1-c4d8-4cca-a61c-04ffda0b39ab,monotonic_reads,network_partition,writer-1,write,mr-1c842de1-c4d8-4cca-a61c-04ffda0b39ab,590,,,ALL,cassandra-1,True,False,4.141,2026-09-16T13:01:56.491471+00:00,
1c842de1-c4d8-4cca-a61c-04ffda0b39ab,monotonic_reads,network_partition,reader-1,read,mr-1c842de1-c4d8-4cca-a61c-04ffda0b39ab,,590,ONE,ALL,cassandra-3,True,False,3.759,2026-09-16T13:01:56.499142+00:00,
1c842de1-c4d8-4cca-a61c-04ffda0b39ab,monotonic_reads,network_partition,reader-1,read,mr-1c842de1-c4d8-4cca-a61c-04ffda0b39ab,,590,ONE,ALL,cassandra-1,True,False,4.103,2026-09-16T13:01:56.514479+00:00,
1c842de1-c4d8-4cca-a61c-04ffda0b39ab,monotonic_reads,network_partition,writer-1,write,mr-1c842de1-c4d8-4cca-a61c-04ffda0b39ab,591,,,ALL,cassandra-1,True,False,4.199,2026-09-16T13:01:56.519365+00:00,
1c842de1-c4d8-4cca-a61c-04ffda0b39ab,monotonic_reads,network_partition,reader-1,read,mr-1c842de1-c4d8-4cca-a61c-04ffda0b39ab,,591,ONE,ALL,cassandra-2,True,False,4.503,2026-09-16T13:01:56.531669+00:00,
1c842de1-c4d8-4cca-a61c-04ffda0b39ab,monotonic_reads,network_partition,writer-1,write,mr-1c842de1-c4d8-4cca-a61c-04ffda0b39ab,592,,,ALL,cassandra-1,True,False,4.91,2026-09-16T13:01:56.544521+00:00,
1c842de1-c4d8-4cca-a61c-04ffda0b39ab,monotonic_reads,network_partition,reader-1,read,mr-1c842de1-c4d8-4cca-a61c-04ffda0b39ab,,592,ONE,ALL,cassandra-3,True,False,4.395,2026-09-16T13:01:56.547710+00:00,
1c842de1-c4d8-4cca-a61c-04ffda0b39ab,monotonic_reads,network_partition,reader-1,read,mr-1c842de1-c4d8-4cca-a61c-04ffda0b39ab,,592,ONE,ALL,cassandra-1,True,False,2.87,2026-09-16T13:01:56.563055+00:00,
1c842de1-c4d8-4cca-a61c-04ffda0b39ab,monotonic_reads,network_partition,writer-1,write,mr-1c842de1-c4d8-4cca-a61c-04ffda0b39ab,593,,,ALL,cassandra-1,True,False,4.18,2026-09-16T13:01:56.572425+00:00,
1c842de1-c4d8-4cca-a61c-04ffda0b39ab,monotonic_reads,network_partition,reader-1,read,mr-1c842de1-c4d8-4cca-a61c-04ffda0b39ab,,593,ONE,ALL,cassandra-2,True,False,4.468,2026-09-16T13:01:56.577931+00:00,
1c842de1-c4d8-4cca-a61c-04ffda0b39ab,monotonic_reads,network_partition,reader-1,read,mr-1c842de1-c4d8-4cca-a61c-04ffda0b39ab,,593,ONE,ALL,cassandra-3,True,False,4.235,2026-09-16T13:01:56.594650+00:00,
1c842de1-c4d8-4cca-a61c-04ffda0b39ab,monotonic_reads,network_partition,writer-1,write,mr-1c842de1-c4d8-4cca-a61c-04ffda0b39ab,594,,,ALL,cassandra-1,True,False,5.809,2026-09-16T13:01:56.599068+00:00,
1c842de1-c4d8-4cca-a61c-04ffda0b39ab,monotonic_reads,network_partition,reader-1,read,mr-1c842de1-c4d8-4cca-a61c-04ffda0b39ab,,594,ONE,ALL,cassandra-1,True,False,4.706,2026-09-16T13:01:56.612024+00:00,
1c842de1-c4d8-4cca-a61c-04ffda0b39ab,monotonic_reads,network_partition,reader-1,read,mr-1c842de1-c4d8-4cca-a61c-04ffda0b39ab,,595,ONE,ALL,cassandra-2,True,False,3.419,2026-09-16T13:01:56.627735+00:00,
1c842de1-c4d8-4cca-a61c-04ffda0b39ab,monotonic_reads,network_partition,writer-1,write,mr-1c842de1-c4d8-4cca-a61c-04ffda0b39ab,595,,,ALL,cassandra-1,True,False,5.724,2026-09-16T13:01:56.628085+00:00,
1c842de1-c4d8-4cca-a61c-04ffda0b39ab,monotonic_reads,network_partition,reader-1,read,mr-1c842de1-c4d8-4cca-a61c-04ffda0b39ab,,595,ONE,ALL,cassandra-3,True,False,2.714,2026-09-16T13:01:56.642113+00:00,
1c842de1-c4d8-4cca-a61c-04ffda0b39ab,monotonic_reads,network_partition,writer-1,write,mr-1c842de1-c4d8-4cca-a61c-04ffda0b39ab,596,,,ALL,cassandra-1,True,False,4.32,2026-09-16T13:01:56.652704+00:00,
1c842de1-c4d8-4cca-a61c-04ffda0b39ab,monotonic_reads,network_partition,reader-1,read,mr-1c842de1-c4d8-4cca-a61c-04ffda0b39ab,,596,ONE,ALL,cassandra-1,True,False,3.379,2026-09-16T13:01:56.655689+00:00,
1c842de1-c4d8-4cca-a61c-04ffda0b39ab,monotonic_reads,network_partition,reader-1,read,mr-1c842de1-c4d8-4cca-a61c-04ffda0b39ab,,596,ONE,ALL,cassandra-2,True,False,3.438,2026-09-16T13:01:56.669501+00:00,
1c842de1-c4d8-4cca-a61c-04ffda0b39ab,monotonic_reads,network_partition,writer-1,write,mr-1c842de1-c4d8-4cca-a61c-04ffda0b39ab,597,,,ALL,cassandra-1,True,False,3.832,2026-09-16T13:01:56.678214+00:00,
1c842de1-c4d8-4cca-a61c-04ffda0b39ab,monotonic_reads,network_partition,reader-1,read,mr-1c842de1-c4d8-4cca-a61c-04ffda0b39ab,,597,ONE,ALL,cassandra-3,True,False,3.048,2026-09-16T13:01:56.683451+00:00,
1c842de1-c4d8-4cca-a61c-04ffda0b39ab,monotonic_reads,network_partition,reader-1,read,mr-1c842de1-c4d8-4cca-a61c-04ffda0b39ab,,597,ONE,ALL,cassandra-1,True,False,6.65,2026-09-16T13:01:56.702540+00:00,
1c842de1-c4d8-4cca-a61c-04ffda0b39ab,monotonic_reads,network_partition,writer-1,write,mr-1c842de1-c4d8-4cca-a61c-04ffda0b39ab,598,,,ALL,cassandra-1,True,False,5.645,2026-09-16T13:01:56.708312+00:00,
1c842de1-c4d8-4cca-a61c-04ffda0b39ab,monotonic_reads,network_partition,reader-1,read,mr-1c842de1-c4d8-4cca-a61c-04ffda0b39ab,,598,ONE,ALL,cassandra-2,True,False,3.297,2026-09-16T13:01:56.718685+00:00,
1c842de1-c4d8-4cca-a61c-04ffda0b39ab,monotonic_reads,network_partition,reader-1,read,mr-1c842de1-c4d8-4cca-a61c-04ffda0b39ab,,598,ONE,ALL,cassandra-3,True,False,3.151,2026-09-16T13:01:56.732527+00:00,
1c842de1-c4d8-4cca-a61c-04ffda0b39ab,monotonic_reads,network_partition,writer-1,write,mr-1c842de1-c4d8-4cca-a61c-04ffda0b39ab,599,,,ALL,cassandra-1,True,False,3.704,2026-09-16T13:01:56.735076+00:00,
1c842de1-c4d8-4cca-a61c-04ffda0b39ab,monotonic_reads,network_partition,reader-1,read,mr-1c842de1-c4d8-4cca-a61c-04ffda0b39ab,,599,ONE,ALL,cassandra-1,True,False,4.964,2026-09-16T13:01:56.749217+00:00,
1c842de1-c4d8-4cca-a61c-04ffda0b39ab,monotonic_reads,network_partition,writer-1,write,mr-1c842de1-c4d8-4cca-a61c-04ffda0b39ab,600,,,ALL,cassandra-1,True,False,4.549,2026-09-16T13:01:56.764346+00:00,
1c842de1-c4d8-4cca-a61c-04ffda0b39ab,monotonic_reads,network_partition,reader-1,read,mr-1c842de1-c4d8-4cca-a61c-04ffda0b39ab,,600,ONE,ALL,cassandra-2,True,False,3.127,2026-09-16T13:01:56.764904+00:00,
1c842de1-c4d8-4cca-a61c-04ffda0b39ab,monotonic_reads,network_partition,reader-1,read,mr-1c842de1-c4d8-4cca-a61c-04ffda0b39ab,,600,ONE,ALL,cassandra-3,True,False,2.965,2026-09-16T13:01:56.779353+00:00,
1c842de1-c4d8-4cca-a61c-04ffda0b39ab,monotonic_reads,network_partition,writer-1,write,mr-1c842de1-c4d8-4cca-a61c-04ffda0b39ab,601,,,ALL,cassandra-1,True,False,4.455,2026-09-16T13:01:56.790826+00:00,
1c842de1-c4d8-4cca-a61c-04ffda0b39ab,monotonic_reads,network_partition,reader-1,read,mr-1c842de1-c4d8-4cca-a61c-04ffda0b39ab,,601,ONE,ALL,cassandra-1,True,False,3.502,2026-09-16T13:01:56.794893+00:00,
1c842de1-c4d8-4cca-a61c-04ffda0b39ab,monotonic_reads,network_partition,reader-1,read,mr-1c842de1-c4d8-4cca-a61c-04ffda0b39ab,,601,ONE,ALL,cassandra-2,True,False,2.596,2026-09-16T13:01:56.808596+00:00,
1c842de1-c4d8-4cca-a61c-04ffda0b39ab,monotonic_reads,network_partition,writer-1,write,mr-1c842de1-c4d8-4cca-a61c-04ffda0b39ab,602,,,ALL,cassandra-1,True,False,4.275,2026-09-16T13:01:56.819567+00:00,
1c842de1-c4d8-4cca-a61c-04ffda0b39ab,monotonic_reads,network_partition,reader-1,read,mr-1c842de1-c4d8-4cca-a61c-04ffda0b39ab,,602,ONE,ALL,cassandra-3,True,False,3.113,2026-09-16T13:01:56.822043+00:00,
1c842de1-c4d8-4cca-a61c-04ffda0b39ab,monotonic_reads,network_partition,reader-1,read,mr-1c842de1-c4d8-4cca-a61c-04ffda0b39ab,,602,ONE,ALL,cassandra-1,True,False,3.765,2026-09-16T13:01:56.838082+00:00,
1c842de1-c4d8-4cca-a61c-04ffda0b39ab,monotonic_reads,network_partition,writer-1,write,mr-1c842de1-c4d8-4cca-a61c-04ffda0b39ab,603,,,ALL,cassandra-1,True,False,4.971,2026-09-16T13:01:56.846366+00:00,
1c842de1-c4d8-4cca-a61c-04ffda0b39ab,monotonic_reads,network_partition,reader-1,read,mr-1c842de1-c4d8-4cca-a61c-04ffda0b39ab,,603,ONE,ALL,cassandra-2,True,False,2.94,2026-09-16T13:01:56.851326+00:00,
1c842de1-c4d8-4cca-a61c-04ffda0b39ab,monotonic_reads,network_partition,reader-1,read,mr-1c842de1-c4d8-4cca-a61c-04ffda0b39ab,,603,ONE,ALL,cassandra-3,True,False,4.194,2026-09-16T13:01:56.866588+00:00,
1c842de1-c4d8-4cca-a61c-04ffda0b39ab,monotonic_reads,network_partition,writer-1,write,mr-1c842de1-c4d8-4cca-a61c-04ffda0b39ab,604,,,ALL,cassandra-1,True,False,5.224,2026-09-16T13:01:56.873653+00:00,
1c842de1-c4d8-4cca-a61c-04ffda0b39ab,monotonic_reads,network_partition,reader-1,read,mr-1c842de1-c4d8-4cca-a61c-04ffda0b39ab,,604,ONE,ALL,cassandra-1,True,False,4.474,2026-09-16T13:01:56.881832+00:00,
1c842de1-c4d8-4cca-a61c-04ffda0b39ab,monotonic_reads,network_partition,reader-1,read,mr-1c842de1-c4d8-4cca-a61c-04ffda0b39ab,,604,ONE,ALL,cassandra-2,True,False,3.615,2026-09-16T13:01:56.898015+00:00,
1c842de1-c4d8-4cca-a61c-04ffda0b39ab,monotonic_reads,network_partition,writer-1,write,mr-1c842de1-c4d8-4cca-a61c-04ffda0b39ab,605,,,ALL,cassandra-1,True,False,4.286,2026-09-16T13:01:56.902422+00:00,
1c842de1-c4d8-4cca-a61c-04ffda0b39ab,monotonic_reads,network_partition,reader-1,read,mr-1c842de1-c4d8-4cca-a61c-04ffda0b39ab,,605,ONE,ALL,cassandra-3,True,False,4.289,2026-09-16T13:01:56.913569+00:00,
1c842de1-c4d8-4cca-a61c-04ffda0b39ab,monotonic_reads,network_partition,reader-1,read,mr-1c842de1-c4d8-4cca-a61c-04ffda0b39ab,,605,ONE,ALL,cassandra-1,True,False,4.457,2026-09-16T13:01:56.930619+00:00,
1c842de1-c4d8-4cca-a61c-04ffda0b39ab,monotonic_reads,network_partition,writer-1,write,mr-1c842de1-c4d8-4cca-a61c-04ffda0b39ab,606,,,ALL,cassandra-1,True,False,5.517,2026-09-16T13:01:56.932295+00:00,
1c842de1-c4d8-4cca-a61c-04ffda0b39ab,monotonic_reads,network_partition,reader-1,read,mr-1c842de1-c4d8-4cca-a61c-04ffda0b39ab,,606,ONE,ALL,cassandra-2,True,False,5.634,2026-09-16T13:01:56.949050+00:00,
1c842de1-c4d8-4cca-a61c-04ffda0b39ab,monotonic_reads,network_partition,writer-1,write,mr-1c842de1-c4d8-4cca-a61c-04ffda0b39ab,607,,,ALL,cassandra-1,True,False,6.466,2026-09-16T13:01:56.960137+00:00,
1c842de1-c4d8-4cca-a61c-04ffda0b39ab,monotonic_reads,network_partition,reader-1,read,mr-1c842de1-c4d8-4cca-a61c-04ffda0b39ab,,607,ONE,ALL,cassandra-3,True,False,4.33,2026-09-16T13:01:56.965727+00:00,
1c842de1-c4d8-4cca-a61c-04ffda0b39ab,monotonic_reads,network_partition,reader-1,read,mr-1c842de1-c4d8-4cca-a61c-04ffda0b39ab,,607,ONE,ALL,cassandra-1,True,False,5.084,2026-09-16T13:01:56.983049+00:00,
1c842de1-c4d8-4cca-a61c-04ffda0b39ab,monotonic_reads,network_partition,writer-1,write,mr-1c842de1-c4d8-4cca-a61c-04ffda0b39ab,608,,,ALL,cassandra-1,True,False,4.956,2026-09-16T13:01:56.989884+00:00,
1c842de1-c4d8-4cca-a61c-04ffda0b39ab,monotonic_reads,network_partition,reader-1,read,mr-1c842de1-c4d8-4cca-a61c-04ffda0b39ab,,608,ONE,ALL,cassandra-2,True,False,5.002,2026-09-16T13:01:56.999974+00:00,
1c842de1-c4d8-4cca-a61c-04ffda0b39ab,monotonic_reads,network_partition,reader-1,read,mr-1c842de1-c4d8-4cca-a61c-04ffda0b39ab,,608,ONE,ALL,cassandra-3,True,False,4.27,2026-09-16T13:01:57.015467+00:00,
1c842de1-c4d8-4cca-a61c-04ffda0b39ab,monotonic_reads,network_partition,writer-1,write,mr-1c842de1-c4d8-4cca-a61c-04ffda0b39ab,609,,,ALL,cassandra-1,True,False,5.746,2026-09-16T13:01:57.017560+00:00,
1c842de1-c4d8-4cca-a61c-04ffda0b39ab,monotonic_reads,network_partition,reader-1,read,mr-1c842de1-c4d8-4cca-a61c-04ffda0b39ab,,609,ONE,ALL,cassandra-1,True,False,4.675,2026-09-16T13:01:57.032159+00:00,
1c842de1-c4d8-4cca-a61c-04ffda0b39ab,monotonic_reads,network_partition,writer-1,write,mr-1c842de1-c4d8-4cca-a61c-04ffda0b39ab,610,,,ALL,cassandra-1,True,False,4.161,2026-09-16T13:01:57.041940+00:00,
1c842de1-c4d8-4cca-a61c-04ffda0b39ab,monotonic_reads,network_partition,reader-1,read,mr-1c842de1-c4d8-4cca-a61c-04ffda0b39ab,,610,ONE,ALL,cassandra-2,True,False,2.597,2026-09-16T13:01:57.046024+00:00,
1c842de1-c4d8-4cca-a61c-04ffda0b39ab,monotonic_reads,network_partition,reader-1,read,mr-1c842de1-c4d8-4cca-a61c-04ffda0b39ab,,610,ONE,ALL,cassandra-3,True,False,2.999,2026-09-16T13:01:57.061689+00:00,
1c842de1-c4d8-4cca-a61c-04ffda0b39ab,monotonic_reads,network_partition,writer-1,write,mr-1c842de1-c4d8-4cca-a61c-04ffda0b39ab,611,,,ALL,cassandra-1,True,False,4.865,2026-09-16T13:01:57.070250+00:00,
1c842de1-c4d8-4cca-a61c-04ffda0b39ab,monotonic_reads,network_partition,reader-1,read,mr-1c842de1-c4d8-4cca-a61c-04ffda0b39ab,,611,ONE,ALL,cassandra-1,True,False,4.803,2026-09-16T13:01:57.077204+00:00,
1c842de1-c4d8-4cca-a61c-04ffda0b39ab,monotonic_reads,network_partition,reader-1,read,mr-1c842de1-c4d8-4cca-a61c-04ffda0b39ab,,611,ONE,ALL,cassandra-2,True,False,3.386,2026-09-16T13:01:57.092769+00:00,
1c842de1-c4d8-4cca-a61c-04ffda0b39ab,monotonic_reads,network_partition,writer-1,write,mr-1c842de1-c4d8-4cca-a61c-04ffda0b39ab,612,,,ALL,cassandra-1,True,False,5.506,2026-09-16T13:01:57.098388+00:00,
1c842de1-c4d8-4cca-a61c-04ffda0b39ab,monotonic_reads,network_partition,reader-1,read,mr-1c842de1-c4d8-4cca-a61c-04ffda0b39ab,,612,ONE,ALL,cassandra-3,True,False,3.429,2026-09-16T13:01:57.108694+00:00,
1c842de1-c4d8-4cca-a61c-04ffda0b39ab,monotonic_reads,network_partition,reader-1,read,mr-1c842de1-c4d8-4cca-a61c-04ffda0b39ab,,612,ONE,ALL,cassandra-1,True,False,3.768,2026-09-16T13:01:57.125107+00:00,
1c842de1-c4d8-4cca-a61c-04ffda0b39ab,monotonic_reads,network_partition,writer-1,write,mr-1c842de1-c4d8-4cca-a61c-04ffda0b39ab,613,,,ALL,cassandra-1,True,False,3.843,2026-09-16T13:01:57.126212+00:00,
1c842de1-c4d8-4cca-a61c-04ffda0b39ab,monotonic_reads,network_partition,reader-1,read,mr-1c842de1-c4d8-4cca-a61c-04ffda0b39ab,,613,ONE,ALL,cassandra-2,True,False,3.737,2026-09-16T13:01:57.139136+00:00,
1c842de1-c4d8-4cca-a61c-04ffda0b39ab,monotonic_reads,network_partition,writer-1,write,mr-1c842de1-c4d8-4cca-a61c-04ffda0b39ab,614,,,ALL,cassandra-1,True,False,5.845,2026-09-16T13:01:57.153238+00:00,
1c842de1-c4d8-4cca-a61c-04ffda0b39ab,monotonic_reads,network_partition,reader-1,read,mr-1c842de1-c4d8-4cca-a61c-04ffda0b39ab,,614,ONE,ALL,cassandra-3,True,False,3.134,2026-09-16T13:01:57.154366+00:00,
1c842de1-c4d8-4cca-a61c-04ffda0b39ab,monotonic_reads,network_partition,reader-1,read,mr-1c842de1-c4d8-4cca-a61c-04ffda0b39ab,,614,ONE,ALL,cassandra-1,True,False,4.223,2026-09-16T13:01:57.170601+00:00,
1c842de1-c4d8-4cca-a61c-04ffda0b39ab,monotonic_reads,network_partition,writer-1,write,mr-1c842de1-c4d8-4cca-a61c-04ffda0b39ab,615,,,ALL,cassandra-1,True,False,4.065,2026-09-16T13:01:57.178261+00:00,
1c842de1-c4d8-4cca-a61c-04ffda0b39ab,monotonic_reads,network_partition,reader-1,read,mr-1c842de1-c4d8-4cca-a61c-04ffda0b39ab,,615,ONE,ALL,cassandra-2,True,False,3.239,2026-09-16T13:01:57.186523+00:00,
1c842de1-c4d8-4cca-a61c-04ffda0b39ab,monotonic_reads,network_partition,reader-1,read,mr-1c842de1-c4d8-4cca-a61c-04ffda0b39ab,,615,ONE,ALL,cassandra-3,True,False,3.358,2026-09-16T13:01:57.202287+00:00,
1c842de1-c4d8-4cca-a61c-04ffda0b39ab,monotonic_reads,network_partition,writer-1,write,mr-1c842de1-c4d8-4cca-a61c-04ffda0b39ab,616,,,ALL,cassandra-1,True,False,5.275,2026-09-16T13:01:57.206370+00:00,
1c842de1-c4d8-4cca-a61c-04ffda0b39ab,monotonic_reads,network_partition,reader-1,read,mr-1c842de1-c4d8-4cca-a61c-04ffda0b39ab,,616,ONE,ALL,cassandra-1,True,False,3.573,2026-09-16T13:01:57.217946+00:00,
1c842de1-c4d8-4cca-a61c-04ffda0b39ab,monotonic_reads,network_partition,reader-1,read,mr-1c842de1-c4d8-4cca-a61c-04ffda0b39ab,,616,ONE,ALL,cassandra-2,True,False,3.375,2026-09-16T13:01:57.231749+00:00,
1c842de1-c4d8-4cca-a61c-04ffda0b39ab,monotonic_reads,network_partition,writer-1,write,mr-1c842de1-c4d8-4cca-a61c-04ffda0b39ab,617,,,ALL,cassandra-1,True,False,4.601,2026-09-16T13:01:57.235347+00:00,
1c842de1-c4d8-4cca-a61c-04ffda0b39ab,monotonic_reads,network_partition,reader-1,read,mr-1c842de1-c4d8-4cca-a61c-04ffda0b39ab,,617,ONE,ALL,cassandra-3,True,False,10.769,2026-09-16T13:01:57.254642+00:00,
1c842de1-c4d8-4cca-a61c-04ffda0b39ab,monotonic_reads,network_partition,writer-1,write,mr-1c842de1-c4d8-4cca-a61c-04ffda0b39ab,618,,,ALL,cassandra-1,True,False,3.788,2026-09-16T13:01:57.260950+00:00,
1c842de1-c4d8-4cca-a61c-04ffda0b39ab,monotonic_reads,network_partition,reader-1,read,mr-1c842de1-c4d8-4cca-a61c-04ffda0b39ab,,618,ONE,ALL,cassandra-1,True,False,3.899,2026-09-16T13:01:57.270455+00:00,
1c842de1-c4d8-4cca-a61c-04ffda0b39ab,monotonic_reads,network_partition,reader-1,read,mr-1c842de1-c4d8-4cca-a61c-04ffda0b39ab,,618,ONE,ALL,cassandra-2,True,False,4.623,2026-09-16T13:01:57.287554+00:00,
1c842de1-c4d8-4cca-a61c-04ffda0b39ab,monotonic_reads,network_partition,writer-1,write,mr-1c842de1-c4d8-4cca-a61c-04ffda0b39ab,619,,,ALL,cassandra-1,True,False,5.596,2026-09-16T13:01:57.289089+00:00,
1c842de1-c4d8-4cca-a61c-04ffda0b39ab,monotonic_reads,network_partition,reader-1,read,mr-1c842de1-c4d8-4cca-a61c-04ffda0b39ab,,619,ONE,ALL,cassandra-3,True,False,3.033,2026-09-16T13:01:57.301417+00:00,
1c842de1-c4d8-4cca-a61c-04ffda0b39ab,monotonic_reads,network_partition,reader-1,read,mr-1c842de1-c4d8-4cca-a61c-04ffda0b39ab,,619,ONE,ALL,cassandra-1,True,False,2.836,2026-09-16T13:01:57.316523+00:00,
1c842de1-c4d8-4cca-a61c-04ffda0b39ab,monotonic_reads,network_partition,writer-1,write,mr-1c842de1-c4d8-4cca-a61c-04ffda0b39ab,620,,,ALL,cassandra-1,True,False,3.986,2026-09-16T13:01:57.317228+00:00,
1c842de1-c4d8-4cca-a61c-04ffda0b39ab,monotonic_reads,network_partition,reader-1,read,mr-1c842de1-c4d8-4cca-a61c-04ffda0b39ab,,620,ONE,ALL,cassandra-2,True,False,3.2,2026-09-16T13:01:57.331649+00:00,
1c842de1-c4d8-4cca-a61c-04ffda0b39ab,monotonic_reads,network_partition,writer-1,write,mr-1c842de1-c4d8-4cca-a61c-04ffda0b39ab,621,,,ALL,cassandra-1,True,False,4.903,2026-09-16T13:01:57.343274+00:00,
1c842de1-c4d8-4cca-a61c-04ffda0b39ab,monotonic_reads,network_partition,reader-1,read,mr-1c842de1-c4d8-4cca-a61c-04ffda0b39ab,,621,ONE,ALL,cassandra-3,True,False,3.071,2026-09-16T13:01:57.346440+00:00,
1c842de1-c4d8-4cca-a61c-04ffda0b39ab,monotonic_reads,network_partition,reader-1,read,mr-1c842de1-c4d8-4cca-a61c-04ffda0b39ab,,621,ONE,ALL,cassandra-1,True,False,3.015,2026-09-16T13:01:57.360372+00:00,
1c842de1-c4d8-4cca-a61c-04ffda0b39ab,monotonic_reads,network_partition,writer-1,write,mr-1c842de1-c4d8-4cca-a61c-04ffda0b39ab,622,,,ALL,cassandra-1,True,False,7.566,2026-09-16T13:01:57.374214+00:00,
1c842de1-c4d8-4cca-a61c-04ffda0b39ab,monotonic_reads,network_partition,reader-1,read,mr-1c842de1-c4d8-4cca-a61c-04ffda0b39ab,,622,ONE,ALL,cassandra-2,True,False,3.49,2026-09-16T13:01:57.374796+00:00,
1c842de1-c4d8-4cca-a61c-04ffda0b39ab,monotonic_reads,network_partition,reader-1,read,mr-1c842de1-c4d8-4cca-a61c-04ffda0b39ab,,622,ONE,ALL,cassandra-3,True,False,2.54,2026-09-16T13:01:57.389936+00:00,
1c842de1-c4d8-4cca-a61c-04ffda0b39ab,monotonic_reads,network_partition,writer-1,write,mr-1c842de1-c4d8-4cca-a61c-04ffda0b39ab,623,,,ALL,cassandra-1,True,False,4.584,2026-09-16T13:01:57.403398+00:00,
1c842de1-c4d8-4cca-a61c-04ffda0b39ab,monotonic_reads,network_partition,reader-1,read,mr-1c842de1-c4d8-4cca-a61c-04ffda0b39ab,,623,ONE,ALL,cassandra-1,True,False,3.371,2026-09-16T13:01:57.404575+00:00,
1c842de1-c4d8-4cca-a61c-04ffda0b39ab,monotonic_reads,network_partition,reader-1,read,mr-1c842de1-c4d8-4cca-a61c-04ffda0b39ab,,623,ONE,ALL,cassandra-2,True,False,3.677,2026-09-16T13:01:57.418955+00:00,
1c842de1-c4d8-4cca-a61c-04ffda0b39ab,monotonic_reads,network_partition,writer-1,write,mr-1c842de1-c4d8-4cca-a61c-04ffda0b39ab,624,,,ALL,cassandra-1,True,False,3.549,2026-09-16T13:01:57.429925+00:00,
1c842de1-c4d8-4cca-a61c-04ffda0b39ab,monotonic_reads,network_partition,reader-1,read,mr-1c842de1-c4d8-4cca-a61c-04ffda0b39ab,,624,ONE,ALL,cassandra-3,True,False,1.91,2026-09-16T13:01:57.431297+00:00,
1c842de1-c4d8-4cca-a61c-04ffda0b39ab,monotonic_reads,network_partition,reader-1,read,mr-1c842de1-c4d8-4cca-a61c-04ffda0b39ab,,624,ONE,ALL,cassandra-1,True,False,3.288,2026-09-16T13:01:57.446657+00:00,
1c842de1-c4d8-4cca-a61c-04ffda0b39ab,monotonic_reads,network_partition,writer-1,write,mr-1c842de1-c4d8-4cca-a61c-04ffda0b39ab,625,,,ALL,cassandra-1,True,False,3.479,2026-09-16T13:01:57.457745+00:00,
1c842de1-c4d8-4cca-a61c-04ffda0b39ab,monotonic_reads,network_partition,reader-1,read,mr-1c842de1-c4d8-4cca-a61c-04ffda0b39ab,,625,ONE,ALL,cassandra-2,True,False,3.21,2026-09-16T13:01:57.460451+00:00,
1c842de1-c4d8-4cca-a61c-04ffda0b39ab,monotonic_reads,network_partition,reader-1,read,mr-1c842de1-c4d8-4cca-a61c-04ffda0b39ab,,625,ONE,ALL,cassandra-3,True,False,2.975,2026-09-16T13:01:57.473852+00:00,
1c842de1-c4d8-4cca-a61c-04ffda0b39ab,monotonic_reads,network_partition,writer-1,write,mr-1c842de1-c4d8-4cca-a61c-04ffda0b39ab,626,,,ALL,cassandra-1,True,False,4.33,2026-09-16T13:01:57.485191+00:00,
1c842de1-c4d8-4cca-a61c-04ffda0b39ab,monotonic_reads,network_partition,reader-1,read,mr-1c842de1-c4d8-4cca-a61c-04ffda0b39ab,,626,ONE,ALL,cassandra-1,True,False,3.509,2026-09-16T13:01:57.488877+00:00,
1c842de1-c4d8-4cca-a61c-04ffda0b39ab,monotonic_reads,network_partition,reader-1,read,mr-1c842de1-c4d8-4cca-a61c-04ffda0b39ab,,626,ONE,ALL,cassandra-2,True,False,2.634,2026-09-16T13:01:57.502998+00:00,
1c842de1-c4d8-4cca-a61c-04ffda0b39ab,monotonic_reads,network_partition,writer-1,write,mr-1c842de1-c4d8-4cca-a61c-04ffda0b39ab,627,,,ALL,cassandra-1,True,False,4.206,2026-09-16T13:01:57.513613+00:00,
1c842de1-c4d8-4cca-a61c-04ffda0b39ab,monotonic_reads,network_partition,reader-1,read,mr-1c842de1-c4d8-4cca-a61c-04ffda0b39ab,,627,ONE,ALL,cassandra-3,True,False,3.155,2026-09-16T13:01:57.516451+00:00,
1c842de1-c4d8-4cca-a61c-04ffda0b39ab,monotonic_reads,network_partition,reader-1,read,mr-1c842de1-c4d8-4cca-a61c-04ffda0b39ab,,627,ONE,ALL,cassandra-1,True,False,4.119,2026-09-16T13:01:57.531499+00:00,
1c842de1-c4d8-4cca-a61c-04ffda0b39ab,monotonic_reads,network_partition,writer-1,write,mr-1c842de1-c4d8-4cca-a61c-04ffda0b39ab,628,,,ALL,cassandra-1,True,False,5.183,2026-09-16T13:01:57.539563+00:00,
1c842de1-c4d8-4cca-a61c-04ffda0b39ab,monotonic_reads,network_partition,reader-1,read,mr-1c842de1-c4d8-4cca-a61c-04ffda0b39ab,,628,ONE,ALL,cassandra-2,True,False,3.811,2026-09-16T13:01:57.547201+00:00,
1c842de1-c4d8-4cca-a61c-04ffda0b39ab,monotonic_reads,network_partition,reader-1,read,mr-1c842de1-c4d8-4cca-a61c-04ffda0b39ab,,628,ONE,ALL,cassandra-3,True,False,2.798,2026-09-16T13:01:57.562137+00:00,
1c842de1-c4d8-4cca-a61c-04ffda0b39ab,monotonic_reads,network_partition,writer-1,write,mr-1c842de1-c4d8-4cca-a61c-04ffda0b39ab,629,,,ALL,cassandra-1,True,False,3.965,2026-09-16T13:01:57.565167+00:00,
1c842de1-c4d8-4cca-a61c-04ffda0b39ab,monotonic_reads,network_partition,reader-1,read,mr-1c842de1-c4d8-4cca-a61c-04ffda0b39ab,,629,ONE,ALL,cassandra-1,True,False,4.739,2026-09-16T13:01:57.579118+00:00,
1c842de1-c4d8-4cca-a61c-04ffda0b39ab,monotonic_reads,network_partition,reader-1,read,mr-1c842de1-c4d8-4cca-a61c-04ffda0b39ab,,629,ONE,ALL,cassandra-2,True,False,3.744,2026-09-16T13:01:57.593830+00:00,
1c842de1-c4d8-4cca-a61c-04ffda0b39ab,monotonic_reads,network_partition,writer-1,write,mr-1c842de1-c4d8-4cca-a61c-04ffda0b39ab,630,,,ALL,cassandra-1,True,False,4.39,2026-09-16T13:01:57.594892+00:00,
1c842de1-c4d8-4cca-a61c-04ffda0b39ab,monotonic_reads,network_partition,reader-1,read,mr-1c842de1-c4d8-4cca-a61c-04ffda0b39ab,,630,ONE,ALL,cassandra-3,True,False,3.569,2026-09-16T13:01:57.609949+00:00,
1c842de1-c4d8-4cca-a61c-04ffda0b39ab,monotonic_reads,network_partition,writer-1,write,mr-1c842de1-c4d8-4cca-a61c-04ffda0b39ab,631,,,ALL,cassandra-1,True,False,4.769,2026-09-16T13:01:57.624159+00:00,
1c842de1-c4d8-4cca-a61c-04ffda0b39ab,monotonic_reads,network_partition,reader-1,read,mr-1c842de1-c4d8-4cca-a61c-04ffda0b39ab,,631,ONE,ALL,cassandra-1,True,False,3.838,2026-09-16T13:01:57.625705+00:00,
1c842de1-c4d8-4cca-a61c-04ffda0b39ab,monotonic_reads,network_partition,reader-1,read,mr-1c842de1-c4d8-4cca-a61c-04ffda0b39ab,,631,ONE,ALL,cassandra-2,True,False,2.594,2026-09-16T13:01:57.639942+00:00,
1c842de1-c4d8-4cca-a61c-04ffda0b39ab,monotonic_reads,network_partition,writer-1,write,mr-1c842de1-c4d8-4cca-a61c-04ffda0b39ab,632,,,ALL,cassandra-1,True,False,5.572,2026-09-16T13:01:57.653196+00:00,
1c842de1-c4d8-4cca-a61c-04ffda0b39ab,monotonic_reads,network_partition,reader-1,read,mr-1c842de1-c4d8-4cca-a61c-04ffda0b39ab,,632,ONE,ALL,cassandra-3,True,False,2.738,2026-09-16T13:01:57.654053+00:00,
1c842de1-c4d8-4cca-a61c-04ffda0b39ab,monotonic_reads,network_partition,reader-1,read,mr-1c842de1-c4d8-4cca-a61c-04ffda0b39ab,,632,ONE,ALL,cassandra-1,True,False,4.167,2026-09-16T13:01:57.670164+00:00,
1c842de1-c4d8-4cca-a61c-04ffda0b39ab,monotonic_reads,network_partition,writer-1,write,mr-1c842de1-c4d8-4cca-a61c-04ffda0b39ab,633,,,ALL,cassandra-1,True,False,3.845,2026-09-16T13:01:57.680238+00:00,
1c842de1-c4d8-4cca-a61c-04ffda0b39ab,monotonic_reads,network_partition,reader-1,read,mr-1c842de1-c4d8-4cca-a61c-04ffda0b39ab,,633,ONE,ALL,cassandra-2,True,False,3.283,2026-09-16T13:01:57.685660+00:00,
1c842de1-c4d8-4cca-a61c-04ffda0b39ab,monotonic_reads,network_partition,reader-1,read,mr-1c842de1-c4d8-4cca-a61c-04ffda0b39ab,,633,ONE,ALL,cassandra-3,True,False,7.649,2026-09-16T13:01:57.705456+00:00,
1c842de1-c4d8-4cca-a61c-04ffda0b39ab,monotonic_reads,network_partition,writer-1,write,mr-1c842de1-c4d8-4cca-a61c-04ffda0b39ab,634,,,ALL,cassandra-1,True,False,4.215,2026-09-16T13:01:57.706915+00:00,
1c842de1-c4d8-4cca-a61c-04ffda0b39ab,monotonic_reads,network_partition,reader-1,read,mr-1c842de1-c4d8-4cca-a61c-04ffda0b39ab,,634,ONE,ALL,cassandra-1,True,False,3.801,2026-09-16T13:01:57.720573+00:00,
1c842de1-c4d8-4cca-a61c-04ffda0b39ab,monotonic_reads,network_partition,reader-1,read,mr-1c842de1-c4d8-4cca-a61c-04ffda0b39ab,,634,ONE,ALL,cassandra-2,True,False,2.322,2026-09-16T13:01:57.735391+00:00,
1c842de1-c4d8-4cca-a61c-04ffda0b39ab,monotonic_reads,network_partition,writer-1,write,mr-1c842de1-c4d8-4cca-a61c-04ffda0b39ab,635,,,ALL,cassandra-1,True,False,4.658,2026-09-16T13:01:57.736030+00:00,
1c842de1-c4d8-4cca-a61c-04ffda0b39ab,monotonic_reads,network_partition,reader-1,read,mr-1c842de1-c4d8-4cca-a61c-04ffda0b39ab,,635,ONE,ALL,cassandra-3,True,False,7.05,2026-09-16T13:01:57.754142+00:00,
1c842de1-c4d8-4cca-a61c-04ffda0b39ab,monotonic_reads,network_partition,writer-1,write,mr-1c842de1-c4d8-4cca-a61c-04ffda0b39ab,636,,,ALL,cassandra-1,True,False,4.75,2026-09-16T13:01:57.761134+00:00,
1c842de1-c4d8-4cca-a61c-04ffda0b39ab,monotonic_reads,network_partition,reader-1,read,mr-1c842de1-c4d8-4cca-a61c-04ffda0b39ab,,636,ONE,ALL,cassandra-1,True,False,3.294,2026-09-16T13:01:57.768643+00:00,
1c842de1-c4d8-4cca-a61c-04ffda0b39ab,monotonic_reads,network_partition,reader-1,read,mr-1c842de1-c4d8-4cca-a61c-04ffda0b39ab,,636,ONE,ALL,cassandra-2,True,False,3.754,2026-09-16T13:01:57.783141+00:00,
1c842de1-c4d8-4cca-a61c-04ffda0b39ab,monotonic_reads,network_partition,writer-1,write,mr-1c842de1-c4d8-4cca-a61c-04ffda0b39ab,637,,,ALL,cassandra-1,True,False,4.341,2026-09-16T13:01:57.790324+00:00,
1c842de1-c4d8-4cca-a61c-04ffda0b39ab,monotonic_reads,network_partition,reader-1,read,mr-1c842de1-c4d8-4cca-a61c-04ffda0b39ab,,637,ONE,ALL,cassandra-3,True,False,2.718,2026-09-16T13:01:57.796073+00:00,
1c842de1-c4d8-4cca-a61c-04ffda0b39ab,monotonic_reads,network_partition,reader-1,read,mr-1c842de1-c4d8-4cca-a61c-04ffda0b39ab,,637,ONE,ALL,cassandra-1,True,False,3.629,2026-09-16T13:01:57.811511+00:00,
1c842de1-c4d8-4cca-a61c-04ffda0b39ab,monotonic_reads,network_partition,writer-1,write,mr-1c842de1-c4d8-4cca-a61c-04ffda0b39ab,638,,,ALL,cassandra-1,True,False,3.9,2026-09-16T13:01:57.817288+00:00,
1c842de1-c4d8-4cca-a61c-04ffda0b39ab,monotonic_reads,network_partition,reader-1,read,mr-1c842de1-c4d8-4cca-a61c-04ffda0b39ab,,638,ONE,ALL,cassandra-2,True,False,5.22,2026-09-16T13:01:57.827598+00:00,
1c842de1-c4d8-4cca-a61c-04ffda0b39ab,monotonic_reads,network_partition,reader-1,read,mr-1c842de1-c4d8-4cca-a61c-04ffda0b39ab,,638,ONE,ALL,cassandra-3,True,False,3.37,2026-09-16T13:01:57.843664+00:00,
1c842de1-c4d8-4cca-a61c-04ffda0b39ab,monotonic_reads,network_partition,writer-1,write,mr-1c842de1-c4d8-4cca-a61c-04ffda0b39ab,639,,,ALL,cassandra-1,True,False,4.759,2026-09-16T13:01:57.844130+00:00,
1c842de1-c4d8-4cca-a61c-04ffda0b39ab,monotonic_reads,network_partition,reader-1,read,mr-1c842de1-c4d8-4cca-a61c-04ffda0b39ab,,639,ONE,ALL,cassandra-1,True,False,13.565,2026-09-16T13:01:57.869269+00:00,
1c842de1-c4d8-4cca-a61c-04ffda0b39ab,monotonic_reads,network_partition,writer-1,write,mr-1c842de1-c4d8-4cca-a61c-04ffda0b39ab,640,,,ALL,cassandra-1,True,False,2.718,2026-09-16T13:01:57.870008+00:00,
1c842de1-c4d8-4cca-a61c-04ffda0b39ab,monotonic_reads,network_partition,reader-1,read,mr-1c842de1-c4d8-4cca-a61c-04ffda0b39ab,,640,ONE,ALL,cassandra-2,True,False,3.069,2026-09-16T13:01:57.884200+00:00,
1c842de1-c4d8-4cca-a61c-04ffda0b39ab,monotonic_reads,network_partition,writer-1,write,mr-1c842de1-c4d8-4cca-a61c-04ffda0b39ab,641,,,ALL,cassandra-1,True,False,4.205,2026-09-16T13:01:57.895609+00:00,
1c842de1-c4d8-4cca-a61c-04ffda0b39ab,monotonic_reads,network_partition,reader-1,read,mr-1c842de1-c4d8-4cca-a61c-04ffda0b39ab,,641,ONE,ALL,cassandra-3,True,False,3.147,2026-09-16T13:01:57.898121+00:00,
1c842de1-c4d8-4cca-a61c-04ffda0b39ab,monotonic_reads,network_partition,reader-1,read,mr-1c842de1-c4d8-4cca-a61c-04ffda0b39ab,,641,ONE,ALL,cassandra-1,True,False,4.154,2026-09-16T13:01:57.912555+00:00,
1c842de1-c4d8-4cca-a61c-04ffda0b39ab,monotonic_reads,network_partition,writer-1,write,mr-1c842de1-c4d8-4cca-a61c-04ffda0b39ab,642,,,ALL,cassandra-1,True,False,5.245,2026-09-16T13:01:57.921644+00:00,
1c842de1-c4d8-4cca-a61c-04ffda0b39ab,monotonic_reads,network_partition,reader-1,read,mr-1c842de1-c4d8-4cca-a61c-04ffda0b39ab,,642,ONE,ALL,cassandra-2,True,False,2.91,2026-09-16T13:01:57.926288+00:00,
1c842de1-c4d8-4cca-a61c-04ffda0b39ab,monotonic_reads,network_partition,reader-1,read,mr-1c842de1-c4d8-4cca-a61c-04ffda0b39ab,,642,ONE,ALL,cassandra-3,True,False,6.74,2026-09-16T13:01:57.945776+00:00,
1c842de1-c4d8-4cca-a61c-04ffda0b39ab,monotonic_reads,network_partition,writer-1,write,mr-1c842de1-c4d8-4cca-a61c-04ffda0b39ab,643,,,ALL,cassandra-1,True,False,4.366,2026-09-16T13:01:57.950272+00:00,
1c842de1-c4d8-4cca-a61c-04ffda0b39ab,monotonic_reads,network_partition,reader-1,read,mr-1c842de1-c4d8-4cca-a61c-04ffda0b39ab,,643,ONE,ALL,cassandra-1,True,False,4.218,2026-09-16T13:01:57.961877+00:00,
1c842de1-c4d8-4cca-a61c-04ffda0b39ab,monotonic_reads,network_partition,writer-1,write,mr-1c842de1-c4d8-4cca-a61c-04ffda0b39ab,644,,,ALL,cassandra-1,True,False,5.003,2026-09-16T13:01:57.977492+00:00,
1c842de1-c4d8-4cca-a61c-04ffda0b39ab,monotonic_reads,network_partition,reader-1,read,mr-1c842de1-c4d8-4cca-a61c-04ffda0b39ab,,644,ONE,ALL,cassandra-2,True,False,3.612,2026-09-16T13:01:57.978150+00:00,
1c842de1-c4d8-4cca-a61c-04ffda0b39ab,monotonic_reads,network_partition,reader-1,read,mr-1c842de1-c4d8-4cca-a61c-04ffda0b39ab,,644,ONE,ALL,cassandra-3,True,False,4.123,2026-09-16T13:01:57.993503+00:00,
1c842de1-c4d8-4cca-a61c-04ffda0b39ab,monotonic_reads,network_partition,writer-1,write,mr-1c842de1-c4d8-4cca-a61c-04ffda0b39ab,645,,,ALL,cassandra-1,True,False,5.845,2026-09-16T13:01:58.008235+00:00,
1c842de1-c4d8-4cca-a61c-04ffda0b39ab,monotonic_reads,network_partition,reader-1,read,mr-1c842de1-c4d8-4cca-a61c-04ffda0b39ab,,645,ONE,ALL,cassandra-1,True,False,4.251,2026-09-16T13:01:58.009939+00:00,
1c842de1-c4d8-4cca-a61c-04ffda0b39ab,monotonic_reads,network_partition,reader-1,read,mr-1c842de1-c4d8-4cca-a61c-04ffda0b39ab,,645,ONE,ALL,cassandra-2,True,False,3.658,2026-09-16T13:01:58.024046+00:00,
1c842de1-c4d8-4cca-a61c-04ffda0b39ab,monotonic_reads,network_partition,writer-1,write,mr-1c842de1-c4d8-4cca-a61c-04ffda0b39ab,646,,,ALL,cassandra-1,True,False,5.895,2026-09-16T13:01:58.036254+00:00,
1c842de1-c4d8-4cca-a61c-04ffda0b39ab,monotonic_reads,network_partition,reader-1,read,mr-1c842de1-c4d8-4cca-a61c-04ffda0b39ab,,646,ONE,ALL,cassandra-3,True,False,3.801,2026-09-16T13:01:58.038138+00:00,
1c842de1-c4d8-4cca-a61c-04ffda0b39ab,monotonic_reads,network_partition,reader-1,read,mr-1c842de1-c4d8-4cca-a61c-04ffda0b39ab,,646,ONE,ALL,cassandra-1,True,False,4.833,2026-09-16T13:01:58.053243+00:00,
1c842de1-c4d8-4cca-a61c-04ffda0b39ab,monotonic_reads,network_partition,writer-1,write,mr-1c842de1-c4d8-4cca-a61c-04ffda0b39ab,647,,,ALL,cassandra-1,True,False,5.056,2026-09-16T13:01:58.063444+00:00,
1c842de1-c4d8-4cca-a61c-04ffda0b39ab,monotonic_reads,network_partition,reader-1,read,mr-1c842de1-c4d8-4cca-a61c-04ffda0b39ab,,647,ONE,ALL,cassandra-2,True,False,3.411,2026-09-16T13:01:58.067870+00:00,
1c842de1-c4d8-4cca-a61c-04ffda0b39ab,monotonic_reads,network_partition,reader-1,read,mr-1c842de1-c4d8-4cca-a61c-04ffda0b39ab,,647,ONE,ALL,cassandra-3,True,False,4.009,2026-09-16T13:01:58.084414+00:00,
1c842de1-c4d8-4cca-a61c-04ffda0b39ab,monotonic_reads,network_partition,writer-1,write,mr-1c842de1-c4d8-4cca-a61c-04ffda0b39ab,648,,,ALL,cassandra-1,True,False,5.205,2026-09-16T13:01:58.090576+00:00,
1c842de1-c4d8-4cca-a61c-04ffda0b39ab,monotonic_reads,network_partition,reader-1,read,mr-1c842de1-c4d8-4cca-a61c-04ffda0b39ab,,648,ONE,ALL,cassandra-1,True,False,5.073,2026-09-16T13:01:58.100483+00:00,
1c842de1-c4d8-4cca-a61c-04ffda0b39ab,monotonic_reads,network_partition,reader-1,read,mr-1c842de1-c4d8-4cca-a61c-04ffda0b39ab,,648,ONE,ALL,cassandra-2,True,False,3.918,2026-09-16T13:01:58.117147+00:00,
1c842de1-c4d8-4cca-a61c-04ffda0b39ab,monotonic_reads,network_partition,writer-1,write,mr-1c842de1-c4d8-4cca-a61c-04ffda0b39ab,649,,,ALL,cassandra-1,True,False,4.852,2026-09-16T13:01:58.120230+00:00,
1c842de1-c4d8-4cca-a61c-04ffda0b39ab,monotonic_reads,network_partition,reader-1,read,mr-1c842de1-c4d8-4cca-a61c-04ffda0b39ab,,649,ONE,ALL,cassandra-3,True,False,4.202,2026-09-16T13:01:58.131581+00:00,
1c842de1-c4d8-4cca-a61c-04ffda0b39ab,monotonic_reads,network_partition,reader-1,read,mr-1c842de1-c4d8-4cca-a61c-04ffda0b39ab,,649,ONE,ALL,cassandra-1,True,False,4.46,2026-09-16T13:01:58.146839+00:00,
1c842de1-c4d8-4cca-a61c-04ffda0b39ab,monotonic_reads,network_partition,writer-1,write,mr-1c842de1-c4d8-4cca-a61c-04ffda0b39ab,650,,,ALL,cassandra-1,True,False,3.699,2026-09-16T13:01:58.148077+00:00,
1c842de1-c4d8-4cca-a61c-04ffda0b39ab,monotonic_reads,network_partition,reader-1,read,mr-1c842de1-c4d8-4cca-a61c-04ffda0b39ab,,650,ONE,ALL,cassandra-2,True,False,3.461,2026-09-16T13:01:58.161510+00:00,
1c842de1-c4d8-4cca-a61c-04ffda0b39ab,monotonic_reads,network_partition,writer-1,write,mr-1c842de1-c4d8-4cca-a61c-04ffda0b39ab,651,,,ALL,cassandra-1,True,False,5.91,2026-09-16T13:01:58.175302+00:00,
1c842de1-c4d8-4cca-a61c-04ffda0b39ab,monotonic_reads,network_partition,reader-1,read,mr-1c842de1-c4d8-4cca-a61c-04ffda0b39ab,,651,ONE,ALL,cassandra-3,True,False,3.362,2026-09-16T13:01:58.176608+00:00,
1c842de1-c4d8-4cca-a61c-04ffda0b39ab,monotonic_reads,network_partition,reader-1,read,mr-1c842de1-c4d8-4cca-a61c-04ffda0b39ab,,651,ONE,ALL,cassandra-1,True,False,14.334,2026-09-16T13:01:58.203379+00:00,
1c842de1-c4d8-4cca-a61c-04ffda0b39ab,monotonic_reads,network_partition,writer-1,write,mr-1c842de1-c4d8-4cca-a61c-04ffda0b39ab,652,,,ALL,cassandra-1,True,False,7.338,2026-09-16T13:01:58.206228+00:00,
1c842de1-c4d8-4cca-a61c-04ffda0b39ab,monotonic_reads,network_partition,reader-1,read,mr-1c842de1-c4d8-4cca-a61c-04ffda0b39ab,,652,ONE,ALL,cassandra-2,True,False,3.154,2026-09-16T13:01:58.219222+00:00,
1c842de1-c4d8-4cca-a61c-04ffda0b39ab,monotonic_reads,network_partition,writer-1,write,mr-1c842de1-c4d8-4cca-a61c-04ffda0b39ab,653,,,ALL,cassandra-1,True,False,3.957,2026-09-16T13:01:58.231336+00:00,
1c842de1-c4d8-4cca-a61c-04ffda0b39ab,monotonic_reads,network_partition,reader-1,read,mr-1c842de1-c4d8-4cca-a61c-04ffda0b39ab,,653,ONE,ALL,cassandra-3,True,False,3.046,2026-09-16T13:01:58.234495+00:00,
1c842de1-c4d8-4cca-a61c-04ffda0b39ab,monotonic_reads,network_partition,reader-1,read,mr-1c842de1-c4d8-4cca-a61c-04ffda0b39ab,,653,ONE,ALL,cassandra-1,True,False,5.051,2026-09-16T13:01:58.252240+00:00,
1c842de1-c4d8-4cca-a61c-04ffda0b39ab,monotonic_reads,network_partition,writer-1,write,mr-1c842de1-c4d8-4cca-a61c-04ffda0b39ab,654,,,ALL,cassandra-1,True,False,3.806,2026-09-16T13:01:58.256845+00:00,
1c842de1-c4d8-4cca-a61c-04ffda0b39ab,monotonic_reads,network_partition,reader-1,read,mr-1c842de1-c4d8-4cca-a61c-04ffda0b39ab,,654,ONE,ALL,cassandra-2,True,False,4.134,2026-09-16T13:01:58.267536+00:00,
1c842de1-c4d8-4cca-a61c-04ffda0b39ab,monotonic_reads,network_partition,reader-1,read,mr-1c842de1-c4d8-4cca-a61c-04ffda0b39ab,,654,ONE,ALL,cassandra-3,True,False,8.562,2026-09-16T13:01:58.287529+00:00,
1c842de1-c4d8-4cca-a61c-04ffda0b39ab,monotonic_reads,network_partition,writer-1,write,mr-1c842de1-c4d8-4cca-a61c-04ffda0b39ab,655,,,ALL,cassandra-1,True,False,6.781,2026-09-16T13:01:58.287883+00:00,
1c842de1-c4d8-4cca-a61c-04ffda0b39ab,monotonic_reads,network_partition,reader-1,read,mr-1c842de1-c4d8-4cca-a61c-04ffda0b39ab,,655,ONE,ALL,cassandra-1,True,False,3.945,2026-09-16T13:01:58.304351+00:00,
1c842de1-c4d8-4cca-a61c-04ffda0b39ab,monotonic_reads,network_partition,writer-1,write,mr-1c842de1-c4d8-4cca-a61c-04ffda0b39ab,656,,,ALL,cassandra-1,True,False,4.824,2026-09-16T13:01:58.317287+00:00,
1c842de1-c4d8-4cca-a61c-04ffda0b39ab,monotonic_reads,network_partition,reader-1,read,mr-1c842de1-c4d8-4cca-a61c-04ffda0b39ab,,656,ONE,ALL,cassandra-2,True,False,2.715,2026-09-16T13:01:58.317981+00:00,
1c842de1-c4d8-4cca-a61c-04ffda0b39ab,monotonic_reads,network_partition,reader-1,read,mr-1c842de1-c4d8-4cca-a61c-04ffda0b39ab,,656,ONE,ALL,cassandra-3,True,False,3.035,2026-09-16T13:01:58.331415+00:00,
1c842de1-c4d8-4cca-a61c-04ffda0b39ab,monotonic_reads,network_partition,writer-1,write,mr-1c842de1-c4d8-4cca-a61c-04ffda0b39ab,657,,,ALL,cassandra-1,True,False,3.874,2026-09-16T13:01:58.343272+00:00,
1c842de1-c4d8-4cca-a61c-04ffda0b39ab,monotonic_reads,network_partition,reader-1,read,mr-1c842de1-c4d8-4cca-a61c-04ffda0b39ab,,657,ONE,ALL,cassandra-1,True,False,3.535,2026-09-16T13:01:58.345851+00:00,
1c842de1-c4d8-4cca-a61c-04ffda0b39ab,monotonic_reads,network_partition,reader-1,read,mr-1c842de1-c4d8-4cca-a61c-04ffda0b39ab,,657,ONE,ALL,cassandra-2,True,False,3.264,2026-09-16T13:01:58.359653+00:00,
1c842de1-c4d8-4cca-a61c-04ffda0b39ab,monotonic_reads,network_partition,reader-1,read,mr-1c842de1-c4d8-4cca-a61c-04ffda0b39ab,,658,ONE,ALL,cassandra-3,True,False,2.081,2026-09-16T13:01:58.372464+00:00,
1c842de1-c4d8-4cca-a61c-04ffda0b39ab,monotonic_reads,network_partition,writer-1,write,mr-1c842de1-c4d8-4cca-a61c-04ffda0b39ab,658,,,ALL,cassandra-1,True,False,7.165,2026-09-16T13:01:58.372676+00:00,
1c842de1-c4d8-4cca-a61c-04ffda0b39ab,monotonic_reads,network_partition,reader-1,read,mr-1c842de1-c4d8-4cca-a61c-04ffda0b39ab,,658,ONE,ALL,cassandra-1,True,False,2.039,2026-09-16T13:01:58.387277+00:00,
1c842de1-c4d8-4cca-a61c-04ffda0b39ab,monotonic_reads,network_partition,reader-1,read,mr-1c842de1-c4d8-4cca-a61c-04ffda0b39ab,,658,ONE,ALL,cassandra-2,True,False,2.507,2026-09-16T13:01:58.400294+00:00,
1c842de1-c4d8-4cca-a61c-04ffda0b39ab,monotonic_reads,network_partition,writer-1,write,mr-1c842de1-c4d8-4cca-a61c-04ffda0b39ab,659,,,ALL,cassandra-1,True,False,4.625,2026-09-16T13:01:58.401973+00:00,
1c842de1-c4d8-4cca-a61c-04ffda0b39ab,monotonic_reads,network_partition,reader-1,read,mr-1c842de1-c4d8-4cca-a61c-04ffda0b39ab,,659,ONE,ALL,cassandra-3,True,False,12.029,2026-09-16T13:01:58.423122+00:00,
1c842de1-c4d8-4cca-a61c-04ffda0b39ab,monotonic_reads,network_partition,writer-1,write,mr-1c842de1-c4d8-4cca-a61c-04ffda0b39ab,660,,,ALL,cassandra-1,True,False,3.777,2026-09-16T13:01:58.429762+00:00,
1c842de1-c4d8-4cca-a61c-04ffda0b39ab,monotonic_reads,network_partition,reader-1,read,mr-1c842de1-c4d8-4cca-a61c-04ffda0b39ab,,660,ONE,ALL,cassandra-1,True,False,3.153,2026-09-16T13:01:58.438948+00:00,
1c842de1-c4d8-4cca-a61c-04ffda0b39ab,monotonic_reads,network_partition,reader-1,read,mr-1c842de1-c4d8-4cca-a61c-04ffda0b39ab,,660,ONE,ALL,cassandra-2,True,False,3.736,2026-09-16T13:01:58.455058+00:00,
1c842de1-c4d8-4cca-a61c-04ffda0b39ab,monotonic_reads,network_partition,writer-1,write,mr-1c842de1-c4d8-4cca-a61c-04ffda0b39ab,661,,,ALL,cassandra-1,True,False,4.387,2026-09-16T13:01:58.456169+00:00,
1c842de1-c4d8-4cca-a61c-04ffda0b39ab,monotonic_reads,network_partition,reader-1,read,mr-1c842de1-c4d8-4cca-a61c-04ffda0b39ab,,661,ONE,ALL,cassandra-3,True,False,3.474,2026-09-16T13:01:58.469841+00:00,
1c842de1-c4d8-4cca-a61c-04ffda0b39ab,monotonic_reads,network_partition,writer-1,write,mr-1c842de1-c4d8-4cca-a61c-04ffda0b39ab,662,,,ALL,cassandra-1,True,False,4.162,2026-09-16T13:01:58.485283+00:00,
1c842de1-c4d8-4cca-a61c-04ffda0b39ab,monotonic_reads,network_partition,reader-1,read,mr-1c842de1-c4d8-4cca-a61c-04ffda0b39ab,,662,ONE,ALL,cassandra-1,True,False,4.526,2026-09-16T13:01:58.486746+00:00,
1c842de1-c4d8-4cca-a61c-04ffda0b39ab,monotonic_reads,network_partition,reader-1,read,mr-1c842de1-c4d8-4cca-a61c-04ffda0b39ab,,662,ONE,ALL,cassandra-2,True,False,3.015,2026-09-16T13:01:58.501389+00:00,
1c842de1-c4d8-4cca-a61c-04ffda0b39ab,monotonic_reads,network_partition,reader-1,read,mr-1c842de1-c4d8-4cca-a61c-04ffda0b39ab,,663,ONE,ALL,cassandra-3,True,False,3.143,2026-09-16T13:01:58.515360+00:00,
1c842de1-c4d8-4cca-a61c-04ffda0b39ab,monotonic_reads,network_partition,writer-1,write,mr-1c842de1-c4d8-4cca-a61c-04ffda0b39ab,663,,,ALL,cassandra-1,True,False,6.27,2026-09-16T13:01:58.515644+00:00,
1c842de1-c4d8-4cca-a61c-04ffda0b39ab,monotonic_reads,network_partition,reader-1,read,mr-1c842de1-c4d8-4cca-a61c-04ffda0b39ab,,663,ONE,ALL,cassandra-1,True,False,9.772,2026-09-16T13:01:58.536207+00:00,
1c842de1-c4d8-4cca-a61c-04ffda0b39ab,monotonic_reads,network_partition,writer-1,write,mr-1c842de1-c4d8-4cca-a61c-04ffda0b39ab,664,,,ALL,cassandra-1,True,False,3.914,2026-09-16T13:01:58.543955+00:00,
1c842de1-c4d8-4cca-a61c-04ffda0b39ab,monotonic_reads,network_partition,reader-1,read,mr-1c842de1-c4d8-4cca-a61c-04ffda0b39ab,,664,ONE,ALL,cassandra-2,True,False,2.145,2026-09-16T13:01:58.550881+00:00,
1c842de1-c4d8-4cca-a61c-04ffda0b39ab,monotonic_reads,network_partition,reader-1,read,mr-1c842de1-c4d8-4cca-a61c-04ffda0b39ab,,664,ONE,ALL,cassandra-3,True,False,2.27,2026-09-16T13:01:58.563625+00:00,
1c842de1-c4d8-4cca-a61c-04ffda0b39ab,monotonic_reads,network_partition,writer-1,write,mr-1c842de1-c4d8-4cca-a61c-04ffda0b39ab,665,,,ALL,cassandra-1,True,False,3.969,2026-09-16T13:01:58.571330+00:00,
1c842de1-c4d8-4cca-a61c-04ffda0b39ab,monotonic_reads,network_partition,reader-1,read,mr-1c842de1-c4d8-4cca-a61c-04ffda0b39ab,,665,ONE,ALL,cassandra-1,True,False,11.703,2026-09-16T13:01:58.586083+00:00,
1c842de1-c4d8-4cca-a61c-04ffda0b39ab,monotonic_reads,network_partition,writer-1,write,mr-1c842de1-c4d8-4cca-a61c-04ffda0b39ab,666,,,ALL,cassandra-1,True,False,3.546,2026-09-16T13:01:58.596906+00:00,
1c842de1-c4d8-4cca-a61c-04ffda0b39ab,monotonic_reads,network_partition,reader-1,read,mr-1c842de1-c4d8-4cca-a61c-04ffda0b39ab,,666,ONE,ALL,cassandra-2,True,False,2.325,2026-09-16T13:01:58.600697+00:00,
1c842de1-c4d8-4cca-a61c-04ffda0b39ab,monotonic_reads,network_partition,reader-1,read,mr-1c842de1-c4d8-4cca-a61c-04ffda0b39ab,,666,ONE,ALL,cassandra-3,True,False,3.788,2026-09-16T13:01:58.615665+00:00,
1c842de1-c4d8-4cca-a61c-04ffda0b39ab,monotonic_reads,network_partition,writer-1,write,mr-1c842de1-c4d8-4cca-a61c-04ffda0b39ab,667,,,ALL,cassandra-1,True,False,4.665,2026-09-16T13:01:58.622499+00:00,
1c842de1-c4d8-4cca-a61c-04ffda0b39ab,monotonic_reads,network_partition,reader-1,read,mr-1c842de1-c4d8-4cca-a61c-04ffda0b39ab,,667,ONE,ALL,cassandra-1,True,False,4.219,2026-09-16T13:01:58.631951+00:00,
1c842de1-c4d8-4cca-a61c-04ffda0b39ab,monotonic_reads,network_partition,reader-1,read,mr-1c842de1-c4d8-4cca-a61c-04ffda0b39ab,,667,ONE,ALL,cassandra-2,True,False,2.979,2026-09-16T13:01:58.645365+00:00,
1c842de1-c4d8-4cca-a61c-04ffda0b39ab,monotonic_reads,network_partition,writer-1,write,mr-1c842de1-c4d8-4cca-a61c-04ffda0b39ab,668,,,ALL,cassandra-1,True,False,3.962,2026-09-16T13:01:58.648167+00:00,
1c842de1-c4d8-4cca-a61c-04ffda0b39ab,monotonic_reads,network_partition,reader-1,read,mr-1c842de1-c4d8-4cca-a61c-04ffda0b39ab,,668,ONE,ALL,cassandra-3,True,False,3.511,2026-09-16T13:01:58.661240+00:00,
1c842de1-c4d8-4cca-a61c-04ffda0b39ab,monotonic_reads,network_partition,reader-1,read,mr-1c842de1-c4d8-4cca-a61c-04ffda0b39ab,,668,ONE,ALL,cassandra-1,True,False,2.5,2026-09-16T13:01:58.676106+00:00,
1c842de1-c4d8-4cca-a61c-04ffda0b39ab,monotonic_reads,network_partition,writer-1,write,mr-1c842de1-c4d8-4cca-a61c-04ffda0b39ab,669,,,ALL,cassandra-1,True,False,4.658,2026-09-16T13:01:58.677895+00:00,
1c842de1-c4d8-4cca-a61c-04ffda0b39ab,monotonic_reads,network_partition,reader-1,read,mr-1c842de1-c4d8-4cca-a61c-04ffda0b39ab,,669,ONE,ALL,cassandra-2,True,False,2.789,2026-09-16T13:01:58.689147+00:00,
1c842de1-c4d8-4cca-a61c-04ffda0b39ab,monotonic_reads,network_partition,reader-1,read,mr-1c842de1-c4d8-4cca-a61c-04ffda0b39ab,,669,ONE,ALL,cassandra-3,True,False,3.644,2026-09-16T13:01:58.705403+00:00,
1c842de1-c4d8-4cca-a61c-04ffda0b39ab,monotonic_reads,network_partition,writer-1,write,mr-1c842de1-c4d8-4cca-a61c-04ffda0b39ab,670,,,ALL,cassandra-1,True,False,6.929,2026-09-16T13:01:58.707323+00:00,
1c842de1-c4d8-4cca-a61c-04ffda0b39ab,monotonic_reads,network_partition,reader-1,read,mr-1c842de1-c4d8-4cca-a61c-04ffda0b39ab,,670,ONE,ALL,cassandra-1,True,False,4.739,2026-09-16T13:01:58.722077+00:00,
1c842de1-c4d8-4cca-a61c-04ffda0b39ab,monotonic_reads,network_partition,writer-1,write,mr-1c842de1-c4d8-4cca-a61c-04ffda0b39ab,671,,,ALL,cassandra-1,True,False,6.078,2026-09-16T13:01:58.734640+00:00,
1c842de1-c4d8-4cca-a61c-04ffda0b39ab,monotonic_reads,network_partition,reader-1,read,mr-1c842de1-c4d8-4cca-a61c-04ffda0b39ab,,671,ONE,ALL,cassandra-2,True,False,3.346,2026-09-16T13:01:58.736683+00:00,
1c842de1-c4d8-4cca-a61c-04ffda0b39ab,monotonic_reads,network_partition,reader-1,read,mr-1c842de1-c4d8-4cca-a61c-04ffda0b39ab,,671,ONE,ALL,cassandra-3,True,False,1.637,2026-09-16T13:01:58.749415+00:00,
1c842de1-c4d8-4cca-a61c-04ffda0b39ab,monotonic_reads,network_partition,writer-1,write,mr-1c842de1-c4d8-4cca-a61c-04ffda0b39ab,672,,,ALL,cassandra-1,True,False,2.583,2026-09-16T13:01:58.760875+00:00,
1c842de1-c4d8-4cca-a61c-04ffda0b39ab,monotonic_reads,network_partition,reader-1,read,mr-1c842de1-c4d8-4cca-a61c-04ffda0b39ab,,672,ONE,ALL,cassandra-1,True,False,1.488,2026-09-16T13:01:58.761847+00:00,
1c842de1-c4d8-4cca-a61c-04ffda0b39ab,monotonic_reads,network_partition,reader-1,read,mr-1c842de1-c4d8-4cca-a61c-04ffda0b39ab,,672,ONE,ALL,cassandra-2,True,False,1.809,2026-09-16T13:01:58.776228+00:00,
1c842de1-c4d8-4cca-a61c-04ffda0b39ab,monotonic_reads,network_partition,writer-1,write,mr-1c842de1-c4d8-4cca-a61c-04ffda0b39ab,673,,,ALL,cassandra-1,True,False,3.427,2026-09-16T13:01:58.787741+00:00,
1c842de1-c4d8-4cca-a61c-04ffda0b39ab,monotonic_reads,network_partition,reader-1,read,mr-1c842de1-c4d8-4cca-a61c-04ffda0b39ab,,673,ONE,ALL,cassandra-3,True,False,1.48,2026-09-16T13:01:58.788077+00:00,
1c842de1-c4d8-4cca-a61c-04ffda0b39ab,monotonic_reads,network_partition,reader-1,read,mr-1c842de1-c4d8-4cca-a61c-04ffda0b39ab,,673,ONE,ALL,cassandra-1,True,False,1.813,2026-09-16T13:01:58.801963+00:00,
1c842de1-c4d8-4cca-a61c-04ffda0b39ab,monotonic_reads,network_partition,writer-1,write,mr-1c842de1-c4d8-4cca-a61c-04ffda0b39ab,674,,,ALL,cassandra-1,True,False,3.631,2026-09-16T13:01:58.814752+00:00,
1c842de1-c4d8-4cca-a61c-04ffda0b39ab,monotonic_reads,network_partition,reader-1,read,mr-1c842de1-c4d8-4cca-a61c-04ffda0b39ab,,674,ONE,ALL,cassandra-2,True,False,1.755,2026-09-16T13:01:58.816282+00:00,
1c842de1-c4d8-4cca-a61c-04ffda0b39ab,monotonic_reads,network_partition,reader-1,read,mr-1c842de1-c4d8-4cca-a61c-04ffda0b39ab,,674,ONE,ALL,cassandra-3,True,False,1.597,2026-09-16T13:01:58.828517+00:00,
1c842de1-c4d8-4cca-a61c-04ffda0b39ab,monotonic_reads,network_partition,writer-1,write,mr-1c842de1-c4d8-4cca-a61c-04ffda0b39ab,675,,,ALL,cassandra-1,True,False,2.797,2026-09-16T13:01:58.841831+00:00,
1c842de1-c4d8-4cca-a61c-04ffda0b39ab,monotonic_reads,network_partition,reader-1,read,mr-1c842de1-c4d8-4cca-a61c-04ffda0b39ab,,675,ONE,ALL,cassandra-1,True,False,2.898,2026-09-16T13:01:58.842916+00:00,
1c842de1-c4d8-4cca-a61c-04ffda0b39ab,monotonic_reads,network_partition,reader-1,read,mr-1c842de1-c4d8-4cca-a61c-04ffda0b39ab,,675,ONE,ALL,cassandra-2,True,False,1.597,2026-09-16T13:01:58.855508+00:00,
1c842de1-c4d8-4cca-a61c-04ffda0b39ab,monotonic_reads,network_partition,writer-1,write,mr-1c842de1-c4d8-4cca-a61c-04ffda0b39ab,676,,,ALL,cassandra-1,True,False,4.278,2026-09-16T13:01:58.869828+00:00,
1c842de1-c4d8-4cca-a61c-04ffda0b39ab,monotonic_reads,network_partition,reader-1,read,mr-1c842de1-c4d8-4cca-a61c-04ffda0b39ab,,676,ONE,ALL,cassandra-3,True,False,2.966,2026-09-16T13:01:58.871099+00:00,
1c842de1-c4d8-4cca-a61c-04ffda0b39ab,monotonic_reads,network_partition,reader-1,read,mr-1c842de1-c4d8-4cca-a61c-04ffda0b39ab,,676,ONE,ALL,cassandra-1,True,False,1.807,2026-09-16T13:01:58.885487+00:00,
1c842de1-c4d8-4cca-a61c-04ffda0b39ab,monotonic_reads,network_partition,writer-1,write,mr-1c842de1-c4d8-4cca-a61c-04ffda0b39ab,677,,,ALL,cassandra-1,True,False,2.414,2026-09-16T13:01:58.897849+00:00,
1c842de1-c4d8-4cca-a61c-04ffda0b39ab,monotonic_reads,network_partition,reader-1,read,mr-1c842de1-c4d8-4cca-a61c-04ffda0b39ab,,677,ONE,ALL,cassandra-2,True,False,2.181,2026-09-16T13:01:58.900284+00:00,
1c842de1-c4d8-4cca-a61c-04ffda0b39ab,monotonic_reads,network_partition,reader-1,read,mr-1c842de1-c4d8-4cca-a61c-04ffda0b39ab,,677,ONE,ALL,cassandra-3,True,False,2.369,2026-09-16T13:01:58.915252+00:00,
1c842de1-c4d8-4cca-a61c-04ffda0b39ab,monotonic_reads,network_partition,writer-1,write,mr-1c842de1-c4d8-4cca-a61c-04ffda0b39ab,678,,,ALL,cassandra-1,True,False,4.857,2026-09-16T13:01:58.927230+00:00,
1c842de1-c4d8-4cca-a61c-04ffda0b39ab,monotonic_reads,network_partition,reader-1,read,mr-1c842de1-c4d8-4cca-a61c-04ffda0b39ab,,678,ONE,ALL,cassandra-1,True,False,3.256,2026-09-16T13:01:58.929612+00:00,
1c842de1-c4d8-4cca-a61c-04ffda0b39ab,monotonic_reads,network_partition,reader-1,read,mr-1c842de1-c4d8-4cca-a61c-04ffda0b39ab,,678,ONE,ALL,cassandra-2,True,False,3.773,2026-09-16T13:01:58.945662+00:00,
1c842de1-c4d8-4cca-a61c-04ffda0b39ab,monotonic_reads,network_partition,writer-1,write,mr-1c842de1-c4d8-4cca-a61c-04ffda0b39ab,679,,,ALL,cassandra-1,True,False,5.013,2026-09-16T13:01:58.957413+00:00,
1c842de1-c4d8-4cca-a61c-04ffda0b39ab,monotonic_reads,network_partition,reader-1,read,mr-1c842de1-c4d8-4cca-a61c-04ffda0b39ab,,679,ONE,ALL,cassandra-3,True,False,2.53,2026-09-16T13:01:58.960041+00:00,
1c842de1-c4d8-4cca-a61c-04ffda0b39ab,monotonic_reads,network_partition,reader-1,read,mr-1c842de1-c4d8-4cca-a61c-04ffda0b39ab,,679,ONE,ALL,cassandra-1,True,False,3.944,2026-09-16T13:01:58.975336+00:00,
1c842de1-c4d8-4cca-a61c-04ffda0b39ab,monotonic_reads,network_partition,writer-1,write,mr-1c842de1-c4d8-4cca-a61c-04ffda0b39ab,680,,,ALL,cassandra-1,True,False,4.138,2026-09-16T13:01:58.982097+00:00,
1c842de1-c4d8-4cca-a61c-04ffda0b39ab,monotonic_reads,network_partition,reader-1,read,mr-1c842de1-c4d8-4cca-a61c-04ffda0b39ab,,680,ONE,ALL,cassandra-2,True,False,2.997,2026-09-16T13:01:58.989360+00:00,
1c842de1-c4d8-4cca-a61c-04ffda0b39ab,monotonic_reads,network_partition,reader-1,read,mr-1c842de1-c4d8-4cca-a61c-04ffda0b39ab,,680,ONE,ALL,cassandra-3,True,False,4.392,2026-09-16T13:01:59.005174+00:00,
1c842de1-c4d8-4cca-a61c-04ffda0b39ab,monotonic_reads,network_partition,writer-1,write,mr-1c842de1-c4d8-4cca-a61c-04ffda0b39ab,681,,,ALL,cassandra-1,True,False,4.026,2026-09-16T13:01:59.011168+00:00,
1c842de1-c4d8-4cca-a61c-04ffda0b39ab,monotonic_reads,network_partition,reader-1,read,mr-1c842de1-c4d8-4cca-a61c-04ffda0b39ab,,681,ONE,ALL,cassandra-1,True,False,3.739,2026-09-16T13:01:59.019135+00:00,
1c842de1-c4d8-4cca-a61c-04ffda0b39ab,monotonic_reads,network_partition,reader-1,read,mr-1c842de1-c4d8-4cca-a61c-04ffda0b39ab,,681,ONE,ALL,cassandra-2,True,False,3.909,2026-09-16T13:01:59.035193+00:00,
1c842de1-c4d8-4cca-a61c-04ffda0b39ab,monotonic_reads,network_partition,writer-1,write,mr-1c842de1-c4d8-4cca-a61c-04ffda0b39ab,682,,,ALL,cassandra-1,True,False,5.763,2026-09-16T13:01:59.039644+00:00,
1c842de1-c4d8-4cca-a61c-04ffda0b39ab,monotonic_reads,network_partition,reader-1,read,mr-1c842de1-c4d8-4cca-a61c-04ffda0b39ab,,682,ONE,ALL,cassandra-3,True,False,2.395,2026-09-16T13:01:59.048785+00:00,
1c842de1-c4d8-4cca-a61c-04ffda0b39ab,monotonic_reads,network_partition,reader-1,read,mr-1c842de1-c4d8-4cca-a61c-04ffda0b39ab,,682,ONE,ALL,cassandra-1,True,False,5.54,2026-09-16T13:01:59.065934+00:00,
1c842de1-c4d8-4cca-a61c-04ffda0b39ab,monotonic_reads,network_partition,writer-1,write,mr-1c842de1-c4d8-4cca-a61c-04ffda0b39ab,683,,,ALL,cassandra-1,True,False,5.076,2026-09-16T13:01:59.066285+00:00,
1c842de1-c4d8-4cca-a61c-04ffda0b39ab,monotonic_reads,network_partition,reader-1,read,mr-1c842de1-c4d8-4cca-a61c-04ffda0b39ab,,683,ONE,ALL,cassandra-2,True,False,1.662,2026-09-16T13:01:59.078036+00:00,
1c842de1-c4d8-4cca-a61c-04ffda0b39ab,monotonic_reads,network_partition,reader-1,read,mr-1c842de1-c4d8-4cca-a61c-04ffda0b39ab,,684,ONE,ALL,cassandra-3,True,False,3.274,2026-09-16T13:01:59.093485+00:00,
1c842de1-c4d8-4cca-a61c-04ffda0b39ab,monotonic_reads,network_partition,writer-1,write,mr-1c842de1-c4d8-4cca-a61c-04ffda0b39ab,684,,,ALL,cassandra-1,True,False,5.435,2026-09-16T13:01:59.093805+00:00,
1c842de1-c4d8-4cca-a61c-04ffda0b39ab,monotonic_reads,network_partition,reader-1,read,mr-1c842de1-c4d8-4cca-a61c-04ffda0b39ab,,684,ONE,ALL,cassandra-1,True,False,2.659,2026-09-16T13:01:59.107032+00:00,
1c842de1-c4d8-4cca-a61c-04ffda0b39ab,monotonic_reads,network_partition,reader-1,read,mr-1c842de1-c4d8-4cca-a61c-04ffda0b39ab,,684,ONE,ALL,cassandra-2,True,False,3.375,2026-09-16T13:01:59.120748+00:00,
1c842de1-c4d8-4cca-a61c-04ffda0b39ab,monotonic_reads,network_partition,writer-1,write,mr-1c842de1-c4d8-4cca-a61c-04ffda0b39ab,685,,,ALL,cassandra-1,True,False,4.207,2026-09-16T13:01:59.121936+00:00,
1c842de1-c4d8-4cca-a61c-04ffda0b39ab,monotonic_reads,network_partition,reader-1,read,mr-1c842de1-c4d8-4cca-a61c-04ffda0b39ab,,685,ONE,ALL,cassandra-3,True,False,3.246,2026-09-16T13:01:59.134632+00:00,
1c842de1-c4d8-4cca-a61c-04ffda0b39ab,monotonic_reads,network_partition,writer-1,write,mr-1c842de1-c4d8-4cca-a61c-04ffda0b39ab,686,,,ALL,cassandra-1,True,False,3.858,2026-09-16T13:01:59.146237+00:00,
1c842de1-c4d8-4cca-a61c-04ffda0b39ab,monotonic_reads,network_partition,reader-1,read,mr-1c842de1-c4d8-4cca-a61c-04ffda0b39ab,,686,ONE,ALL,cassandra-1,True,False,3.665,2026-09-16T13:01:59.149989+00:00,
1c842de1-c4d8-4cca-a61c-04ffda0b39ab,monotonic_reads,network_partition,reader-1,read,mr-1c842de1-c4d8-4cca-a61c-04ffda0b39ab,,686,ONE,ALL,cassandra-2,True,False,3.365,2026-09-16T13:01:59.163756+00:00,
1c842de1-c4d8-4cca-a61c-04ffda0b39ab,monotonic_reads,network_partition,writer-1,write,mr-1c842de1-c4d8-4cca-a61c-04ffda0b39ab,687,,,ALL,cassandra-1,True,False,5.223,2026-09-16T13:01:59.175520+00:00,
1c842de1-c4d8-4cca-a61c-04ffda0b39ab,monotonic_reads,network_partition,reader-1,read,mr-1c842de1-c4d8-4cca-a61c-04ffda0b39ab,,687,ONE,ALL,cassandra-3,True,False,3.017,2026-09-16T13:01:59.177242+00:00,
1c842de1-c4d8-4cca-a61c-04ffda0b39ab,monotonic_reads,network_partition,reader-1,read,mr-1c842de1-c4d8-4cca-a61c-04ffda0b39ab,,687,ONE,ALL,cassandra-1,True,False,4.002,2026-09-16T13:01:59.191442+00:00,
1c842de1-c4d8-4cca-a61c-04ffda0b39ab,monotonic_reads,network_partition,writer-1,write,mr-1c842de1-c4d8-4cca-a61c-04ffda0b39ab,688,,,ALL,cassandra-1,True,False,5.371,2026-09-16T13:01:59.201637+00:00,
1c842de1-c4d8-4cca-a61c-04ffda0b39ab,monotonic_reads,network_partition,reader-1,read,mr-1c842de1-c4d8-4cca-a61c-04ffda0b39ab,,688,ONE,ALL,cassandra-2,True,False,2.961,2026-09-16T13:01:59.205357+00:00,
1c842de1-c4d8-4cca-a61c-04ffda0b39ab,monotonic_reads,network_partition,reader-1,read,mr-1c842de1-c4d8-4cca-a61c-04ffda0b39ab,,688,ONE,ALL,cassandra-3,True,False,3.569,2026-09-16T13:01:59.219953+00:00,
1c842de1-c4d8-4cca-a61c-04ffda0b39ab,monotonic_reads,network_partition,writer-1,write,mr-1c842de1-c4d8-4cca-a61c-04ffda0b39ab,689,,,ALL,cassandra-1,True,False,4.817,2026-09-16T13:01:59.227193+00:00,
1c842de1-c4d8-4cca-a61c-04ffda0b39ab,monotonic_reads,network_partition,reader-1,read,mr-1c842de1-c4d8-4cca-a61c-04ffda0b39ab,,689,ONE,ALL,cassandra-1,True,False,3.529,2026-09-16T13:01:59.234981+00:00,
1c842de1-c4d8-4cca-a61c-04ffda0b39ab,monotonic_reads,network_partition,reader-1,read,mr-1c842de1-c4d8-4cca-a61c-04ffda0b39ab,,689,ONE,ALL,cassandra-2,True,False,5.121,2026-09-16T13:01:59.252499+00:00,
1c842de1-c4d8-4cca-a61c-04ffda0b39ab,monotonic_reads,network_partition,writer-1,write,mr-1c842de1-c4d8-4cca-a61c-04ffda0b39ab,690,,,ALL,cassandra-1,True,False,4.629,2026-09-16T13:01:59.253205+00:00,
1c842de1-c4d8-4cca-a61c-04ffda0b39ab,monotonic_reads,network_partition,reader-1,read,mr-1c842de1-c4d8-4cca-a61c-04ffda0b39ab,,690,ONE,ALL,cassandra-3,True,False,3.774,2026-09-16T13:01:59.268238+00:00,
1c842de1-c4d8-4cca-a61c-04ffda0b39ab,monotonic_reads,network_partition,writer-1,write,mr-1c842de1-c4d8-4cca-a61c-04ffda0b39ab,691,,,ALL,cassandra-1,True,False,4.069,2026-09-16T13:01:59.277453+00:00,
1c842de1-c4d8-4cca-a61c-04ffda0b39ab,monotonic_reads,network_partition,reader-1,read,mr-1c842de1-c4d8-4cca-a61c-04ffda0b39ab,,691,ONE,ALL,cassandra-1,True,False,3.611,2026-09-16T13:01:59.282984+00:00,
1c842de1-c4d8-4cca-a61c-04ffda0b39ab,monotonic_reads,network_partition,reader-1,read,mr-1c842de1-c4d8-4cca-a61c-04ffda0b39ab,,691,ONE,ALL,cassandra-2,True,False,3.189,2026-09-16T13:01:59.298789+00:00,
1c842de1-c4d8-4cca-a61c-04ffda0b39ab,monotonic_reads,network_partition,writer-1,write,mr-1c842de1-c4d8-4cca-a61c-04ffda0b39ab,692,,,ALL,cassandra-1,True,False,5.679,2026-09-16T13:01:59.306504+00:00,
1c842de1-c4d8-4cca-a61c-04ffda0b39ab,monotonic_reads,network_partition,reader-1,read,mr-1c842de1-c4d8-4cca-a61c-04ffda0b39ab,,692,ONE,ALL,cassandra-3,True,False,3.239,2026-09-16T13:01:59.313471+00:00,
1c842de1-c4d8-4cca-a61c-04ffda0b39ab,monotonic_reads,network_partition,reader-1,read,mr-1c842de1-c4d8-4cca-a61c-04ffda0b39ab,,692,ONE,ALL,cassandra-1,True,False,3.373,2026-09-16T13:01:59.329374+00:00,
1c842de1-c4d8-4cca-a61c-04ffda0b39ab,monotonic_reads,network_partition,writer-1,write,mr-1c842de1-c4d8-4cca-a61c-04ffda0b39ab,693,,,ALL,cassandra-1,True,False,6.865,2026-09-16T13:01:59.338011+00:00,
1c842de1-c4d8-4cca-a61c-04ffda0b39ab,monotonic_reads,network_partition,reader-1,read,mr-1c842de1-c4d8-4cca-a61c-04ffda0b39ab,,693,ONE,ALL,cassandra-2,True,False,4.143,2026-09-16T13:01:59.345526+00:00,
1c842de1-c4d8-4cca-a61c-04ffda0b39ab,monotonic_reads,network_partition,reader-1,read,mr-1c842de1-c4d8-4cca-a61c-04ffda0b39ab,,693,ONE,ALL,cassandra-3,True,False,2.043,2026-09-16T13:01:59.359597+00:00,
1c842de1-c4d8-4cca-a61c-04ffda0b39ab,monotonic_reads,network_partition,writer-1,write,mr-1c842de1-c4d8-4cca-a61c-04ffda0b39ab,694,,,ALL,cassandra-1,True,False,4.157,2026-09-16T13:01:59.366533+00:00,
1c842de1-c4d8-4cca-a61c-04ffda0b39ab,monotonic_reads,network_partition,reader-1,read,mr-1c842de1-c4d8-4cca-a61c-04ffda0b39ab,,694,ONE,ALL,cassandra-1,True,False,3.88,2026-09-16T13:01:59.374266+00:00,
1c842de1-c4d8-4cca-a61c-04ffda0b39ab,monotonic_reads,network_partition,reader-1,read,mr-1c842de1-c4d8-4cca-a61c-04ffda0b39ab,,694,ONE,ALL,cassandra-2,True,False,3.047,2026-09-16T13:01:59.389042+00:00,
1c842de1-c4d8-4cca-a61c-04ffda0b39ab,monotonic_reads,network_partition,writer-1,write,mr-1c842de1-c4d8-4cca-a61c-04ffda0b39ab,695,,,ALL,cassandra-1,True,False,4.172,2026-09-16T13:01:59.393286+00:00,
1c842de1-c4d8-4cca-a61c-04ffda0b39ab,monotonic_reads,network_partition,reader-1,read,mr-1c842de1-c4d8-4cca-a61c-04ffda0b39ab,,695,ONE,ALL,cassandra-3,True,False,3.051,2026-09-16T13:01:59.404425+00:00,
1c842de1-c4d8-4cca-a61c-04ffda0b39ab,monotonic_reads,network_partition,reader-1,read,mr-1c842de1-c4d8-4cca-a61c-04ffda0b39ab,,695,ONE,ALL,cassandra-1,True,False,3.53,2026-09-16T13:01:59.420002+00:00,
1c842de1-c4d8-4cca-a61c-04ffda0b39ab,monotonic_reads,network_partition,writer-1,write,mr-1c842de1-c4d8-4cca-a61c-04ffda0b39ab,696,,,ALL,cassandra-1,True,False,6.407,2026-09-16T13:01:59.422236+00:00,
1c842de1-c4d8-4cca-a61c-04ffda0b39ab,monotonic_reads,network_partition,reader-1,read,mr-1c842de1-c4d8-4cca-a61c-04ffda0b39ab,,696,ONE,ALL,cassandra-2,True,False,3.283,2026-09-16T13:01:59.434676+00:00,
1c842de1-c4d8-4cca-a61c-04ffda0b39ab,monotonic_reads,network_partition,reader-1,read,mr-1c842de1-c4d8-4cca-a61c-04ffda0b39ab,,696,ONE,ALL,cassandra-3,True,False,4.305,2026-09-16T13:01:59.451157+00:00,
1c842de1-c4d8-4cca-a61c-04ffda0b39ab,monotonic_reads,network_partition,writer-1,write,mr-1c842de1-c4d8-4cca-a61c-04ffda0b39ab,697,,,ALL,cassandra-1,True,False,6.958,2026-09-16T13:01:59.453362+00:00,
1c842de1-c4d8-4cca-a61c-04ffda0b39ab,monotonic_reads,network_partition,reader-1,read,mr-1c842de1-c4d8-4cca-a61c-04ffda0b39ab,,697,ONE,ALL,cassandra-1,True,False,3.0,2026-09-16T13:01:59.466419+00:00,
1c842de1-c4d8-4cca-a61c-04ffda0b39ab,monotonic_reads,network_partition,writer-1,write,mr-1c842de1-c4d8-4cca-a61c-04ffda0b39ab,698,,,ALL,cassandra-1,True,False,4.911,2026-09-16T13:01:59.479318+00:00,
1c842de1-c4d8-4cca-a61c-04ffda0b39ab,monotonic_reads,network_partition,reader-1,read,mr-1c842de1-c4d8-4cca-a61c-04ffda0b39ab,,698,ONE,ALL,cassandra-2,True,False,3.14,2026-09-16T13:01:59.482560+00:00,
1c842de1-c4d8-4cca-a61c-04ffda0b39ab,monotonic_reads,network_partition,reader-1,read,mr-1c842de1-c4d8-4cca-a61c-04ffda0b39ab,,698,ONE,ALL,cassandra-3,True,False,3.691,2026-09-16T13:01:59.498086+00:00,
1c842de1-c4d8-4cca-a61c-04ffda0b39ab,monotonic_reads,network_partition,writer-1,write,mr-1c842de1-c4d8-4cca-a61c-04ffda0b39ab,699,,,ALL,cassandra-1,True,False,6.096,2026-09-16T13:01:59.507480+00:00,
1c842de1-c4d8-4cca-a61c-04ffda0b39ab,monotonic_reads,network_partition,reader-1,read,mr-1c842de1-c4d8-4cca-a61c-04ffda0b39ab,,699,ONE,ALL,cassandra-1,True,False,3.653,2026-09-16T13:01:59.513034+00:00,
1c842de1-c4d8-4cca-a61c-04ffda0b39ab,monotonic_reads,network_partition,reader-1,read,mr-1c842de1-c4d8-4cca-a61c-04ffda0b39ab,,699,ONE,ALL,cassandra-2,True,False,4.749,2026-09-16T13:01:59.529148+00:00,
1c842de1-c4d8-4cca-a61c-04ffda0b39ab,monotonic_reads,network_partition,writer-1,write,mr-1c842de1-c4d8-4cca-a61c-04ffda0b39ab,700,,,ALL,cassandra-1,True,False,5.232,2026-09-16T13:01:59.534496+00:00,
1c842de1-c4d8-4cca-a61c-04ffda0b39ab,monotonic_reads,network_partition,reader-1,read,mr-1c842de1-c4d8-4cca-a61c-04ffda0b39ab,,700,ONE,ALL,cassandra-3,True,False,4.298,2026-09-16T13:01:59.546663+00:00,
1c842de1-c4d8-4cca-a61c-04ffda0b39ab,monotonic_reads,network_partition,reader-1,read,mr-1c842de1-c4d8-4cca-a61c-04ffda0b39ab,,700,ONE,ALL,cassandra-1,True,False,4.254,2026-09-16T13:01:59.561635+00:00,
1c842de1-c4d8-4cca-a61c-04ffda0b39ab,monotonic_reads,network_partition,writer-1,write,mr-1c842de1-c4d8-4cca-a61c-04ffda0b39ab,701,,,ALL,cassandra-1,True,False,5.209,2026-09-16T13:01:59.562993+00:00,
1c842de1-c4d8-4cca-a61c-04ffda0b39ab,monotonic_reads,network_partition,reader-1,read,mr-1c842de1-c4d8-4cca-a61c-04ffda0b39ab,,701,ONE,ALL,cassandra-2,True,False,2.887,2026-09-16T13:01:59.575306+00:00,
1c842de1-c4d8-4cca-a61c-04ffda0b39ab,monotonic_reads,network_partition,writer-1,write,mr-1c842de1-c4d8-4cca-a61c-04ffda0b39ab,702,,,ALL,cassandra-1,True,False,3.976,2026-09-16T13:01:59.589983+00:00,
1c842de1-c4d8-4cca-a61c-04ffda0b39ab,monotonic_reads,network_partition,reader-1,read,mr-1c842de1-c4d8-4cca-a61c-04ffda0b39ab,,702,ONE,ALL,cassandra-3,True,False,2.679,2026-09-16T13:01:59.590701+00:00,
1c842de1-c4d8-4cca-a61c-04ffda0b39ab,monotonic_reads,network_partition,reader-1,read,mr-1c842de1-c4d8-4cca-a61c-04ffda0b39ab,,702,ONE,ALL,cassandra-1,True,False,2.38,2026-09-16T13:01:59.604686+00:00,
1c842de1-c4d8-4cca-a61c-04ffda0b39ab,monotonic_reads,network_partition,writer-1,write,mr-1c842de1-c4d8-4cca-a61c-04ffda0b39ab,703,,,ALL,cassandra-1,True,False,4.027,2026-09-16T13:01:59.615416+00:00,
1c842de1-c4d8-4cca-a61c-04ffda0b39ab,monotonic_reads,network_partition,reader-1,read,mr-1c842de1-c4d8-4cca-a61c-04ffda0b39ab,,703,ONE,ALL,cassandra-2,True,False,2.964,2026-09-16T13:01:59.618460+00:00,
1c842de1-c4d8-4cca-a61c-04ffda0b39ab,monotonic_reads,network_partition,reader-1,read,mr-1c842de1-c4d8-4cca-a61c-04ffda0b39ab,,703,ONE,ALL,cassandra-3,True,False,3.043,2026-09-16T13:01:59.633731+00:00,
1c842de1-c4d8-4cca-a61c-04ffda0b39ab,monotonic_reads,network_partition,writer-1,write,mr-1c842de1-c4d8-4cca-a61c-04ffda0b39ab,704,,,ALL,cassandra-1,True,False,5.936,2026-09-16T13:01:59.642166+00:00,
1c842de1-c4d8-4cca-a61c-04ffda0b39ab,monotonic_reads,network_partition,reader-1,read,mr-1c842de1-c4d8-4cca-a61c-04ffda0b39ab,,704,ONE,ALL,cassandra-1,True,False,3.872,2026-09-16T13:01:59.649869+00:00,
1c842de1-c4d8-4cca-a61c-04ffda0b39ab,monotonic_reads,network_partition,reader-1,read,mr-1c842de1-c4d8-4cca-a61c-04ffda0b39ab,,704,ONE,ALL,cassandra-2,True,False,2.714,2026-09-16T13:01:59.664815+00:00,
1c842de1-c4d8-4cca-a61c-04ffda0b39ab,monotonic_reads,network_partition,writer-1,write,mr-1c842de1-c4d8-4cca-a61c-04ffda0b39ab,705,,,ALL,cassandra-1,True,False,4.719,2026-09-16T13:01:59.670291+00:00,
1c842de1-c4d8-4cca-a61c-04ffda0b39ab,monotonic_reads,network_partition,reader-1,read,mr-1c842de1-c4d8-4cca-a61c-04ffda0b39ab,,705,ONE,ALL,cassandra-3,True,False,5.164,2026-09-16T13:01:59.682737+00:00,
1c842de1-c4d8-4cca-a61c-04ffda0b39ab,monotonic_reads,network_partition,writer-1,write,mr-1c842de1-c4d8-4cca-a61c-04ffda0b39ab,706,,,ALL,cassandra-1,True,False,5.697,2026-09-16T13:01:59.697134+00:00,
1c842de1-c4d8-4cca-a61c-04ffda0b39ab,monotonic_reads,network_partition,reader-1,read,mr-1c842de1-c4d8-4cca-a61c-04ffda0b39ab,,706,ONE,ALL,cassandra-1,True,False,4.429,2026-09-16T13:01:59.697817+00:00,
1c842de1-c4d8-4cca-a61c-04ffda0b39ab,monotonic_reads,network_partition,reader-1,read,mr-1c842de1-c4d8-4cca-a61c-04ffda0b39ab,,706,ONE,ALL,cassandra-2,True,False,2.657,2026-09-16T13:01:59.713027+00:00,
1c842de1-c4d8-4cca-a61c-04ffda0b39ab,monotonic_reads,network_partition,writer-1,write,mr-1c842de1-c4d8-4cca-a61c-04ffda0b39ab,707,,,ALL,cassandra-1,True,False,3.957,2026-09-16T13:01:59.723315+00:00,
1c842de1-c4d8-4cca-a61c-04ffda0b39ab,monotonic_reads,network_partition,reader-1,read,mr-1c842de1-c4d8-4cca-a61c-04ffda0b39ab,,707,ONE,ALL,cassandra-3,True,False,2.094,2026-09-16T13:01:59.727474+00:00,
1c842de1-c4d8-4cca-a61c-04ffda0b39ab,monotonic_reads,network_partition,reader-1,read,mr-1c842de1-c4d8-4cca-a61c-04ffda0b39ab,,707,ONE,ALL,cassandra-1,True,False,2.12,2026-09-16T13:01:59.740495+00:00,
1c842de1-c4d8-4cca-a61c-04ffda0b39ab,monotonic_reads,network_partition,writer-1,write,mr-1c842de1-c4d8-4cca-a61c-04ffda0b39ab,708,,,ALL,cassandra-1,True,False,4.809,2026-09-16T13:01:59.753211+00:00,
1c842de1-c4d8-4cca-a61c-04ffda0b39ab,monotonic_reads,network_partition,reader-1,read,mr-1c842de1-c4d8-4cca-a61c-04ffda0b39ab,,708,ONE,ALL,cassandra-2,True,False,2.497,2026-09-16T13:01:59.755007+00:00,
1c842de1-c4d8-4cca-a61c-04ffda0b39ab,monotonic_reads,network_partition,reader-1,read,mr-1c842de1-c4d8-4cca-a61c-04ffda0b39ab,,708,ONE,ALL,cassandra-3,True,False,2.78,2026-09-16T13:01:59.770380+00:00,
1c842de1-c4d8-4cca-a61c-04ffda0b39ab,monotonic_reads,network_partition,writer-1,write,mr-1c842de1-c4d8-4cca-a61c-04ffda0b39ab,709,,,ALL,cassandra-1,True,False,4.753,2026-09-16T13:01:59.778155+00:00,
1c842de1-c4d8-4cca-a61c-04ffda0b39ab,monotonic_reads,network_partition,reader-1,read,mr-1c842de1-c4d8-4cca-a61c-04ffda0b39ab,,709,ONE,ALL,cassandra-1,True,False,3.06,2026-09-16T13:01:59.784436+00:00,
1c842de1-c4d8-4cca-a61c-04ffda0b39ab,monotonic_reads,network_partition,reader-1,read,mr-1c842de1-c4d8-4cca-a61c-04ffda0b39ab,,709,ONE,ALL,cassandra-2,True,False,2.442,2026-09-16T13:01:59.799506+00:00,
1c842de1-c4d8-4cca-a61c-04ffda0b39ab,monotonic_reads,network_partition,writer-1,write,mr-1c842de1-c4d8-4cca-a61c-04ffda0b39ab,710,,,ALL,cassandra-1,True,False,3.617,2026-09-16T13:01:59.805992+00:00,
1c842de1-c4d8-4cca-a61c-04ffda0b39ab,monotonic_reads,network_partition,reader-1,read,mr-1c842de1-c4d8-4cca-a61c-04ffda0b39ab,,710,ONE,ALL,cassandra-3,True,False,2.453,2026-09-16T13:01:59.812822+00:00,
1c842de1-c4d8-4cca-a61c-04ffda0b39ab,monotonic_reads,network_partition,reader-1,read,mr-1c842de1-c4d8-4cca-a61c-04ffda0b39ab,,710,ONE,ALL,cassandra-1,True,False,5.683,2026-09-16T13:01:59.830377+00:00,
1c842de1-c4d8-4cca-a61c-04ffda0b39ab,monotonic_reads,network_partition,writer-1,write,mr-1c842de1-c4d8-4cca-a61c-04ffda0b39ab,711,,,ALL,cassandra-1,True,False,6.111,2026-09-16T13:01:59.833514+00:00,
1c842de1-c4d8-4cca-a61c-04ffda0b39ab,monotonic_reads,network_partition,reader-1,read,mr-1c842de1-c4d8-4cca-a61c-04ffda0b39ab,,711,ONE,ALL,cassandra-2,True,False,4.08,2026-09-16T13:01:59.846480+00:00,
1c842de1-c4d8-4cca-a61c-04ffda0b39ab,monotonic_reads,network_partition,reader-1,read,mr-1c842de1-c4d8-4cca-a61c-04ffda0b39ab,,711,ONE,ALL,cassandra-3,True,False,2.795,2026-09-16T13:01:59.859726+00:00,
1c842de1-c4d8-4cca-a61c-04ffda0b39ab,monotonic_reads,network_partition,writer-1,write,mr-1c842de1-c4d8-4cca-a61c-04ffda0b39ab,712,,,ALL,cassandra-1,True,False,5.049,2026-09-16T13:01:59.861370+00:00,
1c842de1-c4d8-4cca-a61c-04ffda0b39ab,monotonic_reads,network_partition,reader-1,read,mr-1c842de1-c4d8-4cca-a61c-04ffda0b39ab,,712,ONE,ALL,cassandra-1,True,False,3.541,2026-09-16T13:01:59.873921+00:00,
1c842de1-c4d8-4cca-a61c-04ffda0b39ab,monotonic_reads,network_partition,writer-1,write,mr-1c842de1-c4d8-4cca-a61c-04ffda0b39ab,713,,,ALL,cassandra-1,True,False,5.18,2026-09-16T13:01:59.887584+00:00,
1c842de1-c4d8-4cca-a61c-04ffda0b39ab,monotonic_reads,network_partition,reader-1,read,mr-1c842de1-c4d8-4cca-a61c-04ffda0b39ab,,713,ONE,ALL,cassandra-2,True,False,4.089,2026-09-16T13:01:59.888514+00:00,
1c842de1-c4d8-4cca-a61c-04ffda0b39ab,monotonic_reads,network_partition,reader-1,read,mr-1c842de1-c4d8-4cca-a61c-04ffda0b39ab,,713,ONE,ALL,cassandra-3,True,False,3.563,2026-09-16T13:01:59.903564+00:00,
1c842de1-c4d8-4cca-a61c-04ffda0b39ab,monotonic_reads,network_partition,writer-1,write,mr-1c842de1-c4d8-4cca-a61c-04ffda0b39ab,714,,,ALL,cassandra-1,True,False,5.157,2026-09-16T13:01:59.914545+00:00,
1c842de1-c4d8-4cca-a61c-04ffda0b39ab,monotonic_reads,network_partition,reader-1,read,mr-1c842de1-c4d8-4cca-a61c-04ffda0b39ab,,714,ONE,ALL,cassandra-1,True,False,4.128,2026-09-16T13:01:59.919506+00:00,
1c842de1-c4d8-4cca-a61c-04ffda0b39ab,monotonic_reads,network_partition,reader-1,read,mr-1c842de1-c4d8-4cca-a61c-04ffda0b39ab,,714,ONE,ALL,cassandra-2,True,False,4.37,2026-09-16T13:01:59.936609+00:00,
1c842de1-c4d8-4cca-a61c-04ffda0b39ab,monotonic_reads,network_partition,writer-1,write,mr-1c842de1-c4d8-4cca-a61c-04ffda0b39ab,715,,,ALL,cassandra-1,True,False,5.731,2026-09-16T13:01:59.942442+00:00,
1c842de1-c4d8-4cca-a61c-04ffda0b39ab,monotonic_reads,network_partition,reader-1,read,mr-1c842de1-c4d8-4cca-a61c-04ffda0b39ab,,715,ONE,ALL,cassandra-3,True,False,3.665,2026-09-16T13:01:59.951052+00:00,
1c842de1-c4d8-4cca-a61c-04ffda0b39ab,monotonic_reads,network_partition,reader-1,read,mr-1c842de1-c4d8-4cca-a61c-04ffda0b39ab,,715,ONE,ALL,cassandra-1,True,False,1.519,2026-09-16T13:01:59.965273+00:00,
1c842de1-c4d8-4cca-a61c-04ffda0b39ab,monotonic_reads,network_partition,writer-1,write,mr-1c842de1-c4d8-4cca-a61c-04ffda0b39ab,716,,,ALL,cassandra-1,True,False,3.192,2026-09-16T13:01:59.970761+00:00,
1c842de1-c4d8-4cca-a61c-04ffda0b39ab,monotonic_reads,network_partition,reader-1,read,mr-1c842de1-c4d8-4cca-a61c-04ffda0b39ab,,716,ONE,ALL,cassandra-2,True,False,2.48,2026-09-16T13:01:59.980351+00:00,
1c842de1-c4d8-4cca-a61c-04ffda0b39ab,monotonic_reads,network_partition,reader-1,read,mr-1c842de1-c4d8-4cca-a61c-04ffda0b39ab,,716,ONE,ALL,cassandra-3,True,False,1.665,2026-09-16T13:01:59.994699+00:00,
1c842de1-c4d8-4cca-a61c-04ffda0b39ab,monotonic_reads,network_partition,writer-1,write,mr-1c842de1-c4d8-4cca-a61c-04ffda0b39ab,717,,,ALL,cassandra-1,True,False,2.377,2026-09-16T13:01:59.997887+00:00,
1c842de1-c4d8-4cca-a61c-04ffda0b39ab,monotonic_reads,network_partition,reader-1,read,mr-1c842de1-c4d8-4cca-a61c-04ffda0b39ab,,717,ONE,ALL,cassandra-1,True,False,1.809,2026-09-16T13:02:00.009124+00:00,
1c842de1-c4d8-4cca-a61c-04ffda0b39ab,monotonic_reads,network_partition,reader-1,read,mr-1c842de1-c4d8-4cca-a61c-04ffda0b39ab,,717,ONE,ALL,cassandra-2,True,False,1.991,2026-09-16T13:02:00.021962+00:00,
1c842de1-c4d8-4cca-a61c-04ffda0b39ab,monotonic_reads,network_partition,writer-1,write,mr-1c842de1-c4d8-4cca-a61c-04ffda0b39ab,718,,,ALL,cassandra-1,True,False,3.508,2026-09-16T13:02:00.023776+00:00,
1c842de1-c4d8-4cca-a61c-04ffda0b39ab,monotonic_reads,network_partition,reader-1,read,mr-1c842de1-c4d8-4cca-a61c-04ffda0b39ab,,718,ONE,ALL,cassandra-3,True,False,1.367,2026-09-16T13:02:00.035930+00:00,
1c842de1-c4d8-4cca-a61c-04ffda0b39ab,monotonic_reads,network_partition,writer-1,write,mr-1c842de1-c4d8-4cca-a61c-04ffda0b39ab,719,,,ALL,cassandra-1,True,False,3.991,2026-09-16T13:02:00.048040+00:00,
1c842de1-c4d8-4cca-a61c-04ffda0b39ab,monotonic_reads,network_partition,reader-1,read,mr-1c842de1-c4d8-4cca-a61c-04ffda0b39ab,,719,ONE,ALL,cassandra-1,True,False,1.512,2026-09-16T13:02:00.050034+00:00,
1c842de1-c4d8-4cca-a61c-04ffda0b39ab,monotonic_reads,network_partition,reader-1,read,mr-1c842de1-c4d8-4cca-a61c-04ffda0b39ab,,719,ONE,ALL,cassandra-2,True,False,1.27,2026-09-16T13:02:00.063895+00:00,
1c842de1-c4d8-4cca-a61c-04ffda0b39ab,monotonic_reads,network_partition,writer-1,write,mr-1c842de1-c4d8-4cca-a61c-04ffda0b39ab,720,,,ALL,cassandra-1,True,False,2.95,2026-09-16T13:02:00.072832+00:00,
1c842de1-c4d8-4cca-a61c-04ffda0b39ab,monotonic_reads,network_partition,reader-1,read,mr-1c842de1-c4d8-4cca-a61c-04ffda0b39ab,,720,ONE,ALL,cassandra-3,True,False,1.802,2026-09-16T13:02:00.078293+00:00,
1c842de1-c4d8-4cca-a61c-04ffda0b39ab,monotonic_reads,network_partition,reader-1,read,mr-1c842de1-c4d8-4cca-a61c-04ffda0b39ab,,720,ONE,ALL,cassandra-1,True,False,2.177,2026-09-16T13:02:00.093077+00:00,
1c842de1-c4d8-4cca-a61c-04ffda0b39ab,monotonic_reads,network_partition,writer-1,write,mr-1c842de1-c4d8-4cca-a61c-04ffda0b39ab,721,,,ALL,cassandra-1,True,False,3.079,2026-09-16T13:02:00.100834+00:00,
1c842de1-c4d8-4cca-a61c-04ffda0b39ab,monotonic_reads,network_partition,reader-1,read,mr-1c842de1-c4d8-4cca-a61c-04ffda0b39ab,,721,ONE,ALL,cassandra-2,True,False,1.476,2026-09-16T13:02:00.107066+00:00,
1c842de1-c4d8-4cca-a61c-04ffda0b39ab,monotonic_reads,network_partition,reader-1,read,mr-1c842de1-c4d8-4cca-a61c-04ffda0b39ab,,721,ONE,ALL,cassandra-3,True,False,1.543,2026-09-16T13:02:00.118829+00:00,
1c842de1-c4d8-4cca-a61c-04ffda0b39ab,monotonic_reads,network_partition,writer-1,write,mr-1c842de1-c4d8-4cca-a61c-04ffda0b39ab,722,,,ALL,cassandra-1,True,False,2.696,2026-09-16T13:02:00.123940+00:00,
1c842de1-c4d8-4cca-a61c-04ffda0b39ab,monotonic_reads,network_partition,reader-1,read,mr-1c842de1-c4d8-4cca-a61c-04ffda0b39ab,,722,ONE,ALL,cassandra-1,True,False,2.948,2026-09-16T13:02:00.134044+00:00,
1c842de1-c4d8-4cca-a61c-04ffda0b39ab,monotonic_reads,network_partition,reader-1,read,mr-1c842de1-c4d8-4cca-a61c-04ffda0b39ab,,722,ONE,ALL,cassandra-2,True,False,1.095,2026-09-16T13:02:00.147068+00:00,
1c842de1-c4d8-4cca-a61c-04ffda0b39ab,monotonic_reads,network_partition,writer-1,write,mr-1c842de1-c4d8-4cca-a61c-04ffda0b39ab,723,,,ALL,cassandra-1,True,False,2.589,2026-09-16T13:02:00.147569+00:00,
1c842de1-c4d8-4cca-a61c-04ffda0b39ab,monotonic_reads,network_partition,reader-1,read,mr-1c842de1-c4d8-4cca-a61c-04ffda0b39ab,,723,ONE,ALL,cassandra-3,True,False,1.596,2026-09-16T13:02:00.161313+00:00,
1c842de1-c4d8-4cca-a61c-04ffda0b39ab,monotonic_reads,network_partition,writer-1,write,mr-1c842de1-c4d8-4cca-a61c-04ffda0b39ab,724,,,ALL,cassandra-1,True,False,3.499,2026-09-16T13:02:00.171875+00:00,
1c842de1-c4d8-4cca-a61c-04ffda0b39ab,monotonic_reads,network_partition,reader-1,read,mr-1c842de1-c4d8-4cca-a61c-04ffda0b39ab,,724,ONE,ALL,cassandra-1,True,False,2.752,2026-09-16T13:02:00.176010+00:00,
1c842de1-c4d8-4cca-a61c-04ffda0b39ab,monotonic_reads,network_partition,reader-1,read,mr-1c842de1-c4d8-4cca-a61c-04ffda0b39ab,,724,ONE,ALL,cassandra-2,True,False,1.429,2026-09-16T13:02:00.188834+00:00,
1c842de1-c4d8-4cca-a61c-04ffda0b39ab,monotonic_reads,network_partition,writer-1,write,mr-1c842de1-c4d8-4cca-a61c-04ffda0b39ab,725,,,ALL,cassandra-1,True,False,3.404,2026-09-16T13:02:00.195687+00:00,
1c842de1-c4d8-4cca-a61c-04ffda0b39ab,monotonic_reads,network_partition,reader-1,read,mr-1c842de1-c4d8-4cca-a61c-04ffda0b39ab,,725,ONE,ALL,cassandra-3,True,False,2.084,2026-09-16T13:02:00.203536+00:00,
1c842de1-c4d8-4cca-a61c-04ffda0b39ab,monotonic_reads,network_partition,reader-1,read,mr-1c842de1-c4d8-4cca-a61c-04ffda0b39ab,,725,ONE,ALL,cassandra-1,True,False,2.795,2026-09-16T13:02:00.216726+00:00,
1c842de1-c4d8-4cca-a61c-04ffda0b39ab,monotonic_reads,network_partition,writer-1,write,mr-1c842de1-c4d8-4cca-a61c-04ffda0b39ab,726,,,ALL,cassandra-1,True,False,4.543,2026-09-16T13:02:00.220963+00:00,
1c842de1-c4d8-4cca-a61c-04ffda0b39ab,monotonic_reads,network_partition,reader-1,read,mr-1c842de1-c4d8-4cca-a61c-04ffda0b39ab,,726,ONE,ALL,cassandra-2,True,False,2.791,2026-09-16T13:02:00.232124+00:00,
1c842de1-c4d8-4cca-a61c-04ffda0b39ab,monotonic_reads,network_partition,reader-1,read,mr-1c842de1-c4d8-4cca-a61c-04ffda0b39ab,,726,ONE,ALL,cassandra-3,True,False,1.784,2026-09-16T13:02:00.245144+00:00,
1c842de1-c4d8-4cca-a61c-04ffda0b39ab,monotonic_reads,network_partition,writer-1,write,mr-1c842de1-c4d8-4cca-a61c-04ffda0b39ab,727,,,ALL,cassandra-1,True,False,3.746,2026-09-16T13:02:00.249723+00:00,
1c842de1-c4d8-4cca-a61c-04ffda0b39ab,monotonic_reads,network_partition,reader-1,read,mr-1c842de1-c4d8-4cca-a61c-04ffda0b39ab,,727,ONE,ALL,cassandra-1,True,False,2.637,2026-09-16T13:02:00.259002+00:00,
1c842de1-c4d8-4cca-a61c-04ffda0b39ab,monotonic_reads,network_partition,reader-1,read,mr-1c842de1-c4d8-4cca-a61c-04ffda0b39ab,,727,ONE,ALL,cassandra-2,True,False,2.071,2026-09-16T13:02:00.273467+00:00,
1c842de1-c4d8-4cca-a61c-04ffda0b39ab,monotonic_reads,network_partition,writer-1,write,mr-1c842de1-c4d8-4cca-a61c-04ffda0b39ab,728,,,ALL,cassandra-1,True,False,4.229,2026-09-16T13:02:00.276579+00:00,
1c842de1-c4d8-4cca-a61c-04ffda0b39ab,monotonic_reads,network_partition,reader-1,read,mr-1c842de1-c4d8-4cca-a61c-04ffda0b39ab,,728,ONE,ALL,cassandra-3,True,False,1.901,2026-09-16T13:02:00.287987+00:00,
1c842de1-c4d8-4cca-a61c-04ffda0b39ab,monotonic_reads,network_partition,reader-1,read,mr-1c842de1-c4d8-4cca-a61c-04ffda0b39ab,,728,ONE,ALL,cassandra-1,True,False,2.751,2026-09-16T13:02:00.303344+00:00,
1c842de1-c4d8-4cca-a61c-04ffda0b39ab,monotonic_reads,network_partition,writer-1,write,mr-1c842de1-c4d8-4cca-a61c-04ffda0b39ab,729,,,ALL,cassandra-1,True,False,3.739,2026-09-16T13:02:00.304631+00:00,
1c842de1-c4d8-4cca-a61c-04ffda0b39ab,monotonic_reads,network_partition,reader-1,read,mr-1c842de1-c4d8-4cca-a61c-04ffda0b39ab,,729,ONE,ALL,cassandra-2,True,False,0.73,2026-09-16T13:02:00.315156+00:00,
1c842de1-c4d8-4cca-a61c-04ffda0b39ab,monotonic_reads,network_partition,reader-1,read,mr-1c842de1-c4d8-4cca-a61c-04ffda0b39ab,,729,ONE,ALL,cassandra-3,True,False,1.394,2026-09-16T13:02:00.329173+00:00,
1c842de1-c4d8-4cca-a61c-04ffda0b39ab,monotonic_reads,network_partition,writer-1,write,mr-1c842de1-c4d8-4cca-a61c-04ffda0b39ab,730,,,ALL,cassandra-1,True,False,4.457,2026-09-16T13:02:00.331757+00:00,
1c842de1-c4d8-4cca-a61c-04ffda0b39ab,monotonic_reads,network_partition,reader-1,read,mr-1c842de1-c4d8-4cca-a61c-04ffda0b39ab,,730,ONE,ALL,cassandra-1,True,False,3.1,2026-09-16T13:02:00.344998+00:00,
1c842de1-c4d8-4cca-a61c-04ffda0b39ab,monotonic_reads,network_partition,reader-1,read,mr-1c842de1-c4d8-4cca-a61c-04ffda0b39ab,,730,ONE,ALL,cassandra-2,True,False,1.072,2026-09-16T13:02:00.356986+00:00,
1c842de1-c4d8-4cca-a61c-04ffda0b39ab,monotonic_reads,network_partition,writer-1,write,mr-1c842de1-c4d8-4cca-a61c-04ffda0b39ab,731,,,ALL,cassandra-1,True,False,3.566,2026-09-16T13:02:00.360611+00:00,
1c842de1-c4d8-4cca-a61c-04ffda0b39ab,monotonic_reads,network_partition,reader-1,read,mr-1c842de1-c4d8-4cca-a61c-04ffda0b39ab,,731,ONE,ALL,cassandra-3,True,False,1.277,2026-09-16T13:02:00.369031+00:00,
1c842de1-c4d8-4cca-a61c-04ffda0b39ab,monotonic_reads,network_partition,reader-1,read,mr-1c842de1-c4d8-4cca-a61c-04ffda0b39ab,,731,ONE,ALL,cassandra-1,True,False,2.334,2026-09-16T13:02:00.383703+00:00,
1c842de1-c4d8-4cca-a61c-04ffda0b39ab,monotonic_reads,network_partition,writer-1,write,mr-1c842de1-c4d8-4cca-a61c-04ffda0b39ab,732,,,ALL,cassandra-1,True,False,10.786,2026-09-16T13:02:00.395646+00:00,
1c842de1-c4d8-4cca-a61c-04ffda0b39ab,monotonic_reads,network_partition,reader-1,read,mr-1c842de1-c4d8-4cca-a61c-04ffda0b39ab,,732,ONE,ALL,cassandra-2,True,False,2.14,2026-09-16T13:02:00.397079+00:00,
1c842de1-c4d8-4cca-a61c-04ffda0b39ab,monotonic_reads,network_partition,reader-1,read,mr-1c842de1-c4d8-4cca-a61c-04ffda0b39ab,,732,ONE,ALL,cassandra-3,True,False,1.213,2026-09-16T13:02:00.410859+00:00,
1c842de1-c4d8-4cca-a61c-04ffda0b39ab,monotonic_reads,network_partition,writer-1,write,mr-1c842de1-c4d8-4cca-a61c-04ffda0b39ab,733,,,ALL,cassandra-1,True,False,3.642,2026-09-16T13:02:00.422730+00:00,
1c842de1-c4d8-4cca-a61c-04ffda0b39ab,monotonic_reads,network_partition,reader-1,read,mr-1c842de1-c4d8-4cca-a61c-04ffda0b39ab,,733,ONE,ALL,cassandra-1,True,False,2.451,2026-09-16T13:02:00.425889+00:00,
1c842de1-c4d8-4cca-a61c-04ffda0b39ab,monotonic_reads,network_partition,reader-1,read,mr-1c842de1-c4d8-4cca-a61c-04ffda0b39ab,,733,ONE,ALL,cassandra-2,True,False,1.287,2026-09-16T13:02:00.437912+00:00,
1c842de1-c4d8-4cca-a61c-04ffda0b39ab,monotonic_reads,network_partition,writer-1,write,mr-1c842de1-c4d8-4cca-a61c-04ffda0b39ab,734,,,ALL,cassandra-1,True,False,3.245,2026-09-16T13:02:00.447766+00:00,
1c842de1-c4d8-4cca-a61c-04ffda0b39ab,monotonic_reads,network_partition,reader-1,read,mr-1c842de1-c4d8-4cca-a61c-04ffda0b39ab,,734,ONE,ALL,cassandra-3,True,False,1.504,2026-09-16T13:02:00.449971+00:00,
1c842de1-c4d8-4cca-a61c-04ffda0b39ab,monotonic_reads,network_partition,reader-1,read,mr-1c842de1-c4d8-4cca-a61c-04ffda0b39ab,,734,ONE,ALL,cassandra-1,True,False,1.574,2026-09-16T13:02:00.464106+00:00,
1c842de1-c4d8-4cca-a61c-04ffda0b39ab,monotonic_reads,network_partition,writer-1,write,mr-1c842de1-c4d8-4cca-a61c-04ffda0b39ab,735,,,ALL,cassandra-1,True,False,3.242,2026-09-16T13:02:00.473694+00:00,
1c842de1-c4d8-4cca-a61c-04ffda0b39ab,monotonic_reads,network_partition,reader-1,read,mr-1c842de1-c4d8-4cca-a61c-04ffda0b39ab,,735,ONE,ALL,cassandra-2,True,False,1.481,2026-09-16T13:02:00.478200+00:00,
1c842de1-c4d8-4cca-a61c-04ffda0b39ab,monotonic_reads,network_partition,reader-1,read,mr-1c842de1-c4d8-4cca-a61c-04ffda0b39ab,,735,ONE,ALL,cassandra-3,True,False,1.302,2026-09-16T13:02:00.491241+00:00,
1c842de1-c4d8-4cca-a61c-04ffda0b39ab,monotonic_reads,network_partition,writer-1,write,mr-1c842de1-c4d8-4cca-a61c-04ffda0b39ab,736,,,ALL,cassandra-1,True,False,3.145,2026-09-16T13:02:00.500942+00:00,
1c842de1-c4d8-4cca-a61c-04ffda0b39ab,monotonic_reads,network_partition,reader-1,read,mr-1c842de1-c4d8-4cca-a61c-04ffda0b39ab,,736,ONE,ALL,cassandra-1,True,False,3.149,2026-09-16T13:02:00.507051+00:00,
1c842de1-c4d8-4cca-a61c-04ffda0b39ab,monotonic_reads,network_partition,reader-1,read,mr-1c842de1-c4d8-4cca-a61c-04ffda0b39ab,,736,ONE,ALL,cassandra-2,True,False,2.49,2026-09-16T13:02:00.522176+00:00,
1c842de1-c4d8-4cca-a61c-04ffda0b39ab,monotonic_reads,network_partition,writer-1,write,mr-1c842de1-c4d8-4cca-a61c-04ffda0b39ab,737,,,ALL,cassandra-1,True,False,3.54,2026-09-16T13:02:00.525950+00:00,
1c842de1-c4d8-4cca-a61c-04ffda0b39ab,monotonic_reads,network_partition,reader-1,read,mr-1c842de1-c4d8-4cca-a61c-04ffda0b39ab,,737,ONE,ALL,cassandra-3,True,False,2.293,2026-09-16T13:02:00.535672+00:00,
1c842de1-c4d8-4cca-a61c-04ffda0b39ab,monotonic_reads,network_partition,reader-1,read,mr-1c842de1-c4d8-4cca-a61c-04ffda0b39ab,,737,ONE,ALL,cassandra-1,True,False,6.228,2026-09-16T13:02:00.554524+00:00,
1c842de1-c4d8-4cca-a61c-04ffda0b39ab,monotonic_reads,network_partition,writer-1,write,mr-1c842de1-c4d8-4cca-a61c-04ffda0b39ab,738,,,ALL,cassandra-1,True,False,5.899,2026-09-16T13:02:00.554799+00:00,
1c842de1-c4d8-4cca-a61c-04ffda0b39ab,monotonic_reads,network_partition,reader-1,read,mr-1c842de1-c4d8-4cca-a61c-04ffda0b39ab,,738,ONE,ALL,cassandra-2,True,False,3.012,2026-09-16T13:02:00.569372+00:00,
1c842de1-c4d8-4cca-a61c-04ffda0b39ab,monotonic_reads,network_partition,writer-1,write,mr-1c842de1-c4d8-4cca-a61c-04ffda0b39ab,739,,,ALL,cassandra-1,True,False,5.215,2026-09-16T13:02:00.584014+00:00,
1c842de1-c4d8-4cca-a61c-04ffda0b39ab,monotonic_reads,network_partition,reader-1,read,mr-1c842de1-c4d8-4cca-a61c-04ffda0b39ab,,739,ONE,ALL,cassandra-3,True,False,2.569,2026-09-16T13:02:00.584578+00:00,
1c842de1-c4d8-4cca-a61c-04ffda0b39ab,monotonic_reads,network_partition,reader-1,read,mr-1c842de1-c4d8-4cca-a61c-04ffda0b39ab,,739,ONE,ALL,cassandra-1,True,False,2.63,2026-09-16T13:02:00.599010+00:00,
1c842de1-c4d8-4cca-a61c-04ffda0b39ab,monotonic_reads,network_partition,reader-1,read,mr-1c842de1-c4d8-4cca-a61c-04ffda0b39ab,,739,ONE,ALL,cassandra-2,True,False,2.25,2026-09-16T13:02:00.611940+00:00,
1c842de1-c4d8-4cca-a61c-04ffda0b39ab,monotonic_reads,network_partition,writer-1,write,mr-1c842de1-c4d8-4cca-a61c-04ffda0b39ab,740,,,ALL,cassandra-1,True,False,3.524,2026-09-16T13:02:00.612894+00:00,
1c842de1-c4d8-4cca-a61c-04ffda0b39ab,monotonic_reads,network_partition,reader-1,read,mr-1c842de1-c4d8-4cca-a61c-04ffda0b39ab,,740,ONE,ALL,cassandra-3,True,False,3.021,2026-09-16T13:02:00.626385+00:00,
1c842de1-c4d8-4cca-a61c-04ffda0b39ab,monotonic_reads,network_partition,writer-1,write,mr-1c842de1-c4d8-4cca-a61c-04ffda0b39ab,741,,,ALL,cassandra-1,True,False,3.59,2026-09-16T13:02:00.640206+00:00,
1c842de1-c4d8-4cca-a61c-04ffda0b39ab,monotonic_reads,network_partition,reader-1,read,mr-1c842de1-c4d8-4cca-a61c-04ffda0b39ab,,741,ONE,ALL,cassandra-1,True,False,3.225,2026-09-16T13:02:00.642562+00:00,
1c842de1-c4d8-4cca-a61c-04ffda0b39ab,monotonic_reads,network_partition,reader-1,read,mr-1c842de1-c4d8-4cca-a61c-04ffda0b39ab,,741,ONE,ALL,cassandra-2,True,False,2.839,2026-09-16T13:02:00.656235+00:00,
1c842de1-c4d8-4cca-a61c-04ffda0b39ab,monotonic_reads,network_partition,writer-1,write,mr-1c842de1-c4d8-4cca-a61c-04ffda0b39ab,742,,,ALL,cassandra-1,True,False,6.11,2026-09-16T13:02:00.670513+00:00,
1c842de1-c4d8-4cca-a61c-04ffda0b39ab,monotonic_reads,network_partition,reader-1,read,mr-1c842de1-c4d8-4cca-a61c-04ffda0b39ab,,742,ONE,ALL,cassandra-3,True,False,4.85,2026-09-16T13:02:00.673192+00:00,
1c842de1-c4d8-4cca-a61c-04ffda0b39ab,monotonic_reads,network_partition,reader-1,read,mr-1c842de1-c4d8-4cca-a61c-04ffda0b39ab,,742,ONE,ALL,cassandra-1,True,False,3.983,2026-09-16T13:02:00.688769+00:00,
1c842de1-c4d8-4cca-a61c-04ffda0b39ab,monotonic_reads,network_partition,writer-1,write,mr-1c842de1-c4d8-4cca-a61c-04ffda0b39ab,743,,,ALL,cassandra-1,True,False,3.47,2026-09-16T13:02:00.694964+00:00,
1c842de1-c4d8-4cca-a61c-04ffda0b39ab,monotonic_reads,network_partition,reader-1,read,mr-1c842de1-c4d8-4cca-a61c-04ffda0b39ab,,743,ONE,ALL,cassandra-2,True,False,2.853,2026-09-16T13:02:00.703225+00:00,
1c842de1-c4d8-4cca-a61c-04ffda0b39ab,monotonic_reads,network_partition,reader-1,read,mr-1c842de1-c4d8-4cca-a61c-04ffda0b39ab,,743,ONE,ALL,cassandra-3,True,False,2.204,2026-09-16T13:02:00.716644+00:00,
1c842de1-c4d8-4cca-a61c-04ffda0b39ab,monotonic_reads,network_partition,writer-1,write,mr-1c842de1-c4d8-4cca-a61c-04ffda0b39ab,744,,,ALL,cassandra-1,True,False,4.68,2026-09-16T13:02:00.722092+00:00,
1c842de1-c4d8-4cca-a61c-04ffda0b39ab,monotonic_reads,network_partition,reader-1,read,mr-1c842de1-c4d8-4cca-a61c-04ffda0b39ab,,744,ONE,ALL,cassandra-1,True,False,3.843,2026-09-16T13:02:00.730958+00:00,
1c842de1-c4d8-4cca-a61c-04ffda0b39ab,monotonic_reads,network_partition,reader-1,read,mr-1c842de1-c4d8-4cca-a61c-04ffda0b39ab,,744,ONE,ALL,cassandra-2,True,False,4.318,2026-09-16T13:02:00.747573+00:00,
1c842de1-c4d8-4cca-a61c-04ffda0b39ab,monotonic_reads,network_partition,writer-1,write,mr-1c842de1-c4d8-4cca-a61c-04ffda0b39ab,745,,,ALL,cassandra-1,True,False,4.006,2026-09-16T13:02:00.749206+00:00,
1c842de1-c4d8-4cca-a61c-04ffda0b39ab,monotonic_reads,network_partition,reader-1,read,mr-1c842de1-c4d8-4cca-a61c-04ffda0b39ab,,745,ONE,ALL,cassandra-3,True,False,3.864,2026-09-16T13:02:00.763253+00:00,
1c842de1-c4d8-4cca-a61c-04ffda0b39ab,monotonic_reads,network_partition,writer-1,write,mr-1c842de1-c4d8-4cca-a61c-04ffda0b39ab,746,,,ALL,cassandra-1,True,False,6.035,2026-09-16T13:02:00.778403+00:00,
1c842de1-c4d8-4cca-a61c-04ffda0b39ab,monotonic_reads,network_partition,reader-1,read,mr-1c842de1-c4d8-4cca-a61c-04ffda0b39ab,,746,ONE,ALL,cassandra-1,True,False,3.841,2026-09-16T13:02:00.779145+00:00,
1c842de1-c4d8-4cca-a61c-04ffda0b39ab,monotonic_reads,network_partition,reader-1,read,mr-1c842de1-c4d8-4cca-a61c-04ffda0b39ab,,746,ONE,ALL,cassandra-2,True,False,4.831,2026-09-16T13:02:00.795931+00:00,
1c842de1-c4d8-4cca-a61c-04ffda0b39ab,monotonic_reads,network_partition,writer-1,write,mr-1c842de1-c4d8-4cca-a61c-04ffda0b39ab,747,,,ALL,cassandra-1,True,False,3.361,2026-09-16T13:02:00.805910+00:00,
1c842de1-c4d8-4cca-a61c-04ffda0b39ab,monotonic_reads,network_partition,reader-1,read,mr-1c842de1-c4d8-4cca-a61c-04ffda0b39ab,,747,ONE,ALL,cassandra-3,True,False,1.742,2026-09-16T13:02:00.808503+00:00,
1c842de1-c4d8-4cca-a61c-04ffda0b39ab,monotonic_reads,network_partition,reader-1,read,mr-1c842de1-c4d8-4cca-a61c-04ffda0b39ab,,747,ONE,ALL,cassandra-1,True,False,2.52,2026-09-16T13:02:00.821380+00:00,
1c842de1-c4d8-4cca-a61c-04ffda0b39ab,monotonic_reads,network_partition,writer-1,write,mr-1c842de1-c4d8-4cca-a61c-04ffda0b39ab,748,,,ALL,cassandra-1,True,False,3.698,2026-09-16T13:02:00.833111+00:00,
1c842de1-c4d8-4cca-a61c-04ffda0b39ab,monotonic_reads,network_partition,reader-1,read,mr-1c842de1-c4d8-4cca-a61c-04ffda0b39ab,,748,ONE,ALL,cassandra-2,True,False,2.982,2026-09-16T13:02:00.835518+00:00,
1c842de1-c4d8-4cca-a61c-04ffda0b39ab,monotonic_reads,network_partition,reader-1,read,mr-1c842de1-c4d8-4cca-a61c-04ffda0b39ab,,748,ONE,ALL,cassandra-3,True,False,1.822,2026-09-16T13:02:00.849596+00:00,
1c842de1-c4d8-4cca-a61c-04ffda0b39ab,monotonic_reads,network_partition,writer-1,write,mr-1c842de1-c4d8-4cca-a61c-04ffda0b39ab,749,,,ALL,cassandra-1,True,False,3.679,2026-09-16T13:02:00.857752+00:00,
1c842de1-c4d8-4cca-a61c-04ffda0b39ab,monotonic_reads,network_partition,reader-1,read,mr-1c842de1-c4d8-4cca-a61c-04ffda0b39ab,,749,ONE,ALL,cassandra-1,True,False,2.678,2026-09-16T13:02:00.864898+00:00,
1c842de1-c4d8-4cca-a61c-04ffda0b39ab,monotonic_reads,network_partition,reader-1,read,mr-1c842de1-c4d8-4cca-a61c-04ffda0b39ab,,749,ONE,ALL,cassandra-2,True,False,1.662,2026-09-16T13:02:00.879416+00:00,
1c842de1-c4d8-4cca-a61c-04ffda0b39ab,monotonic_reads,network_partition,writer-1,write,mr-1c842de1-c4d8-4cca-a61c-04ffda0b39ab,750,,,ALL,cassandra-1,True,False,3.356,2026-09-16T13:02:00.885743+00:00,
1c842de1-c4d8-4cca-a61c-04ffda0b39ab,monotonic_reads,network_partition,reader-1,read,mr-1c842de1-c4d8-4cca-a61c-04ffda0b39ab,,750,ONE,ALL,cassandra-3,True,False,2.397,2026-09-16T13:02:00.894439+00:00,
1c842de1-c4d8-4cca-a61c-04ffda0b39ab,monotonic_reads,network_partition,reader-1,read,mr-1c842de1-c4d8-4cca-a61c-04ffda0b39ab,,750,ONE,ALL,cassandra-1,True,False,2.897,2026-09-16T13:02:00.908580+00:00,
1c842de1-c4d8-4cca-a61c-04ffda0b39ab,monotonic_reads,network_partition,writer-1,write,mr-1c842de1-c4d8-4cca-a61c-04ffda0b39ab,751,,,ALL,cassandra-1,True,False,3.828,2026-09-16T13:02:00.913750+00:00,
1c842de1-c4d8-4cca-a61c-04ffda0b39ab,monotonic_reads,network_partition,reader-1,read,mr-1c842de1-c4d8-4cca-a61c-04ffda0b39ab,,751,ONE,ALL,cassandra-2,True,False,2.215,2026-09-16T13:02:00.923482+00:00,
1c842de1-c4d8-4cca-a61c-04ffda0b39ab,monotonic_reads,network_partition,reader-1,read,mr-1c842de1-c4d8-4cca-a61c-04ffda0b39ab,,751,ONE,ALL,cassandra-3,True,False,2.95,2026-09-16T13:02:00.937929+00:00,
1c842de1-c4d8-4cca-a61c-04ffda0b39ab,monotonic_reads,network_partition,writer-1,write,mr-1c842de1-c4d8-4cca-a61c-04ffda0b39ab,752,,,ALL,cassandra-1,True,False,4.199,2026-09-16T13:02:00.939801+00:00,
1c842de1-c4d8-4cca-a61c-04ffda0b39ab,monotonic_reads,network_partition,reader-1,read,mr-1c842de1-c4d8-4cca-a61c-04ffda0b39ab,,752,ONE,ALL,cassandra-1,True,False,2.972,2026-09-16T13:02:00.953520+00:00,
1c842de1-c4d8-4cca-a61c-04ffda0b39ab,monotonic_reads,network_partition,writer-1,write,mr-1c842de1-c4d8-4cca-a61c-04ffda0b39ab,753,,,ALL,cassandra-1,True,False,3.717,2026-09-16T13:02:00.963986+00:00,
1c842de1-c4d8-4cca-a61c-04ffda0b39ab,monotonic_reads,network_partition,reader-1,read,mr-1c842de1-c4d8-4cca-a61c-04ffda0b39ab,,753,ONE,ALL,cassandra-2,True,False,2.592,2026-09-16T13:02:00.967024+00:00,
1c842de1-c4d8-4cca-a61c-04ffda0b39ab,monotonic_reads,network_partition,reader-1,read,mr-1c842de1-c4d8-4cca-a61c-04ffda0b39ab,,753,ONE,ALL,cassandra-3,True,False,2.962,2026-09-16T13:02:00.982355+00:00,
1c842de1-c4d8-4cca-a61c-04ffda0b39ab,monotonic_reads,network_partition,writer-1,write,mr-1c842de1-c4d8-4cca-a61c-04ffda0b39ab,754,,,ALL,cassandra-1,True,False,6.199,2026-09-16T13:02:00.992574+00:00,
1c842de1-c4d8-4cca-a61c-04ffda0b39ab,monotonic_reads,network_partition,reader-1,read,mr-1c842de1-c4d8-4cca-a61c-04ffda0b39ab,,754,ONE,ALL,cassandra-1,True,False,10.1,2026-09-16T13:02:01.005041+00:00,
1c842de1-c4d8-4cca-a61c-04ffda0b39ab,monotonic_reads,network_partition,reader-1,read,mr-1c842de1-c4d8-4cca-a61c-04ffda0b39ab,,754,ONE,ALL,cassandra-2,True,False,4.125,2026-09-16T13:02:01.021324+00:00,
1c842de1-c4d8-4cca-a61c-04ffda0b39ab,monotonic_reads,network_partition,writer-1,write,mr-1c842de1-c4d8-4cca-a61c-04ffda0b39ab,755,,,ALL,cassandra-1,True,False,6.263,2026-09-16T13:02:01.022125+00:00,
1c842de1-c4d8-4cca-a61c-04ffda0b39ab,monotonic_reads,network_partition,reader-1,read,mr-1c842de1-c4d8-4cca-a61c-04ffda0b39ab,,755,ONE,ALL,cassandra-3,True,False,3.747,2026-09-16T13:02:01.037146+00:00,
1c842de1-c4d8-4cca-a61c-04ffda0b39ab,monotonic_reads,network_partition,writer-1,write,mr-1c842de1-c4d8-4cca-a61c-04ffda0b39ab,756,,,ALL,cassandra-1,True,False,6.169,2026-09-16T13:02:01.049789+00:00,
1c842de1-c4d8-4cca-a61c-04ffda0b39ab,monotonic_reads,network_partition,reader-1,read,mr-1c842de1-c4d8-4cca-a61c-04ffda0b39ab,,756,ONE,ALL,cassandra-1,True,False,4.939,2026-09-16T13:02:01.053227+00:00,
1c842de1-c4d8-4cca-a61c-04ffda0b39ab,monotonic_reads,network_partition,reader-1,read,mr-1c842de1-c4d8-4cca-a61c-04ffda0b39ab,,756,ONE,ALL,cassandra-2,True,False,3.443,2026-09-16T13:02:01.068847+00:00,
1c842de1-c4d8-4cca-a61c-04ffda0b39ab,monotonic_reads,network_partition,writer-1,write,mr-1c842de1-c4d8-4cca-a61c-04ffda0b39ab,757,,,ALL,cassandra-1,True,False,3.403,2026-09-16T13:02:01.076858+00:00,
1c842de1-c4d8-4cca-a61c-04ffda0b39ab,monotonic_reads,network_partition,reader-1,read,mr-1c842de1-c4d8-4cca-a61c-04ffda0b39ab,,757,ONE,ALL,cassandra-3,True,False,3.897,2026-09-16T13:02:01.084307+00:00,
1c842de1-c4d8-4cca-a61c-04ffda0b39ab,monotonic_reads,network_partition,reader-1,read,mr-1c842de1-c4d8-4cca-a61c-04ffda0b39ab,,757,ONE,ALL,cassandra-1,True,False,3.685,2026-09-16T13:02:01.100568+00:00,
1c842de1-c4d8-4cca-a61c-04ffda0b39ab,monotonic_reads,network_partition,writer-1,write,mr-1c842de1-c4d8-4cca-a61c-04ffda0b39ab,758,,,ALL,cassandra-1,True,False,4.81,2026-09-16T13:02:01.106410+00:00,
1c842de1-c4d8-4cca-a61c-04ffda0b39ab,monotonic_reads,network_partition,reader-1,read,mr-1c842de1-c4d8-4cca-a61c-04ffda0b39ab,,758,ONE,ALL,cassandra-2,True,False,3.077,2026-09-16T13:02:01.114472+00:00,
1c842de1-c4d8-4cca-a61c-04ffda0b39ab,monotonic_reads,network_partition,reader-1,read,mr-1c842de1-c4d8-4cca-a61c-04ffda0b39ab,,758,ONE,ALL,cassandra-3,True,False,3.396,2026-09-16T13:02:01.128784+00:00,
1c842de1-c4d8-4cca-a61c-04ffda0b39ab,monotonic_reads,network_partition,writer-1,write,mr-1c842de1-c4d8-4cca-a61c-04ffda0b39ab,759,,,ALL,cassandra-1,True,False,4.439,2026-09-16T13:02:01.133320+00:00,
1c842de1-c4d8-4cca-a61c-04ffda0b39ab,monotonic_reads,network_partition,reader-1,read,mr-1c842de1-c4d8-4cca-a61c-04ffda0b39ab,,759,ONE,ALL,cassandra-1,True,False,4.561,2026-09-16T13:02:01.144947+00:00,
1c842de1-c4d8-4cca-a61c-04ffda0b39ab,monotonic_reads,network_partition,reader-1,read,mr-1c842de1-c4d8-4cca-a61c-04ffda0b39ab,,759,ONE,ALL,cassandra-2,True,False,4.147,2026-09-16T13:02:01.160551+00:00,
1c842de1-c4d8-4cca-a61c-04ffda0b39ab,monotonic_reads,network_partition,writer-1,write,mr-1c842de1-c4d8-4cca-a61c-04ffda0b39ab,760,,,ALL,cassandra-1,True,False,4.772,2026-09-16T13:02:01.162150+00:00,
1c842de1-c4d8-4cca-a61c-04ffda0b39ab,monotonic_reads,network_partition,reader-1,read,mr-1c842de1-c4d8-4cca-a61c-04ffda0b39ab,,760,ONE,ALL,cassandra-3,True,False,3.859,2026-09-16T13:02:01.177038+00:00,
1c842de1-c4d8-4cca-a61c-04ffda0b39ab,monotonic_reads,network_partition,writer-1,write,mr-1c842de1-c4d8-4cca-a61c-04ffda0b39ab,761,,,ALL,cassandra-1,True,False,5.832,2026-09-16T13:02:01.188532+00:00,
1c842de1-c4d8-4cca-a61c-04ffda0b39ab,monotonic_reads,network_partition,reader-1,read,mr-1c842de1-c4d8-4cca-a61c-04ffda0b39ab,,761,ONE,ALL,cassandra-1,True,False,3.531,2026-09-16T13:02:01.192934+00:00,
1c842de1-c4d8-4cca-a61c-04ffda0b39ab,monotonic_reads,network_partition,reader-1,read,mr-1c842de1-c4d8-4cca-a61c-04ffda0b39ab,,761,ONE,ALL,cassandra-2,True,False,4.335,2026-09-16T13:02:01.209934+00:00,
1c842de1-c4d8-4cca-a61c-04ffda0b39ab,monotonic_reads,network_partition,writer-1,write,mr-1c842de1-c4d8-4cca-a61c-04ffda0b39ab,762,,,ALL,cassandra-1,True,False,5.029,2026-09-16T13:02:01.215405+00:00,
1c842de1-c4d8-4cca-a61c-04ffda0b39ab,monotonic_reads,network_partition,reader-1,read,mr-1c842de1-c4d8-4cca-a61c-04ffda0b39ab,,762,ONE,ALL,cassandra-3,True,False,4.182,2026-09-16T13:02:01.225581+00:00,
1c842de1-c4d8-4cca-a61c-04ffda0b39ab,monotonic_reads,network_partition,reader-1,read,mr-1c842de1-c4d8-4cca-a61c-04ffda0b39ab,,762,ONE,ALL,cassandra-1,True,False,3.887,2026-09-16T13:02:01.241942+00:00,
1c842de1-c4d8-4cca-a61c-04ffda0b39ab,monotonic_reads,network_partition,writer-1,write,mr-1c842de1-c4d8-4cca-a61c-04ffda0b39ab,763,,,ALL,cassandra-1,True,False,13.783,2026-09-16T13:02:01.251188+00:00,
1c842de1-c4d8-4cca-a61c-04ffda0b39ab,monotonic_reads,network_partition,reader-1,read,mr-1c842de1-c4d8-4cca-a61c-04ffda0b39ab,,763,ONE,ALL,cassandra-2,True,False,3.331,2026-09-16T13:02:01.256716+00:00,
1c842de1-c4d8-4cca-a61c-04ffda0b39ab,monotonic_reads,network_partition,reader-1,read,mr-1c842de1-c4d8-4cca-a61c-04ffda0b39ab,,763,ONE,ALL,cassandra-3,True,False,3.638,2026-09-16T13:02:01.271389+00:00,
1c842de1-c4d8-4cca-a61c-04ffda0b39ab,monotonic_reads,network_partition,writer-1,write,mr-1c842de1-c4d8-4cca-a61c-04ffda0b39ab,764,,,ALL,cassandra-1,True,False,3.732,2026-09-16T13:02:01.276125+00:00,
1c842de1-c4d8-4cca-a61c-04ffda0b39ab,monotonic_reads,network_partition,reader-1,read,mr-1c842de1-c4d8-4cca-a61c-04ffda0b39ab,,764,ONE,ALL,cassandra-1,True,False,3.256,2026-09-16T13:02:01.286778+00:00,
1c842de1-c4d8-4cca-a61c-04ffda0b39ab,monotonic_reads,network_partition,reader-1,read,mr-1c842de1-c4d8-4cca-a61c-04ffda0b39ab,,764,ONE,ALL,cassandra-2,True,False,3.385,2026-09-16T13:02:01.301768+00:00,
1c842de1-c4d8-4cca-a61c-04ffda0b39ab,monotonic_reads,network_partition,writer-1,write,mr-1c842de1-c4d8-4cca-a61c-04ffda0b39ab,765,,,ALL,cassandra-1,True,False,5.413,2026-09-16T13:02:01.304248+00:00,
1c842de1-c4d8-4cca-a61c-04ffda0b39ab,monotonic_reads,network_partition,reader-1,read,mr-1c842de1-c4d8-4cca-a61c-04ffda0b39ab,,765,ONE,ALL,cassandra-3,True,False,3.219,2026-09-16T13:02:01.317675+00:00,
1c842de1-c4d8-4cca-a61c-04ffda0b39ab,monotonic_reads,network_partition,writer-1,write,mr-1c842de1-c4d8-4cca-a61c-04ffda0b39ab,766,,,ALL,cassandra-1,True,False,5.259,2026-09-16T13:02:01.330663+00:00,
1c842de1-c4d8-4cca-a61c-04ffda0b39ab,monotonic_reads,network_partition,reader-1,read,mr-1c842de1-c4d8-4cca-a61c-04ffda0b39ab,,766,ONE,ALL,cassandra-1,True,False,3.896,2026-09-16T13:02:01.331964+00:00,
1c842de1-c4d8-4cca-a61c-04ffda0b39ab,monotonic_reads,network_partition,reader-1,read,mr-1c842de1-c4d8-4cca-a61c-04ffda0b39ab,,766,ONE,ALL,cassandra-2,True,False,5.347,2026-09-16T13:02:01.347744+00:00,
1c842de1-c4d8-4cca-a61c-04ffda0b39ab,monotonic_reads,network_partition,writer-1,write,mr-1c842de1-c4d8-4cca-a61c-04ffda0b39ab,767,,,ALL,cassandra-1,True,False,3.974,2026-09-16T13:02:01.359448+00:00,
1c842de1-c4d8-4cca-a61c-04ffda0b39ab,monotonic_reads,network_partition,reader-1,read,mr-1c842de1-c4d8-4cca-a61c-04ffda0b39ab,,767,ONE,ALL,cassandra-3,True,False,2.769,2026-09-16T13:02:01.361133+00:00,
1c842de1-c4d8-4cca-a61c-04ffda0b39ab,monotonic_reads,network_partition,reader-1,read,mr-1c842de1-c4d8-4cca-a61c-04ffda0b39ab,,767,ONE,ALL,cassandra-1,True,False,4.797,2026-09-16T13:02:01.377195+00:00,
1c842de1-c4d8-4cca-a61c-04ffda0b39ab,monotonic_reads,network_partition,writer-1,write,mr-1c842de1-c4d8-4cca-a61c-04ffda0b39ab,768,,,ALL,cassandra-1,True,False,4.955,2026-09-16T13:02:01.389137+00:00,
1c842de1-c4d8-4cca-a61c-04ffda0b39ab,monotonic_reads,network_partition,reader-1,read,mr-1c842de1-c4d8-4cca-a61c-04ffda0b39ab,,768,ONE,ALL,cassandra-2,True,False,2.457,2026-09-16T13:02:01.390733+00:00,
1c842de1-c4d8-4cca-a61c-04ffda0b39ab,monotonic_reads,network_partition,reader-1,read,mr-1c842de1-c4d8-4cca-a61c-04ffda0b39ab,,768,ONE,ALL,cassandra-3,True,False,3.301,2026-09-16T13:02:01.406620+00:00,
1c842de1-c4d8-4cca-a61c-04ffda0b39ab,monotonic_reads,network_partition,writer-1,write,mr-1c842de1-c4d8-4cca-a61c-04ffda0b39ab,769,,,ALL,cassandra-1,True,False,4.926,2026-09-16T13:02:01.418259+00:00,
1c842de1-c4d8-4cca-a61c-04ffda0b39ab,monotonic_reads,network_partition,reader-1,read,mr-1c842de1-c4d8-4cca-a61c-04ffda0b39ab,,769,ONE,ALL,cassandra-1,True,False,3.097,2026-09-16T13:02:01.420485+00:00,
1c842de1-c4d8-4cca-a61c-04ffda0b39ab,monotonic_reads,network_partition,reader-1,read,mr-1c842de1-c4d8-4cca-a61c-04ffda0b39ab,,769,ONE,ALL,cassandra-2,True,False,3.588,2026-09-16T13:02:01.435959+00:00,
1c842de1-c4d8-4cca-a61c-04ffda0b39ab,monotonic_reads,network_partition,writer-1,write,mr-1c842de1-c4d8-4cca-a61c-04ffda0b39ab,770,,,ALL,cassandra-1,True,False,3.649,2026-09-16T13:02:01.443032+00:00,
1c842de1-c4d8-4cca-a61c-04ffda0b39ab,monotonic_reads,network_partition,reader-1,read,mr-1c842de1-c4d8-4cca-a61c-04ffda0b39ab,,770,ONE,ALL,cassandra-3,True,False,3.006,2026-09-16T13:02:01.450384+00:00,
1c842de1-c4d8-4cca-a61c-04ffda0b39ab,monotonic_reads,network_partition,reader-1,read,mr-1c842de1-c4d8-4cca-a61c-04ffda0b39ab,,770,ONE,ALL,cassandra-1,True,False,2.937,2026-09-16T13:02:01.464317+00:00,
1c842de1-c4d8-4cca-a61c-04ffda0b39ab,monotonic_reads,network_partition,writer-1,write,mr-1c842de1-c4d8-4cca-a61c-04ffda0b39ab,771,,,ALL,cassandra-1,True,False,5.506,2026-09-16T13:02:01.471302+00:00,
1c842de1-c4d8-4cca-a61c-04ffda0b39ab,monotonic_reads,network_partition,reader-1,read,mr-1c842de1-c4d8-4cca-a61c-04ffda0b39ab,,771,ONE,ALL,cassandra-2,True,False,3.716,2026-09-16T13:02:01.480465+00:00,
1c842de1-c4d8-4cca-a61c-04ffda0b39ab,monotonic_reads,network_partition,reader-1,read,mr-1c842de1-c4d8-4cca-a61c-04ffda0b39ab,,771,ONE,ALL,cassandra-3,True,False,4.206,2026-09-16T13:02:01.497341+00:00,
1c842de1-c4d8-4cca-a61c-04ffda0b39ab,monotonic_reads,network_partition,writer-1,write,mr-1c842de1-c4d8-4cca-a61c-04ffda0b39ab,772,,,ALL,cassandra-1,True,False,4.414,2026-09-16T13:02:01.498161+00:00,
1c842de1-c4d8-4cca-a61c-04ffda0b39ab,monotonic_reads,network_partition,reader-1,read,mr-1c842de1-c4d8-4cca-a61c-04ffda0b39ab,,772,ONE,ALL,cassandra-1,True,False,5.033,2026-09-16T13:02:01.513395+00:00,
1c842de1-c4d8-4cca-a61c-04ffda0b39ab,monotonic_reads,network_partition,writer-1,write,mr-1c842de1-c4d8-4cca-a61c-04ffda0b39ab,773,,,ALL,cassandra-1,True,False,4.232,2026-09-16T13:02:01.527556+00:00,
1c842de1-c4d8-4cca-a61c-04ffda0b39ab,monotonic_reads,network_partition,reader-1,read,mr-1c842de1-c4d8-4cca-a61c-04ffda0b39ab,,773,ONE,ALL,cassandra-2,True,False,4.792,2026-09-16T13:02:01.529113+00:00,
1c842de1-c4d8-4cca-a61c-04ffda0b39ab,monotonic_reads,network_partition,reader-1,read,mr-1c842de1-c4d8-4cca-a61c-04ffda0b39ab,,773,ONE,ALL,cassandra-3,True,False,3.524,2026-09-16T13:02:01.543920+00:00,
1c842de1-c4d8-4cca-a61c-04ffda0b39ab,monotonic_reads,network_partition,writer-1,write,mr-1c842de1-c4d8-4cca-a61c-04ffda0b39ab,774,,,ALL,cassandra-1,True,False,5.419,2026-09-16T13:02:01.559625+00:00,
1c842de1-c4d8-4cca-a61c-04ffda0b39ab,monotonic_reads,network_partition,reader-1,read,mr-1c842de1-c4d8-4cca-a61c-04ffda0b39ab,,774,ONE,ALL,cassandra-1,True,False,4.103,2026-09-16T13:02:01.560720+00:00,
1c842de1-c4d8-4cca-a61c-04ffda0b39ab,monotonic_reads,network_partition,reader-1,read,mr-1c842de1-c4d8-4cca-a61c-04ffda0b39ab,,774,ONE,ALL,cassandra-2,True,False,2.814,2026-09-16T13:02:01.575212+00:00,
1c842de1-c4d8-4cca-a61c-04ffda0b39ab,monotonic_reads,network_partition,writer-1,write,mr-1c842de1-c4d8-4cca-a61c-04ffda0b39ab,775,,,ALL,cassandra-1,True,False,6.567,2026-09-16T13:02:01.589484+00:00,
1c842de1-c4d8-4cca-a61c-04ffda0b39ab,monotonic_reads,network_partition,reader-1,read,mr-1c842de1-c4d8-4cca-a61c-04ffda0b39ab,,775,ONE,ALL,cassandra-3,True,False,3.08,2026-09-16T13:02:01.591075+00:00,
1c842de1-c4d8-4cca-a61c-04ffda0b39ab,monotonic_reads,network_partition,reader-1,read,mr-1c842de1-c4d8-4cca-a61c-04ffda0b39ab,,775,ONE,ALL,cassandra-1,True,False,3.315,2026-09-16T13:02:01.607048+00:00,
1c842de1-c4d8-4cca-a61c-04ffda0b39ab,monotonic_reads,network_partition,writer-1,write,mr-1c842de1-c4d8-4cca-a61c-04ffda0b39ab,776,,,ALL,cassandra-1,True,False,3.939,2026-09-16T13:02:01.615307+00:00,
1c842de1-c4d8-4cca-a61c-04ffda0b39ab,monotonic_reads,network_partition,reader-1,read,mr-1c842de1-c4d8-4cca-a61c-04ffda0b39ab,,776,ONE,ALL,cassandra-2,True,False,2.939,2026-09-16T13:02:01.621312+00:00,
1c842de1-c4d8-4cca-a61c-04ffda0b39ab,monotonic_reads,network_partition,reader-1,read,mr-1c842de1-c4d8-4cca-a61c-04ffda0b39ab,,776,ONE,ALL,cassandra-3,True,False,3.153,2026-09-16T13:02:01.637110+00:00,
1c842de1-c4d8-4cca-a61c-04ffda0b39ab,monotonic_reads,network_partition,writer-1,write,mr-1c842de1-c4d8-4cca-a61c-04ffda0b39ab,777,,,ALL,cassandra-1,True,False,4.866,2026-09-16T13:02:01.644258+00:00,
1c842de1-c4d8-4cca-a61c-04ffda0b39ab,monotonic_reads,network_partition,reader-1,read,mr-1c842de1-c4d8-4cca-a61c-04ffda0b39ab,,777,ONE,ALL,cassandra-1,True,False,4.421,2026-09-16T13:02:01.652208+00:00,
1c842de1-c4d8-4cca-a61c-04ffda0b39ab,monotonic_reads,network_partition,reader-1,read,mr-1c842de1-c4d8-4cca-a61c-04ffda0b39ab,,777,ONE,ALL,cassandra-2,True,False,3.232,2026-09-16T13:02:01.667635+00:00,
1c842de1-c4d8-4cca-a61c-04ffda0b39ab,monotonic_reads,network_partition,writer-1,write,mr-1c842de1-c4d8-4cca-a61c-04ffda0b39ab,778,,,ALL,cassandra-1,True,False,4.33,2026-09-16T13:02:01.670331+00:00,
1c842de1-c4d8-4cca-a61c-04ffda0b39ab,monotonic_reads,network_partition,reader-1,read,mr-1c842de1-c4d8-4cca-a61c-04ffda0b39ab,,778,ONE,ALL,cassandra-3,True,False,5.099,2026-09-16T13:02:01.685446+00:00,
1c842de1-c4d8-4cca-a61c-04ffda0b39ab,monotonic_reads,network_partition,writer-1,write,mr-1c842de1-c4d8-4cca-a61c-04ffda0b39ab,779,,,ALL,cassandra-1,True,False,5.826,2026-09-16T13:02:01.698231+00:00,
1c842de1-c4d8-4cca-a61c-04ffda0b39ab,monotonic_reads,network_partition,reader-1,read,mr-1c842de1-c4d8-4cca-a61c-04ffda0b39ab,,779,ONE,ALL,cassandra-1,True,False,3.334,2026-09-16T13:02:01.700731+00:00,
1c842de1-c4d8-4cca-a61c-04ffda0b39ab,monotonic_reads,network_partition,writer-1,write,mr-1c842de1-c4d8-4cca-a61c-04ffda0b39ab,780,,,ALL,cassandra-1,True,False,2.521,2026-09-16T13:02:01.724859+00:00,
1c842de1-c4d8-4cca-a61c-04ffda0b39ab,monotonic_reads,network_partition,writer-1,write,mr-1c842de1-c4d8-4cca-a61c-04ffda0b39ab,781,,,ALL,cassandra-1,True,False,4.642,2026-09-16T13:02:01.752434+00:00,
1c842de1-c4d8-4cca-a61c-04ffda0b39ab,monotonic_reads,network_partition,writer-1,write,mr-1c842de1-c4d8-4cca-a61c-04ffda0b39ab,782,,,ALL,cassandra-1,True,False,4.623,2026-09-16T13:02:01.781556+00:00,
1c842de1-c4d8-4cca-a61c-04ffda0b39ab,monotonic_reads,network_partition,writer-1,write,mr-1c842de1-c4d8-4cca-a61c-04ffda0b39ab,783,,,ALL,cassandra-1,True,False,4.891,2026-09-16T13:02:01.811508+00:00,
1c842de1-c4d8-4cca-a61c-04ffda0b39ab,monotonic_reads,network_partition,writer-1,write,mr-1c842de1-c4d8-4cca-a61c-04ffda0b39ab,784,,,ALL,cassandra-1,True,False,4.697,2026-09-16T13:02:01.841500+00:00,
1c842de1-c4d8-4cca-a61c-04ffda0b39ab,monotonic_reads,network_partition,writer-1,write,mr-1c842de1-c4d8-4cca-a61c-04ffda0b39ab,785,,,ALL,cassandra-1,True,False,5.021,2026-09-16T13:02:01.870665+00:00,
1c842de1-c4d8-4cca-a61c-04ffda0b39ab,monotonic_reads,network_partition,writer-1,write,mr-1c842de1-c4d8-4cca-a61c-04ffda0b39ab,786,,,ALL,cassandra-1,True,False,5.019,2026-09-16T13:02:01.899448+00:00,
1c842de1-c4d8-4cca-a61c-04ffda0b39ab,monotonic_reads,network_partition,writer-1,write,mr-1c842de1-c4d8-4cca-a61c-04ffda0b39ab,787,,,ALL,cassandra-1,True,False,4.989,2026-09-16T13:02:01.927402+00:00,
1c842de1-c4d8-4cca-a61c-04ffda0b39ab,monotonic_reads,network_partition,writer-1,write,mr-1c842de1-c4d8-4cca-a61c-04ffda0b39ab,788,,,ALL,cassandra-1,True,False,5.231,2026-09-16T13:02:01.953694+00:00,
1c842de1-c4d8-4cca-a61c-04ffda0b39ab,monotonic_reads,network_partition,writer-1,write,mr-1c842de1-c4d8-4cca-a61c-04ffda0b39ab,789,,,ALL,cassandra-1,True,False,6.198,2026-09-16T13:02:01.981454+00:00,
1c842de1-c4d8-4cca-a61c-04ffda0b39ab,monotonic_reads,network_partition,writer-1,write,mr-1c842de1-c4d8-4cca-a61c-04ffda0b39ab,790,,,ALL,cassandra-1,True,False,5.088,2026-09-16T13:02:02.011425+00:00,
1c842de1-c4d8-4cca-a61c-04ffda0b39ab,monotonic_reads,network_partition,writer-1,write,mr-1c842de1-c4d8-4cca-a61c-04ffda0b39ab,791,,,ALL,cassandra-1,True,False,4.631,2026-09-16T13:02:02.037426+00:00,
1c842de1-c4d8-4cca-a61c-04ffda0b39ab,monotonic_reads,network_partition,writer-1,write,mr-1c842de1-c4d8-4cca-a61c-04ffda0b39ab,792,,,ALL,cassandra-1,True,False,4.86,2026-09-16T13:02:02.066531+00:00,
1c842de1-c4d8-4cca-a61c-04ffda0b39ab,monotonic_reads,network_partition,writer-1,write,mr-1c842de1-c4d8-4cca-a61c-04ffda0b39ab,793,,,ALL,cassandra-1,True,False,4.916,2026-09-16T13:02:02.094309+00:00,
1c842de1-c4d8-4cca-a61c-04ffda0b39ab,monotonic_reads,network_partition,writer-1,write,mr-1c842de1-c4d8-4cca-a61c-04ffda0b39ab,794,,,ALL,cassandra-1,True,False,5.412,2026-09-16T13:02:02.122812+00:00,
1c842de1-c4d8-4cca-a61c-04ffda0b39ab,monotonic_reads,network_partition,writer-1,write,mr-1c842de1-c4d8-4cca-a61c-04ffda0b39ab,795,,,ALL,cassandra-1,True,False,5.736,2026-09-16T13:02:02.151767+00:00,
1c842de1-c4d8-4cca-a61c-04ffda0b39ab,monotonic_reads,network_partition,writer-1,write,mr-1c842de1-c4d8-4cca-a61c-04ffda0b39ab,796,,,ALL,cassandra-1,True,False,5.244,2026-09-16T13:02:02.178534+00:00,
1c842de1-c4d8-4cca-a61c-04ffda0b39ab,monotonic_reads,network_partition,writer-1,write,mr-1c842de1-c4d8-4cca-a61c-04ffda0b39ab,797,,,ALL,cassandra-1,True,False,4.581,2026-09-16T13:02:02.208388+00:00,
1c842de1-c4d8-4cca-a61c-04ffda0b39ab,monotonic_reads,network_partition,writer-1,write,mr-1c842de1-c4d8-4cca-a61c-04ffda0b39ab,798,,,ALL,cassandra-1,True,False,5.489,2026-09-16T13:02:02.236914+00:00,
1c842de1-c4d8-4cca-a61c-04ffda0b39ab,monotonic_reads,network_partition,writer-1,write,mr-1c842de1-c4d8-4cca-a61c-04ffda0b39ab,799,,,ALL,cassandra-1,True,False,5.181,2026-09-16T13:02:02.264577+00:00,
1c842de1-c4d8-4cca-a61c-04ffda0b39ab,monotonic_reads,network_partition,writer-1,write,mr-1c842de1-c4d8-4cca-a61c-04ffda0b39ab,800,,,ALL,cassandra-1,True,False,4.89,2026-09-16T13:02:02.294439+00:00,
1c842de1-c4d8-4cca-a61c-04ffda0b39ab,monotonic_reads,network_partition,writer-1,write,mr-1c842de1-c4d8-4cca-a61c-04ffda0b39ab,801,,,ALL,cassandra-1,True,False,5.015,2026-09-16T13:02:02.323492+00:00,
1c842de1-c4d8-4cca-a61c-04ffda0b39ab,monotonic_reads,network_partition,writer-1,write,mr-1c842de1-c4d8-4cca-a61c-04ffda0b39ab,802,,,ALL,cassandra-1,True,False,4.538,2026-09-16T13:02:02.348406+00:00,
1c842de1-c4d8-4cca-a61c-04ffda0b39ab,monotonic_reads,network_partition,writer-1,write,mr-1c842de1-c4d8-4cca-a61c-04ffda0b39ab,803,,,ALL,cassandra-1,True,False,4.542,2026-09-16T13:02:02.373443+00:00,
1c842de1-c4d8-4cca-a61c-04ffda0b39ab,monotonic_reads,network_partition,writer-1,write,mr-1c842de1-c4d8-4cca-a61c-04ffda0b39ab,804,,,ALL,cassandra-1,True,False,5.249,2026-09-16T13:02:02.401669+00:00,
1c842de1-c4d8-4cca-a61c-04ffda0b39ab,monotonic_reads,network_partition,writer-1,write,mr-1c842de1-c4d8-4cca-a61c-04ffda0b39ab,805,,,ALL,cassandra-1,True,False,4.65,2026-09-16T13:02:02.431503+00:00,
1c842de1-c4d8-4cca-a61c-04ffda0b39ab,monotonic_reads,network_partition,writer-1,write,mr-1c842de1-c4d8-4cca-a61c-04ffda0b39ab,806,,,ALL,cassandra-1,True,False,4.823,2026-09-16T13:02:02.461510+00:00,
1c842de1-c4d8-4cca-a61c-04ffda0b39ab,monotonic_reads,network_partition,writer-1,write,mr-1c842de1-c4d8-4cca-a61c-04ffda0b39ab,807,,,ALL,cassandra-1,True,False,5.145,2026-09-16T13:02:02.487538+00:00,
1c842de1-c4d8-4cca-a61c-04ffda0b39ab,monotonic_reads,network_partition,writer-1,write,mr-1c842de1-c4d8-4cca-a61c-04ffda0b39ab,808,,,ALL,cassandra-1,True,False,4.951,2026-09-16T13:02:02.516263+00:00,
1c842de1-c4d8-4cca-a61c-04ffda0b39ab,monotonic_reads,network_partition,writer-1,write,mr-1c842de1-c4d8-4cca-a61c-04ffda0b39ab,809,,,ALL,cassandra-1,True,False,5.004,2026-09-16T13:02:02.542408+00:00,
1c842de1-c4d8-4cca-a61c-04ffda0b39ab,monotonic_reads,network_partition,writer-1,write,mr-1c842de1-c4d8-4cca-a61c-04ffda0b39ab,810,,,ALL,cassandra-1,True,False,5.099,2026-09-16T13:02:02.571520+00:00,
1c842de1-c4d8-4cca-a61c-04ffda0b39ab,monotonic_reads,network_partition,writer-1,write,mr-1c842de1-c4d8-4cca-a61c-04ffda0b39ab,811,,,ALL,cassandra-1,True,False,5.104,2026-09-16T13:02:02.597494+00:00,
1c842de1-c4d8-4cca-a61c-04ffda0b39ab,monotonic_reads,network_partition,writer-1,write,mr-1c842de1-c4d8-4cca-a61c-04ffda0b39ab,812,,,ALL,cassandra-1,True,False,5.137,2026-09-16T13:02:02.625789+00:00,
1c842de1-c4d8-4cca-a61c-04ffda0b39ab,monotonic_reads,network_partition,writer-1,write,mr-1c842de1-c4d8-4cca-a61c-04ffda0b39ab,813,,,ALL,cassandra-1,True,False,5.063,2026-09-16T13:02:02.654458+00:00,
1c842de1-c4d8-4cca-a61c-04ffda0b39ab,monotonic_reads,network_partition,writer-1,write,mr-1c842de1-c4d8-4cca-a61c-04ffda0b39ab,814,,,ALL,cassandra-1,True,False,5.16,2026-09-16T13:02:02.684655+00:00,
1c842de1-c4d8-4cca-a61c-04ffda0b39ab,monotonic_reads,network_partition,writer-1,write,mr-1c842de1-c4d8-4cca-a61c-04ffda0b39ab,815,,,ALL,cassandra-1,True,False,5.023,2026-09-16T13:02:02.712423+00:00,
1c842de1-c4d8-4cca-a61c-04ffda0b39ab,monotonic_reads,network_partition,writer-1,write,mr-1c842de1-c4d8-4cca-a61c-04ffda0b39ab,816,,,ALL,cassandra-1,True,False,4.057,2026-09-16T13:02:02.739968+00:00,
1c842de1-c4d8-4cca-a61c-04ffda0b39ab,monotonic_reads,network_partition,writer-1,write,mr-1c842de1-c4d8-4cca-a61c-04ffda0b39ab,817,,,ALL,cassandra-1,True,False,5.147,2026-09-16T13:02:02.769617+00:00,
1c842de1-c4d8-4cca-a61c-04ffda0b39ab,monotonic_reads,network_partition,writer-1,write,mr-1c842de1-c4d8-4cca-a61c-04ffda0b39ab,818,,,ALL,cassandra-1,True,False,5.146,2026-09-16T13:02:02.795532+00:00,
1c842de1-c4d8-4cca-a61c-04ffda0b39ab,monotonic_reads,network_partition,writer-1,write,mr-1c842de1-c4d8-4cca-a61c-04ffda0b39ab,819,,,ALL,cassandra-1,True,False,5.35,2026-09-16T13:02:02.824761+00:00,
1c842de1-c4d8-4cca-a61c-04ffda0b39ab,monotonic_reads,network_partition,writer-1,write,mr-1c842de1-c4d8-4cca-a61c-04ffda0b39ab,820,,,ALL,cassandra-1,True,False,5.529,2026-09-16T13:02:02.855577+00:00,
1c842de1-c4d8-4cca-a61c-04ffda0b39ab,monotonic_reads,network_partition,writer-1,write,mr-1c842de1-c4d8-4cca-a61c-04ffda0b39ab,821,,,ALL,cassandra-1,True,False,5.33,2026-09-16T13:02:02.884697+00:00,
1c842de1-c4d8-4cca-a61c-04ffda0b39ab,monotonic_reads,network_partition,writer-1,write,mr-1c842de1-c4d8-4cca-a61c-04ffda0b39ab,822,,,ALL,cassandra-1,True,False,5.831,2026-09-16T13:02:02.913225+00:00,
1c842de1-c4d8-4cca-a61c-04ffda0b39ab,monotonic_reads,network_partition,writer-1,write,mr-1c842de1-c4d8-4cca-a61c-04ffda0b39ab,823,,,ALL,cassandra-1,True,False,5.78,2026-09-16T13:02:02.940537+00:00,
1c842de1-c4d8-4cca-a61c-04ffda0b39ab,monotonic_reads,network_partition,writer-1,write,mr-1c842de1-c4d8-4cca-a61c-04ffda0b39ab,824,,,ALL,cassandra-1,True,False,5.065,2026-09-16T13:02:02.970470+00:00,
1c842de1-c4d8-4cca-a61c-04ffda0b39ab,monotonic_reads,network_partition,writer-1,write,mr-1c842de1-c4d8-4cca-a61c-04ffda0b39ab,825,,,ALL,cassandra-1,True,False,5.239,2026-09-16T13:02:02.996753+00:00,
1c842de1-c4d8-4cca-a61c-04ffda0b39ab,monotonic_reads,network_partition,writer-1,write,mr-1c842de1-c4d8-4cca-a61c-04ffda0b39ab,826,,,ALL,cassandra-1,True,False,4.557,2026-09-16T13:02:03.026567+00:00,
1c842de1-c4d8-4cca-a61c-04ffda0b39ab,monotonic_reads,network_partition,writer-1,write,mr-1c842de1-c4d8-4cca-a61c-04ffda0b39ab,827,,,ALL,cassandra-1,True,False,5.35,2026-09-16T13:02:03.052609+00:00,
1c842de1-c4d8-4cca-a61c-04ffda0b39ab,monotonic_reads,network_partition,writer-1,write,mr-1c842de1-c4d8-4cca-a61c-04ffda0b39ab,828,,,ALL,cassandra-1,True,False,4.879,2026-09-16T13:02:03.082706+00:00,
1c842de1-c4d8-4cca-a61c-04ffda0b39ab,monotonic_reads,network_partition,writer-1,write,mr-1c842de1-c4d8-4cca-a61c-04ffda0b39ab,829,,,ALL,cassandra-1,True,False,4.387,2026-09-16T13:02:03.112226+00:00,
1c842de1-c4d8-4cca-a61c-04ffda0b39ab,monotonic_reads,network_partition,writer-1,write,mr-1c842de1-c4d8-4cca-a61c-04ffda0b39ab,830,,,ALL,cassandra-1,True,False,4.991,2026-09-16T13:02:03.141242+00:00,
1c842de1-c4d8-4cca-a61c-04ffda0b39ab,monotonic_reads,network_partition,writer-1,write,mr-1c842de1-c4d8-4cca-a61c-04ffda0b39ab,831,,,ALL,cassandra-1,True,False,5.118,2026-09-16T13:02:03.171525+00:00,
1c842de1-c4d8-4cca-a61c-04ffda0b39ab,monotonic_reads,network_partition,writer-1,write,mr-1c842de1-c4d8-4cca-a61c-04ffda0b39ab,832,,,ALL,cassandra-1,True,False,4.943,2026-09-16T13:02:03.199245+00:00,
1c842de1-c4d8-4cca-a61c-04ffda0b39ab,monotonic_reads,network_partition,writer-1,write,mr-1c842de1-c4d8-4cca-a61c-04ffda0b39ab,833,,,ALL,cassandra-1,True,False,5.449,2026-09-16T13:02:03.229535+00:00,
1c842de1-c4d8-4cca-a61c-04ffda0b39ab,monotonic_reads,network_partition,writer-1,write,mr-1c842de1-c4d8-4cca-a61c-04ffda0b39ab,834,,,ALL,cassandra-1,True,False,5.034,2026-09-16T13:02:03.259327+00:00,
1c842de1-c4d8-4cca-a61c-04ffda0b39ab,monotonic_reads,network_partition,writer-1,write,mr-1c842de1-c4d8-4cca-a61c-04ffda0b39ab,835,,,ALL,cassandra-1,True,False,4.917,2026-09-16T13:02:03.288314+00:00,
1c842de1-c4d8-4cca-a61c-04ffda0b39ab,monotonic_reads,network_partition,writer-1,write,mr-1c842de1-c4d8-4cca-a61c-04ffda0b39ab,836,,,ALL,cassandra-1,True,False,5.09,2026-09-16T13:02:03.314495+00:00,
1c842de1-c4d8-4cca-a61c-04ffda0b39ab,monotonic_reads,network_partition,writer-1,write,mr-1c842de1-c4d8-4cca-a61c-04ffda0b39ab,837,,,ALL,cassandra-1,True,False,4.833,2026-09-16T13:02:03.339726+00:00,
1c842de1-c4d8-4cca-a61c-04ffda0b39ab,monotonic_reads,network_partition,writer-1,write,mr-1c842de1-c4d8-4cca-a61c-04ffda0b39ab,838,,,ALL,cassandra-1,True,False,4.944,2026-09-16T13:02:03.369407+00:00,
1c842de1-c4d8-4cca-a61c-04ffda0b39ab,monotonic_reads,network_partition,writer-1,write,mr-1c842de1-c4d8-4cca-a61c-04ffda0b39ab,839,,,ALL,cassandra-1,True,False,2.772,2026-09-16T13:02:03.393894+00:00,
1c842de1-c4d8-4cca-a61c-04ffda0b39ab,monotonic_reads,network_partition,writer-1,write,mr-1c842de1-c4d8-4cca-a61c-04ffda0b39ab,840,,,ALL,cassandra-1,True,False,4.439,2026-09-16T13:02:03.420274+00:00,
1c842de1-c4d8-4cca-a61c-04ffda0b39ab,monotonic_reads,network_partition,writer-1,write,mr-1c842de1-c4d8-4cca-a61c-04ffda0b39ab,841,,,ALL,cassandra-1,True,False,5.012,2026-09-16T13:02:03.446400+00:00,
1c842de1-c4d8-4cca-a61c-04ffda0b39ab,monotonic_reads,network_partition,writer-1,write,mr-1c842de1-c4d8-4cca-a61c-04ffda0b39ab,842,,,ALL,cassandra-1,True,False,4.201,2026-09-16T13:02:03.472106+00:00,
1c842de1-c4d8-4cca-a61c-04ffda0b39ab,monotonic_reads,network_partition,writer-1,write,mr-1c842de1-c4d8-4cca-a61c-04ffda0b39ab,843,,,ALL,cassandra-1,True,False,4.938,2026-09-16T13:02:03.497568+00:00,
1c842de1-c4d8-4cca-a61c-04ffda0b39ab,monotonic_reads,network_partition,writer-1,write,mr-1c842de1-c4d8-4cca-a61c-04ffda0b39ab,844,,,ALL,cassandra-1,True,False,4.991,2026-09-16T13:02:03.525625+00:00,
1c842de1-c4d8-4cca-a61c-04ffda0b39ab,monotonic_reads,network_partition,writer-1,write,mr-1c842de1-c4d8-4cca-a61c-04ffda0b39ab,845,,,ALL,cassandra-1,True,False,5.268,2026-09-16T13:02:03.553374+00:00,
1c842de1-c4d8-4cca-a61c-04ffda0b39ab,monotonic_reads,network_partition,writer-1,write,mr-1c842de1-c4d8-4cca-a61c-04ffda0b39ab,846,,,ALL,cassandra-1,True,False,5.398,2026-09-16T13:02:03.580559+00:00,
1c842de1-c4d8-4cca-a61c-04ffda0b39ab,monotonic_reads,network_partition,writer-1,write,mr-1c842de1-c4d8-4cca-a61c-04ffda0b39ab,847,,,ALL,cassandra-1,True,False,4.771,2026-09-16T13:02:03.607271+00:00,
1c842de1-c4d8-4cca-a61c-04ffda0b39ab,monotonic_reads,network_partition,writer-1,write,mr-1c842de1-c4d8-4cca-a61c-04ffda0b39ab,848,,,ALL,cassandra-1,True,False,4.215,2026-09-16T13:02:03.635396+00:00,
1c842de1-c4d8-4cca-a61c-04ffda0b39ab,monotonic_reads,network_partition,writer-1,write,mr-1c842de1-c4d8-4cca-a61c-04ffda0b39ab,849,,,ALL,cassandra-1,True,False,4.791,2026-09-16T13:02:03.663309+00:00,
1c842de1-c4d8-4cca-a61c-04ffda0b39ab,monotonic_reads,network_partition,writer-1,write,mr-1c842de1-c4d8-4cca-a61c-04ffda0b39ab,850,,,ALL,cassandra-1,True,False,4.837,2026-09-16T13:02:03.692231+00:00,
1c842de1-c4d8-4cca-a61c-04ffda0b39ab,monotonic_reads,network_partition,writer-1,write,mr-1c842de1-c4d8-4cca-a61c-04ffda0b39ab,851,,,ALL,cassandra-1,True,False,4.938,2026-09-16T13:02:03.720813+00:00,
1c842de1-c4d8-4cca-a61c-04ffda0b39ab,monotonic_reads,network_partition,writer-1,write,mr-1c842de1-c4d8-4cca-a61c-04ffda0b39ab,852,,,ALL,cassandra-1,True,False,2.553,2026-09-16T13:02:03.745952+00:00,
1c842de1-c4d8-4cca-a61c-04ffda0b39ab,monotonic_reads,network_partition,writer-1,write,mr-1c842de1-c4d8-4cca-a61c-04ffda0b39ab,853,,,ALL,cassandra-1,True,False,5.276,2026-09-16T13:02:03.773423+00:00,
1c842de1-c4d8-4cca-a61c-04ffda0b39ab,monotonic_reads,network_partition,writer-1,write,mr-1c842de1-c4d8-4cca-a61c-04ffda0b39ab,854,,,ALL,cassandra-1,True,False,4.6,2026-09-16T13:02:03.798614+00:00,
1c842de1-c4d8-4cca-a61c-04ffda0b39ab,monotonic_reads,network_partition,writer-1,write,mr-1c842de1-c4d8-4cca-a61c-04ffda0b39ab,855,,,ALL,cassandra-1,True,False,6.444,2026-09-16T13:02:03.828812+00:00,
1c842de1-c4d8-4cca-a61c-04ffda0b39ab,monotonic_reads,network_partition,writer-1,write,mr-1c842de1-c4d8-4cca-a61c-04ffda0b39ab,856,,,ALL,cassandra-1,True,False,5.209,2026-09-16T13:02:03.855612+00:00,
1c842de1-c4d8-4cca-a61c-04ffda0b39ab,monotonic_reads,network_partition,writer-1,write,mr-1c842de1-c4d8-4cca-a61c-04ffda0b39ab,857,,,ALL,cassandra-1,True,False,5.769,2026-09-16T13:02:03.884648+00:00,
1c842de1-c4d8-4cca-a61c-04ffda0b39ab,monotonic_reads,network_partition,writer-1,write,mr-1c842de1-c4d8-4cca-a61c-04ffda0b39ab,858,,,ALL,cassandra-1,True,False,4.835,2026-09-16T13:02:03.913631+00:00,
1c842de1-c4d8-4cca-a61c-04ffda0b39ab,monotonic_reads,network_partition,writer-1,write,mr-1c842de1-c4d8-4cca-a61c-04ffda0b39ab,859,,,ALL,cassandra-1,True,False,5.023,2026-09-16T13:02:03.942424+00:00,
1c842de1-c4d8-4cca-a61c-04ffda0b39ab,monotonic_reads,network_partition,writer-1,write,mr-1c842de1-c4d8-4cca-a61c-04ffda0b39ab,860,,,ALL,cassandra-1,True,False,4.951,2026-09-16T13:02:03.969409+00:00,
1c842de1-c4d8-4cca-a61c-04ffda0b39ab,monotonic_reads,network_partition,writer-1,write,mr-1c842de1-c4d8-4cca-a61c-04ffda0b39ab,861,,,ALL,cassandra-1,True,False,5.254,2026-09-16T13:02:03.998612+00:00,
1c842de1-c4d8-4cca-a61c-04ffda0b39ab,monotonic_reads,network_partition,writer-1,write,mr-1c842de1-c4d8-4cca-a61c-04ffda0b39ab,862,,,ALL,cassandra-1,True,False,5.095,2026-09-16T13:02:04.024517+00:00,
1c842de1-c4d8-4cca-a61c-04ffda0b39ab,monotonic_reads,network_partition,writer-1,write,mr-1c842de1-c4d8-4cca-a61c-04ffda0b39ab,863,,,ALL,cassandra-1,True,False,5.537,2026-09-16T13:02:04.054844+00:00,
1c842de1-c4d8-4cca-a61c-04ffda0b39ab,monotonic_reads,network_partition,writer-1,write,mr-1c842de1-c4d8-4cca-a61c-04ffda0b39ab,864,,,ALL,cassandra-1,True,False,5.241,2026-09-16T13:02:04.084632+00:00,
1c842de1-c4d8-4cca-a61c-04ffda0b39ab,monotonic_reads,network_partition,writer-1,write,mr-1c842de1-c4d8-4cca-a61c-04ffda0b39ab,865,,,ALL,cassandra-1,True,False,4.496,2026-09-16T13:02:04.114335+00:00,
1c842de1-c4d8-4cca-a61c-04ffda0b39ab,monotonic_reads,network_partition,writer-1,write,mr-1c842de1-c4d8-4cca-a61c-04ffda0b39ab,866,,,ALL,cassandra-1,True,False,5.33,2026-09-16T13:02:04.140496+00:00,
1c842de1-c4d8-4cca-a61c-04ffda0b39ab,monotonic_reads,network_partition,writer-1,write,mr-1c842de1-c4d8-4cca-a61c-04ffda0b39ab,867,,,ALL,cassandra-1,True,False,11.933,2026-09-16T13:02:04.174737+00:00,
1c842de1-c4d8-4cca-a61c-04ffda0b39ab,monotonic_reads,network_partition,writer-1,write,mr-1c842de1-c4d8-4cca-a61c-04ffda0b39ab,868,,,ALL,cassandra-1,True,False,5.259,2026-09-16T13:02:04.204655+00:00,
1c842de1-c4d8-4cca-a61c-04ffda0b39ab,monotonic_reads,network_partition,writer-1,write,mr-1c842de1-c4d8-4cca-a61c-04ffda0b39ab,869,,,ALL,cassandra-1,True,False,5.155,2026-09-16T13:02:04.231535+00:00,
1c842de1-c4d8-4cca-a61c-04ffda0b39ab,monotonic_reads,network_partition,writer-1,write,mr-1c842de1-c4d8-4cca-a61c-04ffda0b39ab,870,,,ALL,cassandra-1,True,False,4.615,2026-09-16T13:02:04.258514+00:00,
1c842de1-c4d8-4cca-a61c-04ffda0b39ab,monotonic_reads,network_partition,writer-1,write,mr-1c842de1-c4d8-4cca-a61c-04ffda0b39ab,871,,,ALL,cassandra-1,True,False,4.945,2026-09-16T13:02:04.286354+00:00,
1c842de1-c4d8-4cca-a61c-04ffda0b39ab,monotonic_reads,network_partition,writer-1,write,mr-1c842de1-c4d8-4cca-a61c-04ffda0b39ab,872,,,ALL,cassandra-1,True,False,5.176,2026-09-16T13:02:04.315531+00:00,
1c842de1-c4d8-4cca-a61c-04ffda0b39ab,monotonic_reads,network_partition,writer-1,write,mr-1c842de1-c4d8-4cca-a61c-04ffda0b39ab,873,,,ALL,cassandra-1,True,False,4.902,2026-09-16T13:02:04.344317+00:00,
1c842de1-c4d8-4cca-a61c-04ffda0b39ab,monotonic_reads,network_partition,writer-1,write,mr-1c842de1-c4d8-4cca-a61c-04ffda0b39ab,874,,,ALL,cassandra-1,True,False,4.539,2026-09-16T13:02:04.371208+00:00,
1c842de1-c4d8-4cca-a61c-04ffda0b39ab,monotonic_reads,network_partition,writer-1,write,mr-1c842de1-c4d8-4cca-a61c-04ffda0b39ab,875,,,ALL,cassandra-1,True,False,5.164,2026-09-16T13:02:04.400561+00:00,
1c842de1-c4d8-4cca-a61c-04ffda0b39ab,monotonic_reads,network_partition,writer-1,write,mr-1c842de1-c4d8-4cca-a61c-04ffda0b39ab,876,,,ALL,cassandra-1,True,False,3.836,2026-09-16T13:02:04.427411+00:00,
1c842de1-c4d8-4cca-a61c-04ffda0b39ab,monotonic_reads,network_partition,writer-1,write,mr-1c842de1-c4d8-4cca-a61c-04ffda0b39ab,877,,,ALL,cassandra-1,True,False,4.398,2026-09-16T13:02:04.455186+00:00,
1c842de1-c4d8-4cca-a61c-04ffda0b39ab,monotonic_reads,network_partition,writer-1,write,mr-1c842de1-c4d8-4cca-a61c-04ffda0b39ab,878,,,ALL,cassandra-1,True,False,5.188,2026-09-16T13:02:04.481479+00:00,
1c842de1-c4d8-4cca-a61c-04ffda0b39ab,monotonic_reads,network_partition,writer-1,write,mr-1c842de1-c4d8-4cca-a61c-04ffda0b39ab,879,,,ALL,cassandra-1,True,False,4.895,2026-09-16T13:02:04.510601+00:00,
1c842de1-c4d8-4cca-a61c-04ffda0b39ab,monotonic_reads,network_partition,writer-1,write,mr-1c842de1-c4d8-4cca-a61c-04ffda0b39ab,880,,,ALL,cassandra-1,True,False,4.966,2026-09-16T13:02:04.538417+00:00,
1c842de1-c4d8-4cca-a61c-04ffda0b39ab,monotonic_reads,network_partition,writer-1,write,mr-1c842de1-c4d8-4cca-a61c-04ffda0b39ab,881,,,ALL,cassandra-1,True,False,5.834,2026-09-16T13:02:04.567756+00:00,
1c842de1-c4d8-4cca-a61c-04ffda0b39ab,monotonic_reads,network_partition,writer-1,write,mr-1c842de1-c4d8-4cca-a61c-04ffda0b39ab,882,,,ALL,cassandra-1,True,False,5.126,2026-09-16T13:02:04.596526+00:00,
1c842de1-c4d8-4cca-a61c-04ffda0b39ab,monotonic_reads,network_partition,writer-1,write,mr-1c842de1-c4d8-4cca-a61c-04ffda0b39ab,883,,,ALL,cassandra-1,True,False,4.992,2026-09-16T13:02:04.622439+00:00,
1c842de1-c4d8-4cca-a61c-04ffda0b39ab,monotonic_reads,network_partition,writer-1,write,mr-1c842de1-c4d8-4cca-a61c-04ffda0b39ab,884,,,ALL,cassandra-1,True,False,5.655,2026-09-16T13:02:04.653051+00:00,
1c842de1-c4d8-4cca-a61c-04ffda0b39ab,monotonic_reads,network_partition,writer-1,write,mr-1c842de1-c4d8-4cca-a61c-04ffda0b39ab,885,,,ALL,cassandra-1,True,False,4.512,2026-09-16T13:02:04.681142+00:00,
1c842de1-c4d8-4cca-a61c-04ffda0b39ab,monotonic_reads,network_partition,writer-1,write,mr-1c842de1-c4d8-4cca-a61c-04ffda0b39ab,886,,,ALL,cassandra-1,True,False,5.393,2026-09-16T13:02:04.710197+00:00,
1c842de1-c4d8-4cca-a61c-04ffda0b39ab,monotonic_reads,network_partition,writer-1,write,mr-1c842de1-c4d8-4cca-a61c-04ffda0b39ab,887,,,ALL,cassandra-1,True,False,4.35,2026-09-16T13:02:04.739267+00:00,
1c842de1-c4d8-4cca-a61c-04ffda0b39ab,monotonic_reads,network_partition,writer-1,write,mr-1c842de1-c4d8-4cca-a61c-04ffda0b39ab,888,,,ALL,cassandra-1,True,False,5.185,2026-09-16T13:02:04.766590+00:00,
1c842de1-c4d8-4cca-a61c-04ffda0b39ab,monotonic_reads,network_partition,writer-1,write,mr-1c842de1-c4d8-4cca-a61c-04ffda0b39ab,889,,,ALL,cassandra-1,True,False,4.857,2026-09-16T13:02:04.795267+00:00,
1c842de1-c4d8-4cca-a61c-04ffda0b39ab,monotonic_reads,network_partition,writer-1,write,mr-1c842de1-c4d8-4cca-a61c-04ffda0b39ab,890,,,ALL,cassandra-1,True,False,6.27,2026-09-16T13:02:04.825682+00:00,
1c842de1-c4d8-4cca-a61c-04ffda0b39ab,monotonic_reads,network_partition,writer-1,write,mr-1c842de1-c4d8-4cca-a61c-04ffda0b39ab,891,,,ALL,cassandra-1,True,False,5.046,2026-09-16T13:02:04.853446+00:00,
1c842de1-c4d8-4cca-a61c-04ffda0b39ab,monotonic_reads,network_partition,writer-1,write,mr-1c842de1-c4d8-4cca-a61c-04ffda0b39ab,892,,,ALL,cassandra-1,True,False,4.718,2026-09-16T13:02:04.879410+00:00,
1c842de1-c4d8-4cca-a61c-04ffda0b39ab,monotonic_reads,network_partition,writer-1,write,mr-1c842de1-c4d8-4cca-a61c-04ffda0b39ab,893,,,ALL,cassandra-1,True,False,5.623,2026-09-16T13:02:04.907452+00:00,
1c842de1-c4d8-4cca-a61c-04ffda0b39ab,monotonic_reads,network_partition,writer-1,write,mr-1c842de1-c4d8-4cca-a61c-04ffda0b39ab,894,,,ALL,cassandra-1,True,False,2.767,2026-09-16T13:02:04.933857+00:00,
1c842de1-c4d8-4cca-a61c-04ffda0b39ab,monotonic_reads,network_partition,writer-1,write,mr-1c842de1-c4d8-4cca-a61c-04ffda0b39ab,895,,,ALL,cassandra-1,True,False,2.839,2026-09-16T13:02:04.961799+00:00,
1c842de1-c4d8-4cca-a61c-04ffda0b39ab,monotonic_reads,network_partition,writer-1,write,mr-1c842de1-c4d8-4cca-a61c-04ffda0b39ab,896,,,ALL,cassandra-1,True,False,4.628,2026-09-16T13:02:04.990857+00:00,
1c842de1-c4d8-4cca-a61c-04ffda0b39ab,monotonic_reads,network_partition,writer-1,write,mr-1c842de1-c4d8-4cca-a61c-04ffda0b39ab,897,,,ALL,cassandra-1,True,False,4.609,2026-09-16T13:02:05.020446+00:00,
1c842de1-c4d8-4cca-a61c-04ffda0b39ab,monotonic_reads,network_partition,writer-1,write,mr-1c842de1-c4d8-4cca-a61c-04ffda0b39ab,898,,,ALL,cassandra-1,True,False,4.463,2026-09-16T13:02:05.049077+00:00,
1c842de1-c4d8-4cca-a61c-04ffda0b39ab,monotonic_reads,network_partition,writer-1,write,mr-1c842de1-c4d8-4cca-a61c-04ffda0b39ab,899,,,ALL,cassandra-1,True,False,4.032,2026-09-16T13:02:05.075829+00:00,
1c842de1-c4d8-4cca-a61c-04ffda0b39ab,monotonic_reads,network_partition,writer-1,write,mr-1c842de1-c4d8-4cca-a61c-04ffda0b39ab,900,,,ALL,cassandra-1,True,False,4.0,2026-09-16T13:02:05.104984+00:00,
1c842de1-c4d8-4cca-a61c-04ffda0b39ab,monotonic_reads,network_partition,writer-1,write,mr-1c842de1-c4d8-4cca-a61c-04ffda0b39ab,901,,,ALL,cassandra-1,True,False,2.577,2026-09-16T13:02:05.131903+00:00,
1c842de1-c4d8-4cca-a61c-04ffda0b39ab,monotonic_reads,network_partition,writer-1,write,mr-1c842de1-c4d8-4cca-a61c-04ffda0b39ab,902,,,ALL,cassandra-1,True,False,4.866,2026-09-16T13:02:05.161275+00:00,
1c842de1-c4d8-4cca-a61c-04ffda0b39ab,monotonic_reads,network_partition,writer-1,write,mr-1c842de1-c4d8-4cca-a61c-04ffda0b39ab,903,,,ALL,cassandra-1,True,False,4.75,2026-09-16T13:02:05.190774+00:00,
1c842de1-c4d8-4cca-a61c-04ffda0b39ab,monotonic_reads,network_partition,writer-1,write,mr-1c842de1-c4d8-4cca-a61c-04ffda0b39ab,904,,,ALL,cassandra-1,True,False,4.925,2026-09-16T13:02:05.219388+00:00,
1c842de1-c4d8-4cca-a61c-04ffda0b39ab,monotonic_reads,network_partition,writer-1,write,mr-1c842de1-c4d8-4cca-a61c-04ffda0b39ab,905,,,ALL,cassandra-1,True,False,4.829,2026-09-16T13:02:05.246132+00:00,
1c842de1-c4d8-4cca-a61c-04ffda0b39ab,monotonic_reads,network_partition,writer-1,write,mr-1c842de1-c4d8-4cca-a61c-04ffda0b39ab,906,,,ALL,cassandra-1,True,False,4.51,2026-09-16T13:02:05.275922+00:00,
1c842de1-c4d8-4cca-a61c-04ffda0b39ab,monotonic_reads,network_partition,writer-1,write,mr-1c842de1-c4d8-4cca-a61c-04ffda0b39ab,907,,,ALL,cassandra-1,True,False,5.428,2026-09-16T13:02:05.303888+00:00,
1c842de1-c4d8-4cca-a61c-04ffda0b39ab,monotonic_reads,network_partition,writer-1,write,mr-1c842de1-c4d8-4cca-a61c-04ffda0b39ab,908,,,ALL,cassandra-1,True,False,5.131,2026-09-16T13:02:05.331550+00:00,
1c842de1-c4d8-4cca-a61c-04ffda0b39ab,monotonic_reads,network_partition,writer-1,write,mr-1c842de1-c4d8-4cca-a61c-04ffda0b39ab,909,,,ALL,cassandra-1,True,False,4.306,2026-09-16T13:02:05.357232+00:00,
1c842de1-c4d8-4cca-a61c-04ffda0b39ab,monotonic_reads,network_partition,writer-1,write,mr-1c842de1-c4d8-4cca-a61c-04ffda0b39ab,910,,,ALL,cassandra-1,True,False,5.155,2026-09-16T13:02:05.384498+00:00,
1c842de1-c4d8-4cca-a61c-04ffda0b39ab,monotonic_reads,network_partition,writer-1,write,mr-1c842de1-c4d8-4cca-a61c-04ffda0b39ab,911,,,ALL,cassandra-1,True,False,4.797,2026-09-16T13:02:05.412196+00:00,
1c842de1-c4d8-4cca-a61c-04ffda0b39ab,monotonic_reads,network_partition,writer-1,write,mr-1c842de1-c4d8-4cca-a61c-04ffda0b39ab,912,,,ALL,cassandra-1,True,False,4.798,2026-09-16T13:02:05.441209+00:00,
1c842de1-c4d8-4cca-a61c-04ffda0b39ab,monotonic_reads,network_partition,writer-1,write,mr-1c842de1-c4d8-4cca-a61c-04ffda0b39ab,913,,,ALL,cassandra-1,True,False,4.542,2026-09-16T13:02:05.470571+00:00,
1c842de1-c4d8-4cca-a61c-04ffda0b39ab,monotonic_reads,network_partition,writer-1,write,mr-1c842de1-c4d8-4cca-a61c-04ffda0b39ab,914,,,ALL,cassandra-1,True,False,4.394,2026-09-16T13:02:05.500207+00:00,
1c842de1-c4d8-4cca-a61c-04ffda0b39ab,monotonic_reads,network_partition,writer-1,write,mr-1c842de1-c4d8-4cca-a61c-04ffda0b39ab,915,,,ALL,cassandra-1,True,False,5.036,2026-09-16T13:02:05.529437+00:00,
1c842de1-c4d8-4cca-a61c-04ffda0b39ab,monotonic_reads,network_partition,writer-1,write,mr-1c842de1-c4d8-4cca-a61c-04ffda0b39ab,916,,,ALL,cassandra-1,True,False,5.41,2026-09-16T13:02:05.557722+00:00,
1c842de1-c4d8-4cca-a61c-04ffda0b39ab,monotonic_reads,network_partition,writer-1,write,mr-1c842de1-c4d8-4cca-a61c-04ffda0b39ab,917,,,ALL,cassandra-1,True,False,2.696,2026-09-16T13:02:05.583787+00:00,
1c842de1-c4d8-4cca-a61c-04ffda0b39ab,monotonic_reads,network_partition,writer-1,write,mr-1c842de1-c4d8-4cca-a61c-04ffda0b39ab,918,,,ALL,cassandra-1,True,False,5.582,2026-09-16T13:02:05.614520+00:00,
1c842de1-c4d8-4cca-a61c-04ffda0b39ab,monotonic_reads,network_partition,writer-1,write,mr-1c842de1-c4d8-4cca-a61c-04ffda0b39ab,919,,,ALL,cassandra-1,True,False,4.991,2026-09-16T13:02:05.643533+00:00,
1c842de1-c4d8-4cca-a61c-04ffda0b39ab,monotonic_reads,network_partition,writer-1,write,mr-1c842de1-c4d8-4cca-a61c-04ffda0b39ab,920,,,ALL,cassandra-1,True,False,5.121,2026-09-16T13:02:05.673533+00:00,
1c842de1-c4d8-4cca-a61c-04ffda0b39ab,monotonic_reads,network_partition,writer-1,write,mr-1c842de1-c4d8-4cca-a61c-04ffda0b39ab,921,,,ALL,cassandra-1,True,False,4.465,2026-09-16T13:02:05.703273+00:00,
1c842de1-c4d8-4cca-a61c-04ffda0b39ab,monotonic_reads,network_partition,writer-1,write,mr-1c842de1-c4d8-4cca-a61c-04ffda0b39ab,922,,,ALL,cassandra-1,True,False,4.807,2026-09-16T13:02:05.730213+00:00,
1c842de1-c4d8-4cca-a61c-04ffda0b39ab,monotonic_reads,network_partition,writer-1,write,mr-1c842de1-c4d8-4cca-a61c-04ffda0b39ab,923,,,ALL,cassandra-1,True,False,4.298,2026-09-16T13:02:05.758076+00:00,
1c842de1-c4d8-4cca-a61c-04ffda0b39ab,monotonic_reads,network_partition,writer-1,write,mr-1c842de1-c4d8-4cca-a61c-04ffda0b39ab,924,,,ALL,cassandra-1,True,False,5.002,2026-09-16T13:02:05.784548+00:00,
1c842de1-c4d8-4cca-a61c-04ffda0b39ab,monotonic_reads,network_partition,writer-1,write,mr-1c842de1-c4d8-4cca-a61c-04ffda0b39ab,925,,,ALL,cassandra-1,True,False,4.76,2026-09-16T13:02:05.813577+00:00,
1c842de1-c4d8-4cca-a61c-04ffda0b39ab,monotonic_reads,network_partition,writer-1,write,mr-1c842de1-c4d8-4cca-a61c-04ffda0b39ab,926,,,ALL,cassandra-1,True,False,4.62,2026-09-16T13:02:05.843472+00:00,
1c842de1-c4d8-4cca-a61c-04ffda0b39ab,monotonic_reads,network_partition,writer-1,write,mr-1c842de1-c4d8-4cca-a61c-04ffda0b39ab,927,,,ALL,cassandra-1,True,False,4.385,2026-09-16T13:02:05.871415+00:00,
1c842de1-c4d8-4cca-a61c-04ffda0b39ab,monotonic_reads,network_partition,writer-1,write,mr-1c842de1-c4d8-4cca-a61c-04ffda0b39ab,928,,,ALL,cassandra-1,True,False,5.393,2026-09-16T13:02:05.901808+00:00,
1c842de1-c4d8-4cca-a61c-04ffda0b39ab,monotonic_reads,network_partition,writer-1,write,mr-1c842de1-c4d8-4cca-a61c-04ffda0b39ab,929,,,ALL,cassandra-1,True,False,5.031,2026-09-16T13:02:05.930668+00:00,
1c842de1-c4d8-4cca-a61c-04ffda0b39ab,monotonic_reads,network_partition,writer-1,write,mr-1c842de1-c4d8-4cca-a61c-04ffda0b39ab,930,,,ALL,cassandra-1,True,False,4.933,2026-09-16T13:02:05.957224+00:00,
1c842de1-c4d8-4cca-a61c-04ffda0b39ab,monotonic_reads,network_partition,writer-1,write,mr-1c842de1-c4d8-4cca-a61c-04ffda0b39ab,931,,,ALL,cassandra-1,True,False,5.14,2026-09-16T13:02:05.986207+00:00,
1c842de1-c4d8-4cca-a61c-04ffda0b39ab,monotonic_reads,network_partition,writer-1,write,mr-1c842de1-c4d8-4cca-a61c-04ffda0b39ab,932,,,ALL,cassandra-1,True,False,5.22,2026-09-16T13:02:06.015639+00:00,
1c842de1-c4d8-4cca-a61c-04ffda0b39ab,monotonic_reads,network_partition,writer-1,write,mr-1c842de1-c4d8-4cca-a61c-04ffda0b39ab,933,,,ALL,cassandra-1,True,False,6.576,2026-09-16T13:02:06.045998+00:00,
1c842de1-c4d8-4cca-a61c-04ffda0b39ab,monotonic_reads,network_partition,writer-1,write,mr-1c842de1-c4d8-4cca-a61c-04ffda0b39ab,934,,,ALL,cassandra-1,True,False,5.232,2026-09-16T13:02:06.071606+00:00,
1c842de1-c4d8-4cca-a61c-04ffda0b39ab,monotonic_reads,network_partition,writer-1,write,mr-1c842de1-c4d8-4cca-a61c-04ffda0b39ab,935,,,ALL,cassandra-1,True,False,4.487,2026-09-16T13:02:06.098332+00:00,
1c842de1-c4d8-4cca-a61c-04ffda0b39ab,monotonic_reads,network_partition,writer-1,write,mr-1c842de1-c4d8-4cca-a61c-04ffda0b39ab,936,,,ALL,cassandra-1,True,False,5.537,2026-09-16T13:02:06.125805+00:00,
1c842de1-c4d8-4cca-a61c-04ffda0b39ab,monotonic_reads,network_partition,writer-1,write,mr-1c842de1-c4d8-4cca-a61c-04ffda0b39ab,937,,,ALL,cassandra-1,True,False,5.286,2026-09-16T13:02:06.153550+00:00,
1c842de1-c4d8-4cca-a61c-04ffda0b39ab,monotonic_reads,network_partition,writer-1,write,mr-1c842de1-c4d8-4cca-a61c-04ffda0b39ab,938,,,ALL,cassandra-1,True,False,4.867,2026-09-16T13:02:06.183692+00:00,
1c842de1-c4d8-4cca-a61c-04ffda0b39ab,monotonic_reads,network_partition,writer-1,write,mr-1c842de1-c4d8-4cca-a61c-04ffda0b39ab,939,,,ALL,cassandra-1,True,False,5.25,2026-09-16T13:02:06.213650+00:00,
1c842de1-c4d8-4cca-a61c-04ffda0b39ab,monotonic_reads,network_partition,writer-1,write,mr-1c842de1-c4d8-4cca-a61c-04ffda0b39ab,940,,,ALL,cassandra-1,True,False,4.468,2026-09-16T13:02:06.242282+00:00,
1c842de1-c4d8-4cca-a61c-04ffda0b39ab,monotonic_reads,network_partition,writer-1,write,mr-1c842de1-c4d8-4cca-a61c-04ffda0b39ab,941,,,ALL,cassandra-1,True,False,3.573,2026-09-16T13:02:06.268986+00:00,
1c842de1-c4d8-4cca-a61c-04ffda0b39ab,monotonic_reads,network_partition,writer-1,write,mr-1c842de1-c4d8-4cca-a61c-04ffda0b39ab,942,,,ALL,cassandra-1,True,False,2.447,2026-09-16T13:02:06.294814+00:00,
1c842de1-c4d8-4cca-a61c-04ffda0b39ab,monotonic_reads,network_partition,writer-1,write,mr-1c842de1-c4d8-4cca-a61c-04ffda0b39ab,943,,,ALL,cassandra-1,True,False,5.107,2026-09-16T13:02:06.322516+00:00,
1c842de1-c4d8-4cca-a61c-04ffda0b39ab,monotonic_reads,network_partition,writer-1,write,mr-1c842de1-c4d8-4cca-a61c-04ffda0b39ab,944,,,ALL,cassandra-1,True,False,5.168,2026-09-16T13:02:06.352538+00:00,
1c842de1-c4d8-4cca-a61c-04ffda0b39ab,monotonic_reads,network_partition,writer-1,write,mr-1c842de1-c4d8-4cca-a61c-04ffda0b39ab,945,,,ALL,cassandra-1,True,False,2.565,2026-09-16T13:02:06.379832+00:00,
1c842de1-c4d8-4cca-a61c-04ffda0b39ab,monotonic_reads,network_partition,writer-1,write,mr-1c842de1-c4d8-4cca-a61c-04ffda0b39ab,946,,,ALL,cassandra-1,True,False,4.624,2026-09-16T13:02:06.408295+00:00,
1c842de1-c4d8-4cca-a61c-04ffda0b39ab,monotonic_reads,network_partition,writer-1,write,mr-1c842de1-c4d8-4cca-a61c-04ffda0b39ab,947,,,ALL,cassandra-1,True,False,5.261,2026-09-16T13:02:06.437660+00:00,
1c842de1-c4d8-4cca-a61c-04ffda0b39ab,monotonic_reads,network_partition,writer-1,write,mr-1c842de1-c4d8-4cca-a61c-04ffda0b39ab,948,,,ALL,cassandra-1,True,False,3.659,2026-09-16T13:02:06.464966+00:00,
1c842de1-c4d8-4cca-a61c-04ffda0b39ab,monotonic_reads,network_partition,writer-1,write,mr-1c842de1-c4d8-4cca-a61c-04ffda0b39ab,949,,,ALL,cassandra-1,True,False,4.382,2026-09-16T13:02:06.490226+00:00,
1c842de1-c4d8-4cca-a61c-04ffda0b39ab,monotonic_reads,network_partition,writer-1,write,mr-1c842de1-c4d8-4cca-a61c-04ffda0b39ab,950,,,ALL,cassandra-1,True,False,4.496,2026-09-16T13:02:06.519300+00:00,
1c842de1-c4d8-4cca-a61c-04ffda0b39ab,monotonic_reads,network_partition,writer-1,write,mr-1c842de1-c4d8-4cca-a61c-04ffda0b39ab,951,,,ALL,cassandra-1,True,False,4.363,2026-09-16T13:02:06.547232+00:00,
1c842de1-c4d8-4cca-a61c-04ffda0b39ab,monotonic_reads,network_partition,writer-1,write,mr-1c842de1-c4d8-4cca-a61c-04ffda0b39ab,952,,,ALL,cassandra-1,True,False,3.404,2026-09-16T13:02:06.575751+00:00,
1c842de1-c4d8-4cca-a61c-04ffda0b39ab,monotonic_reads,network_partition,writer-1,write,mr-1c842de1-c4d8-4cca-a61c-04ffda0b39ab,953,,,ALL,cassandra-1,True,False,4.392,2026-09-16T13:02:06.603477+00:00,
1c842de1-c4d8-4cca-a61c-04ffda0b39ab,monotonic_reads,network_partition,writer-1,write,mr-1c842de1-c4d8-4cca-a61c-04ffda0b39ab,954,,,ALL,cassandra-1,True,False,2.239,2026-09-16T13:02:06.630853+00:00,
1c842de1-c4d8-4cca-a61c-04ffda0b39ab,monotonic_reads,network_partition,writer-1,write,mr-1c842de1-c4d8-4cca-a61c-04ffda0b39ab,955,,,ALL,cassandra-1,True,False,4.569,2026-09-16T13:02:06.656217+00:00,
1c842de1-c4d8-4cca-a61c-04ffda0b39ab,monotonic_reads,network_partition,writer-1,write,mr-1c842de1-c4d8-4cca-a61c-04ffda0b39ab,956,,,ALL,cassandra-1,True,False,4.933,2026-09-16T13:02:06.684741+00:00,
1c842de1-c4d8-4cca-a61c-04ffda0b39ab,monotonic_reads,network_partition,writer-1,write,mr-1c842de1-c4d8-4cca-a61c-04ffda0b39ab,957,,,ALL,cassandra-1,True,False,5.27,2026-09-16T13:02:06.711529+00:00,
1c842de1-c4d8-4cca-a61c-04ffda0b39ab,monotonic_reads,network_partition,writer-1,write,mr-1c842de1-c4d8-4cca-a61c-04ffda0b39ab,958,,,ALL,cassandra-1,True,False,5.778,2026-09-16T13:02:06.740642+00:00,
1c842de1-c4d8-4cca-a61c-04ffda0b39ab,monotonic_reads,network_partition,writer-1,write,mr-1c842de1-c4d8-4cca-a61c-04ffda0b39ab,959,,,ALL,cassandra-1,True,False,5.286,2026-09-16T13:02:06.769757+00:00,
1c842de1-c4d8-4cca-a61c-04ffda0b39ab,monotonic_reads,network_partition,writer-1,write,mr-1c842de1-c4d8-4cca-a61c-04ffda0b39ab,960,,,ALL,cassandra-1,True,False,5.182,2026-09-16T13:02:06.796294+00:00,
1c842de1-c4d8-4cca-a61c-04ffda0b39ab,monotonic_reads,network_partition,writer-1,write,mr-1c842de1-c4d8-4cca-a61c-04ffda0b39ab,961,,,ALL,cassandra-1,True,False,4.361,2026-09-16T13:02:06.824020+00:00,
1c842de1-c4d8-4cca-a61c-04ffda0b39ab,monotonic_reads,network_partition,writer-1,write,mr-1c842de1-c4d8-4cca-a61c-04ffda0b39ab,962,,,ALL,cassandra-1,True,False,4.531,2026-09-16T13:02:06.853341+00:00,
1c842de1-c4d8-4cca-a61c-04ffda0b39ab,monotonic_reads,network_partition,writer-1,write,mr-1c842de1-c4d8-4cca-a61c-04ffda0b39ab,963,,,ALL,cassandra-1,True,False,5.139,2026-09-16T13:02:06.880592+00:00,
1c842de1-c4d8-4cca-a61c-04ffda0b39ab,monotonic_reads,network_partition,writer-1,write,mr-1c842de1-c4d8-4cca-a61c-04ffda0b39ab,964,,,ALL,cassandra-1,True,False,5.084,2026-09-16T13:02:06.906526+00:00,
1c842de1-c4d8-4cca-a61c-04ffda0b39ab,monotonic_reads,network_partition,writer-1,write,mr-1c842de1-c4d8-4cca-a61c-04ffda0b39ab,965,,,ALL,cassandra-1,True,False,5.116,2026-09-16T13:02:06.935900+00:00,
1c842de1-c4d8-4cca-a61c-04ffda0b39ab,monotonic_reads,network_partition,writer-1,write,mr-1c842de1-c4d8-4cca-a61c-04ffda0b39ab,966,,,ALL,cassandra-1,True,False,3.437,2026-09-16T13:02:06.959830+00:00,
1c842de1-c4d8-4cca-a61c-04ffda0b39ab,monotonic_reads,network_partition,writer-1,write,mr-1c842de1-c4d8-4cca-a61c-04ffda0b39ab,967,,,ALL,cassandra-1,True,False,5.374,2026-09-16T13:02:06.988763+00:00,
1c842de1-c4d8-4cca-a61c-04ffda0b39ab,monotonic_reads,network_partition,writer-1,write,mr-1c842de1-c4d8-4cca-a61c-04ffda0b39ab,968,,,ALL,cassandra-1,True,False,5.475,2026-09-16T13:02:07.018888+00:00,
1c842de1-c4d8-4cca-a61c-04ffda0b39ab,monotonic_reads,network_partition,writer-1,write,mr-1c842de1-c4d8-4cca-a61c-04ffda0b39ab,969,,,ALL,cassandra-1,True,False,4.938,2026-09-16T13:02:07.048278+00:00,
1c842de1-c4d8-4cca-a61c-04ffda0b39ab,monotonic_reads,network_partition,writer-1,write,mr-1c842de1-c4d8-4cca-a61c-04ffda0b39ab,970,,,ALL,cassandra-1,True,False,4.555,2026-09-16T13:02:07.074357+00:00,
1c842de1-c4d8-4cca-a61c-04ffda0b39ab,monotonic_reads,network_partition,writer-1,write,mr-1c842de1-c4d8-4cca-a61c-04ffda0b39ab,971,,,ALL,cassandra-1,True,False,5.119,2026-09-16T13:02:07.102603+00:00,
1c842de1-c4d8-4cca-a61c-04ffda0b39ab,monotonic_reads,network_partition,writer-1,write,mr-1c842de1-c4d8-4cca-a61c-04ffda0b39ab,972,,,ALL,cassandra-1,True,False,5.039,2026-09-16T13:02:07.131068+00:00,
1c842de1-c4d8-4cca-a61c-04ffda0b39ab,monotonic_reads,network_partition,writer-1,write,mr-1c842de1-c4d8-4cca-a61c-04ffda0b39ab,973,,,ALL,cassandra-1,True,False,4.438,2026-09-16T13:02:07.160147+00:00,
1c842de1-c4d8-4cca-a61c-04ffda0b39ab,monotonic_reads,network_partition,writer-1,write,mr-1c842de1-c4d8-4cca-a61c-04ffda0b39ab,974,,,ALL,cassandra-1,True,False,4.993,2026-09-16T13:02:07.186402+00:00,
1c842de1-c4d8-4cca-a61c-04ffda0b39ab,monotonic_reads,network_partition,writer-1,write,mr-1c842de1-c4d8-4cca-a61c-04ffda0b39ab,975,,,ALL,cassandra-1,True,False,4.929,2026-09-16T13:02:07.215345+00:00,
1c842de1-c4d8-4cca-a61c-04ffda0b39ab,monotonic_reads,network_partition,writer-1,write,mr-1c842de1-c4d8-4cca-a61c-04ffda0b39ab,976,,,ALL,cassandra-1,True,False,4.383,2026-09-16T13:02:07.244293+00:00,
1c842de1-c4d8-4cca-a61c-04ffda0b39ab,monotonic_reads,network_partition,writer-1,write,mr-1c842de1-c4d8-4cca-a61c-04ffda0b39ab,977,,,ALL,cassandra-1,True,False,6.282,2026-09-16T13:02:07.271690+00:00,
1c842de1-c4d8-4cca-a61c-04ffda0b39ab,monotonic_reads,network_partition,writer-1,write,mr-1c842de1-c4d8-4cca-a61c-04ffda0b39ab,978,,,ALL,cassandra-1,True,False,2.297,2026-09-16T13:02:07.294734+00:00,
1c842de1-c4d8-4cca-a61c-04ffda0b39ab,monotonic_reads,network_partition,writer-1,write,mr-1c842de1-c4d8-4cca-a61c-04ffda0b39ab,979,,,ALL,cassandra-1,True,False,4.276,2026-09-16T13:02:07.320058+00:00,
1c842de1-c4d8-4cca-a61c-04ffda0b39ab,monotonic_reads,network_partition,writer-1,write,mr-1c842de1-c4d8-4cca-a61c-04ffda0b39ab,980,,,ALL,cassandra-1,True,False,5.229,2026-09-16T13:02:07.349644+00:00,
1c842de1-c4d8-4cca-a61c-04ffda0b39ab,monotonic_reads,network_partition,writer-1,write,mr-1c842de1-c4d8-4cca-a61c-04ffda0b39ab,981,,,ALL,cassandra-1,True,False,4.98,2026-09-16T13:02:07.376771+00:00,
1c842de1-c4d8-4cca-a61c-04ffda0b39ab,monotonic_reads,network_partition,writer-1,write,mr-1c842de1-c4d8-4cca-a61c-04ffda0b39ab,982,,,ALL,cassandra-1,True,False,5.575,2026-09-16T13:02:07.403375+00:00,
1c842de1-c4d8-4cca-a61c-04ffda0b39ab,monotonic_reads,network_partition,writer-1,write,mr-1c842de1-c4d8-4cca-a61c-04ffda0b39ab,983,,,ALL,cassandra-1,True,False,4.293,2026-09-16T13:02:07.430329+00:00,
1c842de1-c4d8-4cca-a61c-04ffda0b39ab,monotonic_reads,network_partition,writer-1,write,mr-1c842de1-c4d8-4cca-a61c-04ffda0b39ab,984,,,ALL,cassandra-1,True,False,4.292,2026-09-16T13:02:07.457119+00:00,
1c842de1-c4d8-4cca-a61c-04ffda0b39ab,monotonic_reads,network_partition,writer-1,write,mr-1c842de1-c4d8-4cca-a61c-04ffda0b39ab,985,,,ALL,cassandra-1,True,False,5.181,2026-09-16T13:02:07.486587+00:00,
1c842de1-c4d8-4cca-a61c-04ffda0b39ab,monotonic_reads,network_partition,writer-1,write,mr-1c842de1-c4d8-4cca-a61c-04ffda0b39ab,986,,,ALL,cassandra-1,True,False,4.128,2026-09-16T13:02:07.511522+00:00,
1c842de1-c4d8-4cca-a61c-04ffda0b39ab,monotonic_reads,network_partition,writer-1,write,mr-1c842de1-c4d8-4cca-a61c-04ffda0b39ab,987,,,ALL,cassandra-1,True,False,5.754,2026-09-16T13:02:07.538507+00:00,
1c842de1-c4d8-4cca-a61c-04ffda0b39ab,monotonic_reads,network_partition,writer-1,write,mr-1c842de1-c4d8-4cca-a61c-04ffda0b39ab,988,,,ALL,cassandra-1,True,False,5.666,2026-09-16T13:02:07.566486+00:00,
1c842de1-c4d8-4cca-a61c-04ffda0b39ab,monotonic_reads,network_partition,writer-1,write,mr-1c842de1-c4d8-4cca-a61c-04ffda0b39ab,989,,,ALL,cassandra-1,True,False,3.042,2026-09-16T13:02:07.590827+00:00,
1c842de1-c4d8-4cca-a61c-04ffda0b39ab,monotonic_reads,network_partition,writer-1,write,mr-1c842de1-c4d8-4cca-a61c-04ffda0b39ab,990,,,ALL,cassandra-1,True,False,4.453,2026-09-16T13:02:07.620409+00:00,
