trial_id,model,scenario,client,operation,key,version_written,version_observed,read_cl,write_cl,target_node,success,violation,latency_ms,timestamp,error
30d63777-602e-436c-89af-f006c04da6f6,monotonic_reads,network_partition,writer-1,write,mr-30d63777-602e-436c-89af-f006c04da6f6,1,,,ONE,cassandra-1,True,False,2.533,2026-09-16T06:23:31.493879+00:00,
30d63777-602e-436c-89af-f006c04da6f6,monotonic_reads,network_partition,writer-1,write,mr-30d63777-602e-436c-89af-f006c04da6f6,2,,,ONE,cassandra-1,True,False,3.116,2026-09-16T06:23:31.518627+00:00,
30d63777-602e-436c-89af-f006c04da6f6,monotonic_reads,network_partition,writer-1,write,mr-30d63777-602e-436c-89af-f006c04da6f6,3,,,ONE,cassandra-1,True,False,3.316,2026-09-16T06:23:31.546874+00:00,
30d63777-602e-436c-89af-f006c04da6f6,monotonic_reads,network_partition,writer-1,write,mr-30d63777-602e-436c-89af-f006c04da6f6,4,,,ONE,cassandra-1,True,False,3.467,2026-09-16T06:23:31.571313+00:00,
30d63777-602e-436c-89af-f006c04da6f6,monotonic_reads,network_partition,writer-1,write,mr-30d63777-602e-436c-89af-f006c04da6f6,5,,,ONE,cassandra-1,True,False,3.567,2026-09-16T06:23:31.599424+00:00,
30d63777-602e-436c-89af-f006c04da6f6,monotonic_reads,network_partition,writer-1,write,mr-30d63777-602e-436c-89af-f006c04da6f6,6,,,ONE,cassandra-1,True,False,3.011,2026-09-16T06:23:31.624504+00:00,
30d63777-602e-436c-89af-f006c04da6f6,monotonic_reads,network_partition,writer-1,write,mr-30d63777-602e-436c-89af-f006c04da6f6,7,,,ONE,cassandra-1,True,False,3.392,2026-09-16T06:23:31.651788+00:00,
30d63777-602e-436c-89af-f006c04da6f6,monotonic_reads,network_partition,writer-1,write,mr-30d63777-602e-436c-89af-f006c04da6f6,8,,,ONE,cassandra-1,True,False,3.335,2026-09-16T06:23:31.678582+00:00,
30d63777-602e-436c-89af-f006c04da6f6,monotonic_reads,network_partition,writer-1,write,mr-30d63777-602e-436c-89af-f006c04da6f6,9,,,ONE,cassandra-1,True,False,3.275,2026-09-16T06:23:31.707016+00:00,
30d63777-602e-436c-89af-f006c04da6f6,monotonic_reads,network_partition,writer-1,write,mr-30d63777-602e-436c-89af-f006c04da6f6,10,,,ONE,cassandra-1,True,False,3.477,2026-09-16T06:23:31.734751+00:00,
30d63777-602e-436c-89af-f006c04da6f6,monotonic_reads,network_partition,writer-1,write,mr-30d63777-602e-436c-89af-f006c04da6f6,11,,,ONE,cassandra-1,True,False,3.315,2026-09-16T06:23:31.761187+00:00,
30d63777-602e-436c-89af-f006c04da6f6,monotonic_reads,network_partition,writer-1,write,mr-30d63777-602e-436c-89af-f006c04da6f6,12,,,ONE,cassandra-1,True,False,2.844,2026-09-16T06:23:31.787179+00:00,
30d63777-602e-436c-89af-f006c04da6f6,monotonic_reads,network_partition,writer-1,write,mr-30d63777-602e-436c-89af-f006c04da6f6,13,,,ONE,cassandra-1,True,False,4.546,2026-09-16T06:23:31.815269+00:00,
30d63777-602e-436c-89af-f006c04da6f6,monotonic_reads,network_partition,writer-1,write,mr-30d63777-602e-436c-89af-f006c04da6f6,14,,,ONE,cassandra-1,True,False,3.931,2026-09-16T06:23:31.840083+00:00,
30d63777-602e-436c-89af-f006c04da6f6,monotonic_reads,network_partition,writer-1,write,mr-30d63777-602e-436c-89af-f006c04da6f6,15,,,ONE,cassandra-1,True,False,2.955,2026-09-16T06:23:31.866686+00:00,
30d63777-602e-436c-89af-f006c04da6f6,monotonic_reads,network_partition,writer-1,write,mr-30d63777-602e-436c-89af-f006c04da6f6,16,,,ONE,cassandra-1,True,False,3.146,2026-09-16T06:23:31.894282+00:00,
30d63777-602e-436c-89af-f006c04da6f6,monotonic_reads,network_partition,writer-1,write,mr-30d63777-602e-436c-89af-f006c04da6f6,17,,,ONE,cassandra-1,True,False,2.88,2026-09-16T06:23:31.921434+00:00,
30d63777-602e-436c-89af-f006c04da6f6,monotonic_reads,network_partition,writer-1,write,mr-30d63777-602e-436c-89af-f006c04da6f6,18,,,ONE,cassandra-1,True,False,3.157,2026-09-16T06:23:31.949161+00:00,
30d63777-602e-436c-89af-f006c04da6f6,monotonic_reads,network_partition,writer-1,write,mr-30d63777-602e-436c-89af-f006c04da6f6,19,,,ONE,cassandra-1,True,False,4.826,2026-09-16T06:23:31.976857+00:00,
30d63777-602e-436c-89af-f006c04da6f6,monotonic_reads,network_partition,writer-1,write,mr-30d63777-602e-436c-89af-f006c04da6f6,20,,,ONE,cassandra-1,True,False,2.708,2026-09-16T06:23:32.003674+00:00,
30d63777-602e-436c-89af-f006c04da6f6,monotonic_reads,network_partition,writer-1,write,mr-30d63777-602e-436c-89af-f006c04da6f6,21,,,ONE,cassandra-1,True,False,2.479,2026-09-16T06:23:32.027980+00:00,
30d63777-602e-436c-89af-f006c04da6f6,monotonic_reads,network_partition,writer-1,write,mr-30d63777-602e-436c-89af-f006c04da6f6,22,,,ONE,cassandra-1,True,False,3.734,2026-09-16T06:23:32.056629+00:00,
30d63777-602e-436c-89af-f006c04da6f6,monotonic_reads,network_partition,writer-1,write,mr-30d63777-602e-436c-89af-f006c04da6f6,23,,,ONE,cassandra-1,True,False,3.579,2026-09-16T06:23:32.080734+00:00,
30d63777-602e-436c-89af-f006c04da6f6,monotonic_reads,network_partition,writer-1,write,mr-30d63777-602e-436c-89af-f006c04da6f6,24,,,ONE,cassandra-1,True,False,3.455,2026-09-16T06:23:32.108845+00:00,
30d63777-602e-436c-89af-f006c04da6f6,monotonic_reads,network_partition,writer-1,write,mr-30d63777-602e-436c-89af-f006c04da6f6,25,,,ONE,cassandra-1,True,False,2.961,2026-09-16T06:23:32.137054+00:00,
30d63777-602e-436c-89af-f006c04da6f6,monotonic_reads,network_partition,writer-1,write,mr-30d63777-602e-436c-89af-f006c04da6f6,26,,,ONE,cassandra-1,True,False,3.704,2026-09-16T06:23:32.162687+00:00,
30d63777-602e-436c-89af-f006c04da6f6,monotonic_reads,network_partition,writer-1,write,mr-30d63777-602e-436c-89af-f006c04da6f6,27,,,ONE,cassandra-1,True,False,3.031,2026-09-16T06:23:32.187023+00:00,
30d63777-602e-436c-89af-f006c04da6f6,monotonic_reads,network_partition,writer-1,write,mr-30d63777-602e-436c-89af-f006c04da6f6,28,,,ONE,cassandra-1,True,False,3.161,2026-09-16T06:23:32.214457+00:00,
30d63777-602e-436c-89af-f006c04da6f6,monotonic_reads,network_partition,writer-1,write,mr-30d63777-602e-436c-89af-f006c04da6f6,29,,,ONE,cassandra-1,True,False,3.93,2026-09-16T06:23:32.240926+00:00,
30d63777-602e-436c-89af-f006c04da6f6,monotonic_reads,network_partition,writer-1,write,mr-30d63777-602e-436c-89af-f006c04da6f6,30,,,ONE,cassandra-1,True,False,3.204,2026-09-16T06:23:32.267961+00:00,
30d63777-602e-436c-89af-f006c04da6f6,monotonic_reads,network_partition,writer-1,write,mr-30d63777-602e-436c-89af-f006c04da6f6,31,,,ONE,cassandra-1,True,False,3.798,2026-09-16T06:23:32.292784+00:00,
30d63777-602e-436c-89af-f006c04da6f6,monotonic_reads,network_partition,writer-1,write,mr-30d63777-602e-436c-89af-f006c04da6f6,32,,,ONE,cassandra-1,True,False,3.31,2026-09-16T06:23:32.320280+00:00,
30d63777-602e-436c-89af-f006c04da6f6,monotonic_reads,network_partition,writer-1,write,mr-30d63777-602e-436c-89af-f006c04da6f6,33,,,ONE,cassandra-1,True,False,4.161,2026-09-16T06:23:32.345787+00:00,
30d63777-602e-436c-89af-f006c04da6f6,monotonic_reads,network_partition,writer-1,write,mr-30d63777-602e-436c-89af-f006c04da6f6,34,,,ONE,cassandra-1,True,False,4.051,2026-09-16T06:23:32.372582+00:00,
30d63777-602e-436c-89af-f006c04da6f6,monotonic_reads,network_partition,writer-1,write,mr-30d63777-602e-436c-89af-f006c04da6f6,35,,,ONE,cassandra-1,True,False,3.395,2026-09-16T06:23:32.399386+00:00,
30d63777-602e-436c-89af-f006c04da6f6,monotonic_reads,network_partition,writer-1,write,mr-30d63777-602e-436c-89af-f006c04da6f6,36,,,ONE,cassandra-1,True,False,3.675,2026-09-16T06:23:32.427422+00:00,
30d63777-602e-436c-89af-f006c04da6f6,monotonic_reads,network_partition,writer-1,write,mr-30d63777-602e-436c-89af-f006c04da6f6,37,,,ONE,cassandra-1,True,False,3.786,2026-09-16T06:23:32.453016+00:00,
30d63777-602e-436c-89af-f006c04da6f6,monotonic_reads,network_partition,writer-1,write,mr-30d63777-602e-436c-89af-f006c04da6f6,38,,,ONE,cassandra-1,True,False,3.122,2026-09-16T06:23:32.478990+00:00,
30d63777-602e-436c-89af-f006c04da6f6,monotonic_reads,network_partition,writer-1,write,mr-30d63777-602e-436c-89af-f006c04da6f6,39,,,ONE,cassandra-1,True,False,2.659,2026-09-16T06:23:32.507203+00:00,
30d63777-602e-436c-89af-f006c04da6f6,monotonic_reads,network_partition,writer-1,write,mr-30d63777-602e-436c-89af-f006c04da6f6,40,,,ONE,cassandra-1,True,False,3.606,2026-09-16T06:23:32.531992+00:00,
30d63777-602e-436c-89af-f006c04da6f6,monotonic_reads,network_partition,writer-1,write,mr-30d63777-602e-436c-89af-f006c04da6f6,41,,,ONE,cassandra-1,True,False,3.508,2026-09-16T06:23:32.558012+00:00,
30d63777-602e-436c-89af-f006c04da6f6,monotonic_reads,network_partition,writer-1,write,mr-30d63777-602e-436c-89af-f006c04da6f6,42,,,ONE,cassandra-1,True,False,3.224,2026-09-16T06:23:32.586503+00:00,
30d63777-602e-436c-89af-f006c04da6f6,monotonic_reads,network_partition,writer-1,write,mr-30d63777-602e-436c-89af-f006c04da6f6,43,,,ONE,cassandra-1,True,False,3.775,2026-09-16T06:23:32.611814+00:00,
30d63777-602e-436c-89af-f006c04da6f6,monotonic_reads,network_partition,writer-1,write,mr-30d63777-602e-436c-89af-f006c04da6f6,44,,,ONE,cassandra-1,True,False,3.87,2026-09-16T06:23:32.640943+00:00,
30d63777-602e-436c-89af-f006c04da6f6,monotonic_reads,network_partition,writer-1,write,mr-30d63777-602e-436c-89af-f006c04da6f6,45,,,ONE,cassandra-1,True,False,3.356,2026-09-16T06:23:32.664779+00:00,
30d63777-602e-436c-89af-f006c04da6f6,monotonic_reads,network_partition,writer-1,write,mr-30d63777-602e-436c-89af-f006c04da6f6,46,,,ONE,cassandra-1,True,False,3.216,2026-09-16T06:23:32.692889+00:00,
30d63777-602e-436c-89af-f006c04da6f6,monotonic_reads,network_partition,writer-1,write,mr-30d63777-602e-436c-89af-f006c04da6f6,47,,,ONE,cassandra-1,True,False,3.87,2026-09-16T06:23:32.717668+00:00,
30d63777-602e-436c-89af-f006c04da6f6,monotonic_reads,network_partition,writer-1,write,mr-30d63777-602e-436c-89af-f006c04da6f6,48,,,ONE,cassandra-1,True,False,3.342,2026-09-16T06:23:32.742343+00:00,
30d63777-602e-436c-89af-f006c04da6f6,monotonic_reads,network_partition,writer-1,write,mr-30d63777-602e-436c-89af-f006c04da6f6,49,,,ONE,cassandra-1,True,False,3.577,2026-09-16T06:23:32.769644+00:00,
30d63777-602e-436c-89af-f006c04da6f6,monotonic_reads,network_partition,writer-1,write,mr-30d63777-602e-436c-89af-f006c04da6f6,50,,,ONE,cassandra-1,True,False,2.063,2026-09-16T06:23:32.794423+00:00,
30d63777-602e-436c-89af-f006c04da6f6,monotonic_reads,network_partition,writer-1,write,mr-30d63777-602e-436c-89af-f006c04da6f6,51,,,ONE,cassandra-1,True,False,3.799,2026-09-16T06:23:32.820231+00:00,
30d63777-602e-436c-89af-f006c04da6f6,monotonic_reads,network_partition,writer-1,write,mr-30d63777-602e-436c-89af-f006c04da6f6,52,,,ONE,cassandra-1,True,False,2.85,2026-09-16T06:23:32.845845+00:00,
30d63777-602e-436c-89af-f006c04da6f6,monotonic_reads,network_partition,writer-1,write,mr-30d63777-602e-436c-89af-f006c04da6f6,53,,,ONE,cassandra-1,True,False,4.394,2026-09-16T06:23:32.871378+00:00,
30d63777-602e-436c-89af-f006c04da6f6,monotonic_reads,network_partition,writer-1,write,mr-30d63777-602e-436c-89af-f006c04da6f6,54,,,ONE,cassandra-1,True,False,3.56,2026-09-16T06:23:32.899589+00:00,
30d63777-602e-436c-89af-f006c04da6f6,monotonic_reads,network_partition,writer-1,write,mr-30d63777-602e-436c-89af-f006c04da6f6,55,,,ONE,cassandra-1,True,False,4.044,2026-09-16T06:23:32.924604+00:00,
30d63777-602e-436c-89af-f006c04da6f6,monotonic_reads,network_partition,writer-1,write,mr-30d63777-602e-436c-89af-f006c04da6f6,56,,,ONE,cassandra-1,True,False,3.095,2026-09-16T06:23:32.952925+00:00,
30d63777-602e-436c-89af-f006c04da6f6,monotonic_reads,network_partition,writer-1,write,mr-30d63777-602e-436c-89af-f006c04da6f6,57,,,ONE,cassandra-1,True,False,2.974,2026-09-16T06:23:32.980359+00:00,
30d63777-602e-436c-89af-f006c04da6f6,monotonic_reads,network_partition,writer-1,write,mr-30d63777-602e-436c-89af-f006c04da6f6,58,,,ONE,cassandra-1,True,False,3.467,2026-09-16T06:23:33.007496+00:00,
30d63777-602e-436c-89af-f006c04da6f6,monotonic_reads,network_partition,writer-1,write,mr-30d63777-602e-436c-89af-f006c04da6f6,59,,,ONE,cassandra-1,True,False,3.95,2026-09-16T06:23:33.034582+00:00,
30d63777-602e-436c-89af-f006c04da6f6,monotonic_reads,network_partition,writer-1,write,mr-30d63777-602e-436c-89af-f006c04da6f6,60,,,ONE,cassandra-1,True,False,2.582,2026-09-16T06:23:33.059973+00:00,
30d63777-602e-436c-89af-f006c04da6f6,monotonic_reads,network_partition,writer-1,write,mr-30d63777-602e-436c-89af-f006c04da6f6,61,,,ONE,cassandra-1,True,False,3.199,2026-09-16T06:23:33.087695+00:00,
30d63777-602e-436c-89af-f006c04da6f6,monotonic_reads,network_partition,writer-1,write,mr-30d63777-602e-436c-89af-f006c04da6f6,62,,,ONE,cassandra-1,True,False,3.483,2026-09-16T06:23:33.113205+00:00,
30d63777-602e-436c-89af-f006c04da6f6,monotonic_reads,network_partition,writer-1,write,mr-30d63777-602e-436c-89af-f006c04da6f6,63,,,ONE,cassandra-1,True,False,3.223,2026-09-16T06:23:33.141212+00:00,
30d63777-602e-436c-89af-f006c04da6f6,monotonic_reads,network_partition,writer-1,write,mr-30d63777-602e-436c-89af-f006c04da6f6,64,,,ONE,cassandra-1,True,False,3.334,2026-09-16T06:23:33.169323+00:00,
30d63777-602e-436c-89af-f006c04da6f6,monotonic_reads,network_partition,writer-1,write,mr-30d63777-602e-436c-89af-f006c04da6f6,65,,,ONE,cassandra-1,True,False,3.13,2026-09-16T06:23:33.197174+00:00,
30d63777-602e-436c-89af-f006c04da6f6,monotonic_reads,network_partition,writer-1,write,mr-30d63777-602e-436c-89af-f006c04da6f6,66,,,ONE,cassandra-1,True,False,3.496,2026-09-16T06:23:33.224874+00:00,
30d63777-602e-436c-89af-f006c04da6f6,monotonic_reads,network_partition,writer-1,write,mr-30d63777-602e-436c-89af-f006c04da6f6,67,,,ONE,cassandra-1,True,False,3.571,2026-09-16T06:23:33.251942+00:00,
30d63777-602e-436c-89af-f006c04da6f6,monotonic_reads,network_partition,writer-1,write,mr-30d63777-602e-436c-89af-f006c04da6f6,68,,,ONE,cassandra-1,True,False,3.458,2026-09-16T06:23:33.277678+00:00,
30d63777-602e-436c-89af-f006c04da6f6,monotonic_reads,network_partition,writer-1,write,mr-30d63777-602e-436c-89af-f006c04da6f6,69,,,ONE,cassandra-1,True,False,2.149,2026-09-16T06:23:33.305035+00:00,
30d63777-602e-436c-89af-f006c04da6f6,monotonic_reads,network_partition,writer-1,write,mr-30d63777-602e-436c-89af-f006c04da6f6,70,,,ONE,cassandra-1,True,False,3.948,2026-09-16T06:23:33.330681+00:00,
30d63777-602e-436c-89af-f006c04da6f6,monotonic_reads,network_partition,writer-1,write,mr-30d63777-602e-436c-89af-f006c04da6f6,71,,,ONE,cassandra-1,True,False,3.188,2026-09-16T06:23:33.357998+00:00,
30d63777-602e-436c-89af-f006c04da6f6,monotonic_reads,network_partition,writer-1,write,mr-30d63777-602e-436c-89af-f006c04da6f6,72,,,ONE,cassandra-1,True,False,3.089,2026-09-16T06:23:33.385764+00:00,
30d63777-602e-436c-89af-f006c04da6f6,monotonic_reads,network_partition,writer-1,write,mr-30d63777-602e-436c-89af-f006c04da6f6,73,,,ONE,cassandra-1,True,False,2.918,2026-09-16T06:23:33.413312+00:00,
30d63777-602e-436c-89af-f006c04da6f6,monotonic_reads,network_partition,writer-1,write,mr-30d63777-602e-436c-89af-f006c04da6f6,74,,,ONE,cassandra-1,True,False,4.004,2026-09-16T06:23:33.440004+00:00,
30d63777-602e-436c-89af-f006c04da6f6,monotonic_reads,network_partition,writer-1,write,mr-30d63777-602e-436c-89af-f006c04da6f6,75,,,ONE,cassandra-1,True,False,3.293,2026-09-16T06:23:33.468362+00:00,
30d63777-602e-436c-89af-f006c04da6f6,monotonic_reads,network_partition,writer-1,write,mr-30d63777-602e-436c-89af-f006c04da6f6,76,,,ONE,cassandra-1,True,False,4.453,2026-09-16T06:23:33.498014+00:00,
30d63777-602e-436c-89af-f006c04da6f6,monotonic_reads,network_partition,writer-1,write,mr-30d63777-602e-436c-89af-f006c04da6f6,77,,,ONE,cassandra-1,True,False,3.745,2026-09-16T06:23:33.522643+00:00,
30d63777-602e-436c-89af-f006c04da6f6,monotonic_reads,network_partition,writer-1,write,mr-30d63777-602e-436c-89af-f006c04da6f6,78,,,ONE,cassandra-1,True,False,8.556,2026-09-16T06:23:33.552606+00:00,
30d63777-602e-436c-89af-f006c04da6f6,monotonic_reads,network_partition,writer-1,write,mr-30d63777-602e-436c-89af-f006c04da6f6,79,,,ONE,cassandra-1,True,False,2.556,2026-09-16T06:23:33.580363+00:00,
30d63777-602e-436c-89af-f006c04da6f6,monotonic_reads,network_partition,writer-1,write,mr-30d63777-602e-436c-89af-f006c04da6f6,80,,,ONE,cassandra-1,True,False,3.041,2026-09-16T06:23:33.605055+00:00,
30d63777-602e-436c-89af-f006c04da6f6,monotonic_reads,network_partition,writer-1,write,mr-30d63777-602e-436c-89af-f006c04da6f6,81,,,ONE,cassandra-1,True,False,3.226,2026-09-16T06:23:33.633492+00:00,
30d63777-602e-436c-89af-f006c04da6f6,monotonic_reads,network_partition,writer-1,write,mr-30d63777-602e-436c-89af-f006c04da6f6,82,,,ONE,cassandra-1,True,False,3.417,2026-09-16T06:23:33.660849+00:00,
30d63777-602e-436c-89af-f006c04da6f6,monotonic_reads,network_partition,writer-1,write,mr-30d63777-602e-436c-89af-f006c04da6f6,83,,,ONE,cassandra-1,True,False,2.582,2026-09-16T06:23:33.687504+00:00,
30d63777-602e-436c-89af-f006c04da6f6,monotonic_reads,network_partition,writer-1,write,mr-30d63777-602e-436c-89af-f006c04da6f6,84,,,ONE,cassandra-1,True,False,4.182,2026-09-16T06:23:33.714942+00:00,
30d63777-602e-436c-89af-f006c04da6f6,monotonic_reads,network_partition,writer-1,write,mr-30d63777-602e-436c-89af-f006c04da6f6,85,,,ONE,cassandra-1,True,False,2.974,2026-09-16T06:23:33.742293+00:00,
30d63777-602e-436c-89af-f006c04da6f6,monotonic_reads,network_partition,writer-1,write,mr-30d63777-602e-436c-89af-f006c04da6f6,86,,,ONE,cassandra-1,True,False,4.53,2026-09-16T06:23:33.768928+00:00,
30d63777-602e-436c-89af-f006c04da6f6,monotonic_reads,network_partition,writer-1,write,mr-30d63777-602e-436c-89af-f006c04da6f6,87,,,ONE,cassandra-1,True,False,3.466,2026-09-16T06:23:33.793037+00:00,
30d63777-602e-436c-89af-f006c04da6f6,monotonic_reads,network_partition,writer-1,write,mr-30d63777-602e-436c-89af-f006c04da6f6,88,,,ONE,cassandra-1,True,False,2.897,2026-09-16T06:23:33.820433+00:00,
30d63777-602e-436c-89af-f006c04da6f6,monotonic_reads,network_partition,writer-1,write,mr-30d63777-602e-436c-89af-f006c04da6f6,89,,,ONE,cassandra-1,True,False,3.203,2026-09-16T06:23:33.847459+00:00,
30d63777-602e-436c-89af-f006c04da6f6,monotonic_reads,network_partition,writer-1,write,mr-30d63777-602e-436c-89af-f006c04da6f6,90,,,ONE,cassandra-1,True,False,4.051,2026-09-16T06:23:33.872957+00:00,
30d63777-602e-436c-89af-f006c04da6f6,monotonic_reads,network_partition,writer-1,write,mr-30d63777-602e-436c-89af-f006c04da6f6,91,,,ONE,cassandra-1,True,False,3.667,2026-09-16T06:23:33.897716+00:00,
30d63777-602e-436c-89af-f006c04da6f6,monotonic_reads,network_partition,writer-1,write,mr-30d63777-602e-436c-89af-f006c04da6f6,92,,,ONE,cassandra-1,True,False,3.669,2026-09-16T06:23:33.926592+00:00,
30d63777-602e-436c-89af-f006c04da6f6,monotonic_reads,network_partition,writer-1,write,mr-30d63777-602e-436c-89af-f006c04da6f6,93,,,ONE,cassandra-1,True,False,4.123,2026-09-16T06:23:33.951013+00:00,
30d63777-602e-436c-89af-f006c04da6f6,monotonic_reads,network_partition,writer-1,write,mr-30d63777-602e-436c-89af-f006c04da6f6,94,,,ONE,cassandra-1,True,False,3.385,2026-09-16T06:23:33.977313+00:00,
30d63777-602e-436c-89af-f006c04da6f6,monotonic_reads,network_partition,writer-1,write,mr-30d63777-602e-436c-89af-f006c04da6f6,95,,,ONE,cassandra-1,True,False,5.766,2026-09-16T06:23:34.006644+00:00,
30d63777-602e-436c-89af-f006c04da6f6,monotonic_reads,network_partition,writer-1,write,mr-30d63777-602e-436c-89af-f006c04da6f6,96,,,ONE,cassandra-1,True,False,4.108,2026-09-16T06:23:34.033389+00:00,
30d63777-602e-436c-89af-f006c04da6f6,monotonic_reads,network_partition,writer-1,write,mr-30d63777-602e-436c-89af-f006c04da6f6,97,,,ONE,cassandra-1,True,False,2.83,2026-09-16T06:23:34.061454+00:00,
30d63777-602e-436c-89af-f006c04da6f6,monotonic_reads,network_partition,writer-1,write,mr-30d63777-602e-436c-89af-f006c04da6f6,98,,,ONE,cassandra-1,True,False,4.376,2026-09-16T06:23:34.090596+00:00,
30d63777-602e-436c-89af-f006c04da6f6,monotonic_reads,network_partition,writer-1,write,mr-30d63777-602e-436c-89af-f006c04da6f6,99,,,ONE,cassandra-1,True,False,3.654,2026-09-16T06:23:34.117642+00:00,
30d63777-602e-436c-89af-f006c04da6f6,monotonic_reads,network_partition,writer-1,write,mr-30d63777-602e-436c-89af-f006c04da6f6,100,,,ONE,cassandra-1,True,False,3.67,2026-09-16T06:23:34.141958+00:00,
30d63777-602e-436c-89af-f006c04da6f6,monotonic_reads,network_partition,writer-1,write,mr-30d63777-602e-436c-89af-f006c04da6f6,101,,,ONE,cassandra-1,True,False,3.288,2026-09-16T06:23:34.166279+00:00,
30d63777-602e-436c-89af-f006c04da6f6,monotonic_reads,network_partition,writer-1,write,mr-30d63777-602e-436c-89af-f006c04da6f6,102,,,ONE,cassandra-1,True,False,3.255,2026-09-16T06:23:34.193241+00:00,
30d63777-602e-436c-89af-f006c04da6f6,monotonic_reads,network_partition,writer-1,write,mr-30d63777-602e-436c-89af-f006c04da6f6,103,,,ONE,cassandra-1,True,False,4.027,2026-09-16T06:23:34.217982+00:00,
30d63777-602e-436c-89af-f006c04da6f6,monotonic_reads,network_partition,writer-1,write,mr-30d63777-602e-436c-89af-f006c04da6f6,104,,,ONE,cassandra-1,True,False,3.396,2026-09-16T06:23:34.244392+00:00,
30d63777-602e-436c-89af-f006c04da6f6,monotonic_reads,network_partition,writer-1,write,mr-30d63777-602e-436c-89af-f006c04da6f6,105,,,ONE,cassandra-1,True,False,3.614,2026-09-16T06:23:34.272089+00:00,
30d63777-602e-436c-89af-f006c04da6f6,monotonic_reads,network_partition,writer-1,write,mr-30d63777-602e-436c-89af-f006c04da6f6,106,,,ONE,cassandra-1,True,False,4.021,2026-09-16T06:23:34.297037+00:00,
30d63777-602e-436c-89af-f006c04da6f6,monotonic_reads,network_partition,writer-1,write,mr-30d63777-602e-436c-89af-f006c04da6f6,107,,,ONE,cassandra-1,True,False,3.118,2026-09-16T06:23:34.321974+00:00,
30d63777-602e-436c-89af-f006c04da6f6,monotonic_reads,network_partition,writer-1,write,mr-30d63777-602e-436c-89af-f006c04da6f6,108,,,ONE,cassandra-1,True,False,2.98,2026-09-16T06:23:34.346711+00:00,
30d63777-602e-436c-89af-f006c04da6f6,monotonic_reads,network_partition,writer-1,write,mr-30d63777-602e-436c-89af-f006c04da6f6,109,,,ONE,cassandra-1,True,False,4.553,2026-09-16T06:23:34.374558+00:00,
30d63777-602e-436c-89af-f006c04da6f6,monotonic_reads,network_partition,writer-1,write,mr-30d63777-602e-436c-89af-f006c04da6f6,110,,,ONE,cassandra-1,True,False,3.658,2026-09-16T06:23:34.403136+00:00,
30d63777-602e-436c-89af-f006c04da6f6,monotonic_reads,network_partition,writer-1,write,mr-30d63777-602e-436c-89af-f006c04da6f6,111,,,ONE,cassandra-1,True,False,3.139,2026-09-16T06:23:34.431265+00:00,
30d63777-602e-436c-89af-f006c04da6f6,monotonic_reads,network_partition,writer-1,write,mr-30d63777-602e-436c-89af-f006c04da6f6,112,,,ONE,cassandra-1,True,False,3.418,2026-09-16T06:23:34.459035+00:00,
30d63777-602e-436c-89af-f006c04da6f6,monotonic_reads,network_partition,writer-1,write,mr-30d63777-602e-436c-89af-f006c04da6f6,113,,,ONE,cassandra-1,True,False,4.134,2026-09-16T06:23:34.484658+00:00,
30d63777-602e-436c-89af-f006c04da6f6,monotonic_reads,network_partition,writer-1,write,mr-30d63777-602e-436c-89af-f006c04da6f6,114,,,ONE,cassandra-1,True,False,3.668,2026-09-16T06:23:34.513571+00:00,
30d63777-602e-436c-89af-f006c04da6f6,monotonic_reads,network_partition,writer-1,write,mr-30d63777-602e-436c-89af-f006c04da6f6,115,,,ONE,cassandra-1,True,False,3.81,2026-09-16T06:23:34.538751+00:00,
30d63777-602e-436c-89af-f006c04da6f6,monotonic_reads,network_partition,writer-1,write,mr-30d63777-602e-436c-89af-f006c04da6f6,116,,,ONE,cassandra-1,True,False,3.489,2026-09-16T06:23:34.567228+00:00,
30d63777-602e-436c-89af-f006c04da6f6,monotonic_reads,network_partition,writer-1,write,mr-30d63777-602e-436c-89af-f006c04da6f6,117,,,ONE,cassandra-1,True,False,2.999,2026-09-16T06:23:34.594595+00:00,
30d63777-602e-436c-89af-f006c04da6f6,monotonic_reads,network_partition,writer-1,write,mr-30d63777-602e-436c-89af-f006c04da6f6,118,,,ONE,cassandra-1,True,False,2.134,2026-09-16T06:23:34.620895+00:00,
30d63777-602e-436c-89af-f006c04da6f6,monotonic_reads,network_partition,writer-1,write,mr-30d63777-602e-436c-89af-f006c04da6f6,119,,,ONE,cassandra-1,True,False,4.305,2026-09-16T06:23:34.645787+00:00,
30d63777-602e-436c-89af-f006c04da6f6,monotonic_reads,network_partition,writer-1,write,mr-30d63777-602e-436c-89af-f006c04da6f6,120,,,ONE,cassandra-1,True,False,3.208,2026-09-16T06:23:34.673591+00:00,
30d63777-602e-436c-89af-f006c04da6f6,monotonic_reads,network_partition,writer-1,write,mr-30d63777-602e-436c-89af-f006c04da6f6,121,,,ONE,cassandra-1,True,False,3.458,2026-09-16T06:23:34.701848+00:00,
30d63777-602e-436c-89af-f006c04da6f6,monotonic_reads,network_partition,writer-1,write,mr-30d63777-602e-436c-89af-f006c04da6f6,122,,,ONE,cassandra-1,True,False,3.432,2026-09-16T06:23:34.730304+00:00,
30d63777-602e-436c-89af-f006c04da6f6,monotonic_reads,network_partition,writer-1,write,mr-30d63777-602e-436c-89af-f006c04da6f6,123,,,ONE,cassandra-1,True,False,5.493,2026-09-16T06:23:34.758382+00:00,
30d63777-602e-436c-89af-f006c04da6f6,monotonic_reads,network_partition,writer-1,write,mr-30d63777-602e-436c-89af-f006c04da6f6,124,,,ONE,cassandra-1,True,False,2.857,2026-09-16T06:23:34.783838+00:00,
30d63777-602e-436c-89af-f006c04da6f6,monotonic_reads,network_partition,writer-1,write,mr-30d63777-602e-436c-89af-f006c04da6f6,125,,,ONE,cassandra-1,True,False,2.42,2026-09-16T06:23:34.810919+00:00,
30d63777-602e-436c-89af-f006c04da6f6,monotonic_reads,network_partition,writer-1,write,mr-30d63777-602e-436c-89af-f006c04da6f6,126,,,ONE,cassandra-1,True,False,2.897,2026-09-16T06:23:34.837980+00:00,
30d63777-602e-436c-89af-f006c04da6f6,monotonic_reads,network_partition,writer-1,write,mr-30d63777-602e-436c-89af-f006c04da6f6,127,,,ONE,cassandra-1,True,False,2.94,2026-09-16T06:23:34.861331+00:00,
30d63777-602e-436c-89af-f006c04da6f6,monotonic_reads,network_partition,writer-1,write,mr-30d63777-602e-436c-89af-f006c04da6f6,128,,,ONE,cassandra-1,True,False,3.091,2026-09-16T06:23:34.889361+00:00,
30d63777-602e-436c-89af-f006c04da6f6,monotonic_reads,network_partition,writer-1,write,mr-30d63777-602e-436c-89af-f006c04da6f6,129,,,ONE,cassandra-1,True,False,3.692,2026-09-16T06:23:34.915929+00:00,
30d63777-602e-436c-89af-f006c04da6f6,monotonic_reads,network_partition,writer-1,write,mr-30d63777-602e-436c-89af-f006c04da6f6,130,,,ONE,cassandra-1,True,False,1.705,2026-09-16T06:23:34.941666+00:00,
30d63777-602e-436c-89af-f006c04da6f6,monotonic_reads,network_partition,writer-1,write,mr-30d63777-602e-436c-89af-f006c04da6f6,131,,,ONE,cassandra-1,True,False,3.943,2026-09-16T06:23:34.967934+00:00,
30d63777-602e-436c-89af-f006c04da6f6,monotonic_reads,network_partition,writer-1,write,mr-30d63777-602e-436c-89af-f006c04da6f6,132,,,ONE,cassandra-1,True,False,2.852,2026-09-16T06:23:34.994211+00:00,
30d63777-602e-436c-89af-f006c04da6f6,monotonic_reads,network_partition,writer-1,write,mr-30d63777-602e-436c-89af-f006c04da6f6,133,,,ONE,cassandra-1,True,False,2.857,2026-09-16T06:23:35.020250+00:00,
30d63777-602e-436c-89af-f006c04da6f6,monotonic_reads,network_partition,writer-1,write,mr-30d63777-602e-436c-89af-f006c04da6f6,134,,,ONE,cassandra-1,True,False,3.487,2026-09-16T06:23:35.047227+00:00,
30d63777-602e-436c-89af-f006c04da6f6,monotonic_reads,network_partition,writer-1,write,mr-30d63777-602e-436c-89af-f006c04da6f6,135,,,ONE,cassandra-1,True,False,4.388,2026-09-16T06:23:35.072923+00:00,
30d63777-602e-436c-89af-f006c04da6f6,monotonic_reads,network_partition,writer-1,write,mr-30d63777-602e-436c-89af-f006c04da6f6,136,,,ONE,cassandra-1,True,False,3.204,2026-09-16T06:23:35.099593+00:00,
30d63777-602e-436c-89af-f006c04da6f6,monotonic_reads,network_partition,writer-1,write,mr-30d63777-602e-436c-89af-f006c04da6f6,137,,,ONE,cassandra-1,True,False,4.087,2026-09-16T06:23:35.124608+00:00,
30d63777-602e-436c-89af-f006c04da6f6,monotonic_reads,network_partition,writer-1,write,mr-30d63777-602e-436c-89af-f006c04da6f6,138,,,ONE,cassandra-1,True,False,3.272,2026-09-16T06:23:35.153107+00:00,
30d63777-602e-436c-89af-f006c04da6f6,monotonic_reads,network_partition,writer-1,write,mr-30d63777-602e-436c-89af-f006c04da6f6,139,,,ONE,cassandra-1,True,False,3.525,2026-09-16T06:23:35.180884+00:00,
30d63777-602e-436c-89af-f006c04da6f6,monotonic_reads,network_partition,writer-1,write,mr-30d63777-602e-436c-89af-f006c04da6f6,140,,,ONE,cassandra-1,True,False,3.686,2026-09-16T06:23:35.207425+00:00,
30d63777-602e-436c-89af-f006c04da6f6,monotonic_reads,network_partition,writer-1,write,mr-30d63777-602e-436c-89af-f006c04da6f6,141,,,ONE,cassandra-1,True,False,3.356,2026-09-16T06:23:35.235724+00:00,
30d63777-602e-436c-89af-f006c04da6f6,monotonic_reads,network_partition,writer-1,write,mr-30d63777-602e-436c-89af-f006c04da6f6,142,,,ONE,cassandra-1,True,False,3.783,2026-09-16T06:23:35.264495+00:00,
30d63777-602e-436c-89af-f006c04da6f6,monotonic_reads,network_partition,writer-1,write,mr-30d63777-602e-436c-89af-f006c04da6f6,143,,,ONE,cassandra-1,True,False,1.659,2026-09-16T06:23:35.291332+00:00,
30d63777-602e-436c-89af-f006c04da6f6,monotonic_reads,network_partition,writer-1,write,mr-30d63777-602e-436c-89af-f006c04da6f6,144,,,ONE,cassandra-1,True,False,4.012,2026-09-16T06:23:35.316118+00:00,
30d63777-602e-436c-89af-f006c04da6f6,monotonic_reads,network_partition,writer-1,write,mr-30d63777-602e-436c-89af-f006c04da6f6,145,,,ONE,cassandra-1,True,False,3.463,2026-09-16T06:23:35.343706+00:00,
30d63777-602e-436c-89af-f006c04da6f6,monotonic_reads,network_partition,writer-1,write,mr-30d63777-602e-436c-89af-f006c04da6f6,146,,,ONE,cassandra-1,True,False,4.622,2026-09-16T06:23:35.372591+00:00,
30d63777-602e-436c-89af-f006c04da6f6,monotonic_reads,network_partition,writer-1,write,mr-30d63777-602e-436c-89af-f006c04da6f6,147,,,ONE,cassandra-1,True,False,3.103,2026-09-16T06:23:35.400999+00:00,
30d63777-602e-436c-89af-f006c04da6f6,monotonic_reads,network_partition,writer-1,write,mr-30d63777-602e-436c-89af-f006c04da6f6,148,,,ONE,cassandra-1,True,False,3.643,2026-09-16T06:23:35.428634+00:00,
30d63777-602e-436c-89af-f006c04da6f6,monotonic_reads,network_partition,writer-1,write,mr-30d63777-602e-436c-89af-f006c04da6f6,149,,,ONE,cassandra-1,True,False,3.964,2026-09-16T06:23:35.452985+00:00,
30d63777-602e-436c-89af-f006c04da6f6,monotonic_reads,network_partition,writer-1,write,mr-30d63777-602e-436c-89af-f006c04da6f6,150,,,ONE,cassandra-1,True,False,3.119,2026-09-16T06:23:35.478361+00:00,
30d63777-602e-436c-89af-f006c04da6f6,monotonic_reads,network_partition,writer-1,write,mr-30d63777-602e-436c-89af-f006c04da6f6,151,,,ONE,cassandra-1,True,False,4.359,2026-09-16T06:23:35.507235+00:00,
30d63777-602e-436c-89af-f006c04da6f6,monotonic_reads,network_partition,writer-1,write,mr-30d63777-602e-436c-89af-f006c04da6f6,152,,,ONE,cassandra-1,True,False,3.084,2026-09-16T06:23:35.535084+00:00,
30d63777-602e-436c-89af-f006c04da6f6,monotonic_reads,network_partition,writer-1,write,mr-30d63777-602e-436c-89af-f006c04da6f6,153,,,ONE,cassandra-1,True,False,3.292,2026-09-16T06:23:35.560689+00:00,
30d63777-602e-436c-89af-f006c04da6f6,monotonic_reads,network_partition,writer-1,write,mr-30d63777-602e-436c-89af-f006c04da6f6,154,,,ONE,cassandra-1,True,False,3.407,2026-09-16T06:23:35.588644+00:00,
30d63777-602e-436c-89af-f006c04da6f6,monotonic_reads,network_partition,writer-1,write,mr-30d63777-602e-436c-89af-f006c04da6f6,155,,,ONE,cassandra-1,True,False,2.736,2026-09-16T06:23:35.613719+00:00,
30d63777-602e-436c-89af-f006c04da6f6,monotonic_reads,network_partition,writer-1,write,mr-30d63777-602e-436c-89af-f006c04da6f6,156,,,ONE,cassandra-1,True,False,3.141,2026-09-16T06:23:35.638635+00:00,
30d63777-602e-436c-89af-f006c04da6f6,monotonic_reads,network_partition,writer-1,write,mr-30d63777-602e-436c-89af-f006c04da6f6,157,,,ONE,cassandra-1,True,False,2.834,2026-09-16T06:23:35.665224+00:00,
30d63777-602e-436c-89af-f006c04da6f6,monotonic_reads,network_partition,writer-1,write,mr-30d63777-602e-436c-89af-f006c04da6f6,158,,,ONE,cassandra-1,True,False,2.845,2026-09-16T06:23:35.692721+00:00,
30d63777-602e-436c-89af-f006c04da6f6,monotonic_reads,network_partition,writer-1,write,mr-30d63777-602e-436c-89af-f006c04da6f6,159,,,ONE,cassandra-1,True,False,3.373,2026-09-16T06:23:35.719381+00:00,
30d63777-602e-436c-89af-f006c04da6f6,monotonic_reads,network_partition,writer-1,write,mr-30d63777-602e-436c-89af-f006c04da6f6,160,,,ONE,cassandra-1,True,False,3.572,2026-09-16T06:23:35.747314+00:00,
30d63777-602e-436c-89af-f006c04da6f6,monotonic_reads,network_partition,writer-1,write,mr-30d63777-602e-436c-89af-f006c04da6f6,161,,,ONE,cassandra-1,True,False,4.469,2026-09-16T06:23:35.775901+00:00,
30d63777-602e-436c-89af-f006c04da6f6,monotonic_reads,network_partition,writer-1,write,mr-30d63777-602e-436c-89af-f006c04da6f6,162,,,ONE,cassandra-1,True,False,3.399,2026-09-16T06:23:35.804565+00:00,
30d63777-602e-436c-89af-f006c04da6f6,monotonic_reads,network_partition,writer-1,write,mr-30d63777-602e-436c-89af-f006c04da6f6,163,,,ONE,cassandra-1,True,False,3.212,2026-09-16T06:23:35.833013+00:00,
30d63777-602e-436c-89af-f006c04da6f6,monotonic_reads,network_partition,writer-1,write,mr-30d63777-602e-436c-89af-f006c04da6f6,164,,,ONE,cassandra-1,True,False,3.003,2026-09-16T06:23:35.861227+00:00,
30d63777-602e-436c-89af-f006c04da6f6,monotonic_reads,network_partition,writer-1,write,mr-30d63777-602e-436c-89af-f006c04da6f6,165,,,ONE,cassandra-1,True,False,3.501,2026-09-16T06:23:35.889744+00:00,
30d63777-602e-436c-89af-f006c04da6f6,monotonic_reads,network_partition,writer-1,write,mr-30d63777-602e-436c-89af-f006c04da6f6,166,,,ONE,cassandra-1,True,False,3.785,2026-09-16T06:23:35.915992+00:00,
30d63777-602e-436c-89af-f006c04da6f6,monotonic_reads,network_partition,writer-1,write,mr-30d63777-602e-436c-89af-f006c04da6f6,167,,,ONE,cassandra-1,True,False,3.511,2026-09-16T06:23:35.943790+00:00,
30d63777-602e-436c-89af-f006c04da6f6,monotonic_reads,network_partition,writer-1,write,mr-30d63777-602e-436c-89af-f006c04da6f6,168,,,ONE,cassandra-1,True,False,3.378,2026-09-16T06:23:35.972390+00:00,
30d63777-602e-436c-89af-f006c04da6f6,monotonic_reads,network_partition,writer-1,write,mr-30d63777-602e-436c-89af-f006c04da6f6,169,,,ONE,cassandra-1,True,False,3.09,2026-09-16T06:23:36.000732+00:00,
30d63777-602e-436c-89af-f006c04da6f6,monotonic_reads,network_partition,writer-1,write,mr-30d63777-602e-436c-89af-f006c04da6f6,170,,,ONE,cassandra-1,True,False,3.331,2026-09-16T06:23:36.027707+00:00,
30d63777-602e-436c-89af-f006c04da6f6,monotonic_reads,network_partition,writer-1,write,mr-30d63777-602e-436c-89af-f006c04da6f6,171,,,ONE,cassandra-1,True,False,3.455,2026-09-16T06:23:36.053966+00:00,
30d63777-602e-436c-89af-f006c04da6f6,monotonic_reads,network_partition,writer-1,write,mr-30d63777-602e-436c-89af-f006c04da6f6,172,,,ONE,cassandra-1,True,False,3.594,2026-09-16T06:23:36.078572+00:00,
30d63777-602e-436c-89af-f006c04da6f6,monotonic_reads,network_partition,writer-1,write,mr-30d63777-602e-436c-89af-f006c04da6f6,173,,,ONE,cassandra-1,True,False,3.116,2026-09-16T06:23:36.105999+00:00,
30d63777-602e-436c-89af-f006c04da6f6,monotonic_reads,network_partition,writer-1,write,mr-30d63777-602e-436c-89af-f006c04da6f6,174,,,ONE,cassandra-1,True,False,2.824,2026-09-16T06:23:36.132232+00:00,
30d63777-602e-436c-89af-f006c04da6f6,monotonic_reads,network_partition,writer-1,write,mr-30d63777-602e-436c-89af-f006c04da6f6,175,,,ONE,cassandra-1,True,False,2.511,2026-09-16T06:23:36.159867+00:00,
30d63777-602e-436c-89af-f006c04da6f6,monotonic_reads,network_partition,writer-1,write,mr-30d63777-602e-436c-89af-f006c04da6f6,176,,,ONE,cassandra-1,True,False,2.709,2026-09-16T06:23:36.187665+00:00,
30d63777-602e-436c-89af-f006c04da6f6,monotonic_reads,network_partition,writer-1,write,mr-30d63777-602e-436c-89af-f006c04da6f6,177,,,ONE,cassandra-1,True,False,2.275,2026-09-16T06:23:36.215004+00:00,
30d63777-602e-436c-89af-f006c04da6f6,monotonic_reads,network_partition,writer-1,write,mr-30d63777-602e-436c-89af-f006c04da6f6,178,,,ONE,cassandra-1,True,False,2.989,2026-09-16T06:23:36.243057+00:00,
30d63777-602e-436c-89af-f006c04da6f6,monotonic_reads,network_partition,writer-1,write,mr-30d63777-602e-436c-89af-f006c04da6f6,179,,,ONE,cassandra-1,True,False,3.212,2026-09-16T06:23:36.269814+00:00,
30d63777-602e-436c-89af-f006c04da6f6,monotonic_reads,network_partition,writer-1,write,mr-30d63777-602e-436c-89af-f006c04da6f6,180,,,ONE,cassandra-1,True,False,1.894,2026-09-16T06:23:36.296820+00:00,
30d63777-602e-436c-89af-f006c04da6f6,monotonic_reads,network_partition,writer-1,write,mr-30d63777-602e-436c-89af-f006c04da6f6,181,,,ONE,cassandra-1,True,False,2.669,2026-09-16T06:23:36.322888+00:00,
30d63777-602e-436c-89af-f006c04da6f6,monotonic_reads,network_partition,writer-1,write,mr-30d63777-602e-436c-89af-f006c04da6f6,182,,,ONE,cassandra-1,True,False,3.159,2026-09-16T06:23:36.350176+00:00,
30d63777-602e-436c-89af-f006c04da6f6,monotonic_reads,network_partition,writer-1,write,mr-30d63777-602e-436c-89af-f006c04da6f6,183,,,ONE,cassandra-1,True,False,3.172,2026-09-16T06:23:36.377666+00:00,
30d63777-602e-436c-89af-f006c04da6f6,monotonic_reads,network_partition,writer-1,write,mr-30d63777-602e-436c-89af-f006c04da6f6,184,,,ONE,cassandra-1,True,False,3.102,2026-09-16T06:23:36.404988+00:00,
30d63777-602e-436c-89af-f006c04da6f6,monotonic_reads,network_partition,writer-1,write,mr-30d63777-602e-436c-89af-f006c04da6f6,185,,,ONE,cassandra-1,True,False,3.003,2026-09-16T06:23:36.430992+00:00,
30d63777-602e-436c-89af-f006c04da6f6,monotonic_reads,network_partition,writer-1,write,mr-30d63777-602e-436c-89af-f006c04da6f6,186,,,ONE,cassandra-1,True,False,3.551,2026-09-16T06:23:36.457747+00:00,
30d63777-602e-436c-89af-f006c04da6f6,monotonic_reads,network_partition,writer-1,write,mr-30d63777-602e-436c-89af-f006c04da6f6,187,,,ONE,cassandra-1,True,False,3.54,2026-09-16T06:23:36.483953+00:00,
30d63777-602e-436c-89af-f006c04da6f6,monotonic_reads,network_partition,writer-1,write,mr-30d63777-602e-436c-89af-f006c04da6f6,188,,,ONE,cassandra-1,True,False,3.346,2026-09-16T06:23:36.507603+00:00,
30d63777-602e-436c-89af-f006c04da6f6,monotonic_reads,network_partition,writer-1,write,mr-30d63777-602e-436c-89af-f006c04da6f6,189,,,ONE,cassandra-1,True,False,3.26,2026-09-16T06:23:36.534744+00:00,
30d63777-602e-436c-89af-f006c04da6f6,monotonic_reads,network_partition,writer-1,write,mr-30d63777-602e-436c-89af-f006c04da6f6,190,,,ONE,cassandra-1,True,False,3.158,2026-09-16T06:23:36.562534+00:00,
30d63777-602e-436c-89af-f006c04da6f6,monotonic_reads,network_partition,writer-1,write,mr-30d63777-602e-436c-89af-f006c04da6f6,191,,,ONE,cassandra-1,True,False,3.845,2026-09-16T06:23:36.590831+00:00,
30d63777-602e-436c-89af-f006c04da6f6,monotonic_reads,network_partition,writer-1,write,mr-30d63777-602e-436c-89af-f006c04da6f6,192,,,ONE,cassandra-1,True,False,3.276,2026-09-16T06:23:36.618255+00:00,
30d63777-602e-436c-89af-f006c04da6f6,monotonic_reads,network_partition,writer-1,write,mr-30d63777-602e-436c-89af-f006c04da6f6,193,,,ONE,cassandra-1,True,False,3.171,2026-09-16T06:23:36.645784+00:00,
30d63777-602e-436c-89af-f006c04da6f6,monotonic_reads,network_partition,writer-1,write,mr-30d63777-602e-436c-89af-f006c04da6f6,194,,,ONE,cassandra-1,True,False,3.794,2026-09-16T06:23:36.670767+00:00,
30d63777-602e-436c-89af-f006c04da6f6,monotonic_reads,network_partition,writer-1,write,mr-30d63777-602e-436c-89af-f006c04da6f6,195,,,ONE,cassandra-1,True,False,3.352,2026-09-16T06:23:36.694739+00:00,
30d63777-602e-436c-89af-f006c04da6f6,monotonic_reads,network_partition,writer-1,write,mr-30d63777-602e-436c-89af-f006c04da6f6,196,,,ONE,cassandra-1,True,False,3.919,2026-09-16T06:23:36.723612+00:00,
30d63777-602e-436c-89af-f006c04da6f6,monotonic_reads,network_partition,writer-1,write,mr-30d63777-602e-436c-89af-f006c04da6f6,197,,,ONE,cassandra-1,True,False,3.327,2026-09-16T06:23:36.751319+00:00,
30d63777-602e-436c-89af-f006c04da6f6,monotonic_reads,network_partition,writer-1,write,mr-30d63777-602e-436c-89af-f006c04da6f6,198,,,ONE,cassandra-1,True,False,2.989,2026-09-16T06:23:36.775379+00:00,
30d63777-602e-436c-89af-f006c04da6f6,monotonic_reads,network_partition,writer-1,write,mr-30d63777-602e-436c-89af-f006c04da6f6,199,,,ONE,cassandra-1,True,False,2.756,2026-09-16T06:23:36.800559+00:00,
30d63777-602e-436c-89af-f006c04da6f6,monotonic_reads,network_partition,writer-1,write,mr-30d63777-602e-436c-89af-f006c04da6f6,200,,,ONE,cassandra-1,True,False,1.546,2026-09-16T06:23:36.822546+00:00,
30d63777-602e-436c-89af-f006c04da6f6,monotonic_reads,network_partition,writer-1,write,mr-30d63777-602e-436c-89af-f006c04da6f6,201,,,ONE,cassandra-1,True,False,2.385,2026-09-16T06:23:36.846095+00:00,
30d63777-602e-436c-89af-f006c04da6f6,monotonic_reads,network_partition,writer-1,write,mr-30d63777-602e-436c-89af-f006c04da6f6,202,,,ONE,cassandra-1,True,False,1.183,2026-09-16T06:23:36.871816+00:00,
30d63777-602e-436c-89af-f006c04da6f6,monotonic_reads,network_partition,writer-1,write,mr-30d63777-602e-436c-89af-f006c04da6f6,203,,,ONE,cassandra-1,True,False,1.753,2026-09-16T06:23:36.898652+00:00,
30d63777-602e-436c-89af-f006c04da6f6,monotonic_reads,network_partition,writer-1,write,mr-30d63777-602e-436c-89af-f006c04da6f6,204,,,ONE,cassandra-1,True,False,1.551,2026-09-16T06:23:36.921507+00:00,
30d63777-602e-436c-89af-f006c04da6f6,monotonic_reads,network_partition,writer-1,write,mr-30d63777-602e-436c-89af-f006c04da6f6,205,,,ONE,cassandra-1,True,False,1.223,2026-09-16T06:23:36.946260+00:00,
30d63777-602e-436c-89af-f006c04da6f6,monotonic_reads,network_partition,writer-1,write,mr-30d63777-602e-436c-89af-f006c04da6f6,206,,,ONE,cassandra-1,True,False,2.709,2026-09-16T06:23:36.970156+00:00,
30d63777-602e-436c-89af-f006c04da6f6,monotonic_reads,network_partition,writer-1,write,mr-30d63777-602e-436c-89af-f006c04da6f6,207,,,ONE,cassandra-1,True,False,1.279,2026-09-16T06:23:36.996583+00:00,
30d63777-602e-436c-89af-f006c04da6f6,monotonic_reads,network_partition,reader-1,read,mr-30d63777-602e-436c-89af-f006c04da6f6,,207,QUORUM,ONE,cassandra-1,True,False,5040.26,2026-09-16T06:23:36.999665+00:00,
30d63777-602e-436c-89af-f006c04da6f6,monotonic_reads,network_partition,writer-1,write,mr-30d63777-602e-436c-89af-f006c04da6f6,208,,,ONE,cassandra-1,True,False,11.243,2026-09-16T06:23:37.032684+00:00,
30d63777-602e-436c-89af-f006c04da6f6,monotonic_reads,network_partition,writer-1,write,mr-30d63777-602e-436c-89af-f006c04da6f6,209,,,ONE,cassandra-1,True,False,2.206,2026-09-16T06:23:37.055967+00:00,
30d63777-602e-436c-89af-f006c04da6f6,monotonic_reads,network_partition,writer-1,write,mr-30d63777-602e-436c-89af-f006c04da6f6,210,,,ONE,cassandra-1,True,False,1.385,2026-09-16T06:23:37.080462+00:00,
30d63777-602e-436c-89af-f006c04da6f6,monotonic_reads,network_partition,writer-1,write,mr-30d63777-602e-436c-89af-f006c04da6f6,211,,,ONE,cassandra-1,True,False,1.604,2026-09-16T06:23:37.105317+00:00,
30d63777-602e-436c-89af-f006c04da6f6,monotonic_reads,network_partition,writer-1,write,mr-30d63777-602e-436c-89af-f006c04da6f6,212,,,ONE,cassandra-1,True,False,1.985,2026-09-16T06:23:37.132424+00:00,
30d63777-602e-436c-89af-f006c04da6f6,monotonic_reads,network_partition,writer-1,write,mr-30d63777-602e-436c-89af-f006c04da6f6,213,,,ONE,cassandra-1,True,False,1.225,2026-09-16T06:23:37.158783+00:00,
30d63777-602e-436c-89af-f006c04da6f6,monotonic_reads,network_partition,writer-1,write,mr-30d63777-602e-436c-89af-f006c04da6f6,214,,,ONE,cassandra-1,True,False,2.323,2026-09-16T06:23:37.184543+00:00,
30d63777-602e-436c-89af-f006c04da6f6,monotonic_reads,network_partition,writer-1,write,mr-30d63777-602e-436c-89af-f006c04da6f6,215,,,ONE,cassandra-1,True,False,0.975,2026-09-16T06:23:37.208918+00:00,
30d63777-602e-436c-89af-f006c04da6f6,monotonic_reads,network_partition,writer-1,write,mr-30d63777-602e-436c-89af-f006c04da6f6,216,,,ONE,cassandra-1,True,False,1.87,2026-09-16T06:23:37.233442+00:00,
30d63777-602e-436c-89af-f006c04da6f6,monotonic_reads,network_partition,writer-1,write,mr-30d63777-602e-436c-89af-f006c04da6f6,217,,,ONE,cassandra-1,True,False,1.407,2026-09-16T06:23:37.256215+00:00,
30d63777-602e-436c-89af-f006c04da6f6,monotonic_reads,network_partition,writer-1,write,mr-30d63777-602e-436c-89af-f006c04da6f6,218,,,ONE,cassandra-1,True,False,1.206,2026-09-16T06:23:37.282531+00:00,
30d63777-602e-436c-89af-f006c04da6f6,monotonic_reads,network_partition,writer-1,write,mr-30d63777-602e-436c-89af-f006c04da6f6,219,,,ONE,cassandra-1,True,False,2.587,2026-09-16T06:23:37.306474+00:00,
30d63777-602e-436c-89af-f006c04da6f6,monotonic_reads,network_partition,writer-1,write,mr-30d63777-602e-436c-89af-f006c04da6f6,220,,,ONE,cassandra-1,True,False,1.342,2026-09-16T06:23:37.332980+00:00,
30d63777-602e-436c-89af-f006c04da6f6,monotonic_reads,network_partition,writer-1,write,mr-30d63777-602e-436c-89af-f006c04da6f6,221,,,ONE,cassandra-1,True,False,2.406,2026-09-16T06:23:37.358515+00:00,
30d63777-602e-436c-89af-f006c04da6f6,monotonic_reads,network_partition,writer-1,write,mr-30d63777-602e-436c-89af-f006c04da6f6,222,,,ONE,cassandra-1,True,False,1.702,2026-09-16T06:23:37.381587+00:00,
30d63777-602e-436c-89af-f006c04da6f6,monotonic_reads,network_partition,writer-1,write,mr-30d63777-602e-436c-89af-f006c04da6f6,223,,,ONE,cassandra-1,True,False,1.966,2026-09-16T06:23:37.405543+00:00,
30d63777-602e-436c-89af-f006c04da6f6,monotonic_reads,network_partition,writer-1,write,mr-30d63777-602e-436c-89af-f006c04da6f6,224,,,ONE,cassandra-1,True,False,3.256,2026-09-16T06:23:37.429237+00:00,
30d63777-602e-436c-89af-f006c04da6f6,monotonic_reads,network_partition,writer-1,write,mr-30d63777-602e-436c-89af-f006c04da6f6,225,,,ONE,cassandra-1,True,False,3.232,2026-09-16T06:23:37.452705+00:00,
30d63777-602e-436c-89af-f006c04da6f6,monotonic_reads,network_partition,writer-1,write,mr-30d63777-602e-436c-89af-f006c04da6f6,226,,,ONE,cassandra-1,True,False,3.534,2026-09-16T06:23:37.476522+00:00,
30d63777-602e-436c-89af-f006c04da6f6,monotonic_reads,network_partition,writer-1,write,mr-30d63777-602e-436c-89af-f006c04da6f6,227,,,ONE,cassandra-1,True,False,3.821,2026-09-16T06:23:37.505202+00:00,
30d63777-602e-436c-89af-f006c04da6f6,monotonic_reads,network_partition,writer-1,write,mr-30d63777-602e-436c-89af-f006c04da6f6,228,,,ONE,cassandra-1,True,False,3.657,2026-09-16T06:23:37.534192+00:00,
30d63777-602e-436c-89af-f006c04da6f6,monotonic_reads,network_partition,writer-1,write,mr-30d63777-602e-436c-89af-f006c04da6f6,229,,,ONE,cassandra-1,True,False,1.561,2026-09-16T06:23:37.556732+00:00,
30d63777-602e-436c-89af-f006c04da6f6,monotonic_reads,network_partition,writer-1,write,mr-30d63777-602e-436c-89af-f006c04da6f6,230,,,ONE,cassandra-1,True,False,3.131,2026-09-16T06:23:37.582511+00:00,
30d63777-602e-436c-89af-f006c04da6f6,monotonic_reads,network_partition,writer-1,write,mr-30d63777-602e-436c-89af-f006c04da6f6,231,,,ONE,cassandra-1,True,False,4.146,2026-09-16T06:23:37.607012+00:00,
30d63777-602e-436c-89af-f006c04da6f6,monotonic_reads,network_partition,writer-1,write,mr-30d63777-602e-436c-89af-f006c04da6f6,232,,,ONE,cassandra-1,True,False,3.307,2026-09-16T06:23:37.633286+00:00,
30d63777-602e-436c-89af-f006c04da6f6,monotonic_reads,network_partition,writer-1,write,mr-30d63777-602e-436c-89af-f006c04da6f6,233,,,ONE,cassandra-1,True,False,3.953,2026-09-16T06:23:37.662430+00:00,
30d63777-602e-436c-89af-f006c04da6f6,monotonic_reads,network_partition,writer-1,write,mr-30d63777-602e-436c-89af-f006c04da6f6,234,,,ONE,cassandra-1,True,False,2.925,2026-09-16T06:23:37.689136+00:00,
30d63777-602e-436c-89af-f006c04da6f6,monotonic_reads,network_partition,writer-1,write,mr-30d63777-602e-436c-89af-f006c04da6f6,235,,,ONE,cassandra-1,True,False,3.497,2026-09-16T06:23:37.713722+00:00,
30d63777-602e-436c-89af-f006c04da6f6,monotonic_reads,network_partition,writer-1,write,mr-30d63777-602e-436c-89af-f006c04da6f6,236,,,ONE,cassandra-1,True,False,2.906,2026-09-16T06:23:37.739702+00:00,
30d63777-602e-436c-89af-f006c04da6f6,monotonic_reads,network_partition,writer-1,write,mr-30d63777-602e-436c-89af-f006c04da6f6,237,,,ONE,cassandra-1,True,False,3.25,2026-09-16T06:23:37.766994+00:00,
30d63777-602e-436c-89af-f006c04da6f6,monotonic_reads,network_partition,writer-1,write,mr-30d63777-602e-436c-89af-f006c04da6f6,238,,,ONE,cassandra-1,True,False,3.663,2026-09-16T06:23:37.794907+00:00,
30d63777-602e-436c-89af-f006c04da6f6,monotonic_reads,network_partition,writer-1,write,mr-30d63777-602e-436c-89af-f006c04da6f6,239,,,ONE,cassandra-1,True,False,3.164,2026-09-16T06:23:37.822574+00:00,
30d63777-602e-436c-89af-f006c04da6f6,monotonic_reads,network_partition,writer-1,write,mr-30d63777-602e-436c-89af-f006c04da6f6,240,,,ONE,cassandra-1,True,False,3.518,2026-09-16T06:23:37.846539+00:00,
30d63777-602e-436c-89af-f006c04da6f6,monotonic_reads,network_partition,writer-1,write,mr-30d63777-602e-436c-89af-f006c04da6f6,241,,,ONE,cassandra-1,True,False,2.998,2026-09-16T06:23:37.872976+00:00,
30d63777-602e-436c-89af-f006c04da6f6,monotonic_reads,network_partition,writer-1,write,mr-30d63777-602e-436c-89af-f006c04da6f6,242,,,ONE,cassandra-1,True,False,3.409,2026-09-16T06:23:37.899389+00:00,
30d63777-602e-436c-89af-f006c04da6f6,monotonic_reads,network_partition,writer-1,write,mr-30d63777-602e-436c-89af-f006c04da6f6,243,,,ONE,cassandra-1,True,False,2.955,2026-09-16T06:23:37.925938+00:00,
30d63777-602e-436c-89af-f006c04da6f6,monotonic_reads,network_partition,writer-1,write,mr-30d63777-602e-436c-89af-f006c04da6f6,244,,,ONE,cassandra-1,True,False,3.391,2026-09-16T06:23:37.953251+00:00,
30d63777-602e-436c-89af-f006c04da6f6,monotonic_reads,network_partition,writer-1,write,mr-30d63777-602e-436c-89af-f006c04da6f6,245,,,ONE,cassandra-1,True,False,3.492,2026-09-16T06:23:37.980498+00:00,
30d63777-602e-436c-89af-f006c04da6f6,monotonic_reads,network_partition,writer-1,write,mr-30d63777-602e-436c-89af-f006c04da6f6,246,,,ONE,cassandra-1,True,False,4.822,2026-09-16T06:23:38.007767+00:00,
30d63777-602e-436c-89af-f006c04da6f6,monotonic_reads,network_partition,writer-1,write,mr-30d63777-602e-436c-89af-f006c04da6f6,247,,,ONE,cassandra-1,True,False,3.755,2026-09-16T06:23:38.033853+00:00,
30d63777-602e-436c-89af-f006c04da6f6,monotonic_reads,network_partition,writer-1,write,mr-30d63777-602e-436c-89af-f006c04da6f6,248,,,ONE,cassandra-1,True,False,3.439,2026-09-16T06:23:38.060924+00:00,
30d63777-602e-436c-89af-f006c04da6f6,monotonic_reads,network_partition,writer-1,write,mr-30d63777-602e-436c-89af-f006c04da6f6,249,,,ONE,cassandra-1,True,False,4.574,2026-09-16T06:23:38.086080+00:00,
30d63777-602e-436c-89af-f006c04da6f6,monotonic_reads,network_partition,writer-1,write,mr-30d63777-602e-436c-89af-f006c04da6f6,250,,,ONE,cassandra-1,True,False,3.604,2026-09-16T06:23:38.112013+00:00,
30d63777-602e-436c-89af-f006c04da6f6,monotonic_reads,network_partition,writer-1,write,mr-30d63777-602e-436c-89af-f006c04da6f6,251,,,ONE,cassandra-1,True,False,3.554,2026-09-16T06:23:38.139757+00:00,
30d63777-602e-436c-89af-f006c04da6f6,monotonic_reads,network_partition,writer-1,write,mr-30d63777-602e-436c-89af-f006c04da6f6,252,,,ONE,cassandra-1,True,False,3.908,2026-09-16T06:23:38.167575+00:00,
30d63777-602e-436c-89af-f006c04da6f6,monotonic_reads,network_partition,writer-1,write,mr-30d63777-602e-436c-89af-f006c04da6f6,253,,,ONE,cassandra-1,True,False,4.095,2026-09-16T06:23:38.192961+00:00,
30d63777-602e-436c-89af-f006c04da6f6,monotonic_reads,network_partition,writer-1,write,mr-30d63777-602e-436c-89af-f006c04da6f6,254,,,ONE,cassandra-1,True,False,3.697,2026-09-16T06:23:38.218630+00:00,
30d63777-602e-436c-89af-f006c04da6f6,monotonic_reads,network_partition,writer-1,write,mr-30d63777-602e-436c-89af-f006c04da6f6,255,,,ONE,cassandra-1,True,False,2.603,2026-09-16T06:23:38.246331+00:00,
30d63777-602e-436c-89af-f006c04da6f6,monotonic_reads,network_partition,writer-1,write,mr-30d63777-602e-436c-89af-f006c04da6f6,256,,,ONE,cassandra-1,True,False,3.239,2026-09-16T06:23:38.273239+00:00,
30d63777-602e-436c-89af-f006c04da6f6,monotonic_reads,network_partition,writer-1,write,mr-30d63777-602e-436c-89af-f006c04da6f6,257,,,ONE,cassandra-1,True,False,3.239,2026-09-16T06:23:38.298632+00:00,
30d63777-602e-436c-89af-f006c04da6f6,monotonic_reads,network_partition,writer-1,write,mr-30d63777-602e-436c-89af-f006c04da6f6,258,,,ONE,cassandra-1,True,False,3.339,2026-09-16T06:23:38.327078+00:00,
30d63777-602e-436c-89af-f006c04da6f6,monotonic_reads,network_partition,writer-1,write,mr-30d63777-602e-436c-89af-f006c04da6f6,259,,,ONE,cassandra-1,True,False,3.21,2026-09-16T06:23:38.352439+00:00,
30d63777-602e-436c-89af-f006c04da6f6,monotonic_reads,network_partition,writer-1,write,mr-30d63777-602e-436c-89af-f006c04da6f6,260,,,ONE,cassandra-1,True,False,3.586,2026-09-16T06:23:38.376976+00:00,
30d63777-602e-436c-89af-f006c04da6f6,monotonic_reads,network_partition,writer-1,write,mr-30d63777-602e-436c-89af-f006c04da6f6,261,,,ONE,cassandra-1,True,False,2.899,2026-09-16T06:23:38.404770+00:00,
30d63777-602e-436c-89af-f006c04da6f6,monotonic_reads,network_partition,writer-1,write,mr-30d63777-602e-436c-89af-f006c04da6f6,262,,,ONE,cassandra-1,True,False,3.271,2026-09-16T06:23:38.429640+00:00,
30d63777-602e-436c-89af-f006c04da6f6,monotonic_reads,network_partition,writer-1,write,mr-30d63777-602e-436c-89af-f006c04da6f6,263,,,ONE,cassandra-1,True,False,3.891,2026-09-16T06:23:38.456762+00:00,
30d63777-602e-436c-89af-f006c04da6f6,monotonic_reads,network_partition,writer-1,write,mr-30d63777-602e-436c-89af-f006c04da6f6,264,,,ONE,cassandra-1,True,False,3.694,2026-09-16T06:23:38.481688+00:00,
30d63777-602e-436c-89af-f006c04da6f6,monotonic_reads,network_partition,writer-1,write,mr-30d63777-602e-436c-89af-f006c04da6f6,265,,,ONE,cassandra-1,True,False,2.721,2026-09-16T06:23:38.506550+00:00,
30d63777-602e-436c-89af-f006c04da6f6,monotonic_reads,network_partition,writer-1,write,mr-30d63777-602e-436c-89af-f006c04da6f6,266,,,ONE,cassandra-1,True,False,3.358,2026-09-16T06:23:38.532839+00:00,
30d63777-602e-436c-89af-f006c04da6f6,monotonic_reads,network_partition,writer-1,write,mr-30d63777-602e-436c-89af-f006c04da6f6,267,,,ONE,cassandra-1,True,False,4.078,2026-09-16T06:23:38.557986+00:00,
30d63777-602e-436c-89af-f006c04da6f6,monotonic_reads,network_partition,writer-1,write,mr-30d63777-602e-436c-89af-f006c04da6f6,268,,,ONE,cassandra-1,True,False,3.62,2026-09-16T06:23:38.586602+00:00,
30d63777-602e-436c-89af-f006c04da6f6,monotonic_reads,network_partition,writer-1,write,mr-30d63777-602e-436c-89af-f006c04da6f6,269,,,ONE,cassandra-1,True,False,2.976,2026-09-16T06:23:38.613646+00:00,
30d63777-602e-436c-89af-f006c04da6f6,monotonic_reads,network_partition,writer-1,write,mr-30d63777-602e-436c-89af-f006c04da6f6,270,,,ONE,cassandra-1,True,False,3.826,2026-09-16T06:23:38.641039+00:00,
30d63777-602e-436c-89af-f006c04da6f6,monotonic_reads,network_partition,writer-1,write,mr-30d63777-602e-436c-89af-f006c04da6f6,271,,,ONE,cassandra-1,True,False,3.815,2026-09-16T06:23:38.667684+00:00,
30d63777-602e-436c-89af-f006c04da6f6,monotonic_reads,network_partition,writer-1,write,mr-30d63777-602e-436c-89af-f006c04da6f6,272,,,ONE,cassandra-1,True,False,3.0,2026-09-16T06:23:38.695748+00:00,
30d63777-602e-436c-89af-f006c04da6f6,monotonic_reads,network_partition,writer-1,write,mr-30d63777-602e-436c-89af-f006c04da6f6,273,,,ONE,cassandra-1,True,False,4.198,2026-09-16T06:23:38.724186+00:00,
30d63777-602e-436c-89af-f006c04da6f6,monotonic_reads,network_partition,writer-1,write,mr-30d63777-602e-436c-89af-f006c04da6f6,274,,,ONE,cassandra-1,True,False,3.186,2026-09-16T06:23:38.752597+00:00,
30d63777-602e-436c-89af-f006c04da6f6,monotonic_reads,network_partition,writer-1,write,mr-30d63777-602e-436c-89af-f006c04da6f6,275,,,ONE,cassandra-1,True,False,3.898,2026-09-16T06:23:38.776926+00:00,
30d63777-602e-436c-89af-f006c04da6f6,monotonic_reads,network_partition,writer-1,write,mr-30d63777-602e-436c-89af-f006c04da6f6,276,,,ONE,cassandra-1,True,False,3.416,2026-09-16T06:23:38.802805+00:00,
30d63777-602e-436c-89af-f006c04da6f6,monotonic_reads,network_partition,writer-1,write,mr-30d63777-602e-436c-89af-f006c04da6f6,277,,,ONE,cassandra-1,True,False,2.986,2026-09-16T06:23:38.830542+00:00,
30d63777-602e-436c-89af-f006c04da6f6,monotonic_reads,network_partition,writer-1,write,mr-30d63777-602e-436c-89af-f006c04da6f6,278,,,ONE,cassandra-1,True,False,1.882,2026-09-16T06:23:38.855636+00:00,
30d63777-602e-436c-89af-f006c04da6f6,monotonic_reads,network_partition,writer-1,write,mr-30d63777-602e-436c-89af-f006c04da6f6,279,,,ONE,cassandra-1,True,False,3.725,2026-09-16T06:23:38.879712+00:00,
30d63777-602e-436c-89af-f006c04da6f6,monotonic_reads,network_partition,writer-1,write,mr-30d63777-602e-436c-89af-f006c04da6f6,280,,,ONE,cassandra-1,True,False,2.755,2026-09-16T06:23:38.905764+00:00,
30d63777-602e-436c-89af-f006c04da6f6,monotonic_reads,network_partition,writer-1,write,mr-30d63777-602e-436c-89af-f006c04da6f6,281,,,ONE,cassandra-1,True,False,2.947,2026-09-16T06:23:38.932882+00:00,
30d63777-602e-436c-89af-f006c04da6f6,monotonic_reads,network_partition,writer-1,write,mr-30d63777-602e-436c-89af-f006c04da6f6,282,,,ONE,cassandra-1,True,False,3.343,2026-09-16T06:23:38.959429+00:00,
30d63777-602e-436c-89af-f006c04da6f6,monotonic_reads,network_partition,writer-1,write,mr-30d63777-602e-436c-89af-f006c04da6f6,283,,,ONE,cassandra-1,True,False,3.472,2026-09-16T06:23:38.986250+00:00,
30d63777-602e-436c-89af-f006c04da6f6,monotonic_reads,network_partition,writer-1,write,mr-30d63777-602e-436c-89af-f006c04da6f6,284,,,ONE,cassandra-1,True,False,3.445,2026-09-16T06:23:39.014305+00:00,
30d63777-602e-436c-89af-f006c04da6f6,monotonic_reads,network_partition,writer-1,write,mr-30d63777-602e-436c-89af-f006c04da6f6,285,,,ONE,cassandra-1,True,False,3.702,2026-09-16T06:23:39.040587+00:00,
30d63777-602e-436c-89af-f006c04da6f6,monotonic_reads,network_partition,writer-1,write,mr-30d63777-602e-436c-89af-f006c04da6f6,286,,,ONE,cassandra-1,True,False,3.29,2026-09-16T06:23:39.066681+00:00,
30d63777-602e-436c-89af-f006c04da6f6,monotonic_reads,network_partition,writer-1,write,mr-30d63777-602e-436c-89af-f006c04da6f6,287,,,ONE,cassandra-1,True,False,3.84,2026-09-16T06:23:39.091746+00:00,
30d63777-602e-436c-89af-f006c04da6f6,monotonic_reads,network_partition,writer-1,write,mr-30d63777-602e-436c-89af-f006c04da6f6,288,,,ONE,cassandra-1,True,False,3.238,2026-09-16T06:23:39.118261+00:00,
30d63777-602e-436c-89af-f006c04da6f6,monotonic_reads,network_partition,writer-1,write,mr-30d63777-602e-436c-89af-f006c04da6f6,289,,,ONE,cassandra-1,True,False,3.33,2026-09-16T06:23:39.146832+00:00,
30d63777-602e-436c-89af-f006c04da6f6,monotonic_reads,network_partition,writer-1,write,mr-30d63777-602e-436c-89af-f006c04da6f6,290,,,ONE,cassandra-1,True,False,3.604,2026-09-16T06:23:39.173783+00:00,
30d63777-602e-436c-89af-f006c04da6f6,monotonic_reads,network_partition,writer-1,write,mr-30d63777-602e-436c-89af-f006c04da6f6,291,,,ONE,cassandra-1,True,False,4.088,2026-09-16T06:23:39.199106+00:00,
30d63777-602e-436c-89af-f006c04da6f6,monotonic_reads,network_partition,writer-1,write,mr-30d63777-602e-436c-89af-f006c04da6f6,292,,,ONE,cassandra-1,True,False,10.721,2026-09-16T06:23:39.231250+00:00,
30d63777-602e-436c-89af-f006c04da6f6,monotonic_reads,network_partition,writer-1,write,mr-30d63777-602e-436c-89af-f006c04da6f6,293,,,ONE,cassandra-1,True,False,2.206,2026-09-16T06:23:39.255564+00:00,
30d63777-602e-436c-89af-f006c04da6f6,monotonic_reads,network_partition,writer-1,write,mr-30d63777-602e-436c-89af-f006c04da6f6,294,,,ONE,cassandra-1,True,False,3.156,2026-09-16T06:23:39.279413+00:00,
30d63777-602e-436c-89af-f006c04da6f6,monotonic_reads,network_partition,writer-1,write,mr-30d63777-602e-436c-89af-f006c04da6f6,295,,,ONE,cassandra-1,True,False,1.562,2026-09-16T06:23:39.304519+00:00,
30d63777-602e-436c-89af-f006c04da6f6,monotonic_reads,network_partition,writer-1,write,mr-30d63777-602e-436c-89af-f006c04da6f6,296,,,ONE,cassandra-1,True,False,1.434,2026-09-16T06:23:39.331152+00:00,
30d63777-602e-436c-89af-f006c04da6f6,monotonic_reads,network_partition,writer-1,write,mr-30d63777-602e-436c-89af-f006c04da6f6,297,,,ONE,cassandra-1,True,False,1.441,2026-09-16T06:23:39.353312+00:00,
30d63777-602e-436c-89af-f006c04da6f6,monotonic_reads,network_partition,writer-1,write,mr-30d63777-602e-436c-89af-f006c04da6f6,298,,,ONE,cassandra-1,True,False,1.401,2026-09-16T06:23:39.379860+00:00,
30d63777-602e-436c-89af-f006c04da6f6,monotonic_reads,network_partition,writer-1,write,mr-30d63777-602e-436c-89af-f006c04da6f6,299,,,ONE,cassandra-1,True,False,1.509,2026-09-16T06:23:39.406530+00:00,
30d63777-602e-436c-89af-f006c04da6f6,monotonic_reads,network_partition,writer-1,write,mr-30d63777-602e-436c-89af-f006c04da6f6,300,,,ONE,cassandra-1,True,False,2.721,2026-09-16T06:23:39.431600+00:00,
30d63777-602e-436c-89af-f006c04da6f6,monotonic_reads,network_partition,writer-1,write,mr-30d63777-602e-436c-89af-f006c04da6f6,301,,,ONE,cassandra-1,True,False,2.107,2026-09-16T06:23:39.456455+00:00,
30d63777-602e-436c-89af-f006c04da6f6,monotonic_reads,network_partition,writer-1,write,mr-30d63777-602e-436c-89af-f006c04da6f6,302,,,ONE,cassandra-1,True,False,3.72,2026-09-16T06:23:39.481631+00:00,
30d63777-602e-436c-89af-f006c04da6f6,monotonic_reads,network_partition,writer-1,write,mr-30d63777-602e-436c-89af-f006c04da6f6,303,,,ONE,cassandra-1,True,False,2.297,2026-09-16T06:23:39.508262+00:00,
30d63777-602e-436c-89af-f006c04da6f6,monotonic_reads,network_partition,writer-1,write,mr-30d63777-602e-436c-89af-f006c04da6f6,304,,,ONE,cassandra-1,True,False,4.099,2026-09-16T06:23:39.533092+00:00,
30d63777-602e-436c-89af-f006c04da6f6,monotonic_reads,network_partition,writer-1,write,mr-30d63777-602e-436c-89af-f006c04da6f6,305,,,ONE,cassandra-1,True,False,1.787,2026-09-16T06:23:39.559138+00:00,
30d63777-602e-436c-89af-f006c04da6f6,monotonic_reads,network_partition,writer-1,write,mr-30d63777-602e-436c-89af-f006c04da6f6,306,,,ONE,cassandra-1,True,False,3.228,2026-09-16T06:23:39.586437+00:00,
30d63777-602e-436c-89af-f006c04da6f6,monotonic_reads,network_partition,writer-1,write,mr-30d63777-602e-436c-89af-f006c04da6f6,307,,,ONE,cassandra-1,True,False,3.101,2026-09-16T06:23:39.614478+00:00,
30d63777-602e-436c-89af-f006c04da6f6,monotonic_reads,network_partition,writer-1,write,mr-30d63777-602e-436c-89af-f006c04da6f6,308,,,ONE,cassandra-1,True,False,4.251,2026-09-16T06:23:39.639229+00:00,
30d63777-602e-436c-89af-f006c04da6f6,monotonic_reads,network_partition,writer-1,write,mr-30d63777-602e-436c-89af-f006c04da6f6,309,,,ONE,cassandra-1,True,False,3.433,2026-09-16T06:23:39.667157+00:00,
30d63777-602e-436c-89af-f006c04da6f6,monotonic_reads,network_partition,writer-1,write,mr-30d63777-602e-436c-89af-f006c04da6f6,310,,,ONE,cassandra-1,True,False,3.258,2026-09-16T06:23:39.695629+00:00,
30d63777-602e-436c-89af-f006c04da6f6,monotonic_reads,network_partition,writer-1,write,mr-30d63777-602e-436c-89af-f006c04da6f6,311,,,ONE,cassandra-1,True,False,3.924,2026-09-16T06:23:39.723447+00:00,
30d63777-602e-436c-89af-f006c04da6f6,monotonic_reads,network_partition,writer-1,write,mr-30d63777-602e-436c-89af-f006c04da6f6,312,,,ONE,cassandra-1,True,False,3.557,2026-09-16T06:23:39.747560+00:00,
30d63777-602e-436c-89af-f006c04da6f6,monotonic_reads,network_partition,writer-1,write,mr-30d63777-602e-436c-89af-f006c04da6f6,313,,,ONE,cassandra-1,True,False,2.588,2026-09-16T06:23:39.774937+00:00,
30d63777-602e-436c-89af-f006c04da6f6,monotonic_reads,network_partition,writer-1,write,mr-30d63777-602e-436c-89af-f006c04da6f6,314,,,ONE,cassandra-1,True,False,2.887,2026-09-16T06:23:39.799377+00:00,
30d63777-602e-436c-89af-f006c04da6f6,monotonic_reads,network_partition,writer-1,write,mr-30d63777-602e-436c-89af-f006c04da6f6,315,,,ONE,cassandra-1,True,False,3.199,2026-09-16T06:23:39.826931+00:00,
30d63777-602e-436c-89af-f006c04da6f6,monotonic_reads,network_partition,writer-1,write,mr-30d63777-602e-436c-89af-f006c04da6f6,316,,,ONE,cassandra-1,True,False,2.759,2026-09-16T06:23:39.850732+00:00,
30d63777-602e-436c-89af-f006c04da6f6,monotonic_reads,network_partition,writer-1,write,mr-30d63777-602e-436c-89af-f006c04da6f6,317,,,ONE,cassandra-1,True,False,3.881,2026-09-16T06:23:39.874904+00:00,
30d63777-602e-436c-89af-f006c04da6f6,monotonic_reads,network_partition,writer-1,write,mr-30d63777-602e-436c-89af-f006c04da6f6,318,,,ONE,cassandra-1,True,False,3.604,2026-09-16T06:23:39.899904+00:00,
30d63777-602e-436c-89af-f006c04da6f6,monotonic_reads,network_partition,writer-1,write,mr-30d63777-602e-436c-89af-f006c04da6f6,319,,,ONE,cassandra-1,True,False,3.273,2026-09-16T06:23:39.928430+00:00,
30d63777-602e-436c-89af-f006c04da6f6,monotonic_reads,network_partition,writer-1,write,mr-30d63777-602e-436c-89af-f006c04da6f6,320,,,ONE,cassandra-1,True,False,3.525,2026-09-16T06:23:39.953005+00:00,
30d63777-602e-436c-89af-f006c04da6f6,monotonic_reads,network_partition,writer-1,write,mr-30d63777-602e-436c-89af-f006c04da6f6,321,,,ONE,cassandra-1,True,False,3.21,2026-09-16T06:23:39.979194+00:00,
30d63777-602e-436c-89af-f006c04da6f6,monotonic_reads,network_partition,writer-1,write,mr-30d63777-602e-436c-89af-f006c04da6f6,322,,,ONE,cassandra-1,True,False,3.944,2026-09-16T06:23:40.003913+00:00,
30d63777-602e-436c-89af-f006c04da6f6,monotonic_reads,network_partition,writer-1,write,mr-30d63777-602e-436c-89af-f006c04da6f6,323,,,ONE,cassandra-1,True,False,3.656,2026-09-16T06:23:40.032812+00:00,
30d63777-602e-436c-89af-f006c04da6f6,monotonic_reads,network_partition,writer-1,write,mr-30d63777-602e-436c-89af-f006c04da6f6,324,,,ONE,cassandra-1,True,False,3.5,2026-09-16T06:23:40.059674+00:00,
30d63777-602e-436c-89af-f006c04da6f6,monotonic_reads,network_partition,writer-1,write,mr-30d63777-602e-436c-89af-f006c04da6f6,325,,,ONE,cassandra-1,True,False,3.943,2026-09-16T06:23:40.088171+00:00,
30d63777-602e-436c-89af-f006c04da6f6,monotonic_reads,network_partition,writer-1,write,mr-30d63777-602e-436c-89af-f006c04da6f6,326,,,ONE,cassandra-1,True,False,3.955,2026-09-16T06:23:40.115953+00:00,
30d63777-602e-436c-89af-f006c04da6f6,monotonic_reads,network_partition,writer-1,write,mr-30d63777-602e-436c-89af-f006c04da6f6,327,,,ONE,cassandra-1,True,False,3.388,2026-09-16T06:23:40.144601+00:00,
30d63777-602e-436c-89af-f006c04da6f6,monotonic_reads,network_partition,writer-1,write,mr-30d63777-602e-436c-89af-f006c04da6f6,328,,,ONE,cassandra-1,True,False,3.597,2026-09-16T06:23:40.172593+00:00,
30d63777-602e-436c-89af-f006c04da6f6,monotonic_reads,network_partition,writer-1,write,mr-30d63777-602e-436c-89af-f006c04da6f6,329,,,ONE,cassandra-1,True,False,2.95,2026-09-16T06:23:40.200740+00:00,
30d63777-602e-436c-89af-f006c04da6f6,monotonic_reads,network_partition,writer-1,write,mr-30d63777-602e-436c-89af-f006c04da6f6,330,,,ONE,cassandra-1,True,False,4.682,2026-09-16T06:23:40.225671+00:00,
30d63777-602e-436c-89af-f006c04da6f6,monotonic_reads,network_partition,writer-1,write,mr-30d63777-602e-436c-89af-f006c04da6f6,331,,,ONE,cassandra-1,True,False,3.068,2026-09-16T06:23:40.251613+00:00,
30d63777-602e-436c-89af-f006c04da6f6,monotonic_reads,network_partition,writer-1,write,mr-30d63777-602e-436c-89af-f006c04da6f6,332,,,ONE,cassandra-1,True,False,3.664,2026-09-16T06:23:40.275903+00:00,
30d63777-602e-436c-89af-f006c04da6f6,monotonic_reads,network_partition,writer-1,write,mr-30d63777-602e-436c-89af-f006c04da6f6,333,,,ONE,cassandra-1,True,False,3.558,2026-09-16T06:23:40.302800+00:00,
30d63777-602e-436c-89af-f006c04da6f6,monotonic_reads,network_partition,writer-1,write,mr-30d63777-602e-436c-89af-f006c04da6f6,334,,,ONE,cassandra-1,True,False,4.03,2026-09-16T06:23:40.327768+00:00,
30d63777-602e-436c-89af-f006c04da6f6,monotonic_reads,network_partition,writer-1,write,mr-30d63777-602e-436c-89af-f006c04da6f6,335,,,ONE,cassandra-1,True,False,2.811,2026-09-16T06:23:40.355691+00:00,
30d63777-602e-436c-89af-f006c04da6f6,monotonic_reads,network_partition,writer-1,write,mr-30d63777-602e-436c-89af-f006c04da6f6,336,,,ONE,cassandra-1,True,False,3.718,2026-09-16T06:23:40.381709+00:00,
30d63777-602e-436c-89af-f006c04da6f6,monotonic_reads,network_partition,writer-1,write,mr-30d63777-602e-436c-89af-f006c04da6f6,337,,,ONE,cassandra-1,True,False,4.054,2026-09-16T06:23:40.409221+00:00,
30d63777-602e-436c-89af-f006c04da6f6,monotonic_reads,network_partition,writer-1,write,mr-30d63777-602e-436c-89af-f006c04da6f6,338,,,ONE,cassandra-1,True,False,3.357,2026-09-16T06:23:40.436338+00:00,
30d63777-602e-436c-89af-f006c04da6f6,monotonic_reads,network_partition,writer-1,write,mr-30d63777-602e-436c-89af-f006c04da6f6,339,,,ONE,cassandra-1,True,False,2.979,2026-09-16T06:23:40.463661+00:00,
30d63777-602e-436c-89af-f006c04da6f6,monotonic_reads,network_partition,writer-1,write,mr-30d63777-602e-436c-89af-f006c04da6f6,340,,,ONE,cassandra-1,True,False,4.15,2026-09-16T06:23:40.489965+00:00,
30d63777-602e-436c-89af-f006c04da6f6,monotonic_reads,network_partition,writer-1,write,mr-30d63777-602e-436c-89af-f006c04da6f6,341,,,ONE,cassandra-1,True,False,3.061,2026-09-16T06:23:40.515536+00:00,
30d63777-602e-436c-89af-f006c04da6f6,monotonic_reads,network_partition,writer-1,write,mr-30d63777-602e-436c-89af-f006c04da6f6,342,,,ONE,cassandra-1,True,False,3.404,2026-09-16T06:23:40.544189+00:00,
30d63777-602e-436c-89af-f006c04da6f6,monotonic_reads,network_partition,writer-1,write,mr-30d63777-602e-436c-89af-f006c04da6f6,343,,,ONE,cassandra-1,True,False,2.976,2026-09-16T06:23:40.570961+00:00,
30d63777-602e-436c-89af-f006c04da6f6,monotonic_reads,network_partition,writer-1,write,mr-30d63777-602e-436c-89af-f006c04da6f6,344,,,ONE,cassandra-1,True,False,3.062,2026-09-16T06:23:40.599231+00:00,
30d63777-602e-436c-89af-f006c04da6f6,monotonic_reads,network_partition,writer-1,write,mr-30d63777-602e-436c-89af-f006c04da6f6,345,,,ONE,cassandra-1,True,False,3.522,2026-09-16T06:23:40.627265+00:00,
30d63777-602e-436c-89af-f006c04da6f6,monotonic_reads,network_partition,writer-1,write,mr-30d63777-602e-436c-89af-f006c04da6f6,346,,,ONE,cassandra-1,True,False,3.702,2026-09-16T06:23:40.652723+00:00,
30d63777-602e-436c-89af-f006c04da6f6,monotonic_reads,network_partition,writer-1,write,mr-30d63777-602e-436c-89af-f006c04da6f6,347,,,ONE,cassandra-1,True,False,3.85,2026-09-16T06:23:40.676872+00:00,
30d63777-602e-436c-89af-f006c04da6f6,monotonic_reads,network_partition,writer-1,write,mr-30d63777-602e-436c-89af-f006c04da6f6,348,,,ONE,cassandra-1,True,False,3.174,2026-09-16T06:23:40.701216+00:00,
30d63777-602e-436c-89af-f006c04da6f6,monotonic_reads,network_partition,writer-1,write,mr-30d63777-602e-436c-89af-f006c04da6f6,349,,,ONE,cassandra-1,True,False,3.543,2026-09-16T06:23:40.729280+00:00,
30d63777-602e-436c-89af-f006c04da6f6,monotonic_reads,network_partition,writer-1,write,mr-30d63777-602e-436c-89af-f006c04da6f6,350,,,ONE,cassandra-1,True,False,3.199,2026-09-16T06:23:40.754174+00:00,
30d63777-602e-436c-89af-f006c04da6f6,monotonic_reads,network_partition,writer-1,write,mr-30d63777-602e-436c-89af-f006c04da6f6,351,,,ONE,cassandra-1,True,False,2.921,2026-09-16T06:23:40.779738+00:00,
30d63777-602e-436c-89af-f006c04da6f6,monotonic_reads,network_partition,writer-1,write,mr-30d63777-602e-436c-89af-f006c04da6f6,352,,,ONE,cassandra-1,True,False,3.548,2026-09-16T06:23:40.805905+00:00,
30d63777-602e-436c-89af-f006c04da6f6,monotonic_reads,network_partition,writer-1,write,mr-30d63777-602e-436c-89af-f006c04da6f6,353,,,ONE,cassandra-1,True,False,5.279,2026-09-16T06:23:40.832264+00:00,
30d63777-602e-436c-89af-f006c04da6f6,monotonic_reads,network_partition,writer-1,write,mr-30d63777-602e-436c-89af-f006c04da6f6,354,,,ONE,cassandra-1,True,False,2.638,2026-09-16T06:23:40.855683+00:00,
30d63777-602e-436c-89af-f006c04da6f6,monotonic_reads,network_partition,writer-1,write,mr-30d63777-602e-436c-89af-f006c04da6f6,355,,,ONE,cassandra-1,True,False,3.149,2026-09-16T06:23:40.883806+00:00,
30d63777-602e-436c-89af-f006c04da6f6,monotonic_reads,network_partition,writer-1,write,mr-30d63777-602e-436c-89af-f006c04da6f6,356,,,ONE,cassandra-1,True,False,3.767,2026-09-16T06:23:40.907869+00:00,
30d63777-602e-436c-89af-f006c04da6f6,monotonic_reads,network_partition,writer-1,write,mr-30d63777-602e-436c-89af-f006c04da6f6,357,,,ONE,cassandra-1,True,False,3.192,2026-09-16T06:23:40.935073+00:00,
30d63777-602e-436c-89af-f006c04da6f6,monotonic_reads,network_partition,writer-1,write,mr-30d63777-602e-436c-89af-f006c04da6f6,358,,,ONE,cassandra-1,True,False,2.85,2026-09-16T06:23:40.961847+00:00,
30d63777-602e-436c-89af-f006c04da6f6,monotonic_reads,network_partition,writer-1,write,mr-30d63777-602e-436c-89af-f006c04da6f6,359,,,ONE,cassandra-1,True,False,2.838,2026-09-16T06:23:40.988683+00:00,
30d63777-602e-436c-89af-f006c04da6f6,monotonic_reads,network_partition,writer-1,write,mr-30d63777-602e-436c-89af-f006c04da6f6,360,,,ONE,cassandra-1,True,False,3.762,2026-09-16T06:23:41.013754+00:00,
30d63777-602e-436c-89af-f006c04da6f6,monotonic_reads,network_partition,writer-1,write,mr-30d63777-602e-436c-89af-f006c04da6f6,361,,,ONE,cassandra-1,True,False,3.253,2026-09-16T06:23:41.037675+00:00,
30d63777-602e-436c-89af-f006c04da6f6,monotonic_reads,network_partition,writer-1,write,mr-30d63777-602e-436c-89af-f006c04da6f6,362,,,ONE,cassandra-1,True,False,3.839,2026-09-16T06:23:41.065352+00:00,
30d63777-602e-436c-89af-f006c04da6f6,monotonic_reads,network_partition,writer-1,write,mr-30d63777-602e-436c-89af-f006c04da6f6,363,,,ONE,cassandra-1,True,False,3.552,2026-09-16T06:23:41.094039+00:00,
30d63777-602e-436c-89af-f006c04da6f6,monotonic_reads,network_partition,writer-1,write,mr-30d63777-602e-436c-89af-f006c04da6f6,364,,,ONE,cassandra-1,True,False,3.07,2026-09-16T06:23:41.121584+00:00,
30d63777-602e-436c-89af-f006c04da6f6,monotonic_reads,network_partition,writer-1,write,mr-30d63777-602e-436c-89af-f006c04da6f6,365,,,ONE,cassandra-1,True,False,3.372,2026-09-16T06:23:41.147605+00:00,
30d63777-602e-436c-89af-f006c04da6f6,monotonic_reads,network_partition,writer-1,write,mr-30d63777-602e-436c-89af-f006c04da6f6,366,,,ONE,cassandra-1,True,False,3.393,2026-09-16T06:23:41.173005+00:00,
30d63777-602e-436c-89af-f006c04da6f6,monotonic_reads,network_partition,writer-1,write,mr-30d63777-602e-436c-89af-f006c04da6f6,367,,,ONE,cassandra-1,True,False,3.569,2026-09-16T06:23:41.201883+00:00,
30d63777-602e-436c-89af-f006c04da6f6,monotonic_reads,network_partition,writer-1,write,mr-30d63777-602e-436c-89af-f006c04da6f6,368,,,ONE,cassandra-1,True,False,3.274,2026-09-16T06:23:41.230264+00:00,
30d63777-602e-436c-89af-f006c04da6f6,monotonic_reads,network_partition,writer-1,write,mr-30d63777-602e-436c-89af-f006c04da6f6,369,,,ONE,cassandra-1,True,False,3.317,2026-09-16T06:23:41.257567+00:00,
30d63777-602e-436c-89af-f006c04da6f6,monotonic_reads,network_partition,writer-1,write,mr-30d63777-602e-436c-89af-f006c04da6f6,370,,,ONE,cassandra-1,True,False,3.412,2026-09-16T06:23:41.282811+00:00,
30d63777-602e-436c-89af-f006c04da6f6,monotonic_reads,network_partition,writer-1,write,mr-30d63777-602e-436c-89af-f006c04da6f6,371,,,ONE,cassandra-1,True,False,3.327,2026-09-16T06:23:41.308469+00:00,
30d63777-602e-436c-89af-f006c04da6f6,monotonic_reads,network_partition,writer-1,write,mr-30d63777-602e-436c-89af-f006c04da6f6,372,,,ONE,cassandra-1,True,False,3.56,2026-09-16T06:23:41.333055+00:00,
30d63777-602e-436c-89af-f006c04da6f6,monotonic_reads,network_partition,writer-1,write,mr-30d63777-602e-436c-89af-f006c04da6f6,373,,,ONE,cassandra-1,True,False,3.527,2026-09-16T06:23:41.361016+00:00,
30d63777-602e-436c-89af-f006c04da6f6,monotonic_reads,network_partition,writer-1,write,mr-30d63777-602e-436c-89af-f006c04da6f6,374,,,ONE,cassandra-1,True,False,5.11,2026-09-16T06:23:41.387137+00:00,
30d63777-602e-436c-89af-f006c04da6f6,monotonic_reads,network_partition,writer-1,write,mr-30d63777-602e-436c-89af-f006c04da6f6,375,,,ONE,cassandra-1,True,False,3.086,2026-09-16T06:23:41.414477+00:00,
30d63777-602e-436c-89af-f006c04da6f6,monotonic_reads,network_partition,writer-1,write,mr-30d63777-602e-436c-89af-f006c04da6f6,376,,,ONE,cassandra-1,True,False,2.98,2026-09-16T06:23:41.442368+00:00,
30d63777-602e-436c-89af-f006c04da6f6,monotonic_reads,network_partition,writer-1,write,mr-30d63777-602e-436c-89af-f006c04da6f6,377,,,ONE,cassandra-1,True,False,3.809,2026-09-16T06:23:41.467677+00:00,
30d63777-602e-436c-89af-f006c04da6f6,monotonic_reads,network_partition,writer-1,write,mr-30d63777-602e-436c-89af-f006c04da6f6,378,,,ONE,cassandra-1,True,False,3.231,2026-09-16T06:23:41.493211+00:00,
30d63777-602e-436c-89af-f006c04da6f6,monotonic_reads,network_partition,writer-1,write,mr-30d63777-602e-436c-89af-f006c04da6f6,379,,,ONE,cassandra-1,True,False,3.664,2026-09-16T06:23:41.518644+00:00,
30d63777-602e-436c-89af-f006c04da6f6,monotonic_reads,network_partition,writer-1,write,mr-30d63777-602e-436c-89af-f006c04da6f6,380,,,ONE,cassandra-1,True,False,2.861,2026-09-16T06:23:41.545576+00:00,
30d63777-602e-436c-89af-f006c04da6f6,monotonic_reads,network_partition,writer-1,write,mr-30d63777-602e-436c-89af-f006c04da6f6,381,,,ONE,cassandra-1,True,False,2.868,2026-09-16T06:23:41.572526+00:00,
30d63777-602e-436c-89af-f006c04da6f6,monotonic_reads,network_partition,writer-1,write,mr-30d63777-602e-436c-89af-f006c04da6f6,382,,,ONE,cassandra-1,True,False,3.398,2026-09-16T06:23:41.600377+00:00,
30d63777-602e-436c-89af-f006c04da6f6,monotonic_reads,network_partition,writer-1,write,mr-30d63777-602e-436c-89af-f006c04da6f6,383,,,ONE,cassandra-1,True,False,3.256,2026-09-16T06:23:41.628479+00:00,
30d63777-602e-436c-89af-f006c04da6f6,monotonic_reads,network_partition,writer-1,write,mr-30d63777-602e-436c-89af-f006c04da6f6,384,,,ONE,cassandra-1,True,False,2.635,2026-09-16T06:23:41.653471+00:00,
30d63777-602e-436c-89af-f006c04da6f6,monotonic_reads,network_partition,writer-1,write,mr-30d63777-602e-436c-89af-f006c04da6f6,385,,,ONE,cassandra-1,True,False,3.529,2026-09-16T06:23:41.678004+00:00,
30d63777-602e-436c-89af-f006c04da6f6,monotonic_reads,network_partition,writer-1,write,mr-30d63777-602e-436c-89af-f006c04da6f6,386,,,ONE,cassandra-1,True,False,3.137,2026-09-16T06:23:41.705082+00:00,
30d63777-602e-436c-89af-f006c04da6f6,monotonic_reads,network_partition,writer-1,write,mr-30d63777-602e-436c-89af-f006c04da6f6,387,,,ONE,cassandra-1,True,False,4.493,2026-09-16T06:23:41.733115+00:00,
30d63777-602e-436c-89af-f006c04da6f6,monotonic_reads,network_partition,writer-1,write,mr-30d63777-602e-436c-89af-f006c04da6f6,388,,,ONE,cassandra-1,True,False,1.516,2026-09-16T06:23:41.759422+00:00,
30d63777-602e-436c-89af-f006c04da6f6,monotonic_reads,network_partition,writer-1,write,mr-30d63777-602e-436c-89af-f006c04da6f6,389,,,ONE,cassandra-1,True,False,2.601,2026-09-16T06:23:41.786320+00:00,
30d63777-602e-436c-89af-f006c04da6f6,monotonic_reads,network_partition,writer-1,write,mr-30d63777-602e-436c-89af-f006c04da6f6,390,,,ONE,cassandra-1,True,False,2.186,2026-09-16T06:23:41.813448+00:00,
30d63777-602e-436c-89af-f006c04da6f6,monotonic_reads,network_partition,writer-1,write,mr-30d63777-602e-436c-89af-f006c04da6f6,391,,,ONE,cassandra-1,True,False,3.955,2026-09-16T06:23:41.841288+00:00,
30d63777-602e-436c-89af-f006c04da6f6,monotonic_reads,network_partition,writer-1,write,mr-30d63777-602e-436c-89af-f006c04da6f6,392,,,ONE,cassandra-1,True,False,3.141,2026-09-16T06:23:41.868122+00:00,
30d63777-602e-436c-89af-f006c04da6f6,monotonic_reads,network_partition,writer-1,write,mr-30d63777-602e-436c-89af-f006c04da6f6,393,,,ONE,cassandra-1,True,False,2.717,2026-09-16T06:23:41.894468+00:00,
30d63777-602e-436c-89af-f006c04da6f6,monotonic_reads,network_partition,writer-1,write,mr-30d63777-602e-436c-89af-f006c04da6f6,394,,,ONE,cassandra-1,True,False,2.82,2026-09-16T06:23:41.922335+00:00,
30d63777-602e-436c-89af-f006c04da6f6,monotonic_reads,network_partition,writer-1,write,mr-30d63777-602e-436c-89af-f006c04da6f6,395,,,ONE,cassandra-1,True,False,3.188,2026-09-16T06:23:41.947315+00:00,
30d63777-602e-436c-89af-f006c04da6f6,monotonic_reads,network_partition,writer-1,write,mr-30d63777-602e-436c-89af-f006c04da6f6,396,,,ONE,cassandra-1,True,False,3.601,2026-09-16T06:23:41.973589+00:00,
30d63777-602e-436c-89af-f006c04da6f6,monotonic_reads,network_partition,writer-1,write,mr-30d63777-602e-436c-89af-f006c04da6f6,397,,,ONE,cassandra-1,True,False,3.415,2026-09-16T06:23:41.997401+00:00,
30d63777-602e-436c-89af-f006c04da6f6,monotonic_reads,network_partition,writer-1,write,mr-30d63777-602e-436c-89af-f006c04da6f6,398,,,ONE,cassandra-1,True,False,2.251,2026-09-16T06:23:42.023173+00:00,
30d63777-602e-436c-89af-f006c04da6f6,monotonic_reads,network_partition,reader-1,read,mr-30d63777-602e-436c-89af-f006c04da6f6,,398,QUORUM,ONE,cassandra-2,True,False,5027.481,2026-09-16T06:23:42.039731+00:00,
30d63777-602e-436c-89af-f006c04da6f6,monotonic_reads,network_partition,writer-1,write,mr-30d63777-602e-436c-89af-f006c04da6f6,399,,,ONE,cassandra-1,True,False,2.748,2026-09-16T06:23:42.051028+00:00,
30d63777-602e-436c-89af-f006c04da6f6,monotonic_reads,network_partition,writer-1,write,mr-30d63777-602e-436c-89af-f006c04da6f6,400,,,ONE,cassandra-1,True,False,4.178,2026-09-16T06:23:42.076540+00:00,
30d63777-602e-436c-89af-f006c04da6f6,monotonic_reads,network_partition,writer-1,write,mr-30d63777-602e-436c-89af-f006c04da6f6,401,,,ONE,cassandra-1,True,False,1.477,2026-09-16T06:23:42.098438+00:00,
30d63777-602e-436c-89af-f006c04da6f6,monotonic_reads,network_partition,writer-1,write,mr-30d63777-602e-436c-89af-f006c04da6f6,402,,,ONE,cassandra-1,True,False,0.918,2026-09-16T06:23:42.122876+00:00,
30d63777-602e-436c-89af-f006c04da6f6,monotonic_reads,network_partition,writer-1,write,mr-30d63777-602e-436c-89af-f006c04da6f6,403,,,ONE,cassandra-1,True,False,1.93,2026-09-16T06:23:42.145631+00:00,
30d63777-602e-436c-89af-f006c04da6f6,monotonic_reads,network_partition,writer-1,write,mr-30d63777-602e-436c-89af-f006c04da6f6,404,,,ONE,cassandra-1,True,False,1.603,2026-09-16T06:23:42.171470+00:00,
30d63777-602e-436c-89af-f006c04da6f6,monotonic_reads,network_partition,writer-1,write,mr-30d63777-602e-436c-89af-f006c04da6f6,405,,,ONE,cassandra-1,True,False,3.136,2026-09-16T06:23:42.195114+00:00,
30d63777-602e-436c-89af-f006c04da6f6,monotonic_reads,network_partition,writer-1,write,mr-30d63777-602e-436c-89af-f006c04da6f6,406,,,ONE,cassandra-1,True,False,3.119,2026-09-16T06:23:42.222940+00:00,
30d63777-602e-436c-89af-f006c04da6f6,monotonic_reads,network_partition,writer-1,write,mr-30d63777-602e-436c-89af-f006c04da6f6,407,,,ONE,cassandra-1,True,False,3.623,2026-09-16T06:23:42.247598+00:00,
30d63777-602e-436c-89af-f006c04da6f6,monotonic_reads,network_partition,writer-1,write,mr-30d63777-602e-436c-89af-f006c04da6f6,408,,,ONE,cassandra-1,True,False,2.664,2026-09-16T06:23:42.274162+00:00,
30d63777-602e-436c-89af-f006c04da6f6,monotonic_reads,network_partition,writer-1,write,mr-30d63777-602e-436c-89af-f006c04da6f6,409,,,ONE,cassandra-1,True,False,2.556,2026-09-16T06:23:42.301502+00:00,
30d63777-602e-436c-89af-f006c04da6f6,monotonic_reads,network_partition,writer-1,write,mr-30d63777-602e-436c-89af-f006c04da6f6,410,,,ONE,cassandra-1,True,False,1.824,2026-09-16T06:23:42.325779+00:00,
30d63777-602e-436c-89af-f006c04da6f6,monotonic_reads,network_partition,writer-1,write,mr-30d63777-602e-436c-89af-f006c04da6f6,411,,,ONE,cassandra-1,True,False,2.486,2026-09-16T06:23:42.350296+00:00,
30d63777-602e-436c-89af-f006c04da6f6,monotonic_reads,network_partition,writer-1,write,mr-30d63777-602e-436c-89af-f006c04da6f6,412,,,ONE,cassandra-1,True,False,2.625,2026-09-16T06:23:42.378067+00:00,
30d63777-602e-436c-89af-f006c04da6f6,monotonic_reads,network_partition,writer-1,write,mr-30d63777-602e-436c-89af-f006c04da6f6,413,,,ONE,cassandra-1,True,False,2.627,2026-09-16T06:23:42.405464+00:00,
30d63777-602e-436c-89af-f006c04da6f6,monotonic_reads,network_partition,writer-1,write,mr-30d63777-602e-436c-89af-f006c04da6f6,414,,,ONE,cassandra-1,True,False,2.99,2026-09-16T06:23:42.433641+00:00,
30d63777-602e-436c-89af-f006c04da6f6,monotonic_reads,network_partition,writer-1,write,mr-30d63777-602e-436c-89af-f006c04da6f6,415,,,ONE,cassandra-1,True,False,3.025,2026-09-16T06:23:42.457332+00:00,
30d63777-602e-436c-89af-f006c04da6f6,monotonic_reads,network_partition,writer-1,write,mr-30d63777-602e-436c-89af-f006c04da6f6,416,,,ONE,cassandra-1,True,False,2.363,2026-09-16T06:23:42.484548+00:00,
30d63777-602e-436c-89af-f006c04da6f6,monotonic_reads,network_partition,writer-1,write,mr-30d63777-602e-436c-89af-f006c04da6f6,417,,,ONE,cassandra-1,True,False,2.817,2026-09-16T06:23:42.511252+00:00,
30d63777-602e-436c-89af-f006c04da6f6,monotonic_reads,network_partition,writer-1,write,mr-30d63777-602e-436c-89af-f006c04da6f6,418,,,ONE,cassandra-1,True,False,2.646,2026-09-16T06:23:42.537637+00:00,
30d63777-602e-436c-89af-f006c04da6f6,monotonic_reads,network_partition,writer-1,write,mr-30d63777-602e-436c-89af-f006c04da6f6,419,,,ONE,cassandra-1,True,False,3.139,2026-09-16T06:23:42.562394+00:00,
30d63777-602e-436c-89af-f006c04da6f6,monotonic_reads,network_partition,writer-1,write,mr-30d63777-602e-436c-89af-f006c04da6f6,420,,,ONE,cassandra-1,True,False,2.682,2026-09-16T06:23:42.588665+00:00,
30d63777-602e-436c-89af-f006c04da6f6,monotonic_reads,network_partition,writer-1,write,mr-30d63777-602e-436c-89af-f006c04da6f6,421,,,ONE,cassandra-1,True,False,2.807,2026-09-16T06:23:42.613220+00:00,
30d63777-602e-436c-89af-f006c04da6f6,monotonic_reads,network_partition,writer-1,write,mr-30d63777-602e-436c-89af-f006c04da6f6,422,,,ONE,cassandra-1,True,False,3.742,2026-09-16T06:23:42.640931+00:00,
30d63777-602e-436c-89af-f006c04da6f6,monotonic_reads,network_partition,writer-1,write,mr-30d63777-602e-436c-89af-f006c04da6f6,423,,,ONE,cassandra-1,True,False,2.989,2026-09-16T06:23:42.667503+00:00,
30d63777-602e-436c-89af-f006c04da6f6,monotonic_reads,network_partition,writer-1,write,mr-30d63777-602e-436c-89af-f006c04da6f6,424,,,ONE,cassandra-1,True,False,2.782,2026-09-16T06:23:42.695170+00:00,
30d63777-602e-436c-89af-f006c04da6f6,monotonic_reads,network_partition,writer-1,write,mr-30d63777-602e-436c-89af-f006c04da6f6,425,,,ONE,cassandra-1,True,False,3.269,2026-09-16T06:23:42.719528+00:00,
30d63777-602e-436c-89af-f006c04da6f6,monotonic_reads,network_partition,writer-1,write,mr-30d63777-602e-436c-89af-f006c04da6f6,426,,,ONE,cassandra-1,True,False,3.019,2026-09-16T06:23:42.746184+00:00,
30d63777-602e-436c-89af-f006c04da6f6,monotonic_reads,network_partition,writer-1,write,mr-30d63777-602e-436c-89af-f006c04da6f6,427,,,ONE,cassandra-1,True,False,2.685,2026-09-16T06:23:42.772662+00:00,
30d63777-602e-436c-89af-f006c04da6f6,monotonic_reads,network_partition,writer-1,write,mr-30d63777-602e-436c-89af-f006c04da6f6,428,,,ONE,cassandra-1,True,False,2.665,2026-09-16T06:23:42.798640+00:00,
30d63777-602e-436c-89af-f006c04da6f6,monotonic_reads,network_partition,writer-1,write,mr-30d63777-602e-436c-89af-f006c04da6f6,429,,,ONE,cassandra-1,True,False,3.266,2026-09-16T06:23:42.826939+00:00,
30d63777-602e-436c-89af-f006c04da6f6,monotonic_reads,network_partition,writer-1,write,mr-30d63777-602e-436c-89af-f006c04da6f6,430,,,ONE,cassandra-1,True,False,3.521,2026-09-16T06:23:42.852376+00:00,
30d63777-602e-436c-89af-f006c04da6f6,monotonic_reads,network_partition,writer-1,write,mr-30d63777-602e-436c-89af-f006c04da6f6,431,,,ONE,cassandra-1,True,False,2.62,2026-09-16T06:23:42.880000+00:00,
30d63777-602e-436c-89af-f006c04da6f6,monotonic_reads,network_partition,writer-1,write,mr-30d63777-602e-436c-89af-f006c04da6f6,432,,,ONE,cassandra-1,True,False,2.571,2026-09-16T06:23:42.906288+00:00,
30d63777-602e-436c-89af-f006c04da6f6,monotonic_reads,network_partition,writer-1,write,mr-30d63777-602e-436c-89af-f006c04da6f6,433,,,ONE,cassandra-1,True,False,2.655,2026-09-16T06:23:42.934137+00:00,
30d63777-602e-436c-89af-f006c04da6f6,monotonic_reads,network_partition,writer-1,write,mr-30d63777-602e-436c-89af-f006c04da6f6,434,,,ONE,cassandra-1,True,False,3.392,2026-09-16T06:23:42.961373+00:00,
30d63777-602e-436c-89af-f006c04da6f6,monotonic_reads,network_partition,writer-1,write,mr-30d63777-602e-436c-89af-f006c04da6f6,435,,,ONE,cassandra-1,True,False,3.371,2026-09-16T06:23:42.988541+00:00,
30d63777-602e-436c-89af-f006c04da6f6,monotonic_reads,network_partition,writer-1,write,mr-30d63777-602e-436c-89af-f006c04da6f6,436,,,ONE,cassandra-1,True,False,2.652,2026-09-16T06:23:43.016061+00:00,
30d63777-602e-436c-89af-f006c04da6f6,monotonic_reads,network_partition,writer-1,write,mr-30d63777-602e-436c-89af-f006c04da6f6,437,,,ONE,cassandra-1,True,False,1.722,2026-09-16T06:23:43.041681+00:00,
30d63777-602e-436c-89af-f006c04da6f6,monotonic_reads,network_partition,writer-1,write,mr-30d63777-602e-436c-89af-f006c04da6f6,438,,,ONE,cassandra-1,True,False,1.681,2026-09-16T06:23:43.068451+00:00,
30d63777-602e-436c-89af-f006c04da6f6,monotonic_reads,network_partition,writer-1,write,mr-30d63777-602e-436c-89af-f006c04da6f6,439,,,ONE,cassandra-1,True,False,2.222,2026-09-16T06:23:43.095743+00:00,
30d63777-602e-436c-89af-f006c04da6f6,monotonic_reads,network_partition,writer-1,write,mr-30d63777-602e-436c-89af-f006c04da6f6,440,,,ONE,cassandra-1,True,False,1.77,2026-09-16T06:23:43.121244+00:00,
30d63777-602e-436c-89af-f006c04da6f6,monotonic_reads,network_partition,writer-1,write,mr-30d63777-602e-436c-89af-f006c04da6f6,441,,,ONE,cassandra-1,True,False,2.67,2026-09-16T06:23:43.148984+00:00,
30d63777-602e-436c-89af-f006c04da6f6,monotonic_reads,network_partition,writer-1,write,mr-30d63777-602e-436c-89af-f006c04da6f6,442,,,ONE,cassandra-1,True,False,3.108,2026-09-16T06:23:43.175355+00:00,
30d63777-602e-436c-89af-f006c04da6f6,monotonic_reads,network_partition,writer-1,write,mr-30d63777-602e-436c-89af-f006c04da6f6,443,,,ONE,cassandra-1,True,False,3.241,2026-09-16T06:23:43.200039+00:00,
30d63777-602e-436c-89af-f006c04da6f6,monotonic_reads,network_partition,writer-1,write,mr-30d63777-602e-436c-89af-f006c04da6f6,444,,,ONE,cassandra-1,True,False,2.602,2026-09-16T06:23:43.226951+00:00,
30d63777-602e-436c-89af-f006c04da6f6,monotonic_reads,network_partition,writer-1,write,mr-30d63777-602e-436c-89af-f006c04da6f6,445,,,ONE,cassandra-1,True,False,3.281,2026-09-16T06:23:43.253043+00:00,
30d63777-602e-436c-89af-f006c04da6f6,monotonic_reads,network_partition,writer-1,write,mr-30d63777-602e-436c-89af-f006c04da6f6,446,,,ONE,cassandra-1,True,False,2.794,2026-09-16T06:23:43.277445+00:00,
30d63777-602e-436c-89af-f006c04da6f6,monotonic_reads,network_partition,writer-1,write,mr-30d63777-602e-436c-89af-f006c04da6f6,447,,,ONE,cassandra-1,True,False,3.241,2026-09-16T06:23:43.302594+00:00,
30d63777-602e-436c-89af-f006c04da6f6,monotonic_reads,network_partition,writer-1,write,mr-30d63777-602e-436c-89af-f006c04da6f6,448,,,ONE,cassandra-1,True,False,2.577,2026-09-16T06:23:43.330423+00:00,
30d63777-602e-436c-89af-f006c04da6f6,monotonic_reads,network_partition,writer-1,write,mr-30d63777-602e-436c-89af-f006c04da6f6,449,,,ONE,cassandra-1,True,False,2.36,2026-09-16T06:23:43.355357+00:00,
30d63777-602e-436c-89af-f006c04da6f6,monotonic_reads,network_partition,writer-1,write,mr-30d63777-602e-436c-89af-f006c04da6f6,450,,,ONE,cassandra-1,True,False,2.585,2026-09-16T06:23:43.379383+00:00,
30d63777-602e-436c-89af-f006c04da6f6,monotonic_reads,network_partition,writer-1,write,mr-30d63777-602e-436c-89af-f006c04da6f6,451,,,ONE,cassandra-1,True,False,2.515,2026-09-16T06:23:43.406223+00:00,
30d63777-602e-436c-89af-f006c04da6f6,monotonic_reads,network_partition,writer-1,write,mr-30d63777-602e-436c-89af-f006c04da6f6,452,,,ONE,cassandra-1,True,False,4.488,2026-09-16T06:23:43.433058+00:00,
30d63777-602e-436c-89af-f006c04da6f6,monotonic_reads,network_partition,writer-1,write,mr-30d63777-602e-436c-89af-f006c04da6f6,453,,,ONE,cassandra-1,True,False,3.163,2026-09-16T06:23:43.461152+00:00,
30d63777-602e-436c-89af-f006c04da6f6,monotonic_reads,network_partition,writer-1,write,mr-30d63777-602e-436c-89af-f006c04da6f6,454,,,ONE,cassandra-1,True,False,3.48,2026-09-16T06:23:43.489656+00:00,
30d63777-602e-436c-89af-f006c04da6f6,monotonic_reads,network_partition,writer-1,write,mr-30d63777-602e-436c-89af-f006c04da6f6,455,,,ONE,cassandra-1,True,False,3.001,2026-09-16T06:23:43.515988+00:00,
30d63777-602e-436c-89af-f006c04da6f6,monotonic_reads,network_partition,writer-1,write,mr-30d63777-602e-436c-89af-f006c04da6f6,456,,,ONE,cassandra-1,True,False,4.052,2026-09-16T06:23:43.540851+00:00,
30d63777-602e-436c-89af-f006c04da6f6,monotonic_reads,network_partition,writer-1,write,mr-30d63777-602e-436c-89af-f006c04da6f6,457,,,ONE,cassandra-1,True,False,2.906,2026-09-16T06:23:43.566875+00:00,
30d63777-602e-436c-89af-f006c04da6f6,monotonic_reads,network_partition,writer-1,write,mr-30d63777-602e-436c-89af-f006c04da6f6,458,,,ONE,cassandra-1,True,False,4.246,2026-09-16T06:23:43.592231+00:00,
30d63777-602e-436c-89af-f006c04da6f6,monotonic_reads,network_partition,writer-1,write,mr-30d63777-602e-436c-89af-f006c04da6f6,459,,,ONE,cassandra-1,True,False,3.155,2026-09-16T06:23:43.620549+00:00,
30d63777-602e-436c-89af-f006c04da6f6,monotonic_reads,network_partition,writer-1,write,mr-30d63777-602e-436c-89af-f006c04da6f6,460,,,ONE,cassandra-1,True,False,3.483,2026-09-16T06:23:43.647510+00:00,
30d63777-602e-436c-89af-f006c04da6f6,monotonic_reads,network_partition,writer-1,write,mr-30d63777-602e-436c-89af-f006c04da6f6,461,,,ONE,cassandra-1,True,False,1.346,2026-09-16T06:23:43.673426+00:00,
30d63777-602e-436c-89af-f006c04da6f6,monotonic_reads,network_partition,writer-1,write,mr-30d63777-602e-436c-89af-f006c04da6f6,462,,,ONE,cassandra-1,True,False,3.152,2026-09-16T06:23:43.699514+00:00,
30d63777-602e-436c-89af-f006c04da6f6,monotonic_reads,network_partition,writer-1,write,mr-30d63777-602e-436c-89af-f006c04da6f6,463,,,ONE,cassandra-1,True,False,2.845,2026-09-16T06:23:43.727218+00:00,
30d63777-602e-436c-89af-f006c04da6f6,monotonic_reads,network_partition,writer-1,write,mr-30d63777-602e-436c-89af-f006c04da6f6,464,,,ONE,cassandra-1,True,False,3.362,2026-09-16T06:23:43.754621+00:00,
30d63777-602e-436c-89af-f006c04da6f6,monotonic_reads,network_partition,writer-1,write,mr-30d63777-602e-436c-89af-f006c04da6f6,465,,,ONE,cassandra-1,True,False,3.757,2026-09-16T06:23:43.782827+00:00,
30d63777-602e-436c-89af-f006c04da6f6,monotonic_reads,network_partition,writer-1,write,mr-30d63777-602e-436c-89af-f006c04da6f6,466,,,ONE,cassandra-1,True,False,3.82,2026-09-16T06:23:43.808591+00:00,
30d63777-602e-436c-89af-f006c04da6f6,monotonic_reads,network_partition,writer-1,write,mr-30d63777-602e-436c-89af-f006c04da6f6,467,,,ONE,cassandra-1,True,False,3.471,2026-09-16T06:23:43.833841+00:00,
30d63777-602e-436c-89af-f006c04da6f6,monotonic_reads,network_partition,writer-1,write,mr-30d63777-602e-436c-89af-f006c04da6f6,468,,,ONE,cassandra-1,True,False,3.006,2026-09-16T06:23:43.861368+00:00,
30d63777-602e-436c-89af-f006c04da6f6,monotonic_reads,network_partition,writer-1,write,mr-30d63777-602e-436c-89af-f006c04da6f6,469,,,ONE,cassandra-1,True,False,3.633,2026-09-16T06:23:43.889035+00:00,
30d63777-602e-436c-89af-f006c04da6f6,monotonic_reads,network_partition,writer-1,write,mr-30d63777-602e-436c-89af-f006c04da6f6,470,,,ONE,cassandra-1,True,False,2.889,2026-09-16T06:23:43.914871+00:00,
30d63777-602e-436c-89af-f006c04da6f6,monotonic_reads,network_partition,writer-1,write,mr-30d63777-602e-436c-89af-f006c04da6f6,471,,,ONE,cassandra-1,True,False,3.77,2026-09-16T06:23:43.939976+00:00,
30d63777-602e-436c-89af-f006c04da6f6,monotonic_reads,network_partition,writer-1,write,mr-30d63777-602e-436c-89af-f006c04da6f6,472,,,ONE,cassandra-1,True,False,3.27,2026-09-16T06:23:43.968205+00:00,
30d63777-602e-436c-89af-f006c04da6f6,monotonic_reads,network_partition,writer-1,write,mr-30d63777-602e-436c-89af-f006c04da6f6,473,,,ONE,cassandra-1,True,False,2.406,2026-09-16T06:23:43.992027+00:00,
30d63777-602e-436c-89af-f006c04da6f6,monotonic_reads,network_partition,writer-1,write,mr-30d63777-602e-436c-89af-f006c04da6f6,474,,,ONE,cassandra-1,True,False,3.29,2026-09-16T06:23:44.019313+00:00,
30d63777-602e-436c-89af-f006c04da6f6,monotonic_reads,network_partition,writer-1,write,mr-30d63777-602e-436c-89af-f006c04da6f6,475,,,ONE,cassandra-1,True,False,4.018,2026-09-16T06:23:44.047757+00:00,
30d63777-602e-436c-89af-f006c04da6f6,monotonic_reads,network_partition,writer-1,write,mr-30d63777-602e-436c-89af-f006c04da6f6,476,,,ONE,cassandra-1,True,False,3.35,2026-09-16T06:23:44.074203+00:00,
30d63777-602e-436c-89af-f006c04da6f6,monotonic_reads,network_partition,writer-1,write,mr-30d63777-602e-436c-89af-f006c04da6f6,477,,,ONE,cassandra-1,True,False,3.425,2026-09-16T06:23:44.102199+00:00,
30d63777-602e-436c-89af-f006c04da6f6,monotonic_reads,network_partition,writer-1,write,mr-30d63777-602e-436c-89af-f006c04da6f6,478,,,ONE,cassandra-1,True,False,3.834,2026-09-16T06:23:44.128689+00:00,
30d63777-602e-436c-89af-f006c04da6f6,monotonic_reads,network_partition,writer-1,write,mr-30d63777-602e-436c-89af-f006c04da6f6,479,,,ONE,cassandra-1,True,False,2.762,2026-09-16T06:23:44.155315+00:00,
30d63777-602e-436c-89af-f006c04da6f6,monotonic_reads,network_partition,writer-1,write,mr-30d63777-602e-436c-89af-f006c04da6f6,480,,,ONE,cassandra-1,True,False,3.353,2026-09-16T06:23:44.180689+00:00,
30d63777-602e-436c-89af-f006c04da6f6,monotonic_reads,network_partition,writer-1,write,mr-30d63777-602e-436c-89af-f006c04da6f6,481,,,ONE,cassandra-1,True,False,3.351,2026-09-16T06:23:44.207072+00:00,
30d63777-602e-436c-89af-f006c04da6f6,monotonic_reads,network_partition,writer-1,write,mr-30d63777-602e-436c-89af-f006c04da6f6,482,,,ONE,cassandra-1,True,False,3.628,2026-09-16T06:23:44.231644+00:00,
30d63777-602e-436c-89af-f006c04da6f6,monotonic_reads,network_partition,writer-1,write,mr-30d63777-602e-436c-89af-f006c04da6f6,483,,,ONE,cassandra-1,True,False,3.45,2026-09-16T06:23:44.258858+00:00,
30d63777-602e-436c-89af-f006c04da6f6,monotonic_reads,network_partition,writer-1,write,mr-30d63777-602e-436c-89af-f006c04da6f6,484,,,ONE,cassandra-1,True,False,3.551,2026-09-16T06:23:44.287277+00:00,
30d63777-602e-436c-89af-f006c04da6f6,monotonic_reads,network_partition,writer-1,write,mr-30d63777-602e-436c-89af-f006c04da6f6,485,,,ONE,cassandra-1,True,False,3.814,2026-09-16T06:23:44.311831+00:00,
30d63777-602e-436c-89af-f006c04da6f6,monotonic_reads,network_partition,writer-1,write,mr-30d63777-602e-436c-89af-f006c04da6f6,486,,,ONE,cassandra-1,True,False,3.521,2026-09-16T06:23:44.340411+00:00,
30d63777-602e-436c-89af-f006c04da6f6,monotonic_reads,network_partition,writer-1,write,mr-30d63777-602e-436c-89af-f006c04da6f6,487,,,ONE,cassandra-1,True,False,4.098,2026-09-16T06:23:44.368864+00:00,
30d63777-602e-436c-89af-f006c04da6f6,monotonic_reads,network_partition,writer-1,write,mr-30d63777-602e-436c-89af-f006c04da6f6,488,,,ONE,cassandra-1,True,False,3.13,2026-09-16T06:23:44.397253+00:00,
30d63777-602e-436c-89af-f006c04da6f6,monotonic_reads,network_partition,writer-1,write,mr-30d63777-602e-436c-89af-f006c04da6f6,489,,,ONE,cassandra-1,True,False,4.077,2026-09-16T06:23:44.421693+00:00,
30d63777-602e-436c-89af-f006c04da6f6,monotonic_reads,network_partition,writer-1,write,mr-30d63777-602e-436c-89af-f006c04da6f6,490,,,ONE,cassandra-1,True,False,3.278,2026-09-16T06:23:44.448098+00:00,
30d63777-602e-436c-89af-f006c04da6f6,monotonic_reads,network_partition,writer-1,write,mr-30d63777-602e-436c-89af-f006c04da6f6,491,,,ONE,cassandra-1,True,False,2.763,2026-09-16T06:23:44.474253+00:00,
30d63777-602e-436c-89af-f006c04da6f6,monotonic_reads,network_partition,writer-1,write,mr-30d63777-602e-436c-89af-f006c04da6f6,492,,,ONE,cassandra-1,True,False,3.352,2026-09-16T06:23:44.498746+00:00,
30d63777-602e-436c-89af-f006c04da6f6,monotonic_reads,network_partition,writer-1,write,mr-30d63777-602e-436c-89af-f006c04da6f6,493,,,ONE,cassandra-1,True,False,3.219,2026-09-16T06:23:44.524699+00:00,
30d63777-602e-436c-89af-f006c04da6f6,monotonic_reads,network_partition,writer-1,write,mr-30d63777-602e-436c-89af-f006c04da6f6,494,,,ONE,cassandra-1,True,False,3.073,2026-09-16T06:23:44.552999+00:00,
30d63777-602e-436c-89af-f006c04da6f6,monotonic_reads,network_partition,writer-1,write,mr-30d63777-602e-436c-89af-f006c04da6f6,495,,,ONE,cassandra-1,True,False,2.697,2026-09-16T06:23:44.580015+00:00,
30d63777-602e-436c-89af-f006c04da6f6,monotonic_reads,network_partition,writer-1,write,mr-30d63777-602e-436c-89af-f006c04da6f6,496,,,ONE,cassandra-1,True,False,4.063,2026-09-16T06:23:44.606278+00:00,
30d63777-602e-436c-89af-f006c04da6f6,monotonic_reads,network_partition,writer-1,write,mr-30d63777-602e-436c-89af-f006c04da6f6,497,,,ONE,cassandra-1,True,False,3.76,2026-09-16T06:23:44.630785+00:00,
30d63777-602e-436c-89af-f006c04da6f6,monotonic_reads,network_partition,writer-1,write,mr-30d63777-602e-436c-89af-f006c04da6f6,498,,,ONE,cassandra-1,True,False,2.121,2026-09-16T06:23:44.655129+00:00,
30d63777-602e-436c-89af-f006c04da6f6,monotonic_reads,network_partition,writer-1,write,mr-30d63777-602e-436c-89af-f006c04da6f6,499,,,ONE,cassandra-1,True,False,4.784,2026-09-16T06:23:44.683237+00:00,
30d63777-602e-436c-89af-f006c04da6f6,monotonic_reads,network_partition,writer-1,write,mr-30d63777-602e-436c-89af-f006c04da6f6,500,,,ONE,cassandra-1,True,False,3.696,2026-09-16T06:23:44.711561+00:00,
30d63777-602e-436c-89af-f006c04da6f6,monotonic_reads,network_partition,writer-1,write,mr-30d63777-602e-436c-89af-f006c04da6f6,501,,,ONE,cassandra-1,True,False,3.139,2026-09-16T06:23:44.737118+00:00,
30d63777-602e-436c-89af-f006c04da6f6,monotonic_reads,network_partition,writer-1,write,mr-30d63777-602e-436c-89af-f006c04da6f6,502,,,ONE,cassandra-1,True,False,4.48,2026-09-16T06:23:44.765744+00:00,
30d63777-602e-436c-89af-f006c04da6f6,monotonic_reads,network_partition,writer-1,write,mr-30d63777-602e-436c-89af-f006c04da6f6,503,,,ONE,cassandra-1,True,False,1.764,2026-09-16T06:23:44.788744+00:00,
30d63777-602e-436c-89af-f006c04da6f6,monotonic_reads,network_partition,writer-1,write,mr-30d63777-602e-436c-89af-f006c04da6f6,504,,,ONE,cassandra-1,True,False,1.973,2026-09-16T06:23:44.812626+00:00,
30d63777-602e-436c-89af-f006c04da6f6,monotonic_reads,network_partition,writer-1,write,mr-30d63777-602e-436c-89af-f006c04da6f6,505,,,ONE,cassandra-1,True,False,1.283,2026-09-16T06:23:44.837436+00:00,
30d63777-602e-436c-89af-f006c04da6f6,monotonic_reads,network_partition,writer-1,write,mr-30d63777-602e-436c-89af-f006c04da6f6,506,,,ONE,cassandra-1,True,False,3.61,2026-09-16T06:23:44.864452+00:00,
30d63777-602e-436c-89af-f006c04da6f6,monotonic_reads,network_partition,writer-1,write,mr-30d63777-602e-436c-89af-f006c04da6f6,507,,,ONE,cassandra-1,True,False,3.858,2026-09-16T06:23:44.891325+00:00,
30d63777-602e-436c-89af-f006c04da6f6,monotonic_reads,network_partition,writer-1,write,mr-30d63777-602e-436c-89af-f006c04da6f6,508,,,ONE,cassandra-1,True,False,3.076,2026-09-16T06:23:44.919545+00:00,
30d63777-602e-436c-89af-f006c04da6f6,monotonic_reads,network_partition,writer-1,write,mr-30d63777-602e-436c-89af-f006c04da6f6,509,,,ONE,cassandra-1,True,False,3.592,2026-09-16T06:23:44.947317+00:00,
30d63777-602e-436c-89af-f006c04da6f6,monotonic_reads,network_partition,writer-1,write,mr-30d63777-602e-436c-89af-f006c04da6f6,510,,,ONE,cassandra-1,True,False,3.337,2026-09-16T06:23:44.975914+00:00,
30d63777-602e-436c-89af-f006c04da6f6,monotonic_reads,network_partition,writer-1,write,mr-30d63777-602e-436c-89af-f006c04da6f6,511,,,ONE,cassandra-1,True,False,3.607,2026-09-16T06:23:45.004157+00:00,
30d63777-602e-436c-89af-f006c04da6f6,monotonic_reads,network_partition,writer-1,write,mr-30d63777-602e-436c-89af-f006c04da6f6,512,,,ONE,cassandra-1,True,False,3.357,2026-09-16T06:23:45.030348+00:00,
30d63777-602e-436c-89af-f006c04da6f6,monotonic_reads,network_partition,writer-1,write,mr-30d63777-602e-436c-89af-f006c04da6f6,513,,,ONE,cassandra-1,True,False,3.175,2026-09-16T06:23:45.057708+00:00,
30d63777-602e-436c-89af-f006c04da6f6,monotonic_reads,network_partition,writer-1,write,mr-30d63777-602e-436c-89af-f006c04da6f6,514,,,ONE,cassandra-1,True,False,3.388,2026-09-16T06:23:45.085388+00:00,
30d63777-602e-436c-89af-f006c04da6f6,monotonic_reads,network_partition,writer-1,write,mr-30d63777-602e-436c-89af-f006c04da6f6,515,,,ONE,cassandra-1,True,False,7.405,2026-09-16T06:23:45.117574+00:00,
30d63777-602e-436c-89af-f006c04da6f6,monotonic_reads,network_partition,writer-1,write,mr-30d63777-602e-436c-89af-f006c04da6f6,516,,,ONE,cassandra-1,True,False,3.064,2026-09-16T06:23:45.145446+00:00,
30d63777-602e-436c-89af-f006c04da6f6,monotonic_reads,network_partition,writer-1,write,mr-30d63777-602e-436c-89af-f006c04da6f6,517,,,ONE,cassandra-1,True,False,3.273,2026-09-16T06:23:45.173316+00:00,
30d63777-602e-436c-89af-f006c04da6f6,monotonic_reads,network_partition,writer-1,write,mr-30d63777-602e-436c-89af-f006c04da6f6,518,,,ONE,cassandra-1,True,False,3.676,2026-09-16T06:23:45.197611+00:00,
30d63777-602e-436c-89af-f006c04da6f6,monotonic_reads,network_partition,writer-1,write,mr-30d63777-602e-436c-89af-f006c04da6f6,519,,,ONE,cassandra-1,True,False,3.375,2026-09-16T06:23:45.225839+00:00,
30d63777-602e-436c-89af-f006c04da6f6,monotonic_reads,network_partition,writer-1,write,mr-30d63777-602e-436c-89af-f006c04da6f6,520,,,ONE,cassandra-1,True,False,3.175,2026-09-16T06:23:45.254283+00:00,
30d63777-602e-436c-89af-f006c04da6f6,monotonic_reads,network_partition,writer-1,write,mr-30d63777-602e-436c-89af-f006c04da6f6,521,,,ONE,cassandra-1,True,False,3.574,2026-09-16T06:23:45.281568+00:00,
30d63777-602e-436c-89af-f006c04da6f6,monotonic_reads,network_partition,writer-1,write,mr-30d63777-602e-436c-89af-f006c04da6f6,522,,,ONE,cassandra-1,True,False,3.524,2026-09-16T06:23:45.308492+00:00,
30d63777-602e-436c-89af-f006c04da6f6,monotonic_reads,network_partition,writer-1,write,mr-30d63777-602e-436c-89af-f006c04da6f6,523,,,ONE,cassandra-1,True,False,3.045,2026-09-16T06:23:45.334053+00:00,
30d63777-602e-436c-89af-f006c04da6f6,monotonic_reads,network_partition,writer-1,write,mr-30d63777-602e-436c-89af-f006c04da6f6,524,,,ONE,cassandra-1,True,False,2.981,2026-09-16T06:23:45.358356+00:00,
30d63777-602e-436c-89af-f006c04da6f6,monotonic_reads,network_partition,writer-1,write,mr-30d63777-602e-436c-89af-f006c04da6f6,525,,,ONE,cassandra-1,True,False,4.014,2026-09-16T06:23:45.387644+00:00,
30d63777-602e-436c-89af-f006c04da6f6,monotonic_reads,network_partition,writer-1,write,mr-30d63777-602e-436c-89af-f006c04da6f6,526,,,ONE,cassandra-1,True,False,3.924,2026-09-16T06:23:45.413852+00:00,
30d63777-602e-436c-89af-f006c04da6f6,monotonic_reads,network_partition,writer-1,write,mr-30d63777-602e-436c-89af-f006c04da6f6,527,,,ONE,cassandra-1,True,False,3.703,2026-09-16T06:23:45.442438+00:00,
30d63777-602e-436c-89af-f006c04da6f6,monotonic_reads,network_partition,writer-1,write,mr-30d63777-602e-436c-89af-f006c04da6f6,528,,,ONE,cassandra-1,True,False,4.315,2026-09-16T06:23:45.468045+00:00,
30d63777-602e-436c-89af-f006c04da6f6,monotonic_reads,network_partition,writer-1,write,mr-30d63777-602e-436c-89af-f006c04da6f6,529,,,ONE,cassandra-1,True,False,3.695,2026-09-16T06:23:45.492565+00:00,
30d63777-602e-436c-89af-f006c04da6f6,monotonic_reads,network_partition,writer-1,write,mr-30d63777-602e-436c-89af-f006c04da6f6,530,,,ONE,cassandra-1,True,False,3.269,2026-09-16T06:23:45.518274+00:00,
30d63777-602e-436c-89af-f006c04da6f6,monotonic_reads,network_partition,writer-1,write,mr-30d63777-602e-436c-89af-f006c04da6f6,531,,,ONE,cassandra-1,True,False,3.58,2026-09-16T06:23:45.542696+00:00,
30d63777-602e-436c-89af-f006c04da6f6,monotonic_reads,network_partition,writer-1,write,mr-30d63777-602e-436c-89af-f006c04da6f6,532,,,ONE,cassandra-1,True,False,3.118,2026-09-16T06:23:45.568300+00:00,
30d63777-602e-436c-89af-f006c04da6f6,monotonic_reads,network_partition,writer-1,write,mr-30d63777-602e-436c-89af-f006c04da6f6,533,,,ONE,cassandra-1,True,False,4.036,2026-09-16T06:23:45.594008+00:00,
30d63777-602e-436c-89af-f006c04da6f6,monotonic_reads,network_partition,writer-1,write,mr-30d63777-602e-436c-89af-f006c04da6f6,534,,,ONE,cassandra-1,True,False,3.053,2026-09-16T06:23:45.621886+00:00,
30d63777-602e-436c-89af-f006c04da6f6,monotonic_reads,network_partition,writer-1,write,mr-30d63777-602e-436c-89af-f006c04da6f6,535,,,ONE,cassandra-1,True,False,3.664,2026-09-16T06:23:45.648528+00:00,
30d63777-602e-436c-89af-f006c04da6f6,monotonic_reads,network_partition,writer-1,write,mr-30d63777-602e-436c-89af-f006c04da6f6,536,,,ONE,cassandra-1,True,False,3.386,2026-09-16T06:23:45.675279+00:00,
30d63777-602e-436c-89af-f006c04da6f6,monotonic_reads,network_partition,writer-1,write,mr-30d63777-602e-436c-89af-f006c04da6f6,537,,,ONE,cassandra-1,True,False,3.007,2026-09-16T06:23:45.703003+00:00,
30d63777-602e-436c-89af-f006c04da6f6,monotonic_reads,network_partition,writer-1,write,mr-30d63777-602e-436c-89af-f006c04da6f6,538,,,ONE,cassandra-1,True,False,3.265,2026-09-16T06:23:45.731491+00:00,
30d63777-602e-436c-89af-f006c04da6f6,monotonic_reads,network_partition,writer-1,write,mr-30d63777-602e-436c-89af-f006c04da6f6,539,,,ONE,cassandra-1,True,False,3.946,2026-09-16T06:23:45.757833+00:00,
30d63777-602e-436c-89af-f006c04da6f6,monotonic_reads,network_partition,writer-1,write,mr-30d63777-602e-436c-89af-f006c04da6f6,540,,,ONE,cassandra-1,True,False,3.942,2026-09-16T06:23:45.786360+00:00,
30d63777-602e-436c-89af-f006c04da6f6,monotonic_reads,network_partition,writer-1,write,mr-30d63777-602e-436c-89af-f006c04da6f6,541,,,ONE,cassandra-1,True,False,2.354,2026-09-16T06:23:45.809376+00:00,
30d63777-602e-436c-89af-f006c04da6f6,monotonic_reads,network_partition,writer-1,write,mr-30d63777-602e-436c-89af-f006c04da6f6,542,,,ONE,cassandra-1,True,False,3.228,2026-09-16T06:23:45.835950+00:00,
30d63777-602e-436c-89af-f006c04da6f6,monotonic_reads,network_partition,writer-1,write,mr-30d63777-602e-436c-89af-f006c04da6f6,543,,,ONE,cassandra-1,True,False,2.981,2026-09-16T06:23:45.860829+00:00,
30d63777-602e-436c-89af-f006c04da6f6,monotonic_reads,network_partition,writer-1,write,mr-30d63777-602e-436c-89af-f006c04da6f6,544,,,ONE,cassandra-1,True,False,4.296,2026-09-16T06:23:45.887202+00:00,
30d63777-602e-436c-89af-f006c04da6f6,monotonic_reads,network_partition,writer-1,write,mr-30d63777-602e-436c-89af-f006c04da6f6,545,,,ONE,cassandra-1,True,False,2.899,2026-09-16T06:23:45.914654+00:00,
30d63777-602e-436c-89af-f006c04da6f6,monotonic_reads,network_partition,writer-1,write,mr-30d63777-602e-436c-89af-f006c04da6f6,546,,,ONE,cassandra-1,True,False,4.355,2026-09-16T06:23:45.940593+00:00,
30d63777-602e-436c-89af-f006c04da6f6,monotonic_reads,network_partition,writer-1,write,mr-30d63777-602e-436c-89af-f006c04da6f6,547,,,ONE,cassandra-1,True,False,2.566,2026-09-16T06:23:45.966298+00:00,
30d63777-602e-436c-89af-f006c04da6f6,monotonic_reads,network_partition,writer-1,write,mr-30d63777-602e-436c-89af-f006c04da6f6,548,,,ONE,cassandra-1,True,False,4.823,2026-09-16T06:23:45.994300+00:00,
30d63777-602e-436c-89af-f006c04da6f6,monotonic_reads,network_partition,writer-1,write,mr-30d63777-602e-436c-89af-f006c04da6f6,549,,,ONE,cassandra-1,True,False,3.3,2026-09-16T06:23:46.021798+00:00,
30d63777-602e-436c-89af-f006c04da6f6,monotonic_reads,network_partition,writer-1,write,mr-30d63777-602e-436c-89af-f006c04da6f6,550,,,ONE,cassandra-1,True,False,4.035,2026-09-16T06:23:46.048056+00:00,
30d63777-602e-436c-89af-f006c04da6f6,monotonic_reads,network_partition,writer-1,write,mr-30d63777-602e-436c-89af-f006c04da6f6,551,,,ONE,cassandra-1,True,False,2.746,2026-09-16T06:23:46.074253+00:00,
30d63777-602e-436c-89af-f006c04da6f6,monotonic_reads,network_partition,writer-1,write,mr-30d63777-602e-436c-89af-f006c04da6f6,552,,,ONE,cassandra-1,True,False,2.294,2026-09-16T06:23:46.101744+00:00,
30d63777-602e-436c-89af-f006c04da6f6,monotonic_reads,network_partition,writer-1,write,mr-30d63777-602e-436c-89af-f006c04da6f6,553,,,ONE,cassandra-1,True,False,2.46,2026-09-16T06:23:46.125691+00:00,
30d63777-602e-436c-89af-f006c04da6f6,monotonic_reads,network_partition,writer-1,write,mr-30d63777-602e-436c-89af-f006c04da6f6,554,,,ONE,cassandra-1,True,False,1.156,2026-09-16T06:23:46.151591+00:00,
30d63777-602e-436c-89af-f006c04da6f6,monotonic_reads,network_partition,writer-1,write,mr-30d63777-602e-436c-89af-f006c04da6f6,555,,,ONE,cassandra-1,True,False,1.227,2026-09-16T06:23:46.177951+00:00,
30d63777-602e-436c-89af-f006c04da6f6,monotonic_reads,network_partition,writer-1,write,mr-30d63777-602e-436c-89af-f006c04da6f6,556,,,ONE,cassandra-1,True,False,1.589,2026-09-16T06:23:46.204417+00:00,
30d63777-602e-436c-89af-f006c04da6f6,monotonic_reads,network_partition,writer-1,write,mr-30d63777-602e-436c-89af-f006c04da6f6,557,,,ONE,cassandra-1,True,False,1.328,2026-09-16T06:23:46.230885+00:00,
30d63777-602e-436c-89af-f006c04da6f6,monotonic_reads,network_partition,writer-1,write,mr-30d63777-602e-436c-89af-f006c04da6f6,558,,,ONE,cassandra-1,True,False,1.468,2026-09-16T06:23:46.257509+00:00,
30d63777-602e-436c-89af-f006c04da6f6,monotonic_reads,network_partition,writer-1,write,mr-30d63777-602e-436c-89af-f006c04da6f6,559,,,ONE,cassandra-1,True,False,1.737,2026-09-16T06:23:46.282449+00:00,
30d63777-602e-436c-89af-f006c04da6f6,monotonic_reads,network_partition,writer-1,write,mr-30d63777-602e-436c-89af-f006c04da6f6,560,,,ONE,cassandra-1,True,False,1.784,2026-09-16T06:23:46.305510+00:00,
30d63777-602e-436c-89af-f006c04da6f6,monotonic_reads,network_partition,writer-1,write,mr-30d63777-602e-436c-89af-f006c04da6f6,561,,,ONE,cassandra-1,True,False,1.712,2026-09-16T06:23:46.330144+00:00,
30d63777-602e-436c-89af-f006c04da6f6,monotonic_reads,network_partition,writer-1,write,mr-30d63777-602e-436c-89af-f006c04da6f6,562,,,ONE,cassandra-1,True,False,3.684,2026-09-16T06:23:46.355758+00:00,
30d63777-602e-436c-89af-f006c04da6f6,monotonic_reads,network_partition,writer-1,write,mr-30d63777-602e-436c-89af-f006c04da6f6,563,,,ONE,cassandra-1,True,False,3.114,2026-09-16T06:23:46.383435+00:00,
30d63777-602e-436c-89af-f006c04da6f6,monotonic_reads,network_partition,writer-1,write,mr-30d63777-602e-436c-89af-f006c04da6f6,564,,,ONE,cassandra-1,True,False,2.64,2026-09-16T06:23:46.407397+00:00,
30d63777-602e-436c-89af-f006c04da6f6,monotonic_reads,network_partition,writer-1,write,mr-30d63777-602e-436c-89af-f006c04da6f6,565,,,ONE,cassandra-1,True,False,3.393,2026-09-16T06:23:46.433731+00:00,
30d63777-602e-436c-89af-f006c04da6f6,monotonic_reads,network_partition,writer-1,write,mr-30d63777-602e-436c-89af-f006c04da6f6,566,,,ONE,cassandra-1,True,False,1.585,2026-09-16T06:23:46.459772+00:00,
30d63777-602e-436c-89af-f006c04da6f6,monotonic_reads,network_partition,writer-1,write,mr-30d63777-602e-436c-89af-f006c04da6f6,567,,,ONE,cassandra-1,True,False,2.92,2026-09-16T06:23:46.486649+00:00,
30d63777-602e-436c-89af-f006c04da6f6,monotonic_reads,network_partition,writer-1,write,mr-30d63777-602e-436c-89af-f006c04da6f6,568,,,ONE,cassandra-1,True,False,3.156,2026-09-16T06:23:46.513826+00:00,
30d63777-602e-436c-89af-f006c04da6f6,monotonic_reads,network_partition,writer-1,write,mr-30d63777-602e-436c-89af-f006c04da6f6,569,,,ONE,cassandra-1,True,False,2.742,2026-09-16T06:23:46.537679+00:00,
30d63777-602e-436c-89af-f006c04da6f6,monotonic_reads,network_partition,writer-1,write,mr-30d63777-602e-436c-89af-f006c04da6f6,570,,,ONE,cassandra-1,True,False,5.237,2026-09-16T06:23:46.565890+00:00,
30d63777-602e-436c-89af-f006c04da6f6,monotonic_reads,network_partition,writer-1,write,mr-30d63777-602e-436c-89af-f006c04da6f6,571,,,ONE,cassandra-1,True,False,4.474,2026-09-16T06:23:46.591965+00:00,
30d63777-602e-436c-89af-f006c04da6f6,monotonic_reads,network_partition,writer-1,write,mr-30d63777-602e-436c-89af-f006c04da6f6,572,,,ONE,cassandra-1,True,False,2.547,2026-09-16T06:23:46.619737+00:00,
30d63777-602e-436c-89af-f006c04da6f6,monotonic_reads,network_partition,writer-1,write,mr-30d63777-602e-436c-89af-f006c04da6f6,573,,,ONE,cassandra-1,True,False,3.834,2026-09-16T06:23:46.644807+00:00,
30d63777-602e-436c-89af-f006c04da6f6,monotonic_reads,network_partition,writer-1,write,mr-30d63777-602e-436c-89af-f006c04da6f6,574,,,ONE,cassandra-1,True,False,3.192,2026-09-16T06:23:46.672615+00:00,
30d63777-602e-436c-89af-f006c04da6f6,monotonic_reads,network_partition,writer-1,write,mr-30d63777-602e-436c-89af-f006c04da6f6,575,,,ONE,cassandra-1,True,False,3.866,2026-09-16T06:23:46.698853+00:00,
30d63777-602e-436c-89af-f006c04da6f6,monotonic_reads,network_partition,writer-1,write,mr-30d63777-602e-436c-89af-f006c04da6f6,576,,,ONE,cassandra-1,True,False,4.036,2026-09-16T06:23:46.726382+00:00,
30d63777-602e-436c-89af-f006c04da6f6,monotonic_reads,network_partition,writer-1,write,mr-30d63777-602e-436c-89af-f006c04da6f6,577,,,ONE,cassandra-1,True,False,4.358,2026-09-16T06:23:46.754335+00:00,
30d63777-602e-436c-89af-f006c04da6f6,monotonic_reads,network_partition,writer-1,write,mr-30d63777-602e-436c-89af-f006c04da6f6,578,,,ONE,cassandra-1,True,False,3.833,2026-09-16T06:23:46.780957+00:00,
30d63777-602e-436c-89af-f006c04da6f6,monotonic_reads,network_partition,writer-1,write,mr-30d63777-602e-436c-89af-f006c04da6f6,579,,,ONE,cassandra-1,True,False,1.814,2026-09-16T06:23:46.806794+00:00,
30d63777-602e-436c-89af-f006c04da6f6,monotonic_reads,network_partition,writer-1,write,mr-30d63777-602e-436c-89af-f006c04da6f6,580,,,ONE,cassandra-1,True,False,3.213,2026-09-16T06:23:46.831811+00:00,
30d63777-602e-436c-89af-f006c04da6f6,monotonic_reads,network_partition,writer-1,write,mr-30d63777-602e-436c-89af-f006c04da6f6,581,,,ONE,cassandra-1,True,False,3.052,2026-09-16T06:23:46.857862+00:00,
30d63777-602e-436c-89af-f006c04da6f6,monotonic_reads,network_partition,writer-1,write,mr-30d63777-602e-436c-89af-f006c04da6f6,582,,,ONE,cassandra-1,True,False,4.201,2026-09-16T06:23:46.884187+00:00,
30d63777-602e-436c-89af-f006c04da6f6,monotonic_reads,network_partition,writer-1,write,mr-30d63777-602e-436c-89af-f006c04da6f6,583,,,ONE,cassandra-1,True,False,3.285,2026-09-16T06:23:46.911767+00:00,
30d63777-602e-436c-89af-f006c04da6f6,monotonic_reads,network_partition,writer-1,write,mr-30d63777-602e-436c-89af-f006c04da6f6,584,,,ONE,cassandra-1,True,False,3.826,2026-09-16T06:23:46.939823+00:00,
30d63777-602e-436c-89af-f006c04da6f6,monotonic_reads,network_partition,writer-1,write,mr-30d63777-602e-436c-89af-f006c04da6f6,585,,,ONE,cassandra-1,True,False,4.013,2026-09-16T06:23:46.966950+00:00,
30d63777-602e-436c-89af-f006c04da6f6,monotonic_reads,network_partition,writer-1,write,mr-30d63777-602e-436c-89af-f006c04da6f6,586,,,ONE,cassandra-1,True,False,3.909,2026-09-16T06:23:46.993765+00:00,
30d63777-602e-436c-89af-f006c04da6f6,monotonic_reads,network_partition,writer-1,write,mr-30d63777-602e-436c-89af-f006c04da6f6,587,,,ONE,cassandra-1,True,False,3.266,2026-09-16T06:23:47.018251+00:00,
30d63777-602e-436c-89af-f006c04da6f6,monotonic_reads,network_partition,writer-1,write,mr-30d63777-602e-436c-89af-f006c04da6f6,588,,,ONE,cassandra-1,True,False,4.281,2026-09-16T06:23:47.042813+00:00,
30d63777-602e-436c-89af-f006c04da6f6,monotonic_reads,network_partition,writer-1,write,mr-30d63777-602e-436c-89af-f006c04da6f6,589,,,ONE,cassandra-1,True,False,4.016,2026-09-16T06:23:47.067744+00:00,
30d63777-602e-436c-89af-f006c04da6f6,monotonic_reads,network_partition,writer-1,write,mr-30d63777-602e-436c-89af-f006c04da6f6,590,,,ONE,cassandra-1,True,False,2.576,2026-09-16T06:23:47.091578+00:00,
30d63777-602e-436c-89af-f006c04da6f6,monotonic_reads,network_partition,writer-1,write,mr-30d63777-602e-436c-89af-f006c04da6f6,591,,,ONE,cassandra-1,True,False,2.022,2026-09-16T06:23:47.115625+00:00,
30d63777-602e-436c-89af-f006c04da6f6,monotonic_reads,network_partition,writer-1,write,mr-30d63777-602e-436c-89af-f006c04da6f6,592,,,ONE,cassandra-1,True,False,4.64,2026-09-16T06:23:47.140708+00:00,
30d63777-602e-436c-89af-f006c04da6f6,monotonic_reads,network_partition,writer-1,write,mr-30d63777-602e-436c-89af-f006c04da6f6,593,,,ONE,cassandra-1,True,False,1.455,2026-09-16T06:23:47.165139+00:00,
30d63777-602e-436c-89af-f006c04da6f6,monotonic_reads,network_partition,writer-1,write,mr-30d63777-602e-436c-89af-f006c04da6f6,594,,,ONE,cassandra-1,True,False,2.052,2026-09-16T06:23:47.188635+00:00,
30d63777-602e-436c-89af-f006c04da6f6,monotonic_reads,network_partition,writer-1,write,mr-30d63777-602e-436c-89af-f006c04da6f6,595,,,ONE,cassandra-1,True,False,2.373,2026-09-16T06:23:47.211395+00:00,
30d63777-602e-436c-89af-f006c04da6f6,monotonic_reads,network_partition,writer-1,write,mr-30d63777-602e-436c-89af-f006c04da6f6,596,,,ONE,cassandra-1,True,False,2.363,2026-09-16T06:23:47.238856+00:00,
30d63777-602e-436c-89af-f006c04da6f6,monotonic_reads,network_partition,writer-1,write,mr-30d63777-602e-436c-89af-f006c04da6f6,597,,,ONE,cassandra-1,True,False,1.177,2026-09-16T06:23:47.265135+00:00,
30d63777-602e-436c-89af-f006c04da6f6,monotonic_reads,network_partition,writer-1,write,mr-30d63777-602e-436c-89af-f006c04da6f6,598,,,ONE,cassandra-1,True,False,1.398,2026-09-16T06:23:47.287563+00:00,
30d63777-602e-436c-89af-f006c04da6f6,monotonic_reads,network_partition,writer-1,write,mr-30d63777-602e-436c-89af-f006c04da6f6,599,,,ONE,cassandra-1,True,False,1.982,2026-09-16T06:23:47.311628+00:00,
30d63777-602e-436c-89af-f006c04da6f6,monotonic_reads,network_partition,writer-1,write,mr-30d63777-602e-436c-89af-f006c04da6f6,600,,,ONE,cassandra-1,True,False,1.224,2026-09-16T06:23:47.337388+00:00,
30d63777-602e-436c-89af-f006c04da6f6,monotonic_reads,network_partition,writer-1,write,mr-30d63777-602e-436c-89af-f006c04da6f6,601,,,ONE,cassandra-1,True,False,1.519,2026-09-16T06:23:47.362481+00:00,
30d63777-602e-436c-89af-f006c04da6f6,monotonic_reads,network_partition,writer-1,write,mr-30d63777-602e-436c-89af-f006c04da6f6,602,,,ONE,cassandra-1,True,False,2.359,2026-09-16T06:23:47.386243+00:00,
30d63777-602e-436c-89af-f006c04da6f6,monotonic_reads,network_partition,writer-1,write,mr-30d63777-602e-436c-89af-f006c04da6f6,603,,,ONE,cassandra-1,True,False,0.983,2026-09-16T06:23:47.408974+00:00,
30d63777-602e-436c-89af-f006c04da6f6,monotonic_reads,network_partition,writer-1,write,mr-30d63777-602e-436c-89af-f006c04da6f6,604,,,ONE,cassandra-1,True,False,1.931,2026-09-16T06:23:47.431632+00:00,
30d63777-602e-436c-89af-f006c04da6f6,monotonic_reads,network_partition,writer-1,write,mr-30d63777-602e-436c-89af-f006c04da6f6,605,,,ONE,cassandra-1,True,False,1.294,2026-09-16T06:23:47.454627+00:00,
30d63777-602e-436c-89af-f006c04da6f6,monotonic_reads,network_partition,writer-1,write,mr-30d63777-602e-436c-89af-f006c04da6f6,606,,,ONE,cassandra-1,True,False,1.416,2026-09-16T06:23:47.481313+00:00,
30d63777-602e-436c-89af-f006c04da6f6,monotonic_reads,network_partition,writer-1,write,mr-30d63777-602e-436c-89af-f006c04da6f6,607,,,ONE,cassandra-1,True,False,2.409,2026-09-16T06:23:47.504567+00:00,
30d63777-602e-436c-89af-f006c04da6f6,monotonic_reads,network_partition,writer-1,write,mr-30d63777-602e-436c-89af-f006c04da6f6,608,,,ONE,cassandra-1,True,False,1.923,2026-09-16T06:23:47.530803+00:00,
30d63777-602e-436c-89af-f006c04da6f6,monotonic_reads,network_partition,writer-1,write,mr-30d63777-602e-436c-89af-f006c04da6f6,609,,,ONE,cassandra-1,True,False,1.703,2026-09-16T06:23:47.556202+00:00,
30d63777-602e-436c-89af-f006c04da6f6,monotonic_reads,network_partition,writer-1,write,mr-30d63777-602e-436c-89af-f006c04da6f6,610,,,ONE,cassandra-1,True,False,1.937,2026-09-16T06:23:47.579691+00:00,
30d63777-602e-436c-89af-f006c04da6f6,monotonic_reads,network_partition,writer-1,write,mr-30d63777-602e-436c-89af-f006c04da6f6,611,,,ONE,cassandra-1,True,False,1.58,2026-09-16T06:23:47.604580+00:00,
30d63777-602e-436c-89af-f006c04da6f6,monotonic_reads,network_partition,writer-1,write,mr-30d63777-602e-436c-89af-f006c04da6f6,612,,,ONE,cassandra-1,True,False,1.883,2026-09-16T06:23:47.628527+00:00,
30d63777-602e-436c-89af-f006c04da6f6,monotonic_reads,network_partition,writer-1,write,mr-30d63777-602e-436c-89af-f006c04da6f6,613,,,ONE,cassandra-1,True,False,2.159,2026-09-16T06:23:47.654796+00:00,
30d63777-602e-436c-89af-f006c04da6f6,monotonic_reads,network_partition,writer-1,write,mr-30d63777-602e-436c-89af-f006c04da6f6,614,,,ONE,cassandra-1,True,False,2.751,2026-09-16T06:23:47.682119+00:00,
30d63777-602e-436c-89af-f006c04da6f6,monotonic_reads,network_partition,writer-1,write,mr-30d63777-602e-436c-89af-f006c04da6f6,615,,,ONE,cassandra-1,True,False,3.127,2026-09-16T06:23:47.708633+00:00,
30d63777-602e-436c-89af-f006c04da6f6,monotonic_reads,network_partition,writer-1,write,mr-30d63777-602e-436c-89af-f006c04da6f6,616,,,ONE,cassandra-1,True,False,3.81,2026-09-16T06:23:47.735788+00:00,
30d63777-602e-436c-89af-f006c04da6f6,monotonic_reads,network_partition,writer-1,write,mr-30d63777-602e-436c-89af-f006c04da6f6,617,,,ONE,cassandra-1,True,False,3.364,2026-09-16T06:23:47.761341+00:00,
30d63777-602e-436c-89af-f006c04da6f6,monotonic_reads,network_partition,writer-1,write,mr-30d63777-602e-436c-89af-f006c04da6f6,618,,,ONE,cassandra-1,True,False,1.544,2026-09-16T06:23:47.787829+00:00,
30d63777-602e-436c-89af-f006c04da6f6,monotonic_reads,network_partition,writer-1,write,mr-30d63777-602e-436c-89af-f006c04da6f6,619,,,ONE,cassandra-1,True,False,3.481,2026-09-16T06:23:47.811444+00:00,
30d63777-602e-436c-89af-f006c04da6f6,monotonic_reads,network_partition,writer-1,write,mr-30d63777-602e-436c-89af-f006c04da6f6,620,,,ONE,cassandra-1,True,False,2.626,2026-09-16T06:23:47.836410+00:00,
30d63777-602e-436c-89af-f006c04da6f6,monotonic_reads,network_partition,writer-1,write,mr-30d63777-602e-436c-89af-f006c04da6f6,621,,,ONE,cassandra-1,True,False,3.835,2026-09-16T06:23:47.863755+00:00,
30d63777-602e-436c-89af-f006c04da6f6,monotonic_reads,network_partition,writer-1,write,mr-30d63777-602e-436c-89af-f006c04da6f6,622,,,ONE,cassandra-1,True,False,4.435,2026-09-16T06:23:47.893181+00:00,
30d63777-602e-436c-89af-f006c04da6f6,monotonic_reads,network_partition,writer-1,write,mr-30d63777-602e-436c-89af-f006c04da6f6,623,,,ONE,cassandra-1,True,False,2.573,2026-09-16T06:23:47.916226+00:00,
30d63777-602e-436c-89af-f006c04da6f6,monotonic_reads,network_partition,writer-1,write,mr-30d63777-602e-436c-89af-f006c04da6f6,624,,,ONE,cassandra-1,True,False,3.286,2026-09-16T06:23:47.943514+00:00,
30d63777-602e-436c-89af-f006c04da6f6,monotonic_reads,network_partition,writer-1,write,mr-30d63777-602e-436c-89af-f006c04da6f6,625,,,ONE,cassandra-1,True,False,2.751,2026-09-16T06:23:47.969479+00:00,
30d63777-602e-436c-89af-f006c04da6f6,monotonic_reads,network_partition,writer-1,write,mr-30d63777-602e-436c-89af-f006c04da6f6,626,,,ONE,cassandra-1,True,False,2.996,2026-09-16T06:23:47.994243+00:00,
30d63777-602e-436c-89af-f006c04da6f6,monotonic_reads,network_partition,writer-1,write,mr-30d63777-602e-436c-89af-f006c04da6f6,627,,,ONE,cassandra-1,True,False,4.487,2026-09-16T06:23:48.022961+00:00,
30d63777-602e-436c-89af-f006c04da6f6,monotonic_reads,network_partition,writer-1,write,mr-30d63777-602e-436c-89af-f006c04da6f6,628,,,ONE,cassandra-1,True,False,3.435,2026-09-16T06:23:48.049771+00:00,
30d63777-602e-436c-89af-f006c04da6f6,monotonic_reads,network_partition,writer-1,write,mr-30d63777-602e-436c-89af-f006c04da6f6,629,,,ONE,cassandra-1,True,False,1.431,2026-09-16T06:23:48.076328+00:00,
30d63777-602e-436c-89af-f006c04da6f6,monotonic_reads,network_partition,writer-1,write,mr-30d63777-602e-436c-89af-f006c04da6f6,630,,,ONE,cassandra-1,True,False,1.611,2026-09-16T06:23:48.103004+00:00,
30d63777-602e-436c-89af-f006c04da6f6,monotonic_reads,network_partition,writer-1,write,mr-30d63777-602e-436c-89af-f006c04da6f6,631,,,ONE,cassandra-1,True,False,1.927,2026-09-16T06:23:48.128669+00:00,
30d63777-602e-436c-89af-f006c04da6f6,monotonic_reads,network_partition,writer-1,write,mr-30d63777-602e-436c-89af-f006c04da6f6,632,,,ONE,cassandra-1,True,False,2.213,2026-09-16T06:23:48.155030+00:00,
30d63777-602e-436c-89af-f006c04da6f6,monotonic_reads,network_partition,writer-1,write,mr-30d63777-602e-436c-89af-f006c04da6f6,633,,,ONE,cassandra-1,True,False,1.565,2026-09-16T06:23:48.178791+00:00,
30d63777-602e-436c-89af-f006c04da6f6,monotonic_reads,network_partition,writer-1,write,mr-30d63777-602e-436c-89af-f006c04da6f6,634,,,ONE,cassandra-1,True,False,3.324,2026-09-16T06:23:48.202290+00:00,
30d63777-602e-436c-89af-f006c04da6f6,monotonic_reads,network_partition,writer-1,write,mr-30d63777-602e-436c-89af-f006c04da6f6,635,,,ONE,cassandra-1,True,False,2.34,2026-09-16T06:23:48.229652+00:00,
30d63777-602e-436c-89af-f006c04da6f6,monotonic_reads,network_partition,writer-1,write,mr-30d63777-602e-436c-89af-f006c04da6f6,636,,,ONE,cassandra-1,True,False,2.93,2026-09-16T06:23:48.256174+00:00,
30d63777-602e-436c-89af-f006c04da6f6,monotonic_reads,network_partition,writer-1,write,mr-30d63777-602e-436c-89af-f006c04da6f6,637,,,ONE,cassandra-1,True,False,2.677,2026-09-16T06:23:48.279412+00:00,
30d63777-602e-436c-89af-f006c04da6f6,monotonic_reads,network_partition,writer-1,write,mr-30d63777-602e-436c-89af-f006c04da6f6,638,,,ONE,cassandra-1,True,False,3.194,2026-09-16T06:23:48.305037+00:00,
30d63777-602e-436c-89af-f006c04da6f6,monotonic_reads,network_partition,writer-1,write,mr-30d63777-602e-436c-89af-f006c04da6f6,639,,,ONE,cassandra-1,True,False,3.436,2026-09-16T06:23:48.329403+00:00,
30d63777-602e-436c-89af-f006c04da6f6,monotonic_reads,network_partition,writer-1,write,mr-30d63777-602e-436c-89af-f006c04da6f6,640,,,ONE,cassandra-1,True,False,2.811,2026-09-16T06:23:48.356158+00:00,
30d63777-602e-436c-89af-f006c04da6f6,monotonic_reads,network_partition,writer-1,write,mr-30d63777-602e-436c-89af-f006c04da6f6,641,,,ONE,cassandra-1,True,False,4.689,2026-09-16T06:23:48.383150+00:00,
30d63777-602e-436c-89af-f006c04da6f6,monotonic_reads,network_partition,writer-1,write,mr-30d63777-602e-436c-89af-f006c04da6f6,642,,,ONE,cassandra-1,True,False,2.891,2026-09-16T06:23:48.410272+00:00,
30d63777-602e-436c-89af-f006c04da6f6,monotonic_reads,network_partition,writer-1,write,mr-30d63777-602e-436c-89af-f006c04da6f6,643,,,ONE,cassandra-1,True,False,5.193,2026-09-16T06:23:48.436477+00:00,
30d63777-602e-436c-89af-f006c04da6f6,monotonic_reads,network_partition,writer-1,write,mr-30d63777-602e-436c-89af-f006c04da6f6,644,,,ONE,cassandra-1,True,False,2.377,2026-09-16T06:23:48.459575+00:00,
30d63777-602e-436c-89af-f006c04da6f6,monotonic_reads,network_partition,writer-1,write,mr-30d63777-602e-436c-89af-f006c04da6f6,645,,,ONE,cassandra-1,True,False,2.429,2026-09-16T06:23:48.486140+00:00,
30d63777-602e-436c-89af-f006c04da6f6,monotonic_reads,network_partition,writer-1,write,mr-30d63777-602e-436c-89af-f006c04da6f6,646,,,ONE,cassandra-1,True,False,3.439,2026-09-16T06:23:48.510414+00:00,
30d63777-602e-436c-89af-f006c04da6f6,monotonic_reads,network_partition,writer-1,write,mr-30d63777-602e-436c-89af-f006c04da6f6,647,,,ONE,cassandra-1,True,False,2.887,2026-09-16T06:23:48.533501+00:00,
30d63777-602e-436c-89af-f006c04da6f6,monotonic_reads,network_partition,writer-1,write,mr-30d63777-602e-436c-89af-f006c04da6f6,648,,,ONE,cassandra-1,True,False,4.016,2026-09-16T06:23:48.558377+00:00,
30d63777-602e-436c-89af-f006c04da6f6,monotonic_reads,network_partition,writer-1,write,mr-30d63777-602e-436c-89af-f006c04da6f6,649,,,ONE,cassandra-1,True,False,3.038,2026-09-16T06:23:48.583291+00:00,
30d63777-602e-436c-89af-f006c04da6f6,monotonic_reads,network_partition,writer-1,write,mr-30d63777-602e-436c-89af-f006c04da6f6,650,,,ONE,cassandra-1,True,False,3.335,2026-09-16T06:23:48.608506+00:00,
30d63777-602e-436c-89af-f006c04da6f6,monotonic_reads,network_partition,writer-1,write,mr-30d63777-602e-436c-89af-f006c04da6f6,651,,,ONE,cassandra-1,True,False,2.986,2026-09-16T06:23:48.636257+00:00,
30d63777-602e-436c-89af-f006c04da6f6,monotonic_reads,network_partition,writer-1,write,mr-30d63777-602e-436c-89af-f006c04da6f6,652,,,ONE,cassandra-1,True,False,3.348,2026-09-16T06:23:48.662332+00:00,
30d63777-602e-436c-89af-f006c04da6f6,monotonic_reads,network_partition,writer-1,write,mr-30d63777-602e-436c-89af-f006c04da6f6,653,,,ONE,cassandra-1,True,False,2.88,2026-09-16T06:23:48.687849+00:00,
30d63777-602e-436c-89af-f006c04da6f6,monotonic_reads,network_partition,writer-1,write,mr-30d63777-602e-436c-89af-f006c04da6f6,654,,,ONE,cassandra-1,True,False,2.658,2026-09-16T06:23:48.712110+00:00,
30d63777-602e-436c-89af-f006c04da6f6,monotonic_reads,network_partition,writer-1,write,mr-30d63777-602e-436c-89af-f006c04da6f6,655,,,ONE,cassandra-1,True,False,2.733,2026-09-16T06:23:48.738879+00:00,
30d63777-602e-436c-89af-f006c04da6f6,monotonic_reads,network_partition,writer-1,write,mr-30d63777-602e-436c-89af-f006c04da6f6,656,,,ONE,cassandra-1,True,False,3.551,2026-09-16T06:23:48.766766+00:00,
30d63777-602e-436c-89af-f006c04da6f6,monotonic_reads,network_partition,writer-1,write,mr-30d63777-602e-436c-89af-f006c04da6f6,657,,,ONE,cassandra-1,True,False,2.503,2026-09-16T06:23:48.792574+00:00,
30d63777-602e-436c-89af-f006c04da6f6,monotonic_reads,network_partition,writer-1,write,mr-30d63777-602e-436c-89af-f006c04da6f6,658,,,ONE,cassandra-1,True,False,2.665,2026-09-16T06:23:48.816387+00:00,
30d63777-602e-436c-89af-f006c04da6f6,monotonic_reads,network_partition,writer-1,write,mr-30d63777-602e-436c-89af-f006c04da6f6,659,,,ONE,cassandra-1,True,False,1.757,2026-09-16T06:23:48.843223+00:00,
30d63777-602e-436c-89af-f006c04da6f6,monotonic_reads,network_partition,writer-1,write,mr-30d63777-602e-436c-89af-f006c04da6f6,660,,,ONE,cassandra-1,True,False,4.405,2026-09-16T06:23:48.872046+00:00,
30d63777-602e-436c-89af-f006c04da6f6,monotonic_reads,network_partition,writer-1,write,mr-30d63777-602e-436c-89af-f006c04da6f6,661,,,ONE,cassandra-1,True,False,4.16,2026-09-16T06:23:48.900239+00:00,
30d63777-602e-436c-89af-f006c04da6f6,monotonic_reads,network_partition,writer-1,write,mr-30d63777-602e-436c-89af-f006c04da6f6,662,,,ONE,cassandra-1,True,False,2.936,2026-09-16T06:23:48.926175+00:00,
30d63777-602e-436c-89af-f006c04da6f6,monotonic_reads,network_partition,writer-1,write,mr-30d63777-602e-436c-89af-f006c04da6f6,663,,,ONE,cassandra-1,True,False,2.537,2026-09-16T06:23:48.953505+00:00,
30d63777-602e-436c-89af-f006c04da6f6,monotonic_reads,network_partition,writer-1,write,mr-30d63777-602e-436c-89af-f006c04da6f6,664,,,ONE,cassandra-1,True,False,2.005,2026-09-16T06:23:48.976964+00:00,
30d63777-602e-436c-89af-f006c04da6f6,monotonic_reads,network_partition,writer-1,write,mr-30d63777-602e-436c-89af-f006c04da6f6,665,,,ONE,cassandra-1,True,False,2.917,2026-09-16T06:23:49.002896+00:00,
30d63777-602e-436c-89af-f006c04da6f6,monotonic_reads,network_partition,writer-1,write,mr-30d63777-602e-436c-89af-f006c04da6f6,666,,,ONE,cassandra-1,True,False,3.793,2026-09-16T06:23:49.027461+00:00,
30d63777-602e-436c-89af-f006c04da6f6,monotonic_reads,network_partition,writer-1,write,mr-30d63777-602e-436c-89af-f006c04da6f6,667,,,ONE,cassandra-1,True,False,3.79,2026-09-16T06:23:49.051783+00:00,
30d63777-602e-436c-89af-f006c04da6f6,monotonic_reads,network_partition,writer-1,write,mr-30d63777-602e-436c-89af-f006c04da6f6,668,,,ONE,cassandra-1,True,False,2.854,2026-09-16T06:23:49.079936+00:00,
30d63777-602e-436c-89af-f006c04da6f6,monotonic_reads,network_partition,writer-1,write,mr-30d63777-602e-436c-89af-f006c04da6f6,669,,,ONE,cassandra-1,True,False,3.192,2026-09-16T06:23:49.105739+00:00,
30d63777-602e-436c-89af-f006c04da6f6,monotonic_reads,network_partition,writer-1,write,mr-30d63777-602e-436c-89af-f006c04da6f6,670,,,ONE,cassandra-1,True,False,2.58,2026-09-16T06:23:49.130547+00:00,
30d63777-602e-436c-89af-f006c04da6f6,monotonic_reads,network_partition,writer-1,write,mr-30d63777-602e-436c-89af-f006c04da6f6,671,,,ONE,cassandra-1,True,False,3.117,2026-09-16T06:23:49.154089+00:00,
30d63777-602e-436c-89af-f006c04da6f6,monotonic_reads,network_partition,writer-1,write,mr-30d63777-602e-436c-89af-f006c04da6f6,672,,,ONE,cassandra-1,True,False,3.076,2026-09-16T06:23:49.180700+00:00,
30d63777-602e-436c-89af-f006c04da6f6,monotonic_reads,network_partition,writer-1,write,mr-30d63777-602e-436c-89af-f006c04da6f6,673,,,ONE,cassandra-1,True,False,2.565,2026-09-16T06:23:49.208394+00:00,
30d63777-602e-436c-89af-f006c04da6f6,monotonic_reads,network_partition,writer-1,write,mr-30d63777-602e-436c-89af-f006c04da6f6,674,,,ONE,cassandra-1,True,False,3.223,2026-09-16T06:23:49.236517+00:00,
30d63777-602e-436c-89af-f006c04da6f6,monotonic_reads,network_partition,writer-1,write,mr-30d63777-602e-436c-89af-f006c04da6f6,675,,,ONE,cassandra-1,True,False,7.671,2026-09-16T06:23:49.265525+00:00,
30d63777-602e-436c-89af-f006c04da6f6,monotonic_reads,network_partition,writer-1,write,mr-30d63777-602e-436c-89af-f006c04da6f6,676,,,ONE,cassandra-1,True,False,2.351,2026-09-16T06:23:49.289517+00:00,
30d63777-602e-436c-89af-f006c04da6f6,monotonic_reads,network_partition,writer-1,write,mr-30d63777-602e-436c-89af-f006c04da6f6,677,,,ONE,cassandra-1,True,False,1.631,2026-09-16T06:23:49.315250+00:00,
30d63777-602e-436c-89af-f006c04da6f6,monotonic_reads,network_partition,writer-1,write,mr-30d63777-602e-436c-89af-f006c04da6f6,678,,,ONE,cassandra-1,True,False,2.272,2026-09-16T06:23:49.339599+00:00,
30d63777-602e-436c-89af-f006c04da6f6,monotonic_reads,network_partition,writer-1,write,mr-30d63777-602e-436c-89af-f006c04da6f6,679,,,ONE,cassandra-1,True,False,1.332,2026-09-16T06:23:49.365041+00:00,
30d63777-602e-436c-89af-f006c04da6f6,monotonic_reads,network_partition,writer-1,write,mr-30d63777-602e-436c-89af-f006c04da6f6,680,,,ONE,cassandra-1,True,False,1.548,2026-09-16T06:23:49.391776+00:00,
30d63777-602e-436c-89af-f006c04da6f6,monotonic_reads,network_partition,writer-1,write,mr-30d63777-602e-436c-89af-f006c04da6f6,681,,,ONE,cassandra-1,True,False,1.661,2026-09-16T06:23:49.418596+00:00,
30d63777-602e-436c-89af-f006c04da6f6,monotonic_reads,network_partition,writer-1,write,mr-30d63777-602e-436c-89af-f006c04da6f6,682,,,ONE,cassandra-1,True,False,1.943,2026-09-16T06:23:49.445670+00:00,
30d63777-602e-436c-89af-f006c04da6f6,monotonic_reads,network_partition,writer-1,write,mr-30d63777-602e-436c-89af-f006c04da6f6,683,,,ONE,cassandra-1,True,False,2.041,2026-09-16T06:23:49.472936+00:00,
30d63777-602e-436c-89af-f006c04da6f6,monotonic_reads,network_partition,writer-1,write,mr-30d63777-602e-436c-89af-f006c04da6f6,684,,,ONE,cassandra-1,True,False,3.116,2026-09-16T06:23:49.500815+00:00,
30d63777-602e-436c-89af-f006c04da6f6,monotonic_reads,network_partition,writer-1,write,mr-30d63777-602e-436c-89af-f006c04da6f6,685,,,ONE,cassandra-1,True,False,3.368,2026-09-16T06:23:49.527735+00:00,
30d63777-602e-436c-89af-f006c04da6f6,monotonic_reads,network_partition,writer-1,write,mr-30d63777-602e-436c-89af-f006c04da6f6,686,,,ONE,cassandra-1,True,False,3.684,2026-09-16T06:23:49.551667+00:00,
30d63777-602e-436c-89af-f006c04da6f6,monotonic_reads,network_partition,writer-1,write,mr-30d63777-602e-436c-89af-f006c04da6f6,687,,,ONE,cassandra-1,True,False,3.383,2026-09-16T06:23:49.577754+00:00,
30d63777-602e-436c-89af-f006c04da6f6,monotonic_reads,network_partition,writer-1,write,mr-30d63777-602e-436c-89af-f006c04da6f6,688,,,ONE,cassandra-1,True,False,3.885,2026-09-16T06:23:49.602876+00:00,
30d63777-602e-436c-89af-f006c04da6f6,monotonic_reads,network_partition,writer-1,write,mr-30d63777-602e-436c-89af-f006c04da6f6,689,,,ONE,cassandra-1,True,False,3.988,2026-09-16T06:23:49.628969+00:00,
30d63777-602e-436c-89af-f006c04da6f6,monotonic_reads,network_partition,writer-1,write,mr-30d63777-602e-436c-89af-f006c04da6f6,690,,,ONE,cassandra-1,True,False,3.036,2026-09-16T06:23:49.656855+00:00,
30d63777-602e-436c-89af-f006c04da6f6,monotonic_reads,network_partition,writer-1,write,mr-30d63777-602e-436c-89af-f006c04da6f6,691,,,ONE,cassandra-1,True,False,3.874,2026-09-16T06:23:49.683828+00:00,
30d63777-602e-436c-89af-f006c04da6f6,monotonic_reads,network_partition,writer-1,write,mr-30d63777-602e-436c-89af-f006c04da6f6,692,,,ONE,cassandra-1,True,False,3.293,2026-09-16T06:23:49.712282+00:00,
30d63777-602e-436c-89af-f006c04da6f6,monotonic_reads,network_partition,writer-1,write,mr-30d63777-602e-436c-89af-f006c04da6f6,693,,,ONE,cassandra-1,True,False,3.504,2026-09-16T06:23:49.738736+00:00,
30d63777-602e-436c-89af-f006c04da6f6,monotonic_reads,network_partition,writer-1,write,mr-30d63777-602e-436c-89af-f006c04da6f6,694,,,ONE,cassandra-1,True,False,2.6,2026-09-16T06:23:49.763608+00:00,
30d63777-602e-436c-89af-f006c04da6f6,monotonic_reads,network_partition,writer-1,write,mr-30d63777-602e-436c-89af-f006c04da6f6,695,,,ONE,cassandra-1,True,False,1.437,2026-09-16T06:23:49.789097+00:00,
30d63777-602e-436c-89af-f006c04da6f6,monotonic_reads,network_partition,writer-1,write,mr-30d63777-602e-436c-89af-f006c04da6f6,696,,,ONE,cassandra-1,True,False,3.668,2026-09-16T06:23:49.816635+00:00,
30d63777-602e-436c-89af-f006c04da6f6,monotonic_reads,network_partition,writer-1,write,mr-30d63777-602e-436c-89af-f006c04da6f6,697,,,ONE,cassandra-1,True,False,3.443,2026-09-16T06:23:49.843760+00:00,
30d63777-602e-436c-89af-f006c04da6f6,monotonic_reads,network_partition,writer-1,write,mr-30d63777-602e-436c-89af-f006c04da6f6,698,,,ONE,cassandra-1,True,False,3.921,2026-09-16T06:23:49.871870+00:00,
30d63777-602e-436c-89af-f006c04da6f6,monotonic_reads,network_partition,writer-1,write,mr-30d63777-602e-436c-89af-f006c04da6f6,699,,,ONE,cassandra-1,True,False,4.272,2026-09-16T06:23:49.897254+00:00,
30d63777-602e-436c-89af-f006c04da6f6,monotonic_reads,network_partition,writer-1,write,mr-30d63777-602e-436c-89af-f006c04da6f6,700,,,ONE,cassandra-1,True,False,3.071,2026-09-16T06:23:49.922324+00:00,
30d63777-602e-436c-89af-f006c04da6f6,monotonic_reads,network_partition,writer-1,write,mr-30d63777-602e-436c-89af-f006c04da6f6,701,,,ONE,cassandra-1,True,False,3.314,2026-09-16T06:23:49.948689+00:00,
30d63777-602e-436c-89af-f006c04da6f6,monotonic_reads,network_partition,writer-1,write,mr-30d63777-602e-436c-89af-f006c04da6f6,702,,,ONE,cassandra-1,True,False,3.236,2026-09-16T06:23:49.975607+00:00,
30d63777-602e-436c-89af-f006c04da6f6,monotonic_reads,network_partition,writer-1,write,mr-30d63777-602e-436c-89af-f006c04da6f6,703,,,ONE,cassandra-1,True,False,3.365,2026-09-16T06:23:49.999735+00:00,
30d63777-602e-436c-89af-f006c04da6f6,monotonic_reads,network_partition,writer-1,write,mr-30d63777-602e-436c-89af-f006c04da6f6,704,,,ONE,cassandra-1,True,False,2.788,2026-09-16T06:23:50.024680+00:00,
30d63777-602e-436c-89af-f006c04da6f6,monotonic_reads,network_partition,writer-1,write,mr-30d63777-602e-436c-89af-f006c04da6f6,705,,,ONE,cassandra-1,True,False,4.07,2026-09-16T06:23:50.049057+00:00,
30d63777-602e-436c-89af-f006c04da6f6,monotonic_reads,network_partition,writer-1,write,mr-30d63777-602e-436c-89af-f006c04da6f6,706,,,ONE,cassandra-1,True,False,3.531,2026-09-16T06:23:50.075457+00:00,
30d63777-602e-436c-89af-f006c04da6f6,monotonic_reads,network_partition,writer-1,write,mr-30d63777-602e-436c-89af-f006c04da6f6,707,,,ONE,cassandra-1,True,False,3.507,2026-09-16T06:23:50.103410+00:00,
30d63777-602e-436c-89af-f006c04da6f6,monotonic_reads,network_partition,writer-1,write,mr-30d63777-602e-436c-89af-f006c04da6f6,708,,,ONE,cassandra-1,True,False,3.073,2026-09-16T06:23:50.131015+00:00,
30d63777-602e-436c-89af-f006c04da6f6,monotonic_reads,network_partition,writer-1,write,mr-30d63777-602e-436c-89af-f006c04da6f6,709,,,ONE,cassandra-1,True,False,4.214,2026-09-16T06:23:50.157914+00:00,
30d63777-602e-436c-89af-f006c04da6f6,monotonic_reads,network_partition,writer-1,write,mr-30d63777-602e-436c-89af-f006c04da6f6,710,,,ONE,cassandra-1,True,False,3.301,2026-09-16T06:23:50.182680+00:00,
30d63777-602e-436c-89af-f006c04da6f6,monotonic_reads,network_partition,writer-1,write,mr-30d63777-602e-436c-89af-f006c04da6f6,711,,,ONE,cassandra-1,True,False,3.637,2026-09-16T06:23:50.209368+00:00,
30d63777-602e-436c-89af-f006c04da6f6,monotonic_reads,network_partition,writer-1,write,mr-30d63777-602e-436c-89af-f006c04da6f6,712,,,ONE,cassandra-1,True,False,3.728,2026-09-16T06:23:50.234908+00:00,
30d63777-602e-436c-89af-f006c04da6f6,monotonic_reads,network_partition,writer-1,write,mr-30d63777-602e-436c-89af-f006c04da6f6,713,,,ONE,cassandra-1,True,False,3.352,2026-09-16T06:23:50.259885+00:00,
30d63777-602e-436c-89af-f006c04da6f6,monotonic_reads,network_partition,writer-1,write,mr-30d63777-602e-436c-89af-f006c04da6f6,714,,,ONE,cassandra-1,True,False,2.8,2026-09-16T06:23:50.286646+00:00,
30d63777-602e-436c-89af-f006c04da6f6,monotonic_reads,network_partition,writer-1,write,mr-30d63777-602e-436c-89af-f006c04da6f6,715,,,ONE,cassandra-1,True,False,4.144,2026-09-16T06:23:50.312904+00:00,
30d63777-602e-436c-89af-f006c04da6f6,monotonic_reads,network_partition,writer-1,write,mr-30d63777-602e-436c-89af-f006c04da6f6,716,,,ONE,cassandra-1,True,False,3.08,2026-09-16T06:23:50.337803+00:00,
30d63777-602e-436c-89af-f006c04da6f6,monotonic_reads,network_partition,writer-1,write,mr-30d63777-602e-436c-89af-f006c04da6f6,717,,,ONE,cassandra-1,True,False,3.318,2026-09-16T06:23:50.364698+00:00,
30d63777-602e-436c-89af-f006c04da6f6,monotonic_reads,network_partition,writer-1,write,mr-30d63777-602e-436c-89af-f006c04da6f6,718,,,ONE,cassandra-1,True,False,3.782,2026-09-16T06:23:50.388750+00:00,
30d63777-602e-436c-89af-f006c04da6f6,monotonic_reads,network_partition,writer-1,write,mr-30d63777-602e-436c-89af-f006c04da6f6,719,,,ONE,cassandra-1,True,False,3.67,2026-09-16T06:23:50.412635+00:00,
30d63777-602e-436c-89af-f006c04da6f6,monotonic_reads,network_partition,writer-1,write,mr-30d63777-602e-436c-89af-f006c04da6f6,720,,,ONE,cassandra-1,True,False,3.584,2026-09-16T06:23:50.439759+00:00,
30d63777-602e-436c-89af-f006c04da6f6,monotonic_reads,network_partition,writer-1,write,mr-30d63777-602e-436c-89af-f006c04da6f6,721,,,ONE,cassandra-1,True,False,3.2,2026-09-16T06:23:50.468288+00:00,
30d63777-602e-436c-89af-f006c04da6f6,monotonic_reads,network_partition,writer-1,write,mr-30d63777-602e-436c-89af-f006c04da6f6,722,,,ONE,cassandra-1,True,False,3.223,2026-09-16T06:23:50.496438+00:00,
30d63777-602e-436c-89af-f006c04da6f6,monotonic_reads,network_partition,writer-1,write,mr-30d63777-602e-436c-89af-f006c04da6f6,723,,,ONE,cassandra-1,True,False,2.966,2026-09-16T06:23:50.523459+00:00,
30d63777-602e-436c-89af-f006c04da6f6,monotonic_reads,network_partition,writer-1,write,mr-30d63777-602e-436c-89af-f006c04da6f6,724,,,ONE,cassandra-1,True,False,3.103,2026-09-16T06:23:50.551649+00:00,
30d63777-602e-436c-89af-f006c04da6f6,monotonic_reads,network_partition,writer-1,write,mr-30d63777-602e-436c-89af-f006c04da6f6,725,,,ONE,cassandra-1,True,False,2.964,2026-09-16T06:23:50.579855+00:00,
30d63777-602e-436c-89af-f006c04da6f6,monotonic_reads,network_partition,writer-1,write,mr-30d63777-602e-436c-89af-f006c04da6f6,726,,,ONE,cassandra-1,True,False,4.856,2026-09-16T06:23:50.606954+00:00,
30d63777-602e-436c-89af-f006c04da6f6,monotonic_reads,network_partition,writer-1,write,mr-30d63777-602e-436c-89af-f006c04da6f6,727,,,ONE,cassandra-1,True,False,4.535,2026-09-16T06:23:50.633008+00:00,
30d63777-602e-436c-89af-f006c04da6f6,monotonic_reads,network_partition,writer-1,write,mr-30d63777-602e-436c-89af-f006c04da6f6,728,,,ONE,cassandra-1,True,False,3.422,2026-09-16T06:23:50.658097+00:00,
30d63777-602e-436c-89af-f006c04da6f6,monotonic_reads,network_partition,writer-1,write,mr-30d63777-602e-436c-89af-f006c04da6f6,729,,,ONE,cassandra-1,True,False,3.95,2026-09-16T06:23:50.682820+00:00,
30d63777-602e-436c-89af-f006c04da6f6,monotonic_reads,network_partition,writer-1,write,mr-30d63777-602e-436c-89af-f006c04da6f6,730,,,ONE,cassandra-1,True,False,3.224,2026-09-16T06:23:50.708728+00:00,
30d63777-602e-436c-89af-f006c04da6f6,monotonic_reads,network_partition,writer-1,write,mr-30d63777-602e-436c-89af-f006c04da6f6,731,,,ONE,cassandra-1,True,False,3.211,2026-09-16T06:23:50.736875+00:00,
30d63777-602e-436c-89af-f006c04da6f6,monotonic_reads,network_partition,writer-1,write,mr-30d63777-602e-436c-89af-f006c04da6f6,732,,,ONE,cassandra-1,True,False,3.387,2026-09-16T06:23:50.764896+00:00,
30d63777-602e-436c-89af-f006c04da6f6,monotonic_reads,network_partition,writer-1,write,mr-30d63777-602e-436c-89af-f006c04da6f6,733,,,ONE,cassandra-1,True,False,2.362,2026-09-16T06:23:50.791785+00:00,
30d63777-602e-436c-89af-f006c04da6f6,monotonic_reads,network_partition,writer-1,write,mr-30d63777-602e-436c-89af-f006c04da6f6,734,,,ONE,cassandra-1,True,False,2.105,2026-09-16T06:23:50.817901+00:00,
30d63777-602e-436c-89af-f006c04da6f6,monotonic_reads,network_partition,writer-1,write,mr-30d63777-602e-436c-89af-f006c04da6f6,735,,,ONE,cassandra-1,True,False,2.897,2026-09-16T06:23:50.845250+00:00,
30d63777-602e-436c-89af-f006c04da6f6,monotonic_reads,network_partition,writer-1,write,mr-30d63777-602e-436c-89af-f006c04da6f6,736,,,ONE,cassandra-1,True,False,2.828,2026-09-16T06:23:50.871785+00:00,
30d63777-602e-436c-89af-f006c04da6f6,monotonic_reads,network_partition,writer-1,write,mr-30d63777-602e-436c-89af-f006c04da6f6,737,,,ONE,cassandra-1,True,False,4.122,2026-09-16T06:23:50.898084+00:00,
30d63777-602e-436c-89af-f006c04da6f6,monotonic_reads,network_partition,writer-1,write,mr-30d63777-602e-436c-89af-f006c04da6f6,738,,,ONE,cassandra-1,True,False,2.804,2026-09-16T06:23:50.921267+00:00,
30d63777-602e-436c-89af-f006c04da6f6,monotonic_reads,network_partition,writer-1,write,mr-30d63777-602e-436c-89af-f006c04da6f6,739,,,ONE,cassandra-1,True,False,3.678,2026-09-16T06:23:50.947672+00:00,
30d63777-602e-436c-89af-f006c04da6f6,monotonic_reads,network_partition,writer-1,write,mr-30d63777-602e-436c-89af-f006c04da6f6,740,,,ONE,cassandra-1,True,False,3.126,2026-09-16T06:23:50.975517+00:00,
30d63777-602e-436c-89af-f006c04da6f6,monotonic_reads,network_partition,writer-1,write,mr-30d63777-602e-436c-89af-f006c04da6f6,741,,,ONE,cassandra-1,True,False,3.046,2026-09-16T06:23:51.003009+00:00,
30d63777-602e-436c-89af-f006c04da6f6,monotonic_reads,network_partition,writer-1,write,mr-30d63777-602e-436c-89af-f006c04da6f6,742,,,ONE,cassandra-1,True,False,2.828,2026-09-16T06:23:51.030206+00:00,
30d63777-602e-436c-89af-f006c04da6f6,monotonic_reads,network_partition,writer-1,write,mr-30d63777-602e-436c-89af-f006c04da6f6,743,,,ONE,cassandra-1,True,False,4.144,2026-09-16T06:23:51.056967+00:00,
30d63777-602e-436c-89af-f006c04da6f6,monotonic_reads,network_partition,writer-1,write,mr-30d63777-602e-436c-89af-f006c04da6f6,744,,,ONE,cassandra-1,True,False,3.987,2026-09-16T06:23:51.081966+00:00,
30d63777-602e-436c-89af-f006c04da6f6,monotonic_reads,network_partition,writer-1,write,mr-30d63777-602e-436c-89af-f006c04da6f6,745,,,ONE,cassandra-1,True,False,3.676,2026-09-16T06:23:51.110139+00:00,
30d63777-602e-436c-89af-f006c04da6f6,monotonic_reads,network_partition,writer-1,write,mr-30d63777-602e-436c-89af-f006c04da6f6,746,,,ONE,cassandra-1,True,False,2.847,2026-09-16T06:23:51.137093+00:00,
30d63777-602e-436c-89af-f006c04da6f6,monotonic_reads,network_partition,writer-1,write,mr-30d63777-602e-436c-89af-f006c04da6f6,747,,,ONE,cassandra-1,True,False,2.873,2026-09-16T06:23:51.163517+00:00,
30d63777-602e-436c-89af-f006c04da6f6,monotonic_reads,network_partition,writer-1,write,mr-30d63777-602e-436c-89af-f006c04da6f6,748,,,ONE,cassandra-1,True,False,3.077,2026-09-16T06:23:51.188399+00:00,
30d63777-602e-436c-89af-f006c04da6f6,monotonic_reads,network_partition,writer-1,write,mr-30d63777-602e-436c-89af-f006c04da6f6,749,,,ONE,cassandra-1,True,False,2.36,2026-09-16T06:23:51.212526+00:00,
30d63777-602e-436c-89af-f006c04da6f6,monotonic_reads,network_partition,writer-1,write,mr-30d63777-602e-436c-89af-f006c04da6f6,750,,,ONE,cassandra-1,True,False,2.647,2026-09-16T06:23:51.237618+00:00,
30d63777-602e-436c-89af-f006c04da6f6,monotonic_reads,network_partition,writer-1,write,mr-30d63777-602e-436c-89af-f006c04da6f6,751,,,ONE,cassandra-1,True,False,2.928,2026-09-16T06:23:51.262648+00:00,
30d63777-602e-436c-89af-f006c04da6f6,monotonic_reads,network_partition,writer-1,write,mr-30d63777-602e-436c-89af-f006c04da6f6,752,,,ONE,cassandra-1,True,False,2.648,2026-09-16T06:23:51.287999+00:00,
30d63777-602e-436c-89af-f006c04da6f6,monotonic_reads,network_partition,writer-1,write,mr-30d63777-602e-436c-89af-f006c04da6f6,753,,,ONE,cassandra-1,True,False,3.335,2026-09-16T06:23:51.316043+00:00,
30d63777-602e-436c-89af-f006c04da6f6,monotonic_reads,network_partition,writer-1,write,mr-30d63777-602e-436c-89af-f006c04da6f6,754,,,ONE,cassandra-1,True,False,3.854,2026-09-16T06:23:51.340823+00:00,
30d63777-602e-436c-89af-f006c04da6f6,monotonic_reads,network_partition,writer-1,write,mr-30d63777-602e-436c-89af-f006c04da6f6,755,,,ONE,cassandra-1,True,False,3.181,2026-09-16T06:23:51.367653+00:00,
30d63777-602e-436c-89af-f006c04da6f6,monotonic_reads,network_partition,writer-1,write,mr-30d63777-602e-436c-89af-f006c04da6f6,756,,,ONE,cassandra-1,True,False,3.741,2026-09-16T06:23:51.392715+00:00,
30d63777-602e-436c-89af-f006c04da6f6,monotonic_reads,network_partition,writer-1,write,mr-30d63777-602e-436c-89af-f006c04da6f6,757,,,ONE,cassandra-1,True,False,3.01,2026-09-16T06:23:51.417542+00:00,
30d63777-602e-436c-89af-f006c04da6f6,monotonic_reads,network_partition,writer-1,write,mr-30d63777-602e-436c-89af-f006c04da6f6,758,,,ONE,cassandra-1,True,False,3.361,2026-09-16T06:23:51.443754+00:00,
30d63777-602e-436c-89af-f006c04da6f6,monotonic_reads,network_partition,writer-1,write,mr-30d63777-602e-436c-89af-f006c04da6f6,759,,,ONE,cassandra-1,True,False,2.969,2026-09-16T06:23:51.467852+00:00,
30d63777-602e-436c-89af-f006c04da6f6,monotonic_reads,network_partition,writer-1,write,mr-30d63777-602e-436c-89af-f006c04da6f6,760,,,ONE,cassandra-1,True,False,3.431,2026-09-16T06:23:51.493413+00:00,
30d63777-602e-436c-89af-f006c04da6f6,monotonic_reads,network_partition,writer-1,write,mr-30d63777-602e-436c-89af-f006c04da6f6,761,,,ONE,cassandra-1,True,False,3.978,2026-09-16T06:23:51.517981+00:00,
30d63777-602e-436c-89af-f006c04da6f6,monotonic_reads,network_partition,writer-1,write,mr-30d63777-602e-436c-89af-f006c04da6f6,762,,,ONE,cassandra-1,True,False,3.157,2026-09-16T06:23:51.545995+00:00,
30d63777-602e-436c-89af-f006c04da6f6,monotonic_reads,network_partition,writer-1,write,mr-30d63777-602e-436c-89af-f006c04da6f6,763,,,ONE,cassandra-1,True,False,3.879,2026-09-16T06:23:51.572853+00:00,
30d63777-602e-436c-89af-f006c04da6f6,monotonic_reads,network_partition,writer-1,write,mr-30d63777-602e-436c-89af-f006c04da6f6,764,,,ONE,cassandra-1,True,False,3.136,2026-09-16T06:23:51.599070+00:00,
30d63777-602e-436c-89af-f006c04da6f6,monotonic_reads,network_partition,writer-1,write,mr-30d63777-602e-436c-89af-f006c04da6f6,765,,,ONE,cassandra-1,True,False,2.763,2026-09-16T06:23:51.626123+00:00,
30d63777-602e-436c-89af-f006c04da6f6,monotonic_reads,network_partition,writer-1,write,mr-30d63777-602e-436c-89af-f006c04da6f6,766,,,ONE,cassandra-1,True,False,3.174,2026-09-16T06:23:51.653051+00:00,
30d63777-602e-436c-89af-f006c04da6f6,monotonic_reads,network_partition,writer-1,write,mr-30d63777-602e-436c-89af-f006c04da6f6,767,,,ONE,cassandra-1,True,False,3.084,2026-09-16T06:23:51.676443+00:00,
30d63777-602e-436c-89af-f006c04da6f6,monotonic_reads,network_partition,writer-1,write,mr-30d63777-602e-436c-89af-f006c04da6f6,768,,,ONE,cassandra-1,True,False,3.166,2026-09-16T06:23:51.700506+00:00,
30d63777-602e-436c-89af-f006c04da6f6,monotonic_reads,network_partition,writer-1,write,mr-30d63777-602e-436c-89af-f006c04da6f6,769,,,ONE,cassandra-1,True,False,3.789,2026-09-16T06:23:51.727518+00:00,
30d63777-602e-436c-89af-f006c04da6f6,monotonic_reads,network_partition,writer-1,write,mr-30d63777-602e-436c-89af-f006c04da6f6,770,,,ONE,cassandra-1,True,False,3.924,2026-09-16T06:23:51.752850+00:00,
30d63777-602e-436c-89af-f006c04da6f6,monotonic_reads,network_partition,writer-1,write,mr-30d63777-602e-436c-89af-f006c04da6f6,771,,,ONE,cassandra-1,True,False,3.302,2026-09-16T06:23:51.778778+00:00,
30d63777-602e-436c-89af-f006c04da6f6,monotonic_reads,network_partition,writer-1,write,mr-30d63777-602e-436c-89af-f006c04da6f6,772,,,ONE,cassandra-1,True,False,1.937,2026-09-16T06:23:51.803902+00:00,
30d63777-602e-436c-89af-f006c04da6f6,monotonic_reads,network_partition,writer-1,write,mr-30d63777-602e-436c-89af-f006c04da6f6,773,,,ONE,cassandra-1,True,False,4.196,2026-09-16T06:23:51.833037+00:00,
30d63777-602e-436c-89af-f006c04da6f6,monotonic_reads,network_partition,writer-1,write,mr-30d63777-602e-436c-89af-f006c04da6f6,774,,,ONE,cassandra-1,True,False,3.504,2026-09-16T06:23:51.861490+00:00,
30d63777-602e-436c-89af-f006c04da6f6,monotonic_reads,network_partition,writer-1,write,mr-30d63777-602e-436c-89af-f006c04da6f6,775,,,ONE,cassandra-1,True,False,3.767,2026-09-16T06:23:51.887766+00:00,
30d63777-602e-436c-89af-f006c04da6f6,monotonic_reads,network_partition,writer-1,write,mr-30d63777-602e-436c-89af-f006c04da6f6,776,,,ONE,cassandra-1,True,False,3.711,2026-09-16T06:23:51.914074+00:00,
30d63777-602e-436c-89af-f006c04da6f6,monotonic_reads,network_partition,writer-1,write,mr-30d63777-602e-436c-89af-f006c04da6f6,777,,,ONE,cassandra-1,True,False,2.339,2026-09-16T06:23:51.941620+00:00,
30d63777-602e-436c-89af-f006c04da6f6,monotonic_reads,network_partition,writer-1,write,mr-30d63777-602e-436c-89af-f006c04da6f6,778,,,ONE,cassandra-1,True,False,3.179,2026-09-16T06:23:51.968712+00:00,
30d63777-602e-436c-89af-f006c04da6f6,monotonic_reads,network_partition,writer-1,write,mr-30d63777-602e-436c-89af-f006c04da6f6,779,,,ONE,cassandra-1,True,False,3.922,2026-09-16T06:23:51.997296+00:00,
30d63777-602e-436c-89af-f006c04da6f6,monotonic_reads,network_partition,writer-1,write,mr-30d63777-602e-436c-89af-f006c04da6f6,780,,,ONE,cassandra-1,True,False,4.859,2026-09-16T06:23:52.026928+00:00,
30d63777-602e-436c-89af-f006c04da6f6,monotonic_reads,network_partition,writer-1,write,mr-30d63777-602e-436c-89af-f006c04da6f6,781,,,ONE,cassandra-1,True,False,2.493,2026-09-16T06:23:52.053701+00:00,
30d63777-602e-436c-89af-f006c04da6f6,monotonic_reads,network_partition,writer-1,write,mr-30d63777-602e-436c-89af-f006c04da6f6,782,,,ONE,cassandra-1,True,False,3.078,2026-09-16T06:23:52.079101+00:00,
30d63777-602e-436c-89af-f006c04da6f6,monotonic_reads,network_partition,writer-1,write,mr-30d63777-602e-436c-89af-f006c04da6f6,783,,,ONE,cassandra-1,True,False,3.316,2026-09-16T06:23:52.104253+00:00,
30d63777-602e-436c-89af-f006c04da6f6,monotonic_reads,network_partition,writer-1,write,mr-30d63777-602e-436c-89af-f006c04da6f6,784,,,ONE,cassandra-1,True,False,1.604,2026-09-16T06:23:52.126865+00:00,
30d63777-602e-436c-89af-f006c04da6f6,monotonic_reads,network_partition,writer-1,write,mr-30d63777-602e-436c-89af-f006c04da6f6,785,,,ONE,cassandra-1,True,False,3.028,2026-09-16T06:23:52.153461+00:00,
30d63777-602e-436c-89af-f006c04da6f6,monotonic_reads,network_partition,writer-1,write,mr-30d63777-602e-436c-89af-f006c04da6f6,786,,,ONE,cassandra-1,True,False,3.468,2026-09-16T06:23:52.181954+00:00,
30d63777-602e-436c-89af-f006c04da6f6,monotonic_reads,network_partition,writer-1,write,mr-30d63777-602e-436c-89af-f006c04da6f6,787,,,ONE,cassandra-1,True,False,2.277,2026-09-16T06:23:52.205182+00:00,
30d63777-602e-436c-89af-f006c04da6f6,monotonic_reads,network_partition,writer-1,write,mr-30d63777-602e-436c-89af-f006c04da6f6,788,,,ONE,cassandra-1,True,False,1.759,2026-09-16T06:23:52.228952+00:00,
30d63777-602e-436c-89af-f006c04da6f6,monotonic_reads,network_partition,writer-1,write,mr-30d63777-602e-436c-89af-f006c04da6f6,789,,,ONE,cassandra-1,True,False,2.063,2026-09-16T06:23:52.253999+00:00,
30d63777-602e-436c-89af-f006c04da6f6,monotonic_reads,network_partition,writer-1,write,mr-30d63777-602e-436c-89af-f006c04da6f6,790,,,ONE,cassandra-1,True,False,2.334,2026-09-16T06:23:52.280931+00:00,
30d63777-602e-436c-89af-f006c04da6f6,monotonic_reads,network_partition,writer-1,write,mr-30d63777-602e-436c-89af-f006c04da6f6,791,,,ONE,cassandra-1,True,False,3.662,2026-09-16T06:23:52.306013+00:00,
30d63777-602e-436c-89af-f006c04da6f6,monotonic_reads,network_partition,writer-1,write,mr-30d63777-602e-436c-89af-f006c04da6f6,792,,,ONE,cassandra-1,True,False,1.945,2026-09-16T06:23:52.333026+00:00,
30d63777-602e-436c-89af-f006c04da6f6,monotonic_reads,network_partition,writer-1,write,mr-30d63777-602e-436c-89af-f006c04da6f6,793,,,ONE,cassandra-1,True,False,3.633,2026-09-16T06:23:52.358604+00:00,
30d63777-602e-436c-89af-f006c04da6f6,monotonic_reads,network_partition,writer-1,write,mr-30d63777-602e-436c-89af-f006c04da6f6,794,,,ONE,cassandra-1,True,False,3.572,2026-09-16T06:23:52.383455+00:00,
30d63777-602e-436c-89af-f006c04da6f6,monotonic_reads,network_partition,writer-1,write,mr-30d63777-602e-436c-89af-f006c04da6f6,795,,,ONE,cassandra-1,True,False,2.731,2026-09-16T06:23:52.410905+00:00,
30d63777-602e-436c-89af-f006c04da6f6,monotonic_reads,network_partition,writer-1,write,mr-30d63777-602e-436c-89af-f006c04da6f6,796,,,ONE,cassandra-1,True,False,3.181,2026-09-16T06:23:52.437290+00:00,
30d63777-602e-436c-89af-f006c04da6f6,monotonic_reads,network_partition,writer-1,write,mr-30d63777-602e-436c-89af-f006c04da6f6,797,,,ONE,cassandra-1,True,False,2.765,2026-09-16T06:23:52.465204+00:00,
30d63777-602e-436c-89af-f006c04da6f6,monotonic_reads,network_partition,writer-1,write,mr-30d63777-602e-436c-89af-f006c04da6f6,798,,,ONE,cassandra-1,True,False,2.151,2026-09-16T06:23:52.489824+00:00,
30d63777-602e-436c-89af-f006c04da6f6,monotonic_reads,network_partition,writer-1,write,mr-30d63777-602e-436c-89af-f006c04da6f6,799,,,ONE,cassandra-1,True,False,3.908,2026-09-16T06:23:52.513890+00:00,
30d63777-602e-436c-89af-f006c04da6f6,monotonic_reads,network_partition,writer-1,write,mr-30d63777-602e-436c-89af-f006c04da6f6,800,,,ONE,cassandra-1,True,False,2.921,2026-09-16T06:23:52.539743+00:00,
30d63777-602e-436c-89af-f006c04da6f6,monotonic_reads,network_partition,writer-1,write,mr-30d63777-602e-436c-89af-f006c04da6f6,801,,,ONE,cassandra-1,True,False,3.129,2026-09-16T06:23:52.568030+00:00,
30d63777-602e-436c-89af-f006c04da6f6,monotonic_reads,network_partition,writer-1,write,mr-30d63777-602e-436c-89af-f006c04da6f6,802,,,ONE,cassandra-1,True,False,3.374,2026-09-16T06:23:52.595106+00:00,
30d63777-602e-436c-89af-f006c04da6f6,monotonic_reads,network_partition,writer-1,write,mr-30d63777-602e-436c-89af-f006c04da6f6,803,,,ONE,cassandra-1,True,False,2.77,2026-09-16T06:23:52.622072+00:00,
30d63777-602e-436c-89af-f006c04da6f6,monotonic_reads,network_partition,writer-1,write,mr-30d63777-602e-436c-89af-f006c04da6f6,804,,,ONE,cassandra-1,True,False,3.463,2026-09-16T06:23:52.648430+00:00,
30d63777-602e-436c-89af-f006c04da6f6,monotonic_reads,network_partition,writer-1,write,mr-30d63777-602e-436c-89af-f006c04da6f6,805,,,ONE,cassandra-1,True,False,3.375,2026-09-16T06:23:52.676779+00:00,
30d63777-602e-436c-89af-f006c04da6f6,monotonic_reads,network_partition,writer-1,write,mr-30d63777-602e-436c-89af-f006c04da6f6,806,,,ONE,cassandra-1,True,False,3.804,2026-09-16T06:23:52.705607+00:00,
30d63777-602e-436c-89af-f006c04da6f6,monotonic_reads,network_partition,writer-1,write,mr-30d63777-602e-436c-89af-f006c04da6f6,807,,,ONE,cassandra-1,True,False,3.17,2026-09-16T06:23:52.732626+00:00,
30d63777-602e-436c-89af-f006c04da6f6,monotonic_reads,network_partition,writer-1,write,mr-30d63777-602e-436c-89af-f006c04da6f6,808,,,ONE,cassandra-1,True,False,3.481,2026-09-16T06:23:52.759944+00:00,
30d63777-602e-436c-89af-f006c04da6f6,monotonic_reads,network_partition,writer-1,write,mr-30d63777-602e-436c-89af-f006c04da6f6,809,,,ONE,cassandra-1,True,False,1.374,2026-09-16T06:23:52.784312+00:00,
30d63777-602e-436c-89af-f006c04da6f6,monotonic_reads,network_partition,writer-1,write,mr-30d63777-602e-436c-89af-f006c04da6f6,810,,,ONE,cassandra-1,True,False,2.531,2026-09-16T06:23:52.808450+00:00,
30d63777-602e-436c-89af-f006c04da6f6,monotonic_reads,network_partition,writer-1,write,mr-30d63777-602e-436c-89af-f006c04da6f6,811,,,ONE,cassandra-1,True,False,3.196,2026-09-16T06:23:52.836401+00:00,
30d63777-602e-436c-89af-f006c04da6f6,monotonic_reads,network_partition,writer-1,write,mr-30d63777-602e-436c-89af-f006c04da6f6,812,,,ONE,cassandra-1,True,False,3.718,2026-09-16T06:23:52.864690+00:00,
30d63777-602e-436c-89af-f006c04da6f6,monotonic_reads,network_partition,writer-1,write,mr-30d63777-602e-436c-89af-f006c04da6f6,813,,,ONE,cassandra-1,True,False,4.194,2026-09-16T06:23:52.893167+00:00,
30d63777-602e-436c-89af-f006c04da6f6,monotonic_reads,network_partition,writer-1,write,mr-30d63777-602e-436c-89af-f006c04da6f6,814,,,ONE,cassandra-1,True,False,2.75,2026-09-16T06:23:52.921164+00:00,
30d63777-602e-436c-89af-f006c04da6f6,monotonic_reads,network_partition,writer-1,write,mr-30d63777-602e-436c-89af-f006c04da6f6,815,,,ONE,cassandra-1,True,False,3.031,2026-09-16T06:23:52.945009+00:00,
30d63777-602e-436c-89af-f006c04da6f6,monotonic_reads,network_partition,writer-1,write,mr-30d63777-602e-436c-89af-f006c04da6f6,816,,,ONE,cassandra-1,True,False,2.973,2026-09-16T06:23:52.973092+00:00,
30d63777-602e-436c-89af-f006c04da6f6,monotonic_reads,network_partition,writer-1,write,mr-30d63777-602e-436c-89af-f006c04da6f6,817,,,ONE,cassandra-1,True,False,2.506,2026-09-16T06:23:52.996971+00:00,
30d63777-602e-436c-89af-f006c04da6f6,monotonic_reads,network_partition,writer-1,write,mr-30d63777-602e-436c-89af-f006c04da6f6,818,,,ONE,cassandra-1,True,False,3.514,2026-09-16T06:23:53.023980+00:00,
30d63777-602e-436c-89af-f006c04da6f6,monotonic_reads,network_partition,writer-1,write,mr-30d63777-602e-436c-89af-f006c04da6f6,819,,,ONE,cassandra-1,True,False,3.606,2026-09-16T06:23:53.051587+00:00,
30d63777-602e-436c-89af-f006c04da6f6,monotonic_reads,network_partition,writer-1,write,mr-30d63777-602e-436c-89af-f006c04da6f6,820,,,ONE,cassandra-1,True,False,4.58,2026-09-16T06:23:53.076539+00:00,
30d63777-602e-436c-89af-f006c04da6f6,monotonic_reads,network_partition,writer-1,write,mr-30d63777-602e-436c-89af-f006c04da6f6,821,,,ONE,cassandra-1,True,False,3.28,2026-09-16T06:23:53.105028+00:00,
30d63777-602e-436c-89af-f006c04da6f6,monotonic_reads,network_partition,reader-1,read,mr-30d63777-602e-436c-89af-f006c04da6f6,,,QUORUM,ONE,cassandra-3,False,False,11065.569,2026-09-16T06:23:53.116510+00:00,"ReadTimeout: Error from server: code=1200 [Coordinator node timed out waiting for replica nodes' responses] message=""Operation timed out - received only 1 responses."" info={'consistency': 'QUORUM', 'required_responses': 2, 'received_responses': 1}"
30d63777-602e-436c-89af-f006c04da6f6,monotonic_reads,network_partition,writer-1,write,mr-30d63777-602e-436c-89af-f006c04da6f6,822,,,ONE,cassandra-1,True,False,4.415,2026-09-16T06:23:53.131998+00:00,
30d63777-602e-436c-89af-f006c04da6f6,monotonic_reads,network_partition,reader-1,read,mr-30d63777-602e-436c-89af-f006c04da6f6,,821,QUORUM,ONE,cassandra-1,True,False,6.986,2026-09-16T06:23:53.133951+00:00,
30d63777-602e-436c-89af-f006c04da6f6,monotonic_reads,network_partition,reader-1,read,mr-30d63777-602e-436c-89af-f006c04da6f6,,822,QUORUM,ONE,cassandra-2,True,False,5.96,2026-09-16T06:23:53.151813+00:00,
30d63777-602e-436c-89af-f006c04da6f6,monotonic_reads,network_partition,writer-1,write,mr-30d63777-602e-436c-89af-f006c04da6f6,823,,,ONE,cassandra-1,True,False,1.522,2026-09-16T06:23:53.154497+00:00,
30d63777-602e-436c-89af-f006c04da6f6,monotonic_reads,network_partition,writer-1,write,mr-30d63777-602e-436c-89af-f006c04da6f6,824,,,ONE,cassandra-1,True,False,3.062,2026-09-16T06:23:53.178664+00:00,
30d63777-602e-436c-89af-f006c04da6f6,monotonic_reads,network_partition,writer-1,write,mr-30d63777-602e-436c-89af-f006c04da6f6,825,,,ONE,cassandra-1,True,False,2.033,2026-09-16T06:23:53.212873+00:00,
30d63777-602e-436c-89af-f006c04da6f6,monotonic_reads,network_partition,writer-1,write,mr-30d63777-602e-436c-89af-f006c04da6f6,826,,,ONE,cassandra-1,True,False,2.785,2026-09-16T06:23:53.240748+00:00,
30d63777-602e-436c-89af-f006c04da6f6,monotonic_reads,network_partition,writer-1,write,mr-30d63777-602e-436c-89af-f006c04da6f6,827,,,ONE,cassandra-1,True,False,2.953,2026-09-16T06:23:53.268810+00:00,
30d63777-602e-436c-89af-f006c04da6f6,monotonic_reads,network_partition,writer-1,write,mr-30d63777-602e-436c-89af-f006c04da6f6,828,,,ONE,cassandra-1,True,False,4.437,2026-09-16T06:23:53.293978+00:00,
30d63777-602e-436c-89af-f006c04da6f6,monotonic_reads,network_partition,writer-1,write,mr-30d63777-602e-436c-89af-f006c04da6f6,829,,,ONE,cassandra-1,True,False,2.806,2026-09-16T06:23:53.320917+00:00,
30d63777-602e-436c-89af-f006c04da6f6,monotonic_reads,network_partition,writer-1,write,mr-30d63777-602e-436c-89af-f006c04da6f6,830,,,ONE,cassandra-1,True,False,4.181,2026-09-16T06:23:53.347910+00:00,
30d63777-602e-436c-89af-f006c04da6f6,monotonic_reads,network_partition,writer-1,write,mr-30d63777-602e-436c-89af-f006c04da6f6,831,,,ONE,cassandra-1,True,False,2.851,2026-09-16T06:23:53.374797+00:00,
30d63777-602e-436c-89af-f006c04da6f6,monotonic_reads,network_partition,writer-1,write,mr-30d63777-602e-436c-89af-f006c04da6f6,832,,,ONE,cassandra-1,True,False,3.882,2026-09-16T06:23:53.399837+00:00,
30d63777-602e-436c-89af-f006c04da6f6,monotonic_reads,network_partition,writer-1,write,mr-30d63777-602e-436c-89af-f006c04da6f6,833,,,ONE,cassandra-1,True,False,3.264,2026-09-16T06:23:53.427596+00:00,
30d63777-602e-436c-89af-f006c04da6f6,monotonic_reads,network_partition,writer-1,write,mr-30d63777-602e-436c-89af-f006c04da6f6,834,,,ONE,cassandra-1,True,False,1.871,2026-09-16T06:23:53.453812+00:00,
30d63777-602e-436c-89af-f006c04da6f6,monotonic_reads,network_partition,writer-1,write,mr-30d63777-602e-436c-89af-f006c04da6f6,835,,,ONE,cassandra-1,True,False,3.444,2026-09-16T06:23:53.477523+00:00,
30d63777-602e-436c-89af-f006c04da6f6,monotonic_reads,network_partition,writer-1,write,mr-30d63777-602e-436c-89af-f006c04da6f6,836,,,ONE,cassandra-1,True,False,2.19,2026-09-16T06:23:53.503967+00:00,
30d63777-602e-436c-89af-f006c04da6f6,monotonic_reads,network_partition,writer-1,write,mr-30d63777-602e-436c-89af-f006c04da6f6,837,,,ONE,cassandra-1,True,False,2.845,2026-09-16T06:23:53.531932+00:00,
30d63777-602e-436c-89af-f006c04da6f6,monotonic_reads,network_partition,writer-1,write,mr-30d63777-602e-436c-89af-f006c04da6f6,838,,,ONE,cassandra-1,True,False,3.474,2026-09-16T06:23:53.559233+00:00,
30d63777-602e-436c-89af-f006c04da6f6,monotonic_reads,network_partition,writer-1,write,mr-30d63777-602e-436c-89af-f006c04da6f6,839,,,ONE,cassandra-1,True,False,2.808,2026-09-16T06:23:53.586766+00:00,
30d63777-602e-436c-89af-f006c04da6f6,monotonic_reads,network_partition,writer-1,write,mr-30d63777-602e-436c-89af-f006c04da6f6,840,,,ONE,cassandra-1,True,False,1.81,2026-09-16T06:23:53.610725+00:00,
30d63777-602e-436c-89af-f006c04da6f6,monotonic_reads,network_partition,writer-1,write,mr-30d63777-602e-436c-89af-f006c04da6f6,841,,,ONE,cassandra-1,True,False,3.122,2026-09-16T06:23:53.638244+00:00,
30d63777-602e-436c-89af-f006c04da6f6,monotonic_reads,network_partition,writer-1,write,mr-30d63777-602e-436c-89af-f006c04da6f6,842,,,ONE,cassandra-1,True,False,3.015,2026-09-16T06:23:53.662943+00:00,
30d63777-602e-436c-89af-f006c04da6f6,monotonic_reads,network_partition,writer-1,write,mr-30d63777-602e-436c-89af-f006c04da6f6,843,,,ONE,cassandra-1,True,False,2.729,2026-09-16T06:23:53.688768+00:00,
30d63777-602e-436c-89af-f006c04da6f6,monotonic_reads,network_partition,writer-1,write,mr-30d63777-602e-436c-89af-f006c04da6f6,844,,,ONE,cassandra-1,True,False,3.441,2026-09-16T06:23:53.714774+00:00,
30d63777-602e-436c-89af-f006c04da6f6,monotonic_reads,network_partition,writer-1,write,mr-30d63777-602e-436c-89af-f006c04da6f6,845,,,ONE,cassandra-1,True,False,3.284,2026-09-16T06:23:53.740879+00:00,
30d63777-602e-436c-89af-f006c04da6f6,monotonic_reads,network_partition,writer-1,write,mr-30d63777-602e-436c-89af-f006c04da6f6,846,,,ONE,cassandra-1,True,False,4.912,2026-09-16T06:23:53.767264+00:00,
30d63777-602e-436c-89af-f006c04da6f6,monotonic_reads,network_partition,writer-1,write,mr-30d63777-602e-436c-89af-f006c04da6f6,847,,,ONE,cassandra-1,True,False,4.174,2026-09-16T06:23:53.792151+00:00,
30d63777-602e-436c-89af-f006c04da6f6,monotonic_reads,network_partition,writer-1,write,mr-30d63777-602e-436c-89af-f006c04da6f6,848,,,ONE,cassandra-1,True,False,2.907,2026-09-16T06:23:53.815691+00:00,
30d63777-602e-436c-89af-f006c04da6f6,monotonic_reads,network_partition,writer-1,write,mr-30d63777-602e-436c-89af-f006c04da6f6,849,,,ONE,cassandra-1,True,False,3.354,2026-09-16T06:23:53.843284+00:00,
30d63777-602e-436c-89af-f006c04da6f6,monotonic_reads,network_partition,writer-1,write,mr-30d63777-602e-436c-89af-f006c04da6f6,850,,,ONE,cassandra-1,True,False,3.939,2026-09-16T06:23:53.869877+00:00,
30d63777-602e-436c-89af-f006c04da6f6,monotonic_reads,network_partition,writer-1,write,mr-30d63777-602e-436c-89af-f006c04da6f6,851,,,ONE,cassandra-1,True,False,4.11,2026-09-16T06:23:53.896082+00:00,
30d63777-602e-436c-89af-f006c04da6f6,monotonic_reads,network_partition,writer-1,write,mr-30d63777-602e-436c-89af-f006c04da6f6,852,,,ONE,cassandra-1,True,False,3.327,2026-09-16T06:23:53.923503+00:00,
30d63777-602e-436c-89af-f006c04da6f6,monotonic_reads,network_partition,writer-1,write,mr-30d63777-602e-436c-89af-f006c04da6f6,853,,,ONE,cassandra-1,True,False,2.139,2026-09-16T06:23:53.948967+00:00,
30d63777-602e-436c-89af-f006c04da6f6,monotonic_reads,network_partition,writer-1,write,mr-30d63777-602e-436c-89af-f006c04da6f6,854,,,ONE,cassandra-1,True,False,3.268,2026-09-16T06:23:53.975035+00:00,
30d63777-602e-436c-89af-f006c04da6f6,monotonic_reads,network_partition,writer-1,write,mr-30d63777-602e-436c-89af-f006c04da6f6,855,,,ONE,cassandra-1,True,False,3.089,2026-09-16T06:23:54.002049+00:00,
30d63777-602e-436c-89af-f006c04da6f6,monotonic_reads,network_partition,writer-1,write,mr-30d63777-602e-436c-89af-f006c04da6f6,856,,,ONE,cassandra-1,True,False,2.985,2026-09-16T06:23:54.029736+00:00,
30d63777-602e-436c-89af-f006c04da6f6,monotonic_reads,network_partition,writer-1,write,mr-30d63777-602e-436c-89af-f006c04da6f6,857,,,ONE,cassandra-1,True,False,3.948,2026-09-16T06:23:54.054919+00:00,
30d63777-602e-436c-89af-f006c04da6f6,monotonic_reads,network_partition,writer-1,write,mr-30d63777-602e-436c-89af-f006c04da6f6,858,,,ONE,cassandra-1,True,False,3.001,2026-09-16T06:23:54.080293+00:00,
30d63777-602e-436c-89af-f006c04da6f6,monotonic_reads,network_partition,writer-1,write,mr-30d63777-602e-436c-89af-f006c04da6f6,859,,,ONE,cassandra-1,True,False,3.454,2026-09-16T06:23:54.106679+00:00,
30d63777-602e-436c-89af-f006c04da6f6,monotonic_reads,network_partition,writer-1,write,mr-30d63777-602e-436c-89af-f006c04da6f6,860,,,ONE,cassandra-1,True,False,4.137,2026-09-16T06:23:54.132031+00:00,
30d63777-602e-436c-89af-f006c04da6f6,monotonic_reads,network_partition,writer-1,write,mr-30d63777-602e-436c-89af-f006c04da6f6,861,,,ONE,cassandra-1,True,False,1.574,2026-09-16T06:23:54.154519+00:00,
30d63777-602e-436c-89af-f006c04da6f6,monotonic_reads,network_partition,writer-1,write,mr-30d63777-602e-436c-89af-f006c04da6f6,862,,,ONE,cassandra-1,True,False,3.321,2026-09-16T06:23:54.181074+00:00,
30d63777-602e-436c-89af-f006c04da6f6,monotonic_reads,network_partition,writer-1,write,mr-30d63777-602e-436c-89af-f006c04da6f6,863,,,ONE,cassandra-1,True,False,2.965,2026-09-16T06:23:54.209178+00:00,
30d63777-602e-436c-89af-f006c04da6f6,monotonic_reads,network_partition,writer-1,write,mr-30d63777-602e-436c-89af-f006c04da6f6,864,,,ONE,cassandra-1,True,False,3.098,2026-09-16T06:23:54.237466+00:00,
30d63777-602e-436c-89af-f006c04da6f6,monotonic_reads,network_partition,writer-1,write,mr-30d63777-602e-436c-89af-f006c04da6f6,865,,,ONE,cassandra-1,True,False,4.237,2026-09-16T06:23:54.264891+00:00,
30d63777-602e-436c-89af-f006c04da6f6,monotonic_reads,network_partition,writer-1,write,mr-30d63777-602e-436c-89af-f006c04da6f6,866,,,ONE,cassandra-1,True,False,3.168,2026-09-16T06:23:54.292043+00:00,
30d63777-602e-436c-89af-f006c04da6f6,monotonic_reads,network_partition,writer-1,write,mr-30d63777-602e-436c-89af-f006c04da6f6,867,,,ONE,cassandra-1,True,False,3.411,2026-09-16T06:23:54.318808+00:00,
30d63777-602e-436c-89af-f006c04da6f6,monotonic_reads,network_partition,writer-1,write,mr-30d63777-602e-436c-89af-f006c04da6f6,868,,,ONE,cassandra-1,True,False,3.468,2026-09-16T06:23:54.345433+00:00,
30d63777-602e-436c-89af-f006c04da6f6,monotonic_reads,network_partition,writer-1,write,mr-30d63777-602e-436c-89af-f006c04da6f6,869,,,ONE,cassandra-1,True,False,3.249,2026-09-16T06:23:54.372730+00:00,
30d63777-602e-436c-89af-f006c04da6f6,monotonic_reads,network_partition,writer-1,write,mr-30d63777-602e-436c-89af-f006c04da6f6,870,,,ONE,cassandra-1,True,False,3.488,2026-09-16T06:23:54.398877+00:00,
30d63777-602e-436c-89af-f006c04da6f6,monotonic_reads,network_partition,writer-1,write,mr-30d63777-602e-436c-89af-f006c04da6f6,871,,,ONE,cassandra-1,True,False,3.812,2026-09-16T06:23:54.427535+00:00,
30d63777-602e-436c-89af-f006c04da6f6,monotonic_reads,network_partition,writer-1,write,mr-30d63777-602e-436c-89af-f006c04da6f6,872,,,ONE,cassandra-1,True,False,1.845,2026-09-16T06:23:54.450790+00:00,
30d63777-602e-436c-89af-f006c04da6f6,monotonic_reads,network_partition,writer-1,write,mr-30d63777-602e-436c-89af-f006c04da6f6,873,,,ONE,cassandra-1,True,False,3.327,2026-09-16T06:23:54.476326+00:00,
30d63777-602e-436c-89af-f006c04da6f6,monotonic_reads,network_partition,writer-1,write,mr-30d63777-602e-436c-89af-f006c04da6f6,874,,,ONE,cassandra-1,True,False,2.992,2026-09-16T06:23:54.503440+00:00,
30d63777-602e-436c-89af-f006c04da6f6,monotonic_reads,network_partition,writer-1,write,mr-30d63777-602e-436c-89af-f006c04da6f6,875,,,ONE,cassandra-1,True,False,3.388,2026-09-16T06:23:54.531359+00:00,
30d63777-602e-436c-89af-f006c04da6f6,monotonic_reads,network_partition,writer-1,write,mr-30d63777-602e-436c-89af-f006c04da6f6,876,,,ONE,cassandra-1,True,False,3.177,2026-09-16T06:23:54.557164+00:00,
30d63777-602e-436c-89af-f006c04da6f6,monotonic_reads,network_partition,writer-1,write,mr-30d63777-602e-436c-89af-f006c04da6f6,877,,,ONE,cassandra-1,True,False,3.633,2026-09-16T06:23:54.584606+00:00,
30d63777-602e-436c-89af-f006c04da6f6,monotonic_reads,network_partition,writer-1,write,mr-30d63777-602e-436c-89af-f006c04da6f6,878,,,ONE,cassandra-1,True,False,1.768,2026-09-16T06:23:54.608716+00:00,
30d63777-602e-436c-89af-f006c04da6f6,monotonic_reads,network_partition,writer-1,write,mr-30d63777-602e-436c-89af-f006c04da6f6,879,,,ONE,cassandra-1,True,False,3.25,2026-09-16T06:23:54.634663+00:00,
30d63777-602e-436c-89af-f006c04da6f6,monotonic_reads,network_partition,writer-1,write,mr-30d63777-602e-436c-89af-f006c04da6f6,880,,,ONE,cassandra-1,True,False,3.351,2026-09-16T06:23:54.660464+00:00,
30d63777-602e-436c-89af-f006c04da6f6,monotonic_reads,network_partition,writer-1,write,mr-30d63777-602e-436c-89af-f006c04da6f6,881,,,ONE,cassandra-1,True,False,2.249,2026-09-16T06:23:54.687236+00:00,
30d63777-602e-436c-89af-f006c04da6f6,monotonic_reads,network_partition,writer-1,write,mr-30d63777-602e-436c-89af-f006c04da6f6,882,,,ONE,cassandra-1,True,False,3.307,2026-09-16T06:23:54.715663+00:00,
30d63777-602e-436c-89af-f006c04da6f6,monotonic_reads,network_partition,writer-1,write,mr-30d63777-602e-436c-89af-f006c04da6f6,883,,,ONE,cassandra-1,True,False,3.51,2026-09-16T06:23:54.739483+00:00,
30d63777-602e-436c-89af-f006c04da6f6,monotonic_reads,network_partition,writer-1,write,mr-30d63777-602e-436c-89af-f006c04da6f6,884,,,ONE,cassandra-1,True,False,1.634,2026-09-16T06:23:54.765311+00:00,
30d63777-602e-436c-89af-f006c04da6f6,monotonic_reads,network_partition,writer-1,write,mr-30d63777-602e-436c-89af-f006c04da6f6,885,,,ONE,cassandra-1,True,False,1.759,2026-09-16T06:23:54.787734+00:00,
30d63777-602e-436c-89af-f006c04da6f6,monotonic_reads,network_partition,writer-1,write,mr-30d63777-602e-436c-89af-f006c04da6f6,886,,,ONE,cassandra-1,True,False,2.477,2026-09-16T06:23:54.815362+00:00,
30d63777-602e-436c-89af-f006c04da6f6,monotonic_reads,network_partition,writer-1,write,mr-30d63777-602e-436c-89af-f006c04da6f6,887,,,ONE,cassandra-1,True,False,2.916,2026-09-16T06:23:54.839895+00:00,
30d63777-602e-436c-89af-f006c04da6f6,monotonic_reads,network_partition,writer-1,write,mr-30d63777-602e-436c-89af-f006c04da6f6,888,,,ONE,cassandra-1,True,False,4.185,2026-09-16T06:23:54.869205+00:00,
30d63777-602e-436c-89af-f006c04da6f6,monotonic_reads,network_partition,writer-1,write,mr-30d63777-602e-436c-89af-f006c04da6f6,889,,,ONE,cassandra-1,True,False,2.409,2026-09-16T06:23:54.894377+00:00,
30d63777-602e-436c-89af-f006c04da6f6,monotonic_reads,network_partition,writer-1,write,mr-30d63777-602e-436c-89af-f006c04da6f6,890,,,ONE,cassandra-1,True,False,2.314,2026-09-16T06:23:54.920773+00:00,
30d63777-602e-436c-89af-f006c04da6f6,monotonic_reads,network_partition,writer-1,write,mr-30d63777-602e-436c-89af-f006c04da6f6,891,,,ONE,cassandra-1,True,False,2.808,2026-09-16T06:23:54.946758+00:00,
30d63777-602e-436c-89af-f006c04da6f6,monotonic_reads,network_partition,writer-1,write,mr-30d63777-602e-436c-89af-f006c04da6f6,892,,,ONE,cassandra-1,True,False,3.086,2026-09-16T06:23:54.973210+00:00,
30d63777-602e-436c-89af-f006c04da6f6,monotonic_reads,network_partition,writer-1,write,mr-30d63777-602e-436c-89af-f006c04da6f6,893,,,ONE,cassandra-1,True,False,1.969,2026-09-16T06:23:54.995706+00:00,
30d63777-602e-436c-89af-f006c04da6f6,monotonic_reads,network_partition,writer-1,write,mr-30d63777-602e-436c-89af-f006c04da6f6,894,,,ONE,cassandra-1,True,False,3.032,2026-09-16T06:23:55.022532+00:00,
30d63777-602e-436c-89af-f006c04da6f6,monotonic_reads,network_partition,writer-1,write,mr-30d63777-602e-436c-89af-f006c04da6f6,895,,,ONE,cassandra-1,True,False,2.423,2026-09-16T06:23:55.048184+00:00,
30d63777-602e-436c-89af-f006c04da6f6,monotonic_reads,network_partition,writer-1,write,mr-30d63777-602e-436c-89af-f006c04da6f6,896,,,ONE,cassandra-1,True,False,3.471,2026-09-16T06:23:55.076807+00:00,
30d63777-602e-436c-89af-f006c04da6f6,monotonic_reads,network_partition,writer-1,write,mr-30d63777-602e-436c-89af-f006c04da6f6,897,,,ONE,cassandra-1,True,False,4.058,2026-09-16T06:23:55.102036+00:00,
30d63777-602e-436c-89af-f006c04da6f6,monotonic_reads,network_partition,writer-1,write,mr-30d63777-602e-436c-89af-f006c04da6f6,898,,,ONE,cassandra-1,True,False,3.144,2026-09-16T06:23:55.128117+00:00,
30d63777-602e-436c-89af-f006c04da6f6,monotonic_reads,network_partition,writer-1,write,mr-30d63777-602e-436c-89af-f006c04da6f6,899,,,ONE,cassandra-1,True,False,3.714,2026-09-16T06:23:55.155621+00:00,
30d63777-602e-436c-89af-f006c04da6f6,monotonic_reads,network_partition,writer-1,write,mr-30d63777-602e-436c-89af-f006c04da6f6,900,,,ONE,cassandra-1,True,False,3.599,2026-09-16T06:23:55.181974+00:00,
30d63777-602e-436c-89af-f006c04da6f6,monotonic_reads,network_partition,writer-1,write,mr-30d63777-602e-436c-89af-f006c04da6f6,901,,,ONE,cassandra-1,True,False,3.178,2026-09-16T06:23:55.205549+00:00,
30d63777-602e-436c-89af-f006c04da6f6,monotonic_reads,network_partition,writer-1,write,mr-30d63777-602e-436c-89af-f006c04da6f6,902,,,ONE,cassandra-1,True,False,3.417,2026-09-16T06:23:55.232784+00:00,
30d63777-602e-436c-89af-f006c04da6f6,monotonic_reads,network_partition,writer-1,write,mr-30d63777-602e-436c-89af-f006c04da6f6,903,,,ONE,cassandra-1,True,False,4.083,2026-09-16T06:23:55.259868+00:00,
30d63777-602e-436c-89af-f006c04da6f6,monotonic_reads,network_partition,writer-1,write,mr-30d63777-602e-436c-89af-f006c04da6f6,904,,,ONE,cassandra-1,True,False,3.393,2026-09-16T06:23:55.284260+00:00,
30d63777-602e-436c-89af-f006c04da6f6,monotonic_reads,network_partition,writer-1,write,mr-30d63777-602e-436c-89af-f006c04da6f6,905,,,ONE,cassandra-1,True,False,3.228,2026-09-16T06:23:55.309282+00:00,
30d63777-602e-436c-89af-f006c04da6f6,monotonic_reads,network_partition,writer-1,write,mr-30d63777-602e-436c-89af-f006c04da6f6,906,,,ONE,cassandra-1,True,False,2.351,2026-09-16T06:23:55.334877+00:00,
30d63777-602e-436c-89af-f006c04da6f6,monotonic_reads,network_partition,writer-1,write,mr-30d63777-602e-436c-89af-f006c04da6f6,907,,,ONE,cassandra-1,True,False,2.751,2026-09-16T06:23:55.361054+00:00,
30d63777-602e-436c-89af-f006c04da6f6,monotonic_reads,network_partition,writer-1,write,mr-30d63777-602e-436c-89af-f006c04da6f6,908,,,ONE,cassandra-1,True,False,2.937,2026-09-16T06:23:55.387828+00:00,
30d63777-602e-436c-89af-f006c04da6f6,monotonic_reads,network_partition,writer-1,write,mr-30d63777-602e-436c-89af-f006c04da6f6,909,,,ONE,cassandra-1,True,False,2.863,2026-09-16T06:23:55.415201+00:00,
30d63777-602e-436c-89af-f006c04da6f6,monotonic_reads,network_partition,writer-1,write,mr-30d63777-602e-436c-89af-f006c04da6f6,910,,,ONE,cassandra-1,True,False,1.445,2026-09-16T06:23:55.440693+00:00,
30d63777-602e-436c-89af-f006c04da6f6,monotonic_reads,network_partition,writer-1,write,mr-30d63777-602e-436c-89af-f006c04da6f6,911,,,ONE,cassandra-1,True,False,3.381,2026-09-16T06:23:55.468626+00:00,
30d63777-602e-436c-89af-f006c04da6f6,monotonic_reads,network_partition,writer-1,write,mr-30d63777-602e-436c-89af-f006c04da6f6,912,,,ONE,cassandra-1,True,False,1.553,2026-09-16T06:23:55.491524+00:00,
30d63777-602e-436c-89af-f006c04da6f6,monotonic_reads,network_partition,writer-1,write,mr-30d63777-602e-436c-89af-f006c04da6f6,913,,,ONE,cassandra-1,True,False,3.012,2026-09-16T06:23:55.517935+00:00,
30d63777-602e-436c-89af-f006c04da6f6,monotonic_reads,network_partition,writer-1,write,mr-30d63777-602e-436c-89af-f006c04da6f6,914,,,ONE,cassandra-1,True,False,3.288,2026-09-16T06:23:55.541521+00:00,
30d63777-602e-436c-89af-f006c04da6f6,monotonic_reads,network_partition,writer-1,write,mr-30d63777-602e-436c-89af-f006c04da6f6,915,,,ONE,cassandra-1,True,False,2.93,2026-09-16T06:23:55.567752+00:00,
30d63777-602e-436c-89af-f006c04da6f6,monotonic_reads,network_partition,writer-1,write,mr-30d63777-602e-436c-89af-f006c04da6f6,916,,,ONE,cassandra-1,True,False,3.216,2026-09-16T06:23:55.592681+00:00,
30d63777-602e-436c-89af-f006c04da6f6,monotonic_reads,network_partition,writer-1,write,mr-30d63777-602e-436c-89af-f006c04da6f6,917,,,ONE,cassandra-1,True,False,3.141,2026-09-16T06:23:55.620483+00:00,
30d63777-602e-436c-89af-f006c04da6f6,monotonic_reads,network_partition,writer-1,write,mr-30d63777-602e-436c-89af-f006c04da6f6,918,,,ONE,cassandra-1,True,False,3.483,2026-09-16T06:23:55.648699+00:00,
30d63777-602e-436c-89af-f006c04da6f6,monotonic_reads,network_partition,writer-1,write,mr-30d63777-602e-436c-89af-f006c04da6f6,919,,,ONE,cassandra-1,True,False,3.893,2026-09-16T06:23:55.673851+00:00,
30d63777-602e-436c-89af-f006c04da6f6,monotonic_reads,network_partition,writer-1,write,mr-30d63777-602e-436c-89af-f006c04da6f6,920,,,ONE,cassandra-1,True,False,4.52,2026-09-16T06:23:55.699097+00:00,
30d63777-602e-436c-89af-f006c04da6f6,monotonic_reads,network_partition,writer-1,write,mr-30d63777-602e-436c-89af-f006c04da6f6,921,,,ONE,cassandra-1,True,False,3.374,2026-09-16T06:23:55.727167+00:00,
30d63777-602e-436c-89af-f006c04da6f6,monotonic_reads,network_partition,writer-1,write,mr-30d63777-602e-436c-89af-f006c04da6f6,922,,,ONE,cassandra-1,True,False,3.659,2026-09-16T06:23:55.751968+00:00,
30d63777-602e-436c-89af-f006c04da6f6,monotonic_reads,network_partition,writer-1,write,mr-30d63777-602e-436c-89af-f006c04da6f6,923,,,ONE,cassandra-1,True,False,1.489,2026-09-16T06:23:55.778188+00:00,
30d63777-602e-436c-89af-f006c04da6f6,monotonic_reads,network_partition,writer-1,write,mr-30d63777-602e-436c-89af-f006c04da6f6,924,,,ONE,cassandra-1,True,False,3.052,2026-09-16T06:23:55.805850+00:00,
30d63777-602e-436c-89af-f006c04da6f6,monotonic_reads,network_partition,writer-1,write,mr-30d63777-602e-436c-89af-f006c04da6f6,925,,,ONE,cassandra-1,True,False,1.473,2026-09-16T06:23:55.829417+00:00,
30d63777-602e-436c-89af-f006c04da6f6,monotonic_reads,network_partition,writer-1,write,mr-30d63777-602e-436c-89af-f006c04da6f6,926,,,ONE,cassandra-1,True,False,3.503,2026-09-16T06:23:55.853573+00:00,
30d63777-602e-436c-89af-f006c04da6f6,monotonic_reads,network_partition,writer-1,write,mr-30d63777-602e-436c-89af-f006c04da6f6,927,,,ONE,cassandra-1,True,False,3.864,2026-09-16T06:23:55.881158+00:00,
30d63777-602e-436c-89af-f006c04da6f6,monotonic_reads,network_partition,writer-1,write,mr-30d63777-602e-436c-89af-f006c04da6f6,928,,,ONE,cassandra-1,True,False,3.846,2026-09-16T06:23:55.909624+00:00,
30d63777-602e-436c-89af-f006c04da6f6,monotonic_reads,network_partition,writer-1,write,mr-30d63777-602e-436c-89af-f006c04da6f6,929,,,ONE,cassandra-1,True,False,3.564,2026-09-16T06:23:55.938038+00:00,
30d63777-602e-436c-89af-f006c04da6f6,monotonic_reads,network_partition,writer-1,write,mr-30d63777-602e-436c-89af-f006c04da6f6,930,,,ONE,cassandra-1,True,False,3.505,2026-09-16T06:23:55.963478+00:00,
30d63777-602e-436c-89af-f006c04da6f6,monotonic_reads,network_partition,writer-1,write,mr-30d63777-602e-436c-89af-f006c04da6f6,931,,,ONE,cassandra-1,True,False,3.577,2026-09-16T06:23:55.990709+00:00,
30d63777-602e-436c-89af-f006c04da6f6,monotonic_reads,network_partition,writer-1,write,mr-30d63777-602e-436c-89af-f006c04da6f6,932,,,ONE,cassandra-1,True,False,3.808,2026-09-16T06:23:56.018776+00:00,
30d63777-602e-436c-89af-f006c04da6f6,monotonic_reads,network_partition,writer-1,write,mr-30d63777-602e-436c-89af-f006c04da6f6,933,,,ONE,cassandra-1,True,False,3.142,2026-09-16T06:23:56.046857+00:00,
30d63777-602e-436c-89af-f006c04da6f6,monotonic_reads,network_partition,writer-1,write,mr-30d63777-602e-436c-89af-f006c04da6f6,934,,,ONE,cassandra-1,True,False,4.249,2026-09-16T06:23:56.073749+00:00,
30d63777-602e-436c-89af-f006c04da6f6,monotonic_reads,network_partition,writer-1,write,mr-30d63777-602e-436c-89af-f006c04da6f6,935,,,ONE,cassandra-1,True,False,3.513,2026-09-16T06:23:56.102056+00:00,
30d63777-602e-436c-89af-f006c04da6f6,monotonic_reads,network_partition,writer-1,write,mr-30d63777-602e-436c-89af-f006c04da6f6,936,,,ONE,cassandra-1,True,False,2.083,2026-09-16T06:23:56.125757+00:00,
30d63777-602e-436c-89af-f006c04da6f6,monotonic_reads,network_partition,writer-1,write,mr-30d63777-602e-436c-89af-f006c04da6f6,937,,,ONE,cassandra-1,True,False,2.69,2026-09-16T06:23:56.153591+00:00,
30d63777-602e-436c-89af-f006c04da6f6,monotonic_reads,network_partition,writer-1,write,mr-30d63777-602e-436c-89af-f006c04da6f6,938,,,ONE,cassandra-1,True,False,3.296,2026-09-16T06:23:56.181662+00:00,
30d63777-602e-436c-89af-f006c04da6f6,monotonic_reads,network_partition,writer-1,write,mr-30d63777-602e-436c-89af-f006c04da6f6,939,,,ONE,cassandra-1,True,False,3.48,2026-09-16T06:23:56.208445+00:00,
30d63777-602e-436c-89af-f006c04da6f6,monotonic_reads,network_partition,writer-1,write,mr-30d63777-602e-436c-89af-f006c04da6f6,940,,,ONE,cassandra-1,True,False,3.992,2026-09-16T06:23:56.233863+00:00,
30d63777-602e-436c-89af-f006c04da6f6,monotonic_reads,network_partition,writer-1,write,mr-30d63777-602e-436c-89af-f006c04da6f6,941,,,ONE,cassandra-1,True,False,3.386,2026-09-16T06:23:56.257884+00:00,
30d63777-602e-436c-89af-f006c04da6f6,monotonic_reads,network_partition,writer-1,write,mr-30d63777-602e-436c-89af-f006c04da6f6,942,,,ONE,cassandra-1,True,False,3.343,2026-09-16T06:23:56.285129+00:00,
30d63777-602e-436c-89af-f006c04da6f6,monotonic_reads,network_partition,writer-1,write,mr-30d63777-602e-436c-89af-f006c04da6f6,943,,,ONE,cassandra-1,True,False,4.736,2026-09-16T06:23:56.311060+00:00,
30d63777-602e-436c-89af-f006c04da6f6,monotonic_reads,network_partition,writer-1,write,mr-30d63777-602e-436c-89af-f006c04da6f6,944,,,ONE,cassandra-1,True,False,2.16,2026-09-16T06:23:56.338293+00:00,
30d63777-602e-436c-89af-f006c04da6f6,monotonic_reads,network_partition,writer-1,write,mr-30d63777-602e-436c-89af-f006c04da6f6,945,,,ONE,cassandra-1,True,False,2.974,2026-09-16T06:23:56.363175+00:00,
30d63777-602e-436c-89af-f006c04da6f6,monotonic_reads,network_partition,writer-1,write,mr-30d63777-602e-436c-89af-f006c04da6f6,946,,,ONE,cassandra-1,True,False,3.484,2026-09-16T06:23:56.390804+00:00,
30d63777-602e-436c-89af-f006c04da6f6,monotonic_reads,network_partition,writer-1,write,mr-30d63777-602e-436c-89af-f006c04da6f6,947,,,ONE,cassandra-1,True,False,2.937,2026-09-16T06:23:56.418683+00:00,
30d63777-602e-436c-89af-f006c04da6f6,monotonic_reads,network_partition,writer-1,write,mr-30d63777-602e-436c-89af-f006c04da6f6,948,,,ONE,cassandra-1,True,False,2.053,2026-09-16T06:23:56.445759+00:00,
30d63777-602e-436c-89af-f006c04da6f6,monotonic_reads,network_partition,writer-1,write,mr-30d63777-602e-436c-89af-f006c04da6f6,949,,,ONE,cassandra-1,True,False,3.71,2026-09-16T06:23:56.471683+00:00,
30d63777-602e-436c-89af-f006c04da6f6,monotonic_reads,network_partition,writer-1,write,mr-30d63777-602e-436c-89af-f006c04da6f6,950,,,ONE,cassandra-1,True,False,3.349,2026-09-16T06:23:56.500301+00:00,
30d63777-602e-436c-89af-f006c04da6f6,monotonic_reads,network_partition,writer-1,write,mr-30d63777-602e-436c-89af-f006c04da6f6,951,,,ONE,cassandra-1,True,False,3.524,2026-09-16T06:23:56.525480+00:00,
30d63777-602e-436c-89af-f006c04da6f6,monotonic_reads,network_partition,writer-1,write,mr-30d63777-602e-436c-89af-f006c04da6f6,952,,,ONE,cassandra-1,True,False,3.149,2026-09-16T06:23:56.553851+00:00,
30d63777-602e-436c-89af-f006c04da6f6,monotonic_reads,network_partition,writer-1,write,mr-30d63777-602e-436c-89af-f006c04da6f6,953,,,ONE,cassandra-1,True,False,3.206,2026-09-16T06:23:56.578408+00:00,
30d63777-602e-436c-89af-f006c04da6f6,monotonic_reads,network_partition,writer-1,write,mr-30d63777-602e-436c-89af-f006c04da6f6,954,,,ONE,cassandra-1,True,False,2.225,2026-09-16T06:23:56.605014+00:00,
30d63777-602e-436c-89af-f006c04da6f6,monotonic_reads,network_partition,writer-1,write,mr-30d63777-602e-436c-89af-f006c04da6f6,955,,,ONE,cassandra-1,True,False,3.008,2026-09-16T06:23:56.632234+00:00,
30d63777-602e-436c-89af-f006c04da6f6,monotonic_reads,network_partition,writer-1,write,mr-30d63777-602e-436c-89af-f006c04da6f6,956,,,ONE,cassandra-1,True,False,3.686,2026-09-16T06:23:56.656692+00:00,
30d63777-602e-436c-89af-f006c04da6f6,monotonic_reads,network_partition,writer-1,write,mr-30d63777-602e-436c-89af-f006c04da6f6,957,,,ONE,cassandra-1,True,False,3.186,2026-09-16T06:23:56.684921+00:00,
30d63777-602e-436c-89af-f006c04da6f6,monotonic_reads,network_partition,writer-1,write,mr-30d63777-602e-436c-89af-f006c04da6f6,958,,,ONE,cassandra-1,True,False,4.107,2026-09-16T06:23:56.711610+00:00,
30d63777-602e-436c-89af-f006c04da6f6,monotonic_reads,network_partition,writer-1,write,mr-30d63777-602e-436c-89af-f006c04da6f6,959,,,ONE,cassandra-1,True,False,3.644,2026-09-16T06:23:56.735617+00:00,
30d63777-602e-436c-89af-f006c04da6f6,monotonic_reads,network_partition,writer-1,write,mr-30d63777-602e-436c-89af-f006c04da6f6,960,,,ONE,cassandra-1,True,False,3.535,2026-09-16T06:23:56.763593+00:00,
30d63777-602e-436c-89af-f006c04da6f6,monotonic_reads,network_partition,writer-1,write,mr-30d63777-602e-436c-89af-f006c04da6f6,961,,,ONE,cassandra-1,True,False,1.752,2026-09-16T06:23:56.785686+00:00,
30d63777-602e-436c-89af-f006c04da6f6,monotonic_reads,network_partition,writer-1,write,mr-30d63777-602e-436c-89af-f006c04da6f6,962,,,ONE,cassandra-1,True,False,4.082,2026-09-16T06:23:56.809939+00:00,
30d63777-602e-436c-89af-f006c04da6f6,monotonic_reads,network_partition,writer-1,write,mr-30d63777-602e-436c-89af-f006c04da6f6,963,,,ONE,cassandra-1,True,False,2.255,2026-09-16T06:23:56.836217+00:00,
30d63777-602e-436c-89af-f006c04da6f6,monotonic_reads,network_partition,writer-1,write,mr-30d63777-602e-436c-89af-f006c04da6f6,964,,,ONE,cassandra-1,True,False,3.243,2026-09-16T06:23:56.864212+00:00,
30d63777-602e-436c-89af-f006c04da6f6,monotonic_reads,network_partition,writer-1,write,mr-30d63777-602e-436c-89af-f006c04da6f6,965,,,ONE,cassandra-1,True,False,4.099,2026-09-16T06:23:56.891063+00:00,
30d63777-602e-436c-89af-f006c04da6f6,monotonic_reads,network_partition,writer-1,write,mr-30d63777-602e-436c-89af-f006c04da6f6,966,,,ONE,cassandra-1,True,False,3.764,2026-09-16T06:23:56.915735+00:00,
30d63777-602e-436c-89af-f006c04da6f6,monotonic_reads,network_partition,writer-1,write,mr-30d63777-602e-436c-89af-f006c04da6f6,967,,,ONE,cassandra-1,True,False,2.84,2026-09-16T06:23:56.940084+00:00,
30d63777-602e-436c-89af-f006c04da6f6,monotonic_reads,network_partition,writer-1,write,mr-30d63777-602e-436c-89af-f006c04da6f6,968,,,ONE,cassandra-1,True,False,3.647,2026-09-16T06:23:56.966870+00:00,
30d63777-602e-436c-89af-f006c04da6f6,monotonic_reads,network_partition,writer-1,write,mr-30d63777-602e-436c-89af-f006c04da6f6,969,,,ONE,cassandra-1,True,False,2.517,2026-09-16T06:23:56.994359+00:00,
30d63777-602e-436c-89af-f006c04da6f6,monotonic_reads,network_partition,writer-1,write,mr-30d63777-602e-436c-89af-f006c04da6f6,970,,,ONE,cassandra-1,True,False,4.21,2026-09-16T06:23:57.020185+00:00,
30d63777-602e-436c-89af-f006c04da6f6,monotonic_reads,network_partition,writer-1,write,mr-30d63777-602e-436c-89af-f006c04da6f6,971,,,ONE,cassandra-1,True,False,3.231,2026-09-16T06:23:57.048249+00:00,
30d63777-602e-436c-89af-f006c04da6f6,monotonic_reads,network_partition,writer-1,write,mr-30d63777-602e-436c-89af-f006c04da6f6,972,,,ONE,cassandra-1,True,False,3.126,2026-09-16T06:23:57.072466+00:00,
30d63777-602e-436c-89af-f006c04da6f6,monotonic_reads,network_partition,writer-1,write,mr-30d63777-602e-436c-89af-f006c04da6f6,973,,,ONE,cassandra-1,True,False,3.451,2026-09-16T06:23:57.101158+00:00,
30d63777-602e-436c-89af-f006c04da6f6,monotonic_reads,network_partition,writer-1,write,mr-30d63777-602e-436c-89af-f006c04da6f6,974,,,ONE,cassandra-1,True,False,3.715,2026-09-16T06:23:57.128654+00:00,
30d63777-602e-436c-89af-f006c04da6f6,monotonic_reads,network_partition,writer-1,write,mr-30d63777-602e-436c-89af-f006c04da6f6,975,,,ONE,cassandra-1,True,False,2.408,2026-09-16T06:23:57.154783+00:00,
30d63777-602e-436c-89af-f006c04da6f6,monotonic_reads,network_partition,writer-1,write,mr-30d63777-602e-436c-89af-f006c04da6f6,976,,,ONE,cassandra-1,True,False,3.063,2026-09-16T06:23:57.179436+00:00,
30d63777-602e-436c-89af-f006c04da6f6,monotonic_reads,network_partition,writer-1,write,mr-30d63777-602e-436c-89af-f006c04da6f6,977,,,ONE,cassandra-1,True,False,3.012,2026-09-16T06:23:57.206716+00:00,
30d63777-602e-436c-89af-f006c04da6f6,monotonic_reads,network_partition,writer-1,write,mr-30d63777-602e-436c-89af-f006c04da6f6,978,,,ONE,cassandra-1,True,False,1.513,2026-09-16T06:23:57.229592+00:00,
30d63777-602e-436c-89af-f006c04da6f6,monotonic_reads,network_partition,writer-1,write,mr-30d63777-602e-436c-89af-f006c04da6f6,979,,,ONE,cassandra-1,True,False,2.588,2026-09-16T06:23:57.252848+00:00,
30d63777-602e-436c-89af-f006c04da6f6,monotonic_reads,network_partition,writer-1,write,mr-30d63777-602e-436c-89af-f006c04da6f6,980,,,ONE,cassandra-1,True,False,1.663,2026-09-16T06:23:57.278924+00:00,
30d63777-602e-436c-89af-f006c04da6f6,monotonic_reads,network_partition,writer-1,write,mr-30d63777-602e-436c-89af-f006c04da6f6,981,,,ONE,cassandra-1,True,False,1.545,2026-09-16T06:23:57.301522+00:00,
30d63777-602e-436c-89af-f006c04da6f6,monotonic_reads,network_partition,writer-1,write,mr-30d63777-602e-436c-89af-f006c04da6f6,982,,,ONE,cassandra-1,True,False,1.764,2026-09-16T06:23:57.325456+00:00,
30d63777-602e-436c-89af-f006c04da6f6,monotonic_reads,network_partition,writer-1,write,mr-30d63777-602e-436c-89af-f006c04da6f6,983,,,ONE,cassandra-1,True,False,1.579,2026-09-16T06:23:57.352170+00:00,
30d63777-602e-436c-89af-f006c04da6f6,monotonic_reads,network_partition,writer-1,write,mr-30d63777-602e-436c-89af-f006c04da6f6,984,,,ONE,cassandra-1,True,False,2.956,2026-09-16T06:23:57.380337+00:00,
30d63777-602e-436c-89af-f006c04da6f6,monotonic_reads,network_partition,writer-1,write,mr-30d63777-602e-436c-89af-f006c04da6f6,985,,,ONE,cassandra-1,True,False,2.158,2026-09-16T06:23:57.405853+00:00,
30d63777-602e-436c-89af-f006c04da6f6,monotonic_reads,network_partition,writer-1,write,mr-30d63777-602e-436c-89af-f006c04da6f6,986,,,ONE,cassandra-1,True,False,1.345,2026-09-16T06:23:57.431780+00:00,
30d63777-602e-436c-89af-f006c04da6f6,monotonic_reads,network_partition,writer-1,write,mr-30d63777-602e-436c-89af-f006c04da6f6,987,,,ONE,cassandra-1,True,False,9.59,2026-09-16T06:23:57.466480+00:00,
30d63777-602e-436c-89af-f006c04da6f6,monotonic_reads,network_partition,writer-1,write,mr-30d63777-602e-436c-89af-f006c04da6f6,988,,,ONE,cassandra-1,True,False,1.178,2026-09-16T06:23:57.492772+00:00,
30d63777-602e-436c-89af-f006c04da6f6,monotonic_reads,network_partition,writer-1,write,mr-30d63777-602e-436c-89af-f006c04da6f6,989,,,ONE,cassandra-1,True,False,1.202,2026-09-16T06:23:57.516882+00:00,
30d63777-602e-436c-89af-f006c04da6f6,monotonic_reads,network_partition,writer-1,write,mr-30d63777-602e-436c-89af-f006c04da6f6,990,,,ONE,cassandra-1,True,False,1.166,2026-09-16T06:23:57.541965+00:00,
30d63777-602e-436c-89af-f006c04da6f6,monotonic_reads,network_partition,writer-1,write,mr-30d63777-602e-436c-89af-f006c04da6f6,991,,,ONE,cassandra-1,True,False,1.099,2026-09-16T06:23:57.568158+00:00,
30d63777-602e-436c-89af-f006c04da6f6,monotonic_reads,network_partition,writer-1,write,mr-30d63777-602e-436c-89af-f006c04da6f6,992,,,ONE,cassandra-1,True,False,2.112,2026-09-16T06:23:57.590555+00:00,
30d63777-602e-436c-89af-f006c04da6f6,monotonic_reads,network_partition,writer-1,write,mr-30d63777-602e-436c-89af-f006c04da6f6,993,,,ONE,cassandra-1,True,False,1.715,2026-09-16T06:23:57.612587+00:00,
30d63777-602e-436c-89af-f006c04da6f6,monotonic_reads,network_partition,writer-1,write,mr-30d63777-602e-436c-89af-f006c04da6f6,994,,,ONE,cassandra-1,True,False,1.082,2026-09-16T06:23:57.637158+00:00,
30d63777-602e-436c-89af-f006c04da6f6,monotonic_reads,network_partition,writer-1,write,mr-30d63777-602e-436c-89af-f006c04da6f6,995,,,ONE,cassandra-1,True,False,2.582,2026-09-16T06:23:57.664848+00:00,
30d63777-602e-436c-89af-f006c04da6f6,monotonic_reads,network_partition,writer-1,write,mr-30d63777-602e-436c-89af-f006c04da6f6,996,,,ONE,cassandra-1,True,False,2.502,2026-09-16T06:23:57.688431+00:00,
30d63777-602e-436c-89af-f006c04da6f6,monotonic_reads,network_partition,writer-1,write,mr-30d63777-602e-436c-89af-f006c04da6f6,997,,,ONE,cassandra-1,True,False,1.051,2026-09-16T06:23:57.710306+00:00,
30d63777-602e-436c-89af-f006c04da6f6,monotonic_reads,network_partition,writer-1,write,mr-30d63777-602e-436c-89af-f006c04da6f6,998,,,ONE,cassandra-1,True,False,1.387,2026-09-16T06:23:57.736820+00:00,
30d63777-602e-436c-89af-f006c04da6f6,monotonic_reads,network_partition,writer-1,write,mr-30d63777-602e-436c-89af-f006c04da6f6,999,,,ONE,cassandra-1,True,False,2.48,2026-09-16T06:23:57.762525+00:00,
30d63777-602e-436c-89af-f006c04da6f6,monotonic_reads,network_partition,writer-1,write,mr-30d63777-602e-436c-89af-f006c04da6f6,1000,,,ONE,cassandra-1,True,False,1.275,2026-09-16T06:23:57.787920+00:00,
30d63777-602e-436c-89af-f006c04da6f6,monotonic_reads,network_partition,writer-1,write,mr-30d63777-602e-436c-89af-f006c04da6f6,1001,,,ONE,cassandra-1,True,False,2.328,2026-09-16T06:23:57.811636+00:00,
30d63777-602e-436c-89af-f006c04da6f6,monotonic_reads,network_partition,writer-1,write,mr-30d63777-602e-436c-89af-f006c04da6f6,1002,,,ONE,cassandra-1,True,False,1.148,2026-09-16T06:23:57.836245+00:00,
30d63777-602e-436c-89af-f006c04da6f6,monotonic_reads,network_partition,writer-1,write,mr-30d63777-602e-436c-89af-f006c04da6f6,1003,,,ONE,cassandra-1,True,False,1.583,2026-09-16T06:23:57.862744+00:00,
30d63777-602e-436c-89af-f006c04da6f6,monotonic_reads,network_partition,writer-1,write,mr-30d63777-602e-436c-89af-f006c04da6f6,1004,,,ONE,cassandra-1,True,False,3.037,2026-09-16T06:23:57.889288+00:00,
30d63777-602e-436c-89af-f006c04da6f6,monotonic_reads,network_partition,writer-1,write,mr-30d63777-602e-436c-89af-f006c04da6f6,1005,,,ONE,cassandra-1,True,False,1.929,2026-09-16T06:23:57.912530+00:00,
30d63777-602e-436c-89af-f006c04da6f6,monotonic_reads,network_partition,writer-1,write,mr-30d63777-602e-436c-89af-f006c04da6f6,1006,,,ONE,cassandra-1,True,False,2.035,2026-09-16T06:23:57.939800+00:00,
30d63777-602e-436c-89af-f006c04da6f6,monotonic_reads,network_partition,writer-1,write,mr-30d63777-602e-436c-89af-f006c04da6f6,1007,,,ONE,cassandra-1,True,False,2.447,2026-09-16T06:23:57.967574+00:00,
30d63777-602e-436c-89af-f006c04da6f6,monotonic_reads,network_partition,writer-1,write,mr-30d63777-602e-436c-89af-f006c04da6f6,1008,,,ONE,cassandra-1,True,False,3.187,2026-09-16T06:23:57.992547+00:00,
30d63777-602e-436c-89af-f006c04da6f6,monotonic_reads,network_partition,writer-1,write,mr-30d63777-602e-436c-89af-f006c04da6f6,1009,,,ONE,cassandra-1,True,False,4.02,2026-09-16T06:23:58.020378+00:00,
30d63777-602e-436c-89af-f006c04da6f6,monotonic_reads,network_partition,writer-1,write,mr-30d63777-602e-436c-89af-f006c04da6f6,1010,,,ONE,cassandra-1,True,False,3.949,2026-09-16T06:23:58.047665+00:00,
30d63777-602e-436c-89af-f006c04da6f6,monotonic_reads,network_partition,writer-1,write,mr-30d63777-602e-436c-89af-f006c04da6f6,1011,,,ONE,cassandra-1,True,False,3.56,2026-09-16T06:23:58.076094+00:00,
30d63777-602e-436c-89af-f006c04da6f6,monotonic_reads,network_partition,writer-1,write,mr-30d63777-602e-436c-89af-f006c04da6f6,1012,,,ONE,cassandra-1,True,False,2.925,2026-09-16T06:23:58.103945+00:00,
30d63777-602e-436c-89af-f006c04da6f6,monotonic_reads,network_partition,writer-1,write,mr-30d63777-602e-436c-89af-f006c04da6f6,1013,,,ONE,cassandra-1,True,False,3.595,2026-09-16T06:23:58.129567+00:00,
30d63777-602e-436c-89af-f006c04da6f6,monotonic_reads,network_partition,writer-1,write,mr-30d63777-602e-436c-89af-f006c04da6f6,1014,,,ONE,cassandra-1,True,False,1.507,2026-09-16T06:23:58.156294+00:00,
30d63777-602e-436c-89af-f006c04da6f6,monotonic_reads,network_partition,writer-1,write,mr-30d63777-602e-436c-89af-f006c04da6f6,1015,,,ONE,cassandra-1,True,False,3.816,2026-09-16T06:23:58.183036+00:00,
30d63777-602e-436c-89af-f006c04da6f6,monotonic_reads,network_partition,writer-1,write,mr-30d63777-602e-436c-89af-f006c04da6f6,1016,,,ONE,cassandra-1,True,False,3.065,2026-09-16T06:23:58.210081+00:00,
30d63777-602e-436c-89af-f006c04da6f6,monotonic_reads,network_partition,writer-1,write,mr-30d63777-602e-436c-89af-f006c04da6f6,1017,,,ONE,cassandra-1,True,False,3.666,2026-09-16T06:23:58.235622+00:00,
30d63777-602e-436c-89af-f006c04da6f6,monotonic_reads,network_partition,writer-1,write,mr-30d63777-602e-436c-89af-f006c04da6f6,1018,,,ONE,cassandra-1,True,False,2.262,2026-09-16T06:23:58.262887+00:00,
30d63777-602e-436c-89af-f006c04da6f6,monotonic_reads,network_partition,writer-1,write,mr-30d63777-602e-436c-89af-f006c04da6f6,1019,,,ONE,cassandra-1,True,False,3.335,2026-09-16T06:23:58.290297+00:00,
30d63777-602e-436c-89af-f006c04da6f6,monotonic_reads,network_partition,writer-1,write,mr-30d63777-602e-436c-89af-f006c04da6f6,1020,,,ONE,cassandra-1,True,False,3.655,2026-09-16T06:23:58.315875+00:00,
30d63777-602e-436c-89af-f006c04da6f6,monotonic_reads,network_partition,reader-1,read,mr-30d63777-602e-436c-89af-f006c04da6f6,,,QUORUM,ONE,cassandra-3,False,False,5155.193,2026-09-16T06:23:58.319193+00:00,"ReadTimeout: Error from server: code=1200 [Coordinator node timed out waiting for replica nodes' responses] message=""Operation timed out - received only 1 responses."" info={'consistency': 'QUORUM', 'required_responses': 2, 'received_responses': 1}"
30d63777-602e-436c-89af-f006c04da6f6,monotonic_reads,network_partition,reader-1,read,mr-30d63777-602e-436c-89af-f006c04da6f6,,1020,QUORUM,ONE,cassandra-1,True,False,5.213,2026-09-16T06:23:58.335563+00:00,
30d63777-602e-436c-89af-f006c04da6f6,monotonic_reads,network_partition,writer-1,write,mr-30d63777-602e-436c-89af-f006c04da6f6,1021,,,ONE,cassandra-1,True,False,2.917,2026-09-16T06:23:58.339888+00:00,
30d63777-602e-436c-89af-f006c04da6f6,monotonic_reads,network_partition,reader-1,read,mr-30d63777-602e-436c-89af-f006c04da6f6,,1021,QUORUM,ONE,cassandra-2,True,False,5.915,2026-09-16T06:23:58.352857+00:00,
30d63777-602e-436c-89af-f006c04da6f6,monotonic_reads,network_partition,writer-1,write,mr-30d63777-602e-436c-89af-f006c04da6f6,1022,,,ONE,cassandra-1,True,False,2.604,2026-09-16T06:23:58.366884+00:00,
30d63777-602e-436c-89af-f006c04da6f6,monotonic_reads,network_partition,writer-1,write,mr-30d63777-602e-436c-89af-f006c04da6f6,1023,,,ONE,cassandra-1,True,False,12.508,2026-09-16T06:23:58.402433+00:00,
30d63777-602e-436c-89af-f006c04da6f6,monotonic_reads,network_partition,writer-1,write,mr-30d63777-602e-436c-89af-f006c04da6f6,1024,,,ONE,cassandra-1,True,False,2.791,2026-09-16T06:23:58.430406+00:00,
30d63777-602e-436c-89af-f006c04da6f6,monotonic_reads,network_partition,writer-1,write,mr-30d63777-602e-436c-89af-f006c04da6f6,1025,,,ONE,cassandra-1,True,False,3.191,2026-09-16T06:23:58.457205+00:00,
30d63777-602e-436c-89af-f006c04da6f6,monotonic_reads,network_partition,writer-1,write,mr-30d63777-602e-436c-89af-f006c04da6f6,1026,,,ONE,cassandra-1,True,False,3.297,2026-09-16T06:23:58.482630+00:00,
30d63777-602e-436c-89af-f006c04da6f6,monotonic_reads,network_partition,writer-1,write,mr-30d63777-602e-436c-89af-f006c04da6f6,1027,,,ONE,cassandra-1,True,False,3.358,2026-09-16T06:23:58.508721+00:00,
30d63777-602e-436c-89af-f006c04da6f6,monotonic_reads,network_partition,writer-1,write,mr-30d63777-602e-436c-89af-f006c04da6f6,1028,,,ONE,cassandra-1,True,False,3.999,2026-09-16T06:23:58.534834+00:00,
30d63777-602e-436c-89af-f006c04da6f6,monotonic_reads,network_partition,writer-1,write,mr-30d63777-602e-436c-89af-f006c04da6f6,1029,,,ONE,cassandra-1,True,False,3.32,2026-09-16T06:23:58.562192+00:00,
30d63777-602e-436c-89af-f006c04da6f6,monotonic_reads,network_partition,writer-1,write,mr-30d63777-602e-436c-89af-f006c04da6f6,1030,,,ONE,cassandra-1,True,False,3.276,2026-09-16T06:23:58.586648+00:00,
30d63777-602e-436c-89af-f006c04da6f6,monotonic_reads,network_partition,writer-1,write,mr-30d63777-602e-436c-89af-f006c04da6f6,1031,,,ONE,cassandra-1,True,False,2.912,2026-09-16T06:23:58.611824+00:00,
30d63777-602e-436c-89af-f006c04da6f6,monotonic_reads,network_partition,writer-1,write,mr-30d63777-602e-436c-89af-f006c04da6f6,1032,,,ONE,cassandra-1,True,False,3.373,2026-09-16T06:23:58.640441+00:00,
30d63777-602e-436c-89af-f006c04da6f6,monotonic_reads,network_partition,writer-1,write,mr-30d63777-602e-436c-89af-f006c04da6f6,1033,,,ONE,cassandra-1,True,False,3.176,2026-09-16T06:23:58.667838+00:00,
30d63777-602e-436c-89af-f006c04da6f6,monotonic_reads,network_partition,writer-1,write,mr-30d63777-602e-436c-89af-f006c04da6f6,1034,,,ONE,cassandra-1,True,False,3.162,2026-09-16T06:23:58.695244+00:00,
30d63777-602e-436c-89af-f006c04da6f6,monotonic_reads,network_partition,writer-1,write,mr-30d63777-602e-436c-89af-f006c04da6f6,1035,,,ONE,cassandra-1,True,False,3.393,2026-09-16T06:23:58.723807+00:00,
30d63777-602e-436c-89af-f006c04da6f6,monotonic_reads,network_partition,writer-1,write,mr-30d63777-602e-436c-89af-f006c04da6f6,1036,,,ONE,cassandra-1,True,False,2.914,2026-09-16T06:23:58.751160+00:00,
30d63777-602e-436c-89af-f006c04da6f6,monotonic_reads,network_partition,writer-1,write,mr-30d63777-602e-436c-89af-f006c04da6f6,1037,,,ONE,cassandra-1,True,False,1.397,2026-09-16T06:23:58.775521+00:00,
30d63777-602e-436c-89af-f006c04da6f6,monotonic_reads,network_partition,writer-1,write,mr-30d63777-602e-436c-89af-f006c04da6f6,1038,,,ONE,cassandra-1,True,False,3.748,2026-09-16T06:23:58.800714+00:00,
30d63777-602e-436c-89af-f006c04da6f6,monotonic_reads,network_partition,writer-1,write,mr-30d63777-602e-436c-89af-f006c04da6f6,1039,,,ONE,cassandra-1,True,False,2.951,2026-09-16T06:23:58.826892+00:00,
30d63777-602e-436c-89af-f006c04da6f6,monotonic_reads,network_partition,writer-1,write,mr-30d63777-602e-436c-89af-f006c04da6f6,1040,,,ONE,cassandra-1,True,False,3.193,2026-09-16T06:23:58.853138+00:00,
30d63777-602e-436c-89af-f006c04da6f6,monotonic_reads,network_partition,writer-1,write,mr-30d63777-602e-436c-89af-f006c04da6f6,1041,,,ONE,cassandra-1,True,False,4.2,2026-09-16T06:23:58.880144+00:00,
30d63777-602e-436c-89af-f006c04da6f6,monotonic_reads,network_partition,writer-1,write,mr-30d63777-602e-436c-89af-f006c04da6f6,1042,,,ONE,cassandra-1,True,False,3.929,2026-09-16T06:23:58.908884+00:00,
30d63777-602e-436c-89af-f006c04da6f6,monotonic_reads,network_partition,writer-1,write,mr-30d63777-602e-436c-89af-f006c04da6f6,1043,,,ONE,cassandra-1,True,False,3.593,2026-09-16T06:23:58.936753+00:00,
30d63777-602e-436c-89af-f006c04da6f6,monotonic_reads,network_partition,writer-1,write,mr-30d63777-602e-436c-89af-f006c04da6f6,1044,,,ONE,cassandra-1,True,False,3.324,2026-09-16T06:23:58.961296+00:00,
30d63777-602e-436c-89af-f006c04da6f6,monotonic_reads,network_partition,writer-1,write,mr-30d63777-602e-436c-89af-f006c04da6f6,1045,,,ONE,cassandra-1,True,False,3.26,2026-09-16T06:23:58.988242+00:00,
30d63777-602e-436c-89af-f006c04da6f6,monotonic_reads,network_partition,writer-1,write,mr-30d63777-602e-436c-89af-f006c04da6f6,1046,,,ONE,cassandra-1,True,False,3.228,2026-09-16T06:23:59.013566+00:00,
30d63777-602e-436c-89af-f006c04da6f6,monotonic_reads,network_partition,writer-1,write,mr-30d63777-602e-436c-89af-f006c04da6f6,1047,,,ONE,cassandra-1,True,False,2.621,2026-09-16T06:23:59.038578+00:00,
30d63777-602e-436c-89af-f006c04da6f6,monotonic_reads,network_partition,writer-1,write,mr-30d63777-602e-436c-89af-f006c04da6f6,1048,,,ONE,cassandra-1,True,False,3.165,2026-09-16T06:23:59.066876+00:00,
30d63777-602e-436c-89af-f006c04da6f6,monotonic_reads,network_partition,writer-1,write,mr-30d63777-602e-436c-89af-f006c04da6f6,1049,,,ONE,cassandra-1,True,False,3.638,2026-09-16T06:23:59.093612+00:00,
30d63777-602e-436c-89af-f006c04da6f6,monotonic_reads,network_partition,writer-1,write,mr-30d63777-602e-436c-89af-f006c04da6f6,1050,,,ONE,cassandra-1,True,False,2.529,2026-09-16T06:23:59.120932+00:00,
30d63777-602e-436c-89af-f006c04da6f6,monotonic_reads,network_partition,writer-1,write,mr-30d63777-602e-436c-89af-f006c04da6f6,1051,,,ONE,cassandra-1,True,False,3.721,2026-09-16T06:23:59.147716+00:00,
30d63777-602e-436c-89af-f006c04da6f6,monotonic_reads,network_partition,writer-1,write,mr-30d63777-602e-436c-89af-f006c04da6f6,1052,,,ONE,cassandra-1,True,False,2.969,2026-09-16T06:23:59.172934+00:00,
30d63777-602e-436c-89af-f006c04da6f6,monotonic_reads,network_partition,writer-1,write,mr-30d63777-602e-436c-89af-f006c04da6f6,1053,,,ONE,cassandra-1,True,False,3.158,2026-09-16T06:23:59.199672+00:00,
30d63777-602e-436c-89af-f006c04da6f6,monotonic_reads,network_partition,writer-1,write,mr-30d63777-602e-436c-89af-f006c04da6f6,1054,,,ONE,cassandra-1,True,False,2.874,2026-09-16T06:23:59.226872+00:00,
30d63777-602e-436c-89af-f006c04da6f6,monotonic_reads,network_partition,writer-1,write,mr-30d63777-602e-436c-89af-f006c04da6f6,1055,,,ONE,cassandra-1,True,False,2.861,2026-09-16T06:23:59.254948+00:00,
30d63777-602e-436c-89af-f006c04da6f6,monotonic_reads,network_partition,writer-1,write,mr-30d63777-602e-436c-89af-f006c04da6f6,1056,,,ONE,cassandra-1,True,False,2.148,2026-09-16T06:23:59.281051+00:00,
30d63777-602e-436c-89af-f006c04da6f6,monotonic_reads,network_partition,writer-1,write,mr-30d63777-602e-436c-89af-f006c04da6f6,1057,,,ONE,cassandra-1,True,False,1.345,2026-09-16T06:23:59.305016+00:00,
30d63777-602e-436c-89af-f006c04da6f6,monotonic_reads,network_partition,writer-1,write,mr-30d63777-602e-436c-89af-f006c04da6f6,1058,,,ONE,cassandra-1,True,False,2.423,2026-09-16T06:23:59.329671+00:00,
30d63777-602e-436c-89af-f006c04da6f6,monotonic_reads,network_partition,writer-1,write,mr-30d63777-602e-436c-89af-f006c04da6f6,1059,,,ONE,cassandra-1,True,False,1.296,2026-09-16T06:23:59.356155+00:00,
30d63777-602e-436c-89af-f006c04da6f6,monotonic_reads,network_partition,writer-1,write,mr-30d63777-602e-436c-89af-f006c04da6f6,1060,,,ONE,cassandra-1,True,False,2.084,2026-09-16T06:23:59.380609+00:00,
30d63777-602e-436c-89af-f006c04da6f6,monotonic_reads,network_partition,writer-1,write,mr-30d63777-602e-436c-89af-f006c04da6f6,1061,,,ONE,cassandra-1,True,False,1.382,2026-09-16T06:23:59.406670+00:00,
30d63777-602e-436c-89af-f006c04da6f6,monotonic_reads,network_partition,writer-1,write,mr-30d63777-602e-436c-89af-f006c04da6f6,1062,,,ONE,cassandra-1,True,False,2.388,2026-09-16T06:23:59.430728+00:00,
30d63777-602e-436c-89af-f006c04da6f6,monotonic_reads,network_partition,writer-1,write,mr-30d63777-602e-436c-89af-f006c04da6f6,1063,,,ONE,cassandra-1,True,False,1.7,2026-09-16T06:23:59.456737+00:00,
30d63777-602e-436c-89af-f006c04da6f6,monotonic_reads,network_partition,writer-1,write,mr-30d63777-602e-436c-89af-f006c04da6f6,1064,,,ONE,cassandra-1,True,False,2.23,2026-09-16T06:23:59.482108+00:00,
30d63777-602e-436c-89af-f006c04da6f6,monotonic_reads,network_partition,writer-1,write,mr-30d63777-602e-436c-89af-f006c04da6f6,1065,,,ONE,cassandra-1,True,False,2.303,2026-09-16T06:23:59.509564+00:00,
30d63777-602e-436c-89af-f006c04da6f6,monotonic_reads,network_partition,writer-1,write,mr-30d63777-602e-436c-89af-f006c04da6f6,1066,,,ONE,cassandra-1,True,False,2.286,2026-09-16T06:23:59.533227+00:00,
30d63777-602e-436c-89af-f006c04da6f6,monotonic_reads,network_partition,writer-1,write,mr-30d63777-602e-436c-89af-f006c04da6f6,1067,,,ONE,cassandra-1,True,False,3.317,2026-09-16T06:23:59.560113+00:00,
30d63777-602e-436c-89af-f006c04da6f6,monotonic_reads,network_partition,writer-1,write,mr-30d63777-602e-436c-89af-f006c04da6f6,1068,,,ONE,cassandra-1,True,False,3.387,2026-09-16T06:23:59.586744+00:00,
30d63777-602e-436c-89af-f006c04da6f6,monotonic_reads,network_partition,writer-1,write,mr-30d63777-602e-436c-89af-f006c04da6f6,1069,,,ONE,cassandra-1,True,False,1.947,2026-09-16T06:23:59.612349+00:00,
30d63777-602e-436c-89af-f006c04da6f6,monotonic_reads,network_partition,writer-1,write,mr-30d63777-602e-436c-89af-f006c04da6f6,1070,,,ONE,cassandra-1,True,False,3.655,2026-09-16T06:23:59.636543+00:00,
30d63777-602e-436c-89af-f006c04da6f6,monotonic_reads,network_partition,writer-1,write,mr-30d63777-602e-436c-89af-f006c04da6f6,1071,,,ONE,cassandra-1,True,False,3.299,2026-09-16T06:23:59.663751+00:00,
30d63777-602e-436c-89af-f006c04da6f6,monotonic_reads,network_partition,writer-1,write,mr-30d63777-602e-436c-89af-f006c04da6f6,1072,,,ONE,cassandra-1,True,False,3.621,2026-09-16T06:23:59.689585+00:00,
30d63777-602e-436c-89af-f006c04da6f6,monotonic_reads,network_partition,writer-1,write,mr-30d63777-602e-436c-89af-f006c04da6f6,1073,,,ONE,cassandra-1,True,False,3.717,2026-09-16T06:23:59.713735+00:00,
30d63777-602e-436c-89af-f006c04da6f6,monotonic_reads,network_partition,writer-1,write,mr-30d63777-602e-436c-89af-f006c04da6f6,1074,,,ONE,cassandra-1,True,False,3.308,2026-09-16T06:23:59.740625+00:00,
30d63777-602e-436c-89af-f006c04da6f6,monotonic_reads,network_partition,writer-1,write,mr-30d63777-602e-436c-89af-f006c04da6f6,1075,,,ONE,cassandra-1,True,False,2.431,2026-09-16T06:23:59.763391+00:00,
30d63777-602e-436c-89af-f006c04da6f6,monotonic_reads,network_partition,writer-1,write,mr-30d63777-602e-436c-89af-f006c04da6f6,1076,,,ONE,cassandra-1,True,False,2.792,2026-09-16T06:23:59.789977+00:00,
30d63777-602e-436c-89af-f006c04da6f6,monotonic_reads,network_partition,writer-1,write,mr-30d63777-602e-436c-89af-f006c04da6f6,1077,,,ONE,cassandra-1,True,False,3.472,2026-09-16T06:23:59.816431+00:00,
30d63777-602e-436c-89af-f006c04da6f6,monotonic_reads,network_partition,writer-1,write,mr-30d63777-602e-436c-89af-f006c04da6f6,1078,,,ONE,cassandra-1,True,False,2.573,2026-09-16T06:23:59.839444+00:00,
30d63777-602e-436c-89af-f006c04da6f6,monotonic_reads,network_partition,writer-1,write,mr-30d63777-602e-436c-89af-f006c04da6f6,1079,,,ONE,cassandra-1,True,False,3.185,2026-09-16T06:23:59.866883+00:00,
30d63777-602e-436c-89af-f006c04da6f6,monotonic_reads,network_partition,writer-1,write,mr-30d63777-602e-436c-89af-f006c04da6f6,1080,,,ONE,cassandra-1,True,False,4.086,2026-09-16T06:23:59.893047+00:00,
30d63777-602e-436c-89af-f006c04da6f6,monotonic_reads,network_partition,writer-1,write,mr-30d63777-602e-436c-89af-f006c04da6f6,1081,,,ONE,cassandra-1,True,False,3.29,2026-09-16T06:23:59.919304+00:00,
30d63777-602e-436c-89af-f006c04da6f6,monotonic_reads,network_partition,writer-1,write,mr-30d63777-602e-436c-89af-f006c04da6f6,1082,,,ONE,cassandra-1,True,False,3.338,2026-09-16T06:23:59.946143+00:00,
30d63777-602e-436c-89af-f006c04da6f6,monotonic_reads,network_partition,writer-1,write,mr-30d63777-602e-436c-89af-f006c04da6f6,1083,,,ONE,cassandra-1,True,False,2.971,2026-09-16T06:23:59.972451+00:00,
30d63777-602e-436c-89af-f006c04da6f6,monotonic_reads,network_partition,writer-1,write,mr-30d63777-602e-436c-89af-f006c04da6f6,1084,,,ONE,cassandra-1,True,False,3.41,2026-09-16T06:24:00.000362+00:00,
30d63777-602e-436c-89af-f006c04da6f6,monotonic_reads,network_partition,writer-1,write,mr-30d63777-602e-436c-89af-f006c04da6f6,1085,,,ONE,cassandra-1,True,False,2.975,2026-09-16T06:24:00.028020+00:00,
30d63777-602e-436c-89af-f006c04da6f6,monotonic_reads,network_partition,writer-1,write,mr-30d63777-602e-436c-89af-f006c04da6f6,1086,,,ONE,cassandra-1,True,False,4.049,2026-09-16T06:24:00.057013+00:00,
30d63777-602e-436c-89af-f006c04da6f6,monotonic_reads,network_partition,writer-1,write,mr-30d63777-602e-436c-89af-f006c04da6f6,1087,,,ONE,cassandra-1,True,False,3.369,2026-09-16T06:24:00.083723+00:00,
30d63777-602e-436c-89af-f006c04da6f6,monotonic_reads,network_partition,writer-1,write,mr-30d63777-602e-436c-89af-f006c04da6f6,1088,,,ONE,cassandra-1,True,False,3.534,2026-09-16T06:24:00.108768+00:00,
30d63777-602e-436c-89af-f006c04da6f6,monotonic_reads,network_partition,writer-1,write,mr-30d63777-602e-436c-89af-f006c04da6f6,1089,,,ONE,cassandra-1,True,False,3.33,2026-09-16T06:24:00.134495+00:00,
30d63777-602e-436c-89af-f006c04da6f6,monotonic_reads,network_partition,writer-1,write,mr-30d63777-602e-436c-89af-f006c04da6f6,1090,,,ONE,cassandra-1,True,False,3.186,2026-09-16T06:24:00.162173+00:00,
30d63777-602e-436c-89af-f006c04da6f6,monotonic_reads,network_partition,writer-1,write,mr-30d63777-602e-436c-89af-f006c04da6f6,1091,,,ONE,cassandra-1,True,False,2.865,2026-09-16T06:24:00.186553+00:00,
30d63777-602e-436c-89af-f006c04da6f6,monotonic_reads,network_partition,writer-1,write,mr-30d63777-602e-436c-89af-f006c04da6f6,1092,,,ONE,cassandra-1,True,False,2.7,2026-09-16T06:24:00.214150+00:00,
30d63777-602e-436c-89af-f006c04da6f6,monotonic_reads,network_partition,writer-1,write,mr-30d63777-602e-436c-89af-f006c04da6f6,1093,,,ONE,cassandra-1,True,False,2.774,2026-09-16T06:24:00.237217+00:00,
30d63777-602e-436c-89af-f006c04da6f6,monotonic_reads,network_partition,writer-1,write,mr-30d63777-602e-436c-89af-f006c04da6f6,1094,,,ONE,cassandra-1,True,False,3.317,2026-09-16T06:24:00.265743+00:00,
30d63777-602e-436c-89af-f006c04da6f6,monotonic_reads,network_partition,writer-1,write,mr-30d63777-602e-436c-89af-f006c04da6f6,1095,,,ONE,cassandra-1,True,False,3.401,2026-09-16T06:24:00.294257+00:00,
30d63777-602e-436c-89af-f006c04da6f6,monotonic_reads,network_partition,writer-1,write,mr-30d63777-602e-436c-89af-f006c04da6f6,1096,,,ONE,cassandra-1,True,False,3.32,2026-09-16T06:24:00.322309+00:00,
30d63777-602e-436c-89af-f006c04da6f6,monotonic_reads,network_partition,writer-1,write,mr-30d63777-602e-436c-89af-f006c04da6f6,1097,,,ONE,cassandra-1,True,False,2.785,2026-09-16T06:24:00.346331+00:00,
30d63777-602e-436c-89af-f006c04da6f6,monotonic_reads,network_partition,writer-1,write,mr-30d63777-602e-436c-89af-f006c04da6f6,1098,,,ONE,cassandra-1,True,False,3.063,2026-09-16T06:24:00.373191+00:00,
30d63777-602e-436c-89af-f006c04da6f6,monotonic_reads,network_partition,writer-1,write,mr-30d63777-602e-436c-89af-f006c04da6f6,1099,,,ONE,cassandra-1,True,False,2.842,2026-09-16T06:24:00.401189+00:00,
30d63777-602e-436c-89af-f006c04da6f6,monotonic_reads,network_partition,writer-1,write,mr-30d63777-602e-436c-89af-f006c04da6f6,1100,,,ONE,cassandra-1,True,False,3.811,2026-09-16T06:24:00.427525+00:00,
30d63777-602e-436c-89af-f006c04da6f6,monotonic_reads,network_partition,writer-1,write,mr-30d63777-602e-436c-89af-f006c04da6f6,1101,,,ONE,cassandra-1,True,False,2.965,2026-09-16T06:24:00.455179+00:00,
30d63777-602e-436c-89af-f006c04da6f6,monotonic_reads,network_partition,writer-1,write,mr-30d63777-602e-436c-89af-f006c04da6f6,1102,,,ONE,cassandra-1,True,False,3.417,2026-09-16T06:24:00.483374+00:00,
30d63777-602e-436c-89af-f006c04da6f6,monotonic_reads,network_partition,writer-1,write,mr-30d63777-602e-436c-89af-f006c04da6f6,1103,,,ONE,cassandra-1,True,False,3.378,2026-09-16T06:24:00.509887+00:00,
30d63777-602e-436c-89af-f006c04da6f6,monotonic_reads,network_partition,writer-1,write,mr-30d63777-602e-436c-89af-f006c04da6f6,1104,,,ONE,cassandra-1,True,False,3.152,2026-09-16T06:24:00.535953+00:00,
30d63777-602e-436c-89af-f006c04da6f6,monotonic_reads,network_partition,writer-1,write,mr-30d63777-602e-436c-89af-f006c04da6f6,1105,,,ONE,cassandra-1,True,False,2.562,2026-09-16T06:24:00.562382+00:00,
30d63777-602e-436c-89af-f006c04da6f6,monotonic_reads,network_partition,writer-1,write,mr-30d63777-602e-436c-89af-f006c04da6f6,1106,,,ONE,cassandra-1,True,False,3.151,2026-09-16T06:24:00.589745+00:00,
30d63777-602e-436c-89af-f006c04da6f6,monotonic_reads,network_partition,writer-1,write,mr-30d63777-602e-436c-89af-f006c04da6f6,1107,,,ONE,cassandra-1,True,False,3.633,2026-09-16T06:24:00.615597+00:00,
30d63777-602e-436c-89af-f006c04da6f6,monotonic_reads,network_partition,writer-1,write,mr-30d63777-602e-436c-89af-f006c04da6f6,1108,,,ONE,cassandra-1,True,False,3.388,2026-09-16T06:24:00.641808+00:00,
30d63777-602e-436c-89af-f006c04da6f6,monotonic_reads,network_partition,writer-1,write,mr-30d63777-602e-436c-89af-f006c04da6f6,1109,,,ONE,cassandra-1,True,False,3.014,2026-09-16T06:24:00.666726+00:00,
30d63777-602e-436c-89af-f006c04da6f6,monotonic_reads,network_partition,writer-1,write,mr-30d63777-602e-436c-89af-f006c04da6f6,1110,,,ONE,cassandra-1,True,False,3.25,2026-09-16T06:24:00.693219+00:00,
30d63777-602e-436c-89af-f006c04da6f6,monotonic_reads,network_partition,writer-1,write,mr-30d63777-602e-436c-89af-f006c04da6f6,1111,,,ONE,cassandra-1,True,False,2.854,2026-09-16T06:24:00.718841+00:00,
30d63777-602e-436c-89af-f006c04da6f6,monotonic_reads,network_partition,writer-1,write,mr-30d63777-602e-436c-89af-f006c04da6f6,1112,,,ONE,cassandra-1,True,False,3.231,2026-09-16T06:24:00.747163+00:00,
30d63777-602e-436c-89af-f006c04da6f6,monotonic_reads,network_partition,writer-1,write,mr-30d63777-602e-436c-89af-f006c04da6f6,1113,,,ONE,cassandra-1,True,False,3.497,2026-09-16T06:24:00.775728+00:00,
30d63777-602e-436c-89af-f006c04da6f6,monotonic_reads,network_partition,writer-1,write,mr-30d63777-602e-436c-89af-f006c04da6f6,1114,,,ONE,cassandra-1,True,False,2.815,2026-09-16T06:24:00.799781+00:00,
30d63777-602e-436c-89af-f006c04da6f6,monotonic_reads,network_partition,writer-1,write,mr-30d63777-602e-436c-89af-f006c04da6f6,1115,,,ONE,cassandra-1,True,False,1.794,2026-09-16T06:24:00.823613+00:00,
30d63777-602e-436c-89af-f006c04da6f6,monotonic_reads,network_partition,writer-1,write,mr-30d63777-602e-436c-89af-f006c04da6f6,1116,,,ONE,cassandra-1,True,False,2.801,2026-09-16T06:24:00.848865+00:00,
30d63777-602e-436c-89af-f006c04da6f6,monotonic_reads,network_partition,writer-1,write,mr-30d63777-602e-436c-89af-f006c04da6f6,1117,,,ONE,cassandra-1,True,False,3.121,2026-09-16T06:24:00.875077+00:00,
30d63777-602e-436c-89af-f006c04da6f6,monotonic_reads,network_partition,writer-1,write,mr-30d63777-602e-436c-89af-f006c04da6f6,1118,,,ONE,cassandra-1,True,False,2.852,2026-09-16T06:24:00.898277+00:00,
30d63777-602e-436c-89af-f006c04da6f6,monotonic_reads,network_partition,writer-1,write,mr-30d63777-602e-436c-89af-f006c04da6f6,1119,,,ONE,cassandra-1,True,False,3.291,2026-09-16T06:24:00.923659+00:00,
30d63777-602e-436c-89af-f006c04da6f6,monotonic_reads,network_partition,writer-1,write,mr-30d63777-602e-436c-89af-f006c04da6f6,1120,,,ONE,cassandra-1,True,False,3.734,2026-09-16T06:24:00.951713+00:00,
30d63777-602e-436c-89af-f006c04da6f6,monotonic_reads,network_partition,writer-1,write,mr-30d63777-602e-436c-89af-f006c04da6f6,1121,,,ONE,cassandra-1,True,False,3.354,2026-09-16T06:24:00.980009+00:00,
30d63777-602e-436c-89af-f006c04da6f6,monotonic_reads,network_partition,writer-1,write,mr-30d63777-602e-436c-89af-f006c04da6f6,1122,,,ONE,cassandra-1,True,False,3.269,2026-09-16T06:24:01.008122+00:00,
30d63777-602e-436c-89af-f006c04da6f6,monotonic_reads,network_partition,writer-1,write,mr-30d63777-602e-436c-89af-f006c04da6f6,1123,,,ONE,cassandra-1,True,False,3.314,2026-09-16T06:24:01.035633+00:00,
30d63777-602e-436c-89af-f006c04da6f6,monotonic_reads,network_partition,writer-1,write,mr-30d63777-602e-436c-89af-f006c04da6f6,1124,,,ONE,cassandra-1,True,False,3.854,2026-09-16T06:24:01.062731+00:00,
30d63777-602e-436c-89af-f006c04da6f6,monotonic_reads,network_partition,writer-1,write,mr-30d63777-602e-436c-89af-f006c04da6f6,1125,,,ONE,cassandra-1,True,False,3.011,2026-09-16T06:24:01.088971+00:00,
30d63777-602e-436c-89af-f006c04da6f6,monotonic_reads,network_partition,writer-1,write,mr-30d63777-602e-436c-89af-f006c04da6f6,1126,,,ONE,cassandra-1,True,False,2.761,2026-09-16T06:24:01.113702+00:00,
30d63777-602e-436c-89af-f006c04da6f6,monotonic_reads,network_partition,writer-1,write,mr-30d63777-602e-436c-89af-f006c04da6f6,1127,,,ONE,cassandra-1,True,False,3.267,2026-09-16T06:24:01.140117+00:00,
30d63777-602e-436c-89af-f006c04da6f6,monotonic_reads,network_partition,writer-1,write,mr-30d63777-602e-436c-89af-f006c04da6f6,1128,,,ONE,cassandra-1,True,False,2.983,2026-09-16T06:24:01.166742+00:00,
30d63777-602e-436c-89af-f006c04da6f6,monotonic_reads,network_partition,writer-1,write,mr-30d63777-602e-436c-89af-f006c04da6f6,1129,,,ONE,cassandra-1,True,False,3.597,2026-09-16T06:24:01.190550+00:00,
30d63777-602e-436c-89af-f006c04da6f6,monotonic_reads,network_partition,writer-1,write,mr-30d63777-602e-436c-89af-f006c04da6f6,1130,,,ONE,cassandra-1,True,False,2.723,2026-09-16T06:24:01.214678+00:00,
30d63777-602e-436c-89af-f006c04da6f6,monotonic_reads,network_partition,writer-1,write,mr-30d63777-602e-436c-89af-f006c04da6f6,1131,,,ONE,cassandra-1,True,False,3.878,2026-09-16T06:24:01.241124+00:00,
30d63777-602e-436c-89af-f006c04da6f6,monotonic_reads,network_partition,writer-1,write,mr-30d63777-602e-436c-89af-f006c04da6f6,1132,,,ONE,cassandra-1,True,False,3.369,2026-09-16T06:24:01.264724+00:00,
30d63777-602e-436c-89af-f006c04da6f6,monotonic_reads,network_partition,writer-1,write,mr-30d63777-602e-436c-89af-f006c04da6f6,1133,,,ONE,cassandra-1,True,False,3.877,2026-09-16T06:24:01.292361+00:00,
30d63777-602e-436c-89af-f006c04da6f6,monotonic_reads,network_partition,writer-1,write,mr-30d63777-602e-436c-89af-f006c04da6f6,1134,,,ONE,cassandra-1,True,False,3.083,2026-09-16T06:24:01.320651+00:00,
30d63777-602e-436c-89af-f006c04da6f6,monotonic_reads,network_partition,writer-1,write,mr-30d63777-602e-436c-89af-f006c04da6f6,1135,,,ONE,cassandra-1,True,False,3.414,2026-09-16T06:24:01.348906+00:00,
30d63777-602e-436c-89af-f006c04da6f6,monotonic_reads,network_partition,writer-1,write,mr-30d63777-602e-436c-89af-f006c04da6f6,1136,,,ONE,cassandra-1,True,False,3.239,2026-09-16T06:24:01.375727+00:00,
30d63777-602e-436c-89af-f006c04da6f6,monotonic_reads,network_partition,writer-1,write,mr-30d63777-602e-436c-89af-f006c04da6f6,1137,,,ONE,cassandra-1,True,False,3.048,2026-09-16T06:24:01.401274+00:00,
30d63777-602e-436c-89af-f006c04da6f6,monotonic_reads,network_partition,writer-1,write,mr-30d63777-602e-436c-89af-f006c04da6f6,1138,,,ONE,cassandra-1,True,False,3.53,2026-09-16T06:24:01.427806+00:00,
30d63777-602e-436c-89af-f006c04da6f6,monotonic_reads,network_partition,writer-1,write,mr-30d63777-602e-436c-89af-f006c04da6f6,1139,,,ONE,cassandra-1,True,False,3.844,2026-09-16T06:24:01.456036+00:00,
30d63777-602e-436c-89af-f006c04da6f6,monotonic_reads,network_partition,writer-1,write,mr-30d63777-602e-436c-89af-f006c04da6f6,1140,,,ONE,cassandra-1,True,False,3.415,2026-09-16T06:24:01.483765+00:00,
30d63777-602e-436c-89af-f006c04da6f6,monotonic_reads,network_partition,writer-1,write,mr-30d63777-602e-436c-89af-f006c04da6f6,1141,,,ONE,cassandra-1,True,False,3.118,2026-09-16T06:24:01.509071+00:00,
30d63777-602e-436c-89af-f006c04da6f6,monotonic_reads,network_partition,writer-1,write,mr-30d63777-602e-436c-89af-f006c04da6f6,1142,,,ONE,cassandra-1,True,False,3.996,2026-09-16T06:24:01.533957+00:00,
30d63777-602e-436c-89af-f006c04da6f6,monotonic_reads,network_partition,writer-1,write,mr-30d63777-602e-436c-89af-f006c04da6f6,1143,,,ONE,cassandra-1,True,False,3.464,2026-09-16T06:24:01.560451+00:00,
30d63777-602e-436c-89af-f006c04da6f6,monotonic_reads,network_partition,writer-1,write,mr-30d63777-602e-436c-89af-f006c04da6f6,1144,,,ONE,cassandra-1,True,False,3.088,2026-09-16T06:24:01.587581+00:00,
30d63777-602e-436c-89af-f006c04da6f6,monotonic_reads,network_partition,writer-1,write,mr-30d63777-602e-436c-89af-f006c04da6f6,1145,,,ONE,cassandra-1,True,False,3.243,2026-09-16T06:24:01.612265+00:00,
30d63777-602e-436c-89af-f006c04da6f6,monotonic_reads,network_partition,writer-1,write,mr-30d63777-602e-436c-89af-f006c04da6f6,1146,,,ONE,cassandra-1,True,False,3.162,2026-09-16T06:24:01.638917+00:00,
30d63777-602e-436c-89af-f006c04da6f6,monotonic_reads,network_partition,writer-1,write,mr-30d63777-602e-436c-89af-f006c04da6f6,1147,,,ONE,cassandra-1,True,False,4.002,2026-09-16T06:24:01.663979+00:00,
30d63777-602e-436c-89af-f006c04da6f6,monotonic_reads,network_partition,writer-1,write,mr-30d63777-602e-436c-89af-f006c04da6f6,1148,,,ONE,cassandra-1,True,False,1.896,2026-09-16T06:24:01.687240+00:00,
30d63777-602e-436c-89af-f006c04da6f6,monotonic_reads,network_partition,writer-1,write,mr-30d63777-602e-436c-89af-f006c04da6f6,1149,,,ONE,cassandra-1,True,False,2.915,2026-09-16T06:24:01.713870+00:00,
30d63777-602e-436c-89af-f006c04da6f6,monotonic_reads,network_partition,writer-1,write,mr-30d63777-602e-436c-89af-f006c04da6f6,1150,,,ONE,cassandra-1,True,False,2.14,2026-09-16T06:24:01.738099+00:00,
30d63777-602e-436c-89af-f006c04da6f6,monotonic_reads,network_partition,writer-1,write,mr-30d63777-602e-436c-89af-f006c04da6f6,1151,,,ONE,cassandra-1,True,False,2.265,2026-09-16T06:24:01.762845+00:00,
30d63777-602e-436c-89af-f006c04da6f6,monotonic_reads,network_partition,writer-1,write,mr-30d63777-602e-436c-89af-f006c04da6f6,1152,,,ONE,cassandra-1,True,False,3.274,2026-09-16T06:24:01.791318+00:00,
30d63777-602e-436c-89af-f006c04da6f6,monotonic_reads,network_partition,writer-1,write,mr-30d63777-602e-436c-89af-f006c04da6f6,1153,,,ONE,cassandra-1,True,False,3.567,2026-09-16T06:24:01.815523+00:00,
30d63777-602e-436c-89af-f006c04da6f6,monotonic_reads,network_partition,writer-1,write,mr-30d63777-602e-436c-89af-f006c04da6f6,1154,,,ONE,cassandra-1,True,False,3.862,2026-09-16T06:24:01.840805+00:00,
30d63777-602e-436c-89af-f006c04da6f6,monotonic_reads,network_partition,writer-1,write,mr-30d63777-602e-436c-89af-f006c04da6f6,1155,,,ONE,cassandra-1,True,False,3.341,2026-09-16T06:24:01.868694+00:00,
30d63777-602e-436c-89af-f006c04da6f6,monotonic_reads,network_partition,writer-1,write,mr-30d63777-602e-436c-89af-f006c04da6f6,1156,,,ONE,cassandra-1,True,False,3.821,2026-09-16T06:24:01.897767+00:00,
30d63777-602e-436c-89af-f006c04da6f6,monotonic_reads,network_partition,writer-1,write,mr-30d63777-602e-436c-89af-f006c04da6f6,1157,,,ONE,cassandra-1,True,False,2.851,2026-09-16T06:24:01.925733+00:00,
30d63777-602e-436c-89af-f006c04da6f6,monotonic_reads,network_partition,writer-1,write,mr-30d63777-602e-436c-89af-f006c04da6f6,1158,,,ONE,cassandra-1,True,False,3.801,2026-09-16T06:24:01.951757+00:00,
30d63777-602e-436c-89af-f006c04da6f6,monotonic_reads,network_partition,writer-1,write,mr-30d63777-602e-436c-89af-f006c04da6f6,1159,,,ONE,cassandra-1,True,False,3.385,2026-09-16T06:24:01.980098+00:00,
30d63777-602e-436c-89af-f006c04da6f6,monotonic_reads,network_partition,writer-1,write,mr-30d63777-602e-436c-89af-f006c04da6f6,1160,,,ONE,cassandra-1,True,False,3.078,2026-09-16T06:24:02.007111+00:00,
30d63777-602e-436c-89af-f006c04da6f6,monotonic_reads,network_partition,writer-1,write,mr-30d63777-602e-436c-89af-f006c04da6f6,1161,,,ONE,cassandra-1,True,False,3.979,2026-09-16T06:24:02.031859+00:00,
30d63777-602e-436c-89af-f006c04da6f6,monotonic_reads,network_partition,writer-1,write,mr-30d63777-602e-436c-89af-f006c04da6f6,1162,,,ONE,cassandra-1,True,False,3.153,2026-09-16T06:24:02.055925+00:00,
30d63777-602e-436c-89af-f006c04da6f6,monotonic_reads,network_partition,writer-1,write,mr-30d63777-602e-436c-89af-f006c04da6f6,1163,,,ONE,cassandra-1,True,False,3.012,2026-09-16T06:24:02.082025+00:00,
30d63777-602e-436c-89af-f006c04da6f6,monotonic_reads,network_partition,writer-1,write,mr-30d63777-602e-436c-89af-f006c04da6f6,1164,,,ONE,cassandra-1,True,False,4.295,2026-09-16T06:24:02.108003+00:00,
30d63777-602e-436c-89af-f006c04da6f6,monotonic_reads,network_partition,writer-1,write,mr-30d63777-602e-436c-89af-f006c04da6f6,1165,,,ONE,cassandra-1,True,False,3.42,2026-09-16T06:24:02.135912+00:00,
30d63777-602e-436c-89af-f006c04da6f6,monotonic_reads,network_partition,writer-1,write,mr-30d63777-602e-436c-89af-f006c04da6f6,1166,,,ONE,cassandra-1,True,False,4.081,2026-09-16T06:24:02.164079+00:00,
30d63777-602e-436c-89af-f006c04da6f6,monotonic_reads,network_partition,writer-1,write,mr-30d63777-602e-436c-89af-f006c04da6f6,1167,,,ONE,cassandra-1,True,False,3.246,2026-09-16T06:24:02.190126+00:00,
30d63777-602e-436c-89af-f006c04da6f6,monotonic_reads,network_partition,writer-1,write,mr-30d63777-602e-436c-89af-f006c04da6f6,1168,,,ONE,cassandra-1,True,False,3.199,2026-09-16T06:24:02.216132+00:00,
30d63777-602e-436c-89af-f006c04da6f6,monotonic_reads,network_partition,writer-1,write,mr-30d63777-602e-436c-89af-f006c04da6f6,1169,,,ONE,cassandra-1,True,False,3.517,2026-09-16T06:24:02.244411+00:00,
30d63777-602e-436c-89af-f006c04da6f6,monotonic_reads,network_partition,writer-1,write,mr-30d63777-602e-436c-89af-f006c04da6f6,1170,,,ONE,cassandra-1,True,False,3.723,2026-09-16T06:24:02.269920+00:00,
30d63777-602e-436c-89af-f006c04da6f6,monotonic_reads,network_partition,writer-1,write,mr-30d63777-602e-436c-89af-f006c04da6f6,1171,,,ONE,cassandra-1,True,False,3.71,2026-09-16T06:24:02.294663+00:00,
30d63777-602e-436c-89af-f006c04da6f6,monotonic_reads,network_partition,writer-1,write,mr-30d63777-602e-436c-89af-f006c04da6f6,1172,,,ONE,cassandra-1,True,False,2.931,2026-09-16T06:24:02.321288+00:00,
30d63777-602e-436c-89af-f006c04da6f6,monotonic_reads,network_partition,writer-1,write,mr-30d63777-602e-436c-89af-f006c04da6f6,1173,,,ONE,cassandra-1,True,False,2.97,2026-09-16T06:24:02.348895+00:00,
30d63777-602e-436c-89af-f006c04da6f6,monotonic_reads,network_partition,writer-1,write,mr-30d63777-602e-436c-89af-f006c04da6f6,1174,,,ONE,cassandra-1,True,False,1.534,2026-09-16T06:24:02.372732+00:00,
30d63777-602e-436c-89af-f006c04da6f6,monotonic_reads,network_partition,writer-1,write,mr-30d63777-602e-436c-89af-f006c04da6f6,1175,,,ONE,cassandra-1,True,False,3.001,2026-09-16T06:24:02.397944+00:00,
30d63777-602e-436c-89af-f006c04da6f6,monotonic_reads,network_partition,writer-1,write,mr-30d63777-602e-436c-89af-f006c04da6f6,1176,,,ONE,cassandra-1,True,False,3.365,2026-09-16T06:24:02.423602+00:00,
30d63777-602e-436c-89af-f006c04da6f6,monotonic_reads,network_partition,writer-1,write,mr-30d63777-602e-436c-89af-f006c04da6f6,1177,,,ONE,cassandra-1,True,False,3.928,2026-09-16T06:24:02.449638+00:00,
30d63777-602e-436c-89af-f006c04da6f6,monotonic_reads,network_partition,writer-1,write,mr-30d63777-602e-436c-89af-f006c04da6f6,1178,,,ONE,cassandra-1,True,False,2.961,2026-09-16T06:24:02.475858+00:00,
30d63777-602e-436c-89af-f006c04da6f6,monotonic_reads,network_partition,writer-1,write,mr-30d63777-602e-436c-89af-f006c04da6f6,1179,,,ONE,cassandra-1,True,False,2.534,2026-09-16T06:24:02.503597+00:00,
30d63777-602e-436c-89af-f006c04da6f6,monotonic_reads,network_partition,writer-1,write,mr-30d63777-602e-436c-89af-f006c04da6f6,1180,,,ONE,cassandra-1,True,False,3.588,2026-09-16T06:24:02.531565+00:00,
30d63777-602e-436c-89af-f006c04da6f6,monotonic_reads,network_partition,writer-1,write,mr-30d63777-602e-436c-89af-f006c04da6f6,1181,,,ONE,cassandra-1,True,False,2.919,2026-09-16T06:24:02.559652+00:00,
30d63777-602e-436c-89af-f006c04da6f6,monotonic_reads,network_partition,writer-1,write,mr-30d63777-602e-436c-89af-f006c04da6f6,1182,,,ONE,cassandra-1,True,False,3.006,2026-09-16T06:24:02.583898+00:00,
30d63777-602e-436c-89af-f006c04da6f6,monotonic_reads,network_partition,writer-1,write,mr-30d63777-602e-436c-89af-f006c04da6f6,1183,,,ONE,cassandra-1,True,False,2.584,2026-09-16T06:24:02.610775+00:00,
30d63777-602e-436c-89af-f006c04da6f6,monotonic_reads,network_partition,writer-1,write,mr-30d63777-602e-436c-89af-f006c04da6f6,1184,,,ONE,cassandra-1,True,False,2.359,2026-09-16T06:24:02.637447+00:00,
30d63777-602e-436c-89af-f006c04da6f6,monotonic_reads,network_partition,writer-1,write,mr-30d63777-602e-436c-89af-f006c04da6f6,1185,,,ONE,cassandra-1,True,False,1.874,2026-09-16T06:24:02.662748+00:00,
30d63777-602e-436c-89af-f006c04da6f6,monotonic_reads,network_partition,writer-1,write,mr-30d63777-602e-436c-89af-f006c04da6f6,1186,,,ONE,cassandra-1,True,False,3.288,2026-09-16T06:24:02.689728+00:00,
30d63777-602e-436c-89af-f006c04da6f6,monotonic_reads,network_partition,writer-1,write,mr-30d63777-602e-436c-89af-f006c04da6f6,1187,,,ONE,cassandra-1,True,False,3.331,2026-09-16T06:24:02.717880+00:00,
30d63777-602e-436c-89af-f006c04da6f6,monotonic_reads,network_partition,writer-1,write,mr-30d63777-602e-436c-89af-f006c04da6f6,1188,,,ONE,cassandra-1,True,False,3.324,2026-09-16T06:24:02.744092+00:00,
30d63777-602e-436c-89af-f006c04da6f6,monotonic_reads,network_partition,writer-1,write,mr-30d63777-602e-436c-89af-f006c04da6f6,1189,,,ONE,cassandra-1,True,False,2.902,2026-09-16T06:24:02.772177+00:00,
30d63777-602e-436c-89af-f006c04da6f6,monotonic_reads,network_partition,writer-1,write,mr-30d63777-602e-436c-89af-f006c04da6f6,1190,,,ONE,cassandra-1,True,False,3.332,2026-09-16T06:24:02.799352+00:00,
30d63777-602e-436c-89af-f006c04da6f6,monotonic_reads,network_partition,writer-1,write,mr-30d63777-602e-436c-89af-f006c04da6f6,1191,,,ONE,cassandra-1,True,False,1.309,2026-09-16T06:24:02.825478+00:00,
30d63777-602e-436c-89af-f006c04da6f6,monotonic_reads,network_partition,writer-1,write,mr-30d63777-602e-436c-89af-f006c04da6f6,1192,,,ONE,cassandra-1,True,False,3.939,2026-09-16T06:24:02.849801+00:00,
30d63777-602e-436c-89af-f006c04da6f6,monotonic_reads,network_partition,writer-1,write,mr-30d63777-602e-436c-89af-f006c04da6f6,1193,,,ONE,cassandra-1,True,False,2.664,2026-09-16T06:24:02.876711+00:00,
30d63777-602e-436c-89af-f006c04da6f6,monotonic_reads,network_partition,writer-1,write,mr-30d63777-602e-436c-89af-f006c04da6f6,1194,,,ONE,cassandra-1,True,False,3.584,2026-09-16T06:24:02.900599+00:00,
30d63777-602e-436c-89af-f006c04da6f6,monotonic_reads,network_partition,writer-1,write,mr-30d63777-602e-436c-89af-f006c04da6f6,1195,,,ONE,cassandra-1,True,False,3.514,2026-09-16T06:24:02.929063+00:00,
30d63777-602e-436c-89af-f006c04da6f6,monotonic_reads,network_partition,writer-1,write,mr-30d63777-602e-436c-89af-f006c04da6f6,1196,,,ONE,cassandra-1,True,False,3.252,2026-09-16T06:24:02.953589+00:00,
30d63777-602e-436c-89af-f006c04da6f6,monotonic_reads,network_partition,writer-1,write,mr-30d63777-602e-436c-89af-f006c04da6f6,1197,,,ONE,cassandra-1,True,False,3.264,2026-09-16T06:24:02.980510+00:00,
30d63777-602e-436c-89af-f006c04da6f6,monotonic_reads,network_partition,writer-1,write,mr-30d63777-602e-436c-89af-f006c04da6f6,1198,,,ONE,cassandra-1,True,False,1.692,2026-09-16T06:24:03.005671+00:00,
30d63777-602e-436c-89af-f006c04da6f6,monotonic_reads,network_partition,writer-1,write,mr-30d63777-602e-436c-89af-f006c04da6f6,1199,,,ONE,cassandra-1,True,False,3.441,2026-09-16T06:24:03.030811+00:00,
30d63777-602e-436c-89af-f006c04da6f6,monotonic_reads,network_partition,writer-1,write,mr-30d63777-602e-436c-89af-f006c04da6f6,1200,,,ONE,cassandra-1,True,False,3.524,2026-09-16T06:24:03.059505+00:00,
30d63777-602e-436c-89af-f006c04da6f6,monotonic_reads,network_partition,writer-1,write,mr-30d63777-602e-436c-89af-f006c04da6f6,1201,,,ONE,cassandra-1,True,False,3.843,2026-09-16T06:24:03.083797+00:00,
30d63777-602e-436c-89af-f006c04da6f6,monotonic_reads,network_partition,writer-1,write,mr-30d63777-602e-436c-89af-f006c04da6f6,1202,,,ONE,cassandra-1,True,False,3.281,2026-09-16T06:24:03.110120+00:00,
30d63777-602e-436c-89af-f006c04da6f6,monotonic_reads,network_partition,writer-1,write,mr-30d63777-602e-436c-89af-f006c04da6f6,1203,,,ONE,cassandra-1,True,False,3.346,2026-09-16T06:24:03.135310+00:00,
30d63777-602e-436c-89af-f006c04da6f6,monotonic_reads,network_partition,writer-1,write,mr-30d63777-602e-436c-89af-f006c04da6f6,1204,,,ONE,cassandra-1,True,False,2.081,2026-09-16T06:24:03.159621+00:00,
30d63777-602e-436c-89af-f006c04da6f6,monotonic_reads,network_partition,writer-1,write,mr-30d63777-602e-436c-89af-f006c04da6f6,1205,,,ONE,cassandra-1,True,False,2.904,2026-09-16T06:24:03.187150+00:00,
30d63777-602e-436c-89af-f006c04da6f6,monotonic_reads,network_partition,writer-1,write,mr-30d63777-602e-436c-89af-f006c04da6f6,1206,,,ONE,cassandra-1,True,False,4.115,2026-09-16T06:24:03.213169+00:00,
30d63777-602e-436c-89af-f006c04da6f6,monotonic_reads,network_partition,writer-1,write,mr-30d63777-602e-436c-89af-f006c04da6f6,1207,,,ONE,cassandra-1,True,False,2.518,2026-09-16T06:24:03.238164+00:00,
30d63777-602e-436c-89af-f006c04da6f6,monotonic_reads,network_partition,writer-1,write,mr-30d63777-602e-436c-89af-f006c04da6f6,1208,,,ONE,cassandra-1,True,False,3.568,2026-09-16T06:24:03.262521+00:00,
30d63777-602e-436c-89af-f006c04da6f6,monotonic_reads,network_partition,writer-1,write,mr-30d63777-602e-436c-89af-f006c04da6f6,1209,,,ONE,cassandra-1,True,False,3.613,2026-09-16T06:24:03.287836+00:00,
30d63777-602e-436c-89af-f006c04da6f6,monotonic_reads,network_partition,writer-1,write,mr-30d63777-602e-436c-89af-f006c04da6f6,1210,,,ONE,cassandra-1,True,False,3.164,2026-09-16T06:24:03.314125+00:00,
30d63777-602e-436c-89af-f006c04da6f6,monotonic_reads,network_partition,writer-1,write,mr-30d63777-602e-436c-89af-f006c04da6f6,1211,,,ONE,cassandra-1,True,False,3.181,2026-09-16T06:24:03.340885+00:00,
30d63777-602e-436c-89af-f006c04da6f6,monotonic_reads,network_partition,writer-1,write,mr-30d63777-602e-436c-89af-f006c04da6f6,1212,,,ONE,cassandra-1,True,False,2.9,2026-09-16T06:24:03.368452+00:00,
30d63777-602e-436c-89af-f006c04da6f6,monotonic_reads,network_partition,writer-1,write,mr-30d63777-602e-436c-89af-f006c04da6f6,1213,,,ONE,cassandra-1,True,False,3.77,2026-09-16T06:24:03.392743+00:00,
30d63777-602e-436c-89af-f006c04da6f6,monotonic_reads,network_partition,writer-1,write,mr-30d63777-602e-436c-89af-f006c04da6f6,1214,,,ONE,cassandra-1,True,False,2.654,2026-09-16T06:24:03.418601+00:00,
30d63777-602e-436c-89af-f006c04da6f6,monotonic_reads,network_partition,writer-1,write,mr-30d63777-602e-436c-89af-f006c04da6f6,1215,,,ONE,cassandra-1,True,False,3.24,2026-09-16T06:24:03.446940+00:00,
30d63777-602e-436c-89af-f006c04da6f6,monotonic_reads,network_partition,writer-1,write,mr-30d63777-602e-436c-89af-f006c04da6f6,1216,,,ONE,cassandra-1,True,False,3.759,2026-09-16T06:24:03.472750+00:00,
30d63777-602e-436c-89af-f006c04da6f6,monotonic_reads,network_partition,writer-1,write,mr-30d63777-602e-436c-89af-f006c04da6f6,1217,,,ONE,cassandra-1,True,False,3.236,2026-09-16T06:24:03.497282+00:00,
30d63777-602e-436c-89af-f006c04da6f6,monotonic_reads,network_partition,reader-1,read,mr-30d63777-602e-436c-89af-f006c04da6f6,,,QUORUM,ONE,cassandra-3,False,False,5145.999,2026-09-16T06:24:03.509344+00:00,"NoHostAvailable: ('Unable to complete the operation against any hosts', {<Host: 127.0.0.1:10003 datacenter1>: Unavailable('Error from server: code=1000 [Unavailable exception] message=""Cannot achieve consistency level QUORUM"" info={\'consistency\': \'QUORUM\', \'required_replicas\': 2, \'alive_replicas\': 1}')})"
30d63777-602e-436c-89af-f006c04da6f6,monotonic_reads,network_partition,writer-1,write,mr-30d63777-602e-436c-89af-f006c04da6f6,1218,,,ONE,cassandra-1,True,False,3.479,2026-09-16T06:24:03.522808+00:00,
30d63777-602e-436c-89af-f006c04da6f6,monotonic_reads,network_partition,reader-1,read,mr-30d63777-602e-436c-89af-f006c04da6f6,,1218,QUORUM,ONE,cassandra-1,True,False,4.907,2026-09-16T06:24:03.526175+00:00,
30d63777-602e-436c-89af-f006c04da6f6,monotonic_reads,network_partition,reader-1,read,mr-30d63777-602e-436c-89af-f006c04da6f6,,1218,QUORUM,ONE,cassandra-2,True,False,5.222,2026-09-16T06:24:03.542171+00:00,
30d63777-602e-436c-89af-f006c04da6f6,monotonic_reads,network_partition,writer-1,write,mr-30d63777-602e-436c-89af-f006c04da6f6,1219,,,ONE,cassandra-1,True,False,3.615,2026-09-16T06:24:03.549560+00:00,
30d63777-602e-436c-89af-f006c04da6f6,monotonic_reads,network_partition,writer-1,write,mr-30d63777-602e-436c-89af-f006c04da6f6,1220,,,ONE,cassandra-1,True,False,6.809,2026-09-16T06:24:03.578624+00:00,
30d63777-602e-436c-89af-f006c04da6f6,monotonic_reads,network_partition,writer-1,write,mr-30d63777-602e-436c-89af-f006c04da6f6,1221,,,ONE,cassandra-1,True,False,2.433,2026-09-16T06:24:03.601374+00:00,
30d63777-602e-436c-89af-f006c04da6f6,monotonic_reads,network_partition,writer-1,write,mr-30d63777-602e-436c-89af-f006c04da6f6,1222,,,ONE,cassandra-1,True,False,3.414,2026-09-16T06:24:03.626514+00:00,
30d63777-602e-436c-89af-f006c04da6f6,monotonic_reads,network_partition,writer-1,write,mr-30d63777-602e-436c-89af-f006c04da6f6,1223,,,ONE,cassandra-1,True,False,3.37,2026-09-16T06:24:03.651833+00:00,
30d63777-602e-436c-89af-f006c04da6f6,monotonic_reads,network_partition,writer-1,write,mr-30d63777-602e-436c-89af-f006c04da6f6,1224,,,ONE,cassandra-1,True,False,3.648,2026-09-16T06:24:03.676618+00:00,
30d63777-602e-436c-89af-f006c04da6f6,monotonic_reads,network_partition,writer-1,write,mr-30d63777-602e-436c-89af-f006c04da6f6,1225,,,ONE,cassandra-1,True,False,2.99,2026-09-16T06:24:03.704739+00:00,
30d63777-602e-436c-89af-f006c04da6f6,monotonic_reads,network_partition,writer-1,write,mr-30d63777-602e-436c-89af-f006c04da6f6,1226,,,ONE,cassandra-1,True,False,3.337,2026-09-16T06:24:03.732678+00:00,
30d63777-602e-436c-89af-f006c04da6f6,monotonic_reads,network_partition,writer-1,write,mr-30d63777-602e-436c-89af-f006c04da6f6,1227,,,ONE,cassandra-1,True,False,3.021,2026-09-16T06:24:03.760823+00:00,
30d63777-602e-436c-89af-f006c04da6f6,monotonic_reads,network_partition,writer-1,write,mr-30d63777-602e-436c-89af-f006c04da6f6,1228,,,ONE,cassandra-1,True,False,3.745,2026-09-16T06:24:03.788727+00:00,
30d63777-602e-436c-89af-f006c04da6f6,monotonic_reads,network_partition,writer-1,write,mr-30d63777-602e-436c-89af-f006c04da6f6,1229,,,ONE,cassandra-1,True,False,3.555,2026-09-16T06:24:03.816421+00:00,
30d63777-602e-436c-89af-f006c04da6f6,monotonic_reads,network_partition,writer-1,write,mr-30d63777-602e-436c-89af-f006c04da6f6,1230,,,ONE,cassandra-1,True,False,3.101,2026-09-16T06:24:03.843854+00:00,
30d63777-602e-436c-89af-f006c04da6f6,monotonic_reads,network_partition,writer-1,write,mr-30d63777-602e-436c-89af-f006c04da6f6,1231,,,ONE,cassandra-1,True,False,4.267,2026-09-16T06:24:03.869127+00:00,
30d63777-602e-436c-89af-f006c04da6f6,monotonic_reads,network_partition,writer-1,write,mr-30d63777-602e-436c-89af-f006c04da6f6,1232,,,ONE,cassandra-1,True,False,3.402,2026-09-16T06:24:03.892793+00:00,
30d63777-602e-436c-89af-f006c04da6f6,monotonic_reads,network_partition,writer-1,write,mr-30d63777-602e-436c-89af-f006c04da6f6,1233,,,ONE,cassandra-1,True,False,3.585,2026-09-16T06:24:03.918542+00:00,
30d63777-602e-436c-89af-f006c04da6f6,monotonic_reads,network_partition,writer-1,write,mr-30d63777-602e-436c-89af-f006c04da6f6,1234,,,ONE,cassandra-1,True,False,2.954,2026-09-16T06:24:03.945269+00:00,
30d63777-602e-436c-89af-f006c04da6f6,monotonic_reads,network_partition,writer-1,write,mr-30d63777-602e-436c-89af-f006c04da6f6,1235,,,ONE,cassandra-1,True,False,2.726,2026-09-16T06:24:03.972136+00:00,
30d63777-602e-436c-89af-f006c04da6f6,monotonic_reads,network_partition,writer-1,write,mr-30d63777-602e-436c-89af-f006c04da6f6,1236,,,ONE,cassandra-1,True,False,4.149,2026-09-16T06:24:03.999500+00:00,
30d63777-602e-436c-89af-f006c04da6f6,monotonic_reads,network_partition,writer-1,write,mr-30d63777-602e-436c-89af-f006c04da6f6,1237,,,ONE,cassandra-1,True,False,2.924,2026-09-16T06:24:04.026896+00:00,
30d63777-602e-436c-89af-f006c04da6f6,monotonic_reads,network_partition,writer-1,write,mr-30d63777-602e-436c-89af-f006c04da6f6,1238,,,ONE,cassandra-1,True,False,3.795,2026-09-16T06:24:04.051980+00:00,
30d63777-602e-436c-89af-f006c04da6f6,monotonic_reads,network_partition,writer-1,write,mr-30d63777-602e-436c-89af-f006c04da6f6,1239,,,ONE,cassandra-1,True,False,3.134,2026-09-16T06:24:04.079821+00:00,
30d63777-602e-436c-89af-f006c04da6f6,monotonic_reads,network_partition,writer-1,write,mr-30d63777-602e-436c-89af-f006c04da6f6,1240,,,ONE,cassandra-1,True,False,3.672,2026-09-16T06:24:04.107638+00:00,
30d63777-602e-436c-89af-f006c04da6f6,monotonic_reads,network_partition,writer-1,write,mr-30d63777-602e-436c-89af-f006c04da6f6,1241,,,ONE,cassandra-1,True,False,3.965,2026-09-16T06:24:04.132754+00:00,
30d63777-602e-436c-89af-f006c04da6f6,monotonic_reads,network_partition,writer-1,write,mr-30d63777-602e-436c-89af-f006c04da6f6,1242,,,ONE,cassandra-1,True,False,3.818,2026-09-16T06:24:04.157769+00:00,
30d63777-602e-436c-89af-f006c04da6f6,monotonic_reads,network_partition,writer-1,write,mr-30d63777-602e-436c-89af-f006c04da6f6,1243,,,ONE,cassandra-1,True,False,3.193,2026-09-16T06:24:04.183179+00:00,
30d63777-602e-436c-89af-f006c04da6f6,monotonic_reads,network_partition,writer-1,write,mr-30d63777-602e-436c-89af-f006c04da6f6,1244,,,ONE,cassandra-1,True,False,3.262,2026-09-16T06:24:04.211239+00:00,
30d63777-602e-436c-89af-f006c04da6f6,monotonic_reads,network_partition,writer-1,write,mr-30d63777-602e-436c-89af-f006c04da6f6,1245,,,ONE,cassandra-1,True,False,3.248,2026-09-16T06:24:04.239709+00:00,
30d63777-602e-436c-89af-f006c04da6f6,monotonic_reads,network_partition,writer-1,write,mr-30d63777-602e-436c-89af-f006c04da6f6,1246,,,ONE,cassandra-1,True,False,2.906,2026-09-16T06:24:04.266589+00:00,
30d63777-602e-436c-89af-f006c04da6f6,monotonic_reads,network_partition,writer-1,write,mr-30d63777-602e-436c-89af-f006c04da6f6,1247,,,ONE,cassandra-1,True,False,3.504,2026-09-16T06:24:04.290453+00:00,
30d63777-602e-436c-89af-f006c04da6f6,monotonic_reads,network_partition,writer-1,write,mr-30d63777-602e-436c-89af-f006c04da6f6,1248,,,ONE,cassandra-1,True,False,3.695,2026-09-16T06:24:04.314638+00:00,
30d63777-602e-436c-89af-f006c04da6f6,monotonic_reads,network_partition,writer-1,write,mr-30d63777-602e-436c-89af-f006c04da6f6,1249,,,ONE,cassandra-1,True,False,1.881,2026-09-16T06:24:04.338726+00:00,
30d63777-602e-436c-89af-f006c04da6f6,monotonic_reads,network_partition,writer-1,write,mr-30d63777-602e-436c-89af-f006c04da6f6,1250,,,ONE,cassandra-1,True,False,3.157,2026-09-16T06:24:04.366854+00:00,
30d63777-602e-436c-89af-f006c04da6f6,monotonic_reads,network_partition,writer-1,write,mr-30d63777-602e-436c-89af-f006c04da6f6,1251,,,ONE,cassandra-1,True,False,2.545,2026-09-16T06:24:04.394356+00:00,
30d63777-602e-436c-89af-f006c04da6f6,monotonic_reads,network_partition,writer-1,write,mr-30d63777-602e-436c-89af-f006c04da6f6,1252,,,ONE,cassandra-1,True,False,2.739,2026-09-16T06:24:04.422135+00:00,
30d63777-602e-436c-89af-f006c04da6f6,monotonic_reads,network_partition,writer-1,write,mr-30d63777-602e-436c-89af-f006c04da6f6,1253,,,ONE,cassandra-1,True,False,3.898,2026-09-16T06:24:04.447809+00:00,
30d63777-602e-436c-89af-f006c04da6f6,monotonic_reads,network_partition,writer-1,write,mr-30d63777-602e-436c-89af-f006c04da6f6,1254,,,ONE,cassandra-1,True,False,3.205,2026-09-16T06:24:04.475144+00:00,
30d63777-602e-436c-89af-f006c04da6f6,monotonic_reads,network_partition,writer-1,write,mr-30d63777-602e-436c-89af-f006c04da6f6,1255,,,ONE,cassandra-1,True,False,3.473,2026-09-16T06:24:04.502422+00:00,
30d63777-602e-436c-89af-f006c04da6f6,monotonic_reads,network_partition,writer-1,write,mr-30d63777-602e-436c-89af-f006c04da6f6,1256,,,ONE,cassandra-1,True,False,2.943,2026-09-16T06:24:04.530190+00:00,
30d63777-602e-436c-89af-f006c04da6f6,monotonic_reads,network_partition,writer-1,write,mr-30d63777-602e-436c-89af-f006c04da6f6,1257,,,ONE,cassandra-1,True,False,3.672,2026-09-16T06:24:04.556611+00:00,
30d63777-602e-436c-89af-f006c04da6f6,monotonic_reads,network_partition,writer-1,write,mr-30d63777-602e-436c-89af-f006c04da6f6,1258,,,ONE,cassandra-1,True,False,4.192,2026-09-16T06:24:04.581438+00:00,
30d63777-602e-436c-89af-f006c04da6f6,monotonic_reads,network_partition,writer-1,write,mr-30d63777-602e-436c-89af-f006c04da6f6,1259,,,ONE,cassandra-1,True,False,1.799,2026-09-16T06:24:04.604739+00:00,
30d63777-602e-436c-89af-f006c04da6f6,monotonic_reads,network_partition,writer-1,write,mr-30d63777-602e-436c-89af-f006c04da6f6,1260,,,ONE,cassandra-1,True,False,2.479,2026-09-16T06:24:04.628782+00:00,
30d63777-602e-436c-89af-f006c04da6f6,monotonic_reads,network_partition,writer-1,write,mr-30d63777-602e-436c-89af-f006c04da6f6,1261,,,ONE,cassandra-1,True,False,2.355,2026-09-16T06:24:04.651349+00:00,
30d63777-602e-436c-89af-f006c04da6f6,monotonic_reads,network_partition,writer-1,write,mr-30d63777-602e-436c-89af-f006c04da6f6,1262,,,ONE,cassandra-1,True,False,3.241,2026-09-16T06:24:04.677203+00:00,
30d63777-602e-436c-89af-f006c04da6f6,monotonic_reads,network_partition,writer-1,write,mr-30d63777-602e-436c-89af-f006c04da6f6,1263,,,ONE,cassandra-1,True,False,3.918,2026-09-16T06:24:04.701870+00:00,
30d63777-602e-436c-89af-f006c04da6f6,monotonic_reads,network_partition,writer-1,write,mr-30d63777-602e-436c-89af-f006c04da6f6,1264,,,ONE,cassandra-1,True,False,2.944,2026-09-16T06:24:04.730022+00:00,
30d63777-602e-436c-89af-f006c04da6f6,monotonic_reads,network_partition,writer-1,write,mr-30d63777-602e-436c-89af-f006c04da6f6,1265,,,ONE,cassandra-1,True,False,3.399,2026-09-16T06:24:04.757341+00:00,
30d63777-602e-436c-89af-f006c04da6f6,monotonic_reads,network_partition,writer-1,write,mr-30d63777-602e-436c-89af-f006c04da6f6,1266,,,ONE,cassandra-1,True,False,2.467,2026-09-16T06:24:04.780017+00:00,
30d63777-602e-436c-89af-f006c04da6f6,monotonic_reads,network_partition,writer-1,write,mr-30d63777-602e-436c-89af-f006c04da6f6,1267,,,ONE,cassandra-1,True,False,2.219,2026-09-16T06:24:04.807383+00:00,
30d63777-602e-436c-89af-f006c04da6f6,monotonic_reads,network_partition,writer-1,write,mr-30d63777-602e-436c-89af-f006c04da6f6,1268,,,ONE,cassandra-1,True,False,3.007,2026-09-16T06:24:04.835337+00:00,
30d63777-602e-436c-89af-f006c04da6f6,monotonic_reads,network_partition,writer-1,write,mr-30d63777-602e-436c-89af-f006c04da6f6,1269,,,ONE,cassandra-1,True,False,3.579,2026-09-16T06:24:04.864066+00:00,
30d63777-602e-436c-89af-f006c04da6f6,monotonic_reads,network_partition,writer-1,write,mr-30d63777-602e-436c-89af-f006c04da6f6,1270,,,ONE,cassandra-1,True,False,3.78,2026-09-16T06:24:04.890710+00:00,
30d63777-602e-436c-89af-f006c04da6f6,monotonic_reads,network_partition,writer-1,write,mr-30d63777-602e-436c-89af-f006c04da6f6,1271,,,ONE,cassandra-1,True,False,3.539,2026-09-16T06:24:04.918737+00:00,
30d63777-602e-436c-89af-f006c04da6f6,monotonic_reads,network_partition,writer-1,write,mr-30d63777-602e-436c-89af-f006c04da6f6,1272,,,ONE,cassandra-1,True,False,3.789,2026-09-16T06:24:04.945750+00:00,
30d63777-602e-436c-89af-f006c04da6f6,monotonic_reads,network_partition,writer-1,write,mr-30d63777-602e-436c-89af-f006c04da6f6,1273,,,ONE,cassandra-1,True,False,2.624,2026-09-16T06:24:04.972802+00:00,
30d63777-602e-436c-89af-f006c04da6f6,monotonic_reads,network_partition,writer-1,write,mr-30d63777-602e-436c-89af-f006c04da6f6,1274,,,ONE,cassandra-1,True,False,3.035,2026-09-16T06:24:04.998396+00:00,
30d63777-602e-436c-89af-f006c04da6f6,monotonic_reads,network_partition,writer-1,write,mr-30d63777-602e-436c-89af-f006c04da6f6,1275,,,ONE,cassandra-1,True,False,3.345,2026-09-16T06:24:05.024435+00:00,
30d63777-602e-436c-89af-f006c04da6f6,monotonic_reads,network_partition,writer-1,write,mr-30d63777-602e-436c-89af-f006c04da6f6,1276,,,ONE,cassandra-1,True,False,3.48,2026-09-16T06:24:05.050390+00:00,
30d63777-602e-436c-89af-f006c04da6f6,monotonic_reads,network_partition,writer-1,write,mr-30d63777-602e-436c-89af-f006c04da6f6,1277,,,ONE,cassandra-1,True,False,4.093,2026-09-16T06:24:05.074778+00:00,
30d63777-602e-436c-89af-f006c04da6f6,monotonic_reads,network_partition,writer-1,write,mr-30d63777-602e-436c-89af-f006c04da6f6,1278,,,ONE,cassandra-1,True,False,3.571,2026-09-16T06:24:05.101405+00:00,
30d63777-602e-436c-89af-f006c04da6f6,monotonic_reads,network_partition,writer-1,write,mr-30d63777-602e-436c-89af-f006c04da6f6,1279,,,ONE,cassandra-1,True,False,3.665,2026-09-16T06:24:05.126761+00:00,
30d63777-602e-436c-89af-f006c04da6f6,monotonic_reads,network_partition,writer-1,write,mr-30d63777-602e-436c-89af-f006c04da6f6,1280,,,ONE,cassandra-1,True,False,3.674,2026-09-16T06:24:05.155382+00:00,
30d63777-602e-436c-89af-f006c04da6f6,monotonic_reads,network_partition,writer-1,write,mr-30d63777-602e-436c-89af-f006c04da6f6,1281,,,ONE,cassandra-1,True,False,4.639,2026-09-16T06:24:05.184124+00:00,
30d63777-602e-436c-89af-f006c04da6f6,monotonic_reads,network_partition,writer-1,write,mr-30d63777-602e-436c-89af-f006c04da6f6,1282,,,ONE,cassandra-1,True,False,3.911,2026-09-16T06:24:05.208870+00:00,
30d63777-602e-436c-89af-f006c04da6f6,monotonic_reads,network_partition,writer-1,write,mr-30d63777-602e-436c-89af-f006c04da6f6,1283,,,ONE,cassandra-1,True,False,3.479,2026-09-16T06:24:05.235432+00:00,
30d63777-602e-436c-89af-f006c04da6f6,monotonic_reads,network_partition,writer-1,write,mr-30d63777-602e-436c-89af-f006c04da6f6,1284,,,ONE,cassandra-1,True,False,3.366,2026-09-16T06:24:05.263936+00:00,
30d63777-602e-436c-89af-f006c04da6f6,monotonic_reads,network_partition,writer-1,write,mr-30d63777-602e-436c-89af-f006c04da6f6,1285,,,ONE,cassandra-1,True,False,4.329,2026-09-16T06:24:05.289797+00:00,
30d63777-602e-436c-89af-f006c04da6f6,monotonic_reads,network_partition,writer-1,write,mr-30d63777-602e-436c-89af-f006c04da6f6,1286,,,ONE,cassandra-1,True,False,3.751,2026-09-16T06:24:05.314704+00:00,
30d63777-602e-436c-89af-f006c04da6f6,monotonic_reads,network_partition,writer-1,write,mr-30d63777-602e-436c-89af-f006c04da6f6,1287,,,ONE,cassandra-1,True,False,3.706,2026-09-16T06:24:05.339786+00:00,
30d63777-602e-436c-89af-f006c04da6f6,monotonic_reads,network_partition,writer-1,write,mr-30d63777-602e-436c-89af-f006c04da6f6,1288,,,ONE,cassandra-1,True,False,3.51,2026-09-16T06:24:05.367800+00:00,
30d63777-602e-436c-89af-f006c04da6f6,monotonic_reads,network_partition,writer-1,write,mr-30d63777-602e-436c-89af-f006c04da6f6,1289,,,ONE,cassandra-1,True,False,3.68,2026-09-16T06:24:05.392625+00:00,
30d63777-602e-436c-89af-f006c04da6f6,monotonic_reads,network_partition,writer-1,write,mr-30d63777-602e-436c-89af-f006c04da6f6,1290,,,ONE,cassandra-1,True,False,2.722,2026-09-16T06:24:05.420597+00:00,
30d63777-602e-436c-89af-f006c04da6f6,monotonic_reads,network_partition,writer-1,write,mr-30d63777-602e-436c-89af-f006c04da6f6,1291,,,ONE,cassandra-1,True,False,3.574,2026-09-16T06:24:05.448590+00:00,
30d63777-602e-436c-89af-f006c04da6f6,monotonic_reads,network_partition,writer-1,write,mr-30d63777-602e-436c-89af-f006c04da6f6,1292,,,ONE,cassandra-1,True,False,2.614,2026-09-16T06:24:05.475954+00:00,
30d63777-602e-436c-89af-f006c04da6f6,monotonic_reads,network_partition,writer-1,write,mr-30d63777-602e-436c-89af-f006c04da6f6,1293,,,ONE,cassandra-1,True,False,3.618,2026-09-16T06:24:05.500566+00:00,
30d63777-602e-436c-89af-f006c04da6f6,monotonic_reads,network_partition,writer-1,write,mr-30d63777-602e-436c-89af-f006c04da6f6,1294,,,ONE,cassandra-1,True,False,2.516,2026-09-16T06:24:05.526846+00:00,
30d63777-602e-436c-89af-f006c04da6f6,monotonic_reads,network_partition,writer-1,write,mr-30d63777-602e-436c-89af-f006c04da6f6,1295,,,ONE,cassandra-1,True,False,2.654,2026-09-16T06:24:05.554097+00:00,
30d63777-602e-436c-89af-f006c04da6f6,monotonic_reads,network_partition,writer-1,write,mr-30d63777-602e-436c-89af-f006c04da6f6,1296,,,ONE,cassandra-1,True,False,2.5,2026-09-16T06:24:05.580934+00:00,
30d63777-602e-436c-89af-f006c04da6f6,monotonic_reads,network_partition,writer-1,write,mr-30d63777-602e-436c-89af-f006c04da6f6,1297,,,ONE,cassandra-1,True,False,2.562,2026-09-16T06:24:05.608717+00:00,
30d63777-602e-436c-89af-f006c04da6f6,monotonic_reads,network_partition,writer-1,write,mr-30d63777-602e-436c-89af-f006c04da6f6,1298,,,ONE,cassandra-1,True,False,2.503,2026-09-16T06:24:05.634341+00:00,
30d63777-602e-436c-89af-f006c04da6f6,monotonic_reads,network_partition,writer-1,write,mr-30d63777-602e-436c-89af-f006c04da6f6,1299,,,ONE,cassandra-1,True,False,2.926,2026-09-16T06:24:05.660609+00:00,
30d63777-602e-436c-89af-f006c04da6f6,monotonic_reads,network_partition,writer-1,write,mr-30d63777-602e-436c-89af-f006c04da6f6,1300,,,ONE,cassandra-1,True,False,2.472,2026-09-16T06:24:05.687652+00:00,
30d63777-602e-436c-89af-f006c04da6f6,monotonic_reads,network_partition,writer-1,write,mr-30d63777-602e-436c-89af-f006c04da6f6,1301,,,ONE,cassandra-1,True,False,1.866,2026-09-16T06:24:05.710823+00:00,
30d63777-602e-436c-89af-f006c04da6f6,monotonic_reads,network_partition,writer-1,write,mr-30d63777-602e-436c-89af-f006c04da6f6,1302,,,ONE,cassandra-1,True,False,2.818,2026-09-16T06:24:05.736251+00:00,
30d63777-602e-436c-89af-f006c04da6f6,monotonic_reads,network_partition,writer-1,write,mr-30d63777-602e-436c-89af-f006c04da6f6,1303,,,ONE,cassandra-1,True,False,2.436,2026-09-16T06:24:05.762305+00:00,
30d63777-602e-436c-89af-f006c04da6f6,monotonic_reads,network_partition,writer-1,write,mr-30d63777-602e-436c-89af-f006c04da6f6,1304,,,ONE,cassandra-1,True,False,3.45,2026-09-16T06:24:05.787186+00:00,
30d63777-602e-436c-89af-f006c04da6f6,monotonic_reads,network_partition,writer-1,write,mr-30d63777-602e-436c-89af-f006c04da6f6,1305,,,ONE,cassandra-1,True,False,4.457,2026-09-16T06:24:05.812861+00:00,
30d63777-602e-436c-89af-f006c04da6f6,monotonic_reads,network_partition,writer-1,write,mr-30d63777-602e-436c-89af-f006c04da6f6,1306,,,ONE,cassandra-1,True,False,2.676,2026-09-16T06:24:05.840937+00:00,
30d63777-602e-436c-89af-f006c04da6f6,monotonic_reads,network_partition,writer-1,write,mr-30d63777-602e-436c-89af-f006c04da6f6,1307,,,ONE,cassandra-1,True,False,2.483,2026-09-16T06:24:05.866161+00:00,
30d63777-602e-436c-89af-f006c04da6f6,monotonic_reads,network_partition,writer-1,write,mr-30d63777-602e-436c-89af-f006c04da6f6,1308,,,ONE,cassandra-1,True,False,3.528,2026-09-16T06:24:05.890475+00:00,
30d63777-602e-436c-89af-f006c04da6f6,monotonic_reads,network_partition,writer-1,write,mr-30d63777-602e-436c-89af-f006c04da6f6,1309,,,ONE,cassandra-1,True,False,2.867,2026-09-16T06:24:05.916534+00:00,
30d63777-602e-436c-89af-f006c04da6f6,monotonic_reads,network_partition,writer-1,write,mr-30d63777-602e-436c-89af-f006c04da6f6,1310,,,ONE,cassandra-1,True,False,2.515,2026-09-16T06:24:05.942461+00:00,
30d63777-602e-436c-89af-f006c04da6f6,monotonic_reads,network_partition,writer-1,write,mr-30d63777-602e-436c-89af-f006c04da6f6,1311,,,ONE,cassandra-1,True,False,2.412,2026-09-16T06:24:05.966347+00:00,
30d63777-602e-436c-89af-f006c04da6f6,monotonic_reads,network_partition,writer-1,write,mr-30d63777-602e-436c-89af-f006c04da6f6,1312,,,ONE,cassandra-1,True,False,2.461,2026-09-16T06:24:05.993667+00:00,
30d63777-602e-436c-89af-f006c04da6f6,monotonic_reads,network_partition,writer-1,write,mr-30d63777-602e-436c-89af-f006c04da6f6,1313,,,ONE,cassandra-1,True,False,2.876,2026-09-16T06:24:06.020808+00:00,
30d63777-602e-436c-89af-f006c04da6f6,monotonic_reads,network_partition,writer-1,write,mr-30d63777-602e-436c-89af-f006c04da6f6,1314,,,ONE,cassandra-1,True,False,3.329,2026-09-16T06:24:06.047198+00:00,
30d63777-602e-436c-89af-f006c04da6f6,monotonic_reads,network_partition,writer-1,write,mr-30d63777-602e-436c-89af-f006c04da6f6,1315,,,ONE,cassandra-1,True,False,3.267,2026-09-16T06:24:06.075093+00:00,
30d63777-602e-436c-89af-f006c04da6f6,monotonic_reads,network_partition,writer-1,write,mr-30d63777-602e-436c-89af-f006c04da6f6,1316,,,ONE,cassandra-1,True,False,3.251,2026-09-16T06:24:06.102198+00:00,
30d63777-602e-436c-89af-f006c04da6f6,monotonic_reads,network_partition,writer-1,write,mr-30d63777-602e-436c-89af-f006c04da6f6,1317,,,ONE,cassandra-1,True,False,2.758,2026-09-16T06:24:06.127709+00:00,
30d63777-602e-436c-89af-f006c04da6f6,monotonic_reads,network_partition,writer-1,write,mr-30d63777-602e-436c-89af-f006c04da6f6,1318,,,ONE,cassandra-1,True,False,2.569,2026-09-16T06:24:06.154480+00:00,
30d63777-602e-436c-89af-f006c04da6f6,monotonic_reads,network_partition,writer-1,write,mr-30d63777-602e-436c-89af-f006c04da6f6,1319,,,ONE,cassandra-1,True,False,3.26,2026-09-16T06:24:06.180504+00:00,
30d63777-602e-436c-89af-f006c04da6f6,monotonic_reads,network_partition,writer-1,write,mr-30d63777-602e-436c-89af-f006c04da6f6,1320,,,ONE,cassandra-1,True,False,2.55,2026-09-16T06:24:06.206485+00:00,
30d63777-602e-436c-89af-f006c04da6f6,monotonic_reads,network_partition,writer-1,write,mr-30d63777-602e-436c-89af-f006c04da6f6,1321,,,ONE,cassandra-1,True,False,3.816,2026-09-16T06:24:06.235285+00:00,
30d63777-602e-436c-89af-f006c04da6f6,monotonic_reads,network_partition,writer-1,write,mr-30d63777-602e-436c-89af-f006c04da6f6,1322,,,ONE,cassandra-1,True,False,2.691,2026-09-16T06:24:06.262693+00:00,
30d63777-602e-436c-89af-f006c04da6f6,monotonic_reads,network_partition,writer-1,write,mr-30d63777-602e-436c-89af-f006c04da6f6,1323,,,ONE,cassandra-1,True,False,3.46,2026-09-16T06:24:06.288515+00:00,
30d63777-602e-436c-89af-f006c04da6f6,monotonic_reads,network_partition,writer-1,write,mr-30d63777-602e-436c-89af-f006c04da6f6,1324,,,ONE,cassandra-1,True,False,2.515,2026-09-16T06:24:06.315543+00:00,
30d63777-602e-436c-89af-f006c04da6f6,monotonic_reads,network_partition,writer-1,write,mr-30d63777-602e-436c-89af-f006c04da6f6,1325,,,ONE,cassandra-1,True,False,2.408,2026-09-16T06:24:06.342739+00:00,
30d63777-602e-436c-89af-f006c04da6f6,monotonic_reads,network_partition,writer-1,write,mr-30d63777-602e-436c-89af-f006c04da6f6,1326,,,ONE,cassandra-1,True,False,2.592,2026-09-16T06:24:06.366530+00:00,
30d63777-602e-436c-89af-f006c04da6f6,monotonic_reads,network_partition,writer-1,write,mr-30d63777-602e-436c-89af-f006c04da6f6,1327,,,ONE,cassandra-1,True,False,2.418,2026-09-16T06:24:06.390355+00:00,
30d63777-602e-436c-89af-f006c04da6f6,monotonic_reads,network_partition,writer-1,write,mr-30d63777-602e-436c-89af-f006c04da6f6,1328,,,ONE,cassandra-1,True,False,2.422,2026-09-16T06:24:06.413355+00:00,
30d63777-602e-436c-89af-f006c04da6f6,monotonic_reads,network_partition,writer-1,write,mr-30d63777-602e-436c-89af-f006c04da6f6,1329,,,ONE,cassandra-1,True,False,2.693,2026-09-16T06:24:06.437755+00:00,
30d63777-602e-436c-89af-f006c04da6f6,monotonic_reads,network_partition,writer-1,write,mr-30d63777-602e-436c-89af-f006c04da6f6,1330,,,ONE,cassandra-1,True,False,2.49,2026-09-16T06:24:06.462429+00:00,
30d63777-602e-436c-89af-f006c04da6f6,monotonic_reads,network_partition,writer-1,write,mr-30d63777-602e-436c-89af-f006c04da6f6,1331,,,ONE,cassandra-1,True,False,2.384,2026-09-16T06:24:06.487449+00:00,
30d63777-602e-436c-89af-f006c04da6f6,monotonic_reads,network_partition,writer-1,write,mr-30d63777-602e-436c-89af-f006c04da6f6,1332,,,ONE,cassandra-1,True,False,2.787,2026-09-16T06:24:06.515153+00:00,
30d63777-602e-436c-89af-f006c04da6f6,monotonic_reads,network_partition,writer-1,write,mr-30d63777-602e-436c-89af-f006c04da6f6,1333,,,ONE,cassandra-1,True,False,2.932,2026-09-16T06:24:06.539364+00:00,
30d63777-602e-436c-89af-f006c04da6f6,monotonic_reads,network_partition,writer-1,write,mr-30d63777-602e-436c-89af-f006c04da6f6,1334,,,ONE,cassandra-1,True,False,2.746,2026-09-16T06:24:06.566633+00:00,
30d63777-602e-436c-89af-f006c04da6f6,monotonic_reads,network_partition,writer-1,write,mr-30d63777-602e-436c-89af-f006c04da6f6,1335,,,ONE,cassandra-1,True,False,3.504,2026-09-16T06:24:06.593809+00:00,
30d63777-602e-436c-89af-f006c04da6f6,monotonic_reads,network_partition,writer-1,write,mr-30d63777-602e-436c-89af-f006c04da6f6,1336,,,ONE,cassandra-1,True,False,3.318,2026-09-16T06:24:06.618885+00:00,
30d63777-602e-436c-89af-f006c04da6f6,monotonic_reads,network_partition,writer-1,write,mr-30d63777-602e-436c-89af-f006c04da6f6,1337,,,ONE,cassandra-1,True,False,3.196,2026-09-16T06:24:06.646895+00:00,
30d63777-602e-436c-89af-f006c04da6f6,monotonic_reads,network_partition,writer-1,write,mr-30d63777-602e-436c-89af-f006c04da6f6,1338,,,ONE,cassandra-1,True,False,3.333,2026-09-16T06:24:06.675466+00:00,
30d63777-602e-436c-89af-f006c04da6f6,monotonic_reads,network_partition,writer-1,write,mr-30d63777-602e-436c-89af-f006c04da6f6,1339,,,ONE,cassandra-1,True,False,2.689,2026-09-16T06:24:06.699665+00:00,
30d63777-602e-436c-89af-f006c04da6f6,monotonic_reads,network_partition,writer-1,write,mr-30d63777-602e-436c-89af-f006c04da6f6,1340,,,ONE,cassandra-1,True,False,2.491,2026-09-16T06:24:06.726170+00:00,
30d63777-602e-436c-89af-f006c04da6f6,monotonic_reads,network_partition,writer-1,write,mr-30d63777-602e-436c-89af-f006c04da6f6,1341,,,ONE,cassandra-1,True,False,3.517,2026-09-16T06:24:06.752451+00:00,
30d63777-602e-436c-89af-f006c04da6f6,monotonic_reads,network_partition,writer-1,write,mr-30d63777-602e-436c-89af-f006c04da6f6,1342,,,ONE,cassandra-1,True,False,2.8,2026-09-16T06:24:06.778745+00:00,
30d63777-602e-436c-89af-f006c04da6f6,monotonic_reads,network_partition,writer-1,write,mr-30d63777-602e-436c-89af-f006c04da6f6,1343,,,ONE,cassandra-1,True,False,2.643,2026-09-16T06:24:06.806078+00:00,
30d63777-602e-436c-89af-f006c04da6f6,monotonic_reads,network_partition,writer-1,write,mr-30d63777-602e-436c-89af-f006c04da6f6,1344,,,ONE,cassandra-1,True,False,3.262,2026-09-16T06:24:06.832443+00:00,
30d63777-602e-436c-89af-f006c04da6f6,monotonic_reads,network_partition,writer-1,write,mr-30d63777-602e-436c-89af-f006c04da6f6,1345,,,ONE,cassandra-1,True,False,2.698,2026-09-16T06:24:06.856650+00:00,
30d63777-602e-436c-89af-f006c04da6f6,monotonic_reads,network_partition,writer-1,write,mr-30d63777-602e-436c-89af-f006c04da6f6,1346,,,ONE,cassandra-1,True,False,3.138,2026-09-16T06:24:06.881506+00:00,
30d63777-602e-436c-89af-f006c04da6f6,monotonic_reads,network_partition,writer-1,write,mr-30d63777-602e-436c-89af-f006c04da6f6,1347,,,ONE,cassandra-1,True,False,2.521,2026-09-16T06:24:06.906457+00:00,
30d63777-602e-436c-89af-f006c04da6f6,monotonic_reads,network_partition,writer-1,write,mr-30d63777-602e-436c-89af-f006c04da6f6,1348,,,ONE,cassandra-1,True,False,2.38,2026-09-16T06:24:06.933347+00:00,
30d63777-602e-436c-89af-f006c04da6f6,monotonic_reads,network_partition,writer-1,write,mr-30d63777-602e-436c-89af-f006c04da6f6,1349,,,ONE,cassandra-1,True,False,3.137,2026-09-16T06:24:06.958471+00:00,
30d63777-602e-436c-89af-f006c04da6f6,monotonic_reads,network_partition,writer-1,write,mr-30d63777-602e-436c-89af-f006c04da6f6,1350,,,ONE,cassandra-1,True,False,2.423,2026-09-16T06:24:06.982375+00:00,
30d63777-602e-436c-89af-f006c04da6f6,monotonic_reads,network_partition,writer-1,write,mr-30d63777-602e-436c-89af-f006c04da6f6,1351,,,ONE,cassandra-1,True,False,1.332,2026-09-16T06:24:07.006676+00:00,
30d63777-602e-436c-89af-f006c04da6f6,monotonic_reads,network_partition,writer-1,write,mr-30d63777-602e-436c-89af-f006c04da6f6,1352,,,ONE,cassandra-1,True,False,3.239,2026-09-16T06:24:07.031624+00:00,
30d63777-602e-436c-89af-f006c04da6f6,monotonic_reads,network_partition,writer-1,write,mr-30d63777-602e-436c-89af-f006c04da6f6,1353,,,ONE,cassandra-1,True,False,3.515,2026-09-16T06:24:07.058475+00:00,
30d63777-602e-436c-89af-f006c04da6f6,monotonic_reads,network_partition,writer-1,write,mr-30d63777-602e-436c-89af-f006c04da6f6,1354,,,ONE,cassandra-1,True,False,2.846,2026-09-16T06:24:07.086534+00:00,
30d63777-602e-436c-89af-f006c04da6f6,monotonic_reads,network_partition,writer-1,write,mr-30d63777-602e-436c-89af-f006c04da6f6,1355,,,ONE,cassandra-1,True,False,3.56,2026-09-16T06:24:07.113495+00:00,
30d63777-602e-436c-89af-f006c04da6f6,monotonic_reads,network_partition,writer-1,write,mr-30d63777-602e-436c-89af-f006c04da6f6,1356,,,ONE,cassandra-1,True,False,2.307,2026-09-16T06:24:07.136052+00:00,
30d63777-602e-436c-89af-f006c04da6f6,monotonic_reads,network_partition,writer-1,write,mr-30d63777-602e-436c-89af-f006c04da6f6,1357,,,ONE,cassandra-1,True,False,1.712,2026-09-16T06:24:07.158653+00:00,
30d63777-602e-436c-89af-f006c04da6f6,monotonic_reads,network_partition,writer-1,write,mr-30d63777-602e-436c-89af-f006c04da6f6,1358,,,ONE,cassandra-1,True,False,2.753,2026-09-16T06:24:07.181959+00:00,
30d63777-602e-436c-89af-f006c04da6f6,monotonic_reads,network_partition,writer-1,write,mr-30d63777-602e-436c-89af-f006c04da6f6,1359,,,ONE,cassandra-1,True,False,2.607,2026-09-16T06:24:07.205299+00:00,
30d63777-602e-436c-89af-f006c04da6f6,monotonic_reads,network_partition,writer-1,write,mr-30d63777-602e-436c-89af-f006c04da6f6,1360,,,ONE,cassandra-1,True,False,1.634,2026-09-16T06:24:07.227493+00:00,
30d63777-602e-436c-89af-f006c04da6f6,monotonic_reads,network_partition,writer-1,write,mr-30d63777-602e-436c-89af-f006c04da6f6,1361,,,ONE,cassandra-1,True,False,1.357,2026-09-16T06:24:07.249418+00:00,
30d63777-602e-436c-89af-f006c04da6f6,monotonic_reads,network_partition,writer-1,write,mr-30d63777-602e-436c-89af-f006c04da6f6,1362,,,ONE,cassandra-1,True,False,1.256,2026-09-16T06:24:07.273724+00:00,
30d63777-602e-436c-89af-f006c04da6f6,monotonic_reads,network_partition,writer-1,write,mr-30d63777-602e-436c-89af-f006c04da6f6,1363,,,ONE,cassandra-1,True,False,1.51,2026-09-16T06:24:07.296425+00:00,
30d63777-602e-436c-89af-f006c04da6f6,monotonic_reads,network_partition,writer-1,write,mr-30d63777-602e-436c-89af-f006c04da6f6,1364,,,ONE,cassandra-1,True,False,1.203,2026-09-16T06:24:07.320596+00:00,
30d63777-602e-436c-89af-f006c04da6f6,monotonic_reads,network_partition,writer-1,write,mr-30d63777-602e-436c-89af-f006c04da6f6,1365,,,ONE,cassandra-1,True,False,1.308,2026-09-16T06:24:07.343364+00:00,
30d63777-602e-436c-89af-f006c04da6f6,monotonic_reads,network_partition,writer-1,write,mr-30d63777-602e-436c-89af-f006c04da6f6,1366,,,ONE,cassandra-1,True,False,1.443,2026-09-16T06:24:07.369840+00:00,
30d63777-602e-436c-89af-f006c04da6f6,monotonic_reads,network_partition,writer-1,write,mr-30d63777-602e-436c-89af-f006c04da6f6,1367,,,ONE,cassandra-1,True,False,1.628,2026-09-16T06:24:07.396637+00:00,
30d63777-602e-436c-89af-f006c04da6f6,monotonic_reads,network_partition,writer-1,write,mr-30d63777-602e-436c-89af-f006c04da6f6,1368,,,ONE,cassandra-1,True,False,2.271,2026-09-16T06:24:07.423276+00:00,
30d63777-602e-436c-89af-f006c04da6f6,monotonic_reads,network_partition,writer-1,write,mr-30d63777-602e-436c-89af-f006c04da6f6,1369,,,ONE,cassandra-1,True,False,2.858,2026-09-16T06:24:07.447433+00:00,
30d63777-602e-436c-89af-f006c04da6f6,monotonic_reads,network_partition,writer-1,write,mr-30d63777-602e-436c-89af-f006c04da6f6,1370,,,ONE,cassandra-1,True,False,2.736,2026-09-16T06:24:07.474174+00:00,
30d63777-602e-436c-89af-f006c04da6f6,monotonic_reads,network_partition,writer-1,write,mr-30d63777-602e-436c-89af-f006c04da6f6,1371,,,ONE,cassandra-1,True,False,3.113,2026-09-16T06:24:07.501908+00:00,
30d63777-602e-436c-89af-f006c04da6f6,monotonic_reads,network_partition,writer-1,write,mr-30d63777-602e-436c-89af-f006c04da6f6,1372,,,ONE,cassandra-1,True,False,4.118,2026-09-16T06:24:07.527825+00:00,
30d63777-602e-436c-89af-f006c04da6f6,monotonic_reads,network_partition,writer-1,write,mr-30d63777-602e-436c-89af-f006c04da6f6,1373,,,ONE,cassandra-1,True,False,2.925,2026-09-16T06:24:07.555227+00:00,
30d63777-602e-436c-89af-f006c04da6f6,monotonic_reads,network_partition,writer-1,write,mr-30d63777-602e-436c-89af-f006c04da6f6,1374,,,ONE,cassandra-1,True,False,3.066,2026-09-16T06:24:07.581699+00:00,
30d63777-602e-436c-89af-f006c04da6f6,monotonic_reads,network_partition,writer-1,write,mr-30d63777-602e-436c-89af-f006c04da6f6,1375,,,ONE,cassandra-1,True,False,2.635,2026-09-16T06:24:07.608512+00:00,
30d63777-602e-436c-89af-f006c04da6f6,monotonic_reads,network_partition,writer-1,write,mr-30d63777-602e-436c-89af-f006c04da6f6,1376,,,ONE,cassandra-1,True,False,4.084,2026-09-16T06:24:07.634148+00:00,
30d63777-602e-436c-89af-f006c04da6f6,monotonic_reads,network_partition,writer-1,write,mr-30d63777-602e-436c-89af-f006c04da6f6,1377,,,ONE,cassandra-1,True,False,3.078,2026-09-16T06:24:07.662185+00:00,
30d63777-602e-436c-89af-f006c04da6f6,monotonic_reads,network_partition,writer-1,write,mr-30d63777-602e-436c-89af-f006c04da6f6,1378,,,ONE,cassandra-1,True,False,2.936,2026-09-16T06:24:07.688283+00:00,
30d63777-602e-436c-89af-f006c04da6f6,monotonic_reads,network_partition,writer-1,write,mr-30d63777-602e-436c-89af-f006c04da6f6,1379,,,ONE,cassandra-1,True,False,1.855,2026-09-16T06:24:07.714192+00:00,
30d63777-602e-436c-89af-f006c04da6f6,monotonic_reads,network_partition,writer-1,write,mr-30d63777-602e-436c-89af-f006c04da6f6,1380,,,ONE,cassandra-1,True,False,1.992,2026-09-16T06:24:07.739682+00:00,
30d63777-602e-436c-89af-f006c04da6f6,monotonic_reads,network_partition,writer-1,write,mr-30d63777-602e-436c-89af-f006c04da6f6,1381,,,ONE,cassandra-1,True,False,1.305,2026-09-16T06:24:07.764835+00:00,
30d63777-602e-436c-89af-f006c04da6f6,monotonic_reads,network_partition,writer-1,write,mr-30d63777-602e-436c-89af-f006c04da6f6,1382,,,ONE,cassandra-1,True,False,1.391,2026-09-16T06:24:07.787425+00:00,
30d63777-602e-436c-89af-f006c04da6f6,monotonic_reads,network_partition,writer-1,write,mr-30d63777-602e-436c-89af-f006c04da6f6,1383,,,ONE,cassandra-1,True,False,1.737,2026-09-16T06:24:07.811632+00:00,
30d63777-602e-436c-89af-f006c04da6f6,monotonic_reads,network_partition,writer-1,write,mr-30d63777-602e-436c-89af-f006c04da6f6,1384,,,ONE,cassandra-1,True,False,1.349,2026-09-16T06:24:07.837083+00:00,
30d63777-602e-436c-89af-f006c04da6f6,monotonic_reads,network_partition,writer-1,write,mr-30d63777-602e-436c-89af-f006c04da6f6,1385,,,ONE,cassandra-1,True,False,1.983,2026-09-16T06:24:07.861477+00:00,
30d63777-602e-436c-89af-f006c04da6f6,monotonic_reads,network_partition,writer-1,write,mr-30d63777-602e-436c-89af-f006c04da6f6,1386,,,ONE,cassandra-1,True,False,1.047,2026-09-16T06:24:07.886057+00:00,
30d63777-602e-436c-89af-f006c04da6f6,monotonic_reads,network_partition,writer-1,write,mr-30d63777-602e-436c-89af-f006c04da6f6,1387,,,ONE,cassandra-1,True,False,2.05,2026-09-16T06:24:07.910513+00:00,
30d63777-602e-436c-89af-f006c04da6f6,monotonic_reads,network_partition,writer-1,write,mr-30d63777-602e-436c-89af-f006c04da6f6,1388,,,ONE,cassandra-1,True,False,1.026,2026-09-16T06:24:07.935168+00:00,
30d63777-602e-436c-89af-f006c04da6f6,monotonic_reads,network_partition,writer-1,write,mr-30d63777-602e-436c-89af-f006c04da6f6,1389,,,ONE,cassandra-1,True,False,0.968,2026-09-16T06:24:07.961230+00:00,
30d63777-602e-436c-89af-f006c04da6f6,monotonic_reads,network_partition,writer-1,write,mr-30d63777-602e-436c-89af-f006c04da6f6,1390,,,ONE,cassandra-1,True,False,2.395,2026-09-16T06:24:07.987426+00:00,
30d63777-602e-436c-89af-f006c04da6f6,monotonic_reads,network_partition,writer-1,write,mr-30d63777-602e-436c-89af-f006c04da6f6,1391,,,ONE,cassandra-1,True,False,1.138,2026-09-16T06:24:08.013674+00:00,
30d63777-602e-436c-89af-f006c04da6f6,monotonic_reads,network_partition,writer-1,write,mr-30d63777-602e-436c-89af-f006c04da6f6,1392,,,ONE,cassandra-1,True,False,1.368,2026-09-16T06:24:08.037415+00:00,
30d63777-602e-436c-89af-f006c04da6f6,monotonic_reads,network_partition,writer-1,write,mr-30d63777-602e-436c-89af-f006c04da6f6,1393,,,ONE,cassandra-1,True,False,1.378,2026-09-16T06:24:08.063932+00:00,
30d63777-602e-436c-89af-f006c04da6f6,monotonic_reads,network_partition,writer-1,write,mr-30d63777-602e-436c-89af-f006c04da6f6,1394,,,ONE,cassandra-1,True,False,1.327,2026-09-16T06:24:08.090436+00:00,
30d63777-602e-436c-89af-f006c04da6f6,monotonic_reads,network_partition,writer-1,write,mr-30d63777-602e-436c-89af-f006c04da6f6,1395,,,ONE,cassandra-1,True,False,0.909,2026-09-16T06:24:08.116457+00:00,
30d63777-602e-436c-89af-f006c04da6f6,monotonic_reads,network_partition,writer-1,write,mr-30d63777-602e-436c-89af-f006c04da6f6,1396,,,ONE,cassandra-1,True,False,2.215,2026-09-16T06:24:08.139568+00:00,
30d63777-602e-436c-89af-f006c04da6f6,monotonic_reads,network_partition,writer-1,write,mr-30d63777-602e-436c-89af-f006c04da6f6,1397,,,ONE,cassandra-1,True,False,2.076,2026-09-16T06:24:08.163489+00:00,
30d63777-602e-436c-89af-f006c04da6f6,monotonic_reads,network_partition,writer-1,write,mr-30d63777-602e-436c-89af-f006c04da6f6,1398,,,ONE,cassandra-1,True,False,1.397,2026-09-16T06:24:08.186303+00:00,
30d63777-602e-436c-89af-f006c04da6f6,monotonic_reads,network_partition,writer-1,write,mr-30d63777-602e-436c-89af-f006c04da6f6,1399,,,ONE,cassandra-1,True,False,1.461,2026-09-16T06:24:08.210377+00:00,
30d63777-602e-436c-89af-f006c04da6f6,monotonic_reads,network_partition,writer-1,write,mr-30d63777-602e-436c-89af-f006c04da6f6,1400,,,ONE,cassandra-1,True,False,1.517,2026-09-16T06:24:08.234461+00:00,
30d63777-602e-436c-89af-f006c04da6f6,monotonic_reads,network_partition,writer-1,write,mr-30d63777-602e-436c-89af-f006c04da6f6,1401,,,ONE,cassandra-1,True,False,1.558,2026-09-16T06:24:08.258539+00:00,
30d63777-602e-436c-89af-f006c04da6f6,monotonic_reads,network_partition,writer-1,write,mr-30d63777-602e-436c-89af-f006c04da6f6,1402,,,ONE,cassandra-1,True,False,2.415,2026-09-16T06:24:08.285647+00:00,
30d63777-602e-436c-89af-f006c04da6f6,monotonic_reads,network_partition,writer-1,write,mr-30d63777-602e-436c-89af-f006c04da6f6,1403,,,ONE,cassandra-1,True,False,2.278,2026-09-16T06:24:08.312712+00:00,
30d63777-602e-436c-89af-f006c04da6f6,monotonic_reads,network_partition,writer-1,write,mr-30d63777-602e-436c-89af-f006c04da6f6,1404,,,ONE,cassandra-1,True,False,2.464,2026-09-16T06:24:08.339427+00:00,
30d63777-602e-436c-89af-f006c04da6f6,monotonic_reads,network_partition,writer-1,write,mr-30d63777-602e-436c-89af-f006c04da6f6,1405,,,ONE,cassandra-1,True,False,3.442,2026-09-16T06:24:08.364885+00:00,
30d63777-602e-436c-89af-f006c04da6f6,monotonic_reads,network_partition,writer-1,write,mr-30d63777-602e-436c-89af-f006c04da6f6,1406,,,ONE,cassandra-1,True,False,2.638,2026-09-16T06:24:08.390060+00:00,
30d63777-602e-436c-89af-f006c04da6f6,monotonic_reads,network_partition,writer-1,write,mr-30d63777-602e-436c-89af-f006c04da6f6,1407,,,ONE,cassandra-1,True,False,2.793,2026-09-16T06:24:08.416216+00:00,
30d63777-602e-436c-89af-f006c04da6f6,monotonic_reads,network_partition,writer-1,write,mr-30d63777-602e-436c-89af-f006c04da6f6,1408,,,ONE,cassandra-1,True,False,2.759,2026-09-16T06:24:08.443576+00:00,
30d63777-602e-436c-89af-f006c04da6f6,monotonic_reads,network_partition,writer-1,write,mr-30d63777-602e-436c-89af-f006c04da6f6,1409,,,ONE,cassandra-1,True,False,5.538,2026-09-16T06:24:08.471153+00:00,
30d63777-602e-436c-89af-f006c04da6f6,monotonic_reads,network_partition,writer-1,write,mr-30d63777-602e-436c-89af-f006c04da6f6,1410,,,ONE,cassandra-1,True,False,16.466,2026-09-16T06:24:08.512146+00:00,
30d63777-602e-436c-89af-f006c04da6f6,monotonic_reads,network_partition,writer-1,write,mr-30d63777-602e-436c-89af-f006c04da6f6,1411,,,ONE,cassandra-1,True,False,1.406,2026-09-16T06:24:08.538715+00:00,
30d63777-602e-436c-89af-f006c04da6f6,monotonic_reads,network_partition,writer-1,write,mr-30d63777-602e-436c-89af-f006c04da6f6,1412,,,ONE,cassandra-1,True,False,3.488,2026-09-16T06:24:08.567286+00:00,
30d63777-602e-436c-89af-f006c04da6f6,monotonic_reads,network_partition,writer-1,write,mr-30d63777-602e-436c-89af-f006c04da6f6,1413,,,ONE,cassandra-1,True,False,3.989,2026-09-16T06:24:08.591756+00:00,
30d63777-602e-436c-89af-f006c04da6f6,monotonic_reads,network_partition,reader-1,read,mr-30d63777-602e-436c-89af-f006c04da6f6,,1413,QUORUM,ONE,cassandra-3,True,False,5049.292,2026-09-16T06:24:08.603235+00:00,
30d63777-602e-436c-89af-f006c04da6f6,monotonic_reads,network_partition,writer-1,write,mr-30d63777-602e-436c-89af-f006c04da6f6,1414,,,ONE,cassandra-1,True,False,3.671,2026-09-16T06:24:08.615708+00:00,
30d63777-602e-436c-89af-f006c04da6f6,monotonic_reads,network_partition,reader-1,read,mr-30d63777-602e-436c-89af-f006c04da6f6,,1414,QUORUM,ONE,cassandra-1,True,False,6.047,2026-09-16T06:24:08.620820+00:00,
30d63777-602e-436c-89af-f006c04da6f6,monotonic_reads,network_partition,reader-1,read,mr-30d63777-602e-436c-89af-f006c04da6f6,,1414,QUORUM,ONE,cassandra-2,True,False,5.665,2026-09-16T06:24:08.637627+00:00,
30d63777-602e-436c-89af-f006c04da6f6,monotonic_reads,network_partition,writer-1,write,mr-30d63777-602e-436c-89af-f006c04da6f6,1415,,,ONE,cassandra-1,True,False,3.814,2026-09-16T06:24:08.642744+00:00,
30d63777-602e-436c-89af-f006c04da6f6,monotonic_reads,network_partition,reader-1,read,mr-30d63777-602e-436c-89af-f006c04da6f6,,1415,QUORUM,ONE,cassandra-3,True,False,5.848,2026-09-16T06:24:08.654673+00:00,
30d63777-602e-436c-89af-f006c04da6f6,monotonic_reads,network_partition,writer-1,write,mr-30d63777-602e-436c-89af-f006c04da6f6,1416,,,ONE,cassandra-1,True,False,2.723,2026-09-16T06:24:08.666712+00:00,
30d63777-602e-436c-89af-f006c04da6f6,monotonic_reads,network_partition,reader-1,read,mr-30d63777-602e-436c-89af-f006c04da6f6,,1416,QUORUM,ONE,cassandra-1,True,False,4.552,2026-09-16T06:24:08.670517+00:00,
30d63777-602e-436c-89af-f006c04da6f6,monotonic_reads,network_partition,reader-1,read,mr-30d63777-602e-436c-89af-f006c04da6f6,,1416,QUORUM,ONE,cassandra-2,True,False,4.974,2026-09-16T06:24:08.686880+00:00,
30d63777-602e-436c-89af-f006c04da6f6,monotonic_reads,network_partition,writer-1,write,mr-30d63777-602e-436c-89af-f006c04da6f6,1417,,,ONE,cassandra-1,True,False,3.909,2026-09-16T06:24:08.690913+00:00,
30d63777-602e-436c-89af-f006c04da6f6,monotonic_reads,network_partition,reader-1,read,mr-30d63777-602e-436c-89af-f006c04da6f6,,1417,QUORUM,ONE,cassandra-3,True,False,5.981,2026-09-16T06:24:08.704919+00:00,
30d63777-602e-436c-89af-f006c04da6f6,monotonic_reads,network_partition,writer-1,write,mr-30d63777-602e-436c-89af-f006c04da6f6,1418,,,ONE,cassandra-1,True,False,5.129,2026-09-16T06:24:08.721138+00:00,
30d63777-602e-436c-89af-f006c04da6f6,monotonic_reads,network_partition,reader-1,read,mr-30d63777-602e-436c-89af-f006c04da6f6,,1417,QUORUM,ONE,cassandra-1,True,False,5.66,2026-09-16T06:24:08.722533+00:00,
30d63777-602e-436c-89af-f006c04da6f6,monotonic_reads,network_partition,reader-1,read,mr-30d63777-602e-436c-89af-f006c04da6f6,,1418,QUORUM,ONE,cassandra-2,True,False,5.813,2026-09-16T06:24:08.739767+00:00,
30d63777-602e-436c-89af-f006c04da6f6,monotonic_reads,network_partition,writer-1,write,mr-30d63777-602e-436c-89af-f006c04da6f6,1419,,,ONE,cassandra-1,True,False,2.997,2026-09-16T06:24:08.746876+00:00,
30d63777-602e-436c-89af-f006c04da6f6,monotonic_reads,network_partition,reader-1,read,mr-30d63777-602e-436c-89af-f006c04da6f6,,1419,QUORUM,ONE,cassandra-3,True,False,4.134,2026-09-16T06:24:08.755072+00:00,
30d63777-602e-436c-89af-f006c04da6f6,monotonic_reads,network_partition,reader-1,read,mr-30d63777-602e-436c-89af-f006c04da6f6,,1419,QUORUM,ONE,cassandra-1,True,False,4.726,2026-09-16T06:24:08.771653+00:00,
30d63777-602e-436c-89af-f006c04da6f6,monotonic_reads,network_partition,writer-1,write,mr-30d63777-602e-436c-89af-f006c04da6f6,1420,,,ONE,cassandra-1,True,False,3.211,2026-09-16T06:24:08.771967+00:00,
30d63777-602e-436c-89af-f006c04da6f6,monotonic_reads,network_partition,reader-1,read,mr-30d63777-602e-436c-89af-f006c04da6f6,,1420,QUORUM,ONE,cassandra-2,True,False,5.398,2026-09-16T06:24:08.789945+00:00,
30d63777-602e-436c-89af-f006c04da6f6,monotonic_reads,network_partition,writer-1,write,mr-30d63777-602e-436c-89af-f006c04da6f6,1421,,,ONE,cassandra-1,True,False,2.704,2026-09-16T06:24:08.799512+00:00,
30d63777-602e-436c-89af-f006c04da6f6,monotonic_reads,network_partition,reader-1,read,mr-30d63777-602e-436c-89af-f006c04da6f6,,1421,QUORUM,ONE,cassandra-3,True,False,4.676,2026-09-16T06:24:08.805622+00:00,
30d63777-602e-436c-89af-f006c04da6f6,monotonic_reads,network_partition,reader-1,read,mr-30d63777-602e-436c-89af-f006c04da6f6,,1421,QUORUM,ONE,cassandra-1,True,False,5.655,2026-09-16T06:24:08.822593+00:00,
30d63777-602e-436c-89af-f006c04da6f6,monotonic_reads,network_partition,writer-1,write,mr-30d63777-602e-436c-89af-f006c04da6f6,1422,,,ONE,cassandra-1,True,False,2.926,2026-09-16T06:24:08.823893+00:00,
30d63777-602e-436c-89af-f006c04da6f6,monotonic_reads,network_partition,reader-1,read,mr-30d63777-602e-436c-89af-f006c04da6f6,,1422,QUORUM,ONE,cassandra-2,True,False,6.712,2026-09-16T06:24:08.839653+00:00,
30d63777-602e-436c-89af-f006c04da6f6,monotonic_reads,network_partition,writer-1,write,mr-30d63777-602e-436c-89af-f006c04da6f6,1423,,,ONE,cassandra-1,True,False,2.749,2026-09-16T06:24:08.847540+00:00,
30d63777-602e-436c-89af-f006c04da6f6,monotonic_reads,network_partition,reader-1,read,mr-30d63777-602e-436c-89af-f006c04da6f6,,1423,QUORUM,ONE,cassandra-3,True,False,4.278,2026-09-16T06:24:08.856188+00:00,
30d63777-602e-436c-89af-f006c04da6f6,monotonic_reads,network_partition,writer-1,write,mr-30d63777-602e-436c-89af-f006c04da6f6,1424,,,ONE,cassandra-1,True,False,2.014,2026-09-16T06:24:08.872353+00:00,
30d63777-602e-436c-89af-f006c04da6f6,monotonic_reads,network_partition,reader-1,read,mr-30d63777-602e-436c-89af-f006c04da6f6,,1423,QUORUM,ONE,cassandra-1,True,False,5.986,2026-09-16T06:24:08.874354+00:00,
30d63777-602e-436c-89af-f006c04da6f6,monotonic_reads,network_partition,reader-1,read,mr-30d63777-602e-436c-89af-f006c04da6f6,,1424,QUORUM,ONE,cassandra-2,True,False,5.43,2026-09-16T06:24:08.892362+00:00,
30d63777-602e-436c-89af-f006c04da6f6,monotonic_reads,network_partition,writer-1,write,mr-30d63777-602e-436c-89af-f006c04da6f6,1425,,,ONE,cassandra-1,True,False,2.206,2026-09-16T06:24:08.898135+00:00,
30d63777-602e-436c-89af-f006c04da6f6,monotonic_reads,network_partition,reader-1,read,mr-30d63777-602e-436c-89af-f006c04da6f6,,1425,QUORUM,ONE,cassandra-3,True,False,4.433,2026-09-16T06:24:08.908368+00:00,
30d63777-602e-436c-89af-f006c04da6f6,monotonic_reads,network_partition,writer-1,write,mr-30d63777-602e-436c-89af-f006c04da6f6,1426,,,ONE,cassandra-1,True,False,4.14,2026-09-16T06:24:08.923016+00:00,
30d63777-602e-436c-89af-f006c04da6f6,monotonic_reads,network_partition,reader-1,read,mr-30d63777-602e-436c-89af-f006c04da6f6,,1425,QUORUM,ONE,cassandra-1,True,False,5.469,2026-09-16T06:24:08.924899+00:00,
30d63777-602e-436c-89af-f006c04da6f6,monotonic_reads,network_partition,reader-1,read,mr-30d63777-602e-436c-89af-f006c04da6f6,,1426,QUORUM,ONE,cassandra-2,True,False,5.931,2026-09-16T06:24:08.942861+00:00,
30d63777-602e-436c-89af-f006c04da6f6,monotonic_reads,network_partition,writer-1,write,mr-30d63777-602e-436c-89af-f006c04da6f6,1427,,,ONE,cassandra-1,True,False,2.853,2026-09-16T06:24:08.946525+00:00,
30d63777-602e-436c-89af-f006c04da6f6,monotonic_reads,network_partition,reader-1,read,mr-30d63777-602e-436c-89af-f006c04da6f6,,1427,QUORUM,ONE,cassandra-3,True,False,5.6,2026-09-16T06:24:08.959532+00:00,
30d63777-602e-436c-89af-f006c04da6f6,monotonic_reads,network_partition,writer-1,write,mr-30d63777-602e-436c-89af-f006c04da6f6,1428,,,ONE,cassandra-1,True,False,2.698,2026-09-16T06:24:08.972627+00:00,
30d63777-602e-436c-89af-f006c04da6f6,monotonic_reads,network_partition,reader-1,read,mr-30d63777-602e-436c-89af-f006c04da6f6,,1428,QUORUM,ONE,cassandra-1,True,False,5.086,2026-09-16T06:24:08.976477+00:00,
30d63777-602e-436c-89af-f006c04da6f6,monotonic_reads,network_partition,reader-1,read,mr-30d63777-602e-436c-89af-f006c04da6f6,,1428,QUORUM,ONE,cassandra-2,True,False,4.598,2026-09-16T06:24:08.991481+00:00,
30d63777-602e-436c-89af-f006c04da6f6,monotonic_reads,network_partition,writer-1,write,mr-30d63777-602e-436c-89af-f006c04da6f6,1429,,,ONE,cassandra-1,True,False,2.293,2026-09-16T06:24:08.996170+00:00,
30d63777-602e-436c-89af-f006c04da6f6,monotonic_reads,network_partition,reader-1,read,mr-30d63777-602e-436c-89af-f006c04da6f6,,1429,QUORUM,ONE,cassandra-3,True,False,5.386,2026-09-16T06:24:09.009318+00:00,
30d63777-602e-436c-89af-f006c04da6f6,monotonic_reads,network_partition,writer-1,write,mr-30d63777-602e-436c-89af-f006c04da6f6,1430,,,ONE,cassandra-1,True,False,2.3,2026-09-16T06:24:09.021244+00:00,
30d63777-602e-436c-89af-f006c04da6f6,monotonic_reads,network_partition,reader-1,read,mr-30d63777-602e-436c-89af-f006c04da6f6,,1430,QUORUM,ONE,cassandra-1,True,False,4.738,2026-09-16T06:24:09.025487+00:00,
30d63777-602e-436c-89af-f006c04da6f6,monotonic_reads,network_partition,reader-1,read,mr-30d63777-602e-436c-89af-f006c04da6f6,,1430,QUORUM,ONE,cassandra-2,True,False,5.008,2026-09-16T06:24:09.042448+00:00,
30d63777-602e-436c-89af-f006c04da6f6,monotonic_reads,network_partition,writer-1,write,mr-30d63777-602e-436c-89af-f006c04da6f6,1431,,,ONE,cassandra-1,True,False,3.683,2026-09-16T06:24:09.049629+00:00,
30d63777-602e-436c-89af-f006c04da6f6,monotonic_reads,network_partition,reader-1,read,mr-30d63777-602e-436c-89af-f006c04da6f6,,1431,QUORUM,ONE,cassandra-3,True,False,6.41,2026-09-16T06:24:09.059356+00:00,
30d63777-602e-436c-89af-f006c04da6f6,monotonic_reads,network_partition,reader-1,read,mr-30d63777-602e-436c-89af-f006c04da6f6,,1431,QUORUM,ONE,cassandra-1,True,False,5.791,2026-09-16T06:24:09.075735+00:00,
30d63777-602e-436c-89af-f006c04da6f6,monotonic_reads,network_partition,writer-1,write,mr-30d63777-602e-436c-89af-f006c04da6f6,1432,,,ONE,cassandra-1,True,False,4.16,2026-09-16T06:24:09.076111+00:00,
30d63777-602e-436c-89af-f006c04da6f6,monotonic_reads,network_partition,reader-1,read,mr-30d63777-602e-436c-89af-f006c04da6f6,,1432,QUORUM,ONE,cassandra-2,True,False,5.774,2026-09-16T06:24:09.093862+00:00,
30d63777-602e-436c-89af-f006c04da6f6,monotonic_reads,network_partition,writer-1,write,mr-30d63777-602e-436c-89af-f006c04da6f6,1433,,,ONE,cassandra-1,True,False,4.091,2026-09-16T06:24:09.105036+00:00,
30d63777-602e-436c-89af-f006c04da6f6,monotonic_reads,network_partition,reader-1,read,mr-30d63777-602e-436c-89af-f006c04da6f6,,1433,QUORUM,ONE,cassandra-3,True,False,4.493,2026-09-16T06:24:09.110439+00:00,
30d63777-602e-436c-89af-f006c04da6f6,monotonic_reads,network_partition,reader-1,read,mr-30d63777-602e-436c-89af-f006c04da6f6,,1433,QUORUM,ONE,cassandra-1,True,False,4.231,2026-09-16T06:24:09.125156+00:00,
30d63777-602e-436c-89af-f006c04da6f6,monotonic_reads,network_partition,writer-1,write,mr-30d63777-602e-436c-89af-f006c04da6f6,1434,,,ONE,cassandra-1,True,False,2.891,2026-09-16T06:24:09.131756+00:00,
30d63777-602e-436c-89af-f006c04da6f6,monotonic_reads,network_partition,reader-1,read,mr-30d63777-602e-436c-89af-f006c04da6f6,,1434,QUORUM,ONE,cassandra-2,True,False,4.265,2026-09-16T06:24:09.141180+00:00,
30d63777-602e-436c-89af-f006c04da6f6,monotonic_reads,network_partition,writer-1,write,mr-30d63777-602e-436c-89af-f006c04da6f6,1435,,,ONE,cassandra-1,True,False,2.016,2026-09-16T06:24:09.154384+00:00,
30d63777-602e-436c-89af-f006c04da6f6,monotonic_reads,network_partition,reader-1,read,mr-30d63777-602e-436c-89af-f006c04da6f6,,1434,QUORUM,ONE,cassandra-3,True,False,4.184,2026-09-16T06:24:09.155882+00:00,
30d63777-602e-436c-89af-f006c04da6f6,monotonic_reads,network_partition,reader-1,read,mr-30d63777-602e-436c-89af-f006c04da6f6,,1435,QUORUM,ONE,cassandra-1,True,False,5.1,2026-09-16T06:24:09.173604+00:00,
30d63777-602e-436c-89af-f006c04da6f6,monotonic_reads,network_partition,writer-1,write,mr-30d63777-602e-436c-89af-f006c04da6f6,1436,,,ONE,cassandra-1,True,False,2.993,2026-09-16T06:24:09.177914+00:00,
30d63777-602e-436c-89af-f006c04da6f6,monotonic_reads,network_partition,reader-1,read,mr-30d63777-602e-436c-89af-f006c04da6f6,,1436,QUORUM,ONE,cassandra-2,True,False,6.546,2026-09-16T06:24:09.191605+00:00,
30d63777-602e-436c-89af-f006c04da6f6,monotonic_reads,network_partition,writer-1,write,mr-30d63777-602e-436c-89af-f006c04da6f6,1437,,,ONE,cassandra-1,True,False,2.893,2026-09-16T06:24:09.205206+00:00,
30d63777-602e-436c-89af-f006c04da6f6,monotonic_reads,network_partition,reader-1,read,mr-30d63777-602e-436c-89af-f006c04da6f6,,1437,QUORUM,ONE,cassandra-3,True,False,4.548,2026-09-16T06:24:09.208355+00:00,
30d63777-602e-436c-89af-f006c04da6f6,monotonic_reads,network_partition,reader-1,read,mr-30d63777-602e-436c-89af-f006c04da6f6,,1437,QUORUM,ONE,cassandra-1,True,False,5.036,2026-09-16T06:24:09.224958+00:00,
30d63777-602e-436c-89af-f006c04da6f6,monotonic_reads,network_partition,writer-1,write,mr-30d63777-602e-436c-89af-f006c04da6f6,1438,,,ONE,cassandra-1,True,False,2.957,2026-09-16T06:24:09.228862+00:00,
30d63777-602e-436c-89af-f006c04da6f6,monotonic_reads,network_partition,reader-1,read,mr-30d63777-602e-436c-89af-f006c04da6f6,,1438,QUORUM,ONE,cassandra-2,True,False,4.415,2026-09-16T06:24:09.241342+00:00,
30d63777-602e-436c-89af-f006c04da6f6,monotonic_reads,network_partition,writer-1,write,mr-30d63777-602e-436c-89af-f006c04da6f6,1439,,,ONE,cassandra-1,True,False,1.909,2026-09-16T06:24:09.254824+00:00,
30d63777-602e-436c-89af-f006c04da6f6,monotonic_reads,network_partition,reader-1,read,mr-30d63777-602e-436c-89af-f006c04da6f6,,1438,QUORUM,ONE,cassandra-3,True,False,5.189,2026-09-16T06:24:09.257057+00:00,
30d63777-602e-436c-89af-f006c04da6f6,monotonic_reads,network_partition,reader-1,read,mr-30d63777-602e-436c-89af-f006c04da6f6,,1439,QUORUM,ONE,cassandra-1,True,False,5.499,2026-09-16T06:24:09.273353+00:00,
30d63777-602e-436c-89af-f006c04da6f6,monotonic_reads,network_partition,writer-1,write,mr-30d63777-602e-436c-89af-f006c04da6f6,1440,,,ONE,cassandra-1,True,False,2.846,2026-09-16T06:24:09.279664+00:00,
30d63777-602e-436c-89af-f006c04da6f6,monotonic_reads,network_partition,reader-1,read,mr-30d63777-602e-436c-89af-f006c04da6f6,,1440,QUORUM,ONE,cassandra-2,True,False,3.566,2026-09-16T06:24:09.289587+00:00,
30d63777-602e-436c-89af-f006c04da6f6,monotonic_reads,network_partition,writer-1,write,mr-30d63777-602e-436c-89af-f006c04da6f6,1441,,,ONE,cassandra-1,True,False,1.361,2026-09-16T06:24:09.302215+00:00,
30d63777-602e-436c-89af-f006c04da6f6,monotonic_reads,network_partition,reader-1,read,mr-30d63777-602e-436c-89af-f006c04da6f6,,1441,QUORUM,ONE,cassandra-3,True,False,3.316,2026-09-16T06:24:09.305591+00:00,
30d63777-602e-436c-89af-f006c04da6f6,monotonic_reads,network_partition,reader-1,read,mr-30d63777-602e-436c-89af-f006c04da6f6,,1441,QUORUM,ONE,cassandra-1,True,False,2.958,2026-09-16T06:24:09.320922+00:00,
30d63777-602e-436c-89af-f006c04da6f6,monotonic_reads,network_partition,writer-1,write,mr-30d63777-602e-436c-89af-f006c04da6f6,1442,,,ONE,cassandra-1,True,False,1.877,2026-09-16T06:24:09.329290+00:00,
30d63777-602e-436c-89af-f006c04da6f6,monotonic_reads,network_partition,reader-1,read,mr-30d63777-602e-436c-89af-f006c04da6f6,,1442,QUORUM,ONE,cassandra-2,True,False,4.174,2026-09-16T06:24:09.337773+00:00,
30d63777-602e-436c-89af-f006c04da6f6,monotonic_reads,network_partition,reader-1,read,mr-30d63777-602e-436c-89af-f006c04da6f6,,1442,QUORUM,ONE,cassandra-3,True,False,2.893,2026-09-16T06:24:09.352832+00:00,
30d63777-602e-436c-89af-f006c04da6f6,monotonic_reads,network_partition,writer-1,write,mr-30d63777-602e-436c-89af-f006c04da6f6,1443,,,ONE,cassandra-1,True,False,0.969,2026-09-16T06:24:09.353887+00:00,
30d63777-602e-436c-89af-f006c04da6f6,monotonic_reads,network_partition,reader-1,read,mr-30d63777-602e-436c-89af-f006c04da6f6,,1443,QUORUM,ONE,cassandra-1,True,False,2.782,2026-09-16T06:24:09.368537+00:00,
30d63777-602e-436c-89af-f006c04da6f6,monotonic_reads,network_partition,reader-1,read,mr-30d63777-602e-436c-89af-f006c04da6f6,,1443,QUORUM,ONE,cassandra-2,True,False,3.324,2026-09-16T06:24:09.382703+00:00,
30d63777-602e-436c-89af-f006c04da6f6,monotonic_reads,network_partition,writer-1,write,mr-30d63777-602e-436c-89af-f006c04da6f6,1444,,,ONE,cassandra-1,True,False,3.81,2026-09-16T06:24:09.382800+00:00,
30d63777-602e-436c-89af-f006c04da6f6,monotonic_reads,network_partition,reader-1,read,mr-30d63777-602e-436c-89af-f006c04da6f6,,1444,QUORUM,ONE,cassandra-3,True,False,3.964,2026-09-16T06:24:09.397569+00:00,
30d63777-602e-436c-89af-f006c04da6f6,monotonic_reads,network_partition,writer-1,write,mr-30d63777-602e-436c-89af-f006c04da6f6,1445,,,ONE,cassandra-1,True,False,1.103,2026-09-16T06:24:09.408543+00:00,
30d63777-602e-436c-89af-f006c04da6f6,monotonic_reads,network_partition,reader-1,read,mr-30d63777-602e-436c-89af-f006c04da6f6,,1445,QUORUM,ONE,cassandra-1,True,False,4.314,2026-09-16T06:24:09.414490+00:00,
30d63777-602e-436c-89af-f006c04da6f6,monotonic_reads,network_partition,reader-1,read,mr-30d63777-602e-436c-89af-f006c04da6f6,,1445,QUORUM,ONE,cassandra-2,True,False,3.731,2026-09-16T06:24:09.430735+00:00,
30d63777-602e-436c-89af-f006c04da6f6,monotonic_reads,network_partition,writer-1,write,mr-30d63777-602e-436c-89af-f006c04da6f6,1446,,,ONE,cassandra-1,True,False,1.954,2026-09-16T06:24:09.430915+00:00,
30d63777-602e-436c-89af-f006c04da6f6,monotonic_reads,network_partition,reader-1,read,mr-30d63777-602e-436c-89af-f006c04da6f6,,1446,QUORUM,ONE,cassandra-3,True,False,3.937,2026-09-16T06:24:09.447241+00:00,
30d63777-602e-436c-89af-f006c04da6f6,monotonic_reads,network_partition,writer-1,write,mr-30d63777-602e-436c-89af-f006c04da6f6,1447,,,ONE,cassandra-1,True,False,1.536,2026-09-16T06:24:09.455495+00:00,
30d63777-602e-436c-89af-f006c04da6f6,monotonic_reads,network_partition,reader-1,read,mr-30d63777-602e-436c-89af-f006c04da6f6,,1447,QUORUM,ONE,cassandra-1,True,False,4.077,2026-09-16T06:24:09.462023+00:00,
30d63777-602e-436c-89af-f006c04da6f6,monotonic_reads,network_partition,reader-1,read,mr-30d63777-602e-436c-89af-f006c04da6f6,,1447,QUORUM,ONE,cassandra-2,True,False,3.913,2026-09-16T06:24:09.476844+00:00,
30d63777-602e-436c-89af-f006c04da6f6,monotonic_reads,network_partition,writer-1,write,mr-30d63777-602e-436c-89af-f006c04da6f6,1448,,,ONE,cassandra-1,True,False,1.898,2026-09-16T06:24:09.478819+00:00,
30d63777-602e-436c-89af-f006c04da6f6,monotonic_reads,network_partition,reader-1,read,mr-30d63777-602e-436c-89af-f006c04da6f6,,1448,QUORUM,ONE,cassandra-3,True,False,5.337,2026-09-16T06:24:09.493140+00:00,
30d63777-602e-436c-89af-f006c04da6f6,monotonic_reads,network_partition,writer-1,write,mr-30d63777-602e-436c-89af-f006c04da6f6,1449,,,ONE,cassandra-1,True,False,2.762,2026-09-16T06:24:09.505695+00:00,
30d63777-602e-436c-89af-f006c04da6f6,monotonic_reads,network_partition,reader-1,read,mr-30d63777-602e-436c-89af-f006c04da6f6,,1448,QUORUM,ONE,cassandra-1,True,False,3.179,2026-09-16T06:24:09.506959+00:00,
30d63777-602e-436c-89af-f006c04da6f6,monotonic_reads,network_partition,reader-1,read,mr-30d63777-602e-436c-89af-f006c04da6f6,,1449,QUORUM,ONE,cassandra-2,True,False,5.602,2026-09-16T06:24:09.524568+00:00,
30d63777-602e-436c-89af-f006c04da6f6,monotonic_reads,network_partition,writer-1,write,mr-30d63777-602e-436c-89af-f006c04da6f6,1450,,,ONE,cassandra-1,True,False,2.749,2026-09-16T06:24:09.533307+00:00,
30d63777-602e-436c-89af-f006c04da6f6,monotonic_reads,network_partition,reader-1,read,mr-30d63777-602e-436c-89af-f006c04da6f6,,1450,QUORUM,ONE,cassandra-3,True,False,4.412,2026-09-16T06:24:09.541337+00:00,
30d63777-602e-436c-89af-f006c04da6f6,monotonic_reads,network_partition,writer-1,write,mr-30d63777-602e-436c-89af-f006c04da6f6,1451,,,ONE,cassandra-1,True,False,2.39,2026-09-16T06:24:09.556645+00:00,
30d63777-602e-436c-89af-f006c04da6f6,monotonic_reads,network_partition,reader-1,read,mr-30d63777-602e-436c-89af-f006c04da6f6,,1450,QUORUM,ONE,cassandra-1,True,False,4.522,2026-09-16T06:24:09.558326+00:00,
30d63777-602e-436c-89af-f006c04da6f6,monotonic_reads,network_partition,reader-1,read,mr-30d63777-602e-436c-89af-f006c04da6f6,,1451,QUORUM,ONE,cassandra-2,True,False,5.412,2026-09-16T06:24:09.574379+00:00,
30d63777-602e-436c-89af-f006c04da6f6,monotonic_reads,network_partition,writer-1,write,mr-30d63777-602e-436c-89af-f006c04da6f6,1452,,,ONE,cassandra-1,True,False,2.983,2026-09-16T06:24:09.583458+00:00,
30d63777-602e-436c-89af-f006c04da6f6,monotonic_reads,network_partition,reader-1,read,mr-30d63777-602e-436c-89af-f006c04da6f6,,1452,QUORUM,ONE,cassandra-3,True,False,5.608,2026-09-16T06:24:09.591562+00:00,
30d63777-602e-436c-89af-f006c04da6f6,monotonic_reads,network_partition,writer-1,write,mr-30d63777-602e-436c-89af-f006c04da6f6,1453,,,ONE,cassandra-1,True,False,2.851,2026-09-16T06:24:09.606667+00:00,
30d63777-602e-436c-89af-f006c04da6f6,monotonic_reads,network_partition,reader-1,read,mr-30d63777-602e-436c-89af-f006c04da6f6,,1452,QUORUM,ONE,cassandra-1,True,False,6.001,2026-09-16T06:24:09.608949+00:00,
30d63777-602e-436c-89af-f006c04da6f6,monotonic_reads,network_partition,reader-1,read,mr-30d63777-602e-436c-89af-f006c04da6f6,,1453,QUORUM,ONE,cassandra-2,True,False,5.698,2026-09-16T06:24:09.626652+00:00,
30d63777-602e-436c-89af-f006c04da6f6,monotonic_reads,network_partition,writer-1,write,mr-30d63777-602e-436c-89af-f006c04da6f6,1454,,,ONE,cassandra-1,True,False,3.71,2026-09-16T06:24:09.631640+00:00,
30d63777-602e-436c-89af-f006c04da6f6,monotonic_reads,network_partition,reader-1,read,mr-30d63777-602e-436c-89af-f006c04da6f6,,1454,QUORUM,ONE,cassandra-3,True,False,5.502,2026-09-16T06:24:09.642402+00:00,
30d63777-602e-436c-89af-f006c04da6f6,monotonic_reads,network_partition,writer-1,write,mr-30d63777-602e-436c-89af-f006c04da6f6,1455,,,ONE,cassandra-1,True,False,2.635,2026-09-16T06:24:09.654469+00:00,
30d63777-602e-436c-89af-f006c04da6f6,monotonic_reads,network_partition,reader-1,read,mr-30d63777-602e-436c-89af-f006c04da6f6,,1455,QUORUM,ONE,cassandra-1,True,False,4.56,2026-09-16T06:24:09.658308+00:00,
30d63777-602e-436c-89af-f006c04da6f6,monotonic_reads,network_partition,reader-1,read,mr-30d63777-602e-436c-89af-f006c04da6f6,,1455,QUORUM,ONE,cassandra-2,True,False,4.467,2026-09-16T06:24:09.674409+00:00,
30d63777-602e-436c-89af-f006c04da6f6,monotonic_reads,network_partition,writer-1,write,mr-30d63777-602e-436c-89af-f006c04da6f6,1456,,,ONE,cassandra-1,True,False,2.443,2026-09-16T06:24:09.679363+00:00,
30d63777-602e-436c-89af-f006c04da6f6,monotonic_reads,network_partition,reader-1,read,mr-30d63777-602e-436c-89af-f006c04da6f6,,1456,QUORUM,ONE,cassandra-3,True,False,5.41,2026-09-16T06:24:09.692492+00:00,
30d63777-602e-436c-89af-f006c04da6f6,monotonic_reads,network_partition,writer-1,write,mr-30d63777-602e-436c-89af-f006c04da6f6,1457,,,ONE,cassandra-1,True,False,2.759,2026-09-16T06:24:09.706698+00:00,
30d63777-602e-436c-89af-f006c04da6f6,monotonic_reads,network_partition,reader-1,read,mr-30d63777-602e-436c-89af-f006c04da6f6,,1456,QUORUM,ONE,cassandra-1,True,False,3.893,2026-09-16T06:24:09.708213+00:00,
30d63777-602e-436c-89af-f006c04da6f6,monotonic_reads,network_partition,reader-1,read,mr-30d63777-602e-436c-89af-f006c04da6f6,,1457,QUORUM,ONE,cassandra-2,True,False,4.483,2026-09-16T06:24:09.724396+00:00,
30d63777-602e-436c-89af-f006c04da6f6,monotonic_reads,network_partition,writer-1,write,mr-30d63777-602e-436c-89af-f006c04da6f6,1458,,,ONE,cassandra-1,True,False,3.215,2026-09-16T06:24:09.730470+00:00,
30d63777-602e-436c-89af-f006c04da6f6,monotonic_reads,network_partition,reader-1,read,mr-30d63777-602e-436c-89af-f006c04da6f6,,1458,QUORUM,ONE,cassandra-3,True,False,4.292,2026-09-16T06:24:09.741214+00:00,
30d63777-602e-436c-89af-f006c04da6f6,monotonic_reads,network_partition,reader-1,read,mr-30d63777-602e-436c-89af-f006c04da6f6,,1458,QUORUM,ONE,cassandra-1,True,False,4.38,2026-09-16T06:24:09.757319+00:00,
30d63777-602e-436c-89af-f006c04da6f6,monotonic_reads,network_partition,writer-1,write,mr-30d63777-602e-436c-89af-f006c04da6f6,1459,,,ONE,cassandra-1,True,False,2.78,2026-09-16T06:24:09.757526+00:00,
30d63777-602e-436c-89af-f006c04da6f6,monotonic_reads,network_partition,reader-1,read,mr-30d63777-602e-436c-89af-f006c04da6f6,,1459,QUORUM,ONE,cassandra-2,True,False,4.218,2026-09-16T06:24:09.774256+00:00,
30d63777-602e-436c-89af-f006c04da6f6,monotonic_reads,network_partition,writer-1,write,mr-30d63777-602e-436c-89af-f006c04da6f6,1460,,,ONE,cassandra-1,True,False,2.496,2026-09-16T06:24:09.782285+00:00,
30d63777-602e-436c-89af-f006c04da6f6,monotonic_reads,network_partition,reader-1,read,mr-30d63777-602e-436c-89af-f006c04da6f6,,1460,QUORUM,ONE,cassandra-3,True,False,4.202,2026-09-16T06:24:09.790153+00:00,
30d63777-602e-436c-89af-f006c04da6f6,monotonic_reads,network_partition,reader-1,read,mr-30d63777-602e-436c-89af-f006c04da6f6,,1460,QUORUM,ONE,cassandra-1,True,False,4.288,2026-09-16T06:24:09.806231+00:00,
30d63777-602e-436c-89af-f006c04da6f6,monotonic_reads,network_partition,writer-1,write,mr-30d63777-602e-436c-89af-f006c04da6f6,1461,,,ONE,cassandra-1,True,False,3.301,2026-09-16T06:24:09.810486+00:00,
30d63777-602e-436c-89af-f006c04da6f6,monotonic_reads,network_partition,reader-1,read,mr-30d63777-602e-436c-89af-f006c04da6f6,,1461,QUORUM,ONE,cassandra-2,True,False,5.04,2026-09-16T06:24:09.823414+00:00,
30d63777-602e-436c-89af-f006c04da6f6,monotonic_reads,network_partition,writer-1,write,mr-30d63777-602e-436c-89af-f006c04da6f6,1462,,,ONE,cassandra-1,True,False,3.327,2026-09-16T06:24:09.838753+00:00,
30d63777-602e-436c-89af-f006c04da6f6,monotonic_reads,network_partition,reader-1,read,mr-30d63777-602e-436c-89af-f006c04da6f6,,1461,QUORUM,ONE,cassandra-3,True,False,5.681,2026-09-16T06:24:09.841449+00:00,
30d63777-602e-436c-89af-f006c04da6f6,monotonic_reads,network_partition,reader-1,read,mr-30d63777-602e-436c-89af-f006c04da6f6,,1462,QUORUM,ONE,cassandra-1,True,False,4.418,2026-09-16T06:24:09.856353+00:00,
30d63777-602e-436c-89af-f006c04da6f6,monotonic_reads,network_partition,writer-1,write,mr-30d63777-602e-436c-89af-f006c04da6f6,1463,,,ONE,cassandra-1,True,False,2.389,2026-09-16T06:24:09.863305+00:00,
30d63777-602e-436c-89af-f006c04da6f6,monotonic_reads,network_partition,reader-1,read,mr-30d63777-602e-436c-89af-f006c04da6f6,,1463,QUORUM,ONE,cassandra-2,True,False,4.514,2026-09-16T06:24:09.871437+00:00,
30d63777-602e-436c-89af-f006c04da6f6,monotonic_reads,network_partition,writer-1,write,mr-30d63777-602e-436c-89af-f006c04da6f6,1464,,,ONE,cassandra-1,True,False,3.167,2026-09-16T06:24:09.887568+00:00,
30d63777-602e-436c-89af-f006c04da6f6,monotonic_reads,network_partition,reader-1,read,mr-30d63777-602e-436c-89af-f006c04da6f6,,1463,QUORUM,ONE,cassandra-3,True,False,4.679,2026-09-16T06:24:09.888348+00:00,
30d63777-602e-436c-89af-f006c04da6f6,monotonic_reads,network_partition,reader-1,read,mr-30d63777-602e-436c-89af-f006c04da6f6,,1464,QUORUM,ONE,cassandra-1,True,False,4.378,2026-09-16T06:24:09.903306+00:00,
30d63777-602e-436c-89af-f006c04da6f6,monotonic_reads,network_partition,writer-1,write,mr-30d63777-602e-436c-89af-f006c04da6f6,1465,,,ONE,cassandra-1,True,False,2.964,2026-09-16T06:24:09.915368+00:00,
30d63777-602e-436c-89af-f006c04da6f6,monotonic_reads,network_partition,reader-1,read,mr-30d63777-602e-436c-89af-f006c04da6f6,,1465,QUORUM,ONE,cassandra-2,True,False,4.428,2026-09-16T06:24:09.918309+00:00,
30d63777-602e-436c-89af-f006c04da6f6,monotonic_reads,network_partition,reader-1,read,mr-30d63777-602e-436c-89af-f006c04da6f6,,1465,QUORUM,ONE,cassandra-3,True,False,4.422,2026-09-16T06:24:09.935368+00:00,
30d63777-602e-436c-89af-f006c04da6f6,monotonic_reads,network_partition,writer-1,write,mr-30d63777-602e-436c-89af-f006c04da6f6,1466,,,ONE,cassandra-1,True,False,2.404,2026-09-16T06:24:09.940336+00:00,
30d63777-602e-436c-89af-f006c04da6f6,monotonic_reads,network_partition,reader-1,read,mr-30d63777-602e-436c-89af-f006c04da6f6,,1466,QUORUM,ONE,cassandra-1,True,False,5.048,2026-09-16T06:24:09.951419+00:00,
30d63777-602e-436c-89af-f006c04da6f6,monotonic_reads,network_partition,writer-1,write,mr-30d63777-602e-436c-89af-f006c04da6f6,1467,,,ONE,cassandra-1,True,False,3.012,2026-09-16T06:24:09.967752+00:00,
30d63777-602e-436c-89af-f006c04da6f6,monotonic_reads,network_partition,reader-1,read,mr-30d63777-602e-436c-89af-f006c04da6f6,,1466,QUORUM,ONE,cassandra-2,True,False,4.232,2026-09-16T06:24:09.968313+00:00,
30d63777-602e-436c-89af-f006c04da6f6,monotonic_reads,network_partition,reader-1,read,mr-30d63777-602e-436c-89af-f006c04da6f6,,1467,QUORUM,ONE,cassandra-3,True,False,4.396,2026-09-16T06:24:09.984312+00:00,
30d63777-602e-436c-89af-f006c04da6f6,monotonic_reads,network_partition,writer-1,write,mr-30d63777-602e-436c-89af-f006c04da6f6,1468,,,ONE,cassandra-1,True,False,2.526,2026-09-16T06:24:09.995827+00:00,
30d63777-602e-436c-89af-f006c04da6f6,monotonic_reads,network_partition,reader-1,read,mr-30d63777-602e-436c-89af-f006c04da6f6,,1468,QUORUM,ONE,cassandra-1,True,False,4.882,2026-09-16T06:24:10.000817+00:00,
30d63777-602e-436c-89af-f006c04da6f6,monotonic_reads,network_partition,reader-1,read,mr-30d63777-602e-436c-89af-f006c04da6f6,,1468,QUORUM,ONE,cassandra-2,True,False,4.973,2026-09-16T06:24:10.018422+00:00,
30d63777-602e-436c-89af-f006c04da6f6,monotonic_reads,network_partition,writer-1,write,mr-30d63777-602e-436c-89af-f006c04da6f6,1469,,,ONE,cassandra-1,True,False,2.555,2026-09-16T06:24:10.019349+00:00,
30d63777-602e-436c-89af-f006c04da6f6,monotonic_reads,network_partition,reader-1,read,mr-30d63777-602e-436c-89af-f006c04da6f6,,1469,QUORUM,ONE,cassandra-3,True,False,5.565,2026-09-16T06:24:10.034506+00:00,
30d63777-602e-436c-89af-f006c04da6f6,monotonic_reads,network_partition,writer-1,write,mr-30d63777-602e-436c-89af-f006c04da6f6,1470,,,ONE,cassandra-1,True,False,3.04,2026-09-16T06:24:10.047206+00:00,
30d63777-602e-436c-89af-f006c04da6f6,monotonic_reads,network_partition,reader-1,read,mr-30d63777-602e-436c-89af-f006c04da6f6,,1470,QUORUM,ONE,cassandra-1,True,False,4.459,2026-09-16T06:24:10.049435+00:00,
30d63777-602e-436c-89af-f006c04da6f6,monotonic_reads,network_partition,reader-1,read,mr-30d63777-602e-436c-89af-f006c04da6f6,,1470,QUORUM,ONE,cassandra-2,True,False,5.828,2026-09-16T06:24:10.066798+00:00,
30d63777-602e-436c-89af-f006c04da6f6,monotonic_reads,network_partition,writer-1,write,mr-30d63777-602e-436c-89af-f006c04da6f6,1471,,,ONE,cassandra-1,True,False,2.579,2026-09-16T06:24:10.071513+00:00,
30d63777-602e-436c-89af-f006c04da6f6,monotonic_reads,network_partition,reader-1,read,mr-30d63777-602e-436c-89af-f006c04da6f6,,1471,QUORUM,ONE,cassandra-3,True,False,4.749,2026-09-16T06:24:10.082681+00:00,
30d63777-602e-436c-89af-f006c04da6f6,monotonic_reads,network_partition,writer-1,write,mr-30d63777-602e-436c-89af-f006c04da6f6,1472,,,ONE,cassandra-1,True,False,3.922,2026-09-16T06:24:10.096884+00:00,
30d63777-602e-436c-89af-f006c04da6f6,monotonic_reads,network_partition,reader-1,read,mr-30d63777-602e-436c-89af-f006c04da6f6,,1471,QUORUM,ONE,cassandra-1,True,False,4.6,2026-09-16T06:24:10.098367+00:00,
30d63777-602e-436c-89af-f006c04da6f6,monotonic_reads,network_partition,reader-1,read,mr-30d63777-602e-436c-89af-f006c04da6f6,,1472,QUORUM,ONE,cassandra-2,True,False,6.824,2026-09-16T06:24:10.116767+00:00,
30d63777-602e-436c-89af-f006c04da6f6,monotonic_reads,network_partition,writer-1,write,mr-30d63777-602e-436c-89af-f006c04da6f6,1473,,,ONE,cassandra-1,True,False,3.66,2026-09-16T06:24:10.121576+00:00,
30d63777-602e-436c-89af-f006c04da6f6,monotonic_reads,network_partition,reader-1,read,mr-30d63777-602e-436c-89af-f006c04da6f6,,1473,QUORUM,ONE,cassandra-3,True,False,5.105,2026-09-16T06:24:10.133617+00:00,
30d63777-602e-436c-89af-f006c04da6f6,monotonic_reads,network_partition,writer-1,write,mr-30d63777-602e-436c-89af-f006c04da6f6,1474,,,ONE,cassandra-1,True,False,2.794,2026-09-16T06:24:10.144725+00:00,
30d63777-602e-436c-89af-f006c04da6f6,monotonic_reads,network_partition,reader-1,read,mr-30d63777-602e-436c-89af-f006c04da6f6,,1474,QUORUM,ONE,cassandra-1,True,False,5.168,2026-09-16T06:24:10.151105+00:00,
30d63777-602e-436c-89af-f006c04da6f6,monotonic_reads,network_partition,reader-1,read,mr-30d63777-602e-436c-89af-f006c04da6f6,,1474,QUORUM,ONE,cassandra-2,True,False,4.803,2026-09-16T06:24:10.168482+00:00,
30d63777-602e-436c-89af-f006c04da6f6,monotonic_reads,network_partition,writer-1,write,mr-30d63777-602e-436c-89af-f006c04da6f6,1475,,,ONE,cassandra-1,True,False,2.4,2026-09-16T06:24:10.171329+00:00,
30d63777-602e-436c-89af-f006c04da6f6,monotonic_reads,network_partition,reader-1,read,mr-30d63777-602e-436c-89af-f006c04da6f6,,1475,QUORUM,ONE,cassandra-3,True,False,4.399,2026-09-16T06:24:10.183302+00:00,
30d63777-602e-436c-89af-f006c04da6f6,monotonic_reads,network_partition,reader-1,read,mr-30d63777-602e-436c-89af-f006c04da6f6,,1475,QUORUM,ONE,cassandra-1,True,False,6.475,2026-09-16T06:24:10.200343+00:00,
30d63777-602e-436c-89af-f006c04da6f6,monotonic_reads,network_partition,writer-1,write,mr-30d63777-602e-436c-89af-f006c04da6f6,1476,,,ONE,cassandra-1,True,False,4.85,2026-09-16T06:24:10.200691+00:00,
30d63777-602e-436c-89af-f006c04da6f6,monotonic_reads,network_partition,reader-1,read,mr-30d63777-602e-436c-89af-f006c04da6f6,,1476,QUORUM,ONE,cassandra-2,True,False,4.507,2026-09-16T06:24:10.215452+00:00,
30d63777-602e-436c-89af-f006c04da6f6,monotonic_reads,network_partition,writer-1,write,mr-30d63777-602e-436c-89af-f006c04da6f6,1477,,,ONE,cassandra-1,True,False,3.31,2026-09-16T06:24:10.225418+00:00,
30d63777-602e-436c-89af-f006c04da6f6,monotonic_reads,network_partition,reader-1,read,mr-30d63777-602e-436c-89af-f006c04da6f6,,1477,QUORUM,ONE,cassandra-3,True,False,4.513,2026-09-16T06:24:10.230345+00:00,
30d63777-602e-436c-89af-f006c04da6f6,monotonic_reads,network_partition,reader-1,read,mr-30d63777-602e-436c-89af-f006c04da6f6,,1477,QUORUM,ONE,cassandra-1,True,False,4.579,2026-09-16T06:24:10.247558+00:00,
30d63777-602e-436c-89af-f006c04da6f6,monotonic_reads,network_partition,writer-1,write,mr-30d63777-602e-436c-89af-f006c04da6f6,1478,,,ONE,cassandra-1,True,False,2.937,2026-09-16T06:24:10.248866+00:00,
30d63777-602e-436c-89af-f006c04da6f6,monotonic_reads,network_partition,reader-1,read,mr-30d63777-602e-436c-89af-f006c04da6f6,,1478,QUORUM,ONE,cassandra-2,True,False,4.145,2026-09-16T06:24:10.263086+00:00,
30d63777-602e-436c-89af-f006c04da6f6,monotonic_reads,network_partition,writer-1,write,mr-30d63777-602e-436c-89af-f006c04da6f6,1479,,,ONE,cassandra-1,True,False,2.805,2026-09-16T06:24:10.275726+00:00,
30d63777-602e-436c-89af-f006c04da6f6,monotonic_reads,network_partition,reader-1,read,mr-30d63777-602e-436c-89af-f006c04da6f6,,1479,QUORUM,ONE,cassandra-3,True,False,5.165,2026-09-16T06:24:10.280405+00:00,
30d63777-602e-436c-89af-f006c04da6f6,monotonic_reads,network_partition,reader-1,read,mr-30d63777-602e-436c-89af-f006c04da6f6,,1479,QUORUM,ONE,cassandra-1,True,False,5.326,2026-09-16T06:24:10.297493+00:00,
30d63777-602e-436c-89af-f006c04da6f6,monotonic_reads,network_partition,writer-1,write,mr-30d63777-602e-436c-89af-f006c04da6f6,1480,,,ONE,cassandra-1,True,False,2.868,2026-09-16T06:24:10.301773+00:00,
30d63777-602e-436c-89af-f006c04da6f6,monotonic_reads,network_partition,reader-1,read,mr-30d63777-602e-436c-89af-f006c04da6f6,,1480,QUORUM,ONE,cassandra-2,True,False,4.365,2026-09-16T06:24:10.313291+00:00,
30d63777-602e-436c-89af-f006c04da6f6,monotonic_reads,network_partition,writer-1,write,mr-30d63777-602e-436c-89af-f006c04da6f6,1481,,,ONE,cassandra-1,True,False,2.274,2026-09-16T06:24:10.329084+00:00,
30d63777-602e-436c-89af-f006c04da6f6,monotonic_reads,network_partition,reader-1,read,mr-30d63777-602e-436c-89af-f006c04da6f6,,1480,QUORUM,ONE,cassandra-3,True,False,4.976,2026-09-16T06:24:10.329902+00:00,
30d63777-602e-436c-89af-f006c04da6f6,monotonic_reads,network_partition,reader-1,read,mr-30d63777-602e-436c-89af-f006c04da6f6,,1481,QUORUM,ONE,cassandra-1,True,False,5.021,2026-09-16T06:24:10.347585+00:00,
30d63777-602e-436c-89af-f006c04da6f6,monotonic_reads,network_partition,writer-1,write,mr-30d63777-602e-436c-89af-f006c04da6f6,1482,,,ONE,cassandra-1,True,False,2.71,2026-09-16T06:24:10.356575+00:00,
30d63777-602e-436c-89af-f006c04da6f6,monotonic_reads,network_partition,reader-1,read,mr-30d63777-602e-436c-89af-f006c04da6f6,,1482,QUORUM,ONE,cassandra-2,True,False,4.465,2026-09-16T06:24:10.364402+00:00,
30d63777-602e-436c-89af-f006c04da6f6,monotonic_reads,network_partition,writer-1,write,mr-30d63777-602e-436c-89af-f006c04da6f6,1483,,,ONE,cassandra-1,True,False,2.211,2026-09-16T06:24:10.380144+00:00,
30d63777-602e-436c-89af-f006c04da6f6,monotonic_reads,network_partition,reader-1,read,mr-30d63777-602e-436c-89af-f006c04da6f6,,1482,QUORUM,ONE,cassandra-3,True,False,4.419,2026-09-16T06:24:10.381027+00:00,
30d63777-602e-436c-89af-f006c04da6f6,monotonic_reads,network_partition,reader-1,read,mr-30d63777-602e-436c-89af-f006c04da6f6,,1483,QUORUM,ONE,cassandra-1,True,False,6.246,2026-09-16T06:24:10.399181+00:00,
30d63777-602e-436c-89af-f006c04da6f6,monotonic_reads,network_partition,writer-1,write,mr-30d63777-602e-436c-89af-f006c04da6f6,1484,,,ONE,cassandra-1,True,False,2.808,2026-09-16T06:24:10.406278+00:00,
30d63777-602e-436c-89af-f006c04da6f6,monotonic_reads,network_partition,reader-1,read,mr-30d63777-602e-436c-89af-f006c04da6f6,,1484,QUORUM,ONE,cassandra-2,True,False,5.649,2026-09-16T06:24:10.416586+00:00,
30d63777-602e-436c-89af-f006c04da6f6,monotonic_reads,network_partition,writer-1,write,mr-30d63777-602e-436c-89af-f006c04da6f6,1485,,,ONE,cassandra-1,True,False,2.974,2026-09-16T06:24:10.432071+00:00,
30d63777-602e-436c-89af-f006c04da6f6,monotonic_reads,network_partition,reader-1,read,mr-30d63777-602e-436c-89af-f006c04da6f6,,1484,QUORUM,ONE,cassandra-3,True,False,6.044,2026-09-16T06:24:10.434554+00:00,
30d63777-602e-436c-89af-f006c04da6f6,monotonic_reads,network_partition,reader-1,read,mr-30d63777-602e-436c-89af-f006c04da6f6,,1485,QUORUM,ONE,cassandra-1,True,False,6.779,2026-09-16T06:24:10.453730+00:00,
30d63777-602e-436c-89af-f006c04da6f6,monotonic_reads,network_partition,writer-1,write,mr-30d63777-602e-436c-89af-f006c04da6f6,1486,,,ONE,cassandra-1,True,False,2.884,2026-09-16T06:24:10.456808+00:00,
30d63777-602e-436c-89af-f006c04da6f6,monotonic_reads,network_partition,reader-1,read,mr-30d63777-602e-436c-89af-f006c04da6f6,,1486,QUORUM,ONE,cassandra-2,True,False,4.667,2026-09-16T06:24:10.471479+00:00,
30d63777-602e-436c-89af-f006c04da6f6,monotonic_reads,network_partition,writer-1,write,mr-30d63777-602e-436c-89af-f006c04da6f6,1487,,,ONE,cassandra-1,True,False,2.312,2026-09-16T06:24:10.480251+00:00,
30d63777-602e-436c-89af-f006c04da6f6,monotonic_reads,network_partition,reader-1,read,mr-30d63777-602e-436c-89af-f006c04da6f6,,1487,QUORUM,ONE,cassandra-3,True,False,4.519,2026-09-16T06:24:10.488414+00:00,
30d63777-602e-436c-89af-f006c04da6f6,monotonic_reads,network_partition,reader-1,read,mr-30d63777-602e-436c-89af-f006c04da6f6,,1487,QUORUM,ONE,cassandra-1,True,False,4.791,2026-09-16T06:24:10.503727+00:00,
30d63777-602e-436c-89af-f006c04da6f6,monotonic_reads,network_partition,writer-1,write,mr-30d63777-602e-436c-89af-f006c04da6f6,1488,,,ONE,cassandra-1,True,False,2.782,2026-09-16T06:24:10.506728+00:00,
30d63777-602e-436c-89af-f006c04da6f6,monotonic_reads,network_partition,reader-1,read,mr-30d63777-602e-436c-89af-f006c04da6f6,,1488,QUORUM,ONE,cassandra-2,True,False,4.525,2026-09-16T06:24:10.518448+00:00,
30d63777-602e-436c-89af-f006c04da6f6,monotonic_reads,network_partition,writer-1,write,mr-30d63777-602e-436c-89af-f006c04da6f6,1489,,,ONE,cassandra-1,True,False,2.756,2026-09-16T06:24:10.531681+00:00,
30d63777-602e-436c-89af-f006c04da6f6,monotonic_reads,network_partition,reader-1,read,mr-30d63777-602e-436c-89af-f006c04da6f6,,1488,QUORUM,ONE,cassandra-3,True,False,4.842,2026-09-16T06:24:10.534182+00:00,
30d63777-602e-436c-89af-f006c04da6f6,monotonic_reads,network_partition,reader-1,read,mr-30d63777-602e-436c-89af-f006c04da6f6,,1489,QUORUM,ONE,cassandra-1,True,False,4.451,2026-09-16T06:24:10.550382+00:00,
30d63777-602e-436c-89af-f006c04da6f6,monotonic_reads,network_partition,writer-1,write,mr-30d63777-602e-436c-89af-f006c04da6f6,1490,,,ONE,cassandra-1,True,False,2.785,2026-09-16T06:24:10.554718+00:00,
30d63777-602e-436c-89af-f006c04da6f6,monotonic_reads,network_partition,reader-1,read,mr-30d63777-602e-436c-89af-f006c04da6f6,,1490,QUORUM,ONE,cassandra-2,True,False,5.071,2026-09-16T06:24:10.566474+00:00,
30d63777-602e-436c-89af-f006c04da6f6,monotonic_reads,network_partition,writer-1,write,mr-30d63777-602e-436c-89af-f006c04da6f6,1491,,,ONE,cassandra-1,True,False,2.049,2026-09-16T06:24:10.579597+00:00,
30d63777-602e-436c-89af-f006c04da6f6,monotonic_reads,network_partition,reader-1,read,mr-30d63777-602e-436c-89af-f006c04da6f6,,1490,QUORUM,ONE,cassandra-3,True,False,4.426,2026-09-16T06:24:10.581350+00:00,
30d63777-602e-436c-89af-f006c04da6f6,monotonic_reads,network_partition,reader-1,read,mr-30d63777-602e-436c-89af-f006c04da6f6,,1491,QUORUM,ONE,cassandra-1,True,False,5.173,2026-09-16T06:24:10.598122+00:00,
30d63777-602e-436c-89af-f006c04da6f6,monotonic_reads,network_partition,writer-1,write,mr-30d63777-602e-436c-89af-f006c04da6f6,1492,,,ONE,cassandra-1,True,False,2.67,2026-09-16T06:24:10.606630+00:00,
30d63777-602e-436c-89af-f006c04da6f6,monotonic_reads,network_partition,reader-1,read,mr-30d63777-602e-436c-89af-f006c04da6f6,,1492,QUORUM,ONE,cassandra-2,True,False,4.29,2026-09-16T06:24:10.614222+00:00,
30d63777-602e-436c-89af-f006c04da6f6,monotonic_reads,network_partition,writer-1,write,mr-30d63777-602e-436c-89af-f006c04da6f6,1493,,,ONE,cassandra-1,True,False,2.29,2026-09-16T06:24:10.629075+00:00,
30d63777-602e-436c-89af-f006c04da6f6,monotonic_reads,network_partition,reader-1,read,mr-30d63777-602e-436c-89af-f006c04da6f6,,1492,QUORUM,ONE,cassandra-3,True,False,4.165,2026-09-16T06:24:10.630082+00:00,
30d63777-602e-436c-89af-f006c04da6f6,monotonic_reads,network_partition,reader-1,read,mr-30d63777-602e-436c-89af-f006c04da6f6,,1493,QUORUM,ONE,cassandra-1,True,False,4.544,2026-09-16T06:24:10.646472+00:00,
30d63777-602e-436c-89af-f006c04da6f6,monotonic_reads,network_partition,writer-1,write,mr-30d63777-602e-436c-89af-f006c04da6f6,1494,,,ONE,cassandra-1,True,False,2.665,2026-09-16T06:24:10.656607+00:00,
30d63777-602e-436c-89af-f006c04da6f6,monotonic_reads,network_partition,reader-1,read,mr-30d63777-602e-436c-89af-f006c04da6f6,,1494,QUORUM,ONE,cassandra-2,True,False,4.304,2026-09-16T06:24:10.661228+00:00,
30d63777-602e-436c-89af-f006c04da6f6,monotonic_reads,network_partition,reader-1,read,mr-30d63777-602e-436c-89af-f006c04da6f6,,1494,QUORUM,ONE,cassandra-3,True,False,4.381,2026-09-16T06:24:10.677307+00:00,
30d63777-602e-436c-89af-f006c04da6f6,monotonic_reads,network_partition,writer-1,write,mr-30d63777-602e-436c-89af-f006c04da6f6,1495,,,ONE,cassandra-1,True,False,2.132,2026-09-16T06:24:10.679534+00:00,
30d63777-602e-436c-89af-f006c04da6f6,monotonic_reads,network_partition,reader-1,read,mr-30d63777-602e-436c-89af-f006c04da6f6,,1495,QUORUM,ONE,cassandra-1,True,False,4.442,2026-09-16T06:24:10.693385+00:00,
30d63777-602e-436c-89af-f006c04da6f6,monotonic_reads,network_partition,writer-1,write,mr-30d63777-602e-436c-89af-f006c04da6f6,1496,,,ONE,cassandra-1,True,False,2.214,2026-09-16T06:24:10.703146+00:00,
30d63777-602e-436c-89af-f006c04da6f6,monotonic_reads,network_partition,reader-1,read,mr-30d63777-602e-436c-89af-f006c04da6f6,,1496,QUORUM,ONE,cassandra-2,True,False,4.294,2026-09-16T06:24:10.708186+00:00,
30d63777-602e-436c-89af-f006c04da6f6,monotonic_reads,network_partition,reader-1,read,mr-30d63777-602e-436c-89af-f006c04da6f6,,1496,QUORUM,ONE,cassandra-3,True,False,4.297,2026-09-16T06:24:10.723218+00:00,
30d63777-602e-436c-89af-f006c04da6f6,monotonic_reads,network_partition,writer-1,write,mr-30d63777-602e-436c-89af-f006c04da6f6,1497,,,ONE,cassandra-1,True,False,2.345,2026-09-16T06:24:10.727272+00:00,
30d63777-602e-436c-89af-f006c04da6f6,monotonic_reads,network_partition,reader-1,read,mr-30d63777-602e-436c-89af-f006c04da6f6,,1497,QUORUM,ONE,cassandra-1,True,False,4.358,2026-09-16T06:24:10.738278+00:00,
30d63777-602e-436c-89af-f006c04da6f6,monotonic_reads,network_partition,writer-1,write,mr-30d63777-602e-436c-89af-f006c04da6f6,1498,,,ONE,cassandra-1,True,False,3.465,2026-09-16T06:24:10.753746+00:00,
30d63777-602e-436c-89af-f006c04da6f6,monotonic_reads,network_partition,reader-1,read,mr-30d63777-602e-436c-89af-f006c04da6f6,,1497,QUORUM,ONE,cassandra-2,True,False,4.589,2026-09-16T06:24:10.754517+00:00,
30d63777-602e-436c-89af-f006c04da6f6,monotonic_reads,network_partition,reader-1,read,mr-30d63777-602e-436c-89af-f006c04da6f6,,1498,QUORUM,ONE,cassandra-3,True,False,4.957,2026-09-16T06:24:10.770460+00:00,
30d63777-602e-436c-89af-f006c04da6f6,monotonic_reads,network_partition,writer-1,write,mr-30d63777-602e-436c-89af-f006c04da6f6,1499,,,ONE,cassandra-1,True,False,2.381,2026-09-16T06:24:10.779576+00:00,
30d63777-602e-436c-89af-f006c04da6f6,monotonic_reads,network_partition,reader-1,read,mr-30d63777-602e-436c-89af-f006c04da6f6,,1499,QUORUM,ONE,cassandra-1,True,False,5.079,2026-09-16T06:24:10.788029+00:00,
30d63777-602e-436c-89af-f006c04da6f6,monotonic_reads,network_partition,reader-1,read,mr-30d63777-602e-436c-89af-f006c04da6f6,,1499,QUORUM,ONE,cassandra-2,True,False,5.1,2026-09-16T06:24:10.803395+00:00,
30d63777-602e-436c-89af-f006c04da6f6,monotonic_reads,network_partition,writer-1,write,mr-30d63777-602e-436c-89af-f006c04da6f6,1500,,,ONE,cassandra-1,True,False,2.884,2026-09-16T06:24:10.806813+00:00,
30d63777-602e-436c-89af-f006c04da6f6,monotonic_reads,network_partition,reader-1,read,mr-30d63777-602e-436c-89af-f006c04da6f6,,1500,QUORUM,ONE,cassandra-3,True,False,6.785,2026-09-16T06:24:10.821734+00:00,
30d63777-602e-436c-89af-f006c04da6f6,monotonic_reads,network_partition,writer-1,write,mr-30d63777-602e-436c-89af-f006c04da6f6,1501,,,ONE,cassandra-1,True,False,3.704,2026-09-16T06:24:10.831627+00:00,
30d63777-602e-436c-89af-f006c04da6f6,monotonic_reads,network_partition,reader-1,read,mr-30d63777-602e-436c-89af-f006c04da6f6,,1501,QUORUM,ONE,cassandra-1,True,False,4.335,2026-09-16T06:24:10.837221+00:00,
30d63777-602e-436c-89af-f006c04da6f6,monotonic_reads,network_partition,reader-1,read,mr-30d63777-602e-436c-89af-f006c04da6f6,,1501,QUORUM,ONE,cassandra-2,True,False,4.993,2026-09-16T06:24:10.854379+00:00,
30d63777-602e-436c-89af-f006c04da6f6,monotonic_reads,network_partition,writer-1,write,mr-30d63777-602e-436c-89af-f006c04da6f6,1502,,,ONE,cassandra-1,True,False,2.804,2026-09-16T06:24:10.854654+00:00,
30d63777-602e-436c-89af-f006c04da6f6,monotonic_reads,network_partition,reader-1,read,mr-30d63777-602e-436c-89af-f006c04da6f6,,1502,QUORUM,ONE,cassandra-3,True,False,4.26,2026-09-16T06:24:10.869165+00:00,
30d63777-602e-436c-89af-f006c04da6f6,monotonic_reads,network_partition,writer-1,write,mr-30d63777-602e-436c-89af-f006c04da6f6,1503,,,ONE,cassandra-1,True,False,2.325,2026-09-16T06:24:10.881742+00:00,
30d63777-602e-436c-89af-f006c04da6f6,monotonic_reads,network_partition,reader-1,read,mr-30d63777-602e-436c-89af-f006c04da6f6,,1503,QUORUM,ONE,cassandra-1,True,False,4.51,2026-09-16T06:24:10.885269+00:00,
30d63777-602e-436c-89af-f006c04da6f6,monotonic_reads,network_partition,reader-1,read,mr-30d63777-602e-436c-89af-f006c04da6f6,,1503,QUORUM,ONE,cassandra-2,True,False,4.417,2026-09-16T06:24:10.901524+00:00,
30d63777-602e-436c-89af-f006c04da6f6,monotonic_reads,network_partition,writer-1,write,mr-30d63777-602e-436c-89af-f006c04da6f6,1504,,,ONE,cassandra-1,True,False,2.453,2026-09-16T06:24:10.908393+00:00,
30d63777-602e-436c-89af-f006c04da6f6,monotonic_reads,network_partition,reader-1,read,mr-30d63777-602e-436c-89af-f006c04da6f6,,1504,QUORUM,ONE,cassandra-3,True,False,4.487,2026-09-16T06:24:10.916341+00:00,
30d63777-602e-436c-89af-f006c04da6f6,monotonic_reads,network_partition,reader-1,read,mr-30d63777-602e-436c-89af-f006c04da6f6,,1504,QUORUM,ONE,cassandra-1,True,False,4.4,2026-09-16T06:24:10.931327+00:00,
30d63777-602e-436c-89af-f006c04da6f6,monotonic_reads,network_partition,writer-1,write,mr-30d63777-602e-436c-89af-f006c04da6f6,1505,,,ONE,cassandra-1,True,False,2.898,2026-09-16T06:24:10.932759+00:00,
30d63777-602e-436c-89af-f006c04da6f6,monotonic_reads,network_partition,reader-1,read,mr-30d63777-602e-436c-89af-f006c04da6f6,,1505,QUORUM,ONE,cassandra-2,True,False,4.535,2026-09-16T06:24:10.946471+00:00,
30d63777-602e-436c-89af-f006c04da6f6,monotonic_reads,network_partition,writer-1,write,mr-30d63777-602e-436c-89af-f006c04da6f6,1506,,,ONE,cassandra-1,True,False,2.062,2026-09-16T06:24:10.954999+00:00,
30d63777-602e-436c-89af-f006c04da6f6,monotonic_reads,network_partition,reader-1,read,mr-30d63777-602e-436c-89af-f006c04da6f6,,1506,QUORUM,ONE,cassandra-3,True,False,4.041,2026-09-16T06:24:10.961979+00:00,
30d63777-602e-436c-89af-f006c04da6f6,monotonic_reads,network_partition,reader-1,read,mr-30d63777-602e-436c-89af-f006c04da6f6,,1506,QUORUM,ONE,cassandra-1,True,False,4.419,2026-09-16T06:24:10.977353+00:00,
30d63777-602e-436c-89af-f006c04da6f6,monotonic_reads,network_partition,writer-1,write,mr-30d63777-602e-436c-89af-f006c04da6f6,1507,,,ONE,cassandra-1,True,False,3.973,2026-09-16T06:24:10.981897+00:00,
30d63777-602e-436c-89af-f006c04da6f6,monotonic_reads,network_partition,reader-1,read,mr-30d63777-602e-436c-89af-f006c04da6f6,,1507,QUORUM,ONE,cassandra-2,True,False,4.446,2026-09-16T06:24:10.993372+00:00,
30d63777-602e-436c-89af-f006c04da6f6,monotonic_reads,network_partition,reader-1,read,mr-30d63777-602e-436c-89af-f006c04da6f6,,1507,QUORUM,ONE,cassandra-3,True,False,4.534,2026-09-16T06:24:11.008457+00:00,
30d63777-602e-436c-89af-f006c04da6f6,monotonic_reads,network_partition,writer-1,write,mr-30d63777-602e-436c-89af-f006c04da6f6,1508,,,ONE,cassandra-1,True,False,3.075,2026-09-16T06:24:11.009375+00:00,
30d63777-602e-436c-89af-f006c04da6f6,monotonic_reads,network_partition,reader-1,read,mr-30d63777-602e-436c-89af-f006c04da6f6,,1508,QUORUM,ONE,cassandra-1,True,False,4.976,2026-09-16T06:24:11.024399+00:00,
30d63777-602e-436c-89af-f006c04da6f6,monotonic_reads,network_partition,writer-1,write,mr-30d63777-602e-436c-89af-f006c04da6f6,1509,,,ONE,cassandra-1,True,False,4.073,2026-09-16T06:24:11.034010+00:00,
30d63777-602e-436c-89af-f006c04da6f6,monotonic_reads,network_partition,reader-1,read,mr-30d63777-602e-436c-89af-f006c04da6f6,,1509,QUORUM,ONE,cassandra-2,True,False,4.714,2026-09-16T06:24:11.041642+00:00,
30d63777-602e-436c-89af-f006c04da6f6,monotonic_reads,network_partition,writer-1,write,mr-30d63777-602e-436c-89af-f006c04da6f6,1510,,,ONE,cassandra-1,True,False,2.645,2026-09-16T06:24:11.057489+00:00,
30d63777-602e-436c-89af-f006c04da6f6,monotonic_reads,network_partition,reader-1,read,mr-30d63777-602e-436c-89af-f006c04da6f6,,1509,QUORUM,ONE,cassandra-3,True,False,5.166,2026-09-16T06:24:11.059501+00:00,
30d63777-602e-436c-89af-f006c04da6f6,monotonic_reads,network_partition,reader-1,read,mr-30d63777-602e-436c-89af-f006c04da6f6,,1510,QUORUM,ONE,cassandra-1,True,False,5.402,2026-09-16T06:24:11.075590+00:00,
30d63777-602e-436c-89af-f006c04da6f6,monotonic_reads,network_partition,writer-1,write,mr-30d63777-602e-436c-89af-f006c04da6f6,1511,,,ONE,cassandra-1,True,False,3.635,2026-09-16T06:24:11.083578+00:00,
30d63777-602e-436c-89af-f006c04da6f6,monotonic_reads,network_partition,reader-1,read,mr-30d63777-602e-436c-89af-f006c04da6f6,,1511,QUORUM,ONE,cassandra-2,True,False,4.757,2026-09-16T06:24:11.091570+00:00,
30d63777-602e-436c-89af-f006c04da6f6,monotonic_reads,network_partition,reader-1,read,mr-30d63777-602e-436c-89af-f006c04da6f6,,1511,QUORUM,ONE,cassandra-3,True,False,6.014,2026-09-16T06:24:11.109701+00:00,
30d63777-602e-436c-89af-f006c04da6f6,monotonic_reads,network_partition,writer-1,write,mr-30d63777-602e-436c-89af-f006c04da6f6,1512,,,ONE,cassandra-1,True,False,2.9,2026-09-16T06:24:11.110687+00:00,
30d63777-602e-436c-89af-f006c04da6f6,monotonic_reads,network_partition,reader-1,read,mr-30d63777-602e-436c-89af-f006c04da6f6,,1512,QUORUM,ONE,cassandra-1,True,False,5.769,2026-09-16T06:24:11.126760+00:00,
30d63777-602e-436c-89af-f006c04da6f6,monotonic_reads,network_partition,writer-1,write,mr-30d63777-602e-436c-89af-f006c04da6f6,1513,,,ONE,cassandra-1,True,False,2.59,2026-09-16T06:24:11.133467+00:00,
30d63777-602e-436c-89af-f006c04da6f6,monotonic_reads,network_partition,reader-1,read,mr-30d63777-602e-436c-89af-f006c04da6f6,,1513,QUORUM,ONE,cassandra-2,True,False,4.59,2026-09-16T06:24:11.142518+00:00,
30d63777-602e-436c-89af-f006c04da6f6,monotonic_reads,network_partition,reader-1,read,mr-30d63777-602e-436c-89af-f006c04da6f6,,1513,QUORUM,ONE,cassandra-3,True,False,5.745,2026-09-16T06:24:11.158688+00:00,
30d63777-602e-436c-89af-f006c04da6f6,monotonic_reads,network_partition,writer-1,write,mr-30d63777-602e-436c-89af-f006c04da6f6,1514,,,ONE,cassandra-1,True,False,3.124,2026-09-16T06:24:11.159093+00:00,
30d63777-602e-436c-89af-f006c04da6f6,monotonic_reads,network_partition,reader-1,read,mr-30d63777-602e-436c-89af-f006c04da6f6,,1514,QUORUM,ONE,cassandra-1,True,False,5.751,2026-09-16T06:24:11.176686+00:00,
30d63777-602e-436c-89af-f006c04da6f6,monotonic_reads,network_partition,writer-1,write,mr-30d63777-602e-436c-89af-f006c04da6f6,1515,,,ONE,cassandra-1,True,False,4.66,2026-09-16T06:24:11.185024+00:00,
30d63777-602e-436c-89af-f006c04da6f6,monotonic_reads,network_partition,reader-1,read,mr-30d63777-602e-436c-89af-f006c04da6f6,,1515,QUORUM,ONE,cassandra-2,True,False,4.522,2026-09-16T06:24:11.193453+00:00,
30d63777-602e-436c-89af-f006c04da6f6,monotonic_reads,network_partition,reader-1,read,mr-30d63777-602e-436c-89af-f006c04da6f6,,1515,QUORUM,ONE,cassandra-3,True,False,5.364,2026-09-16T06:24:11.209671+00:00,
30d63777-602e-436c-89af-f006c04da6f6,monotonic_reads,network_partition,writer-1,write,mr-30d63777-602e-436c-89af-f006c04da6f6,1516,,,ONE,cassandra-1,True,False,2.647,2026-09-16T06:24:11.212598+00:00,
30d63777-602e-436c-89af-f006c04da6f6,monotonic_reads,network_partition,reader-1,read,mr-30d63777-602e-436c-89af-f006c04da6f6,,1516,QUORUM,ONE,cassandra-1,True,False,4.655,2026-09-16T06:24:11.225594+00:00,
30d63777-602e-436c-89af-f006c04da6f6,monotonic_reads,network_partition,writer-1,write,mr-30d63777-602e-436c-89af-f006c04da6f6,1517,,,ONE,cassandra-1,True,False,3.795,2026-09-16T06:24:11.239733+00:00,
30d63777-602e-436c-89af-f006c04da6f6,monotonic_reads,network_partition,reader-1,read,mr-30d63777-602e-436c-89af-f006c04da6f6,,1517,QUORUM,ONE,cassandra-2,True,False,5.165,2026-09-16T06:24:11.243458+00:00,
30d63777-602e-436c-89af-f006c04da6f6,monotonic_reads,network_partition,reader-1,read,mr-30d63777-602e-436c-89af-f006c04da6f6,,1517,QUORUM,ONE,cassandra-3,True,False,5.616,2026-09-16T06:24:11.259569+00:00,
30d63777-602e-436c-89af-f006c04da6f6,monotonic_reads,network_partition,writer-1,write,mr-30d63777-602e-436c-89af-f006c04da6f6,1518,,,ONE,cassandra-1,True,False,2.824,2026-09-16T06:24:11.266743+00:00,
30d63777-602e-436c-89af-f006c04da6f6,monotonic_reads,network_partition,reader-1,read,mr-30d63777-602e-436c-89af-f006c04da6f6,,1518,QUORUM,ONE,cassandra-1,True,False,5.162,2026-09-16T06:24:11.275513+00:00,
30d63777-602e-436c-89af-f006c04da6f6,monotonic_reads,network_partition,reader-1,read,mr-30d63777-602e-436c-89af-f006c04da6f6,,1518,QUORUM,ONE,cassandra-2,True,False,5.522,2026-09-16T06:24:11.291612+00:00,
30d63777-602e-436c-89af-f006c04da6f6,monotonic_reads,network_partition,writer-1,write,mr-30d63777-602e-436c-89af-f006c04da6f6,1519,,,ONE,cassandra-1,True,False,2.72,2026-09-16T06:24:11.292525+00:00,
30d63777-602e-436c-89af-f006c04da6f6,monotonic_reads,network_partition,reader-1,read,mr-30d63777-602e-436c-89af-f006c04da6f6,,1519,QUORUM,ONE,cassandra-3,True,False,5.721,2026-09-16T06:24:11.307671+00:00,
30d63777-602e-436c-89af-f006c04da6f6,monotonic_reads,network_partition,writer-1,write,mr-30d63777-602e-436c-89af-f006c04da6f6,1520,,,ONE,cassandra-1,True,False,2.846,2026-09-16T06:24:11.317821+00:00,
30d63777-602e-436c-89af-f006c04da6f6,monotonic_reads,network_partition,reader-1,read,mr-30d63777-602e-436c-89af-f006c04da6f6,,1520,QUORUM,ONE,cassandra-1,True,False,4.113,2026-09-16T06:24:11.322060+00:00,
30d63777-602e-436c-89af-f006c04da6f6,monotonic_reads,network_partition,reader-1,read,mr-30d63777-602e-436c-89af-f006c04da6f6,,1520,QUORUM,ONE,cassandra-2,True,False,5.285,2026-09-16T06:24:11.339652+00:00,
30d63777-602e-436c-89af-f006c04da6f6,monotonic_reads,network_partition,writer-1,write,mr-30d63777-602e-436c-89af-f006c04da6f6,1521,,,ONE,cassandra-1,True,False,2.817,2026-09-16T06:24:11.344496+00:00,
30d63777-602e-436c-89af-f006c04da6f6,monotonic_reads,network_partition,reader-1,read,mr-30d63777-602e-436c-89af-f006c04da6f6,,1521,QUORUM,ONE,cassandra-3,True,False,5.658,2026-09-16T06:24:11.357658+00:00,
30d63777-602e-436c-89af-f006c04da6f6,monotonic_reads,network_partition,writer-1,write,mr-30d63777-602e-436c-89af-f006c04da6f6,1522,,,ONE,cassandra-1,True,False,2.861,2026-09-16T06:24:11.372380+00:00,
30d63777-602e-436c-89af-f006c04da6f6,monotonic_reads,network_partition,reader-1,read,mr-30d63777-602e-436c-89af-f006c04da6f6,,1521,QUORUM,ONE,cassandra-1,True,False,5.313,2026-09-16T06:24:11.374231+00:00,
30d63777-602e-436c-89af-f006c04da6f6,monotonic_reads,network_partition,reader-1,read,mr-30d63777-602e-436c-89af-f006c04da6f6,,1522,QUORUM,ONE,cassandra-2,True,False,6.666,2026-09-16T06:24:11.391880+00:00,
30d63777-602e-436c-89af-f006c04da6f6,monotonic_reads,network_partition,writer-1,write,mr-30d63777-602e-436c-89af-f006c04da6f6,1523,,,ONE,cassandra-1,True,False,2.633,2026-09-16T06:24:11.395558+00:00,
30d63777-602e-436c-89af-f006c04da6f6,monotonic_reads,network_partition,reader-1,read,mr-30d63777-602e-436c-89af-f006c04da6f6,,1523,QUORUM,ONE,cassandra-3,True,False,4.63,2026-09-16T06:24:11.408453+00:00,
30d63777-602e-436c-89af-f006c04da6f6,monotonic_reads,network_partition,writer-1,write,mr-30d63777-602e-436c-89af-f006c04da6f6,1524,,,ONE,cassandra-1,True,False,2.614,2026-09-16T06:24:11.421762+00:00,
30d63777-602e-436c-89af-f006c04da6f6,monotonic_reads,network_partition,reader-1,read,mr-30d63777-602e-436c-89af-f006c04da6f6,,1523,QUORUM,ONE,cassandra-1,True,False,3.698,2026-09-16T06:24:11.423208+00:00,
30d63777-602e-436c-89af-f006c04da6f6,monotonic_reads,network_partition,reader-1,read,mr-30d63777-602e-436c-89af-f006c04da6f6,,1524,QUORUM,ONE,cassandra-2,True,False,4.303,2026-09-16T06:24:11.438220+00:00,
30d63777-602e-436c-89af-f006c04da6f6,monotonic_reads,network_partition,writer-1,write,mr-30d63777-602e-436c-89af-f006c04da6f6,1525,,,ONE,cassandra-1,True,False,3.659,2026-09-16T06:24:11.449586+00:00,
30d63777-602e-436c-89af-f006c04da6f6,monotonic_reads,network_partition,reader-1,read,mr-30d63777-602e-436c-89af-f006c04da6f6,,1525,QUORUM,ONE,cassandra-3,True,False,4.697,2026-09-16T06:24:11.453214+00:00,
30d63777-602e-436c-89af-f006c04da6f6,monotonic_reads,network_partition,reader-1,read,mr-30d63777-602e-436c-89af-f006c04da6f6,,1525,QUORUM,ONE,cassandra-1,True,False,4.452,2026-09-16T06:24:11.468425+00:00,
30d63777-602e-436c-89af-f006c04da6f6,monotonic_reads,network_partition,writer-1,write,mr-30d63777-602e-436c-89af-f006c04da6f6,1526,,,ONE,cassandra-1,True,False,2.906,2026-09-16T06:24:11.475707+00:00,
30d63777-602e-436c-89af-f006c04da6f6,monotonic_reads,network_partition,reader-1,read,mr-30d63777-602e-436c-89af-f006c04da6f6,,1526,QUORUM,ONE,cassandra-2,True,False,4.526,2026-09-16T06:24:11.484454+00:00,
30d63777-602e-436c-89af-f006c04da6f6,monotonic_reads,network_partition,reader-1,read,mr-30d63777-602e-436c-89af-f006c04da6f6,,1526,QUORUM,ONE,cassandra-3,True,False,3.945,2026-09-16T06:24:11.498892+00:00,
30d63777-602e-436c-89af-f006c04da6f6,monotonic_reads,network_partition,writer-1,write,mr-30d63777-602e-436c-89af-f006c04da6f6,1527,,,ONE,cassandra-1,True,False,1.575,2026-09-16T06:24:11.499435+00:00,
30d63777-602e-436c-89af-f006c04da6f6,monotonic_reads,network_partition,reader-1,read,mr-30d63777-602e-436c-89af-f006c04da6f6,,1527,QUORUM,ONE,cassandra-1,True,False,3.89,2026-09-16T06:24:11.515411+00:00,
30d63777-602e-436c-89af-f006c04da6f6,monotonic_reads,network_partition,writer-1,write,mr-30d63777-602e-436c-89af-f006c04da6f6,1528,,,ONE,cassandra-1,True,False,2.693,2026-09-16T06:24:11.526370+00:00,
30d63777-602e-436c-89af-f006c04da6f6,monotonic_reads,network_partition,reader-1,read,mr-30d63777-602e-436c-89af-f006c04da6f6,,1528,QUORUM,ONE,cassandra-2,True,False,4.516,2026-09-16T06:24:11.530305+00:00,
30d63777-602e-436c-89af-f006c04da6f6,monotonic_reads,network_partition,reader-1,read,mr-30d63777-602e-436c-89af-f006c04da6f6,,1528,QUORUM,ONE,cassandra-3,True,False,4.586,2026-09-16T06:24:11.545516+00:00,
30d63777-602e-436c-89af-f006c04da6f6,monotonic_reads,network_partition,writer-1,write,mr-30d63777-602e-436c-89af-f006c04da6f6,1529,,,ONE,cassandra-1,True,False,2.454,2026-09-16T06:24:11.549361+00:00,
30d63777-602e-436c-89af-f006c04da6f6,monotonic_reads,network_partition,reader-1,read,mr-30d63777-602e-436c-89af-f006c04da6f6,,1529,QUORUM,ONE,cassandra-1,True,False,4.237,2026-09-16T06:24:11.561208+00:00,
30d63777-602e-436c-89af-f006c04da6f6,monotonic_reads,network_partition,writer-1,write,mr-30d63777-602e-436c-89af-f006c04da6f6,1530,,,ONE,cassandra-1,True,False,3.116,2026-09-16T06:24:11.574034+00:00,
30d63777-602e-436c-89af-f006c04da6f6,monotonic_reads,network_partition,reader-1,read,mr-30d63777-602e-436c-89af-f006c04da6f6,,1530,QUORUM,ONE,cassandra-2,True,False,5.087,2026-09-16T06:24:11.577875+00:00,
30d63777-602e-436c-89af-f006c04da6f6,monotonic_reads,network_partition,reader-1,read,mr-30d63777-602e-436c-89af-f006c04da6f6,,1530,QUORUM,ONE,cassandra-3,True,False,4.556,2026-09-16T06:24:11.593348+00:00,
30d63777-602e-436c-89af-f006c04da6f6,monotonic_reads,network_partition,writer-1,write,mr-30d63777-602e-436c-89af-f006c04da6f6,1531,,,ONE,cassandra-1,True,False,2.264,2026-09-16T06:24:11.600194+00:00,
30d63777-602e-436c-89af-f006c04da6f6,monotonic_reads,network_partition,reader-1,read,mr-30d63777-602e-436c-89af-f006c04da6f6,,1531,QUORUM,ONE,cassandra-1,True,False,4.562,2026-09-16T06:24:11.610386+00:00,
30d63777-602e-436c-89af-f006c04da6f6,monotonic_reads,network_partition,writer-1,write,mr-30d63777-602e-436c-89af-f006c04da6f6,1532,,,ONE,cassandra-1,True,False,2.122,2026-09-16T06:24:11.624360+00:00,
30d63777-602e-436c-89af-f006c04da6f6,monotonic_reads,network_partition,reader-1,read,mr-30d63777-602e-436c-89af-f006c04da6f6,,1532,QUORUM,ONE,cassandra-2,True,False,8.088,2026-09-16T06:24:11.630008+00:00,
30d63777-602e-436c-89af-f006c04da6f6,monotonic_reads,network_partition,reader-1,read,mr-30d63777-602e-436c-89af-f006c04da6f6,,1532,QUORUM,ONE,cassandra-3,True,False,4.436,2026-09-16T06:24:11.647065+00:00,
30d63777-602e-436c-89af-f006c04da6f6,monotonic_reads,network_partition,writer-1,write,mr-30d63777-602e-436c-89af-f006c04da6f6,1533,,,ONE,cassandra-1,True,False,1.901,2026-09-16T06:24:11.649041+00:00,
30d63777-602e-436c-89af-f006c04da6f6,monotonic_reads,network_partition,reader-1,read,mr-30d63777-602e-436c-89af-f006c04da6f6,,1533,QUORUM,ONE,cassandra-1,True,False,4.38,2026-09-16T06:24:11.663314+00:00,
30d63777-602e-436c-89af-f006c04da6f6,monotonic_reads,network_partition,writer-1,write,mr-30d63777-602e-436c-89af-f006c04da6f6,1534,,,ONE,cassandra-1,True,False,2.3,2026-09-16T06:24:11.674210+00:00,
30d63777-602e-436c-89af-f006c04da6f6,monotonic_reads,network_partition,reader-1,read,mr-30d63777-602e-436c-89af-f006c04da6f6,,1534,QUORUM,ONE,cassandra-2,True,False,4.446,2026-09-16T06:24:11.679320+00:00,
30d63777-602e-436c-89af-f006c04da6f6,monotonic_reads,network_partition,reader-1,read,mr-30d63777-602e-436c-89af-f006c04da6f6,,1534,QUORUM,ONE,cassandra-3,True,False,4.386,2026-09-16T06:24:11.694311+00:00,
30d63777-602e-436c-89af-f006c04da6f6,monotonic_reads,network_partition,writer-1,write,mr-30d63777-602e-436c-89af-f006c04da6f6,1535,,,ONE,cassandra-1,True,False,2.213,2026-09-16T06:24:11.701151+00:00,
30d63777-602e-436c-89af-f006c04da6f6,monotonic_reads,network_partition,reader-1,read,mr-30d63777-602e-436c-89af-f006c04da6f6,,1535,QUORUM,ONE,cassandra-1,True,False,4.112,2026-09-16T06:24:11.710037+00:00,
30d63777-602e-436c-89af-f006c04da6f6,monotonic_reads,network_partition,reader-1,read,mr-30d63777-602e-436c-89af-f006c04da6f6,,1535,QUORUM,ONE,cassandra-2,True,False,4.36,2026-09-16T06:24:11.726279+00:00,
30d63777-602e-436c-89af-f006c04da6f6,monotonic_reads,network_partition,writer-1,write,mr-30d63777-602e-436c-89af-f006c04da6f6,1536,,,ONE,cassandra-1,True,False,3.075,2026-09-16T06:24:11.728282+00:00,
30d63777-602e-436c-89af-f006c04da6f6,monotonic_reads,network_partition,reader-1,read,mr-30d63777-602e-436c-89af-f006c04da6f6,,1536,QUORUM,ONE,cassandra-3,True,False,4.257,2026-09-16T06:24:11.741190+00:00,
30d63777-602e-436c-89af-f006c04da6f6,monotonic_reads,network_partition,writer-1,write,mr-30d63777-602e-436c-89af-f006c04da6f6,1537,,,ONE,cassandra-1,True,False,2.534,2026-09-16T06:24:11.751460+00:00,
30d63777-602e-436c-89af-f006c04da6f6,monotonic_reads,network_partition,reader-1,read,mr-30d63777-602e-436c-89af-f006c04da6f6,,1537,QUORUM,ONE,cassandra-1,True,False,4.295,2026-09-16T06:24:11.757167+00:00,
30d63777-602e-436c-89af-f006c04da6f6,monotonic_reads,network_partition,reader-1,read,mr-30d63777-602e-436c-89af-f006c04da6f6,,1537,QUORUM,ONE,cassandra-2,True,False,5.31,2026-09-16T06:24:11.774222+00:00,
30d63777-602e-436c-89af-f006c04da6f6,monotonic_reads,network_partition,writer-1,write,mr-30d63777-602e-436c-89af-f006c04da6f6,1538,,,ONE,cassandra-1,True,False,3.045,2026-09-16T06:24:11.777360+00:00,
30d63777-602e-436c-89af-f006c04da6f6,monotonic_reads,network_partition,reader-1,read,mr-30d63777-602e-436c-89af-f006c04da6f6,,1538,QUORUM,ONE,cassandra-3,True,False,4.487,2026-09-16T06:24:11.790420+00:00,
30d63777-602e-436c-89af-f006c04da6f6,monotonic_reads,network_partition,writer-1,write,mr-30d63777-602e-436c-89af-f006c04da6f6,1539,,,ONE,cassandra-1,True,False,2.43,2026-09-16T06:24:11.804126+00:00,
30d63777-602e-436c-89af-f006c04da6f6,monotonic_reads,network_partition,reader-1,read,mr-30d63777-602e-436c-89af-f006c04da6f6,,1539,QUORUM,ONE,cassandra-1,True,False,4.238,2026-09-16T06:24:11.807308+00:00,
30d63777-602e-436c-89af-f006c04da6f6,monotonic_reads,network_partition,reader-1,read,mr-30d63777-602e-436c-89af-f006c04da6f6,,1539,QUORUM,ONE,cassandra-2,True,False,4.333,2026-09-16T06:24:11.824238+00:00,
30d63777-602e-436c-89af-f006c04da6f6,monotonic_reads,network_partition,writer-1,write,mr-30d63777-602e-436c-89af-f006c04da6f6,1540,,,ONE,cassandra-1,True,False,2.442,2026-09-16T06:24:11.827377+00:00,
30d63777-602e-436c-89af-f006c04da6f6,monotonic_reads,network_partition,reader-1,read,mr-30d63777-602e-436c-89af-f006c04da6f6,,1540,QUORUM,ONE,cassandra-3,True,False,4.419,2026-09-16T06:24:11.839345+00:00,
30d63777-602e-436c-89af-f006c04da6f6,monotonic_reads,network_partition,writer-1,write,mr-30d63777-602e-436c-89af-f006c04da6f6,1541,,,ONE,cassandra-1,True,False,2.353,2026-09-16T06:24:11.853809+00:00,
30d63777-602e-436c-89af-f006c04da6f6,monotonic_reads,network_partition,reader-1,read,mr-30d63777-602e-436c-89af-f006c04da6f6,,1540,QUORUM,ONE,cassandra-1,True,False,5.277,2026-09-16T06:24:11.856336+00:00,
30d63777-602e-436c-89af-f006c04da6f6,monotonic_reads,network_partition,reader-1,read,mr-30d63777-602e-436c-89af-f006c04da6f6,,1541,QUORUM,ONE,cassandra-2,True,False,4.903,2026-09-16T06:24:11.871677+00:00,
30d63777-602e-436c-89af-f006c04da6f6,monotonic_reads,network_partition,writer-1,write,mr-30d63777-602e-436c-89af-f006c04da6f6,1542,,,ONE,cassandra-1,True,False,2.432,2026-09-16T06:24:11.880352+00:00,
30d63777-602e-436c-89af-f006c04da6f6,monotonic_reads,network_partition,reader-1,read,mr-30d63777-602e-436c-89af-f006c04da6f6,,1542,QUORUM,ONE,cassandra-3,True,False,4.288,2026-09-16T06:24:11.888215+00:00,
30d63777-602e-436c-89af-f006c04da6f6,monotonic_reads,network_partition,reader-1,read,mr-30d63777-602e-436c-89af-f006c04da6f6,,1542,QUORUM,ONE,cassandra-1,True,False,5.125,2026-09-16T06:24:11.904579+00:00,
30d63777-602e-436c-89af-f006c04da6f6,monotonic_reads,network_partition,writer-1,write,mr-30d63777-602e-436c-89af-f006c04da6f6,1543,,,ONE,cassandra-1,True,False,3.003,2026-09-16T06:24:11.907687+00:00,
30d63777-602e-436c-89af-f006c04da6f6,monotonic_reads,network_partition,reader-1,read,mr-30d63777-602e-436c-89af-f006c04da6f6,,1543,QUORUM,ONE,cassandra-2,True,False,4.801,2026-09-16T06:24:11.921205+00:00,
30d63777-602e-436c-89af-f006c04da6f6,monotonic_reads,network_partition,writer-1,write,mr-30d63777-602e-436c-89af-f006c04da6f6,1544,,,ONE,cassandra-1,True,False,2.563,2026-09-16T06:24:11.931468+00:00,
30d63777-602e-436c-89af-f006c04da6f6,monotonic_reads,network_partition,reader-1,read,mr-30d63777-602e-436c-89af-f006c04da6f6,,1544,QUORUM,ONE,cassandra-3,True,False,4.414,2026-09-16T06:24:11.936261+00:00,
30d63777-602e-436c-89af-f006c04da6f6,monotonic_reads,network_partition,reader-1,read,mr-30d63777-602e-436c-89af-f006c04da6f6,,1544,QUORUM,ONE,cassandra-1,True,False,4.463,2026-09-16T06:24:11.951372+00:00,
30d63777-602e-436c-89af-f006c04da6f6,monotonic_reads,network_partition,writer-1,write,mr-30d63777-602e-436c-89af-f006c04da6f6,1545,,,ONE,cassandra-1,True,False,2.849,2026-09-16T06:24:11.954760+00:00,
30d63777-602e-436c-89af-f006c04da6f6,monotonic_reads,network_partition,reader-1,read,mr-30d63777-602e-436c-89af-f006c04da6f6,,1545,QUORUM,ONE,cassandra-2,True,False,5.175,2026-09-16T06:24:11.969100+00:00,
30d63777-602e-436c-89af-f006c04da6f6,monotonic_reads,network_partition,writer-1,write,mr-30d63777-602e-436c-89af-f006c04da6f6,1546,,,ONE,cassandra-1,True,False,2.147,2026-09-16T06:24:11.981055+00:00,
30d63777-602e-436c-89af-f006c04da6f6,monotonic_reads,network_partition,reader-1,read,mr-30d63777-602e-436c-89af-f006c04da6f6,,1546,QUORUM,ONE,cassandra-3,True,False,4.255,2026-09-16T06:24:11.985396+00:00,
30d63777-602e-436c-89af-f006c04da6f6,monotonic_reads,network_partition,reader-1,read,mr-30d63777-602e-436c-89af-f006c04da6f6,,1546,QUORUM,ONE,cassandra-1,True,False,4.922,2026-09-16T06:24:12.002179+00:00,
30d63777-602e-436c-89af-f006c04da6f6,monotonic_reads,network_partition,writer-1,write,mr-30d63777-602e-436c-89af-f006c04da6f6,1547,,,ONE,cassandra-1,True,False,2.294,2026-09-16T06:24:12.004536+00:00,
30d63777-602e-436c-89af-f006c04da6f6,monotonic_reads,network_partition,reader-1,read,mr-30d63777-602e-436c-89af-f006c04da6f6,,1547,QUORUM,ONE,cassandra-2,True,False,4.384,2026-09-16T06:24:12.019295+00:00,
30d63777-602e-436c-89af-f006c04da6f6,monotonic_reads,network_partition,writer-1,write,mr-30d63777-602e-436c-89af-f006c04da6f6,1548,,,ONE,cassandra-1,True,False,2.409,2026-09-16T06:24:12.028346+00:00,
30d63777-602e-436c-89af-f006c04da6f6,monotonic_reads,network_partition,reader-1,read,mr-30d63777-602e-436c-89af-f006c04da6f6,,1548,QUORUM,ONE,cassandra-3,True,False,5.165,2026-09-16T06:24:12.035604+00:00,
30d63777-602e-436c-89af-f006c04da6f6,monotonic_reads,network_partition,reader-1,read,mr-30d63777-602e-436c-89af-f006c04da6f6,,1548,QUORUM,ONE,cassandra-1,True,False,5.396,2026-09-16T06:24:12.051320+00:00,
30d63777-602e-436c-89af-f006c04da6f6,monotonic_reads,network_partition,writer-1,write,mr-30d63777-602e-436c-89af-f006c04da6f6,1549,,,ONE,cassandra-1,True,False,2.723,2026-09-16T06:24:12.051634+00:00,
30d63777-602e-436c-89af-f006c04da6f6,monotonic_reads,network_partition,reader-1,read,mr-30d63777-602e-436c-89af-f006c04da6f6,,1549,QUORUM,ONE,cassandra-2,True,False,5.832,2026-09-16T06:24:12.069775+00:00,
30d63777-602e-436c-89af-f006c04da6f6,monotonic_reads,network_partition,writer-1,write,mr-30d63777-602e-436c-89af-f006c04da6f6,1550,,,ONE,cassandra-1,True,False,2.626,2026-09-16T06:24:12.074553+00:00,
30d63777-602e-436c-89af-f006c04da6f6,monotonic_reads,network_partition,reader-1,read,mr-30d63777-602e-436c-89af-f006c04da6f6,,1550,QUORUM,ONE,cassandra-3,True,False,6.775,2026-09-16T06:24:12.087696+00:00,
30d63777-602e-436c-89af-f006c04da6f6,monotonic_reads,network_partition,writer-1,write,mr-30d63777-602e-436c-89af-f006c04da6f6,1551,,,ONE,cassandra-1,True,False,2.848,2026-09-16T06:24:12.101166+00:00,
30d63777-602e-436c-89af-f006c04da6f6,monotonic_reads,network_partition,reader-1,read,mr-30d63777-602e-436c-89af-f006c04da6f6,,1551,QUORUM,ONE,cassandra-1,True,False,5.223,2026-09-16T06:24:12.105460+00:00,
30d63777-602e-436c-89af-f006c04da6f6,monotonic_reads,network_partition,reader-1,read,mr-30d63777-602e-436c-89af-f006c04da6f6,,1551,QUORUM,ONE,cassandra-2,True,False,3.697,2026-09-16T06:24:12.121117+00:00,
30d63777-602e-436c-89af-f006c04da6f6,monotonic_reads,network_partition,writer-1,write,mr-30d63777-602e-436c-89af-f006c04da6f6,1552,,,ONE,cassandra-1,True,False,2.443,2026-09-16T06:24:12.126396+00:00,
30d63777-602e-436c-89af-f006c04da6f6,monotonic_reads,network_partition,reader-1,read,mr-30d63777-602e-436c-89af-f006c04da6f6,,1552,QUORUM,ONE,cassandra-3,True,False,5.235,2026-09-16T06:24:12.138438+00:00,
30d63777-602e-436c-89af-f006c04da6f6,monotonic_reads,network_partition,writer-1,write,mr-30d63777-602e-436c-89af-f006c04da6f6,1553,,,ONE,cassandra-1,True,False,2.138,2026-09-16T06:24:12.153560+00:00,
30d63777-602e-436c-89af-f006c04da6f6,monotonic_reads,network_partition,reader-1,read,mr-30d63777-602e-436c-89af-f006c04da6f6,,1552,QUORUM,ONE,cassandra-1,True,False,3.767,2026-09-16T06:24:12.154833+00:00,
30d63777-602e-436c-89af-f006c04da6f6,monotonic_reads,network_partition,reader-1,read,mr-30d63777-602e-436c-89af-f006c04da6f6,,1553,QUORUM,ONE,cassandra-2,True,False,5.221,2026-09-16T06:24:12.172153+00:00,
30d63777-602e-436c-89af-f006c04da6f6,monotonic_reads,network_partition,writer-1,write,mr-30d63777-602e-436c-89af-f006c04da6f6,1554,,,ONE,cassandra-1,True,False,2.657,2026-09-16T06:24:12.180396+00:00,
30d63777-602e-436c-89af-f006c04da6f6,monotonic_reads,network_partition,reader-1,read,mr-30d63777-602e-436c-89af-f006c04da6f6,,1554,QUORUM,ONE,cassandra-3,True,False,4.42,2026-09-16T06:24:12.189227+00:00,
30d63777-602e-436c-89af-f006c04da6f6,monotonic_reads,network_partition,reader-1,read,mr-30d63777-602e-436c-89af-f006c04da6f6,,1554,QUORUM,ONE,cassandra-1,True,False,4.666,2026-09-16T06:24:12.205645+00:00,
30d63777-602e-436c-89af-f006c04da6f6,monotonic_reads,network_partition,writer-1,write,mr-30d63777-602e-436c-89af-f006c04da6f6,1555,,,ONE,cassandra-1,True,False,3.571,2026-09-16T06:24:12.205974+00:00,
30d63777-602e-436c-89af-f006c04da6f6,monotonic_reads,network_partition,reader-1,read,mr-30d63777-602e-436c-89af-f006c04da6f6,,1555,QUORUM,ONE,cassandra-2,True,False,4.939,2026-09-16T06:24:12.223292+00:00,
30d63777-602e-436c-89af-f006c04da6f6,monotonic_reads,network_partition,writer-1,write,mr-30d63777-602e-436c-89af-f006c04da6f6,1556,,,ONE,cassandra-1,True,False,2.392,2026-09-16T06:24:12.230308+00:00,
30d63777-602e-436c-89af-f006c04da6f6,monotonic_reads,network_partition,reader-1,read,mr-30d63777-602e-436c-89af-f006c04da6f6,,1556,QUORUM,ONE,cassandra-3,True,False,4.39,2026-09-16T06:24:12.238279+00:00,
30d63777-602e-436c-89af-f006c04da6f6,monotonic_reads,network_partition,reader-1,read,mr-30d63777-602e-436c-89af-f006c04da6f6,,1556,QUORUM,ONE,cassandra-1,True,False,5.553,2026-09-16T06:24:12.254490+00:00,
30d63777-602e-436c-89af-f006c04da6f6,monotonic_reads,network_partition,writer-1,write,mr-30d63777-602e-436c-89af-f006c04da6f6,1557,,,ONE,cassandra-1,True,False,2.747,2026-09-16T06:24:12.257657+00:00,
30d63777-602e-436c-89af-f006c04da6f6,monotonic_reads,network_partition,reader-1,read,mr-30d63777-602e-436c-89af-f006c04da6f6,,1557,QUORUM,ONE,cassandra-2,True,False,4.572,2026-09-16T06:24:12.270501+00:00,
30d63777-602e-436c-89af-f006c04da6f6,monotonic_reads,network_partition,writer-1,write,mr-30d63777-602e-436c-89af-f006c04da6f6,1558,,,ONE,cassandra-1,True,False,2.483,2026-09-16T06:24:12.284693+00:00,
30d63777-602e-436c-89af-f006c04da6f6,monotonic_reads,network_partition,reader-1,read,mr-30d63777-602e-436c-89af-f006c04da6f6,,1557,QUORUM,ONE,cassandra-3,True,False,3.33,2026-09-16T06:24:12.285974+00:00,
30d63777-602e-436c-89af-f006c04da6f6,monotonic_reads,network_partition,reader-1,read,mr-30d63777-602e-436c-89af-f006c04da6f6,,1558,QUORUM,ONE,cassandra-1,True,False,4.348,2026-09-16T06:24:12.302275+00:00,
30d63777-602e-436c-89af-f006c04da6f6,monotonic_reads,network_partition,writer-1,write,mr-30d63777-602e-436c-89af-f006c04da6f6,1559,,,ONE,cassandra-1,True,False,2.805,2026-09-16T06:24:12.310727+00:00,
30d63777-602e-436c-89af-f006c04da6f6,monotonic_reads,network_partition,reader-1,read,mr-30d63777-602e-436c-89af-f006c04da6f6,,1559,QUORUM,ONE,cassandra-2,True,False,4.213,2026-09-16T06:24:12.317121+00:00,
30d63777-602e-436c-89af-f006c04da6f6,monotonic_reads,network_partition,reader-1,read,mr-30d63777-602e-436c-89af-f006c04da6f6,,1559,QUORUM,ONE,cassandra-3,True,False,4.872,2026-09-16T06:24:12.332275+00:00,
30d63777-602e-436c-89af-f006c04da6f6,monotonic_reads,network_partition,writer-1,write,mr-30d63777-602e-436c-89af-f006c04da6f6,1560,,,ONE,cassandra-1,True,False,2.162,2026-09-16T06:24:12.334521+00:00,
30d63777-602e-436c-89af-f006c04da6f6,monotonic_reads,network_partition,reader-1,read,mr-30d63777-602e-436c-89af-f006c04da6f6,,1560,QUORUM,ONE,cassandra-1,True,False,5.563,2026-09-16T06:24:12.350526+00:00,
30d63777-602e-436c-89af-f006c04da6f6,monotonic_reads,network_partition,writer-1,write,mr-30d63777-602e-436c-89af-f006c04da6f6,1561,,,ONE,cassandra-1,True,False,2.314,2026-09-16T06:24:12.358240+00:00,
30d63777-602e-436c-89af-f006c04da6f6,monotonic_reads,network_partition,reader-1,read,mr-30d63777-602e-436c-89af-f006c04da6f6,,1561,QUORUM,ONE,cassandra-2,True,False,5.269,2026-09-16T06:24:12.368365+00:00,
30d63777-602e-436c-89af-f006c04da6f6,monotonic_reads,network_partition,writer-1,write,mr-30d63777-602e-436c-89af-f006c04da6f6,1562,,,ONE,cassandra-1,True,False,2.438,2026-09-16T06:24:12.381917+00:00,
30d63777-602e-436c-89af-f006c04da6f6,monotonic_reads,network_partition,reader-1,read,mr-30d63777-602e-436c-89af-f006c04da6f6,,1561,QUORUM,ONE,cassandra-3,True,False,4.932,2026-09-16T06:24:12.384144+00:00,
30d63777-602e-436c-89af-f006c04da6f6,monotonic_reads,network_partition,reader-1,read,mr-30d63777-602e-436c-89af-f006c04da6f6,,1562,QUORUM,ONE,cassandra-1,True,False,4.743,2026-09-16T06:24:12.401546+00:00,
30d63777-602e-436c-89af-f006c04da6f6,monotonic_reads,network_partition,writer-1,write,mr-30d63777-602e-436c-89af-f006c04da6f6,1563,,,ONE,cassandra-1,True,False,2.724,2026-09-16T06:24:12.406644+00:00,
30d63777-602e-436c-89af-f006c04da6f6,monotonic_reads,network_partition,reader-1,read,mr-30d63777-602e-436c-89af-f006c04da6f6,,1563,QUORUM,ONE,cassandra-2,True,False,5.02,2026-09-16T06:24:12.419248+00:00,
30d63777-602e-436c-89af-f006c04da6f6,monotonic_reads,network_partition,writer-1,write,mr-30d63777-602e-436c-89af-f006c04da6f6,1564,,,ONE,cassandra-1,True,False,2.82,2026-09-16T06:24:12.434224+00:00,
30d63777-602e-436c-89af-f006c04da6f6,monotonic_reads,network_partition,reader-1,read,mr-30d63777-602e-436c-89af-f006c04da6f6,,1563,QUORUM,ONE,cassandra-3,True,False,4.09,2026-09-16T06:24:12.435888+00:00,
30d63777-602e-436c-89af-f006c04da6f6,monotonic_reads,network_partition,reader-1,read,mr-30d63777-602e-436c-89af-f006c04da6f6,,1564,QUORUM,ONE,cassandra-1,True,False,5.254,2026-09-16T06:24:12.451382+00:00,
30d63777-602e-436c-89af-f006c04da6f6,monotonic_reads,network_partition,writer-1,write,mr-30d63777-602e-436c-89af-f006c04da6f6,1565,,,ONE,cassandra-1,True,False,2.308,2026-09-16T06:24:12.460222+00:00,
30d63777-602e-436c-89af-f006c04da6f6,monotonic_reads,network_partition,reader-1,read,mr-30d63777-602e-436c-89af-f006c04da6f6,,1565,QUORUM,ONE,cassandra-2,True,False,4.556,2026-09-16T06:24:12.466476+00:00,
30d63777-602e-436c-89af-f006c04da6f6,monotonic_reads,network_partition,reader-1,read,mr-30d63777-602e-436c-89af-f006c04da6f6,,1565,QUORUM,ONE,cassandra-3,True,False,4.3,2026-09-16T06:24:12.483223+00:00,
30d63777-602e-436c-89af-f006c04da6f6,monotonic_reads,network_partition,writer-1,write,mr-30d63777-602e-436c-89af-f006c04da6f6,1566,,,ONE,cassandra-1,True,False,2.648,2026-09-16T06:24:12.484482+00:00,
30d63777-602e-436c-89af-f006c04da6f6,monotonic_reads,network_partition,reader-1,read,mr-30d63777-602e-436c-89af-f006c04da6f6,,1566,QUORUM,ONE,cassandra-1,True,False,4.483,2026-09-16T06:24:12.499410+00:00,
30d63777-602e-436c-89af-f006c04da6f6,monotonic_reads,network_partition,writer-1,write,mr-30d63777-602e-436c-89af-f006c04da6f6,1567,,,ONE,cassandra-1,True,False,2.84,2026-09-16T06:24:12.508767+00:00,
30d63777-602e-436c-89af-f006c04da6f6,monotonic_reads,network_partition,reader-1,read,mr-30d63777-602e-436c-89af-f006c04da6f6,,1567,QUORUM,ONE,cassandra-2,True,False,4.474,2026-09-16T06:24:12.515378+00:00,
30d63777-602e-436c-89af-f006c04da6f6,monotonic_reads,network_partition,writer-1,write,mr-30d63777-602e-436c-89af-f006c04da6f6,1568,,,ONE,cassandra-1,True,False,2.133,2026-09-16T06:24:12.531223+00:00,
30d63777-602e-436c-89af-f006c04da6f6,monotonic_reads,network_partition,reader-1,read,mr-30d63777-602e-436c-89af-f006c04da6f6,,1567,QUORUM,ONE,cassandra-3,True,False,5.074,2026-09-16T06:24:12.532259+00:00,
30d63777-602e-436c-89af-f006c04da6f6,monotonic_reads,network_partition,reader-1,read,mr-30d63777-602e-436c-89af-f006c04da6f6,,1568,QUORUM,ONE,cassandra-1,True,False,3.623,2026-09-16T06:24:12.547474+00:00,
30d63777-602e-436c-89af-f006c04da6f6,monotonic_reads,network_partition,writer-1,write,mr-30d63777-602e-436c-89af-f006c04da6f6,1569,,,ONE,cassandra-1,True,False,3.092,2026-09-16T06:24:12.557569+00:00,
30d63777-602e-436c-89af-f006c04da6f6,monotonic_reads,network_partition,reader-1,read,mr-30d63777-602e-436c-89af-f006c04da6f6,,1569,QUORUM,ONE,cassandra-2,True,False,5.108,2026-09-16T06:24:12.565046+00:00,
30d63777-602e-436c-89af-f006c04da6f6,monotonic_reads,network_partition,writer-1,write,mr-30d63777-602e-436c-89af-f006c04da6f6,1570,,,ONE,cassandra-1,True,False,2.153,2026-09-16T06:24:12.580080+00:00,
30d63777-602e-436c-89af-f006c04da6f6,monotonic_reads,network_partition,reader-1,read,mr-30d63777-602e-436c-89af-f006c04da6f6,,1569,QUORUM,ONE,cassandra-3,True,False,4.077,2026-09-16T06:24:12.581263+00:00,
30d63777-602e-436c-89af-f006c04da6f6,monotonic_reads,network_partition,reader-1,read,mr-30d63777-602e-436c-89af-f006c04da6f6,,1570,QUORUM,ONE,cassandra-1,True,False,5.495,2026-09-16T06:24:12.599358+00:00,
30d63777-602e-436c-89af-f006c04da6f6,monotonic_reads,network_partition,writer-1,write,mr-30d63777-602e-436c-89af-f006c04da6f6,1571,,,ONE,cassandra-1,True,False,3.843,2026-09-16T06:24:12.608929+00:00,
30d63777-602e-436c-89af-f006c04da6f6,monotonic_reads,network_partition,reader-1,read,mr-30d63777-602e-436c-89af-f006c04da6f6,,1571,QUORUM,ONE,cassandra-2,True,False,4.249,2026-09-16T06:24:12.615176+00:00,
30d63777-602e-436c-89af-f006c04da6f6,monotonic_reads,network_partition,reader-1,read,mr-30d63777-602e-436c-89af-f006c04da6f6,,1571,QUORUM,ONE,cassandra-3,True,False,5.73,2026-09-16T06:24:12.631667+00:00,
30d63777-602e-436c-89af-f006c04da6f6,monotonic_reads,network_partition,writer-1,write,mr-30d63777-602e-436c-89af-f006c04da6f6,1572,,,ONE,cassandra-1,True,False,2.43,2026-09-16T06:24:12.632219+00:00,
30d63777-602e-436c-89af-f006c04da6f6,monotonic_reads,network_partition,reader-1,read,mr-30d63777-602e-436c-89af-f006c04da6f6,,1572,QUORUM,ONE,cassandra-1,True,False,5.649,2026-09-16T06:24:12.648626+00:00,
30d63777-602e-436c-89af-f006c04da6f6,monotonic_reads,network_partition,writer-1,write,mr-30d63777-602e-436c-89af-f006c04da6f6,1573,,,ONE,cassandra-1,True,False,2.866,2026-09-16T06:24:12.655795+00:00,
30d63777-602e-436c-89af-f006c04da6f6,monotonic_reads,network_partition,reader-1,read,mr-30d63777-602e-436c-89af-f006c04da6f6,,1573,QUORUM,ONE,cassandra-2,True,False,4.412,2026-09-16T06:24:12.663331+00:00,
30d63777-602e-436c-89af-f006c04da6f6,monotonic_reads,network_partition,reader-1,read,mr-30d63777-602e-436c-89af-f006c04da6f6,,1573,QUORUM,ONE,cassandra-3,True,False,4.417,2026-09-16T06:24:12.678335+00:00,
30d63777-602e-436c-89af-f006c04da6f6,monotonic_reads,network_partition,writer-1,write,mr-30d63777-602e-436c-89af-f006c04da6f6,1574,,,ONE,cassandra-1,True,False,2.194,2026-09-16T06:24:12.681998+00:00,
30d63777-602e-436c-89af-f006c04da6f6,monotonic_reads,network_partition,reader-1,read,mr-30d63777-602e-436c-89af-f006c04da6f6,,1574,QUORUM,ONE,cassandra-1,True,False,4.345,2026-09-16T06:24:12.693272+00:00,
30d63777-602e-436c-89af-f006c04da6f6,monotonic_reads,network_partition,writer-1,write,mr-30d63777-602e-436c-89af-f006c04da6f6,1575,,,ONE,cassandra-1,True,False,2.246,2026-09-16T06:24:12.705158+00:00,
30d63777-602e-436c-89af-f006c04da6f6,monotonic_reads,network_partition,reader-1,read,mr-30d63777-602e-436c-89af-f006c04da6f6,,1575,QUORUM,ONE,cassandra-2,True,False,5.399,2026-09-16T06:24:12.709313+00:00,
30d63777-602e-436c-89af-f006c04da6f6,monotonic_reads,network_partition,reader-1,read,mr-30d63777-602e-436c-89af-f006c04da6f6,,1575,QUORUM,ONE,cassandra-3,True,False,5.681,2026-09-16T06:24:12.725617+00:00,
30d63777-602e-436c-89af-f006c04da6f6,monotonic_reads,network_partition,writer-1,write,mr-30d63777-602e-436c-89af-f006c04da6f6,1576,,,ONE,cassandra-1,True,False,2.564,2026-09-16T06:24:12.732486+00:00,
30d63777-602e-436c-89af-f006c04da6f6,monotonic_reads,network_partition,reader-1,read,mr-30d63777-602e-436c-89af-f006c04da6f6,,1576,QUORUM,ONE,cassandra-1,True,False,4.308,2026-09-16T06:24:12.740207+00:00,
30d63777-602e-436c-89af-f006c04da6f6,monotonic_reads,network_partition,writer-1,write,mr-30d63777-602e-436c-89af-f006c04da6f6,1577,,,ONE,cassandra-1,True,False,2.448,2026-09-16T06:24:12.755747+00:00,
30d63777-602e-436c-89af-f006c04da6f6,monotonic_reads,network_partition,reader-1,read,mr-30d63777-602e-436c-89af-f006c04da6f6,,1576,QUORUM,ONE,cassandra-2,True,False,6.598,2026-09-16T06:24:12.758524+00:00,
30d63777-602e-436c-89af-f006c04da6f6,monotonic_reads,network_partition,reader-1,read,mr-30d63777-602e-436c-89af-f006c04da6f6,,1577,QUORUM,ONE,cassandra-3,True,False,4.524,2026-09-16T06:24:12.773457+00:00,
30d63777-602e-436c-89af-f006c04da6f6,monotonic_reads,network_partition,writer-1,write,mr-30d63777-602e-436c-89af-f006c04da6f6,1578,,,ONE,cassandra-1,True,False,2.544,2026-09-16T06:24:12.785479+00:00,
30d63777-602e-436c-89af-f006c04da6f6,monotonic_reads,network_partition,reader-1,read,mr-30d63777-602e-436c-89af-f006c04da6f6,,1578,QUORUM,ONE,cassandra-1,True,False,7.825,2026-09-16T06:24:12.791723+00:00,
30d63777-602e-436c-89af-f006c04da6f6,monotonic_reads,network_partition,reader-1,read,mr-30d63777-602e-436c-89af-f006c04da6f6,,1578,QUORUM,ONE,cassandra-2,True,False,5.152,2026-09-16T06:24:12.809526+00:00,
30d63777-602e-436c-89af-f006c04da6f6,monotonic_reads,network_partition,writer-1,write,mr-30d63777-602e-436c-89af-f006c04da6f6,1579,,,ONE,cassandra-1,True,False,2.359,2026-09-16T06:24:12.810276+00:00,
30d63777-602e-436c-89af-f006c04da6f6,monotonic_reads,network_partition,reader-1,read,mr-30d63777-602e-436c-89af-f006c04da6f6,,1579,QUORUM,ONE,cassandra-3,True,False,4.009,2026-09-16T06:24:12.823937+00:00,
30d63777-602e-436c-89af-f006c04da6f6,monotonic_reads,network_partition,writer-1,write,mr-30d63777-602e-436c-89af-f006c04da6f6,1580,,,ONE,cassandra-1,True,False,2.226,2026-09-16T06:24:12.837523+00:00,
30d63777-602e-436c-89af-f006c04da6f6,monotonic_reads,network_partition,reader-1,read,mr-30d63777-602e-436c-89af-f006c04da6f6,,1579,QUORUM,ONE,cassandra-1,True,False,4.274,2026-09-16T06:24:12.839167+00:00,
30d63777-602e-436c-89af-f006c04da6f6,monotonic_reads,network_partition,reader-1,read,mr-30d63777-602e-436c-89af-f006c04da6f6,,1580,QUORUM,ONE,cassandra-2,True,False,4.676,2026-09-16T06:24:12.856358+00:00,
30d63777-602e-436c-89af-f006c04da6f6,monotonic_reads,network_partition,writer-1,write,mr-30d63777-602e-436c-89af-f006c04da6f6,1581,,,ONE,cassandra-1,True,False,2.166,2026-09-16T06:24:12.860091+00:00,
30d63777-602e-436c-89af-f006c04da6f6,monotonic_reads,network_partition,reader-1,read,mr-30d63777-602e-436c-89af-f006c04da6f6,,1581,QUORUM,ONE,cassandra-3,True,False,5.485,2026-09-16T06:24:12.872405+00:00,
30d63777-602e-436c-89af-f006c04da6f6,monotonic_reads,network_partition,writer-1,write,mr-30d63777-602e-436c-89af-f006c04da6f6,1582,,,ONE,cassandra-1,True,False,2.278,2026-09-16T06:24:12.887615+00:00,
30d63777-602e-436c-89af-f006c04da6f6,monotonic_reads,network_partition,reader-1,read,mr-30d63777-602e-436c-89af-f006c04da6f6,,1581,QUORUM,ONE,cassandra-1,True,False,4.13,2026-09-16T06:24:12.889139+00:00,
30d63777-602e-436c-89af-f006c04da6f6,monotonic_reads,network_partition,reader-1,read,mr-30d63777-602e-436c-89af-f006c04da6f6,,1582,QUORUM,ONE,cassandra-2,True,False,4.368,2026-09-16T06:24:12.904307+00:00,
30d63777-602e-436c-89af-f006c04da6f6,monotonic_reads,network_partition,writer-1,write,mr-30d63777-602e-436c-89af-f006c04da6f6,1583,,,ONE,cassandra-1,True,False,2.37,2026-09-16T06:24:12.913286+00:00,
30d63777-602e-436c-89af-f006c04da6f6,monotonic_reads,network_partition,reader-1,read,mr-30d63777-602e-436c-89af-f006c04da6f6,,1583,QUORUM,ONE,cassandra-3,True,False,3.728,2026-09-16T06:24:12.918646+00:00,
30d63777-602e-436c-89af-f006c04da6f6,monotonic_reads,network_partition,reader-1,read,mr-30d63777-602e-436c-89af-f006c04da6f6,,1583,QUORUM,ONE,cassandra-1,True,False,4.531,2026-09-16T06:24:12.933313+00:00,
30d63777-602e-436c-89af-f006c04da6f6,monotonic_reads,network_partition,writer-1,write,mr-30d63777-602e-436c-89af-f006c04da6f6,1584,,,ONE,cassandra-1,True,False,2.773,2026-09-16T06:24:12.939701+00:00,
30d63777-602e-436c-89af-f006c04da6f6,monotonic_reads,network_partition,reader-1,read,mr-30d63777-602e-436c-89af-f006c04da6f6,,1584,QUORUM,ONE,cassandra-2,True,False,4.546,2026-09-16T06:24:12.949378+00:00,
30d63777-602e-436c-89af-f006c04da6f6,monotonic_reads,network_partition,writer-1,write,mr-30d63777-602e-436c-89af-f006c04da6f6,1585,,,ONE,cassandra-1,True,False,2.001,2026-09-16T06:24:12.964766+00:00,
30d63777-602e-436c-89af-f006c04da6f6,monotonic_reads,network_partition,reader-1,read,mr-30d63777-602e-436c-89af-f006c04da6f6,,1584,QUORUM,ONE,cassandra-3,True,False,4.655,2026-09-16T06:24:12.966571+00:00,
30d63777-602e-436c-89af-f006c04da6f6,monotonic_reads,network_partition,reader-1,read,mr-30d63777-602e-436c-89af-f006c04da6f6,,1585,QUORUM,ONE,cassandra-1,True,False,4.317,2026-09-16T06:24:12.981243+00:00,
30d63777-602e-436c-89af-f006c04da6f6,monotonic_reads,network_partition,writer-1,write,mr-30d63777-602e-436c-89af-f006c04da6f6,1586,,,ONE,cassandra-1,True,False,2.169,2026-09-16T06:24:12.987224+00:00,
30d63777-602e-436c-89af-f006c04da6f6,monotonic_reads,network_partition,reader-1,read,mr-30d63777-602e-436c-89af-f006c04da6f6,,1586,QUORUM,ONE,cassandra-2,True,False,4.258,2026-09-16T06:24:12.997005+00:00,
30d63777-602e-436c-89af-f006c04da6f6,monotonic_reads,network_partition,reader-1,read,mr-30d63777-602e-436c-89af-f006c04da6f6,,1586,QUORUM,ONE,cassandra-3,True,False,4.829,2026-09-16T06:24:13.014244+00:00,
30d63777-602e-436c-89af-f006c04da6f6,monotonic_reads,network_partition,writer-1,write,mr-30d63777-602e-436c-89af-f006c04da6f6,1587,,,ONE,cassandra-1,True,False,2.353,2026-09-16T06:24:13.014480+00:00,
30d63777-602e-436c-89af-f006c04da6f6,monotonic_reads,network_partition,reader-1,read,mr-30d63777-602e-436c-89af-f006c04da6f6,,1587,QUORUM,ONE,cassandra-1,True,False,6.006,2026-09-16T06:24:13.033018+00:00,
30d63777-602e-436c-89af-f006c04da6f6,monotonic_reads,network_partition,writer-1,write,mr-30d63777-602e-436c-89af-f006c04da6f6,1588,,,ONE,cassandra-1,True,False,3.465,2026-09-16T06:24:13.042902+00:00,
30d63777-602e-436c-89af-f006c04da6f6,monotonic_reads,network_partition,reader-1,read,mr-30d63777-602e-436c-89af-f006c04da6f6,,1588,QUORUM,ONE,cassandra-2,True,False,5.366,2026-09-16T06:24:13.050722+00:00,
30d63777-602e-436c-89af-f006c04da6f6,monotonic_reads,network_partition,reader-1,read,mr-30d63777-602e-436c-89af-f006c04da6f6,,1588,QUORUM,ONE,cassandra-3,True,False,4.942,2026-09-16T06:24:13.068379+00:00,
30d63777-602e-436c-89af-f006c04da6f6,monotonic_reads,network_partition,writer-1,write,mr-30d63777-602e-436c-89af-f006c04da6f6,1589,,,ONE,cassandra-1,True,False,2.01,2026-09-16T06:24:13.068871+00:00,
30d63777-602e-436c-89af-f006c04da6f6,monotonic_reads,network_partition,reader-1,read,mr-30d63777-602e-436c-89af-f006c04da6f6,,1589,QUORUM,ONE,cassandra-1,True,False,5.821,2026-09-16T06:24:13.084749+00:00,
30d63777-602e-436c-89af-f006c04da6f6,monotonic_reads,network_partition,writer-1,write,mr-30d63777-602e-436c-89af-f006c04da6f6,1590,,,ONE,cassandra-1,True,False,2.715,2026-09-16T06:24:13.093641+00:00,
30d63777-602e-436c-89af-f006c04da6f6,monotonic_reads,network_partition,reader-1,read,mr-30d63777-602e-436c-89af-f006c04da6f6,,1590,QUORUM,ONE,cassandra-2,True,False,4.538,2026-09-16T06:24:13.100467+00:00,
30d63777-602e-436c-89af-f006c04da6f6,monotonic_reads,network_partition,writer-1,write,mr-30d63777-602e-436c-89af-f006c04da6f6,1591,,,ONE,cassandra-1,True,False,2.313,2026-09-16T06:24:13.116337+00:00,
30d63777-602e-436c-89af-f006c04da6f6,monotonic_reads,network_partition,reader-1,read,mr-30d63777-602e-436c-89af-f006c04da6f6,,1590,QUORUM,ONE,cassandra-3,True,False,5.167,2026-09-16T06:24:13.118297+00:00,
30d63777-602e-436c-89af-f006c04da6f6,monotonic_reads,network_partition,reader-1,read,mr-30d63777-602e-436c-89af-f006c04da6f6,,1591,QUORUM,ONE,cassandra-1,True,False,4.066,2026-09-16T06:24:13.134952+00:00,
30d63777-602e-436c-89af-f006c04da6f6,monotonic_reads,network_partition,writer-1,write,mr-30d63777-602e-436c-89af-f006c04da6f6,1592,,,ONE,cassandra-1,True,False,2.326,2026-09-16T06:24:13.143510+00:00,
30d63777-602e-436c-89af-f006c04da6f6,monotonic_reads,network_partition,reader-1,read,mr-30d63777-602e-436c-89af-f006c04da6f6,,1592,QUORUM,ONE,cassandra-2,True,False,4.197,2026-09-16T06:24:13.151713+00:00,
30d63777-602e-436c-89af-f006c04da6f6,monotonic_reads,network_partition,reader-1,read,mr-30d63777-602e-436c-89af-f006c04da6f6,,1592,QUORUM,ONE,cassandra-3,True,False,3.807,2026-09-16T06:24:13.168069+00:00,
30d63777-602e-436c-89af-f006c04da6f6,monotonic_reads,network_partition,writer-1,write,mr-30d63777-602e-436c-89af-f006c04da6f6,1593,,,ONE,cassandra-1,True,False,1.727,2026-09-16T06:24:13.170295+00:00,
30d63777-602e-436c-89af-f006c04da6f6,monotonic_reads,network_partition,reader-1,read,mr-30d63777-602e-436c-89af-f006c04da6f6,,1593,QUORUM,ONE,cassandra-1,True,False,4.228,2026-09-16T06:24:13.184839+00:00,
30d63777-602e-436c-89af-f006c04da6f6,monotonic_reads,network_partition,writer-1,write,mr-30d63777-602e-436c-89af-f006c04da6f6,1594,,,ONE,cassandra-1,True,False,1.909,2026-09-16T06:24:13.197237+00:00,
30d63777-602e-436c-89af-f006c04da6f6,monotonic_reads,network_partition,reader-1,read,mr-30d63777-602e-436c-89af-f006c04da6f6,,1594,QUORUM,ONE,cassandra-2,True,False,4.514,2026-09-16T06:24:13.201889+00:00,
30d63777-602e-436c-89af-f006c04da6f6,monotonic_reads,network_partition,reader-1,read,mr-30d63777-602e-436c-89af-f006c04da6f6,,1594,QUORUM,ONE,cassandra-3,True,False,4.395,2026-09-16T06:24:13.218833+00:00,
30d63777-602e-436c-89af-f006c04da6f6,monotonic_reads,network_partition,writer-1,write,mr-30d63777-602e-436c-89af-f006c04da6f6,1595,,,ONE,cassandra-1,True,False,1.927,2026-09-16T06:24:13.222704+00:00,
30d63777-602e-436c-89af-f006c04da6f6,monotonic_reads,network_partition,reader-1,read,mr-30d63777-602e-436c-89af-f006c04da6f6,,1595,QUORUM,ONE,cassandra-1,True,False,4.353,2026-09-16T06:24:13.235736+00:00,
30d63777-602e-436c-89af-f006c04da6f6,monotonic_reads,network_partition,writer-1,write,mr-30d63777-602e-436c-89af-f006c04da6f6,1596,,,ONE,cassandra-1,True,False,2.205,2026-09-16T06:24:13.249982+00:00,
30d63777-602e-436c-89af-f006c04da6f6,monotonic_reads,network_partition,reader-1,read,mr-30d63777-602e-436c-89af-f006c04da6f6,,1596,QUORUM,ONE,cassandra-2,True,False,6.194,2026-09-16T06:24:13.254483+00:00,
30d63777-602e-436c-89af-f006c04da6f6,monotonic_reads,network_partition,reader-1,read,mr-30d63777-602e-436c-89af-f006c04da6f6,,1596,QUORUM,ONE,cassandra-3,True,False,4.178,2026-09-16T06:24:13.271293+00:00,
30d63777-602e-436c-89af-f006c04da6f6,monotonic_reads,network_partition,writer-1,write,mr-30d63777-602e-436c-89af-f006c04da6f6,1597,,,ONE,cassandra-1,True,False,2.918,2026-09-16T06:24:13.274285+00:00,
30d63777-602e-436c-89af-f006c04da6f6,monotonic_reads,network_partition,reader-1,read,mr-30d63777-602e-436c-89af-f006c04da6f6,,1597,QUORUM,ONE,cassandra-1,True,False,4.47,2026-09-16T06:24:13.288409+00:00,
30d63777-602e-436c-89af-f006c04da6f6,monotonic_reads,network_partition,writer-1,write,mr-30d63777-602e-436c-89af-f006c04da6f6,1598,,,ONE,cassandra-1,True,False,3.326,2026-09-16T06:24:13.302638+00:00,
30d63777-602e-436c-89af-f006c04da6f6,monotonic_reads,network_partition,reader-1,read,mr-30d63777-602e-436c-89af-f006c04da6f6,,1597,QUORUM,ONE,cassandra-2,True,False,3.637,2026-09-16T06:24:13.303239+00:00,
30d63777-602e-436c-89af-f006c04da6f6,monotonic_reads,network_partition,reader-1,read,mr-30d63777-602e-436c-89af-f006c04da6f6,,1598,QUORUM,ONE,cassandra-3,True,False,4.63,2026-09-16T06:24:13.320519+00:00,
30d63777-602e-436c-89af-f006c04da6f6,monotonic_reads,network_partition,writer-1,write,mr-30d63777-602e-436c-89af-f006c04da6f6,1599,,,ONE,cassandra-1,True,False,2.541,2026-09-16T06:24:13.326448+00:00,
30d63777-602e-436c-89af-f006c04da6f6,monotonic_reads,network_partition,reader-1,read,mr-30d63777-602e-436c-89af-f006c04da6f6,,1599,QUORUM,ONE,cassandra-1,True,False,4.366,2026-09-16T06:24:13.335280+00:00,
30d63777-602e-436c-89af-f006c04da6f6,monotonic_reads,network_partition,reader-1,read,mr-30d63777-602e-436c-89af-f006c04da6f6,,1599,QUORUM,ONE,cassandra-2,True,False,4.487,2026-09-16T06:24:13.350399+00:00,
30d63777-602e-436c-89af-f006c04da6f6,monotonic_reads,network_partition,writer-1,write,mr-30d63777-602e-436c-89af-f006c04da6f6,1600,,,ONE,cassandra-1,True,False,2.949,2026-09-16T06:24:13.350736+00:00,
30d63777-602e-436c-89af-f006c04da6f6,monotonic_reads,network_partition,reader-1,read,mr-30d63777-602e-436c-89af-f006c04da6f6,,1600,QUORUM,ONE,cassandra-3,True,False,5.893,2026-09-16T06:24:13.368012+00:00,
30d63777-602e-436c-89af-f006c04da6f6,monotonic_reads,network_partition,writer-1,write,mr-30d63777-602e-436c-89af-f006c04da6f6,1601,,,ONE,cassandra-1,True,False,2.406,2026-09-16T06:24:13.373312+00:00,
30d63777-602e-436c-89af-f006c04da6f6,monotonic_reads,network_partition,reader-1,read,mr-30d63777-602e-436c-89af-f006c04da6f6,,1601,QUORUM,ONE,cassandra-1,True,False,4.677,2026-09-16T06:24:13.385377+00:00,
30d63777-602e-436c-89af-f006c04da6f6,monotonic_reads,network_partition,writer-1,write,mr-30d63777-602e-436c-89af-f006c04da6f6,1602,,,ONE,cassandra-1,True,False,2.183,2026-09-16T06:24:13.398436+00:00,
30d63777-602e-436c-89af-f006c04da6f6,monotonic_reads,network_partition,reader-1,read,mr-30d63777-602e-436c-89af-f006c04da6f6,,1602,QUORUM,ONE,cassandra-2,True,False,6.672,2026-09-16T06:24:13.402588+00:00,
30d63777-602e-436c-89af-f006c04da6f6,monotonic_reads,network_partition,reader-1,read,mr-30d63777-602e-436c-89af-f006c04da6f6,,1602,QUORUM,ONE,cassandra-3,True,False,5.042,2026-09-16T06:24:13.419475+00:00,
30d63777-602e-436c-89af-f006c04da6f6,monotonic_reads,network_partition,writer-1,write,mr-30d63777-602e-436c-89af-f006c04da6f6,1603,,,ONE,cassandra-1,True,False,2.894,2026-09-16T06:24:13.422473+00:00,
30d63777-602e-436c-89af-f006c04da6f6,monotonic_reads,network_partition,reader-1,read,mr-30d63777-602e-436c-89af-f006c04da6f6,,1603,QUORUM,ONE,cassandra-1,True,False,5.172,2026-09-16T06:24:13.435592+00:00,
30d63777-602e-436c-89af-f006c04da6f6,monotonic_reads,network_partition,writer-1,write,mr-30d63777-602e-436c-89af-f006c04da6f6,1604,,,ONE,cassandra-1,True,False,2.96,2026-09-16T06:24:13.449733+00:00,
30d63777-602e-436c-89af-f006c04da6f6,monotonic_reads,network_partition,reader-1,read,mr-30d63777-602e-436c-89af-f006c04da6f6,,1604,QUORUM,ONE,cassandra-2,True,False,7.533,2026-09-16T06:24:13.454739+00:00,
30d63777-602e-436c-89af-f006c04da6f6,monotonic_reads,network_partition,reader-1,read,mr-30d63777-602e-436c-89af-f006c04da6f6,,1604,QUORUM,ONE,cassandra-3,True,False,4.328,2026-09-16T06:24:13.470248+00:00,
30d63777-602e-436c-89af-f006c04da6f6,monotonic_reads,network_partition,writer-1,write,mr-30d63777-602e-436c-89af-f006c04da6f6,1605,,,ONE,cassandra-1,True,False,2.422,2026-09-16T06:24:13.473343+00:00,
30d63777-602e-436c-89af-f006c04da6f6,monotonic_reads,network_partition,reader-1,read,mr-30d63777-602e-436c-89af-f006c04da6f6,,1605,QUORUM,ONE,cassandra-1,True,False,4.497,2026-09-16T06:24:13.486438+00:00,
30d63777-602e-436c-89af-f006c04da6f6,monotonic_reads,network_partition,writer-1,write,mr-30d63777-602e-436c-89af-f006c04da6f6,1606,,,ONE,cassandra-1,True,False,2.174,2026-09-16T06:24:13.496105+00:00,
30d63777-602e-436c-89af-f006c04da6f6,monotonic_reads,network_partition,reader-1,read,mr-30d63777-602e-436c-89af-f006c04da6f6,,1606,QUORUM,ONE,cassandra-2,True,False,4.368,2026-09-16T06:24:13.503283+00:00,
30d63777-602e-436c-89af-f006c04da6f6,monotonic_reads,network_partition,reader-1,read,mr-30d63777-602e-436c-89af-f006c04da6f6,,1606,QUORUM,ONE,cassandra-3,True,False,4.443,2026-09-16T06:24:13.520374+00:00,
30d63777-602e-436c-89af-f006c04da6f6,monotonic_reads,network_partition,writer-1,write,mr-30d63777-602e-436c-89af-f006c04da6f6,1607,,,ONE,cassandra-1,True,False,2.525,2026-09-16T06:24:13.521419+00:00,
30d63777-602e-436c-89af-f006c04da6f6,monotonic_reads,network_partition,reader-1,read,mr-30d63777-602e-436c-89af-f006c04da6f6,,1607,QUORUM,ONE,cassandra-1,True,False,5.575,2026-09-16T06:24:13.536493+00:00,
30d63777-602e-436c-89af-f006c04da6f6,monotonic_reads,network_partition,writer-1,write,mr-30d63777-602e-436c-89af-f006c04da6f6,1608,,,ONE,cassandra-1,True,False,2.834,2026-09-16T06:24:13.546759+00:00,
30d63777-602e-436c-89af-f006c04da6f6,monotonic_reads,network_partition,reader-1,read,mr-30d63777-602e-436c-89af-f006c04da6f6,,1608,QUORUM,ONE,cassandra-2,True,False,4.388,2026-09-16T06:24:13.551279+00:00,
30d63777-602e-436c-89af-f006c04da6f6,monotonic_reads,network_partition,reader-1,read,mr-30d63777-602e-436c-89af-f006c04da6f6,,1608,QUORUM,ONE,cassandra-3,True,False,5.631,2026-09-16T06:24:13.569302+00:00,
30d63777-602e-436c-89af-f006c04da6f6,monotonic_reads,network_partition,writer-1,write,mr-30d63777-602e-436c-89af-f006c04da6f6,1609,,,ONE,cassandra-1,True,False,2.213,2026-09-16T06:24:13.571620+00:00,
30d63777-602e-436c-89af-f006c04da6f6,monotonic_reads,network_partition,reader-1,read,mr-30d63777-602e-436c-89af-f006c04da6f6,,1609,QUORUM,ONE,cassandra-1,True,False,4.981,2026-09-16T06:24:13.585385+00:00,
30d63777-602e-436c-89af-f006c04da6f6,monotonic_reads,network_partition,writer-1,write,mr-30d63777-602e-436c-89af-f006c04da6f6,1610,,,ONE,cassandra-1,True,False,2.843,2026-09-16T06:24:13.598368+00:00,
30d63777-602e-436c-89af-f006c04da6f6,monotonic_reads,network_partition,reader-1,read,mr-30d63777-602e-436c-89af-f006c04da6f6,,1610,QUORUM,ONE,cassandra-2,True,False,3.807,2026-09-16T06:24:13.600962+00:00,
30d63777-602e-436c-89af-f006c04da6f6,monotonic_reads,network_partition,reader-1,read,mr-30d63777-602e-436c-89af-f006c04da6f6,,1610,QUORUM,ONE,cassandra-3,True,False,4.585,2026-09-16T06:24:13.616508+00:00,
30d63777-602e-436c-89af-f006c04da6f6,monotonic_reads,network_partition,writer-1,write,mr-30d63777-602e-436c-89af-f006c04da6f6,1611,,,ONE,cassandra-1,True,False,2.942,2026-09-16T06:24:13.626397+00:00,
30d63777-602e-436c-89af-f006c04da6f6,monotonic_reads,network_partition,reader-1,read,mr-30d63777-602e-436c-89af-f006c04da6f6,,1611,QUORUM,ONE,cassandra-1,True,False,4.401,2026-09-16T06:24:13.631367+00:00,
30d63777-602e-436c-89af-f006c04da6f6,monotonic_reads,network_partition,reader-1,read,mr-30d63777-602e-436c-89af-f006c04da6f6,,1611,QUORUM,ONE,cassandra-2,True,False,4.454,2026-09-16T06:24:13.646378+00:00,
30d63777-602e-436c-89af-f006c04da6f6,monotonic_reads,network_partition,writer-1,write,mr-30d63777-602e-436c-89af-f006c04da6f6,1612,,,ONE,cassandra-1,True,False,2.415,2026-09-16T06:24:13.650334+00:00,
30d63777-602e-436c-89af-f006c04da6f6,monotonic_reads,network_partition,reader-1,read,mr-30d63777-602e-436c-89af-f006c04da6f6,,1612,QUORUM,ONE,cassandra-3,True,False,4.6,2026-09-16T06:24:13.661527+00:00,
30d63777-602e-436c-89af-f006c04da6f6,monotonic_reads,network_partition,writer-1,write,mr-30d63777-602e-436c-89af-f006c04da6f6,1613,,,ONE,cassandra-1,True,False,3.6,2026-09-16T06:24:13.675534+00:00,
30d63777-602e-436c-89af-f006c04da6f6,monotonic_reads,network_partition,reader-1,read,mr-30d63777-602e-436c-89af-f006c04da6f6,,1612,QUORUM,ONE,cassandra-1,True,False,4.544,2026-09-16T06:24:13.677257+00:00,
30d63777-602e-436c-89af-f006c04da6f6,monotonic_reads,network_partition,reader-1,read,mr-30d63777-602e-436c-89af-f006c04da6f6,,1613,QUORUM,ONE,cassandra-2,True,False,5.381,2026-09-16T06:24:13.694324+00:00,
30d63777-602e-436c-89af-f006c04da6f6,monotonic_reads,network_partition,writer-1,write,mr-30d63777-602e-436c-89af-f006c04da6f6,1614,,,ONE,cassandra-1,True,False,2.587,2026-09-16T06:24:13.699224+00:00,
30d63777-602e-436c-89af-f006c04da6f6,monotonic_reads,network_partition,reader-1,read,mr-30d63777-602e-436c-89af-f006c04da6f6,,1614,QUORUM,ONE,cassandra-3,True,False,4.145,2026-09-16T06:24:13.710077+00:00,
30d63777-602e-436c-89af-f006c04da6f6,monotonic_reads,network_partition,reader-1,read,mr-30d63777-602e-436c-89af-f006c04da6f6,,1614,QUORUM,ONE,cassandra-1,True,False,4.215,2026-09-16T06:24:13.725516+00:00,
30d63777-602e-436c-89af-f006c04da6f6,monotonic_reads,network_partition,writer-1,write,mr-30d63777-602e-436c-89af-f006c04da6f6,1615,,,ONE,cassandra-1,True,False,2.676,2026-09-16T06:24:13.726583+00:00,
30d63777-602e-436c-89af-f006c04da6f6,monotonic_reads,network_partition,reader-1,read,mr-30d63777-602e-436c-89af-f006c04da6f6,,1615,QUORUM,ONE,cassandra-2,True,False,4.541,2026-09-16T06:24:13.740332+00:00,
30d63777-602e-436c-89af-f006c04da6f6,monotonic_reads,network_partition,writer-1,write,mr-30d63777-602e-436c-89af-f006c04da6f6,1616,,,ONE,cassandra-1,True,False,2.794,2026-09-16T06:24:13.754482+00:00,
30d63777-602e-436c-89af-f006c04da6f6,monotonic_reads,network_partition,reader-1,read,mr-30d63777-602e-436c-89af-f006c04da6f6,,1616,QUORUM,ONE,cassandra-3,True,False,8.419,2026-09-16T06:24:13.761336+00:00,
30d63777-602e-436c-89af-f006c04da6f6,monotonic_reads,network_partition,reader-1,read,mr-30d63777-602e-436c-89af-f006c04da6f6,,1616,QUORUM,ONE,cassandra-1,True,False,4.666,2026-09-16T06:24:13.777601+00:00,
30d63777-602e-436c-89af-f006c04da6f6,monotonic_reads,network_partition,writer-1,write,mr-30d63777-602e-436c-89af-f006c04da6f6,1617,,,ONE,cassandra-1,True,False,3.196,2026-09-16T06:24:13.777953+00:00,
30d63777-602e-436c-89af-f006c04da6f6,monotonic_reads,network_partition,reader-1,read,mr-30d63777-602e-436c-89af-f006c04da6f6,,1617,QUORUM,ONE,cassandra-2,True,False,4.481,2026-09-16T06:24:13.793403+00:00,
30d63777-602e-436c-89af-f006c04da6f6,monotonic_reads,network_partition,writer-1,write,mr-30d63777-602e-436c-89af-f006c04da6f6,1618,,,ONE,cassandra-1,True,False,2.023,2026-09-16T06:24:13.802934+00:00,
30d63777-602e-436c-89af-f006c04da6f6,monotonic_reads,network_partition,reader-1,read,mr-30d63777-602e-436c-89af-f006c04da6f6,,1618,QUORUM,ONE,cassandra-3,True,False,4.367,2026-09-16T06:24:13.808024+00:00,
30d63777-602e-436c-89af-f006c04da6f6,monotonic_reads,network_partition,reader-1,read,mr-30d63777-602e-436c-89af-f006c04da6f6,,1618,QUORUM,ONE,cassandra-1,True,False,5.696,2026-09-16T06:24:13.825584+00:00,
30d63777-602e-436c-89af-f006c04da6f6,monotonic_reads,network_partition,writer-1,write,mr-30d63777-602e-436c-89af-f006c04da6f6,1619,,,ONE,cassandra-1,True,False,2.512,2026-09-16T06:24:13.825932+00:00,
30d63777-602e-436c-89af-f006c04da6f6,monotonic_reads,network_partition,reader-1,read,mr-30d63777-602e-436c-89af-f006c04da6f6,,1619,QUORUM,ONE,cassandra-2,True,False,4.252,2026-09-16T06:24:13.841172+00:00,
30d63777-602e-436c-89af-f006c04da6f6,monotonic_reads,network_partition,writer-1,write,mr-30d63777-602e-436c-89af-f006c04da6f6,1620,,,ONE,cassandra-1,True,False,2.484,2026-09-16T06:24:13.852412+00:00,
30d63777-602e-436c-89af-f006c04da6f6,monotonic_reads,network_partition,reader-1,read,mr-30d63777-602e-436c-89af-f006c04da6f6,,1620,QUORUM,ONE,cassandra-3,True,False,4.849,2026-09-16T06:24:13.857348+00:00,
30d63777-602e-436c-89af-f006c04da6f6,monotonic_reads,network_partition,reader-1,read,mr-30d63777-602e-436c-89af-f006c04da6f6,,1620,QUORUM,ONE,cassandra-1,True,False,5.677,2026-09-16T06:24:13.874606+00:00,
30d63777-602e-436c-89af-f006c04da6f6,monotonic_reads,network_partition,writer-1,write,mr-30d63777-602e-436c-89af-f006c04da6f6,1621,,,ONE,cassandra-1,True,False,2.645,2026-09-16T06:24:13.879827+00:00,
30d63777-602e-436c-89af-f006c04da6f6,monotonic_reads,network_partition,reader-1,read,mr-30d63777-602e-436c-89af-f006c04da6f6,,1621,QUORUM,ONE,cassandra-2,True,False,4.344,2026-09-16T06:24:13.890269+00:00,
30d63777-602e-436c-89af-f006c04da6f6,monotonic_reads,network_partition,writer-1,write,mr-30d63777-602e-436c-89af-f006c04da6f6,1622,,,ONE,cassandra-1,True,False,2.488,2026-09-16T06:24:13.904747+00:00,
30d63777-602e-436c-89af-f006c04da6f6,monotonic_reads,network_partition,reader-1,read,mr-30d63777-602e-436c-89af-f006c04da6f6,,1622,QUORUM,ONE,cassandra-3,True,False,6.64,2026-09-16T06:24:13.908560+00:00,
30d63777-602e-436c-89af-f006c04da6f6,monotonic_reads,network_partition,reader-1,read,mr-30d63777-602e-436c-89af-f006c04da6f6,,1622,QUORUM,ONE,cassandra-1,True,False,4.397,2026-09-16T06:24:13.924333+00:00,
30d63777-602e-436c-89af-f006c04da6f6,monotonic_reads,network_partition,writer-1,write,mr-30d63777-602e-436c-89af-f006c04da6f6,1623,,,ONE,cassandra-1,True,False,3.038,2026-09-16T06:24:13.931800+00:00,
30d63777-602e-436c-89af-f006c04da6f6,monotonic_reads,network_partition,reader-1,read,mr-30d63777-602e-436c-89af-f006c04da6f6,,1623,QUORUM,ONE,cassandra-2,True,False,4.389,2026-09-16T06:24:13.940300+00:00,
30d63777-602e-436c-89af-f006c04da6f6,monotonic_reads,network_partition,reader-1,read,mr-30d63777-602e-436c-89af-f006c04da6f6,,1623,QUORUM,ONE,cassandra-3,True,False,4.915,2026-09-16T06:24:13.957264+00:00,
30d63777-602e-436c-89af-f006c04da6f6,monotonic_reads,network_partition,writer-1,write,mr-30d63777-602e-436c-89af-f006c04da6f6,1624,,,ONE,cassandra-1,True,False,3.275,2026-09-16T06:24:13.960627+00:00,
30d63777-602e-436c-89af-f006c04da6f6,monotonic_reads,network_partition,reader-1,read,mr-30d63777-602e-436c-89af-f006c04da6f6,,1624,QUORUM,ONE,cassandra-1,True,False,3.658,2026-09-16T06:24:13.972582+00:00,
30d63777-602e-436c-89af-f006c04da6f6,monotonic_reads,network_partition,writer-1,write,mr-30d63777-602e-436c-89af-f006c04da6f6,1625,,,ONE,cassandra-1,True,False,2.351,2026-09-16T06:24:13.984262+00:00,
30d63777-602e-436c-89af-f006c04da6f6,monotonic_reads,network_partition,reader-1,read,mr-30d63777-602e-436c-89af-f006c04da6f6,,1625,QUORUM,ONE,cassandra-2,True,False,4.653,2026-09-16T06:24:13.988313+00:00,
30d63777-602e-436c-89af-f006c04da6f6,monotonic_reads,network_partition,reader-1,read,mr-30d63777-602e-436c-89af-f006c04da6f6,,1625,QUORUM,ONE,cassandra-3,True,False,4.38,2026-09-16T06:24:14.004311+00:00,
30d63777-602e-436c-89af-f006c04da6f6,monotonic_reads,network_partition,writer-1,write,mr-30d63777-602e-436c-89af-f006c04da6f6,1626,,,ONE,cassandra-1,True,False,2.204,2026-09-16T06:24:14.009127+00:00,
30d63777-602e-436c-89af-f006c04da6f6,monotonic_reads,network_partition,reader-1,read,mr-30d63777-602e-436c-89af-f006c04da6f6,,1626,QUORUM,ONE,cassandra-1,True,False,4.376,2026-09-16T06:24:14.019315+00:00,
30d63777-602e-436c-89af-f006c04da6f6,monotonic_reads,network_partition,writer-1,write,mr-30d63777-602e-436c-89af-f006c04da6f6,1627,,,ONE,cassandra-1,True,False,3.155,2026-09-16T06:24:14.034512+00:00,
30d63777-602e-436c-89af-f006c04da6f6,monotonic_reads,network_partition,reader-1,read,mr-30d63777-602e-436c-89af-f006c04da6f6,,1626,QUORUM,ONE,cassandra-2,True,False,4.476,2026-09-16T06:24:14.035405+00:00,
30d63777-602e-436c-89af-f006c04da6f6,monotonic_reads,network_partition,reader-1,read,mr-30d63777-602e-436c-89af-f006c04da6f6,,1627,QUORUM,ONE,cassandra-3,True,False,5.744,2026-09-16T06:24:14.052686+00:00,
30d63777-602e-436c-89af-f006c04da6f6,monotonic_reads,network_partition,writer-1,write,mr-30d63777-602e-436c-89af-f006c04da6f6,1628,,,ONE,cassandra-1,True,False,2.547,2026-09-16T06:24:14.059514+00:00,
30d63777-602e-436c-89af-f006c04da6f6,monotonic_reads,network_partition,reader-1,read,mr-30d63777-602e-436c-89af-f006c04da6f6,,1628,QUORUM,ONE,cassandra-1,True,False,5.335,2026-09-16T06:24:14.070628+00:00,
30d63777-602e-436c-89af-f006c04da6f6,monotonic_reads,network_partition,writer-1,write,mr-30d63777-602e-436c-89af-f006c04da6f6,1629,,,ONE,cassandra-1,True,False,3.056,2026-09-16T06:24:14.086717+00:00,
30d63777-602e-436c-89af-f006c04da6f6,monotonic_reads,network_partition,reader-1,read,mr-30d63777-602e-436c-89af-f006c04da6f6,,1628,QUORUM,ONE,cassandra-2,True,False,4.517,2026-09-16T06:24:14.087432+00:00,
30d63777-602e-436c-89af-f006c04da6f6,monotonic_reads,network_partition,reader-1,read,mr-30d63777-602e-436c-89af-f006c04da6f6,,1629,QUORUM,ONE,cassandra-3,True,False,5.828,2026-09-16T06:24:14.104773+00:00,
30d63777-602e-436c-89af-f006c04da6f6,monotonic_reads,network_partition,writer-1,write,mr-30d63777-602e-436c-89af-f006c04da6f6,1630,,,ONE,cassandra-1,True,False,3.25,2026-09-16T06:24:14.114118+00:00,
30d63777-602e-436c-89af-f006c04da6f6,monotonic_reads,network_partition,reader-1,read,mr-30d63777-602e-436c-89af-f006c04da6f6,,1630,QUORUM,ONE,cassandra-1,True,False,5.88,2026-09-16T06:24:14.122827+00:00,
30d63777-602e-436c-89af-f006c04da6f6,monotonic_reads,network_partition,reader-1,read,mr-30d63777-602e-436c-89af-f006c04da6f6,,1630,QUORUM,ONE,cassandra-2,True,False,5.918,2026-09-16T06:24:14.140960+00:00,
30d63777-602e-436c-89af-f006c04da6f6,monotonic_reads,network_partition,writer-1,write,mr-30d63777-602e-436c-89af-f006c04da6f6,1631,,,ONE,cassandra-1,True,False,3.08,2026-09-16T06:24:14.142450+00:00,
30d63777-602e-436c-89af-f006c04da6f6,monotonic_reads,network_partition,reader-1,read,mr-30d63777-602e-436c-89af-f006c04da6f6,,1631,QUORUM,ONE,cassandra-3,True,False,5.902,2026-09-16T06:24:14.158862+00:00,
30d63777-602e-436c-89af-f006c04da6f6,monotonic_reads,network_partition,writer-1,write,mr-30d63777-602e-436c-89af-f006c04da6f6,1632,,,ONE,cassandra-1,True,False,3.258,2026-09-16T06:24:14.169575+00:00,
30d63777-602e-436c-89af-f006c04da6f6,monotonic_reads,network_partition,reader-1,read,mr-30d63777-602e-436c-89af-f006c04da6f6,,1632,QUORUM,ONE,cassandra-1,True,False,4.697,2026-09-16T06:24:14.174603+00:00,
30d63777-602e-436c-89af-f006c04da6f6,monotonic_reads,network_partition,reader-1,read,mr-30d63777-602e-436c-89af-f006c04da6f6,,1632,QUORUM,ONE,cassandra-2,True,False,5.824,2026-09-16T06:24:14.192157+00:00,
30d63777-602e-436c-89af-f006c04da6f6,monotonic_reads,network_partition,writer-1,write,mr-30d63777-602e-436c-89af-f006c04da6f6,1633,,,ONE,cassandra-1,True,False,3.222,2026-09-16T06:24:14.195484+00:00,
30d63777-602e-436c-89af-f006c04da6f6,monotonic_reads,network_partition,reader-1,read,mr-30d63777-602e-436c-89af-f006c04da6f6,,1633,QUORUM,ONE,cassandra-3,True,False,5.95,2026-09-16T06:24:14.209893+00:00,
30d63777-602e-436c-89af-f006c04da6f6,monotonic_reads,network_partition,writer-1,write,mr-30d63777-602e-436c-89af-f006c04da6f6,1634,,,ONE,cassandra-1,True,False,3.27,2026-09-16T06:24:14.223151+00:00,
30d63777-602e-436c-89af-f006c04da6f6,monotonic_reads,network_partition,reader-1,read,mr-30d63777-602e-436c-89af-f006c04da6f6,,1634,QUORUM,ONE,cassandra-1,True,False,4.54,2026-09-16T06:24:14.225426+00:00,
30d63777-602e-436c-89af-f006c04da6f6,monotonic_reads,network_partition,reader-1,read,mr-30d63777-602e-436c-89af-f006c04da6f6,,1634,QUORUM,ONE,cassandra-2,True,False,6.925,2026-09-16T06:24:14.242865+00:00,
30d63777-602e-436c-89af-f006c04da6f6,monotonic_reads,network_partition,writer-1,write,mr-30d63777-602e-436c-89af-f006c04da6f6,1635,,,ONE,cassandra-1,True,False,3.762,2026-09-16T06:24:14.250706+00:00,
30d63777-602e-436c-89af-f006c04da6f6,monotonic_reads,network_partition,reader-1,read,mr-30d63777-602e-436c-89af-f006c04da6f6,,1635,QUORUM,ONE,cassandra-3,True,False,5.011,2026-09-16T06:24:14.258783+00:00,
30d63777-602e-436c-89af-f006c04da6f6,monotonic_reads,network_partition,reader-1,read,mr-30d63777-602e-436c-89af-f006c04da6f6,,1635,QUORUM,ONE,cassandra-1,True,False,5.827,2026-09-16T06:24:14.275770+00:00,
30d63777-602e-436c-89af-f006c04da6f6,monotonic_reads,network_partition,writer-1,write,mr-30d63777-602e-436c-89af-f006c04da6f6,1636,,,ONE,cassandra-1,True,False,2.943,2026-09-16T06:24:14.276765+00:00,
30d63777-602e-436c-89af-f006c04da6f6,monotonic_reads,network_partition,reader-1,read,mr-30d63777-602e-436c-89af-f006c04da6f6,,1636,QUORUM,ONE,cassandra-2,True,False,6.05,2026-09-16T06:24:14.292862+00:00,
30d63777-602e-436c-89af-f006c04da6f6,monotonic_reads,network_partition,writer-1,write,mr-30d63777-602e-436c-89af-f006c04da6f6,1637,,,ONE,cassandra-1,True,False,3.253,2026-09-16T06:24:14.304924+00:00,
30d63777-602e-436c-89af-f006c04da6f6,monotonic_reads,network_partition,reader-1,read,mr-30d63777-602e-436c-89af-f006c04da6f6,,1637,QUORUM,ONE,cassandra-3,True,False,4.082,2026-09-16T06:24:14.309137+00:00,
30d63777-602e-436c-89af-f006c04da6f6,monotonic_reads,network_partition,reader-1,read,mr-30d63777-602e-436c-89af-f006c04da6f6,,1637,QUORUM,ONE,cassandra-1,True,False,6.24,2026-09-16T06:24:14.327190+00:00,
30d63777-602e-436c-89af-f006c04da6f6,monotonic_reads,network_partition,writer-1,write,mr-30d63777-602e-436c-89af-f006c04da6f6,1638,,,ONE,cassandra-1,True,False,3.354,2026-09-16T06:24:14.328943+00:00,
30d63777-602e-436c-89af-f006c04da6f6,monotonic_reads,network_partition,reader-1,read,mr-30d63777-602e-436c-89af-f006c04da6f6,,1638,QUORUM,ONE,cassandra-2,True,False,5.994,2026-09-16T06:24:14.345929+00:00,
30d63777-602e-436c-89af-f006c04da6f6,monotonic_reads,network_partition,writer-1,write,mr-30d63777-602e-436c-89af-f006c04da6f6,1639,,,ONE,cassandra-1,True,False,3.949,2026-09-16T06:24:14.354843+00:00,
30d63777-602e-436c-89af-f006c04da6f6,monotonic_reads,network_partition,reader-1,read,mr-30d63777-602e-436c-89af-f006c04da6f6,,1639,QUORUM,ONE,cassandra-3,True,False,4.566,2026-09-16T06:24:14.361310+00:00,
30d63777-602e-436c-89af-f006c04da6f6,monotonic_reads,network_partition,reader-1,read,mr-30d63777-602e-436c-89af-f006c04da6f6,,1639,QUORUM,ONE,cassandra-1,True,False,2.841,2026-09-16T06:24:14.376738+00:00,
30d63777-602e-436c-89af-f006c04da6f6,monotonic_reads,network_partition,writer-1,write,mr-30d63777-602e-436c-89af-f006c04da6f6,1640,,,ONE,cassandra-1,True,False,2.501,2026-09-16T06:24:14.379294+00:00,
30d63777-602e-436c-89af-f006c04da6f6,monotonic_reads,network_partition,reader-1,read,mr-30d63777-602e-436c-89af-f006c04da6f6,,1640,QUORUM,ONE,cassandra-2,True,False,4.829,2026-09-16T06:24:14.393721+00:00,
30d63777-602e-436c-89af-f006c04da6f6,monotonic_reads,network_partition,writer-1,write,mr-30d63777-602e-436c-89af-f006c04da6f6,1641,,,ONE,cassandra-1,True,False,1.924,2026-09-16T06:24:14.403613+00:00,
30d63777-602e-436c-89af-f006c04da6f6,monotonic_reads,network_partition,reader-1,read,mr-30d63777-602e-436c-89af-f006c04da6f6,,1641,QUORUM,ONE,cassandra-3,True,False,3.512,2026-09-16T06:24:14.409524+00:00,
30d63777-602e-436c-89af-f006c04da6f6,monotonic_reads,network_partition,reader-1,read,mr-30d63777-602e-436c-89af-f006c04da6f6,,1641,QUORUM,ONE,cassandra-1,True,False,3.817,2026-09-16T06:24:14.424999+00:00,
30d63777-602e-436c-89af-f006c04da6f6,monotonic_reads,network_partition,writer-1,write,mr-30d63777-602e-436c-89af-f006c04da6f6,1642,,,ONE,cassandra-1,True,False,2.51,2026-09-16T06:24:14.426306+00:00,
30d63777-602e-436c-89af-f006c04da6f6,monotonic_reads,network_partition,reader-1,read,mr-30d63777-602e-436c-89af-f006c04da6f6,,1642,QUORUM,ONE,cassandra-2,True,False,3.296,2026-09-16T06:24:14.440944+00:00,
30d63777-602e-436c-89af-f006c04da6f6,monotonic_reads,network_partition,writer-1,write,mr-30d63777-602e-436c-89af-f006c04da6f6,1643,,,ONE,cassandra-1,True,False,2.011,2026-09-16T06:24:14.453386+00:00,
30d63777-602e-436c-89af-f006c04da6f6,monotonic_reads,network_partition,reader-1,read,mr-30d63777-602e-436c-89af-f006c04da6f6,,1643,QUORUM,ONE,cassandra-3,True,False,4.206,2026-09-16T06:24:14.457649+00:00,
30d63777-602e-436c-89af-f006c04da6f6,monotonic_reads,network_partition,reader-1,read,mr-30d63777-602e-436c-89af-f006c04da6f6,,1643,QUORUM,ONE,cassandra-1,True,False,3.503,2026-09-16T06:24:14.473786+00:00,
30d63777-602e-436c-89af-f006c04da6f6,monotonic_reads,network_partition,writer-1,write,mr-30d63777-602e-436c-89af-f006c04da6f6,1644,,,ONE,cassandra-1,True,False,2.767,2026-09-16T06:24:14.481424+00:00,
30d63777-602e-436c-89af-f006c04da6f6,monotonic_reads,network_partition,reader-1,read,mr-30d63777-602e-436c-89af-f006c04da6f6,,1644,QUORUM,ONE,cassandra-2,True,False,4.461,2026-09-16T06:24:14.489011+00:00,
30d63777-602e-436c-89af-f006c04da6f6,monotonic_reads,network_partition,reader-1,read,mr-30d63777-602e-436c-89af-f006c04da6f6,,1644,QUORUM,ONE,cassandra-3,True,False,3.445,2026-09-16T06:24:14.505108+00:00,
30d63777-602e-436c-89af-f006c04da6f6,monotonic_reads,network_partition,writer-1,write,mr-30d63777-602e-436c-89af-f006c04da6f6,1645,,,ONE,cassandra-1,True,False,2.186,2026-09-16T06:24:14.507553+00:00,
30d63777-602e-436c-89af-f006c04da6f6,monotonic_reads,network_partition,reader-1,read,mr-30d63777-602e-436c-89af-f006c04da6f6,,1645,QUORUM,ONE,cassandra-1,True,False,5.831,2026-09-16T06:24:14.522789+00:00,
30d63777-602e-436c-89af-f006c04da6f6,monotonic_reads,network_partition,writer-1,write,mr-30d63777-602e-436c-89af-f006c04da6f6,1646,,,ONE,cassandra-1,True,False,3.816,2026-09-16T06:24:14.531744+00:00,
30d63777-602e-436c-89af-f006c04da6f6,monotonic_reads,network_partition,reader-1,read,mr-30d63777-602e-436c-89af-f006c04da6f6,,1646,QUORUM,ONE,cassandra-2,True,False,4.153,2026-09-16T06:24:14.537923+00:00,
30d63777-602e-436c-89af-f006c04da6f6,monotonic_reads,network_partition,reader-1,read,mr-30d63777-602e-436c-89af-f006c04da6f6,,1646,QUORUM,ONE,cassandra-3,True,False,3.446,2026-09-16T06:24:14.553685+00:00,
30d63777-602e-436c-89af-f006c04da6f6,monotonic_reads,network_partition,writer-1,write,mr-30d63777-602e-436c-89af-f006c04da6f6,1647,,,ONE,cassandra-1,True,False,1.528,2026-09-16T06:24:14.557950+00:00,
30d63777-602e-436c-89af-f006c04da6f6,monotonic_reads,network_partition,reader-1,read,mr-30d63777-602e-436c-89af-f006c04da6f6,,1647,QUORUM,ONE,cassandra-1,True,False,4.006,2026-09-16T06:24:14.567937+00:00,
30d63777-602e-436c-89af-f006c04da6f6,monotonic_reads,network_partition,reader-1,read,mr-30d63777-602e-436c-89af-f006c04da6f6,,1647,QUORUM,ONE,cassandra-2,True,False,4.856,2026-09-16T06:24:14.584157+00:00,
30d63777-602e-436c-89af-f006c04da6f6,monotonic_reads,network_partition,writer-1,write,mr-30d63777-602e-436c-89af-f006c04da6f6,1648,,,ONE,cassandra-1,True,False,3.149,2026-09-16T06:24:14.585424+00:00,
30d63777-602e-436c-89af-f006c04da6f6,monotonic_reads,network_partition,reader-1,read,mr-30d63777-602e-436c-89af-f006c04da6f6,,1648,QUORUM,ONE,cassandra-3,True,False,4.402,2026-09-16T06:24:14.599316+00:00,
30d63777-602e-436c-89af-f006c04da6f6,monotonic_reads,network_partition,writer-1,write,mr-30d63777-602e-436c-89af-f006c04da6f6,1649,,,ONE,cassandra-1,True,False,2.52,2026-09-16T06:24:14.611435+00:00,
30d63777-602e-436c-89af-f006c04da6f6,monotonic_reads,network_partition,reader-1,read,mr-30d63777-602e-436c-89af-f006c04da6f6,,1649,QUORUM,ONE,cassandra-1,True,False,4.476,2026-09-16T06:24:14.615235+00:00,
30d63777-602e-436c-89af-f006c04da6f6,monotonic_reads,network_partition,writer-1,write,mr-30d63777-602e-436c-89af-f006c04da6f6,1650,,,ONE,cassandra-1,True,False,2.156,2026-09-16T06:24:14.637319+00:00,
30d63777-602e-436c-89af-f006c04da6f6,monotonic_reads,network_partition,reader-1,read,mr-30d63777-602e-436c-89af-f006c04da6f6,,1649,QUORUM,ONE,cassandra-2,True,False,4.276,2026-09-16T06:24:14.637759+00:00,
30d63777-602e-436c-89af-f006c04da6f6,monotonic_reads,network_partition,reader-1,read,mr-30d63777-602e-436c-89af-f006c04da6f6,,1650,QUORUM,ONE,cassandra-3,True,False,6.822,2026-09-16T06:24:14.655772+00:00,
30d63777-602e-436c-89af-f006c04da6f6,monotonic_reads,network_partition,writer-1,write,mr-30d63777-602e-436c-89af-f006c04da6f6,1651,,,ONE,cassandra-1,True,False,3.147,2026-09-16T06:24:14.664059+00:00,
30d63777-602e-436c-89af-f006c04da6f6,monotonic_reads,network_partition,reader-1,read,mr-30d63777-602e-436c-89af-f006c04da6f6,,1651,QUORUM,ONE,cassandra-1,True,False,4.717,2026-09-16T06:24:14.671453+00:00,
30d63777-602e-436c-89af-f006c04da6f6,monotonic_reads,network_partition,reader-1,read,mr-30d63777-602e-436c-89af-f006c04da6f6,,1651,QUORUM,ONE,cassandra-2,True,False,4.27,2026-09-16T06:24:14.687311+00:00,
30d63777-602e-436c-89af-f006c04da6f6,monotonic_reads,network_partition,writer-1,write,mr-30d63777-602e-436c-89af-f006c04da6f6,1652,,,ONE,cassandra-1,True,False,2.661,2026-09-16T06:24:14.689018+00:00,
30d63777-602e-436c-89af-f006c04da6f6,monotonic_reads,network_partition,reader-1,read,mr-30d63777-602e-436c-89af-f006c04da6f6,,1652,QUORUM,ONE,cassandra-3,True,False,6.124,2026-09-16T06:24:14.706080+00:00,
30d63777-602e-436c-89af-f006c04da6f6,monotonic_reads,network_partition,writer-1,write,mr-30d63777-602e-436c-89af-f006c04da6f6,1653,,,ONE,cassandra-1,True,False,2.794,2026-09-16T06:24:14.714739+00:00,
30d63777-602e-436c-89af-f006c04da6f6,monotonic_reads,network_partition,reader-1,read,mr-30d63777-602e-436c-89af-f006c04da6f6,,1653,QUORUM,ONE,cassandra-1,True,False,4.078,2026-09-16T06:24:14.721030+00:00,
30d63777-602e-436c-89af-f006c04da6f6,monotonic_reads,network_partition,reader-1,read,mr-30d63777-602e-436c-89af-f006c04da6f6,,1653,QUORUM,ONE,cassandra-2,True,False,4.794,2026-09-16T06:24:14.737760+00:00,
30d63777-602e-436c-89af-f006c04da6f6,monotonic_reads,network_partition,writer-1,write,mr-30d63777-602e-436c-89af-f006c04da6f6,1654,,,ONE,cassandra-1,True,False,2.149,2026-09-16T06:24:14.738995+00:00,
30d63777-602e-436c-89af-f006c04da6f6,monotonic_reads,network_partition,reader-1,read,mr-30d63777-602e-436c-89af-f006c04da6f6,,1654,QUORUM,ONE,cassandra-3,True,False,4.752,2026-09-16T06:24:14.753596+00:00,
30d63777-602e-436c-89af-f006c04da6f6,monotonic_reads,network_partition,writer-1,write,mr-30d63777-602e-436c-89af-f006c04da6f6,1655,,,ONE,cassandra-1,True,False,4.783,2026-09-16T06:24:14.767965+00:00,
30d63777-602e-436c-89af-f006c04da6f6,monotonic_reads,network_partition,reader-1,read,mr-30d63777-602e-436c-89af-f006c04da6f6,,1655,QUORUM,ONE,cassandra-1,True,False,18.382,2026-09-16T06:24:14.782148+00:00,
30d63777-602e-436c-89af-f006c04da6f6,monotonic_reads,network_partition,writer-1,write,mr-30d63777-602e-436c-89af-f006c04da6f6,1656,,,ONE,cassandra-1,True,False,2.606,2026-09-16T06:24:14.795667+00:00,
30d63777-602e-436c-89af-f006c04da6f6,monotonic_reads,network_partition,reader-1,read,mr-30d63777-602e-436c-89af-f006c04da6f6,,1655,QUORUM,ONE,cassandra-2,True,False,3.625,2026-09-16T06:24:14.796941+00:00,
30d63777-602e-436c-89af-f006c04da6f6,monotonic_reads,network_partition,reader-1,read,mr-30d63777-602e-436c-89af-f006c04da6f6,,1656,QUORUM,ONE,cassandra-3,True,False,3.329,2026-09-16T06:24:14.811824+00:00,
30d63777-602e-436c-89af-f006c04da6f6,monotonic_reads,network_partition,writer-1,write,mr-30d63777-602e-436c-89af-f006c04da6f6,1657,,,ONE,cassandra-1,True,False,2.0,2026-09-16T06:24:14.822778+00:00,
30d63777-602e-436c-89af-f006c04da6f6,monotonic_reads,network_partition,reader-1,read,mr-30d63777-602e-436c-89af-f006c04da6f6,,1657,QUORUM,ONE,cassandra-1,True,False,3.808,2026-09-16T06:24:14.826737+00:00,
30d63777-602e-436c-89af-f006c04da6f6,monotonic_reads,network_partition,reader-1,read,mr-30d63777-602e-436c-89af-f006c04da6f6,,1657,QUORUM,ONE,cassandra-2,True,False,3.925,2026-09-16T06:24:14.841860+00:00,
30d63777-602e-436c-89af-f006c04da6f6,monotonic_reads,network_partition,writer-1,write,mr-30d63777-602e-436c-89af-f006c04da6f6,1658,,,ONE,cassandra-1,True,False,7.756,2026-09-16T06:24:14.854835+00:00,
30d63777-602e-436c-89af-f006c04da6f6,monotonic_reads,network_partition,reader-1,read,mr-30d63777-602e-436c-89af-f006c04da6f6,,1658,QUORUM,ONE,cassandra-3,True,False,5.261,2026-09-16T06:24:14.859303+00:00,
30d63777-602e-436c-89af-f006c04da6f6,monotonic_reads,network_partition,reader-1,read,mr-30d63777-602e-436c-89af-f006c04da6f6,,1658,QUORUM,ONE,cassandra-1,True,False,2.959,2026-09-16T06:24:14.872938+00:00,
30d63777-602e-436c-89af-f006c04da6f6,monotonic_reads,network_partition,writer-1,write,mr-30d63777-602e-436c-89af-f006c04da6f6,1659,,,ONE,cassandra-1,True,False,2.334,2026-09-16T06:24:14.877376+00:00,
30d63777-602e-436c-89af-f006c04da6f6,monotonic_reads,network_partition,reader-1,read,mr-30d63777-602e-436c-89af-f006c04da6f6,,1659,QUORUM,ONE,cassandra-2,True,False,4.047,2026-09-16T06:24:14.887843+00:00,
30d63777-602e-436c-89af-f006c04da6f6,monotonic_reads,network_partition,writer-1,write,mr-30d63777-602e-436c-89af-f006c04da6f6,1660,,,ONE,cassandra-1,True,False,3.242,2026-09-16T06:24:14.903213+00:00,
30d63777-602e-436c-89af-f006c04da6f6,monotonic_reads,network_partition,reader-1,read,mr-30d63777-602e-436c-89af-f006c04da6f6,,1659,QUORUM,ONE,cassandra-3,True,False,5.803,2026-09-16T06:24:14.905374+00:00,
30d63777-602e-436c-89af-f006c04da6f6,monotonic_reads,network_partition,reader-1,read,mr-30d63777-602e-436c-89af-f006c04da6f6,,1660,QUORUM,ONE,cassandra-1,True,False,5.564,2026-09-16T06:24:14.921508+00:00,
30d63777-602e-436c-89af-f006c04da6f6,monotonic_reads,network_partition,writer-1,write,mr-30d63777-602e-436c-89af-f006c04da6f6,1661,,,ONE,cassandra-1,True,False,3.714,2026-09-16T06:24:14.928979+00:00,
30d63777-602e-436c-89af-f006c04da6f6,monotonic_reads,network_partition,reader-1,read,mr-30d63777-602e-436c-89af-f006c04da6f6,,1661,QUORUM,ONE,cassandra-2,True,False,6.321,2026-09-16T06:24:14.939246+00:00,
30d63777-602e-436c-89af-f006c04da6f6,monotonic_reads,network_partition,writer-1,write,mr-30d63777-602e-436c-89af-f006c04da6f6,1662,,,ONE,cassandra-1,True,False,2.601,2026-09-16T06:24:14.952530+00:00,
30d63777-602e-436c-89af-f006c04da6f6,monotonic_reads,network_partition,reader-1,read,mr-30d63777-602e-436c-89af-f006c04da6f6,,1662,QUORUM,ONE,cassandra-3,True,False,5.274,2026-09-16T06:24:14.956702+00:00,
30d63777-602e-436c-89af-f006c04da6f6,monotonic_reads,network_partition,reader-1,read,mr-30d63777-602e-436c-89af-f006c04da6f6,,1662,QUORUM,ONE,cassandra-1,True,False,6.008,2026-09-16T06:24:14.974441+00:00,
30d63777-602e-436c-89af-f006c04da6f6,monotonic_reads,network_partition,writer-1,write,mr-30d63777-602e-436c-89af-f006c04da6f6,1663,,,ONE,cassandra-1,True,False,2.596,2026-09-16T06:24:14.977515+00:00,
30d63777-602e-436c-89af-f006c04da6f6,monotonic_reads,network_partition,reader-1,read,mr-30d63777-602e-436c-89af-f006c04da6f6,,1663,QUORUM,ONE,cassandra-2,True,False,5.297,2026-09-16T06:24:14.991358+00:00,
30d63777-602e-436c-89af-f006c04da6f6,monotonic_reads,network_partition,writer-1,write,mr-30d63777-602e-436c-89af-f006c04da6f6,1664,,,ONE,cassandra-1,True,False,2.443,2026-09-16T06:24:15.003397+00:00,
30d63777-602e-436c-89af-f006c04da6f6,monotonic_reads,network_partition,reader-1,read,mr-30d63777-602e-436c-89af-f006c04da6f6,,1663,QUORUM,ONE,cassandra-3,True,False,4.774,2026-09-16T06:24:15.006494+00:00,
30d63777-602e-436c-89af-f006c04da6f6,monotonic_reads,network_partition,reader-1,read,mr-30d63777-602e-436c-89af-f006c04da6f6,,1664,QUORUM,ONE,cassandra-1,True,False,5.377,2026-09-16T06:24:15.024197+00:00,
30d63777-602e-436c-89af-f006c04da6f6,monotonic_reads,network_partition,writer-1,write,mr-30d63777-602e-436c-89af-f006c04da6f6,1665,,,ONE,cassandra-1,True,False,3.852,2026-09-16T06:24:15.031037+00:00,
30d63777-602e-436c-89af-f006c04da6f6,monotonic_reads,network_partition,reader-1,read,mr-30d63777-602e-436c-89af-f006c04da6f6,,1665,QUORUM,ONE,cassandra-2,True,False,4.664,2026-09-16T06:24:15.040619+00:00,
30d63777-602e-436c-89af-f006c04da6f6,monotonic_reads,network_partition,writer-1,write,mr-30d63777-602e-436c-89af-f006c04da6f6,1666,,,ONE,cassandra-1,True,False,2.263,2026-09-16T06:24:15.055008+00:00,
30d63777-602e-436c-89af-f006c04da6f6,monotonic_reads,network_partition,reader-1,read,mr-30d63777-602e-436c-89af-f006c04da6f6,,1665,QUORUM,ONE,cassandra-3,True,False,5.517,2026-09-16T06:24:15.057128+00:00,
30d63777-602e-436c-89af-f006c04da6f6,monotonic_reads,network_partition,reader-1,read,mr-30d63777-602e-436c-89af-f006c04da6f6,,1666,QUORUM,ONE,cassandra-1,True,False,6.932,2026-09-16T06:24:15.075881+00:00,
30d63777-602e-436c-89af-f006c04da6f6,monotonic_reads,network_partition,writer-1,write,mr-30d63777-602e-436c-89af-f006c04da6f6,1667,,,ONE,cassandra-1,True,False,2.883,2026-09-16T06:24:15.081816+00:00,
30d63777-602e-436c-89af-f006c04da6f6,monotonic_reads,network_partition,reader-1,read,mr-30d63777-602e-436c-89af-f006c04da6f6,,1667,QUORUM,ONE,cassandra-2,True,False,9.366,2026-09-16T06:24:15.096185+00:00,
30d63777-602e-436c-89af-f006c04da6f6,monotonic_reads,network_partition,writer-1,write,mr-30d63777-602e-436c-89af-f006c04da6f6,1668,,,ONE,cassandra-1,True,False,2.166,2026-09-16T06:24:15.112614+00:00,
30d63777-602e-436c-89af-f006c04da6f6,monotonic_reads,network_partition,reader-1,read,mr-30d63777-602e-436c-89af-f006c04da6f6,,1667,QUORUM,ONE,cassandra-3,True,False,4.988,2026-09-16T06:24:15.112726+00:00,
30d63777-602e-436c-89af-f006c04da6f6,monotonic_reads,network_partition,reader-1,read,mr-30d63777-602e-436c-89af-f006c04da6f6,,1668,QUORUM,ONE,cassandra-1,True,False,5.858,2026-09-16T06:24:15.129649+00:00,
30d63777-602e-436c-89af-f006c04da6f6,monotonic_reads,network_partition,writer-1,write,mr-30d63777-602e-436c-89af-f006c04da6f6,1669,,,ONE,cassandra-1,True,False,4.656,2026-09-16T06:24:15.142261+00:00,
30d63777-602e-436c-89af-f006c04da6f6,monotonic_reads,network_partition,reader-1,read,mr-30d63777-602e-436c-89af-f006c04da6f6,,1669,QUORUM,ONE,cassandra-2,True,False,5.301,2026-09-16T06:24:15.145418+00:00,
30d63777-602e-436c-89af-f006c04da6f6,monotonic_reads,network_partition,writer-1,write,mr-30d63777-602e-436c-89af-f006c04da6f6,1670,,,ONE,cassandra-1,True,False,3.432,2026-09-16T06:24:15.166793+00:00,
30d63777-602e-436c-89af-f006c04da6f6,monotonic_reads,network_partition,reader-1,read,mr-30d63777-602e-436c-89af-f006c04da6f6,,1669,QUORUM,ONE,cassandra-3,True,False,11.6,2026-09-16T06:24:15.168518+00:00,
30d63777-602e-436c-89af-f006c04da6f6,monotonic_reads,network_partition,reader-1,read,mr-30d63777-602e-436c-89af-f006c04da6f6,,1670,QUORUM,ONE,cassandra-1,True,False,8.471,2026-09-16T06:24:15.187411+00:00,
30d63777-602e-436c-89af-f006c04da6f6,monotonic_reads,network_partition,writer-1,write,mr-30d63777-602e-436c-89af-f006c04da6f6,1671,,,ONE,cassandra-1,True,False,3.666,2026-09-16T06:24:15.191993+00:00,
30d63777-602e-436c-89af-f006c04da6f6,monotonic_reads,network_partition,reader-1,read,mr-30d63777-602e-436c-89af-f006c04da6f6,,1671,QUORUM,ONE,cassandra-2,True,False,4.311,2026-09-16T06:24:15.204230+00:00,
30d63777-602e-436c-89af-f006c04da6f6,monotonic_reads,network_partition,writer-1,write,mr-30d63777-602e-436c-89af-f006c04da6f6,1672,,,ONE,cassandra-1,True,False,2.66,2026-09-16T06:24:15.219013+00:00,
30d63777-602e-436c-89af-f006c04da6f6,monotonic_reads,network_partition,reader-1,read,mr-30d63777-602e-436c-89af-f006c04da6f6,,1671,QUORUM,ONE,cassandra-3,True,False,5.727,2026-09-16T06:24:15.220519+00:00,
30d63777-602e-436c-89af-f006c04da6f6,monotonic_reads,network_partition,reader-1,read,mr-30d63777-602e-436c-89af-f006c04da6f6,,1672,QUORUM,ONE,cassandra-1,True,False,5.014,2026-09-16T06:24:15.237996+00:00,
30d63777-602e-436c-89af-f006c04da6f6,monotonic_reads,network_partition,writer-1,write,mr-30d63777-602e-436c-89af-f006c04da6f6,1673,,,ONE,cassandra-1,True,False,3.555,2026-09-16T06:24:15.247753+00:00,
30d63777-602e-436c-89af-f006c04da6f6,monotonic_reads,network_partition,reader-1,read,mr-30d63777-602e-436c-89af-f006c04da6f6,,1673,QUORUM,ONE,cassandra-2,True,False,4.424,2026-09-16T06:24:15.255061+00:00,
30d63777-602e-436c-89af-f006c04da6f6,monotonic_reads,network_partition,reader-1,read,mr-30d63777-602e-436c-89af-f006c04da6f6,,1673,QUORUM,ONE,cassandra-3,True,False,5.411,2026-09-16T06:24:15.271394+00:00,
30d63777-602e-436c-89af-f006c04da6f6,monotonic_reads,network_partition,writer-1,write,mr-30d63777-602e-436c-89af-f006c04da6f6,1674,,,ONE,cassandra-1,True,False,2.126,2026-09-16T06:24:15.274450+00:00,
30d63777-602e-436c-89af-f006c04da6f6,monotonic_reads,network_partition,reader-1,read,mr-30d63777-602e-436c-89af-f006c04da6f6,,1674,QUORUM,ONE,cassandra-1,True,False,5.347,2026-09-16T06:24:15.288280+00:00,
30d63777-602e-436c-89af-f006c04da6f6,monotonic_reads,network_partition,writer-1,write,mr-30d63777-602e-436c-89af-f006c04da6f6,1675,,,ONE,cassandra-1,True,False,3.212,2026-09-16T06:24:15.302532+00:00,
30d63777-602e-436c-89af-f006c04da6f6,monotonic_reads,network_partition,reader-1,read,mr-30d63777-602e-436c-89af-f006c04da6f6,,1675,QUORUM,ONE,cassandra-2,True,False,4.676,2026-09-16T06:24:15.305339+00:00,
30d63777-602e-436c-89af-f006c04da6f6,monotonic_reads,network_partition,reader-1,read,mr-30d63777-602e-436c-89af-f006c04da6f6,,1675,QUORUM,ONE,cassandra-3,True,False,5.034,2026-09-16T06:24:15.321280+00:00,
30d63777-602e-436c-89af-f006c04da6f6,monotonic_reads,network_partition,writer-1,write,mr-30d63777-602e-436c-89af-f006c04da6f6,1676,,,ONE,cassandra-1,True,False,2.601,2026-09-16T06:24:15.326310+00:00,
30d63777-602e-436c-89af-f006c04da6f6,monotonic_reads,network_partition,reader-1,read,mr-30d63777-602e-436c-89af-f006c04da6f6,,1676,QUORUM,ONE,cassandra-1,True,False,5.417,2026-09-16T06:24:15.339390+00:00,
30d63777-602e-436c-89af-f006c04da6f6,monotonic_reads,network_partition,writer-1,write,mr-30d63777-602e-436c-89af-f006c04da6f6,1677,,,ONE,cassandra-1,True,False,3.187,2026-09-16T06:24:15.354621+00:00,
30d63777-602e-436c-89af-f006c04da6f6,monotonic_reads,network_partition,reader-1,read,mr-30d63777-602e-436c-89af-f006c04da6f6,,1677,QUORUM,ONE,cassandra-2,True,False,7.362,2026-09-16T06:24:15.359424+00:00,
30d63777-602e-436c-89af-f006c04da6f6,monotonic_reads,network_partition,reader-1,read,mr-30d63777-602e-436c-89af-f006c04da6f6,,1677,QUORUM,ONE,cassandra-3,True,False,5.564,2026-09-16T06:24:15.377520+00:00,
30d63777-602e-436c-89af-f006c04da6f6,monotonic_reads,network_partition,writer-1,write,mr-30d63777-602e-436c-89af-f006c04da6f6,1678,,,ONE,cassandra-1,True,False,2.197,2026-09-16T06:24:15.380461+00:00,
30d63777-602e-436c-89af-f006c04da6f6,monotonic_reads,network_partition,reader-1,read,mr-30d63777-602e-436c-89af-f006c04da6f6,,1678,QUORUM,ONE,cassandra-1,True,False,5.501,2026-09-16T06:24:15.394474+00:00,
30d63777-602e-436c-89af-f006c04da6f6,monotonic_reads,network_partition,writer-1,write,mr-30d63777-602e-436c-89af-f006c04da6f6,1679,,,ONE,cassandra-1,True,False,4.72,2026-09-16T06:24:15.410124+00:00,
30d63777-602e-436c-89af-f006c04da6f6,monotonic_reads,network_partition,reader-1,read,mr-30d63777-602e-436c-89af-f006c04da6f6,,1678,QUORUM,ONE,cassandra-2,True,False,6.061,2026-09-16T06:24:15.410962+00:00,
30d63777-602e-436c-89af-f006c04da6f6,monotonic_reads,network_partition,reader-1,read,mr-30d63777-602e-436c-89af-f006c04da6f6,,1679,QUORUM,ONE,cassandra-3,True,False,10.722,2026-09-16T06:24:15.434376+00:00,
30d63777-602e-436c-89af-f006c04da6f6,monotonic_reads,network_partition,writer-1,write,mr-30d63777-602e-436c-89af-f006c04da6f6,1680,,,ONE,cassandra-1,True,False,2.01,2026-09-16T06:24:15.434745+00:00,
30d63777-602e-436c-89af-f006c04da6f6,monotonic_reads,network_partition,reader-1,read,mr-30d63777-602e-436c-89af-f006c04da6f6,,1680,QUORUM,ONE,cassandra-1,True,False,3.587,2026-09-16T06:24:15.449943+00:00,
30d63777-602e-436c-89af-f006c04da6f6,monotonic_reads,network_partition,writer-1,write,mr-30d63777-602e-436c-89af-f006c04da6f6,1681,,,ONE,cassandra-1,True,False,2.09,2026-09-16T06:24:15.458320+00:00,
30d63777-602e-436c-89af-f006c04da6f6,monotonic_reads,network_partition,reader-1,read,mr-30d63777-602e-436c-89af-f006c04da6f6,,1681,QUORUM,ONE,cassandra-2,True,False,4.234,2026-09-16T06:24:15.464407+00:00,
30d63777-602e-436c-89af-f006c04da6f6,monotonic_reads,network_partition,reader-1,read,mr-30d63777-602e-436c-89af-f006c04da6f6,,1681,QUORUM,ONE,cassandra-3,True,False,4.283,2026-09-16T06:24:15.479216+00:00,
30d63777-602e-436c-89af-f006c04da6f6,monotonic_reads,network_partition,writer-1,write,mr-30d63777-602e-436c-89af-f006c04da6f6,1682,,,ONE,cassandra-1,True,False,1.766,2026-09-16T06:24:15.482683+00:00,
30d63777-602e-436c-89af-f006c04da6f6,monotonic_reads,network_partition,reader-1,read,mr-30d63777-602e-436c-89af-f006c04da6f6,,1682,QUORUM,ONE,cassandra-1,True,False,4.418,2026-09-16T06:24:15.496016+00:00,
30d63777-602e-436c-89af-f006c04da6f6,monotonic_reads,network_partition,writer-1,write,mr-30d63777-602e-436c-89af-f006c04da6f6,1683,,,ONE,cassandra-1,True,False,3.431,2026-09-16T06:24:15.510648+00:00,
30d63777-602e-436c-89af-f006c04da6f6,monotonic_reads,network_partition,reader-1,read,mr-30d63777-602e-436c-89af-f006c04da6f6,,1682,QUORUM,ONE,cassandra-2,True,False,3.586,2026-09-16T06:24:15.511298+00:00,
30d63777-602e-436c-89af-f006c04da6f6,monotonic_reads,network_partition,reader-1,read,mr-30d63777-602e-436c-89af-f006c04da6f6,,1683,QUORUM,ONE,cassandra-3,True,False,5.597,2026-09-16T06:24:15.527541+00:00,
30d63777-602e-436c-89af-f006c04da6f6,monotonic_reads,network_partition,writer-1,write,mr-30d63777-602e-436c-89af-f006c04da6f6,1684,,,ONE,cassandra-1,True,False,3.516,2026-09-16T06:24:15.535449+00:00,
30d63777-602e-436c-89af-f006c04da6f6,monotonic_reads,network_partition,reader-1,read,mr-30d63777-602e-436c-89af-f006c04da6f6,,1684,QUORUM,ONE,cassandra-1,True,False,4.491,2026-09-16T06:24:15.544330+00:00,
30d63777-602e-436c-89af-f006c04da6f6,monotonic_reads,network_partition,reader-1,read,mr-30d63777-602e-436c-89af-f006c04da6f6,,1684,QUORUM,ONE,cassandra-2,True,False,5.575,2026-09-16T06:24:15.561519+00:00,
30d63777-602e-436c-89af-f006c04da6f6,monotonic_reads,network_partition,writer-1,write,mr-30d63777-602e-436c-89af-f006c04da6f6,1685,,,ONE,cassandra-1,True,False,3.542,2026-09-16T06:24:15.561803+00:00,
30d63777-602e-436c-89af-f006c04da6f6,monotonic_reads,network_partition,reader-1,read,mr-30d63777-602e-436c-89af-f006c04da6f6,,1685,QUORUM,ONE,cassandra-3,True,False,5.151,2026-09-16T06:24:15.577265+00:00,
30d63777-602e-436c-89af-f006c04da6f6,monotonic_reads,network_partition,writer-1,write,mr-30d63777-602e-436c-89af-f006c04da6f6,1686,,,ONE,cassandra-1,True,False,2.716,2026-09-16T06:24:15.588710+00:00,
30d63777-602e-436c-89af-f006c04da6f6,monotonic_reads,network_partition,reader-1,read,mr-30d63777-602e-436c-89af-f006c04da6f6,,1686,QUORUM,ONE,cassandra-1,True,False,4.501,2026-09-16T06:24:15.593422+00:00,
30d63777-602e-436c-89af-f006c04da6f6,monotonic_reads,network_partition,reader-1,read,mr-30d63777-602e-436c-89af-f006c04da6f6,,1686,QUORUM,ONE,cassandra-2,True,False,6.441,2026-09-16T06:24:15.611394+00:00,
30d63777-602e-436c-89af-f006c04da6f6,monotonic_reads,network_partition,writer-1,write,mr-30d63777-602e-436c-89af-f006c04da6f6,1687,,,ONE,cassandra-1,True,False,2.356,2026-09-16T06:24:15.615181+00:00,
30d63777-602e-436c-89af-f006c04da6f6,monotonic_reads,network_partition,reader-1,read,mr-30d63777-602e-436c-89af-f006c04da6f6,,1687,QUORUM,ONE,cassandra-3,True,False,4.472,2026-09-16T06:24:15.626404+00:00,
30d63777-602e-436c-89af-f006c04da6f6,monotonic_reads,network_partition,writer-1,write,mr-30d63777-602e-436c-89af-f006c04da6f6,1688,,,ONE,cassandra-1,True,False,2.487,2026-09-16T06:24:15.641117+00:00,
30d63777-602e-436c-89af-f006c04da6f6,monotonic_reads,network_partition,reader-1,read,mr-30d63777-602e-436c-89af-f006c04da6f6,,1687,QUORUM,ONE,cassandra-1,True,False,4.665,2026-09-16T06:24:15.642925+00:00,
30d63777-602e-436c-89af-f006c04da6f6,monotonic_reads,network_partition,reader-1,read,mr-30d63777-602e-436c-89af-f006c04da6f6,,1688,QUORUM,ONE,cassandra-2,True,False,5.785,2026-09-16T06:24:15.660706+00:00,
30d63777-602e-436c-89af-f006c04da6f6,monotonic_reads,network_partition,writer-1,write,mr-30d63777-602e-436c-89af-f006c04da6f6,1689,,,ONE,cassandra-1,True,False,3.852,2026-09-16T06:24:15.665766+00:00,
30d63777-602e-436c-89af-f006c04da6f6,monotonic_reads,network_partition,reader-1,read,mr-30d63777-602e-436c-89af-f006c04da6f6,,1689,QUORUM,ONE,cassandra-3,True,False,4.914,2026-09-16T06:24:15.677345+00:00,
30d63777-602e-436c-89af-f006c04da6f6,monotonic_reads,network_partition,writer-1,write,mr-30d63777-602e-436c-89af-f006c04da6f6,1690,,,ONE,cassandra-1,True,False,2.328,2026-09-16T06:24:15.691169+00:00,
30d63777-602e-436c-89af-f006c04da6f6,monotonic_reads,network_partition,reader-1,read,mr-30d63777-602e-436c-89af-f006c04da6f6,,1689,QUORUM,ONE,cassandra-1,True,False,4.042,2026-09-16T06:24:15.691988+00:00,
30d63777-602e-436c-89af-f006c04da6f6,monotonic_reads,network_partition,reader-1,read,mr-30d63777-602e-436c-89af-f006c04da6f6,,1690,QUORUM,ONE,cassandra-2,True,False,5.38,2026-09-16T06:24:15.709529+00:00,
30d63777-602e-436c-89af-f006c04da6f6,monotonic_reads,network_partition,writer-1,write,mr-30d63777-602e-436c-89af-f006c04da6f6,1691,,,ONE,cassandra-1,True,False,2.357,2026-09-16T06:24:15.717222+00:00,
30d63777-602e-436c-89af-f006c04da6f6,monotonic_reads,network_partition,reader-1,read,mr-30d63777-602e-436c-89af-f006c04da6f6,,1691,QUORUM,ONE,cassandra-3,True,False,4.403,2026-09-16T06:24:15.726318+00:00,
30d63777-602e-436c-89af-f006c04da6f6,monotonic_reads,network_partition,writer-1,write,mr-30d63777-602e-436c-89af-f006c04da6f6,1692,,,ONE,cassandra-1,True,False,2.478,2026-09-16T06:24:15.741767+00:00,
30d63777-602e-436c-89af-f006c04da6f6,monotonic_reads,network_partition,reader-1,read,mr-30d63777-602e-436c-89af-f006c04da6f6,,1691,QUORUM,ONE,cassandra-1,True,False,4.326,2026-09-16T06:24:15.743249+00:00,
30d63777-602e-436c-89af-f006c04da6f6,monotonic_reads,network_partition,reader-1,read,mr-30d63777-602e-436c-89af-f006c04da6f6,,1692,QUORUM,ONE,cassandra-2,True,False,4.496,2026-09-16T06:24:15.758346+00:00,
30d63777-602e-436c-89af-f006c04da6f6,monotonic_reads,network_partition,writer-1,write,mr-30d63777-602e-436c-89af-f006c04da6f6,1693,,,ONE,cassandra-1,True,False,3.512,2026-09-16T06:24:15.768431+00:00,
30d63777-602e-436c-89af-f006c04da6f6,monotonic_reads,network_partition,reader-1,read,mr-30d63777-602e-436c-89af-f006c04da6f6,,1693,QUORUM,ONE,cassandra-3,True,False,4.432,2026-09-16T06:24:15.774361+00:00,
30d63777-602e-436c-89af-f006c04da6f6,monotonic_reads,network_partition,reader-1,read,mr-30d63777-602e-436c-89af-f006c04da6f6,,1693,QUORUM,ONE,cassandra-1,True,False,6.035,2026-09-16T06:24:15.791501+00:00,
30d63777-602e-436c-89af-f006c04da6f6,monotonic_reads,network_partition,writer-1,write,mr-30d63777-602e-436c-89af-f006c04da6f6,1694,,,ONE,cassandra-1,True,False,4.046,2026-09-16T06:24:15.796024+00:00,
30d63777-602e-436c-89af-f006c04da6f6,monotonic_reads,network_partition,reader-1,read,mr-30d63777-602e-436c-89af-f006c04da6f6,,1694,QUORUM,ONE,cassandra-2,True,False,7.669,2026-09-16T06:24:15.809586+00:00,
30d63777-602e-436c-89af-f006c04da6f6,monotonic_reads,network_partition,writer-1,write,mr-30d63777-602e-436c-89af-f006c04da6f6,1695,,,ONE,cassandra-1,True,False,2.759,2026-09-16T06:24:15.822691+00:00,
30d63777-602e-436c-89af-f006c04da6f6,monotonic_reads,network_partition,reader-1,read,mr-30d63777-602e-436c-89af-f006c04da6f6,,1695,QUORUM,ONE,cassandra-3,True,False,4.351,2026-09-16T06:24:15.826080+00:00,
30d63777-602e-436c-89af-f006c04da6f6,monotonic_reads,network_partition,reader-1,read,mr-30d63777-602e-436c-89af-f006c04da6f6,,1695,QUORUM,ONE,cassandra-1,True,False,7.742,2026-09-16T06:24:15.845700+00:00,
30d63777-602e-436c-89af-f006c04da6f6,monotonic_reads,network_partition,writer-1,write,mr-30d63777-602e-436c-89af-f006c04da6f6,1696,,,ONE,cassandra-1,True,False,3.196,2026-09-16T06:24:15.849777+00:00,
30d63777-602e-436c-89af-f006c04da6f6,monotonic_reads,network_partition,reader-1,read,mr-30d63777-602e-436c-89af-f006c04da6f6,,1696,QUORUM,ONE,cassandra-2,True,False,5.004,2026-09-16T06:24:15.863291+00:00,
30d63777-602e-436c-89af-f006c04da6f6,monotonic_reads,network_partition,writer-1,write,mr-30d63777-602e-436c-89af-f006c04da6f6,1697,,,ONE,cassandra-1,True,False,3.276,2026-09-16T06:24:15.876214+00:00,
30d63777-602e-436c-89af-f006c04da6f6,monotonic_reads,network_partition,reader-1,read,mr-30d63777-602e-436c-89af-f006c04da6f6,,1697,QUORUM,ONE,cassandra-3,True,False,4.337,2026-09-16T06:24:15.878174+00:00,
30d63777-602e-436c-89af-f006c04da6f6,monotonic_reads,network_partition,reader-1,read,mr-30d63777-602e-436c-89af-f006c04da6f6,,1697,QUORUM,ONE,cassandra-1,True,False,5.37,2026-09-16T06:24:15.894300+00:00,
30d63777-602e-436c-89af-f006c04da6f6,monotonic_reads,network_partition,writer-1,write,mr-30d63777-602e-436c-89af-f006c04da6f6,1698,,,ONE,cassandra-1,True,False,2.853,2026-09-16T06:24:15.901788+00:00,
30d63777-602e-436c-89af-f006c04da6f6,monotonic_reads,network_partition,reader-1,read,mr-30d63777-602e-436c-89af-f006c04da6f6,,1698,QUORUM,ONE,cassandra-2,True,False,4.403,2026-09-16T06:24:15.909386+00:00,
30d63777-602e-436c-89af-f006c04da6f6,monotonic_reads,network_partition,writer-1,write,mr-30d63777-602e-436c-89af-f006c04da6f6,1699,,,ONE,cassandra-1,True,False,9.42,2026-09-16T06:24:15.936378+00:00,
30d63777-602e-436c-89af-f006c04da6f6,monotonic_reads,network_partition,reader-1,read,mr-30d63777-602e-436c-89af-f006c04da6f6,,1698,QUORUM,ONE,cassandra-3,True,False,15.83,2026-09-16T06:24:15.937871+00:00,
30d63777-602e-436c-89af-f006c04da6f6,monotonic_reads,network_partition,reader-1,read,mr-30d63777-602e-436c-89af-f006c04da6f6,,1699,QUORUM,ONE,cassandra-1,True,False,4.844,2026-09-16T06:24:15.953177+00:00,
30d63777-602e-436c-89af-f006c04da6f6,monotonic_reads,network_partition,writer-1,write,mr-30d63777-602e-436c-89af-f006c04da6f6,1700,,,ONE,cassandra-1,True,False,2.871,2026-09-16T06:24:15.963370+00:00,
30d63777-602e-436c-89af-f006c04da6f6,monotonic_reads,network_partition,reader-1,read,mr-30d63777-602e-436c-89af-f006c04da6f6,,1700,QUORUM,ONE,cassandra-2,True,False,4.424,2026-09-16T06:24:15.970279+00:00,
30d63777-602e-436c-89af-f006c04da6f6,monotonic_reads,network_partition,writer-1,write,mr-30d63777-602e-436c-89af-f006c04da6f6,1701,,,ONE,cassandra-1,True,False,1.449,2026-09-16T06:24:15.985579+00:00,
30d63777-602e-436c-89af-f006c04da6f6,monotonic_reads,network_partition,reader-1,read,mr-30d63777-602e-436c-89af-f006c04da6f6,,1700,QUORUM,ONE,cassandra-3,True,False,3.751,2026-09-16T06:24:15.986682+00:00,
30d63777-602e-436c-89af-f006c04da6f6,monotonic_reads,network_partition,reader-1,read,mr-30d63777-602e-436c-89af-f006c04da6f6,,1701,QUORUM,ONE,cassandra-1,True,False,3.162,2026-09-16T06:24:16.000962+00:00,
30d63777-602e-436c-89af-f006c04da6f6,monotonic_reads,network_partition,writer-1,write,mr-30d63777-602e-436c-89af-f006c04da6f6,1702,,,ONE,cassandra-1,True,False,3.058,2026-09-16T06:24:16.009535+00:00,
30d63777-602e-436c-89af-f006c04da6f6,monotonic_reads,network_partition,reader-1,read,mr-30d63777-602e-436c-89af-f006c04da6f6,,1702,QUORUM,ONE,cassandra-2,True,False,5.187,2026-09-16T06:24:16.018839+00:00,
30d63777-602e-436c-89af-f006c04da6f6,monotonic_reads,network_partition,writer-1,write,mr-30d63777-602e-436c-89af-f006c04da6f6,1703,,,ONE,cassandra-1,True,False,2.611,2026-09-16T06:24:16.033354+00:00,
30d63777-602e-436c-89af-f006c04da6f6,monotonic_reads,network_partition,reader-1,read,mr-30d63777-602e-436c-89af-f006c04da6f6,,1702,QUORUM,ONE,cassandra-3,True,False,5.429,2026-09-16T06:24:16.035353+00:00,
30d63777-602e-436c-89af-f006c04da6f6,monotonic_reads,network_partition,reader-1,read,mr-30d63777-602e-436c-89af-f006c04da6f6,,1703,QUORUM,ONE,cassandra-1,True,False,5.736,2026-09-16T06:24:16.051662+00:00,
30d63777-602e-436c-89af-f006c04da6f6,monotonic_reads,network_partition,writer-1,write,mr-30d63777-602e-436c-89af-f006c04da6f6,1704,,,ONE,cassandra-1,True,False,4.006,2026-09-16T06:24:16.061944+00:00,
30d63777-602e-436c-89af-f006c04da6f6,monotonic_reads,network_partition,reader-1,read,mr-30d63777-602e-436c-89af-f006c04da6f6,,1704,QUORUM,ONE,cassandra-2,True,False,4.384,2026-09-16T06:24:16.066452+00:00,
30d63777-602e-436c-89af-f006c04da6f6,monotonic_reads,network_partition,reader-1,read,mr-30d63777-602e-436c-89af-f006c04da6f6,,1704,QUORUM,ONE,cassandra-3,True,False,5.661,2026-09-16T06:24:16.084606+00:00,
30d63777-602e-436c-89af-f006c04da6f6,monotonic_reads,network_partition,writer-1,write,mr-30d63777-602e-436c-89af-f006c04da6f6,1705,,,ONE,cassandra-1,True,False,3.305,2026-09-16T06:24:16.090358+00:00,
30d63777-602e-436c-89af-f006c04da6f6,monotonic_reads,network_partition,reader-1,read,mr-30d63777-602e-436c-89af-f006c04da6f6,,1705,QUORUM,ONE,cassandra-1,True,False,5.95,2026-09-16T06:24:16.103276+00:00,
30d63777-602e-436c-89af-f006c04da6f6,monotonic_reads,network_partition,writer-1,write,mr-30d63777-602e-436c-89af-f006c04da6f6,1706,,,ONE,cassandra-1,True,False,3.865,2026-09-16T06:24:16.116053+00:00,
30d63777-602e-436c-89af-f006c04da6f6,monotonic_reads,network_partition,reader-1,read,mr-30d63777-602e-436c-89af-f006c04da6f6,,1706,QUORUM,ONE,cassandra-2,True,False,4.474,2026-09-16T06:24:16.118290+00:00,
30d63777-602e-436c-89af-f006c04da6f6,monotonic_reads,network_partition,reader-1,read,mr-30d63777-602e-436c-89af-f006c04da6f6,,1706,QUORUM,ONE,cassandra-3,True,False,4.679,2026-09-16T06:24:16.133613+00:00,
30d63777-602e-436c-89af-f006c04da6f6,monotonic_reads,network_partition,writer-1,write,mr-30d63777-602e-436c-89af-f006c04da6f6,1707,,,ONE,cassandra-1,True,False,3.761,2026-09-16T06:24:16.142683+00:00,
30d63777-602e-436c-89af-f006c04da6f6,monotonic_reads,network_partition,reader-1,read,mr-30d63777-602e-436c-89af-f006c04da6f6,,1707,QUORUM,ONE,cassandra-1,True,False,3.887,2026-09-16T06:24:16.147844+00:00,
30d63777-602e-436c-89af-f006c04da6f6,monotonic_reads,network_partition,reader-1,read,mr-30d63777-602e-436c-89af-f006c04da6f6,,1707,QUORUM,ONE,cassandra-2,True,False,5.228,2026-09-16T06:24:16.164361+00:00,
30d63777-602e-436c-89af-f006c04da6f6,monotonic_reads,network_partition,writer-1,write,mr-30d63777-602e-436c-89af-f006c04da6f6,1708,,,ONE,cassandra-1,True,False,2.689,2026-09-16T06:24:16.165560+00:00,
30d63777-602e-436c-89af-f006c04da6f6,monotonic_reads,network_partition,reader-1,read,mr-30d63777-602e-436c-89af-f006c04da6f6,,1708,QUORUM,ONE,cassandra-3,True,False,4.524,2026-09-16T06:24:16.180475+00:00,
30d63777-602e-436c-89af-f006c04da6f6,monotonic_reads,network_partition,writer-1,write,mr-30d63777-602e-436c-89af-f006c04da6f6,1709,,,ONE,cassandra-1,True,False,2.334,2026-09-16T06:24:16.189364+00:00,
30d63777-602e-436c-89af-f006c04da6f6,monotonic_reads,network_partition,reader-1,read,mr-30d63777-602e-436c-89af-f006c04da6f6,,1709,QUORUM,ONE,cassandra-1,True,False,4.171,2026-09-16T06:24:16.194997+00:00,
30d63777-602e-436c-89af-f006c04da6f6,monotonic_reads,network_partition,reader-1,read,mr-30d63777-602e-436c-89af-f006c04da6f6,,1709,QUORUM,ONE,cassandra-2,True,False,5.355,2026-09-16T06:24:16.212501+00:00,
30d63777-602e-436c-89af-f006c04da6f6,monotonic_reads,network_partition,writer-1,write,mr-30d63777-602e-436c-89af-f006c04da6f6,1710,,,ONE,cassandra-1,True,False,3.415,2026-09-16T06:24:16.217378+00:00,
30d63777-602e-436c-89af-f006c04da6f6,monotonic_reads,network_partition,reader-1,read,mr-30d63777-602e-436c-89af-f006c04da6f6,,1710,QUORUM,ONE,cassandra-3,True,False,4.384,2026-09-16T06:24:16.227302+00:00,
30d63777-602e-436c-89af-f006c04da6f6,monotonic_reads,network_partition,writer-1,write,mr-30d63777-602e-436c-89af-f006c04da6f6,1711,,,ONE,cassandra-1,True,False,2.268,2026-09-16T06:24:16.241183+00:00,
30d63777-602e-436c-89af-f006c04da6f6,monotonic_reads,network_partition,reader-1,read,mr-30d63777-602e-436c-89af-f006c04da6f6,,1710,QUORUM,ONE,cassandra-1,True,False,4.695,2026-09-16T06:24:16.242949+00:00,
30d63777-602e-436c-89af-f006c04da6f6,monotonic_reads,network_partition,reader-1,read,mr-30d63777-602e-436c-89af-f006c04da6f6,,1711,QUORUM,ONE,cassandra-2,True,False,6.131,2026-09-16T06:24:16.260682+00:00,
30d63777-602e-436c-89af-f006c04da6f6,monotonic_reads,network_partition,writer-1,write,mr-30d63777-602e-436c-89af-f006c04da6f6,1712,,,ONE,cassandra-1,True,False,2.178,2026-09-16T06:24:16.266104+00:00,
30d63777-602e-436c-89af-f006c04da6f6,monotonic_reads,network_partition,reader-1,read,mr-30d63777-602e-436c-89af-f006c04da6f6,,1712,QUORUM,ONE,cassandra-3,True,False,4.54,2026-09-16T06:24:16.276504+00:00,
30d63777-602e-436c-89af-f006c04da6f6,monotonic_reads,network_partition,reader-1,read,mr-30d63777-602e-436c-89af-f006c04da6f6,,1712,QUORUM,ONE,cassandra-1,True,False,4.378,2026-09-16T06:24:16.292336+00:00,
30d63777-602e-436c-89af-f006c04da6f6,monotonic_reads,network_partition,writer-1,write,mr-30d63777-602e-436c-89af-f006c04da6f6,1713,,,ONE,cassandra-1,True,False,2.849,2026-09-16T06:24:16.292649+00:00,
30d63777-602e-436c-89af-f006c04da6f6,monotonic_reads,network_partition,reader-1,read,mr-30d63777-602e-436c-89af-f006c04da6f6,,1713,QUORUM,ONE,cassandra-2,True,False,5.689,2026-09-16T06:24:16.309627+00:00,
30d63777-602e-436c-89af-f006c04da6f6,monotonic_reads,network_partition,writer-1,write,mr-30d63777-602e-436c-89af-f006c04da6f6,1714,,,ONE,cassandra-1,True,False,3.216,2026-09-16T06:24:16.316146+00:00,
30d63777-602e-436c-89af-f006c04da6f6,monotonic_reads,network_partition,reader-1,read,mr-30d63777-602e-436c-89af-f006c04da6f6,,1714,QUORUM,ONE,cassandra-3,True,False,4.401,2026-09-16T06:24:16.324319+00:00,
30d63777-602e-436c-89af-f006c04da6f6,monotonic_reads,network_partition,reader-1,read,mr-30d63777-602e-436c-89af-f006c04da6f6,,1714,QUORUM,ONE,cassandra-1,True,False,4.953,2026-09-16T06:24:16.340017+00:00,
30d63777-602e-436c-89af-f006c04da6f6,monotonic_reads,network_partition,writer-1,write,mr-30d63777-602e-436c-89af-f006c04da6f6,1715,,,ONE,cassandra-1,True,False,2.561,2026-09-16T06:24:16.341431+00:00,
30d63777-602e-436c-89af-f006c04da6f6,monotonic_reads,network_partition,reader-1,read,mr-30d63777-602e-436c-89af-f006c04da6f6,,1715,QUORUM,ONE,cassandra-2,True,False,4.789,2026-09-16T06:24:16.355472+00:00,
30d63777-602e-436c-89af-f006c04da6f6,monotonic_reads,network_partition,writer-1,write,mr-30d63777-602e-436c-89af-f006c04da6f6,1716,,,ONE,cassandra-1,True,False,3.286,2026-09-16T06:24:16.369820+00:00,
30d63777-602e-436c-89af-f006c04da6f6,monotonic_reads,network_partition,reader-1,read,mr-30d63777-602e-436c-89af-f006c04da6f6,,1715,QUORUM,ONE,cassandra-3,True,False,5.298,2026-09-16T06:24:16.372297+00:00,
30d63777-602e-436c-89af-f006c04da6f6,monotonic_reads,network_partition,reader-1,read,mr-30d63777-602e-436c-89af-f006c04da6f6,,1716,QUORUM,ONE,cassandra-1,True,False,4.587,2026-09-16T06:24:16.388504+00:00,
30d63777-602e-436c-89af-f006c04da6f6,monotonic_reads,network_partition,writer-1,write,mr-30d63777-602e-436c-89af-f006c04da6f6,1717,,,ONE,cassandra-1,True,False,2.716,2026-09-16T06:24:16.395637+00:00,
30d63777-602e-436c-89af-f006c04da6f6,monotonic_reads,network_partition,reader-1,read,mr-30d63777-602e-436c-89af-f006c04da6f6,,1717,QUORUM,ONE,cassandra-2,True,False,4.403,2026-09-16T06:24:16.405210+00:00,
30d63777-602e-436c-89af-f006c04da6f6,monotonic_reads,network_partition,reader-1,read,mr-30d63777-602e-436c-89af-f006c04da6f6,,1717,QUORUM,ONE,cassandra-3,True,False,4.619,2026-09-16T06:24:16.420567+00:00,
30d63777-602e-436c-89af-f006c04da6f6,monotonic_reads,network_partition,writer-1,write,mr-30d63777-602e-436c-89af-f006c04da6f6,1718,,,ONE,cassandra-1,True,False,2.641,2026-09-16T06:24:16.420877+00:00,
30d63777-602e-436c-89af-f006c04da6f6,monotonic_reads,network_partition,reader-1,read,mr-30d63777-602e-436c-89af-f006c04da6f6,,1718,QUORUM,ONE,cassandra-1,True,False,3.932,2026-09-16T06:24:16.436906+00:00,
30d63777-602e-436c-89af-f006c04da6f6,monotonic_reads,network_partition,writer-1,write,mr-30d63777-602e-436c-89af-f006c04da6f6,1719,,,ONE,cassandra-1,True,False,2.727,2026-09-16T06:24:16.444646+00:00,
30d63777-602e-436c-89af-f006c04da6f6,monotonic_reads,network_partition,reader-1,read,mr-30d63777-602e-436c-89af-f006c04da6f6,,1719,QUORUM,ONE,cassandra-2,True,False,4.53,2026-09-16T06:24:16.452460+00:00,
30d63777-602e-436c-89af-f006c04da6f6,monotonic_reads,network_partition,reader-1,read,mr-30d63777-602e-436c-89af-f006c04da6f6,,1719,QUORUM,ONE,cassandra-3,True,False,4.915,2026-09-16T06:24:16.469585+00:00,
30d63777-602e-436c-89af-f006c04da6f6,monotonic_reads,network_partition,writer-1,write,mr-30d63777-602e-436c-89af-f006c04da6f6,1720,,,ONE,cassandra-1,True,False,2.293,2026-09-16T06:24:16.471999+00:00,
30d63777-602e-436c-89af-f006c04da6f6,monotonic_reads,network_partition,reader-1,read,mr-30d63777-602e-436c-89af-f006c04da6f6,,1720,QUORUM,ONE,cassandra-1,True,False,4.301,2026-09-16T06:24:16.486225+00:00,
30d63777-602e-436c-89af-f006c04da6f6,monotonic_reads,network_partition,writer-1,write,mr-30d63777-602e-436c-89af-f006c04da6f6,1721,,,ONE,cassandra-1,True,False,3.817,2026-09-16T06:24:16.499751+00:00,
30d63777-602e-436c-89af-f006c04da6f6,monotonic_reads,network_partition,reader-1,read,mr-30d63777-602e-436c-89af-f006c04da6f6,,1721,QUORUM,ONE,cassandra-2,True,False,5.0,2026-09-16T06:24:16.503257+00:00,
30d63777-602e-436c-89af-f006c04da6f6,monotonic_reads,network_partition,reader-1,read,mr-30d63777-602e-436c-89af-f006c04da6f6,,1721,QUORUM,ONE,cassandra-3,True,False,4.143,2026-09-16T06:24:16.519994+00:00,
30d63777-602e-436c-89af-f006c04da6f6,monotonic_reads,network_partition,writer-1,write,mr-30d63777-602e-436c-89af-f006c04da6f6,1722,,,ONE,cassandra-1,True,False,1.781,2026-09-16T06:24:16.523560+00:00,
30d63777-602e-436c-89af-f006c04da6f6,monotonic_reads,network_partition,reader-1,read,mr-30d63777-602e-436c-89af-f006c04da6f6,,1722,QUORUM,ONE,cassandra-1,True,False,4.578,2026-09-16T06:24:16.535509+00:00,
30d63777-602e-436c-89af-f006c04da6f6,monotonic_reads,network_partition,writer-1,write,mr-30d63777-602e-436c-89af-f006c04da6f6,1723,,,ONE,cassandra-1,True,False,3.635,2026-09-16T06:24:16.548606+00:00,
30d63777-602e-436c-89af-f006c04da6f6,monotonic_reads,network_partition,reader-1,read,mr-30d63777-602e-436c-89af-f006c04da6f6,,1723,QUORUM,ONE,cassandra-2,True,False,4.522,2026-09-16T06:24:16.552270+00:00,
30d63777-602e-436c-89af-f006c04da6f6,monotonic_reads,network_partition,reader-1,read,mr-30d63777-602e-436c-89af-f006c04da6f6,,1723,QUORUM,ONE,cassandra-3,True,False,4.564,2026-09-16T06:24:16.568427+00:00,
30d63777-602e-436c-89af-f006c04da6f6,monotonic_reads,network_partition,writer-1,write,mr-30d63777-602e-436c-89af-f006c04da6f6,1724,,,ONE,cassandra-1,True,False,1.94,2026-09-16T06:24:16.574862+00:00,
30d63777-602e-436c-89af-f006c04da6f6,monotonic_reads,network_partition,reader-1,read,mr-30d63777-602e-436c-89af-f006c04da6f6,,1724,QUORUM,ONE,cassandra-1,True,False,4.83,2026-09-16T06:24:16.585756+00:00,
30d63777-602e-436c-89af-f006c04da6f6,monotonic_reads,network_partition,writer-1,write,mr-30d63777-602e-436c-89af-f006c04da6f6,1725,,,ONE,cassandra-1,True,False,3.077,2026-09-16T06:24:16.602391+00:00,
30d63777-602e-436c-89af-f006c04da6f6,monotonic_reads,network_partition,reader-1,read,mr-30d63777-602e-436c-89af-f006c04da6f6,,1724,QUORUM,ONE,cassandra-2,True,False,5.35,2026-09-16T06:24:16.603631+00:00,
30d63777-602e-436c-89af-f006c04da6f6,monotonic_reads,network_partition,reader-1,read,mr-30d63777-602e-436c-89af-f006c04da6f6,,1725,QUORUM,ONE,cassandra-3,True,False,5.38,2026-09-16T06:24:16.621323+00:00,
30d63777-602e-436c-89af-f006c04da6f6,monotonic_reads,network_partition,writer-1,write,mr-30d63777-602e-436c-89af-f006c04da6f6,1726,,,ONE,cassandra-1,True,False,2.249,2026-09-16T06:24:16.629481+00:00,
30d63777-602e-436c-89af-f006c04da6f6,monotonic_reads,network_partition,reader-1,read,mr-30d63777-602e-436c-89af-f006c04da6f6,,1726,QUORUM,ONE,cassandra-1,True,False,4.2,2026-09-16T06:24:16.636132+00:00,
30d63777-602e-436c-89af-f006c04da6f6,monotonic_reads,network_partition,reader-1,read,mr-30d63777-602e-436c-89af-f006c04da6f6,,1726,QUORUM,ONE,cassandra-2,True,False,5.795,2026-09-16T06:24:16.653220+00:00,
30d63777-602e-436c-89af-f006c04da6f6,monotonic_reads,network_partition,writer-1,write,mr-30d63777-602e-436c-89af-f006c04da6f6,1727,,,ONE,cassandra-1,True,False,2.979,2026-09-16T06:24:16.656265+00:00,
30d63777-602e-436c-89af-f006c04da6f6,monotonic_reads,network_partition,reader-1,read,mr-30d63777-602e-436c-89af-f006c04da6f6,,1727,QUORUM,ONE,cassandra-3,True,False,5.183,2026-09-16T06:24:16.670276+00:00,
30d63777-602e-436c-89af-f006c04da6f6,monotonic_reads,network_partition,writer-1,write,mr-30d63777-602e-436c-89af-f006c04da6f6,1728,,,ONE,cassandra-1,True,False,3.334,2026-09-16T06:24:16.682330+00:00,
30d63777-602e-436c-89af-f006c04da6f6,monotonic_reads,network_partition,reader-1,read,mr-30d63777-602e-436c-89af-f006c04da6f6,,1728,QUORUM,ONE,cassandra-1,True,False,4.247,2026-09-16T06:24:16.686713+00:00,
30d63777-602e-436c-89af-f006c04da6f6,monotonic_reads,network_partition,reader-1,read,mr-30d63777-602e-436c-89af-f006c04da6f6,,1728,QUORUM,ONE,cassandra-2,True,False,4.748,2026-09-16T06:24:16.702715+00:00,
30d63777-602e-436c-89af-f006c04da6f6,monotonic_reads,network_partition,writer-1,write,mr-30d63777-602e-436c-89af-f006c04da6f6,1729,,,ONE,cassandra-1,True,False,3.788,2026-09-16T06:24:16.709718+00:00,
30d63777-602e-436c-89af-f006c04da6f6,monotonic_reads,network_partition,reader-1,read,mr-30d63777-602e-436c-89af-f006c04da6f6,,1729,QUORUM,ONE,cassandra-3,True,False,4.53,2026-09-16T06:24:16.718448+00:00,
30d63777-602e-436c-89af-f006c04da6f6,monotonic_reads,network_partition,reader-1,read,mr-30d63777-602e-436c-89af-f006c04da6f6,,1729,QUORUM,ONE,cassandra-1,True,False,5.806,2026-09-16T06:24:16.735743+00:00,
30d63777-602e-436c-89af-f006c04da6f6,monotonic_reads,network_partition,writer-1,write,mr-30d63777-602e-436c-89af-f006c04da6f6,1730,,,ONE,cassandra-1,True,False,3.298,2026-09-16T06:24:16.736054+00:00,
30d63777-602e-436c-89af-f006c04da6f6,monotonic_reads,network_partition,reader-1,read,mr-30d63777-602e-436c-89af-f006c04da6f6,,1730,QUORUM,ONE,cassandra-2,True,False,4.477,2026-09-16T06:24:16.751404+00:00,
30d63777-602e-436c-89af-f006c04da6f6,monotonic_reads,network_partition,writer-1,write,mr-30d63777-602e-436c-89af-f006c04da6f6,1731,,,ONE,cassandra-1,True,False,3.075,2026-09-16T06:24:16.763592+00:00,
30d63777-602e-436c-89af-f006c04da6f6,monotonic_reads,network_partition,reader-1,read,mr-30d63777-602e-436c-89af-f006c04da6f6,,1731,QUORUM,ONE,cassandra-3,True,False,7.405,2026-09-16T06:24:16.769379+00:00,
30d63777-602e-436c-89af-f006c04da6f6,monotonic_reads,network_partition,reader-1,read,mr-30d63777-602e-436c-89af-f006c04da6f6,,1731,QUORUM,ONE,cassandra-1,True,False,5.849,2026-09-16T06:24:16.785778+00:00,
30d63777-602e-436c-89af-f006c04da6f6,monotonic_reads,network_partition,writer-1,write,mr-30d63777-602e-436c-89af-f006c04da6f6,1732,,,ONE,cassandra-1,True,False,2.996,2026-09-16T06:24:16.789907+00:00,
30d63777-602e-436c-89af-f006c04da6f6,monotonic_reads,network_partition,reader-1,read,mr-30d63777-602e-436c-89af-f006c04da6f6,,1732,QUORUM,ONE,cassandra-2,True,False,4.572,2026-09-16T06:24:16.802513+00:00,
30d63777-602e-436c-89af-f006c04da6f6,monotonic_reads,network_partition,writer-1,write,mr-30d63777-602e-436c-89af-f006c04da6f6,1733,,,ONE,cassandra-1,True,False,3.13,2026-09-16T06:24:16.816684+00:00,
30d63777-602e-436c-89af-f006c04da6f6,monotonic_reads,network_partition,reader-1,read,mr-30d63777-602e-436c-89af-f006c04da6f6,,1733,QUORUM,ONE,cassandra-3,True,False,7.485,2026-09-16T06:24:16.820381+00:00,
30d63777-602e-436c-89af-f006c04da6f6,monotonic_reads,network_partition,reader-1,read,mr-30d63777-602e-436c-89af-f006c04da6f6,,1733,QUORUM,ONE,cassandra-1,True,False,2.805,2026-09-16T06:24:16.833726+00:00,
30d63777-602e-436c-89af-f006c04da6f6,monotonic_reads,network_partition,writer-1,write,mr-30d63777-602e-436c-89af-f006c04da6f6,1734,,,ONE,cassandra-1,True,False,4.037,2026-09-16T06:24:16.842927+00:00,
30d63777-602e-436c-89af-f006c04da6f6,monotonic_reads,network_partition,reader-1,read,mr-30d63777-602e-436c-89af-f006c04da6f6,,1734,QUORUM,ONE,cassandra-2,True,False,4.647,2026-09-16T06:24:16.850531+00:00,
30d63777-602e-436c-89af-f006c04da6f6,monotonic_reads,network_partition,reader-1,read,mr-30d63777-602e-436c-89af-f006c04da6f6,,1734,QUORUM,ONE,cassandra-3,True,False,4.712,2026-09-16T06:24:16.866620+00:00,
30d63777-602e-436c-89af-f006c04da6f6,monotonic_reads,network_partition,writer-1,write,mr-30d63777-602e-436c-89af-f006c04da6f6,1735,,,ONE,cassandra-1,True,False,3.73,2026-09-16T06:24:16.867012+00:00,
30d63777-602e-436c-89af-f006c04da6f6,monotonic_reads,network_partition,reader-1,read,mr-30d63777-602e-436c-89af-f006c04da6f6,,1735,QUORUM,ONE,cassandra-1,True,False,5.794,2026-09-16T06:24:16.883697+00:00,
30d63777-602e-436c-89af-f006c04da6f6,monotonic_reads,network_partition,writer-1,write,mr-30d63777-602e-436c-89af-f006c04da6f6,1736,,,ONE,cassandra-1,True,False,2.562,2026-09-16T06:24:16.893342+00:00,
30d63777-602e-436c-89af-f006c04da6f6,monotonic_reads,network_partition,reader-1,read,mr-30d63777-602e-436c-89af-f006c04da6f6,,1736,QUORUM,ONE,cassandra-2,True,False,4.628,2026-09-16T06:24:16.899375+00:00,
30d63777-602e-436c-89af-f006c04da6f6,monotonic_reads,network_partition,reader-1,read,mr-30d63777-602e-436c-89af-f006c04da6f6,,1736,QUORUM,ONE,cassandra-3,True,False,4.479,2026-09-16T06:24:16.914409+00:00,
30d63777-602e-436c-89af-f006c04da6f6,monotonic_reads,network_partition,writer-1,write,mr-30d63777-602e-436c-89af-f006c04da6f6,1737,,,ONE,cassandra-1,True,False,3.108,2026-09-16T06:24:16.921371+00:00,
30d63777-602e-436c-89af-f006c04da6f6,monotonic_reads,network_partition,reader-1,read,mr-30d63777-602e-436c-89af-f006c04da6f6,,1737,QUORUM,ONE,cassandra-1,True,False,4.814,2026-09-16T06:24:16.930757+00:00,
30d63777-602e-436c-89af-f006c04da6f6,monotonic_reads,network_partition,writer-1,write,mr-30d63777-602e-436c-89af-f006c04da6f6,1738,,,ONE,cassandra-1,True,False,3.943,2026-09-16T06:24:16.946885+00:00,
30d63777-602e-436c-89af-f006c04da6f6,monotonic_reads,network_partition,reader-1,read,mr-30d63777-602e-436c-89af-f006c04da6f6,,1737,QUORUM,ONE,cassandra-2,True,False,5.002,2026-09-16T06:24:16.948407+00:00,
30d63777-602e-436c-89af-f006c04da6f6,monotonic_reads,network_partition,reader-1,read,mr-30d63777-602e-436c-89af-f006c04da6f6,,1738,QUORUM,ONE,cassandra-3,True,False,5.651,2026-09-16T06:24:16.964603+00:00,
30d63777-602e-436c-89af-f006c04da6f6,monotonic_reads,network_partition,writer-1,write,mr-30d63777-602e-436c-89af-f006c04da6f6,1739,,,ONE,cassandra-1,True,False,2.769,2026-09-16T06:24:16.970680+00:00,
30d63777-602e-436c-89af-f006c04da6f6,monotonic_reads,network_partition,reader-1,read,mr-30d63777-602e-436c-89af-f006c04da6f6,,1739,QUORUM,ONE,cassandra-1,True,False,4.234,2026-09-16T06:24:16.981410+00:00,
30d63777-602e-436c-89af-f006c04da6f6,monotonic_reads,network_partition,writer-1,write,mr-30d63777-602e-436c-89af-f006c04da6f6,1740,,,ONE,cassandra-1,True,False,2.957,2026-09-16T06:24:16.993889+00:00,
30d63777-602e-436c-89af-f006c04da6f6,monotonic_reads,network_partition,reader-1,read,mr-30d63777-602e-436c-89af-f006c04da6f6,,1740,QUORUM,ONE,cassandra-2,True,False,4.729,2026-09-16T06:24:16.998720+00:00,
30d63777-602e-436c-89af-f006c04da6f6,monotonic_reads,network_partition,reader-1,read,mr-30d63777-602e-436c-89af-f006c04da6f6,,1740,QUORUM,ONE,cassandra-3,True,False,9.375,2026-09-16T06:24:17.020847+00:00,
30d63777-602e-436c-89af-f006c04da6f6,monotonic_reads,network_partition,writer-1,write,mr-30d63777-602e-436c-89af-f006c04da6f6,1741,,,ONE,cassandra-1,True,False,3.804,2026-09-16T06:24:17.021550+00:00,
30d63777-602e-436c-89af-f006c04da6f6,monotonic_reads,network_partition,reader-1,read,mr-30d63777-602e-436c-89af-f006c04da6f6,,1741,QUORUM,ONE,cassandra-1,True,False,5.296,2026-09-16T06:24:17.037164+00:00,
30d63777-602e-436c-89af-f006c04da6f6,monotonic_reads,network_partition,writer-1,write,mr-30d63777-602e-436c-89af-f006c04da6f6,1742,,,ONE,cassandra-1,True,False,2.931,2026-09-16T06:24:17.044846+00:00,
30d63777-602e-436c-89af-f006c04da6f6,monotonic_reads,network_partition,reader-1,read,mr-30d63777-602e-436c-89af-f006c04da6f6,,1742,QUORUM,ONE,cassandra-2,True,False,4.519,2026-09-16T06:24:17.052431+00:00,
30d63777-602e-436c-89af-f006c04da6f6,monotonic_reads,network_partition,reader-1,read,mr-30d63777-602e-436c-89af-f006c04da6f6,,1742,QUORUM,ONE,cassandra-3,True,False,5.031,2026-09-16T06:24:17.070093+00:00,
30d63777-602e-436c-89af-f006c04da6f6,monotonic_reads,network_partition,writer-1,write,mr-30d63777-602e-436c-89af-f006c04da6f6,1743,,,ONE,cassandra-1,True,False,1.969,2026-09-16T06:24:17.070261+00:00,
30d63777-602e-436c-89af-f006c04da6f6,monotonic_reads,network_partition,reader-1,read,mr-30d63777-602e-436c-89af-f006c04da6f6,,1743,QUORUM,ONE,cassandra-1,True,False,5.771,2026-09-16T06:24:17.086725+00:00,
30d63777-602e-436c-89af-f006c04da6f6,monotonic_reads,network_partition,writer-1,write,mr-30d63777-602e-436c-89af-f006c04da6f6,1744,,,ONE,cassandra-1,True,False,3.525,2026-09-16T06:24:17.097452+00:00,
30d63777-602e-436c-89af-f006c04da6f6,monotonic_reads,network_partition,reader-1,read,mr-30d63777-602e-436c-89af-f006c04da6f6,,1744,QUORUM,ONE,cassandra-2,True,False,4.427,2026-09-16T06:24:17.103420+00:00,
30d63777-602e-436c-89af-f006c04da6f6,monotonic_reads,network_partition,reader-1,read,mr-30d63777-602e-436c-89af-f006c04da6f6,,1744,QUORUM,ONE,cassandra-3,True,False,6.686,2026-09-16T06:24:17.122643+00:00,
30d63777-602e-436c-89af-f006c04da6f6,monotonic_reads,network_partition,writer-1,write,mr-30d63777-602e-436c-89af-f006c04da6f6,1745,,,ONE,cassandra-1,True,False,3.629,2026-09-16T06:24:17.122992+00:00,
30d63777-602e-436c-89af-f006c04da6f6,monotonic_reads,network_partition,reader-1,read,mr-30d63777-602e-436c-89af-f006c04da6f6,,1745,QUORUM,ONE,cassandra-1,True,False,6.665,2026-09-16T06:24:17.140517+00:00,
30d63777-602e-436c-89af-f006c04da6f6,monotonic_reads,network_partition,writer-1,write,mr-30d63777-602e-436c-89af-f006c04da6f6,1746,,,ONE,cassandra-1,True,False,8.272,2026-09-16T06:24:17.153540+00:00,
30d63777-602e-436c-89af-f006c04da6f6,monotonic_reads,network_partition,reader-1,read,mr-30d63777-602e-436c-89af-f006c04da6f6,,1746,QUORUM,ONE,cassandra-2,True,False,4.195,2026-09-16T06:24:17.157126+00:00,
30d63777-602e-436c-89af-f006c04da6f6,monotonic_reads,network_partition,reader-1,read,mr-30d63777-602e-436c-89af-f006c04da6f6,,1746,QUORUM,ONE,cassandra-3,True,False,4.17,2026-09-16T06:24:17.173104+00:00,
30d63777-602e-436c-89af-f006c04da6f6,monotonic_reads,network_partition,writer-1,write,mr-30d63777-602e-436c-89af-f006c04da6f6,1747,,,ONE,cassandra-1,True,False,3.103,2026-09-16T06:24:17.181591+00:00,
30d63777-602e-436c-89af-f006c04da6f6,monotonic_reads,network_partition,reader-1,read,mr-30d63777-602e-436c-89af-f006c04da6f6,,1747,QUORUM,ONE,cassandra-1,True,False,5.969,2026-09-16T06:24:17.190954+00:00,
30d63777-602e-436c-89af-f006c04da6f6,monotonic_reads,network_partition,writer-1,write,mr-30d63777-602e-436c-89af-f006c04da6f6,1748,,,ONE,cassandra-1,True,False,3.937,2026-09-16T06:24:17.208241+00:00,
30d63777-602e-436c-89af-f006c04da6f6,monotonic_reads,network_partition,reader-1,read,mr-30d63777-602e-436c-89af-f006c04da6f6,,1747,QUORUM,ONE,cassandra-2,True,False,6.239,2026-09-16T06:24:17.209033+00:00,
30d63777-602e-436c-89af-f006c04da6f6,monotonic_reads,network_partition,reader-1,read,mr-30d63777-602e-436c-89af-f006c04da6f6,,1748,QUORUM,ONE,cassandra-3,True,False,3.814,2026-09-16T06:24:17.225128+00:00,
30d63777-602e-436c-89af-f006c04da6f6,monotonic_reads,network_partition,writer-1,write,mr-30d63777-602e-436c-89af-f006c04da6f6,1749,,,ONE,cassandra-1,True,False,1.766,2026-09-16T06:24:17.231670+00:00,
30d63777-602e-436c-89af-f006c04da6f6,monotonic_reads,network_partition,reader-1,read,mr-30d63777-602e-436c-89af-f006c04da6f6,,1749,QUORUM,ONE,cassandra-1,True,False,4.741,2026-09-16T06:24:17.240623+00:00,
30d63777-602e-436c-89af-f006c04da6f6,monotonic_reads,network_partition,reader-1,read,mr-30d63777-602e-436c-89af-f006c04da6f6,,1749,QUORUM,ONE,cassandra-2,True,False,2.972,2026-09-16T06:24:17.254992+00:00,
30d63777-602e-436c-89af-f006c04da6f6,monotonic_reads,network_partition,writer-1,write,mr-30d63777-602e-436c-89af-f006c04da6f6,1750,,,ONE,cassandra-1,True,False,0.985,2026-09-16T06:24:17.256512+00:00,
30d63777-602e-436c-89af-f006c04da6f6,monotonic_reads,network_partition,reader-1,read,mr-30d63777-602e-436c-89af-f006c04da6f6,,1750,QUORUM,ONE,cassandra-3,True,False,3.436,2026-09-16T06:24:17.271088+00:00,
30d63777-602e-436c-89af-f006c04da6f6,monotonic_reads,network_partition,writer-1,write,mr-30d63777-602e-436c-89af-f006c04da6f6,1751,,,ONE,cassandra-1,True,False,1.298,2026-09-16T06:24:17.282169+00:00,
30d63777-602e-436c-89af-f006c04da6f6,monotonic_reads,network_partition,reader-1,read,mr-30d63777-602e-436c-89af-f006c04da6f6,,1751,QUORUM,ONE,cassandra-1,True,False,4.066,2026-09-16T06:24:17.286740+00:00,
30d63777-602e-436c-89af-f006c04da6f6,monotonic_reads,network_partition,reader-1,read,mr-30d63777-602e-436c-89af-f006c04da6f6,,1751,QUORUM,ONE,cassandra-2,True,False,4.0,2026-09-16T06:24:17.301998+00:00,
30d63777-602e-436c-89af-f006c04da6f6,monotonic_reads,network_partition,writer-1,write,mr-30d63777-602e-436c-89af-f006c04da6f6,1752,,,ONE,cassandra-1,True,False,1.642,2026-09-16T06:24:17.305442+00:00,
30d63777-602e-436c-89af-f006c04da6f6,monotonic_reads,network_partition,reader-1,read,mr-30d63777-602e-436c-89af-f006c04da6f6,,1752,QUORUM,ONE,cassandra-3,True,False,4.215,2026-09-16T06:24:17.318846+00:00,
30d63777-602e-436c-89af-f006c04da6f6,monotonic_reads,network_partition,writer-1,write,mr-30d63777-602e-436c-89af-f006c04da6f6,1753,,,ONE,cassandra-1,True,False,1.45,2026-09-16T06:24:17.329687+00:00,
30d63777-602e-436c-89af-f006c04da6f6,monotonic_reads,network_partition,reader-1,read,mr-30d63777-602e-436c-89af-f006c04da6f6,,1753,QUORUM,ONE,cassandra-1,True,False,4.313,2026-09-16T06:24:17.335795+00:00,
30d63777-602e-436c-89af-f006c04da6f6,monotonic_reads,network_partition,reader-1,read,mr-30d63777-602e-436c-89af-f006c04da6f6,,1753,QUORUM,ONE,cassandra-2,True,False,2.776,2026-09-16T06:24:17.350663+00:00,
30d63777-602e-436c-89af-f006c04da6f6,monotonic_reads,network_partition,writer-1,write,mr-30d63777-602e-436c-89af-f006c04da6f6,1754,,,ONE,cassandra-1,True,False,1.554,2026-09-16T06:24:17.353366+00:00,
30d63777-602e-436c-89af-f006c04da6f6,monotonic_reads,network_partition,reader-1,read,mr-30d63777-602e-436c-89af-f006c04da6f6,,1754,QUORUM,ONE,cassandra-3,True,False,3.471,2026-09-16T06:24:17.365888+00:00,
30d63777-602e-436c-89af-f006c04da6f6,monotonic_reads,network_partition,writer-1,write,mr-30d63777-602e-436c-89af-f006c04da6f6,1755,,,ONE,cassandra-1,True,False,1.022,2026-09-16T06:24:17.378180+00:00,
30d63777-602e-436c-89af-f006c04da6f6,monotonic_reads,network_partition,reader-1,read,mr-30d63777-602e-436c-89af-f006c04da6f6,,1755,QUORUM,ONE,cassandra-1,True,False,3.145,2026-09-16T06:24:17.381499+00:00,
30d63777-602e-436c-89af-f006c04da6f6,monotonic_reads,network_partition,reader-1,read,mr-30d63777-602e-436c-89af-f006c04da6f6,,1755,QUORUM,ONE,cassandra-2,True,False,3.542,2026-09-16T06:24:17.397691+00:00,
30d63777-602e-436c-89af-f006c04da6f6,monotonic_reads,network_partition,writer-1,write,mr-30d63777-602e-436c-89af-f006c04da6f6,1756,,,ONE,cassandra-1,True,False,1.731,2026-09-16T06:24:17.403395+00:00,
30d63777-602e-436c-89af-f006c04da6f6,monotonic_reads,network_partition,reader-1,read,mr-30d63777-602e-436c-89af-f006c04da6f6,,1756,QUORUM,ONE,cassandra-3,True,False,4.415,2026-09-16T06:24:17.414313+00:00,
30d63777-602e-436c-89af-f006c04da6f6,monotonic_reads,network_partition,writer-1,write,mr-30d63777-602e-436c-89af-f006c04da6f6,1757,,,ONE,cassandra-1,True,False,3.516,2026-09-16T06:24:17.428378+00:00,
30d63777-602e-436c-89af-f006c04da6f6,monotonic_reads,network_partition,reader-1,read,mr-30d63777-602e-436c-89af-f006c04da6f6,,1757,QUORUM,ONE,cassandra-1,True,False,3.987,2026-09-16T06:24:17.430924+00:00,
30d63777-602e-436c-89af-f006c04da6f6,monotonic_reads,network_partition,reader-1,read,mr-30d63777-602e-436c-89af-f006c04da6f6,,1757,QUORUM,ONE,cassandra-2,True,False,4.356,2026-09-16T06:24:17.446292+00:00,
30d63777-602e-436c-89af-f006c04da6f6,monotonic_reads,network_partition,writer-1,write,mr-30d63777-602e-436c-89af-f006c04da6f6,1758,,,ONE,cassandra-1,True,False,2.919,2026-09-16T06:24:17.456357+00:00,
30d63777-602e-436c-89af-f006c04da6f6,monotonic_reads,network_partition,reader-1,read,mr-30d63777-602e-436c-89af-f006c04da6f6,,1758,QUORUM,ONE,cassandra-3,True,False,4.355,2026-09-16T06:24:17.462283+00:00,
30d63777-602e-436c-89af-f006c04da6f6,monotonic_reads,network_partition,reader-1,read,mr-30d63777-602e-436c-89af-f006c04da6f6,,1758,QUORUM,ONE,cassandra-1,True,False,4.088,2026-09-16T06:24:17.477011+00:00,
30d63777-602e-436c-89af-f006c04da6f6,monotonic_reads,network_partition,writer-1,write,mr-30d63777-602e-436c-89af-f006c04da6f6,1759,,,ONE,cassandra-1,True,False,2.49,2026-09-16T06:24:17.483408+00:00,
30d63777-602e-436c-89af-f006c04da6f6,monotonic_reads,network_partition,reader-1,read,mr-30d63777-602e-436c-89af-f006c04da6f6,,1759,QUORUM,ONE,cassandra-2,True,False,4.503,2026-09-16T06:24:17.494164+00:00,
30d63777-602e-436c-89af-f006c04da6f6,monotonic_reads,network_partition,writer-1,write,mr-30d63777-602e-436c-89af-f006c04da6f6,1760,,,ONE,cassandra-1,True,False,2.903,2026-09-16T06:24:17.510404+00:00,
30d63777-602e-436c-89af-f006c04da6f6,monotonic_reads,network_partition,reader-1,read,mr-30d63777-602e-436c-89af-f006c04da6f6,,1759,QUORUM,ONE,cassandra-3,True,False,5.407,2026-09-16T06:24:17.512242+00:00,
30d63777-602e-436c-89af-f006c04da6f6,monotonic_reads,network_partition,reader-1,read,mr-30d63777-602e-436c-89af-f006c04da6f6,,1760,QUORUM,ONE,cassandra-1,True,False,5.528,2026-09-16T06:24:17.528534+00:00,
30d63777-602e-436c-89af-f006c04da6f6,monotonic_reads,network_partition,writer-1,write,mr-30d63777-602e-436c-89af-f006c04da6f6,1761,,,ONE,cassandra-1,True,False,3.929,2026-09-16T06:24:17.538853+00:00,
30d63777-602e-436c-89af-f006c04da6f6,monotonic_reads,network_partition,reader-1,read,mr-30d63777-602e-436c-89af-f006c04da6f6,,1761,QUORUM,ONE,cassandra-2,True,False,5.089,2026-09-16T06:24:17.546320+00:00,
30d63777-602e-436c-89af-f006c04da6f6,monotonic_reads,network_partition,writer-1,write,mr-30d63777-602e-436c-89af-f006c04da6f6,1762,,,ONE,cassandra-1,True,False,2.567,2026-09-16T06:24:17.562084+00:00,
30d63777-602e-436c-89af-f006c04da6f6,monotonic_reads,network_partition,reader-1,read,mr-30d63777-602e-436c-89af-f006c04da6f6,,1761,QUORUM,ONE,cassandra-3,True,False,4.715,2026-09-16T06:24:17.563643+00:00,
30d63777-602e-436c-89af-f006c04da6f6,monotonic_reads,network_partition,reader-1,read,mr-30d63777-602e-436c-89af-f006c04da6f6,,1762,QUORUM,ONE,cassandra-1,True,False,5.289,2026-09-16T06:24:17.579201+00:00,
30d63777-602e-436c-89af-f006c04da6f6,monotonic_reads,network_partition,writer-1,write,mr-30d63777-602e-436c-89af-f006c04da6f6,1763,,,ONE,cassandra-1,True,False,3.454,2026-09-16T06:24:17.586366+00:00,
30d63777-602e-436c-89af-f006c04da6f6,monotonic_reads,network_partition,reader-1,read,mr-30d63777-602e-436c-89af-f006c04da6f6,,1763,QUORUM,ONE,cassandra-2,True,False,5.33,2026-09-16T06:24:17.595248+00:00,
30d63777-602e-436c-89af-f006c04da6f6,monotonic_reads,network_partition,reader-1,read,mr-30d63777-602e-436c-89af-f006c04da6f6,,1763,QUORUM,ONE,cassandra-3,True,False,6.674,2026-09-16T06:24:17.612609+00:00,
30d63777-602e-436c-89af-f006c04da6f6,monotonic_reads,network_partition,writer-1,write,mr-30d63777-602e-436c-89af-f006c04da6f6,1764,,,ONE,cassandra-1,True,False,3.053,2026-09-16T06:24:17.612949+00:00,
30d63777-602e-436c-89af-f006c04da6f6,monotonic_reads,network_partition,reader-1,read,mr-30d63777-602e-436c-89af-f006c04da6f6,,1764,QUORUM,ONE,cassandra-1,True,False,5.506,2026-09-16T06:24:17.629471+00:00,
30d63777-602e-436c-89af-f006c04da6f6,monotonic_reads,network_partition,writer-1,write,mr-30d63777-602e-436c-89af-f006c04da6f6,1765,,,ONE,cassandra-1,True,False,2.587,2026-09-16T06:24:17.638341+00:00,
30d63777-602e-436c-89af-f006c04da6f6,monotonic_reads,network_partition,reader-1,read,mr-30d63777-602e-436c-89af-f006c04da6f6,,1765,QUORUM,ONE,cassandra-2,True,False,12.31,2026-09-16T06:24:17.654480+00:00,
30d63777-602e-436c-89af-f006c04da6f6,monotonic_reads,network_partition,writer-1,write,mr-30d63777-602e-436c-89af-f006c04da6f6,1766,,,ONE,cassandra-1,True,False,2.967,2026-09-16T06:24:17.665566+00:00,
30d63777-602e-436c-89af-f006c04da6f6,monotonic_reads,network_partition,reader-1,read,mr-30d63777-602e-436c-89af-f006c04da6f6,,1766,QUORUM,ONE,cassandra-3,True,False,4.724,2026-09-16T06:24:17.669643+00:00,
30d63777-602e-436c-89af-f006c04da6f6,monotonic_reads,network_partition,reader-1,read,mr-30d63777-602e-436c-89af-f006c04da6f6,,1766,QUORUM,ONE,cassandra-1,True,False,5.881,2026-09-16T06:24:17.687835+00:00,
30d63777-602e-436c-89af-f006c04da6f6,monotonic_reads,network_partition,writer-1,write,mr-30d63777-602e-436c-89af-f006c04da6f6,1767,,,ONE,cassandra-1,True,False,4.208,2026-09-16T06:24:17.690861+00:00,
30d63777-602e-436c-89af-f006c04da6f6,monotonic_reads,network_partition,reader-1,read,mr-30d63777-602e-436c-89af-f006c04da6f6,,1767,QUORUM,ONE,cassandra-2,True,False,5.069,2026-09-16T06:24:17.703755+00:00,
30d63777-602e-436c-89af-f006c04da6f6,monotonic_reads,network_partition,writer-1,write,mr-30d63777-602e-436c-89af-f006c04da6f6,1768,,,ONE,cassandra-1,True,False,2.313,2026-09-16T06:24:17.715238+00:00,
30d63777-602e-436c-89af-f006c04da6f6,monotonic_reads,network_partition,reader-1,read,mr-30d63777-602e-436c-89af-f006c04da6f6,,1768,QUORUM,ONE,cassandra-3,True,False,4.239,2026-09-16T06:24:17.720065+00:00,
30d63777-602e-436c-89af-f006c04da6f6,monotonic_reads,network_partition,reader-1,read,mr-30d63777-602e-436c-89af-f006c04da6f6,,1768,QUORUM,ONE,cassandra-1,True,False,4.14,2026-09-16T06:24:17.735913+00:00,
30d63777-602e-436c-89af-f006c04da6f6,monotonic_reads,network_partition,writer-1,write,mr-30d63777-602e-436c-89af-f006c04da6f6,1769,,,ONE,cassandra-1,True,False,2.947,2026-09-16T06:24:17.743337+00:00,
30d63777-602e-436c-89af-f006c04da6f6,monotonic_reads,network_partition,reader-1,read,mr-30d63777-602e-436c-89af-f006c04da6f6,,1769,QUORUM,ONE,cassandra-2,True,False,4.632,2026-09-16T06:24:17.752076+00:00,
30d63777-602e-436c-89af-f006c04da6f6,monotonic_reads,network_partition,writer-1,write,mr-30d63777-602e-436c-89af-f006c04da6f6,1770,,,ONE,cassandra-1,True,False,2.112,2026-09-16T06:24:17.767037+00:00,
30d63777-602e-436c-89af-f006c04da6f6,monotonic_reads,network_partition,reader-1,read,mr-30d63777-602e-436c-89af-f006c04da6f6,,1769,QUORUM,ONE,cassandra-3,True,False,4.654,2026-09-16T06:24:17.768199+00:00,
30d63777-602e-436c-89af-f006c04da6f6,monotonic_reads,network_partition,reader-1,read,mr-30d63777-602e-436c-89af-f006c04da6f6,,1770,QUORUM,ONE,cassandra-1,True,False,4.372,2026-09-16T06:24:17.783295+00:00,
30d63777-602e-436c-89af-f006c04da6f6,monotonic_reads,network_partition,writer-1,write,mr-30d63777-602e-436c-89af-f006c04da6f6,1771,,,ONE,cassandra-1,True,False,3.711,2026-09-16T06:24:17.792649+00:00,
30d63777-602e-436c-89af-f006c04da6f6,monotonic_reads,network_partition,reader-1,read,mr-30d63777-602e-436c-89af-f006c04da6f6,,1771,QUORUM,ONE,cassandra-2,True,False,4.623,2026-09-16T06:24:17.798476+00:00,
30d63777-602e-436c-89af-f006c04da6f6,monotonic_reads,network_partition,reader-1,read,mr-30d63777-602e-436c-89af-f006c04da6f6,,1771,QUORUM,ONE,cassandra-3,True,False,7.392,2026-09-16T06:24:17.818312+00:00,
30d63777-602e-436c-89af-f006c04da6f6,monotonic_reads,network_partition,writer-1,write,mr-30d63777-602e-436c-89af-f006c04da6f6,1772,,,ONE,cassandra-1,True,False,2.681,2026-09-16T06:24:17.818577+00:00,
30d63777-602e-436c-89af-f006c04da6f6,monotonic_reads,network_partition,reader-1,read,mr-30d63777-602e-436c-89af-f006c04da6f6,,1772,QUORUM,ONE,cassandra-1,True,False,4.977,2026-09-16T06:24:17.834394+00:00,
30d63777-602e-436c-89af-f006c04da6f6,monotonic_reads,network_partition,writer-1,write,mr-30d63777-602e-436c-89af-f006c04da6f6,1773,,,ONE,cassandra-1,True,False,4.497,2026-09-16T06:24:17.845432+00:00,
30d63777-602e-436c-89af-f006c04da6f6,monotonic_reads,network_partition,reader-1,read,mr-30d63777-602e-436c-89af-f006c04da6f6,,1773,QUORUM,ONE,cassandra-2,True,False,5.519,2026-09-16T06:24:17.850591+00:00,
30d63777-602e-436c-89af-f006c04da6f6,monotonic_reads,network_partition,reader-1,read,mr-30d63777-602e-436c-89af-f006c04da6f6,,1773,QUORUM,ONE,cassandra-3,True,False,5.208,2026-09-16T06:24:17.866144+00:00,
30d63777-602e-436c-89af-f006c04da6f6,monotonic_reads,network_partition,writer-1,write,mr-30d63777-602e-436c-89af-f006c04da6f6,1774,,,ONE,cassandra-1,True,False,2.869,2026-09-16T06:24:17.872046+00:00,
30d63777-602e-436c-89af-f006c04da6f6,monotonic_reads,network_partition,reader-1,read,mr-30d63777-602e-436c-89af-f006c04da6f6,,1774,QUORUM,ONE,cassandra-1,True,False,4.501,2026-09-16T06:24:17.882415+00:00,
30d63777-602e-436c-89af-f006c04da6f6,monotonic_reads,network_partition,writer-1,write,mr-30d63777-602e-436c-89af-f006c04da6f6,1775,,,ONE,cassandra-1,True,False,2.937,2026-09-16T06:24:17.896769+00:00,
30d63777-602e-436c-89af-f006c04da6f6,monotonic_reads,network_partition,reader-1,read,mr-30d63777-602e-436c-89af-f006c04da6f6,,1774,QUORUM,ONE,cassandra-2,True,False,4.497,2026-09-16T06:24:17.897414+00:00,
30d63777-602e-436c-89af-f006c04da6f6,monotonic_reads,network_partition,reader-1,read,mr-30d63777-602e-436c-89af-f006c04da6f6,,1775,QUORUM,ONE,cassandra-3,True,False,3.872,2026-09-16T06:24:17.911802+00:00,
30d63777-602e-436c-89af-f006c04da6f6,monotonic_reads,network_partition,writer-1,write,mr-30d63777-602e-436c-89af-f006c04da6f6,1776,,,ONE,cassandra-1,True,False,1.805,2026-09-16T06:24:17.921665+00:00,
30d63777-602e-436c-89af-f006c04da6f6,monotonic_reads,network_partition,reader-1,read,mr-30d63777-602e-436c-89af-f006c04da6f6,,1776,QUORUM,ONE,cassandra-1,True,False,4.751,2026-09-16T06:24:17.927653+00:00,
30d63777-602e-436c-89af-f006c04da6f6,monotonic_reads,network_partition,reader-1,read,mr-30d63777-602e-436c-89af-f006c04da6f6,,1776,QUORUM,ONE,cassandra-2,True,False,5.263,2026-09-16T06:24:17.944175+00:00,
30d63777-602e-436c-89af-f006c04da6f6,monotonic_reads,network_partition,writer-1,write,mr-30d63777-602e-436c-89af-f006c04da6f6,1777,,,ONE,cassandra-1,True,False,2.963,2026-09-16T06:24:17.947234+00:00,
30d63777-602e-436c-89af-f006c04da6f6,monotonic_reads,network_partition,reader-1,read,mr-30d63777-602e-436c-89af-f006c04da6f6,,1777,QUORUM,ONE,cassandra-3,True,False,4.578,2026-09-16T06:24:17.959529+00:00,
30d63777-602e-436c-89af-f006c04da6f6,monotonic_reads,network_partition,writer-1,write,mr-30d63777-602e-436c-89af-f006c04da6f6,1778,,,ONE,cassandra-1,True,False,3.229,2026-09-16T06:24:17.974090+00:00,
30d63777-602e-436c-89af-f006c04da6f6,monotonic_reads,network_partition,reader-1,read,mr-30d63777-602e-436c-89af-f006c04da6f6,,1777,QUORUM,ONE,cassandra-1,True,False,3.861,2026-09-16T06:24:17.975269+00:00,
30d63777-602e-436c-89af-f006c04da6f6,monotonic_reads,network_partition,reader-1,read,mr-30d63777-602e-436c-89af-f006c04da6f6,,1778,QUORUM,ONE,cassandra-2,True,False,4.505,2026-09-16T06:24:17.990439+00:00,
30d63777-602e-436c-89af-f006c04da6f6,monotonic_reads,network_partition,writer-1,write,mr-30d63777-602e-436c-89af-f006c04da6f6,1779,,,ONE,cassandra-1,True,False,4.582,2026-09-16T06:24:18.003474+00:00,
30d63777-602e-436c-89af-f006c04da6f6,monotonic_reads,network_partition,reader-1,read,mr-30d63777-602e-436c-89af-f006c04da6f6,,1779,QUORUM,ONE,cassandra-3,True,False,4.165,2026-09-16T06:24:18.006950+00:00,
30d63777-602e-436c-89af-f006c04da6f6,monotonic_reads,network_partition,reader-1,read,mr-30d63777-602e-436c-89af-f006c04da6f6,,1779,QUORUM,ONE,cassandra-1,True,False,6.069,2026-09-16T06:24:18.024986+00:00,
30d63777-602e-436c-89af-f006c04da6f6,monotonic_reads,network_partition,writer-1,write,mr-30d63777-602e-436c-89af-f006c04da6f6,1780,,,ONE,cassandra-1,True,False,2.429,2026-09-16T06:24:18.027467+00:00,
30d63777-602e-436c-89af-f006c04da6f6,monotonic_reads,network_partition,reader-1,read,mr-30d63777-602e-436c-89af-f006c04da6f6,,1780,QUORUM,ONE,cassandra-2,True,False,3.667,2026-09-16T06:24:18.039694+00:00,
30d63777-602e-436c-89af-f006c04da6f6,monotonic_reads,network_partition,writer-1,write,mr-30d63777-602e-436c-89af-f006c04da6f6,1781,,,ONE,cassandra-1,True,False,1.655,2026-09-16T06:24:18.049593+00:00,
30d63777-602e-436c-89af-f006c04da6f6,monotonic_reads,network_partition,reader-1,read,mr-30d63777-602e-436c-89af-f006c04da6f6,,1781,QUORUM,ONE,cassandra-3,True,False,6.111,2026-09-16T06:24:18.057763+00:00,
30d63777-602e-436c-89af-f006c04da6f6,monotonic_reads,network_partition,reader-1,read,mr-30d63777-602e-436c-89af-f006c04da6f6,,1781,QUORUM,ONE,cassandra-1,True,False,2.52,2026-09-16T06:24:18.071455+00:00,
30d63777-602e-436c-89af-f006c04da6f6,monotonic_reads,network_partition,writer-1,write,mr-30d63777-602e-436c-89af-f006c04da6f6,1782,,,ONE,cassandra-1,True,False,2.745,2026-09-16T06:24:18.074242+00:00,
30d63777-602e-436c-89af-f006c04da6f6,monotonic_reads,network_partition,reader-1,read,mr-30d63777-602e-436c-89af-f006c04da6f6,,1782,QUORUM,ONE,cassandra-2,True,False,3.36,2026-09-16T06:24:18.085511+00:00,
30d63777-602e-436c-89af-f006c04da6f6,monotonic_reads,network_partition,writer-1,write,mr-30d63777-602e-436c-89af-f006c04da6f6,1783,,,ONE,cassandra-1,True,False,1.49,2026-09-16T06:24:18.099389+00:00,
30d63777-602e-436c-89af-f006c04da6f6,monotonic_reads,network_partition,reader-1,read,mr-30d63777-602e-436c-89af-f006c04da6f6,,1782,QUORUM,ONE,cassandra-3,True,False,3.225,2026-09-16T06:24:18.101354+00:00,
30d63777-602e-436c-89af-f006c04da6f6,monotonic_reads,network_partition,reader-1,read,mr-30d63777-602e-436c-89af-f006c04da6f6,,1783,QUORUM,ONE,cassandra-1,True,False,3.717,2026-09-16T06:24:18.115706+00:00,
30d63777-602e-436c-89af-f006c04da6f6,monotonic_reads,network_partition,writer-1,write,mr-30d63777-602e-436c-89af-f006c04da6f6,1784,,,ONE,cassandra-1,True,False,2.143,2026-09-16T06:24:18.126288+00:00,
30d63777-602e-436c-89af-f006c04da6f6,monotonic_reads,network_partition,reader-1,read,mr-30d63777-602e-436c-89af-f006c04da6f6,,1784,QUORUM,ONE,cassandra-2,True,False,3.433,2026-09-16T06:24:18.131541+00:00,
30d63777-602e-436c-89af-f006c04da6f6,monotonic_reads,network_partition,reader-1,read,mr-30d63777-602e-436c-89af-f006c04da6f6,,1784,QUORUM,ONE,cassandra-3,True,False,2.535,2026-09-16T06:24:18.146362+00:00,
30d63777-602e-436c-89af-f006c04da6f6,monotonic_reads,network_partition,writer-1,write,mr-30d63777-602e-436c-89af-f006c04da6f6,1785,,,ONE,cassandra-1,True,False,0.867,2026-09-16T06:24:18.151020+00:00,
30d63777-602e-436c-89af-f006c04da6f6,monotonic_reads,network_partition,reader-1,read,mr-30d63777-602e-436c-89af-f006c04da6f6,,1785,QUORUM,ONE,cassandra-1,True,False,3.625,2026-09-16T06:24:18.162572+00:00,
30d63777-602e-436c-89af-f006c04da6f6,monotonic_reads,network_partition,writer-1,write,mr-30d63777-602e-436c-89af-f006c04da6f6,1786,,,ONE,cassandra-1,True,False,1.279,2026-09-16T06:24:18.174745+00:00,
30d63777-602e-436c-89af-f006c04da6f6,monotonic_reads,network_partition,reader-1,read,mr-30d63777-602e-436c-89af-f006c04da6f6,,1786,QUORUM,ONE,cassandra-2,True,False,3.393,2026-09-16T06:24:18.178554+00:00,
30d63777-602e-436c-89af-f006c04da6f6,monotonic_reads,network_partition,reader-1,read,mr-30d63777-602e-436c-89af-f006c04da6f6,,1786,QUORUM,ONE,cassandra-3,True,False,3.325,2026-09-16T06:24:18.194481+00:00,
30d63777-602e-436c-89af-f006c04da6f6,monotonic_reads,network_partition,writer-1,write,mr-30d63777-602e-436c-89af-f006c04da6f6,1787,,,ONE,cassandra-1,True,False,1.065,2026-09-16T06:24:18.200241+00:00,
30d63777-602e-436c-89af-f006c04da6f6,monotonic_reads,network_partition,reader-1,read,mr-30d63777-602e-436c-89af-f006c04da6f6,,1787,QUORUM,ONE,cassandra-1,True,False,3.608,2026-09-16T06:24:18.208498+00:00,
30d63777-602e-436c-89af-f006c04da6f6,monotonic_reads,network_partition,reader-1,read,mr-30d63777-602e-436c-89af-f006c04da6f6,,1787,QUORUM,ONE,cassandra-2,True,False,4.003,2026-09-16T06:24:18.225164+00:00,
30d63777-602e-436c-89af-f006c04da6f6,monotonic_reads,network_partition,writer-1,write,mr-30d63777-602e-436c-89af-f006c04da6f6,1788,,,ONE,cassandra-1,True,False,2.523,2026-09-16T06:24:18.225226+00:00,
30d63777-602e-436c-89af-f006c04da6f6,monotonic_reads,network_partition,reader-1,read,mr-30d63777-602e-436c-89af-f006c04da6f6,,1788,QUORUM,ONE,cassandra-3,True,False,3.545,2026-09-16T06:24:18.239546+00:00,
30d63777-602e-436c-89af-f006c04da6f6,monotonic_reads,network_partition,writer-1,write,mr-30d63777-602e-436c-89af-f006c04da6f6,1789,,,ONE,cassandra-1,True,False,1.231,2026-09-16T06:24:18.250612+00:00,
30d63777-602e-436c-89af-f006c04da6f6,monotonic_reads,network_partition,reader-1,read,mr-30d63777-602e-436c-89af-f006c04da6f6,,1789,QUORUM,ONE,cassandra-1,True,False,3.666,2026-09-16T06:24:18.254597+00:00,
30d63777-602e-436c-89af-f006c04da6f6,monotonic_reads,network_partition,reader-1,read,mr-30d63777-602e-436c-89af-f006c04da6f6,,1789,QUORUM,ONE,cassandra-2,True,False,2.772,2026-09-16T06:24:18.268530+00:00,
30d63777-602e-436c-89af-f006c04da6f6,monotonic_reads,network_partition,writer-1,write,mr-30d63777-602e-436c-89af-f006c04da6f6,1790,,,ONE,cassandra-1,True,False,2.561,2026-09-16T06:24:18.278270+00:00,
30d63777-602e-436c-89af-f006c04da6f6,monotonic_reads,network_partition,reader-1,read,mr-30d63777-602e-436c-89af-f006c04da6f6,,1790,QUORUM,ONE,cassandra-3,True,False,3.855,2026-09-16T06:24:18.282607+00:00,
30d63777-602e-436c-89af-f006c04da6f6,monotonic_reads,network_partition,reader-1,read,mr-30d63777-602e-436c-89af-f006c04da6f6,,1790,QUORUM,ONE,cassandra-1,True,False,3.649,2026-09-16T06:24:18.297582+00:00,
30d63777-602e-436c-89af-f006c04da6f6,monotonic_reads,network_partition,writer-1,write,mr-30d63777-602e-436c-89af-f006c04da6f6,1791,,,ONE,cassandra-1,True,False,2.04,2026-09-16T06:24:18.305319+00:00,
30d63777-602e-436c-89af-f006c04da6f6,monotonic_reads,network_partition,reader-1,read,mr-30d63777-602e-436c-89af-f006c04da6f6,,1791,QUORUM,ONE,cassandra-2,True,False,3.476,2026-09-16T06:24:18.313424+00:00,
30d63777-602e-436c-89af-f006c04da6f6,monotonic_reads,network_partition,reader-1,read,mr-30d63777-602e-436c-89af-f006c04da6f6,,1791,QUORUM,ONE,cassandra-3,True,False,3.897,2026-09-16T06:24:18.328839+00:00,
30d63777-602e-436c-89af-f006c04da6f6,monotonic_reads,network_partition,writer-1,write,mr-30d63777-602e-436c-89af-f006c04da6f6,1792,,,ONE,cassandra-1,True,False,1.992,2026-09-16T06:24:18.332412+00:00,
30d63777-602e-436c-89af-f006c04da6f6,monotonic_reads,network_partition,reader-1,read,mr-30d63777-602e-436c-89af-f006c04da6f6,,1792,QUORUM,ONE,cassandra-1,True,False,4.212,2026-09-16T06:24:18.345708+00:00,
30d63777-602e-436c-89af-f006c04da6f6,monotonic_reads,network_partition,writer-1,write,mr-30d63777-602e-436c-89af-f006c04da6f6,1793,,,ONE,cassandra-1,True,False,1.599,2026-09-16T06:24:18.359122+00:00,
30d63777-602e-436c-89af-f006c04da6f6,monotonic_reads,network_partition,reader-1,read,mr-30d63777-602e-436c-89af-f006c04da6f6,,1792,QUORUM,ONE,cassandra-2,True,False,2.159,2026-09-16T06:24:18.360408+00:00,
30d63777-602e-436c-89af-f006c04da6f6,monotonic_reads,network_partition,reader-1,read,mr-30d63777-602e-436c-89af-f006c04da6f6,,1793,QUORUM,ONE,cassandra-3,True,False,3.195,2026-09-16T06:24:18.375657+00:00,
30d63777-602e-436c-89af-f006c04da6f6,monotonic_reads,network_partition,writer-1,write,mr-30d63777-602e-436c-89af-f006c04da6f6,1794,,,ONE,cassandra-1,True,False,2.28,2026-09-16T06:24:18.382514+00:00,
30d63777-602e-436c-89af-f006c04da6f6,monotonic_reads,network_partition,reader-1,read,mr-30d63777-602e-436c-89af-f006c04da6f6,,1794,QUORUM,ONE,cassandra-1,True,False,2.693,2026-09-16T06:24:18.391740+00:00,
30d63777-602e-436c-89af-f006c04da6f6,monotonic_reads,network_partition,reader-1,read,mr-30d63777-602e-436c-89af-f006c04da6f6,,1794,QUORUM,ONE,cassandra-2,True,False,5.657,2026-09-16T06:24:18.407684+00:00,
30d63777-602e-436c-89af-f006c04da6f6,monotonic_reads,network_partition,writer-1,write,mr-30d63777-602e-436c-89af-f006c04da6f6,1795,,,ONE,cassandra-1,True,False,1.619,2026-09-16T06:24:18.409406+00:00,
30d63777-602e-436c-89af-f006c04da6f6,monotonic_reads,network_partition,reader-1,read,mr-30d63777-602e-436c-89af-f006c04da6f6,,1795,QUORUM,ONE,cassandra-3,True,False,4.972,2026-09-16T06:24:18.424132+00:00,
30d63777-602e-436c-89af-f006c04da6f6,monotonic_reads,network_partition,writer-1,write,mr-30d63777-602e-436c-89af-f006c04da6f6,1796,,,ONE,cassandra-1,True,False,1.408,2026-09-16T06:24:18.435955+00:00,
30d63777-602e-436c-89af-f006c04da6f6,monotonic_reads,network_partition,reader-1,read,mr-30d63777-602e-436c-89af-f006c04da6f6,,1796,QUORUM,ONE,cassandra-1,True,False,4.05,2026-09-16T06:24:18.440635+00:00,
30d63777-602e-436c-89af-f006c04da6f6,monotonic_reads,network_partition,reader-1,read,mr-30d63777-602e-436c-89af-f006c04da6f6,,1796,QUORUM,ONE,cassandra-2,True,False,3.731,2026-09-16T06:24:18.457049+00:00,
30d63777-602e-436c-89af-f006c04da6f6,monotonic_reads,network_partition,writer-1,write,mr-30d63777-602e-436c-89af-f006c04da6f6,1797,,,ONE,cassandra-1,True,False,2.194,2026-09-16T06:24:18.460447+00:00,
30d63777-602e-436c-89af-f006c04da6f6,monotonic_reads,network_partition,reader-1,read,mr-30d63777-602e-436c-89af-f006c04da6f6,,1797,QUORUM,ONE,cassandra-3,True,False,4.579,2026-09-16T06:24:18.472925+00:00,
30d63777-602e-436c-89af-f006c04da6f6,monotonic_reads,network_partition,writer-1,write,mr-30d63777-602e-436c-89af-f006c04da6f6,1798,,,ONE,cassandra-1,True,False,1.436,2026-09-16T06:24:18.484940+00:00,
30d63777-602e-436c-89af-f006c04da6f6,monotonic_reads,network_partition,reader-1,read,mr-30d63777-602e-436c-89af-f006c04da6f6,,1798,QUORUM,ONE,cassandra-1,True,False,4.06,2026-09-16T06:24:18.489669+00:00,
30d63777-602e-436c-89af-f006c04da6f6,monotonic_reads,network_partition,reader-1,read,mr-30d63777-602e-436c-89af-f006c04da6f6,,1798,QUORUM,ONE,cassandra-2,True,False,3.616,2026-09-16T06:24:18.505958+00:00,
30d63777-602e-436c-89af-f006c04da6f6,monotonic_reads,network_partition,writer-1,write,mr-30d63777-602e-436c-89af-f006c04da6f6,1799,,,ONE,cassandra-1,True,False,1.968,2026-09-16T06:24:18.508645+00:00,
30d63777-602e-436c-89af-f006c04da6f6,monotonic_reads,network_partition,reader-1,read,mr-30d63777-602e-436c-89af-f006c04da6f6,,1799,QUORUM,ONE,cassandra-3,True,False,4.802,2026-09-16T06:24:18.523348+00:00,
30d63777-602e-436c-89af-f006c04da6f6,monotonic_reads,network_partition,writer-1,write,mr-30d63777-602e-436c-89af-f006c04da6f6,1800,,,ONE,cassandra-1,True,False,1.682,2026-09-16T06:24:18.534021+00:00,
30d63777-602e-436c-89af-f006c04da6f6,monotonic_reads,network_partition,reader-1,read,mr-30d63777-602e-436c-89af-f006c04da6f6,,1800,QUORUM,ONE,cassandra-1,True,False,3.955,2026-09-16T06:24:18.538542+00:00,
30d63777-602e-436c-89af-f006c04da6f6,monotonic_reads,network_partition,reader-1,read,mr-30d63777-602e-436c-89af-f006c04da6f6,,1800,QUORUM,ONE,cassandra-2,True,False,3.75,2026-09-16T06:24:18.554908+00:00,
30d63777-602e-436c-89af-f006c04da6f6,monotonic_reads,network_partition,writer-1,write,mr-30d63777-602e-436c-89af-f006c04da6f6,1801,,,ONE,cassandra-1,True,False,1.335,2026-09-16T06:24:18.560453+00:00,
30d63777-602e-436c-89af-f006c04da6f6,monotonic_reads,network_partition,reader-1,read,mr-30d63777-602e-436c-89af-f006c04da6f6,,1801,QUORUM,ONE,cassandra-3,True,False,3.78,2026-09-16T06:24:18.569808+00:00,
30d63777-602e-436c-89af-f006c04da6f6,monotonic_reads,network_partition,reader-1,read,mr-30d63777-602e-436c-89af-f006c04da6f6,,1801,QUORUM,ONE,cassandra-1,True,False,5.291,2026-09-16T06:24:18.586226+00:00,
30d63777-602e-436c-89af-f006c04da6f6,monotonic_reads,network_partition,writer-1,write,mr-30d63777-602e-436c-89af-f006c04da6f6,1802,,,ONE,cassandra-1,True,False,2.392,2026-09-16T06:24:18.586384+00:00,
30d63777-602e-436c-89af-f006c04da6f6,monotonic_reads,network_partition,reader-1,read,mr-30d63777-602e-436c-89af-f006c04da6f6,,1802,QUORUM,ONE,cassandra-2,True,False,4.585,2026-09-16T06:24:18.602861+00:00,
30d63777-602e-436c-89af-f006c04da6f6,monotonic_reads,network_partition,writer-1,write,mr-30d63777-602e-436c-89af-f006c04da6f6,1803,,,ONE,cassandra-1,True,False,1.993,2026-09-16T06:24:18.610903+00:00,
30d63777-602e-436c-89af-f006c04da6f6,monotonic_reads,network_partition,reader-1,read,mr-30d63777-602e-436c-89af-f006c04da6f6,,1803,QUORUM,ONE,cassandra-3,True,False,4.671,2026-09-16T06:24:18.618587+00:00,
30d63777-602e-436c-89af-f006c04da6f6,monotonic_reads,network_partition,reader-1,read,mr-30d63777-602e-436c-89af-f006c04da6f6,,1803,QUORUM,ONE,cassandra-1,True,False,4.427,2026-09-16T06:24:18.635393+00:00,
30d63777-602e-436c-89af-f006c04da6f6,monotonic_reads,network_partition,writer-1,write,mr-30d63777-602e-436c-89af-f006c04da6f6,1804,,,ONE,cassandra-1,True,False,3.142,2026-09-16T06:24:18.637652+00:00,
30d63777-602e-436c-89af-f006c04da6f6,monotonic_reads,network_partition,reader-1,read,mr-30d63777-602e-436c-89af-f006c04da6f6,,1804,QUORUM,ONE,cassandra-2,True,False,5.098,2026-09-16T06:24:18.651418+00:00,
30d63777-602e-436c-89af-f006c04da6f6,monotonic_reads,network_partition,writer-1,write,mr-30d63777-602e-436c-89af-f006c04da6f6,1805,,,ONE,cassandra-1,True,False,3.275,2026-09-16T06:24:18.665236+00:00,
30d63777-602e-436c-89af-f006c04da6f6,monotonic_reads,network_partition,reader-1,read,mr-30d63777-602e-436c-89af-f006c04da6f6,,1805,QUORUM,ONE,cassandra-3,True,False,6.629,2026-09-16T06:24:18.670052+00:00,
30d63777-602e-436c-89af-f006c04da6f6,monotonic_reads,network_partition,reader-1,read,mr-30d63777-602e-436c-89af-f006c04da6f6,,1805,QUORUM,ONE,cassandra-1,True,False,4.99,2026-09-16T06:24:18.685735+00:00,
30d63777-602e-436c-89af-f006c04da6f6,monotonic_reads,network_partition,writer-1,write,mr-30d63777-602e-436c-89af-f006c04da6f6,1806,,,ONE,cassandra-1,True,False,2.971,2026-09-16T06:24:18.688972+00:00,
30d63777-602e-436c-89af-f006c04da6f6,monotonic_reads,network_partition,reader-1,read,mr-30d63777-602e-436c-89af-f006c04da6f6,,1806,QUORUM,ONE,cassandra-2,True,False,5.676,2026-09-16T06:24:18.703950+00:00,
30d63777-602e-436c-89af-f006c04da6f6,monotonic_reads,network_partition,writer-1,write,mr-30d63777-602e-436c-89af-f006c04da6f6,1807,,,ONE,cassandra-1,True,False,2.438,2026-09-16T06:24:18.712345+00:00,
30d63777-602e-436c-89af-f006c04da6f6,monotonic_reads,network_partition,reader-1,read,mr-30d63777-602e-436c-89af-f006c04da6f6,,1807,QUORUM,ONE,cassandra-3,True,False,4.248,2026-09-16T06:24:18.719154+00:00,
30d63777-602e-436c-89af-f006c04da6f6,monotonic_reads,network_partition,reader-1,read,mr-30d63777-602e-436c-89af-f006c04da6f6,,1807,QUORUM,ONE,cassandra-1,True,False,5.51,2026-09-16T06:24:18.736464+00:00,
30d63777-602e-436c-89af-f006c04da6f6,monotonic_reads,network_partition,writer-1,write,mr-30d63777-602e-436c-89af-f006c04da6f6,1808,,,ONE,cassandra-1,True,False,2.514,2026-09-16T06:24:18.737509+00:00,
30d63777-602e-436c-89af-f006c04da6f6,monotonic_reads,network_partition,reader-1,read,mr-30d63777-602e-436c-89af-f006c04da6f6,,1808,QUORUM,ONE,cassandra-2,True,False,5.065,2026-09-16T06:24:18.752851+00:00,
30d63777-602e-436c-89af-f006c04da6f6,monotonic_reads,network_partition,writer-1,write,mr-30d63777-602e-436c-89af-f006c04da6f6,1809,,,ONE,cassandra-1,True,False,2.655,2026-09-16T06:24:18.763823+00:00,
30d63777-602e-436c-89af-f006c04da6f6,monotonic_reads,network_partition,reader-1,read,mr-30d63777-602e-436c-89af-f006c04da6f6,,1809,QUORUM,ONE,cassandra-3,True,False,4.036,2026-09-16T06:24:18.767972+00:00,
30d63777-602e-436c-89af-f006c04da6f6,monotonic_reads,network_partition,reader-1,read,mr-30d63777-602e-436c-89af-f006c04da6f6,,1809,QUORUM,ONE,cassandra-1,True,False,4.339,2026-09-16T06:24:18.783253+00:00,
30d63777-602e-436c-89af-f006c04da6f6,monotonic_reads,network_partition,writer-1,write,mr-30d63777-602e-436c-89af-f006c04da6f6,1810,,,ONE,cassandra-1,True,False,4.53,2026-09-16T06:24:18.789446+00:00,
30d63777-602e-436c-89af-f006c04da6f6,monotonic_reads,network_partition,reader-1,read,mr-30d63777-602e-436c-89af-f006c04da6f6,,1810,QUORUM,ONE,cassandra-2,True,False,4.725,2026-09-16T06:24:18.798886+00:00,
30d63777-602e-436c-89af-f006c04da6f6,monotonic_reads,network_partition,writer-1,write,mr-30d63777-602e-436c-89af-f006c04da6f6,1811,,,ONE,cassandra-1,True,False,1.999,2026-09-16T06:24:18.812901+00:00,
30d63777-602e-436c-89af-f006c04da6f6,monotonic_reads,network_partition,reader-1,read,mr-30d63777-602e-436c-89af-f006c04da6f6,,1810,QUORUM,ONE,cassandra-3,True,False,4.823,2026-09-16T06:24:18.815339+00:00,
30d63777-602e-436c-89af-f006c04da6f6,monotonic_reads,network_partition,reader-1,read,mr-30d63777-602e-436c-89af-f006c04da6f6,,1811,QUORUM,ONE,cassandra-1,True,False,4.694,2026-09-16T06:24:18.831624+00:00,
30d63777-602e-436c-89af-f006c04da6f6,monotonic_reads,network_partition,writer-1,write,mr-30d63777-602e-436c-89af-f006c04da6f6,1812,,,ONE,cassandra-1,True,False,14.062,2026-09-16T06:24:18.852143+00:00,
30d63777-602e-436c-89af-f006c04da6f6,monotonic_reads,network_partition,reader-1,read,mr-30d63777-602e-436c-89af-f006c04da6f6,,1812,QUORUM,ONE,cassandra-2,True,False,11.398,2026-09-16T06:24:18.855237+00:00,
30d63777-602e-436c-89af-f006c04da6f6,monotonic_reads,network_partition,reader-1,read,mr-30d63777-602e-436c-89af-f006c04da6f6,,1812,QUORUM,ONE,cassandra-3,True,False,3.19,2026-09-16T06:24:18.869625+00:00,
30d63777-602e-436c-89af-f006c04da6f6,monotonic_reads,network_partition,writer-1,write,mr-30d63777-602e-436c-89af-f006c04da6f6,1813,,,ONE,cassandra-1,True,False,1.111,2026-09-16T06:24:18.878399+00:00,
30d63777-602e-436c-89af-f006c04da6f6,monotonic_reads,network_partition,reader-1,read,mr-30d63777-602e-436c-89af-f006c04da6f6,,1813,QUORUM,ONE,cassandra-1,True,False,3.365,2026-09-16T06:24:18.885665+00:00,
30d63777-602e-436c-89af-f006c04da6f6,monotonic_reads,network_partition,reader-1,read,mr-30d63777-602e-436c-89af-f006c04da6f6,,1813,QUORUM,ONE,cassandra-2,True,False,5.341,2026-09-16T06:24:18.902270+00:00,
30d63777-602e-436c-89af-f006c04da6f6,monotonic_reads,network_partition,writer-1,write,mr-30d63777-602e-436c-89af-f006c04da6f6,1814,,,ONE,cassandra-1,True,False,2.071,2026-09-16T06:24:18.904722+00:00,
30d63777-602e-436c-89af-f006c04da6f6,monotonic_reads,network_partition,reader-1,read,mr-30d63777-602e-436c-89af-f006c04da6f6,,1814,QUORUM,ONE,cassandra-3,True,False,4.418,2026-09-16T06:24:18.917328+00:00,
30d63777-602e-436c-89af-f006c04da6f6,monotonic_reads,network_partition,writer-1,write,mr-30d63777-602e-436c-89af-f006c04da6f6,1815,,,ONE,cassandra-1,True,False,3.758,2026-09-16T06:24:18.933185+00:00,
30d63777-602e-436c-89af-f006c04da6f6,monotonic_reads,network_partition,reader-1,read,mr-30d63777-602e-436c-89af-f006c04da6f6,,1814,QUORUM,ONE,cassandra-1,True,False,4.185,2026-09-16T06:24:18.934221+00:00,
30d63777-602e-436c-89af-f006c04da6f6,monotonic_reads,network_partition,reader-1,read,mr-30d63777-602e-436c-89af-f006c04da6f6,,1815,QUORUM,ONE,cassandra-2,True,False,4.692,2026-09-16T06:24:18.949645+00:00,
30d63777-602e-436c-89af-f006c04da6f6,monotonic_reads,network_partition,writer-1,write,mr-30d63777-602e-436c-89af-f006c04da6f6,1816,,,ONE,cassandra-1,True,False,3.281,2026-09-16T06:24:18.961576+00:00,
30d63777-602e-436c-89af-f006c04da6f6,monotonic_reads,network_partition,reader-1,read,mr-30d63777-602e-436c-89af-f006c04da6f6,,1816,QUORUM,ONE,cassandra-3,True,False,5.216,2026-09-16T06:24:18.967553+00:00,
30d63777-602e-436c-89af-f006c04da6f6,monotonic_reads,network_partition,reader-1,read,mr-30d63777-602e-436c-89af-f006c04da6f6,,1816,QUORUM,ONE,cassandra-1,True,False,5.17,2026-09-16T06:24:18.984323+00:00,
30d63777-602e-436c-89af-f006c04da6f6,monotonic_reads,network_partition,writer-1,write,mr-30d63777-602e-436c-89af-f006c04da6f6,1817,,,ONE,cassandra-1,True,False,2.707,2026-09-16T06:24:18.987702+00:00,
30d63777-602e-436c-89af-f006c04da6f6,monotonic_reads,network_partition,reader-1,read,mr-30d63777-602e-436c-89af-f006c04da6f6,,1817,QUORUM,ONE,cassandra-2,True,False,4.682,2026-09-16T06:24:18.999530+00:00,
30d63777-602e-436c-89af-f006c04da6f6,monotonic_reads,network_partition,writer-1,write,mr-30d63777-602e-436c-89af-f006c04da6f6,1818,,,ONE,cassandra-1,True,False,3.562,2026-09-16T06:24:19.014576+00:00,
30d63777-602e-436c-89af-f006c04da6f6,monotonic_reads,network_partition,reader-1,read,mr-30d63777-602e-436c-89af-f006c04da6f6,,1817,QUORUM,ONE,cassandra-3,True,False,7.042,2026-09-16T06:24:19.017549+00:00,
30d63777-602e-436c-89af-f006c04da6f6,monotonic_reads,network_partition,reader-1,read,mr-30d63777-602e-436c-89af-f006c04da6f6,,1818,QUORUM,ONE,cassandra-1,True,False,6.743,2026-09-16T06:24:19.036951+00:00,
30d63777-602e-436c-89af-f006c04da6f6,monotonic_reads,network_partition,writer-1,write,mr-30d63777-602e-436c-89af-f006c04da6f6,1819,,,ONE,cassandra-1,True,False,4.11,2026-09-16T06:24:19.039905+00:00,
30d63777-602e-436c-89af-f006c04da6f6,monotonic_reads,network_partition,reader-1,read,mr-30d63777-602e-436c-89af-f006c04da6f6,,1819,QUORUM,ONE,cassandra-2,True,False,5.646,2026-09-16T06:24:19.053583+00:00,
30d63777-602e-436c-89af-f006c04da6f6,monotonic_reads,network_partition,writer-1,write,mr-30d63777-602e-436c-89af-f006c04da6f6,1820,,,ONE,cassandra-1,True,False,4.708,2026-09-16T06:24:19.065204+00:00,
30d63777-602e-436c-89af-f006c04da6f6,monotonic_reads,network_partition,reader-1,read,mr-30d63777-602e-436c-89af-f006c04da6f6,,1820,QUORUM,ONE,cassandra-3,True,False,4.394,2026-09-16T06:24:19.069069+00:00,
30d63777-602e-436c-89af-f006c04da6f6,monotonic_reads,network_partition,reader-1,read,mr-30d63777-602e-436c-89af-f006c04da6f6,,1820,QUORUM,ONE,cassandra-1,True,False,5.492,2026-09-16T06:24:19.085662+00:00,
30d63777-602e-436c-89af-f006c04da6f6,monotonic_reads,network_partition,writer-1,write,mr-30d63777-602e-436c-89af-f006c04da6f6,1821,,,ONE,cassandra-1,True,False,3.677,2026-09-16T06:24:19.090592+00:00,
30d63777-602e-436c-89af-f006c04da6f6,monotonic_reads,network_partition,reader-1,read,mr-30d63777-602e-436c-89af-f006c04da6f6,,1821,QUORUM,ONE,cassandra-2,True,False,5.859,2026-09-16T06:24:19.101793+00:00,
30d63777-602e-436c-89af-f006c04da6f6,monotonic_reads,network_partition,writer-1,write,mr-30d63777-602e-436c-89af-f006c04da6f6,1822,,,ONE,cassandra-1,True,False,2.894,2026-09-16T06:24:19.117905+00:00,
30d63777-602e-436c-89af-f006c04da6f6,monotonic_reads,network_partition,reader-1,read,mr-30d63777-602e-436c-89af-f006c04da6f6,,1821,QUORUM,ONE,cassandra-3,True,False,6.334,2026-09-16T06:24:19.120754+00:00,
30d63777-602e-436c-89af-f006c04da6f6,monotonic_reads,network_partition,reader-1,read,mr-30d63777-602e-436c-89af-f006c04da6f6,,1822,QUORUM,ONE,cassandra-1,True,False,5.862,2026-09-16T06:24:19.137801+00:00,
30d63777-602e-436c-89af-f006c04da6f6,monotonic_reads,network_partition,writer-1,write,mr-30d63777-602e-436c-89af-f006c04da6f6,1823,,,ONE,cassandra-1,True,False,3.715,2026-09-16T06:24:19.144627+00:00,
30d63777-602e-436c-89af-f006c04da6f6,monotonic_reads,network_partition,reader-1,read,mr-30d63777-602e-436c-89af-f006c04da6f6,,1823,QUORUM,ONE,cassandra-2,True,False,4.297,2026-09-16T06:24:19.153200+00:00,
30d63777-602e-436c-89af-f006c04da6f6,monotonic_reads,network_partition,reader-1,read,mr-30d63777-602e-436c-89af-f006c04da6f6,,1823,QUORUM,ONE,cassandra-3,True,False,4.943,2026-09-16T06:24:19.170795+00:00,
30d63777-602e-436c-89af-f006c04da6f6,monotonic_reads,network_partition,writer-1,write,mr-30d63777-602e-436c-89af-f006c04da6f6,1824,,,ONE,cassandra-1,True,False,2.633,2026-09-16T06:24:19.171378+00:00,
30d63777-602e-436c-89af-f006c04da6f6,monotonic_reads,network_partition,reader-1,read,mr-30d63777-602e-436c-89af-f006c04da6f6,,1824,QUORUM,ONE,cassandra-1,True,False,6.157,2026-09-16T06:24:19.188110+00:00,
30d63777-602e-436c-89af-f006c04da6f6,monotonic_reads,network_partition,writer-1,write,mr-30d63777-602e-436c-89af-f006c04da6f6,1825,,,ONE,cassandra-1,True,False,2.451,2026-09-16T06:24:19.196281+00:00,
30d63777-602e-436c-89af-f006c04da6f6,monotonic_reads,network_partition,reader-1,read,mr-30d63777-602e-436c-89af-f006c04da6f6,,1825,QUORUM,ONE,cassandra-2,True,False,4.83,2026-09-16T06:24:19.203750+00:00,
30d63777-602e-436c-89af-f006c04da6f6,monotonic_reads,network_partition,reader-1,read,mr-30d63777-602e-436c-89af-f006c04da6f6,,1825,QUORUM,ONE,cassandra-3,True,False,4.911,2026-09-16T06:24:19.219785+00:00,
30d63777-602e-436c-89af-f006c04da6f6,monotonic_reads,network_partition,writer-1,write,mr-30d63777-602e-436c-89af-f006c04da6f6,1826,,,ONE,cassandra-1,True,False,11.694,2026-09-16T06:24:19.232033+00:00,
30d63777-602e-436c-89af-f006c04da6f6,monotonic_reads,network_partition,reader-1,read,mr-30d63777-602e-436c-89af-f006c04da6f6,,1826,QUORUM,ONE,cassandra-1,True,False,14.501,2026-09-16T06:24:19.245763+00:00,
30d63777-602e-436c-89af-f006c04da6f6,monotonic_reads,network_partition,writer-1,write,mr-30d63777-602e-436c-89af-f006c04da6f6,1827,,,ONE,cassandra-1,True,False,2.345,2026-09-16T06:24:19.258251+00:00,
30d63777-602e-436c-89af-f006c04da6f6,monotonic_reads,network_partition,reader-1,read,mr-30d63777-602e-436c-89af-f006c04da6f6,,1827,QUORUM,ONE,cassandra-2,True,False,4.606,2026-09-16T06:24:19.261505+00:00,
30d63777-602e-436c-89af-f006c04da6f6,monotonic_reads,network_partition,reader-1,read,mr-30d63777-602e-436c-89af-f006c04da6f6,,1827,QUORUM,ONE,cassandra-3,True,False,7.35,2026-09-16T06:24:19.281153+00:00,
30d63777-602e-436c-89af-f006c04da6f6,monotonic_reads,network_partition,writer-1,write,mr-30d63777-602e-436c-89af-f006c04da6f6,1828,,,ONE,cassandra-1,True,False,3.94,2026-09-16T06:24:19.283367+00:00,
30d63777-602e-436c-89af-f006c04da6f6,monotonic_reads,network_partition,reader-1,read,mr-30d63777-602e-436c-89af-f006c04da6f6,,1828,QUORUM,ONE,cassandra-1,True,False,4.083,2026-09-16T06:24:19.297606+00:00,
30d63777-602e-436c-89af-f006c04da6f6,monotonic_reads,network_partition,writer-1,write,mr-30d63777-602e-436c-89af-f006c04da6f6,1829,,,ONE,cassandra-1,True,False,2.248,2026-09-16T06:24:19.309630+00:00,
30d63777-602e-436c-89af-f006c04da6f6,monotonic_reads,network_partition,reader-1,read,mr-30d63777-602e-436c-89af-f006c04da6f6,,1829,QUORUM,ONE,cassandra-2,True,False,3.596,2026-09-16T06:24:19.313472+00:00,
30d63777-602e-436c-89af-f006c04da6f6,monotonic_reads,network_partition,reader-1,read,mr-30d63777-602e-436c-89af-f006c04da6f6,,1829,QUORUM,ONE,cassandra-3,True,False,3.94,2026-09-16T06:24:19.330003+00:00,
30d63777-602e-436c-89af-f006c04da6f6,monotonic_reads,network_partition,writer-1,write,mr-30d63777-602e-436c-89af-f006c04da6f6,1830,,,ONE,cassandra-1,True,False,1.242,2026-09-16T06:24:19.333690+00:00,
30d63777-602e-436c-89af-f006c04da6f6,monotonic_reads,network_partition,reader-1,read,mr-30d63777-602e-436c-89af-f006c04da6f6,,1830,QUORUM,ONE,cassandra-1,True,False,4.45,2026-09-16T06:24:19.346795+00:00,
30d63777-602e-436c-89af-f006c04da6f6,monotonic_reads,network_partition,writer-1,write,mr-30d63777-602e-436c-89af-f006c04da6f6,1831,,,ONE,cassandra-1,True,False,3.008,2026-09-16T06:24:19.361257+00:00,
30d63777-602e-436c-89af-f006c04da6f6,monotonic_reads,network_partition,reader-1,read,mr-30d63777-602e-436c-89af-f006c04da6f6,,1830,QUORUM,ONE,cassandra-2,True,False,2.623,2026-09-16T06:24:19.361551+00:00,
30d63777-602e-436c-89af-f006c04da6f6,monotonic_reads,network_partition,reader-1,read,mr-30d63777-602e-436c-89af-f006c04da6f6,,1831,QUORUM,ONE,cassandra-3,True,False,3.434,2026-09-16T06:24:19.377587+00:00,
30d63777-602e-436c-89af-f006c04da6f6,monotonic_reads,network_partition,writer-1,write,mr-30d63777-602e-436c-89af-f006c04da6f6,1832,,,ONE,cassandra-1,True,False,2.055,2026-09-16T06:24:19.387461+00:00,
30d63777-602e-436c-89af-f006c04da6f6,monotonic_reads,network_partition,reader-1,read,mr-30d63777-602e-436c-89af-f006c04da6f6,,1832,QUORUM,ONE,cassandra-1,True,False,4.655,2026-09-16T06:24:19.394908+00:00,
30d63777-602e-436c-89af-f006c04da6f6,monotonic_reads,network_partition,reader-1,read,mr-30d63777-602e-436c-89af-f006c04da6f6,,1832,QUORUM,ONE,cassandra-2,True,False,3.293,2026-09-16T06:24:19.410668+00:00,
30d63777-602e-436c-89af-f006c04da6f6,monotonic_reads,network_partition,writer-1,write,mr-30d63777-602e-436c-89af-f006c04da6f6,1833,,,ONE,cassandra-1,True,False,1.681,2026-09-16T06:24:19.412409+00:00,
30d63777-602e-436c-89af-f006c04da6f6,monotonic_reads,network_partition,reader-1,read,mr-30d63777-602e-436c-89af-f006c04da6f6,,1833,QUORUM,ONE,cassandra-3,True,False,4.452,2026-09-16T06:24:19.425946+00:00,
30d63777-602e-436c-89af-f006c04da6f6,monotonic_reads,network_partition,writer-1,write,mr-30d63777-602e-436c-89af-f006c04da6f6,1834,,,ONE,cassandra-1,True,False,2.28,2026-09-16T06:24:19.435556+00:00,
30d63777-602e-436c-89af-f006c04da6f6,monotonic_reads,network_partition,reader-1,read,mr-30d63777-602e-436c-89af-f006c04da6f6,,1834,QUORUM,ONE,cassandra-1,True,False,2.292,2026-09-16T06:24:19.440551+00:00,
30d63777-602e-436c-89af-f006c04da6f6,monotonic_reads,network_partition,reader-1,read,mr-30d63777-602e-436c-89af-f006c04da6f6,,1834,QUORUM,ONE,cassandra-2,True,False,3.085,2026-09-16T06:24:19.454786+00:00,
30d63777-602e-436c-89af-f006c04da6f6,monotonic_reads,network_partition,writer-1,write,mr-30d63777-602e-436c-89af-f006c04da6f6,1835,,,ONE,cassandra-1,True,False,1.763,2026-09-16T06:24:19.462427+00:00,
30d63777-602e-436c-89af-f006c04da6f6,monotonic_reads,network_partition,reader-1,read,mr-30d63777-602e-436c-89af-f006c04da6f6,,1835,QUORUM,ONE,cassandra-3,True,False,3.332,2026-09-16T06:24:19.469517+00:00,
30d63777-602e-436c-89af-f006c04da6f6,monotonic_reads,network_partition,reader-1,read,mr-30d63777-602e-436c-89af-f006c04da6f6,,1835,QUORUM,ONE,cassandra-1,True,False,3.25,2026-09-16T06:24:19.485113+00:00,
30d63777-602e-436c-89af-f006c04da6f6,monotonic_reads,network_partition,writer-1,write,mr-30d63777-602e-436c-89af-f006c04da6f6,1836,,,ONE,cassandra-1,True,False,2.538,2026-09-16T06:24:19.488446+00:00,
30d63777-602e-436c-89af-f006c04da6f6,monotonic_reads,network_partition,reader-1,read,mr-30d63777-602e-436c-89af-f006c04da6f6,,1836,QUORUM,ONE,cassandra-2,True,False,4.457,2026-09-16T06:24:19.500366+00:00,
30d63777-602e-436c-89af-f006c04da6f6,monotonic_reads,network_partition,writer-1,write,mr-30d63777-602e-436c-89af-f006c04da6f6,1837,,,ONE,cassandra-1,True,False,2.448,2026-09-16T06:24:19.515219+00:00,
30d63777-602e-436c-89af-f006c04da6f6,monotonic_reads,network_partition,reader-1,read,mr-30d63777-602e-436c-89af-f006c04da6f6,,1836,QUORUM,ONE,cassandra-3,True,False,5.122,2026-09-16T06:24:19.516048+00:00,
30d63777-602e-436c-89af-f006c04da6f6,monotonic_reads,network_partition,reader-1,read,mr-30d63777-602e-436c-89af-f006c04da6f6,,1837,QUORUM,ONE,cassandra-1,True,False,4.732,2026-09-16T06:24:19.533255+00:00,
30d63777-602e-436c-89af-f006c04da6f6,monotonic_reads,network_partition,writer-1,write,mr-30d63777-602e-436c-89af-f006c04da6f6,1838,,,ONE,cassandra-1,True,False,2.606,2026-09-16T06:24:19.540530+00:00,
30d63777-602e-436c-89af-f006c04da6f6,monotonic_reads,network_partition,reader-1,read,mr-30d63777-602e-436c-89af-f006c04da6f6,,1838,QUORUM,ONE,cassandra-2,True,False,4.163,2026-09-16T06:24:19.549076+00:00,
30d63777-602e-436c-89af-f006c04da6f6,monotonic_reads,network_partition,writer-1,write,mr-30d63777-602e-436c-89af-f006c04da6f6,1839,,,ONE,cassandra-1,True,False,2.321,2026-09-16T06:24:19.563642+00:00,
30d63777-602e-436c-89af-f006c04da6f6,monotonic_reads,network_partition,reader-1,read,mr-30d63777-602e-436c-89af-f006c04da6f6,,1838,QUORUM,ONE,cassandra-3,True,False,4.6,2026-09-16T06:24:19.565098+00:00,
30d63777-602e-436c-89af-f006c04da6f6,monotonic_reads,network_partition,reader-1,read,mr-30d63777-602e-436c-89af-f006c04da6f6,,1839,QUORUM,ONE,cassandra-1,True,False,6.048,2026-09-16T06:24:19.583001+00:00,
30d63777-602e-436c-89af-f006c04da6f6,monotonic_reads,network_partition,writer-1,write,mr-30d63777-602e-436c-89af-f006c04da6f6,1840,,,ONE,cassandra-1,True,False,2.818,2026-09-16T06:24:19.586698+00:00,
30d63777-602e-436c-89af-f006c04da6f6,monotonic_reads,network_partition,reader-1,read,mr-30d63777-602e-436c-89af-f006c04da6f6,,1840,QUORUM,ONE,cassandra-2,True,False,6.86,2026-09-16T06:24:19.600711+00:00,
30d63777-602e-436c-89af-f006c04da6f6,monotonic_reads,network_partition,writer-1,write,mr-30d63777-602e-436c-89af-f006c04da6f6,1841,,,ONE,cassandra-1,True,False,2.558,2026-09-16T06:24:19.609480+00:00,
30d63777-602e-436c-89af-f006c04da6f6,monotonic_reads,network_partition,reader-1,read,mr-30d63777-602e-436c-89af-f006c04da6f6,,1841,QUORUM,ONE,cassandra-3,True,False,5.148,2026-09-16T06:24:19.617048+00:00,
30d63777-602e-436c-89af-f006c04da6f6,monotonic_reads,network_partition,writer-1,write,mr-30d63777-602e-436c-89af-f006c04da6f6,1842,,,ONE,cassandra-1,True,False,3.03,2026-09-16T06:24:19.633659+00:00,
30d63777-602e-436c-89af-f006c04da6f6,monotonic_reads,network_partition,reader-1,read,mr-30d63777-602e-436c-89af-f006c04da6f6,,1841,QUORUM,ONE,cassandra-1,True,False,5.627,2026-09-16T06:24:19.635344+00:00,
30d63777-602e-436c-89af-f006c04da6f6,monotonic_reads,network_partition,reader-1,read,mr-30d63777-602e-436c-89af-f006c04da6f6,,1842,QUORUM,ONE,cassandra-2,True,False,5.409,2026-09-16T06:24:19.652362+00:00,
30d63777-602e-436c-89af-f006c04da6f6,monotonic_reads,network_partition,writer-1,write,mr-30d63777-602e-436c-89af-f006c04da6f6,1843,,,ONE,cassandra-1,True,False,2.967,2026-09-16T06:24:19.661225+00:00,
30d63777-602e-436c-89af-f006c04da6f6,monotonic_reads,network_partition,reader-1,read,mr-30d63777-602e-436c-89af-f006c04da6f6,,1843,QUORUM,ONE,cassandra-3,True,False,5.068,2026-09-16T06:24:19.667987+00:00,
30d63777-602e-436c-89af-f006c04da6f6,monotonic_reads,network_partition,reader-1,read,mr-30d63777-602e-436c-89af-f006c04da6f6,,1843,QUORUM,ONE,cassandra-1,True,False,5.244,2026-09-16T06:24:19.684248+00:00,
30d63777-602e-436c-89af-f006c04da6f6,monotonic_reads,network_partition,writer-1,write,mr-30d63777-602e-436c-89af-f006c04da6f6,1844,,,ONE,cassandra-1,True,False,2.832,2026-09-16T06:24:19.688746+00:00,
30d63777-602e-436c-89af-f006c04da6f6,monotonic_reads,network_partition,reader-1,read,mr-30d63777-602e-436c-89af-f006c04da6f6,,1844,QUORUM,ONE,cassandra-2,True,False,4.934,2026-09-16T06:24:19.700455+00:00,
30d63777-602e-436c-89af-f006c04da6f6,monotonic_reads,network_partition,writer-1,write,mr-30d63777-602e-436c-89af-f006c04da6f6,1845,,,ONE,cassandra-1,True,False,2.542,2026-09-16T06:24:19.712475+00:00,
30d63777-602e-436c-89af-f006c04da6f6,monotonic_reads,network_partition,reader-1,read,mr-30d63777-602e-436c-89af-f006c04da6f6,,1845,QUORUM,ONE,cassandra-3,True,False,4.616,2026-09-16T06:24:19.716452+00:00,
30d63777-602e-436c-89af-f006c04da6f6,monotonic_reads,network_partition,reader-1,read,mr-30d63777-602e-436c-89af-f006c04da6f6,,1845,QUORUM,ONE,cassandra-1,True,False,4.134,2026-09-16T06:24:19.731928+00:00,
30d63777-602e-436c-89af-f006c04da6f6,monotonic_reads,network_partition,writer-1,write,mr-30d63777-602e-436c-89af-f006c04da6f6,1846,,,ONE,cassandra-1,True,False,2.6,2026-09-16T06:24:19.737531+00:00,
30d63777-602e-436c-89af-f006c04da6f6,monotonic_reads,network_partition,reader-1,read,mr-30d63777-602e-436c-89af-f006c04da6f6,,1846,QUORUM,ONE,cassandra-2,True,False,4.719,2026-09-16T06:24:19.748594+00:00,
30d63777-602e-436c-89af-f006c04da6f6,monotonic_reads,network_partition,writer-1,write,mr-30d63777-602e-436c-89af-f006c04da6f6,1847,,,ONE,cassandra-1,True,False,2.294,2026-09-16T06:24:19.762033+00:00,
30d63777-602e-436c-89af-f006c04da6f6,monotonic_reads,network_partition,reader-1,read,mr-30d63777-602e-436c-89af-f006c04da6f6,,1847,QUORUM,ONE,cassandra-3,True,False,3.769,2026-09-16T06:24:19.764711+00:00,
30d63777-602e-436c-89af-f006c04da6f6,monotonic_reads,network_partition,reader-1,read,mr-30d63777-602e-436c-89af-f006c04da6f6,,1847,QUORUM,ONE,cassandra-1,True,False,5.187,2026-09-16T06:24:19.782392+00:00,
30d63777-602e-436c-89af-f006c04da6f6,monotonic_reads,network_partition,writer-1,write,mr-30d63777-602e-436c-89af-f006c04da6f6,1848,,,ONE,cassandra-1,True,False,3.004,2026-09-16T06:24:19.788944+00:00,
30d63777-602e-436c-89af-f006c04da6f6,monotonic_reads,network_partition,reader-1,read,mr-30d63777-602e-436c-89af-f006c04da6f6,,1848,QUORUM,ONE,cassandra-2,True,False,4.515,2026-09-16T06:24:19.797432+00:00,
30d63777-602e-436c-89af-f006c04da6f6,monotonic_reads,network_partition,writer-1,write,mr-30d63777-602e-436c-89af-f006c04da6f6,1849,,,ONE,cassandra-1,True,False,2.213,2026-09-16T06:24:19.812603+00:00,
30d63777-602e-436c-89af-f006c04da6f6,monotonic_reads,network_partition,reader-1,read,mr-30d63777-602e-436c-89af-f006c04da6f6,,1848,QUORUM,ONE,cassandra-3,True,False,5.896,2026-09-16T06:24:19.813853+00:00,
30d63777-602e-436c-89af-f006c04da6f6,monotonic_reads,network_partition,reader-1,read,mr-30d63777-602e-436c-89af-f006c04da6f6,,1849,QUORUM,ONE,cassandra-1,True,False,6.998,2026-09-16T06:24:19.833029+00:00,
30d63777-602e-436c-89af-f006c04da6f6,monotonic_reads,network_partition,writer-1,write,mr-30d63777-602e-436c-89af-f006c04da6f6,1850,,,ONE,cassandra-1,True,False,3.524,2026-09-16T06:24:19.841780+00:00,
30d63777-602e-436c-89af-f006c04da6f6,monotonic_reads,network_partition,reader-1,read,mr-30d63777-602e-436c-89af-f006c04da6f6,,1850,QUORUM,ONE,cassandra-2,True,False,6.168,2026-09-16T06:24:19.852069+00:00,
30d63777-602e-436c-89af-f006c04da6f6,monotonic_reads,network_partition,writer-1,write,mr-30d63777-602e-436c-89af-f006c04da6f6,1851,,,ONE,cassandra-1,True,False,3.116,2026-09-16T06:24:19.866562+00:00,
30d63777-602e-436c-89af-f006c04da6f6,monotonic_reads,network_partition,reader-1,read,mr-30d63777-602e-436c-89af-f006c04da6f6,,1850,QUORUM,ONE,cassandra-3,True,False,5.553,2026-09-16T06:24:19.868495+00:00,
30d63777-602e-436c-89af-f006c04da6f6,monotonic_reads,network_partition,reader-1,read,mr-30d63777-602e-436c-89af-f006c04da6f6,,1851,QUORUM,ONE,cassandra-1,True,False,6.397,2026-09-16T06:24:19.887332+00:00,
30d63777-602e-436c-89af-f006c04da6f6,monotonic_reads,network_partition,writer-1,write,mr-30d63777-602e-436c-89af-f006c04da6f6,1852,,,ONE,cassandra-1,True,False,2.547,2026-09-16T06:24:19.891450+00:00,
30d63777-602e-436c-89af-f006c04da6f6,monotonic_reads,network_partition,reader-1,read,mr-30d63777-602e-436c-89af-f006c04da6f6,,1852,QUORUM,ONE,cassandra-2,True,False,3.996,2026-09-16T06:24:19.901744+00:00,
30d63777-602e-436c-89af-f006c04da6f6,monotonic_reads,network_partition,reader-1,read,mr-30d63777-602e-436c-89af-f006c04da6f6,,1852,QUORUM,ONE,cassandra-3,True,False,5.164,2026-09-16T06:24:19.917290+00:00,
30d63777-602e-436c-89af-f006c04da6f6,monotonic_reads,network_partition,writer-1,write,mr-30d63777-602e-436c-89af-f006c04da6f6,1853,,,ONE,cassandra-1,True,False,2.268,2026-09-16T06:24:19.918106+00:00,
30d63777-602e-436c-89af-f006c04da6f6,monotonic_reads,network_partition,reader-1,read,mr-30d63777-602e-436c-89af-f006c04da6f6,,1853,QUORUM,ONE,cassandra-1,True,False,4.889,2026-09-16T06:24:19.932823+00:00,
30d63777-602e-436c-89af-f006c04da6f6,monotonic_reads,network_partition,writer-1,write,mr-30d63777-602e-436c-89af-f006c04da6f6,1854,,,ONE,cassandra-1,True,False,3.502,2026-09-16T06:24:19.946701+00:00,
30d63777-602e-436c-89af-f006c04da6f6,monotonic_reads,network_partition,reader-1,read,mr-30d63777-602e-436c-89af-f006c04da6f6,,1853,QUORUM,ONE,cassandra-2,True,False,3.638,2026-09-16T06:24:19.947452+00:00,
30d63777-602e-436c-89af-f006c04da6f6,monotonic_reads,network_partition,reader-1,read,mr-30d63777-602e-436c-89af-f006c04da6f6,,1854,QUORUM,ONE,cassandra-3,True,False,5.832,2026-09-16T06:24:19.965769+00:00,
30d63777-602e-436c-89af-f006c04da6f6,monotonic_reads,network_partition,writer-1,write,mr-30d63777-602e-436c-89af-f006c04da6f6,1855,,,ONE,cassandra-1,True,False,2.507,2026-09-16T06:24:19.973801+00:00,
30d63777-602e-436c-89af-f006c04da6f6,monotonic_reads,network_partition,reader-1,read,mr-30d63777-602e-436c-89af-f006c04da6f6,,1855,QUORUM,ONE,cassandra-1,True,False,4.184,2026-09-16T06:24:19.982442+00:00,
30d63777-602e-436c-89af-f006c04da6f6,monotonic_reads,network_partition,reader-1,read,mr-30d63777-602e-436c-89af-f006c04da6f6,,1855,QUORUM,ONE,cassandra-2,True,False,4.285,2026-09-16T06:24:19.997207+00:00,
30d63777-602e-436c-89af-f006c04da6f6,monotonic_reads,network_partition,writer-1,write,mr-30d63777-602e-436c-89af-f006c04da6f6,1856,,,ONE,cassandra-1,True,False,2.38,2026-09-16T06:24:20.001294+00:00,
30d63777-602e-436c-89af-f006c04da6f6,monotonic_reads,network_partition,reader-1,read,mr-30d63777-602e-436c-89af-f006c04da6f6,,1856,QUORUM,ONE,cassandra-3,True,False,5.146,2026-09-16T06:24:20.015049+00:00,
30d63777-602e-436c-89af-f006c04da6f6,monotonic_reads,network_partition,writer-1,write,mr-30d63777-602e-436c-89af-f006c04da6f6,1857,,,ONE,cassandra-1,True,False,4.673,2026-09-16T06:24:20.027605+00:00,
30d63777-602e-436c-89af-f006c04da6f6,monotonic_reads,network_partition,reader-1,read,mr-30d63777-602e-436c-89af-f006c04da6f6,,1857,QUORUM,ONE,cassandra-1,True,False,8.673,2026-09-16T06:24:20.033972+00:00,
30d63777-602e-436c-89af-f006c04da6f6,monotonic_reads,network_partition,reader-1,read,mr-30d63777-602e-436c-89af-f006c04da6f6,,1857,QUORUM,ONE,cassandra-2,True,False,5.805,2026-09-16T06:24:20.051740+00:00,
30d63777-602e-436c-89af-f006c04da6f6,monotonic_reads,network_partition,writer-1,write,mr-30d63777-602e-436c-89af-f006c04da6f6,1858,,,ONE,cassandra-1,True,False,2.214,2026-09-16T06:24:20.054288+00:00,
30d63777-602e-436c-89af-f006c04da6f6,monotonic_reads,network_partition,reader-1,read,mr-30d63777-602e-436c-89af-f006c04da6f6,,1858,QUORUM,ONE,cassandra-3,True,False,4.834,2026-09-16T06:24:20.068748+00:00,
30d63777-602e-436c-89af-f006c04da6f6,monotonic_reads,network_partition,writer-1,write,mr-30d63777-602e-436c-89af-f006c04da6f6,1859,,,ONE,cassandra-1,True,False,3.557,2026-09-16T06:24:20.082826+00:00,
30d63777-602e-436c-89af-f006c04da6f6,monotonic_reads,network_partition,reader-1,read,mr-30d63777-602e-436c-89af-f006c04da6f6,,1858,QUORUM,ONE,cassandra-1,True,False,4.182,2026-09-16T06:24:20.084355+00:00,
30d63777-602e-436c-89af-f006c04da6f6,monotonic_reads,network_partition,reader-1,read,mr-30d63777-602e-436c-89af-f006c04da6f6,,1859,QUORUM,ONE,cassandra-2,True,False,6.085,2026-09-16T06:24:20.100994+00:00,
30d63777-602e-436c-89af-f006c04da6f6,monotonic_reads,network_partition,writer-1,write,mr-30d63777-602e-436c-89af-f006c04da6f6,1860,,,ONE,cassandra-1,True,False,3.811,2026-09-16T06:24:20.110686+00:00,
30d63777-602e-436c-89af-f006c04da6f6,monotonic_reads,network_partition,reader-1,read,mr-30d63777-602e-436c-89af-f006c04da6f6,,1860,QUORUM,ONE,cassandra-3,True,False,4.602,2026-09-16T06:24:20.117424+00:00,
30d63777-602e-436c-89af-f006c04da6f6,monotonic_reads,network_partition,reader-1,read,mr-30d63777-602e-436c-89af-f006c04da6f6,,1860,QUORUM,ONE,cassandra-1,True,False,5.612,2026-09-16T06:24:20.135763+00:00,
30d63777-602e-436c-89af-f006c04da6f6,monotonic_reads,network_partition,writer-1,write,mr-30d63777-602e-436c-89af-f006c04da6f6,1861,,,ONE,cassandra-1,True,False,3.448,2026-09-16T06:24:20.136363+00:00,
30d63777-602e-436c-89af-f006c04da6f6,monotonic_reads,network_partition,reader-1,read,mr-30d63777-602e-436c-89af-f006c04da6f6,,1861,QUORUM,ONE,cassandra-2,True,False,5.723,2026-09-16T06:24:20.152592+00:00,
30d63777-602e-436c-89af-f006c04da6f6,monotonic_reads,network_partition,writer-1,write,mr-30d63777-602e-436c-89af-f006c04da6f6,1862,,,ONE,cassandra-1,True,False,3.015,2026-09-16T06:24:20.163398+00:00,
30d63777-602e-436c-89af-f006c04da6f6,monotonic_reads,network_partition,reader-1,read,mr-30d63777-602e-436c-89af-f006c04da6f6,,1862,QUORUM,ONE,cassandra-3,True,False,4.955,2026-09-16T06:24:20.169897+00:00,
30d63777-602e-436c-89af-f006c04da6f6,monotonic_reads,network_partition,writer-1,write,mr-30d63777-602e-436c-89af-f006c04da6f6,1863,,,ONE,cassandra-1,True,False,2.539,2026-09-16T06:24:20.186454+00:00,
30d63777-602e-436c-89af-f006c04da6f6,monotonic_reads,network_partition,reader-1,read,mr-30d63777-602e-436c-89af-f006c04da6f6,,1862,QUORUM,ONE,cassandra-1,True,False,5.523,2026-09-16T06:24:20.188321+00:00,
30d63777-602e-436c-89af-f006c04da6f6,monotonic_reads,network_partition,reader-1,read,mr-30d63777-602e-436c-89af-f006c04da6f6,,1863,QUORUM,ONE,cassandra-2,True,False,6.149,2026-09-16T06:24:20.205122+00:00,
30d63777-602e-436c-89af-f006c04da6f6,monotonic_reads,network_partition,writer-1,write,mr-30d63777-602e-436c-89af-f006c04da6f6,1864,,,ONE,cassandra-1,True,False,3.633,2026-09-16T06:24:20.210557+00:00,
30d63777-602e-436c-89af-f006c04da6f6,monotonic_reads,network_partition,reader-1,read,mr-30d63777-602e-436c-89af-f006c04da6f6,,1864,QUORUM,ONE,cassandra-3,True,False,7.236,2026-09-16T06:24:20.224159+00:00,
30d63777-602e-436c-89af-f006c04da6f6,monotonic_reads,network_partition,writer-1,write,mr-30d63777-602e-436c-89af-f006c04da6f6,1865,,,ONE,cassandra-1,True,False,3.267,2026-09-16T06:24:20.234200+00:00,
30d63777-602e-436c-89af-f006c04da6f6,monotonic_reads,network_partition,reader-1,read,mr-30d63777-602e-436c-89af-f006c04da6f6,,1865,QUORUM,ONE,cassandra-1,True,False,4.037,2026-09-16T06:24:20.239939+00:00,
30d63777-602e-436c-89af-f006c04da6f6,monotonic_reads,network_partition,reader-1,read,mr-30d63777-602e-436c-89af-f006c04da6f6,,1865,QUORUM,ONE,cassandra-2,True,False,5.182,2026-09-16T06:24:20.256288+00:00,
30d63777-602e-436c-89af-f006c04da6f6,monotonic_reads,network_partition,writer-1,write,mr-30d63777-602e-436c-89af-f006c04da6f6,1866,,,ONE,cassandra-1,True,False,1.571,2026-09-16T06:24:20.257667+00:00,
30d63777-602e-436c-89af-f006c04da6f6,monotonic_reads,network_partition,reader-1,read,mr-30d63777-602e-436c-89af-f006c04da6f6,,1866,QUORUM,ONE,cassandra-3,True,False,5.74,2026-09-16T06:24:20.274088+00:00,
30d63777-602e-436c-89af-f006c04da6f6,monotonic_reads,network_partition,writer-1,write,mr-30d63777-602e-436c-89af-f006c04da6f6,1867,,,ONE,cassandra-1,True,False,2.209,2026-09-16T06:24:20.280134+00:00,
30d63777-602e-436c-89af-f006c04da6f6,monotonic_reads,network_partition,reader-1,read,mr-30d63777-602e-436c-89af-f006c04da6f6,,1867,QUORUM,ONE,cassandra-1,True,False,4.345,2026-09-16T06:24:20.289279+00:00,
30d63777-602e-436c-89af-f006c04da6f6,monotonic_reads,network_partition,reader-1,read,mr-30d63777-602e-436c-89af-f006c04da6f6,,1867,QUORUM,ONE,cassandra-2,True,False,5.499,2026-09-16T06:24:20.305425+00:00,
30d63777-602e-436c-89af-f006c04da6f6,monotonic_reads,network_partition,writer-1,write,mr-30d63777-602e-436c-89af-f006c04da6f6,1868,,,ONE,cassandra-1,True,False,2.938,2026-09-16T06:24:20.305817+00:00,
30d63777-602e-436c-89af-f006c04da6f6,monotonic_reads,network_partition,reader-1,read,mr-30d63777-602e-436c-89af-f006c04da6f6,,1868,QUORUM,ONE,cassandra-3,True,False,4.442,2026-09-16T06:24:20.321382+00:00,
30d63777-602e-436c-89af-f006c04da6f6,monotonic_reads,network_partition,writer-1,write,mr-30d63777-602e-436c-89af-f006c04da6f6,1869,,,ONE,cassandra-1,True,False,2.526,2026-09-16T06:24:20.329444+00:00,
30d63777-602e-436c-89af-f006c04da6f6,monotonic_reads,network_partition,reader-1,read,mr-30d63777-602e-436c-89af-f006c04da6f6,,1869,QUORUM,ONE,cassandra-1,True,False,7.278,2026-09-16T06:24:20.341368+00:00,
30d63777-602e-436c-89af-f006c04da6f6,monotonic_reads,network_partition,writer-1,write,mr-30d63777-602e-436c-89af-f006c04da6f6,1870,,,ONE,cassandra-1,True,False,2.269,2026-09-16T06:24:20.354553+00:00,
30d63777-602e-436c-89af-f006c04da6f6,monotonic_reads,network_partition,reader-1,read,mr-30d63777-602e-436c-89af-f006c04da6f6,,1870,QUORUM,ONE,cassandra-2,True,False,6.943,2026-09-16T06:24:20.358860+00:00,
30d63777-602e-436c-89af-f006c04da6f6,monotonic_reads,network_partition,reader-1,read,mr-30d63777-602e-436c-89af-f006c04da6f6,,1870,QUORUM,ONE,cassandra-3,True,False,6.006,2026-09-16T06:24:20.377539+00:00,
30d63777-602e-436c-89af-f006c04da6f6,monotonic_reads,network_partition,writer-1,write,mr-30d63777-602e-436c-89af-f006c04da6f6,1871,,,ONE,cassandra-1,True,False,3.219,2026-09-16T06:24:20.378129+00:00,
30d63777-602e-436c-89af-f006c04da6f6,monotonic_reads,network_partition,reader-1,read,mr-30d63777-602e-436c-89af-f006c04da6f6,,1871,QUORUM,ONE,cassandra-1,True,False,5.271,2026-09-16T06:24:20.394494+00:00,
30d63777-602e-436c-89af-f006c04da6f6,monotonic_reads,network_partition,writer-1,write,mr-30d63777-602e-436c-89af-f006c04da6f6,1872,,,ONE,cassandra-1,True,False,3.093,2026-09-16T06:24:20.405020+00:00,
30d63777-602e-436c-89af-f006c04da6f6,monotonic_reads,network_partition,reader-1,read,mr-30d63777-602e-436c-89af-f006c04da6f6,,1872,QUORUM,ONE,cassandra-2,True,False,4.016,2026-09-16T06:24:20.409144+00:00,
30d63777-602e-436c-89af-f006c04da6f6,monotonic_reads,network_partition,reader-1,read,mr-30d63777-602e-436c-89af-f006c04da6f6,,1872,QUORUM,ONE,cassandra-3,True,False,5.682,2026-09-16T06:24:20.425840+00:00,
30d63777-602e-436c-89af-f006c04da6f6,monotonic_reads,network_partition,writer-1,write,mr-30d63777-602e-436c-89af-f006c04da6f6,1873,,,ONE,cassandra-1,True,False,2.347,2026-09-16T06:24:20.431259+00:00,
30d63777-602e-436c-89af-f006c04da6f6,monotonic_reads,network_partition,reader-1,read,mr-30d63777-602e-436c-89af-f006c04da6f6,,1873,QUORUM,ONE,cassandra-1,True,False,4.815,2026-09-16T06:24:20.441734+00:00,
30d63777-602e-436c-89af-f006c04da6f6,monotonic_reads,network_partition,reader-1,read,mr-30d63777-602e-436c-89af-f006c04da6f6,,1873,QUORUM,ONE,cassandra-2,True,False,5.833,2026-09-16T06:24:20.458606+00:00,
30d63777-602e-436c-89af-f006c04da6f6,monotonic_reads,network_partition,writer-1,write,mr-30d63777-602e-436c-89af-f006c04da6f6,1874,,,ONE,cassandra-1,True,False,3.079,2026-09-16T06:24:20.458887+00:00,
30d63777-602e-436c-89af-f006c04da6f6,monotonic_reads,network_partition,reader-1,read,mr-30d63777-602e-436c-89af-f006c04da6f6,,1874,QUORUM,ONE,cassandra-3,True,False,5.617,2026-09-16T06:24:20.475559+00:00,
30d63777-602e-436c-89af-f006c04da6f6,monotonic_reads,network_partition,writer-1,write,mr-30d63777-602e-436c-89af-f006c04da6f6,1875,,,ONE,cassandra-1,True,False,2.569,2026-09-16T06:24:20.486586+00:00,
30d63777-602e-436c-89af-f006c04da6f6,monotonic_reads,network_partition,reader-1,read,mr-30d63777-602e-436c-89af-f006c04da6f6,,1875,QUORUM,ONE,cassandra-1,True,False,4.063,2026-09-16T06:24:20.492000+00:00,
30d63777-602e-436c-89af-f006c04da6f6,monotonic_reads,network_partition,reader-1,read,mr-30d63777-602e-436c-89af-f006c04da6f6,,1875,QUORUM,ONE,cassandra-2,True,False,6.101,2026-09-16T06:24:20.510048+00:00,
30d63777-602e-436c-89af-f006c04da6f6,monotonic_reads,network_partition,writer-1,write,mr-30d63777-602e-436c-89af-f006c04da6f6,1876,,,ONE,cassandra-1,True,False,3.387,2026-09-16T06:24:20.512102+00:00,
30d63777-602e-436c-89af-f006c04da6f6,monotonic_reads,network_partition,reader-1,read,mr-30d63777-602e-436c-89af-f006c04da6f6,,1876,QUORUM,ONE,cassandra-3,True,False,5.137,2026-09-16T06:24:20.526584+00:00,
30d63777-602e-436c-89af-f006c04da6f6,monotonic_reads,network_partition,writer-1,write,mr-30d63777-602e-436c-89af-f006c04da6f6,1877,,,ONE,cassandra-1,True,False,2.852,2026-09-16T06:24:20.538784+00:00,
30d63777-602e-436c-89af-f006c04da6f6,monotonic_reads,network_partition,reader-1,read,mr-30d63777-602e-436c-89af-f006c04da6f6,,1877,QUORUM,ONE,cassandra-1,True,False,4.786,2026-09-16T06:24:20.542485+00:00,
30d63777-602e-436c-89af-f006c04da6f6,monotonic_reads,network_partition,reader-1,read,mr-30d63777-602e-436c-89af-f006c04da6f6,,1877,QUORUM,ONE,cassandra-2,True,False,3.822,2026-09-16T06:24:20.558748+00:00,
30d63777-602e-436c-89af-f006c04da6f6,monotonic_reads,network_partition,writer-1,write,mr-30d63777-602e-436c-89af-f006c04da6f6,1878,,,ONE,cassandra-1,True,False,1.395,2026-09-16T06:24:20.564660+00:00,
30d63777-602e-436c-89af-f006c04da6f6,monotonic_reads,network_partition,reader-1,read,mr-30d63777-602e-436c-89af-f006c04da6f6,,1878,QUORUM,ONE,cassandra-3,True,False,3.773,2026-09-16T06:24:20.574736+00:00,
30d63777-602e-436c-89af-f006c04da6f6,monotonic_reads,network_partition,writer-1,write,mr-30d63777-602e-436c-89af-f006c04da6f6,1879,,,ONE,cassandra-1,True,False,3.906,2026-09-16T06:24:20.588934+00:00,
30d63777-602e-436c-89af-f006c04da6f6,monotonic_reads,network_partition,reader-1,read,mr-30d63777-602e-436c-89af-f006c04da6f6,,1878,QUORUM,ONE,cassandra-1,True,False,4.354,2026-09-16T06:24:20.590383+00:00,
30d63777-602e-436c-89af-f006c04da6f6,monotonic_reads,network_partition,reader-1,read,mr-30d63777-602e-436c-89af-f006c04da6f6,,1879,QUORUM,ONE,cassandra-2,True,False,3.801,2026-09-16T06:24:20.605712+00:00,
30d63777-602e-436c-89af-f006c04da6f6,monotonic_reads,network_partition,writer-1,write,mr-30d63777-602e-436c-89af-f006c04da6f6,1880,,,ONE,cassandra-1,True,False,3.588,2026-09-16T06:24:20.613524+00:00,
30d63777-602e-436c-89af-f006c04da6f6,monotonic_reads,network_partition,reader-1,read,mr-30d63777-602e-436c-89af-f006c04da6f6,,1880,QUORUM,ONE,cassandra-3,True,False,4.023,2026-09-16T06:24:20.619922+00:00,
30d63777-602e-436c-89af-f006c04da6f6,monotonic_reads,network_partition,reader-1,read,mr-30d63777-602e-436c-89af-f006c04da6f6,,1880,QUORUM,ONE,cassandra-1,True,False,4.774,2026-09-16T06:24:20.636675+00:00,
30d63777-602e-436c-89af-f006c04da6f6,monotonic_reads,network_partition,writer-1,write,mr-30d63777-602e-436c-89af-f006c04da6f6,1881,,,ONE,cassandra-1,True,False,3.385,2026-09-16T06:24:20.637527+00:00,
30d63777-602e-436c-89af-f006c04da6f6,monotonic_reads,network_partition,reader-1,read,mr-30d63777-602e-436c-89af-f006c04da6f6,,1881,QUORUM,ONE,cassandra-2,True,False,4.598,2026-09-16T06:24:20.651511+00:00,
30d63777-602e-436c-89af-f006c04da6f6,monotonic_reads,network_partition,writer-1,write,mr-30d63777-602e-436c-89af-f006c04da6f6,1882,,,ONE,cassandra-1,True,False,3.012,2026-09-16T06:24:20.660938+00:00,
30d63777-602e-436c-89af-f006c04da6f6,monotonic_reads,network_partition,reader-1,read,mr-30d63777-602e-436c-89af-f006c04da6f6,,1882,QUORUM,ONE,cassandra-3,True,False,4.207,2026-09-16T06:24:20.667097+00:00,
30d63777-602e-436c-89af-f006c04da6f6,monotonic_reads,network_partition,reader-1,read,mr-30d63777-602e-436c-89af-f006c04da6f6,,1882,QUORUM,ONE,cassandra-1,True,False,6.034,2026-09-16T06:24:20.683976+00:00,
30d63777-602e-436c-89af-f006c04da6f6,monotonic_reads,network_partition,writer-1,write,mr-30d63777-602e-436c-89af-f006c04da6f6,1883,,,ONE,cassandra-1,True,False,2.974,2026-09-16T06:24:20.688902+00:00,
30d63777-602e-436c-89af-f006c04da6f6,monotonic_reads,network_partition,reader-1,read,mr-30d63777-602e-436c-89af-f006c04da6f6,,1883,QUORUM,ONE,cassandra-2,True,False,5.11,2026-09-16T06:24:20.701785+00:00,
30d63777-602e-436c-89af-f006c04da6f6,monotonic_reads,network_partition,writer-1,write,mr-30d63777-602e-436c-89af-f006c04da6f6,1884,,,ONE,cassandra-1,True,False,2.731,2026-09-16T06:24:20.716689+00:00,
30d63777-602e-436c-89af-f006c04da6f6,monotonic_reads,network_partition,reader-1,read,mr-30d63777-602e-436c-89af-f006c04da6f6,,1883,QUORUM,ONE,cassandra-3,True,False,4.563,2026-09-16T06:24:20.717476+00:00,
30d63777-602e-436c-89af-f006c04da6f6,monotonic_reads,network_partition,reader-1,read,mr-30d63777-602e-436c-89af-f006c04da6f6,,1884,QUORUM,ONE,cassandra-1,True,False,5.798,2026-09-16T06:24:20.733719+00:00,
30d63777-602e-436c-89af-f006c04da6f6,monotonic_reads,network_partition,writer-1,write,mr-30d63777-602e-436c-89af-f006c04da6f6,1885,,,ONE,cassandra-1,True,False,2.488,2026-09-16T06:24:20.743420+00:00,
30d63777-602e-436c-89af-f006c04da6f6,monotonic_reads,network_partition,reader-1,read,mr-30d63777-602e-436c-89af-f006c04da6f6,,1885,QUORUM,ONE,cassandra-2,True,False,4.681,2026-09-16T06:24:20.749492+00:00,
30d63777-602e-436c-89af-f006c04da6f6,monotonic_reads,network_partition,reader-1,read,mr-30d63777-602e-436c-89af-f006c04da6f6,,1885,QUORUM,ONE,cassandra-3,True,False,4.617,2026-09-16T06:24:20.765570+00:00,
30d63777-602e-436c-89af-f006c04da6f6,monotonic_reads,network_partition,writer-1,write,mr-30d63777-602e-436c-89af-f006c04da6f6,1886,,,ONE,cassandra-1,True,False,2.592,2026-09-16T06:24:20.770817+00:00,
30d63777-602e-436c-89af-f006c04da6f6,monotonic_reads,network_partition,reader-1,read,mr-30d63777-602e-436c-89af-f006c04da6f6,,1886,QUORUM,ONE,cassandra-1,True,False,4.414,2026-09-16T06:24:20.780194+00:00,
30d63777-602e-436c-89af-f006c04da6f6,monotonic_reads,network_partition,writer-1,write,mr-30d63777-602e-436c-89af-f006c04da6f6,1887,,,ONE,cassandra-1,True,False,2.883,2026-09-16T06:24:20.795804+00:00,
30d63777-602e-436c-89af-f006c04da6f6,monotonic_reads,network_partition,reader-1,read,mr-30d63777-602e-436c-89af-f006c04da6f6,,1886,QUORUM,ONE,cassandra-2,True,False,5.573,2026-09-16T06:24:20.796491+00:00,
30d63777-602e-436c-89af-f006c04da6f6,monotonic_reads,network_partition,reader-1,read,mr-30d63777-602e-436c-89af-f006c04da6f6,,1887,QUORUM,ONE,cassandra-3,True,False,4.067,2026-09-16T06:24:20.811009+00:00,
30d63777-602e-436c-89af-f006c04da6f6,monotonic_reads,network_partition,writer-1,write,mr-30d63777-602e-436c-89af-f006c04da6f6,1888,,,ONE,cassandra-1,True,False,2.772,2026-09-16T06:24:20.823699+00:00,
30d63777-602e-436c-89af-f006c04da6f6,monotonic_reads,network_partition,reader-1,read,mr-30d63777-602e-436c-89af-f006c04da6f6,,1888,QUORUM,ONE,cassandra-1,True,False,4.803,2026-09-16T06:24:20.827930+00:00,
30d63777-602e-436c-89af-f006c04da6f6,monotonic_reads,network_partition,reader-1,read,mr-30d63777-602e-436c-89af-f006c04da6f6,,1888,QUORUM,ONE,cassandra-2,True,False,5.853,2026-09-16T06:24:20.846427+00:00,
30d63777-602e-436c-89af-f006c04da6f6,monotonic_reads,network_partition,writer-1,write,mr-30d63777-602e-436c-89af-f006c04da6f6,1889,,,ONE,cassandra-1,True,False,2.54,2026-09-16T06:24:20.850474+00:00,
30d63777-602e-436c-89af-f006c04da6f6,monotonic_reads,network_partition,reader-1,read,mr-30d63777-602e-436c-89af-f006c04da6f6,,1889,QUORUM,ONE,cassandra-3,True,False,13.295,2026-09-16T06:24:20.872413+00:00,
30d63777-602e-436c-89af-f006c04da6f6,monotonic_reads,network_partition,writer-1,write,mr-30d63777-602e-436c-89af-f006c04da6f6,1890,,,ONE,cassandra-1,True,False,2.484,2026-09-16T06:24:20.873445+00:00,
30d63777-602e-436c-89af-f006c04da6f6,monotonic_reads,network_partition,reader-1,read,mr-30d63777-602e-436c-89af-f006c04da6f6,,1890,QUORUM,ONE,cassandra-1,True,False,3.199,2026-09-16T06:24:20.888181+00:00,
30d63777-602e-436c-89af-f006c04da6f6,monotonic_reads,network_partition,writer-1,write,mr-30d63777-602e-436c-89af-f006c04da6f6,1891,,,ONE,cassandra-1,True,False,2.969,2026-09-16T06:24:20.901251+00:00,
30d63777-602e-436c-89af-f006c04da6f6,monotonic_reads,network_partition,reader-1,read,mr-30d63777-602e-436c-89af-f006c04da6f6,,1891,QUORUM,ONE,cassandra-2,True,False,6.232,2026-09-16T06:24:20.905370+00:00,
30d63777-602e-436c-89af-f006c04da6f6,monotonic_reads,network_partition,reader-1,read,mr-30d63777-602e-436c-89af-f006c04da6f6,,1891,QUORUM,ONE,cassandra-3,True,False,5.572,2026-09-16T06:24:20.922622+00:00,
30d63777-602e-436c-89af-f006c04da6f6,monotonic_reads,network_partition,writer-1,write,mr-30d63777-602e-436c-89af-f006c04da6f6,1892,,,ONE,cassandra-1,True,False,1.821,2026-09-16T06:24:20.927744+00:00,
30d63777-602e-436c-89af-f006c04da6f6,monotonic_reads,network_partition,reader-1,read,mr-30d63777-602e-436c-89af-f006c04da6f6,,1892,QUORUM,ONE,cassandra-1,True,False,5.278,2026-09-16T06:24:20.940277+00:00,
30d63777-602e-436c-89af-f006c04da6f6,monotonic_reads,network_partition,writer-1,write,mr-30d63777-602e-436c-89af-f006c04da6f6,1893,,,ONE,cassandra-1,True,False,3.04,2026-09-16T06:24:20.952358+00:00,
30d63777-602e-436c-89af-f006c04da6f6,monotonic_reads,network_partition,reader-1,read,mr-30d63777-602e-436c-89af-f006c04da6f6,,1893,QUORUM,ONE,cassandra-2,True,False,4.581,2026-09-16T06:24:20.957538+00:00,
30d63777-602e-436c-89af-f006c04da6f6,monotonic_reads,network_partition,reader-1,read,mr-30d63777-602e-436c-89af-f006c04da6f6,,1893,QUORUM,ONE,cassandra-3,True,False,5.714,2026-09-16T06:24:20.974656+00:00,
30d63777-602e-436c-89af-f006c04da6f6,monotonic_reads,network_partition,writer-1,write,mr-30d63777-602e-436c-89af-f006c04da6f6,1894,,,ONE,cassandra-1,True,False,3.697,2026-09-16T06:24:20.977249+00:00,
30d63777-602e-436c-89af-f006c04da6f6,monotonic_reads,network_partition,reader-1,read,mr-30d63777-602e-436c-89af-f006c04da6f6,,1894,QUORUM,ONE,cassandra-1,True,False,5.041,2026-09-16T06:24:20.992054+00:00,
30d63777-602e-436c-89af-f006c04da6f6,monotonic_reads,network_partition,writer-1,write,mr-30d63777-602e-436c-89af-f006c04da6f6,1895,,,ONE,cassandra-1,True,False,3.91,2026-09-16T06:24:21.003333+00:00,
30d63777-602e-436c-89af-f006c04da6f6,monotonic_reads,network_partition,reader-1,read,mr-30d63777-602e-436c-89af-f006c04da6f6,,1895,QUORUM,ONE,cassandra-2,True,False,4.843,2026-09-16T06:24:21.007396+00:00,
30d63777-602e-436c-89af-f006c04da6f6,monotonic_reads,network_partition,reader-1,read,mr-30d63777-602e-436c-89af-f006c04da6f6,,1895,QUORUM,ONE,cassandra-3,True,False,6.003,2026-09-16T06:24:21.025931+00:00,
30d63777-602e-436c-89af-f006c04da6f6,monotonic_reads,network_partition,writer-1,write,mr-30d63777-602e-436c-89af-f006c04da6f6,1896,,,ONE,cassandra-1,True,False,2.294,2026-09-16T06:24:21.030208+00:00,
30d63777-602e-436c-89af-f006c04da6f6,monotonic_reads,network_partition,reader-1,read,mr-30d63777-602e-436c-89af-f006c04da6f6,,1896,QUORUM,ONE,cassandra-1,True,False,5.839,2026-09-16T06:24:21.042786+00:00,
30d63777-602e-436c-89af-f006c04da6f6,monotonic_reads,network_partition,writer-1,write,mr-30d63777-602e-436c-89af-f006c04da6f6,1897,,,ONE,cassandra-1,True,False,2.571,2026-09-16T06:24:21.053989+00:00,
30d63777-602e-436c-89af-f006c04da6f6,monotonic_reads,network_partition,reader-1,read,mr-30d63777-602e-436c-89af-f006c04da6f6,,1897,QUORUM,ONE,cassandra-2,True,False,4.626,2026-09-16T06:24:21.057997+00:00,
30d63777-602e-436c-89af-f006c04da6f6,monotonic_reads,network_partition,reader-1,read,mr-30d63777-602e-436c-89af-f006c04da6f6,,1897,QUORUM,ONE,cassandra-3,True,False,6.389,2026-09-16T06:24:21.076830+00:00,
30d63777-602e-436c-89af-f006c04da6f6,monotonic_reads,network_partition,writer-1,write,mr-30d63777-602e-436c-89af-f006c04da6f6,1898,,,ONE,cassandra-1,True,False,4.226,2026-09-16T06:24:21.078956+00:00,
30d63777-602e-436c-89af-f006c04da6f6,monotonic_reads,network_partition,reader-1,read,mr-30d63777-602e-436c-89af-f006c04da6f6,,1898,QUORUM,ONE,cassandra-1,True,False,5.707,2026-09-16T06:24:21.093639+00:00,
30d63777-602e-436c-89af-f006c04da6f6,monotonic_reads,network_partition,writer-1,write,mr-30d63777-602e-436c-89af-f006c04da6f6,1899,,,ONE,cassandra-1,True,False,3.133,2026-09-16T06:24:21.103540+00:00,
30d63777-602e-436c-89af-f006c04da6f6,monotonic_reads,network_partition,reader-1,read,mr-30d63777-602e-436c-89af-f006c04da6f6,,1899,QUORUM,ONE,cassandra-2,True,False,3.788,2026-09-16T06:24:21.108689+00:00,
30d63777-602e-436c-89af-f006c04da6f6,monotonic_reads,network_partition,reader-1,read,mr-30d63777-602e-436c-89af-f006c04da6f6,,1899,QUORUM,ONE,cassandra-3,True,False,5.702,2026-09-16T06:24:21.126678+00:00,
30d63777-602e-436c-89af-f006c04da6f6,monotonic_reads,network_partition,writer-1,write,mr-30d63777-602e-436c-89af-f006c04da6f6,1900,,,ONE,cassandra-1,True,False,2.197,2026-09-16T06:24:21.130638+00:00,
30d63777-602e-436c-89af-f006c04da6f6,monotonic_reads,network_partition,reader-1,read,mr-30d63777-602e-436c-89af-f006c04da6f6,,1900,QUORUM,ONE,cassandra-1,True,False,5.021,2026-09-16T06:24:21.143319+00:00,
30d63777-602e-436c-89af-f006c04da6f6,monotonic_reads,network_partition,writer-1,write,mr-30d63777-602e-436c-89af-f006c04da6f6,1901,,,ONE,cassandra-1,True,False,2.919,2026-09-16T06:24:21.155845+00:00,
30d63777-602e-436c-89af-f006c04da6f6,monotonic_reads,network_partition,reader-1,read,mr-30d63777-602e-436c-89af-f006c04da6f6,,1901,QUORUM,ONE,cassandra-2,True,False,5.161,2026-09-16T06:24:21.160279+00:00,
30d63777-602e-436c-89af-f006c04da6f6,monotonic_reads,network_partition,reader-1,read,mr-30d63777-602e-436c-89af-f006c04da6f6,,1901,QUORUM,ONE,cassandra-3,True,False,5.578,2026-09-16T06:24:21.178470+00:00,
30d63777-602e-436c-89af-f006c04da6f6,monotonic_reads,network_partition,writer-1,write,mr-30d63777-602e-436c-89af-f006c04da6f6,1902,,,ONE,cassandra-1,True,False,2.331,2026-09-16T06:24:21.181267+00:00,
30d63777-602e-436c-89af-f006c04da6f6,monotonic_reads,network_partition,reader-1,read,mr-30d63777-602e-436c-89af-f006c04da6f6,,1902,QUORUM,ONE,cassandra-1,True,False,4.413,2026-09-16T06:24:21.194339+00:00,
30d63777-602e-436c-89af-f006c04da6f6,monotonic_reads,network_partition,writer-1,write,mr-30d63777-602e-436c-89af-f006c04da6f6,1903,,,ONE,cassandra-1,True,False,3.002,2026-09-16T06:24:21.205929+00:00,
30d63777-602e-436c-89af-f006c04da6f6,monotonic_reads,network_partition,reader-1,read,mr-30d63777-602e-436c-89af-f006c04da6f6,,1903,QUORUM,ONE,cassandra-2,True,False,5.158,2026-09-16T06:24:21.212140+00:00,
30d63777-602e-436c-89af-f006c04da6f6,monotonic_reads,network_partition,reader-1,read,mr-30d63777-602e-436c-89af-f006c04da6f6,,1903,QUORUM,ONE,cassandra-3,True,False,3.806,2026-09-16T06:24:21.227716+00:00,
30d63777-602e-436c-89af-f006c04da6f6,monotonic_reads,network_partition,writer-1,write,mr-30d63777-602e-436c-89af-f006c04da6f6,1904,,,ONE,cassandra-1,True,False,1.685,2026-09-16T06:24:21.228576+00:00,
30d63777-602e-436c-89af-f006c04da6f6,monotonic_reads,network_partition,reader-1,read,mr-30d63777-602e-436c-89af-f006c04da6f6,,1904,QUORUM,ONE,cassandra-1,True,False,5.711,2026-09-16T06:24:21.243664+00:00,
30d63777-602e-436c-89af-f006c04da6f6,monotonic_reads,network_partition,writer-1,write,mr-30d63777-602e-436c-89af-f006c04da6f6,1905,,,ONE,cassandra-1,True,False,2.914,2026-09-16T06:24:21.251832+00:00,
30d63777-602e-436c-89af-f006c04da6f6,monotonic_reads,network_partition,reader-1,read,mr-30d63777-602e-436c-89af-f006c04da6f6,,1905,QUORUM,ONE,cassandra-2,True,False,5.427,2026-09-16T06:24:21.259528+00:00,
30d63777-602e-436c-89af-f006c04da6f6,monotonic_reads,network_partition,reader-1,read,mr-30d63777-602e-436c-89af-f006c04da6f6,,1905,QUORUM,ONE,cassandra-3,True,False,3.765,2026-09-16T06:24:21.275200+00:00,
30d63777-602e-436c-89af-f006c04da6f6,monotonic_reads,network_partition,writer-1,write,mr-30d63777-602e-436c-89af-f006c04da6f6,1906,,,ONE,cassandra-1,True,False,1.771,2026-09-16T06:24:21.277538+00:00,
30d63777-602e-436c-89af-f006c04da6f6,monotonic_reads,network_partition,reader-1,read,mr-30d63777-602e-436c-89af-f006c04da6f6,,1906,QUORUM,ONE,cassandra-1,True,False,3.91,2026-09-16T06:24:21.291739+00:00,
30d63777-602e-436c-89af-f006c04da6f6,monotonic_reads,network_partition,writer-1,write,mr-30d63777-602e-436c-89af-f006c04da6f6,1907,,,ONE,cassandra-1,True,False,4.195,2026-09-16T06:24:21.303489+00:00,
30d63777-602e-436c-89af-f006c04da6f6,monotonic_reads,network_partition,reader-1,read,mr-30d63777-602e-436c-89af-f006c04da6f6,,1907,QUORUM,ONE,cassandra-2,True,False,4.213,2026-09-16T06:24:21.307023+00:00,
30d63777-602e-436c-89af-f006c04da6f6,monotonic_reads,network_partition,reader-1,read,mr-30d63777-602e-436c-89af-f006c04da6f6,,1907,QUORUM,ONE,cassandra-3,True,False,5.467,2026-09-16T06:24:21.323760+00:00,
30d63777-602e-436c-89af-f006c04da6f6,monotonic_reads,network_partition,writer-1,write,mr-30d63777-602e-436c-89af-f006c04da6f6,1908,,,ONE,cassandra-1,True,False,2.208,2026-09-16T06:24:21.326119+00:00,
30d63777-602e-436c-89af-f006c04da6f6,monotonic_reads,network_partition,reader-1,read,mr-30d63777-602e-436c-89af-f006c04da6f6,,1908,QUORUM,ONE,cassandra-1,True,False,5.428,2026-09-16T06:24:21.340363+00:00,
30d63777-602e-436c-89af-f006c04da6f6,monotonic_reads,network_partition,writer-1,write,mr-30d63777-602e-436c-89af-f006c04da6f6,1909,,,ONE,cassandra-1,True,False,2.413,2026-09-16T06:24:21.353348+00:00,
30d63777-602e-436c-89af-f006c04da6f6,monotonic_reads,network_partition,reader-1,read,mr-30d63777-602e-436c-89af-f006c04da6f6,,1909,QUORUM,ONE,cassandra-2,True,False,4.984,2026-09-16T06:24:21.357652+00:00,
30d63777-602e-436c-89af-f006c04da6f6,monotonic_reads,network_partition,reader-1,read,mr-30d63777-602e-436c-89af-f006c04da6f6,,1909,QUORUM,ONE,cassandra-3,True,False,4.782,2026-09-16T06:24:21.372705+00:00,
30d63777-602e-436c-89af-f006c04da6f6,monotonic_reads,network_partition,writer-1,write,mr-30d63777-602e-436c-89af-f006c04da6f6,1910,,,ONE,cassandra-1,True,False,2.67,2026-09-16T06:24:21.376583+00:00,
30d63777-602e-436c-89af-f006c04da6f6,monotonic_reads,network_partition,reader-1,read,mr-30d63777-602e-436c-89af-f006c04da6f6,,1910,QUORUM,ONE,cassandra-1,True,False,4.798,2026-09-16T06:24:21.388311+00:00,
30d63777-602e-436c-89af-f006c04da6f6,monotonic_reads,network_partition,writer-1,write,mr-30d63777-602e-436c-89af-f006c04da6f6,1911,,,ONE,cassandra-1,True,False,2.456,2026-09-16T06:24:21.403797+00:00,
30d63777-602e-436c-89af-f006c04da6f6,monotonic_reads,network_partition,reader-1,read,mr-30d63777-602e-436c-89af-f006c04da6f6,,1910,QUORUM,ONE,cassandra-2,True,False,5.795,2026-09-16T06:24:21.404713+00:00,
30d63777-602e-436c-89af-f006c04da6f6,monotonic_reads,network_partition,reader-1,read,mr-30d63777-602e-436c-89af-f006c04da6f6,,1911,QUORUM,ONE,cassandra-3,True,False,5.394,2026-09-16T06:24:21.420813+00:00,
30d63777-602e-436c-89af-f006c04da6f6,monotonic_reads,network_partition,writer-1,write,mr-30d63777-602e-436c-89af-f006c04da6f6,1912,,,ONE,cassandra-1,True,False,2.321,2026-09-16T06:24:21.430233+00:00,
30d63777-602e-436c-89af-f006c04da6f6,monotonic_reads,network_partition,reader-1,read,mr-30d63777-602e-436c-89af-f006c04da6f6,,1912,QUORUM,ONE,cassandra-1,True,False,4.273,2026-09-16T06:24:21.437050+00:00,
30d63777-602e-436c-89af-f006c04da6f6,monotonic_reads,network_partition,reader-1,read,mr-30d63777-602e-436c-89af-f006c04da6f6,,1912,QUORUM,ONE,cassandra-2,True,False,5.456,2026-09-16T06:24:21.454795+00:00,
30d63777-602e-436c-89af-f006c04da6f6,monotonic_reads,network_partition,writer-1,write,mr-30d63777-602e-436c-89af-f006c04da6f6,1913,,,ONE,cassandra-1,True,False,3.463,2026-09-16T06:24:21.455224+00:00,
30d63777-602e-436c-89af-f006c04da6f6,monotonic_reads,network_partition,reader-1,read,mr-30d63777-602e-436c-89af-f006c04da6f6,,1913,QUORUM,ONE,cassandra-3,True,False,7.042,2026-09-16T06:24:21.473800+00:00,
30d63777-602e-436c-89af-f006c04da6f6,monotonic_reads,network_partition,writer-1,write,mr-30d63777-602e-436c-89af-f006c04da6f6,1914,,,ONE,cassandra-1,True,False,2.764,2026-09-16T06:24:21.482640+00:00,
30d63777-602e-436c-89af-f006c04da6f6,monotonic_reads,network_partition,reader-1,read,mr-30d63777-602e-436c-89af-f006c04da6f6,,1914,QUORUM,ONE,cassandra-1,True,False,5.37,2026-09-16T06:24:21.490292+00:00,
30d63777-602e-436c-89af-f006c04da6f6,monotonic_reads,network_partition,reader-1,read,mr-30d63777-602e-436c-89af-f006c04da6f6,,1914,QUORUM,ONE,cassandra-2,True,False,5.459,2026-09-16T06:24:21.507397+00:00,
30d63777-602e-436c-89af-f006c04da6f6,monotonic_reads,network_partition,writer-1,write,mr-30d63777-602e-436c-89af-f006c04da6f6,1915,,,ONE,cassandra-1,True,False,3.422,2026-09-16T06:24:21.508356+00:00,
30d63777-602e-436c-89af-f006c04da6f6,monotonic_reads,network_partition,reader-1,read,mr-30d63777-602e-436c-89af-f006c04da6f6,,1915,QUORUM,ONE,cassandra-3,True,False,5.833,2026-09-16T06:24:21.524843+00:00,
30d63777-602e-436c-89af-f006c04da6f6,monotonic_reads,network_partition,writer-1,write,mr-30d63777-602e-436c-89af-f006c04da6f6,1916,,,ONE,cassandra-1,True,False,3.614,2026-09-16T06:24:21.536925+00:00,
30d63777-602e-436c-89af-f006c04da6f6,monotonic_reads,network_partition,reader-1,read,mr-30d63777-602e-436c-89af-f006c04da6f6,,1916,QUORUM,ONE,cassandra-1,True,False,5.259,2026-09-16T06:24:21.541261+00:00,
30d63777-602e-436c-89af-f006c04da6f6,monotonic_reads,network_partition,reader-1,read,mr-30d63777-602e-436c-89af-f006c04da6f6,,1916,QUORUM,ONE,cassandra-2,True,False,5.393,2026-09-16T06:24:21.558315+00:00,
30d63777-602e-436c-89af-f006c04da6f6,monotonic_reads,network_partition,writer-1,write,mr-30d63777-602e-436c-89af-f006c04da6f6,1917,,,ONE,cassandra-1,True,False,2.56,2026-09-16T06:24:21.559964+00:00,
30d63777-602e-436c-89af-f006c04da6f6,monotonic_reads,network_partition,reader-1,read,mr-30d63777-602e-436c-89af-f006c04da6f6,,1917,QUORUM,ONE,cassandra-3,True,False,5.896,2026-09-16T06:24:21.575802+00:00,
30d63777-602e-436c-89af-f006c04da6f6,monotonic_reads,network_partition,writer-1,write,mr-30d63777-602e-436c-89af-f006c04da6f6,1918,,,ONE,cassandra-1,True,False,3.104,2026-09-16T06:24:21.586185+00:00,
30d63777-602e-436c-89af-f006c04da6f6,monotonic_reads,network_partition,reader-1,read,mr-30d63777-602e-436c-89af-f006c04da6f6,,1918,QUORUM,ONE,cassandra-1,True,False,4.325,2026-09-16T06:24:21.592231+00:00,
30d63777-602e-436c-89af-f006c04da6f6,monotonic_reads,network_partition,reader-1,read,mr-30d63777-602e-436c-89af-f006c04da6f6,,1918,QUORUM,ONE,cassandra-2,True,False,3.342,2026-09-16T06:24:21.606823+00:00,
30d63777-602e-436c-89af-f006c04da6f6,monotonic_reads,network_partition,writer-1,write,mr-30d63777-602e-436c-89af-f006c04da6f6,1919,,,ONE,cassandra-1,True,False,2.441,2026-09-16T06:24:21.612363+00:00,
30d63777-602e-436c-89af-f006c04da6f6,monotonic_reads,network_partition,reader-1,read,mr-30d63777-602e-436c-89af-f006c04da6f6,,1919,QUORUM,ONE,cassandra-3,True,False,4.63,2026-09-16T06:24:21.622554+00:00,
30d63777-602e-436c-89af-f006c04da6f6,monotonic_reads,network_partition,reader-1,read,mr-30d63777-602e-436c-89af-f006c04da6f6,,1919,QUORUM,ONE,cassandra-1,True,False,4.75,2026-09-16T06:24:21.637614+00:00,
30d63777-602e-436c-89af-f006c04da6f6,monotonic_reads,network_partition,writer-1,write,mr-30d63777-602e-436c-89af-f006c04da6f6,1920,,,ONE,cassandra-1,True,False,3.029,2026-09-16T06:24:21.639869+00:00,
30d63777-602e-436c-89af-f006c04da6f6,monotonic_reads,network_partition,reader-1,read,mr-30d63777-602e-436c-89af-f006c04da6f6,,1920,QUORUM,ONE,cassandra-2,True,False,4.197,2026-09-16T06:24:21.652105+00:00,
30d63777-602e-436c-89af-f006c04da6f6,monotonic_reads,network_partition,writer-1,write,mr-30d63777-602e-436c-89af-f006c04da6f6,1921,,,ONE,cassandra-1,True,False,2.596,2026-09-16T06:24:21.666389+00:00,
30d63777-602e-436c-89af-f006c04da6f6,monotonic_reads,network_partition,reader-1,read,mr-30d63777-602e-436c-89af-f006c04da6f6,,1920,QUORUM,ONE,cassandra-3,True,False,5.061,2026-09-16T06:24:21.668442+00:00,
30d63777-602e-436c-89af-f006c04da6f6,monotonic_reads,network_partition,reader-1,read,mr-30d63777-602e-436c-89af-f006c04da6f6,,1921,QUORUM,ONE,cassandra-1,True,False,6.254,2026-09-16T06:24:21.687180+00:00,
30d63777-602e-436c-89af-f006c04da6f6,monotonic_reads,network_partition,writer-1,write,mr-30d63777-602e-436c-89af-f006c04da6f6,1922,,,ONE,cassandra-1,True,False,6.429,2026-09-16T06:24:21.693701+00:00,
30d63777-602e-436c-89af-f006c04da6f6,monotonic_reads,network_partition,reader-1,read,mr-30d63777-602e-436c-89af-f006c04da6f6,,1922,QUORUM,ONE,cassandra-2,True,False,4.317,2026-09-16T06:24:21.702224+00:00,
30d63777-602e-436c-89af-f006c04da6f6,monotonic_reads,network_partition,reader-1,read,mr-30d63777-602e-436c-89af-f006c04da6f6,,1922,QUORUM,ONE,cassandra-3,True,False,4.859,2026-09-16T06:24:21.718826+00:00,
30d63777-602e-436c-89af-f006c04da6f6,monotonic_reads,network_partition,writer-1,write,mr-30d63777-602e-436c-89af-f006c04da6f6,1923,,,ONE,cassandra-1,True,False,2.405,2026-09-16T06:24:21.721337+00:00,
30d63777-602e-436c-89af-f006c04da6f6,monotonic_reads,network_partition,reader-1,read,mr-30d63777-602e-436c-89af-f006c04da6f6,,1923,QUORUM,ONE,cassandra-1,True,False,4.965,2026-09-16T06:24:21.736896+00:00,
30d63777-602e-436c-89af-f006c04da6f6,monotonic_reads,network_partition,writer-1,write,mr-30d63777-602e-436c-89af-f006c04da6f6,1924,,,ONE,cassandra-1,True,False,2.148,2026-09-16T06:24:21.745069+00:00,
30d63777-602e-436c-89af-f006c04da6f6,monotonic_reads,network_partition,reader-1,read,mr-30d63777-602e-436c-89af-f006c04da6f6,,1924,QUORUM,ONE,cassandra-2,True,False,5.284,2026-09-16T06:24:21.754852+00:00,
30d63777-602e-436c-89af-f006c04da6f6,monotonic_reads,network_partition,reader-1,read,mr-30d63777-602e-436c-89af-f006c04da6f6,,1924,QUORUM,ONE,cassandra-3,True,False,5.399,2026-09-16T06:24:21.771335+00:00,
30d63777-602e-436c-89af-f006c04da6f6,monotonic_reads,network_partition,writer-1,write,mr-30d63777-602e-436c-89af-f006c04da6f6,1925,,,ONE,cassandra-1,True,False,2.743,2026-09-16T06:24:21.771661+00:00,
30d63777-602e-436c-89af-f006c04da6f6,monotonic_reads,network_partition,reader-1,read,mr-30d63777-602e-436c-89af-f006c04da6f6,,1925,QUORUM,ONE,cassandra-1,True,False,4.96,2026-09-16T06:24:21.786855+00:00,
30d63777-602e-436c-89af-f006c04da6f6,monotonic_reads,network_partition,writer-1,write,mr-30d63777-602e-436c-89af-f006c04da6f6,1926,,,ONE,cassandra-1,True,False,3.178,2026-09-16T06:24:21.795583+00:00,
30d63777-602e-436c-89af-f006c04da6f6,monotonic_reads,network_partition,reader-1,read,mr-30d63777-602e-436c-89af-f006c04da6f6,,1926,QUORUM,ONE,cassandra-2,True,False,5.6,2026-09-16T06:24:21.803870+00:00,
30d63777-602e-436c-89af-f006c04da6f6,monotonic_reads,network_partition,reader-1,read,mr-30d63777-602e-436c-89af-f006c04da6f6,,1926,QUORUM,ONE,cassandra-3,True,False,4.79,2026-09-16T06:24:21.819200+00:00,
30d63777-602e-436c-89af-f006c04da6f6,monotonic_reads,network_partition,writer-1,write,mr-30d63777-602e-436c-89af-f006c04da6f6,1927,,,ONE,cassandra-1,True,False,2.036,2026-09-16T06:24:21.822468+00:00,
30d63777-602e-436c-89af-f006c04da6f6,monotonic_reads,network_partition,reader-1,read,mr-30d63777-602e-436c-89af-f006c04da6f6,,1927,QUORUM,ONE,cassandra-1,True,False,5.077,2026-09-16T06:24:21.836869+00:00,
30d63777-602e-436c-89af-f006c04da6f6,monotonic_reads,network_partition,writer-1,write,mr-30d63777-602e-436c-89af-f006c04da6f6,1928,,,ONE,cassandra-1,True,False,2.672,2026-09-16T06:24:21.848599+00:00,
30d63777-602e-436c-89af-f006c04da6f6,monotonic_reads,network_partition,reader-1,read,mr-30d63777-602e-436c-89af-f006c04da6f6,,1928,QUORUM,ONE,cassandra-2,True,False,5.662,2026-09-16T06:24:21.853462+00:00,
30d63777-602e-436c-89af-f006c04da6f6,monotonic_reads,network_partition,reader-1,read,mr-30d63777-602e-436c-89af-f006c04da6f6,,1928,QUORUM,ONE,cassandra-3,True,False,6.208,2026-09-16T06:24:21.872328+00:00,
30d63777-602e-436c-89af-f006c04da6f6,monotonic_reads,network_partition,writer-1,write,mr-30d63777-602e-436c-89af-f006c04da6f6,1929,,,ONE,cassandra-1,True,False,2.551,2026-09-16T06:24:21.873208+00:00,
30d63777-602e-436c-89af-f006c04da6f6,monotonic_reads,network_partition,reader-1,read,mr-30d63777-602e-436c-89af-f006c04da6f6,,1929,QUORUM,ONE,cassandra-1,True,False,5.661,2026-09-16T06:24:21.890433+00:00,
30d63777-602e-436c-89af-f006c04da6f6,monotonic_reads,network_partition,writer-1,write,mr-30d63777-602e-436c-89af-f006c04da6f6,1930,,,ONE,cassandra-1,True,False,2.464,2026-09-16T06:24:21.900708+00:00,
30d63777-602e-436c-89af-f006c04da6f6,monotonic_reads,network_partition,reader-1,read,mr-30d63777-602e-436c-89af-f006c04da6f6,,1930,QUORUM,ONE,cassandra-2,True,False,3.767,2026-09-16T06:24:21.905701+00:00,
30d63777-602e-436c-89af-f006c04da6f6,monotonic_reads,network_partition,reader-1,read,mr-30d63777-602e-436c-89af-f006c04da6f6,,1930,QUORUM,ONE,cassandra-3,True,False,5.62,2026-09-16T06:24:21.923866+00:00,
30d63777-602e-436c-89af-f006c04da6f6,monotonic_reads,network_partition,writer-1,write,mr-30d63777-602e-436c-89af-f006c04da6f6,1931,,,ONE,cassandra-1,True,False,2.566,2026-09-16T06:24:21.926559+00:00,
30d63777-602e-436c-89af-f006c04da6f6,monotonic_reads,network_partition,reader-1,read,mr-30d63777-602e-436c-89af-f006c04da6f6,,1931,QUORUM,ONE,cassandra-1,True,False,4.491,2026-09-16T06:24:21.939385+00:00,
30d63777-602e-436c-89af-f006c04da6f6,monotonic_reads,network_partition,writer-1,write,mr-30d63777-602e-436c-89af-f006c04da6f6,1932,,,ONE,cassandra-1,True,False,2.619,2026-09-16T06:24:21.950353+00:00,
30d63777-602e-436c-89af-f006c04da6f6,monotonic_reads,network_partition,reader-1,read,mr-30d63777-602e-436c-89af-f006c04da6f6,,1932,QUORUM,ONE,cassandra-2,True,False,3.922,2026-09-16T06:24:21.953647+00:00,
30d63777-602e-436c-89af-f006c04da6f6,monotonic_reads,network_partition,reader-1,read,mr-30d63777-602e-436c-89af-f006c04da6f6,,1932,QUORUM,ONE,cassandra-3,True,False,5.333,2026-09-16T06:24:21.970196+00:00,
30d63777-602e-436c-89af-f006c04da6f6,monotonic_reads,network_partition,writer-1,write,mr-30d63777-602e-436c-89af-f006c04da6f6,1933,,,ONE,cassandra-1,True,False,1.716,2026-09-16T06:24:21.973633+00:00,
30d63777-602e-436c-89af-f006c04da6f6,monotonic_reads,network_partition,reader-1,read,mr-30d63777-602e-436c-89af-f006c04da6f6,,1933,QUORUM,ONE,cassandra-1,True,False,5.593,2026-09-16T06:24:21.988094+00:00,
30d63777-602e-436c-89af-f006c04da6f6,monotonic_reads,network_partition,writer-1,write,mr-30d63777-602e-436c-89af-f006c04da6f6,1934,,,ONE,cassandra-1,True,False,2.888,2026-09-16T06:24:21.996795+00:00,
30d63777-602e-436c-89af-f006c04da6f6,monotonic_reads,network_partition,reader-1,read,mr-30d63777-602e-436c-89af-f006c04da6f6,,1934,QUORUM,ONE,cassandra-2,True,False,5.809,2026-09-16T06:24:22.006525+00:00,
30d63777-602e-436c-89af-f006c04da6f6,monotonic_reads,network_partition,reader-1,read,mr-30d63777-602e-436c-89af-f006c04da6f6,,1934,QUORUM,ONE,cassandra-3,True,False,4.357,2026-09-16T06:24:22.021276+00:00,
30d63777-602e-436c-89af-f006c04da6f6,monotonic_reads,network_partition,writer-1,write,mr-30d63777-602e-436c-89af-f006c04da6f6,1935,,,ONE,cassandra-1,True,False,2.672,2026-09-16T06:24:22.024583+00:00,
30d63777-602e-436c-89af-f006c04da6f6,monotonic_reads,network_partition,reader-1,read,mr-30d63777-602e-436c-89af-f006c04da6f6,,1935,QUORUM,ONE,cassandra-1,True,False,4.521,2026-09-16T06:24:22.036427+00:00,
30d63777-602e-436c-89af-f006c04da6f6,monotonic_reads,network_partition,writer-1,write,mr-30d63777-602e-436c-89af-f006c04da6f6,1936,,,ONE,cassandra-1,True,False,3.463,2026-09-16T06:24:22.053235+00:00,
30d63777-602e-436c-89af-f006c04da6f6,monotonic_reads,network_partition,reader-1,read,mr-30d63777-602e-436c-89af-f006c04da6f6,,1936,QUORUM,ONE,cassandra-2,True,False,6.488,2026-09-16T06:24:22.055555+00:00,
30d63777-602e-436c-89af-f006c04da6f6,monotonic_reads,network_partition,reader-1,read,mr-30d63777-602e-436c-89af-f006c04da6f6,,1936,QUORUM,ONE,cassandra-3,True,False,5.117,2026-09-16T06:24:22.071049+00:00,
30d63777-602e-436c-89af-f006c04da6f6,monotonic_reads,network_partition,writer-1,write,mr-30d63777-602e-436c-89af-f006c04da6f6,1937,,,ONE,cassandra-1,True,False,2.642,2026-09-16T06:24:22.076561+00:00,
30d63777-602e-436c-89af-f006c04da6f6,monotonic_reads,network_partition,reader-1,read,mr-30d63777-602e-436c-89af-f006c04da6f6,,1937,QUORUM,ONE,cassandra-1,True,False,6.275,2026-09-16T06:24:22.088213+00:00,
30d63777-602e-436c-89af-f006c04da6f6,monotonic_reads,network_partition,writer-1,write,mr-30d63777-602e-436c-89af-f006c04da6f6,1938,,,ONE,cassandra-1,True,False,3.07,2026-09-16T06:24:22.102802+00:00,
30d63777-602e-436c-89af-f006c04da6f6,monotonic_reads,network_partition,reader-1,read,mr-30d63777-602e-436c-89af-f006c04da6f6,,1938,QUORUM,ONE,cassandra-2,True,False,7.733,2026-09-16T06:24:22.106942+00:00,
30d63777-602e-436c-89af-f006c04da6f6,monotonic_reads,network_partition,reader-1,read,mr-30d63777-602e-436c-89af-f006c04da6f6,,1938,QUORUM,ONE,cassandra-3,True,False,5.526,2026-09-16T06:24:22.123867+00:00,
30d63777-602e-436c-89af-f006c04da6f6,monotonic_reads,network_partition,writer-1,write,mr-30d63777-602e-436c-89af-f006c04da6f6,1939,,,ONE,cassandra-1,True,False,2.435,2026-09-16T06:24:22.130356+00:00,
30d63777-602e-436c-89af-f006c04da6f6,monotonic_reads,network_partition,reader-1,read,mr-30d63777-602e-436c-89af-f006c04da6f6,,1939,QUORUM,ONE,cassandra-1,True,False,5.873,2026-09-16T06:24:22.142019+00:00,
30d63777-602e-436c-89af-f006c04da6f6,monotonic_reads,network_partition,writer-1,write,mr-30d63777-602e-436c-89af-f006c04da6f6,1940,,,ONE,cassandra-1,True,False,3.285,2026-09-16T06:24:22.156472+00:00,
30d63777-602e-436c-89af-f006c04da6f6,monotonic_reads,network_partition,reader-1,read,mr-30d63777-602e-436c-89af-f006c04da6f6,,1939,QUORUM,ONE,cassandra-2,True,False,3.543,2026-09-16T06:24:22.157444+00:00,
30d63777-602e-436c-89af-f006c04da6f6,monotonic_reads,network_partition,reader-1,read,mr-30d63777-602e-436c-89af-f006c04da6f6,,1940,QUORUM,ONE,cassandra-3,True,False,5.825,2026-09-16T06:24:22.174772+00:00,
30d63777-602e-436c-89af-f006c04da6f6,monotonic_reads,network_partition,writer-1,write,mr-30d63777-602e-436c-89af-f006c04da6f6,1941,,,ONE,cassandra-1,True,False,2.791,2026-09-16T06:24:22.183664+00:00,
30d63777-602e-436c-89af-f006c04da6f6,monotonic_reads,network_partition,reader-1,read,mr-30d63777-602e-436c-89af-f006c04da6f6,,1941,QUORUM,ONE,cassandra-1,True,False,4.638,2026-09-16T06:24:22.190562+00:00,
30d63777-602e-436c-89af-f006c04da6f6,monotonic_reads,network_partition,reader-1,read,mr-30d63777-602e-436c-89af-f006c04da6f6,,1941,QUORUM,ONE,cassandra-2,True,False,5.032,2026-09-16T06:24:22.207855+00:00,
30d63777-602e-436c-89af-f006c04da6f6,monotonic_reads,network_partition,writer-1,write,mr-30d63777-602e-436c-89af-f006c04da6f6,1942,,,ONE,cassandra-1,True,False,2.849,2026-09-16T06:24:22.211251+00:00,
30d63777-602e-436c-89af-f006c04da6f6,monotonic_reads,network_partition,reader-1,read,mr-30d63777-602e-436c-89af-f006c04da6f6,,1942,QUORUM,ONE,cassandra-3,True,False,5.489,2026-09-16T06:24:22.224473+00:00,
30d63777-602e-436c-89af-f006c04da6f6,monotonic_reads,network_partition,writer-1,write,mr-30d63777-602e-436c-89af-f006c04da6f6,1943,,,ONE,cassandra-1,True,False,2.478,2026-09-16T06:24:22.236418+00:00,
30d63777-602e-436c-89af-f006c04da6f6,monotonic_reads,network_partition,reader-1,read,mr-30d63777-602e-436c-89af-f006c04da6f6,,1943,QUORUM,ONE,cassandra-1,True,False,4.743,2026-09-16T06:24:22.241550+00:00,
30d63777-602e-436c-89af-f006c04da6f6,monotonic_reads,network_partition,reader-1,read,mr-30d63777-602e-436c-89af-f006c04da6f6,,1943,QUORUM,ONE,cassandra-2,True,False,5.735,2026-09-16T06:24:22.257782+00:00,
30d63777-602e-436c-89af-f006c04da6f6,monotonic_reads,network_partition,writer-1,write,mr-30d63777-602e-436c-89af-f006c04da6f6,1944,,,ONE,cassandra-1,True,False,2.293,2026-09-16T06:24:22.263202+00:00,
30d63777-602e-436c-89af-f006c04da6f6,monotonic_reads,network_partition,reader-1,read,mr-30d63777-602e-436c-89af-f006c04da6f6,,1944,QUORUM,ONE,cassandra-3,True,False,5.166,2026-09-16T06:24:22.274159+00:00,
30d63777-602e-436c-89af-f006c04da6f6,monotonic_reads,network_partition,writer-1,write,mr-30d63777-602e-436c-89af-f006c04da6f6,1945,,,ONE,cassandra-1,True,False,2.825,2026-09-16T06:24:22.288862+00:00,
30d63777-602e-436c-89af-f006c04da6f6,monotonic_reads,network_partition,reader-1,read,mr-30d63777-602e-436c-89af-f006c04da6f6,,1944,QUORUM,ONE,cassandra-1,True,False,4.976,2026-09-16T06:24:22.291455+00:00,
30d63777-602e-436c-89af-f006c04da6f6,monotonic_reads,network_partition,reader-1,read,mr-30d63777-602e-436c-89af-f006c04da6f6,,1945,QUORUM,ONE,cassandra-2,True,False,6.163,2026-09-16T06:24:22.310153+00:00,
30d63777-602e-436c-89af-f006c04da6f6,monotonic_reads,network_partition,writer-1,write,mr-30d63777-602e-436c-89af-f006c04da6f6,1946,,,ONE,cassandra-1,True,False,2.817,2026-09-16T06:24:22.315710+00:00,
30d63777-602e-436c-89af-f006c04da6f6,monotonic_reads,network_partition,reader-1,read,mr-30d63777-602e-436c-89af-f006c04da6f6,,1946,QUORUM,ONE,cassandra-3,True,False,4.476,2026-09-16T06:24:22.327311+00:00,
30d63777-602e-436c-89af-f006c04da6f6,monotonic_reads,network_partition,writer-1,write,mr-30d63777-602e-436c-89af-f006c04da6f6,1947,,,ONE,cassandra-1,True,False,2.831,2026-09-16T06:24:22.341741+00:00,
30d63777-602e-436c-89af-f006c04da6f6,monotonic_reads,network_partition,reader-1,read,mr-30d63777-602e-436c-89af-f006c04da6f6,,1946,QUORUM,ONE,cassandra-1,True,False,4.487,2026-09-16T06:24:22.342422+00:00,
30d63777-602e-436c-89af-f006c04da6f6,monotonic_reads,network_partition,reader-1,read,mr-30d63777-602e-436c-89af-f006c04da6f6,,1947,QUORUM,ONE,cassandra-2,True,False,4.314,2026-09-16T06:24:22.357228+00:00,
30d63777-602e-436c-89af-f006c04da6f6,monotonic_reads,network_partition,writer-1,write,mr-30d63777-602e-436c-89af-f006c04da6f6,1948,,,ONE,cassandra-1,True,False,3.704,2026-09-16T06:24:22.368662+00:00,
30d63777-602e-436c-89af-f006c04da6f6,monotonic_reads,network_partition,reader-1,read,mr-30d63777-602e-436c-89af-f006c04da6f6,,1948,QUORUM,ONE,cassandra-3,True,False,4.564,2026-09-16T06:24:22.373382+00:00,
30d63777-602e-436c-89af-f006c04da6f6,monotonic_reads,network_partition,reader-1,read,mr-30d63777-602e-436c-89af-f006c04da6f6,,1948,QUORUM,ONE,cassandra-1,True,False,5.785,2026-09-16T06:24:22.389999+00:00,
30d63777-602e-436c-89af-f006c04da6f6,monotonic_reads,network_partition,writer-1,write,mr-30d63777-602e-436c-89af-f006c04da6f6,1949,,,ONE,cassandra-1,True,False,3.604,2026-09-16T06:24:22.393729+00:00,
30d63777-602e-436c-89af-f006c04da6f6,monotonic_reads,network_partition,reader-1,read,mr-30d63777-602e-436c-89af-f006c04da6f6,,1949,QUORUM,ONE,cassandra-2,True,False,4.734,2026-09-16T06:24:22.406653+00:00,
30d63777-602e-436c-89af-f006c04da6f6,monotonic_reads,network_partition,writer-1,write,mr-30d63777-602e-436c-89af-f006c04da6f6,1950,,,ONE,cassandra-1,True,False,3.533,2026-09-16T06:24:22.421857+00:00,
30d63777-602e-436c-89af-f006c04da6f6,monotonic_reads,network_partition,reader-1,read,mr-30d63777-602e-436c-89af-f006c04da6f6,,1949,QUORUM,ONE,cassandra-3,True,False,5.549,2026-09-16T06:24:22.424521+00:00,
30d63777-602e-436c-89af-f006c04da6f6,monotonic_reads,network_partition,reader-1,read,mr-30d63777-602e-436c-89af-f006c04da6f6,,1950,QUORUM,ONE,cassandra-1,True,False,6.742,2026-09-16T06:24:22.441682+00:00,
30d63777-602e-436c-89af-f006c04da6f6,monotonic_reads,network_partition,writer-1,write,mr-30d63777-602e-436c-89af-f006c04da6f6,1951,,,ONE,cassandra-1,True,False,11.621,2026-09-16T06:24:22.455438+00:00,
30d63777-602e-436c-89af-f006c04da6f6,monotonic_reads,network_partition,reader-1,read,mr-30d63777-602e-436c-89af-f006c04da6f6,,1951,QUORUM,ONE,cassandra-2,True,False,6.01,2026-09-16T06:24:22.460286+00:00,
30d63777-602e-436c-89af-f006c04da6f6,monotonic_reads,network_partition,reader-1,read,mr-30d63777-602e-436c-89af-f006c04da6f6,,1951,QUORUM,ONE,cassandra-3,True,False,3.386,2026-09-16T06:24:22.475734+00:00,
30d63777-602e-436c-89af-f006c04da6f6,monotonic_reads,network_partition,writer-1,write,mr-30d63777-602e-436c-89af-f006c04da6f6,1952,,,ONE,cassandra-1,True,False,1.722,2026-09-16T06:24:22.478630+00:00,
30d63777-602e-436c-89af-f006c04da6f6,monotonic_reads,network_partition,reader-1,read,mr-30d63777-602e-436c-89af-f006c04da6f6,,1952,QUORUM,ONE,cassandra-1,True,False,7.603,2026-09-16T06:24:22.494524+00:00,
30d63777-602e-436c-89af-f006c04da6f6,monotonic_reads,network_partition,writer-1,write,mr-30d63777-602e-436c-89af-f006c04da6f6,1953,,,ONE,cassandra-1,True,False,3.29,2026-09-16T06:24:22.502204+00:00,
30d63777-602e-436c-89af-f006c04da6f6,monotonic_reads,network_partition,reader-1,read,mr-30d63777-602e-436c-89af-f006c04da6f6,,1953,QUORUM,ONE,cassandra-2,True,False,6.268,2026-09-16T06:24:22.512201+00:00,
30d63777-602e-436c-89af-f006c04da6f6,monotonic_reads,network_partition,reader-1,read,mr-30d63777-602e-436c-89af-f006c04da6f6,,1953,QUORUM,ONE,cassandra-3,True,False,4.665,2026-09-16T06:24:22.528447+00:00,
30d63777-602e-436c-89af-f006c04da6f6,monotonic_reads,network_partition,writer-1,write,mr-30d63777-602e-436c-89af-f006c04da6f6,1954,,,ONE,cassandra-1,True,False,2.157,2026-09-16T06:24:22.529311+00:00,
30d63777-602e-436c-89af-f006c04da6f6,monotonic_reads,network_partition,reader-1,read,mr-30d63777-602e-436c-89af-f006c04da6f6,,1954,QUORUM,ONE,cassandra-1,True,False,4.573,2026-09-16T06:24:22.543497+00:00,
30d63777-602e-436c-89af-f006c04da6f6,monotonic_reads,network_partition,writer-1,write,mr-30d63777-602e-436c-89af-f006c04da6f6,1955,,,ONE,cassandra-1,True,False,2.918,2026-09-16T06:24:22.552871+00:00,
30d63777-602e-436c-89af-f006c04da6f6,monotonic_reads,network_partition,reader-1,read,mr-30d63777-602e-436c-89af-f006c04da6f6,,1955,QUORUM,ONE,cassandra-2,True,False,4.664,2026-09-16T06:24:22.560339+00:00,
30d63777-602e-436c-89af-f006c04da6f6,monotonic_reads,network_partition,reader-1,read,mr-30d63777-602e-436c-89af-f006c04da6f6,,1955,QUORUM,ONE,cassandra-3,True,False,4.349,2026-09-16T06:24:22.575201+00:00,
30d63777-602e-436c-89af-f006c04da6f6,monotonic_reads,network_partition,writer-1,write,mr-30d63777-602e-436c-89af-f006c04da6f6,1956,,,ONE,cassandra-1,True,False,1.625,2026-09-16T06:24:22.576910+00:00,
30d63777-602e-436c-89af-f006c04da6f6,monotonic_reads,network_partition,reader-1,read,mr-30d63777-602e-436c-89af-f006c04da6f6,,1956,QUORUM,ONE,cassandra-1,True,False,5.768,2026-09-16T06:24:22.592786+00:00,
30d63777-602e-436c-89af-f006c04da6f6,monotonic_reads,network_partition,writer-1,write,mr-30d63777-602e-436c-89af-f006c04da6f6,1957,,,ONE,cassandra-1,True,False,3.484,2026-09-16T06:24:22.604408+00:00,
30d63777-602e-436c-89af-f006c04da6f6,monotonic_reads,network_partition,reader-1,read,mr-30d63777-602e-436c-89af-f006c04da6f6,,1957,QUORUM,ONE,cassandra-2,True,False,4.767,2026-09-16T06:24:22.610274+00:00,
30d63777-602e-436c-89af-f006c04da6f6,monotonic_reads,network_partition,reader-1,read,mr-30d63777-602e-436c-89af-f006c04da6f6,,1957,QUORUM,ONE,cassandra-3,True,False,5.528,2026-09-16T06:24:22.627498+00:00,
30d63777-602e-436c-89af-f006c04da6f6,monotonic_reads,network_partition,writer-1,write,mr-30d63777-602e-436c-89af-f006c04da6f6,1958,,,ONE,cassandra-1,True,False,2.189,2026-09-16T06:24:22.630609+00:00,
30d63777-602e-436c-89af-f006c04da6f6,monotonic_reads,network_partition,reader-1,read,mr-30d63777-602e-436c-89af-f006c04da6f6,,1958,QUORUM,ONE,cassandra-1,True,False,4.776,2026-09-16T06:24:22.643693+00:00,
30d63777-602e-436c-89af-f006c04da6f6,monotonic_reads,network_partition,writer-1,write,mr-30d63777-602e-436c-89af-f006c04da6f6,1959,,,ONE,cassandra-1,True,False,2.831,2026-09-16T06:24:22.658136+00:00,
30d63777-602e-436c-89af-f006c04da6f6,monotonic_reads,network_partition,reader-1,read,mr-30d63777-602e-436c-89af-f006c04da6f6,,1959,QUORUM,ONE,cassandra-2,True,False,6.802,2026-09-16T06:24:22.662601+00:00,
30d63777-602e-436c-89af-f006c04da6f6,monotonic_reads,network_partition,reader-1,read,mr-30d63777-602e-436c-89af-f006c04da6f6,,1959,QUORUM,ONE,cassandra-3,True,False,5.533,2026-09-16T06:24:22.679460+00:00,
30d63777-602e-436c-89af-f006c04da6f6,monotonic_reads,network_partition,writer-1,write,mr-30d63777-602e-436c-89af-f006c04da6f6,1960,,,ONE,cassandra-1,True,False,2.947,2026-09-16T06:24:22.684270+00:00,
30d63777-602e-436c-89af-f006c04da6f6,monotonic_reads,network_partition,reader-1,read,mr-30d63777-602e-436c-89af-f006c04da6f6,,1960,QUORUM,ONE,cassandra-1,True,False,6.113,2026-09-16T06:24:22.696071+00:00,
30d63777-602e-436c-89af-f006c04da6f6,monotonic_reads,network_partition,writer-1,write,mr-30d63777-602e-436c-89af-f006c04da6f6,1961,,,ONE,cassandra-1,True,False,2.379,2026-09-16T06:24:22.711841+00:00,
30d63777-602e-436c-89af-f006c04da6f6,monotonic_reads,network_partition,reader-1,read,mr-30d63777-602e-436c-89af-f006c04da6f6,,1960,QUORUM,ONE,cassandra-2,True,False,4.72,2026-09-16T06:24:22.712625+00:00,
30d63777-602e-436c-89af-f006c04da6f6,monotonic_reads,network_partition,reader-1,read,mr-30d63777-602e-436c-89af-f006c04da6f6,,1961,QUORUM,ONE,cassandra-3,True,False,5.371,2026-09-16T06:24:22.730266+00:00,
30d63777-602e-436c-89af-f006c04da6f6,monotonic_reads,network_partition,writer-1,write,mr-30d63777-602e-436c-89af-f006c04da6f6,1962,,,ONE,cassandra-1,True,False,1.453,2026-09-16T06:24:22.737374+00:00,
30d63777-602e-436c-89af-f006c04da6f6,monotonic_reads,network_partition,reader-1,read,mr-30d63777-602e-436c-89af-f006c04da6f6,,1962,QUORUM,ONE,cassandra-1,True,False,4.329,2026-09-16T06:24:22.745253+00:00,
30d63777-602e-436c-89af-f006c04da6f6,monotonic_reads,network_partition,reader-1,read,mr-30d63777-602e-436c-89af-f006c04da6f6,,1962,QUORUM,ONE,cassandra-2,True,False,4.772,2026-09-16T06:24:22.762198+00:00,
30d63777-602e-436c-89af-f006c04da6f6,monotonic_reads,network_partition,writer-1,write,mr-30d63777-602e-436c-89af-f006c04da6f6,1963,,,ONE,cassandra-1,True,False,2.963,2026-09-16T06:24:22.765235+00:00,
30d63777-602e-436c-89af-f006c04da6f6,monotonic_reads,network_partition,reader-1,read,mr-30d63777-602e-436c-89af-f006c04da6f6,,1963,QUORUM,ONE,cassandra-3,True,False,3.792,2026-09-16T06:24:22.778702+00:00,
30d63777-602e-436c-89af-f006c04da6f6,monotonic_reads,network_partition,writer-1,write,mr-30d63777-602e-436c-89af-f006c04da6f6,1964,,,ONE,cassandra-1,True,False,3.238,2026-09-16T06:24:22.793627+00:00,
30d63777-602e-436c-89af-f006c04da6f6,monotonic_reads,network_partition,reader-1,read,mr-30d63777-602e-436c-89af-f006c04da6f6,,1964,QUORUM,ONE,cassandra-1,True,False,3.991,2026-09-16T06:24:22.795269+00:00,
30d63777-602e-436c-89af-f006c04da6f6,monotonic_reads,network_partition,reader-1,read,mr-30d63777-602e-436c-89af-f006c04da6f6,,1964,QUORUM,ONE,cassandra-2,True,False,3.686,2026-09-16T06:24:22.809610+00:00,
30d63777-602e-436c-89af-f006c04da6f6,monotonic_reads,network_partition,writer-1,write,mr-30d63777-602e-436c-89af-f006c04da6f6,1965,,,ONE,cassandra-1,True,False,2.886,2026-09-16T06:24:22.821061+00:00,
30d63777-602e-436c-89af-f006c04da6f6,monotonic_reads,network_partition,reader-1,read,mr-30d63777-602e-436c-89af-f006c04da6f6,,1965,QUORUM,ONE,cassandra-3,True,False,5.099,2026-09-16T06:24:22.826287+00:00,
30d63777-602e-436c-89af-f006c04da6f6,monotonic_reads,network_partition,reader-1,read,mr-30d63777-602e-436c-89af-f006c04da6f6,,1965,QUORUM,ONE,cassandra-1,True,False,6.044,2026-09-16T06:24:22.844087+00:00,
30d63777-602e-436c-89af-f006c04da6f6,monotonic_reads,network_partition,writer-1,write,mr-30d63777-602e-436c-89af-f006c04da6f6,1966,,,ONE,cassandra-1,True,False,3.759,2026-09-16T06:24:22.846639+00:00,
30d63777-602e-436c-89af-f006c04da6f6,monotonic_reads,network_partition,reader-1,read,mr-30d63777-602e-436c-89af-f006c04da6f6,,1966,QUORUM,ONE,cassandra-2,True,False,4.336,2026-09-16T06:24:22.859257+00:00,
30d63777-602e-436c-89af-f006c04da6f6,monotonic_reads,network_partition,writer-1,write,mr-30d63777-602e-436c-89af-f006c04da6f6,1967,,,ONE,cassandra-1,True,False,2.99,2026-09-16T06:24:22.870279+00:00,
30d63777-602e-436c-89af-f006c04da6f6,monotonic_reads,network_partition,reader-1,read,mr-30d63777-602e-436c-89af-f006c04da6f6,,1967,QUORUM,ONE,cassandra-3,True,False,4.696,2026-09-16T06:24:22.874414+00:00,
30d63777-602e-436c-89af-f006c04da6f6,monotonic_reads,network_partition,reader-1,read,mr-30d63777-602e-436c-89af-f006c04da6f6,,1967,QUORUM,ONE,cassandra-1,True,False,5.816,2026-09-16T06:24:22.891761+00:00,
30d63777-602e-436c-89af-f006c04da6f6,monotonic_reads,network_partition,writer-1,write,mr-30d63777-602e-436c-89af-f006c04da6f6,1968,,,ONE,cassandra-1,True,False,2.686,2026-09-16T06:24:22.894537+00:00,
30d63777-602e-436c-89af-f006c04da6f6,monotonic_reads,network_partition,reader-1,read,mr-30d63777-602e-436c-89af-f006c04da6f6,,1968,QUORUM,ONE,cassandra-2,True,False,6.462,2026-09-16T06:24:22.910404+00:00,
30d63777-602e-436c-89af-f006c04da6f6,monotonic_reads,network_partition,writer-1,write,mr-30d63777-602e-436c-89af-f006c04da6f6,1969,,,ONE,cassandra-1,True,False,3.702,2026-09-16T06:24:22.918632+00:00,
30d63777-602e-436c-89af-f006c04da6f6,monotonic_reads,network_partition,reader-1,read,mr-30d63777-602e-436c-89af-f006c04da6f6,,1969,QUORUM,ONE,cassandra-3,True,False,5.029,2026-09-16T06:24:22.925648+00:00,
30d63777-602e-436c-89af-f006c04da6f6,monotonic_reads,network_partition,reader-1,read,mr-30d63777-602e-436c-89af-f006c04da6f6,,1969,QUORUM,ONE,cassandra-1,True,False,5.494,2026-09-16T06:24:22.942495+00:00,
30d63777-602e-436c-89af-f006c04da6f6,monotonic_reads,network_partition,writer-1,write,mr-30d63777-602e-436c-89af-f006c04da6f6,1970,,,ONE,cassandra-1,True,False,2.809,2026-09-16T06:24:22.946605+00:00,
30d63777-602e-436c-89af-f006c04da6f6,monotonic_reads,network_partition,reader-1,read,mr-30d63777-602e-436c-89af-f006c04da6f6,,1970,QUORUM,ONE,cassandra-2,True,False,4.628,2026-09-16T06:24:22.957543+00:00,
30d63777-602e-436c-89af-f006c04da6f6,monotonic_reads,network_partition,writer-1,write,mr-30d63777-602e-436c-89af-f006c04da6f6,1971,,,ONE,cassandra-1,True,False,2.118,2026-09-16T06:24:22.971868+00:00,
30d63777-602e-436c-89af-f006c04da6f6,monotonic_reads,network_partition,reader-1,read,mr-30d63777-602e-436c-89af-f006c04da6f6,,1970,QUORUM,ONE,cassandra-3,True,False,4.539,2026-09-16T06:24:22.972262+00:00,
30d63777-602e-436c-89af-f006c04da6f6,monotonic_reads,network_partition,reader-1,read,mr-30d63777-602e-436c-89af-f006c04da6f6,,1971,QUORUM,ONE,cassandra-1,True,False,5.788,2026-09-16T06:24:22.988741+00:00,
30d63777-602e-436c-89af-f006c04da6f6,monotonic_reads,network_partition,writer-1,write,mr-30d63777-602e-436c-89af-f006c04da6f6,1972,,,ONE,cassandra-1,True,False,2.344,2026-09-16T06:24:22.997247+00:00,
30d63777-602e-436c-89af-f006c04da6f6,monotonic_reads,network_partition,reader-1,read,mr-30d63777-602e-436c-89af-f006c04da6f6,,1972,QUORUM,ONE,cassandra-2,True,False,5.873,2026-09-16T06:24:23.006807+00:00,
30d63777-602e-436c-89af-f006c04da6f6,monotonic_reads,network_partition,reader-1,read,mr-30d63777-602e-436c-89af-f006c04da6f6,,1972,QUORUM,ONE,cassandra-3,True,False,4.812,2026-09-16T06:24:23.023736+00:00,
30d63777-602e-436c-89af-f006c04da6f6,monotonic_reads,network_partition,writer-1,write,mr-30d63777-602e-436c-89af-f006c04da6f6,1973,,,ONE,cassandra-1,True,False,2.576,2026-09-16T06:24:23.024235+00:00,
30d63777-602e-436c-89af-f006c04da6f6,monotonic_reads,network_partition,reader-1,read,mr-30d63777-602e-436c-89af-f006c04da6f6,,1973,QUORUM,ONE,cassandra-1,True,False,5.964,2026-09-16T06:24:23.041893+00:00,
30d63777-602e-436c-89af-f006c04da6f6,monotonic_reads,network_partition,writer-1,write,mr-30d63777-602e-436c-89af-f006c04da6f6,1974,,,ONE,cassandra-1,True,False,3.152,2026-09-16T06:24:23.048959+00:00,
30d63777-602e-436c-89af-f006c04da6f6,monotonic_reads,network_partition,reader-1,read,mr-30d63777-602e-436c-89af-f006c04da6f6,,1974,QUORUM,ONE,cassandra-2,True,False,7.386,2026-09-16T06:24:23.060319+00:00,
30d63777-602e-436c-89af-f006c04da6f6,monotonic_reads,network_partition,writer-1,write,mr-30d63777-602e-436c-89af-f006c04da6f6,1975,,,ONE,cassandra-1,True,False,3.228,2026-09-16T06:24:23.076941+00:00,
30d63777-602e-436c-89af-f006c04da6f6,monotonic_reads,network_partition,reader-1,read,mr-30d63777-602e-436c-89af-f006c04da6f6,,1974,QUORUM,ONE,cassandra-3,True,False,5.367,2026-09-16T06:24:23.078435+00:00,
30d63777-602e-436c-89af-f006c04da6f6,monotonic_reads,network_partition,reader-1,read,mr-30d63777-602e-436c-89af-f006c04da6f6,,1975,QUORUM,ONE,cassandra-1,True,False,5.654,2026-09-16T06:24:23.094620+00:00,
30d63777-602e-436c-89af-f006c04da6f6,monotonic_reads,network_partition,writer-1,write,mr-30d63777-602e-436c-89af-f006c04da6f6,1976,,,ONE,cassandra-1,True,False,4.991,2026-09-16T06:24:23.102914+00:00,
30d63777-602e-436c-89af-f006c04da6f6,monotonic_reads,network_partition,reader-1,read,mr-30d63777-602e-436c-89af-f006c04da6f6,,1976,QUORUM,ONE,cassandra-2,True,False,8.032,2026-09-16T06:24:23.115062+00:00,
30d63777-602e-436c-89af-f006c04da6f6,monotonic_reads,network_partition,writer-1,write,mr-30d63777-602e-436c-89af-f006c04da6f6,1977,,,ONE,cassandra-1,True,False,2.626,2026-09-16T06:24:23.126491+00:00,
30d63777-602e-436c-89af-f006c04da6f6,monotonic_reads,network_partition,reader-1,read,mr-30d63777-602e-436c-89af-f006c04da6f6,,1977,QUORUM,ONE,cassandra-3,True,False,5.449,2026-09-16T06:24:23.132602+00:00,
30d63777-602e-436c-89af-f006c04da6f6,monotonic_reads,network_partition,reader-1,read,mr-30d63777-602e-436c-89af-f006c04da6f6,,1977,QUORUM,ONE,cassandra-1,True,False,2.986,2026-09-16T06:24:23.146796+00:00,
30d63777-602e-436c-89af-f006c04da6f6,monotonic_reads,network_partition,writer-1,write,mr-30d63777-602e-436c-89af-f006c04da6f6,1978,,,ONE,cassandra-1,True,False,3.807,2026-09-16T06:24:23.155135+00:00,
30d63777-602e-436c-89af-f006c04da6f6,monotonic_reads,network_partition,reader-1,read,mr-30d63777-602e-436c-89af-f006c04da6f6,,1978,QUORUM,ONE,cassandra-2,True,False,4.013,2026-09-16T06:24:23.162929+00:00,
30d63777-602e-436c-89af-f006c04da6f6,monotonic_reads,network_partition,reader-1,read,mr-30d63777-602e-436c-89af-f006c04da6f6,,1978,QUORUM,ONE,cassandra-3,True,False,5.164,2026-09-16T06:24:23.179072+00:00,
30d63777-602e-436c-89af-f006c04da6f6,monotonic_reads,network_partition,writer-1,write,mr-30d63777-602e-436c-89af-f006c04da6f6,1979,,,ONE,cassandra-1,True,False,2.667,2026-09-16T06:24:23.182387+00:00,
30d63777-602e-436c-89af-f006c04da6f6,monotonic_reads,network_partition,reader-1,read,mr-30d63777-602e-436c-89af-f006c04da6f6,,1979,QUORUM,ONE,cassandra-1,True,False,5.998,2026-09-16T06:24:23.196442+00:00,
30d63777-602e-436c-89af-f006c04da6f6,monotonic_reads,network_partition,writer-1,write,mr-30d63777-602e-436c-89af-f006c04da6f6,1980,,,ONE,cassandra-1,True,False,4.043,2026-09-16T06:24:23.209683+00:00,
30d63777-602e-436c-89af-f006c04da6f6,monotonic_reads,network_partition,reader-1,read,mr-30d63777-602e-436c-89af-f006c04da6f6,,1980,QUORUM,ONE,cassandra-2,True,False,6.914,2026-09-16T06:24:23.213775+00:00,
30d63777-602e-436c-89af-f006c04da6f6,monotonic_reads,network_partition,reader-1,read,mr-30d63777-602e-436c-89af-f006c04da6f6,,1980,QUORUM,ONE,cassandra-3,True,False,5.644,2026-09-16T06:24:23.230593+00:00,
30d63777-602e-436c-89af-f006c04da6f6,monotonic_reads,network_partition,writer-1,write,mr-30d63777-602e-436c-89af-f006c04da6f6,1981,,,ONE,cassandra-1,True,False,2.719,2026-09-16T06:24:23.234628+00:00,
30d63777-602e-436c-89af-f006c04da6f6,monotonic_reads,network_partition,reader-1,read,mr-30d63777-602e-436c-89af-f006c04da6f6,,1981,QUORUM,ONE,cassandra-1,True,False,5.669,2026-09-16T06:24:23.248601+00:00,
30d63777-602e-436c-89af-f006c04da6f6,monotonic_reads,network_partition,writer-1,write,mr-30d63777-602e-436c-89af-f006c04da6f6,1982,,,ONE,cassandra-1,True,False,4.135,2026-09-16T06:24:23.259686+00:00,
30d63777-602e-436c-89af-f006c04da6f6,monotonic_reads,network_partition,reader-1,read,mr-30d63777-602e-436c-89af-f006c04da6f6,,1982,QUORUM,ONE,cassandra-2,True,False,4.579,2026-09-16T06:24:23.264401+00:00,
30d63777-602e-436c-89af-f006c04da6f6,monotonic_reads,network_partition,reader-1,read,mr-30d63777-602e-436c-89af-f006c04da6f6,,1982,QUORUM,ONE,cassandra-3,True,False,6.676,2026-09-16T06:24:23.283619+00:00,
30d63777-602e-436c-89af-f006c04da6f6,monotonic_reads,network_partition,writer-1,write,mr-30d63777-602e-436c-89af-f006c04da6f6,1983,,,ONE,cassandra-1,True,False,2.391,2026-09-16T06:24:23.284333+00:00,
30d63777-602e-436c-89af-f006c04da6f6,monotonic_reads,network_partition,reader-1,read,mr-30d63777-602e-436c-89af-f006c04da6f6,,1983,QUORUM,ONE,cassandra-1,True,False,5.309,2026-09-16T06:24:23.301665+00:00,
30d63777-602e-436c-89af-f006c04da6f6,monotonic_reads,network_partition,writer-1,write,mr-30d63777-602e-436c-89af-f006c04da6f6,1984,,,ONE,cassandra-1,True,False,4.456,2026-09-16T06:24:23.312884+00:00,
30d63777-602e-436c-89af-f006c04da6f6,monotonic_reads,network_partition,reader-1,read,mr-30d63777-602e-436c-89af-f006c04da6f6,,1984,QUORUM,ONE,cassandra-2,True,False,5.225,2026-09-16T06:24:23.319629+00:00,
30d63777-602e-436c-89af-f006c04da6f6,monotonic_reads,network_partition,reader-1,read,mr-30d63777-602e-436c-89af-f006c04da6f6,,1984,QUORUM,ONE,cassandra-3,True,False,5.292,2026-09-16T06:24:23.337632+00:00,
30d63777-602e-436c-89af-f006c04da6f6,monotonic_reads,network_partition,writer-1,write,mr-30d63777-602e-436c-89af-f006c04da6f6,1985,,,ONE,cassandra-1,True,False,2.705,2026-09-16T06:24:23.338118+00:00,
30d63777-602e-436c-89af-f006c04da6f6,monotonic_reads,network_partition,reader-1,read,mr-30d63777-602e-436c-89af-f006c04da6f6,,1985,QUORUM,ONE,cassandra-1,True,False,6.298,2026-09-16T06:24:23.355278+00:00,
30d63777-602e-436c-89af-f006c04da6f6,monotonic_reads,network_partition,writer-1,write,mr-30d63777-602e-436c-89af-f006c04da6f6,1986,,,ONE,cassandra-1,True,False,3.678,2026-09-16T06:24:23.362683+00:00,
30d63777-602e-436c-89af-f006c04da6f6,monotonic_reads,network_partition,reader-1,read,mr-30d63777-602e-436c-89af-f006c04da6f6,,1986,QUORUM,ONE,cassandra-2,True,False,6.156,2026-09-16T06:24:23.373097+00:00,
30d63777-602e-436c-89af-f006c04da6f6,monotonic_reads,network_partition,writer-1,write,mr-30d63777-602e-436c-89af-f006c04da6f6,1987,,,ONE,cassandra-1,True,False,1.86,2026-09-16T06:24:23.388709+00:00,
30d63777-602e-436c-89af-f006c04da6f6,monotonic_reads,network_partition,reader-1,read,mr-30d63777-602e-436c-89af-f006c04da6f6,,1986,QUORUM,ONE,cassandra-3,True,False,6.395,2026-09-16T06:24:23.392232+00:00,
30d63777-602e-436c-89af-f006c04da6f6,monotonic_reads,network_partition,reader-1,read,mr-30d63777-602e-436c-89af-f006c04da6f6,,1987,QUORUM,ONE,cassandra-1,True,False,5.344,2026-09-16T06:24:23.410252+00:00,
30d63777-602e-436c-89af-f006c04da6f6,monotonic_reads,network_partition,writer-1,write,mr-30d63777-602e-436c-89af-f006c04da6f6,1988,,,ONE,cassandra-1,True,False,3.539,2026-09-16T06:24:23.416968+00:00,
30d63777-602e-436c-89af-f006c04da6f6,monotonic_reads,network_partition,reader-1,read,mr-30d63777-602e-436c-89af-f006c04da6f6,,1988,QUORUM,ONE,cassandra-2,True,False,6.263,2026-09-16T06:24:23.427211+00:00,
30d63777-602e-436c-89af-f006c04da6f6,monotonic_reads,network_partition,writer-1,write,mr-30d63777-602e-436c-89af-f006c04da6f6,1989,,,ONE,cassandra-1,True,False,2.373,2026-09-16T06:24:23.442451+00:00,
30d63777-602e-436c-89af-f006c04da6f6,monotonic_reads,network_partition,reader-1,read,mr-30d63777-602e-436c-89af-f006c04da6f6,,1988,QUORUM,ONE,cassandra-3,True,False,11.086,2026-09-16T06:24:23.450482+00:00,
30d63777-602e-436c-89af-f006c04da6f6,monotonic_reads,network_partition,reader-1,read,mr-30d63777-602e-436c-89af-f006c04da6f6,,1989,QUORUM,ONE,cassandra-1,True,False,4.725,2026-09-16T06:24:23.465550+00:00,
30d63777-602e-436c-89af-f006c04da6f6,monotonic_reads,network_partition,writer-1,write,mr-30d63777-602e-436c-89af-f006c04da6f6,1990,,,ONE,cassandra-1,True,False,3.163,2026-09-16T06:24:23.465927+00:00,
30d63777-602e-436c-89af-f006c04da6f6,monotonic_reads,network_partition,reader-1,read,mr-30d63777-602e-436c-89af-f006c04da6f6,,1990,QUORUM,ONE,cassandra-2,True,False,9.596,2026-09-16T06:24:23.487532+00:00,
30d63777-602e-436c-89af-f006c04da6f6,monotonic_reads,network_partition,writer-1,write,mr-30d63777-602e-436c-89af-f006c04da6f6,1991,,,ONE,cassandra-1,True,False,2.165,2026-09-16T06:24:23.490061+00:00,
30d63777-602e-436c-89af-f006c04da6f6,monotonic_reads,network_partition,reader-1,read,mr-30d63777-602e-436c-89af-f006c04da6f6,,1991,QUORUM,ONE,cassandra-3,True,False,4.511,2026-09-16T06:24:23.503422+00:00,
30d63777-602e-436c-89af-f006c04da6f6,monotonic_reads,network_partition,writer-1,write,mr-30d63777-602e-436c-89af-f006c04da6f6,1992,,,ONE,cassandra-1,True,False,1.957,2026-09-16T06:24:23.515345+00:00,
30d63777-602e-436c-89af-f006c04da6f6,monotonic_reads,network_partition,reader-1,read,mr-30d63777-602e-436c-89af-f006c04da6f6,,1991,QUORUM,ONE,cassandra-1,True,False,4.729,2026-09-16T06:24:23.518635+00:00,
30d63777-602e-436c-89af-f006c04da6f6,monotonic_reads,network_partition,reader-1,read,mr-30d63777-602e-436c-89af-f006c04da6f6,,1992,QUORUM,ONE,cassandra-2,True,False,6.573,2026-09-16T06:24:23.536505+00:00,
30d63777-602e-436c-89af-f006c04da6f6,monotonic_reads,network_partition,writer-1,write,mr-30d63777-602e-436c-89af-f006c04da6f6,1993,,,ONE,cassandra-1,True,False,2.9,2026-09-16T06:24:23.539514+00:00,
30d63777-602e-436c-89af-f006c04da6f6,monotonic_reads,network_partition,reader-1,read,mr-30d63777-602e-436c-89af-f006c04da6f6,,1993,QUORUM,ONE,cassandra-3,True,False,5.331,2026-09-16T06:24:23.554271+00:00,
30d63777-602e-436c-89af-f006c04da6f6,monotonic_reads,network_partition,writer-1,write,mr-30d63777-602e-436c-89af-f006c04da6f6,1994,,,ONE,cassandra-1,True,False,2.956,2026-09-16T06:24:23.566248+00:00,
30d63777-602e-436c-89af-f006c04da6f6,monotonic_reads,network_partition,reader-1,read,mr-30d63777-602e-436c-89af-f006c04da6f6,,1994,QUORUM,ONE,cassandra-1,True,False,4.37,2026-09-16T06:24:23.569125+00:00,
30d63777-602e-436c-89af-f006c04da6f6,monotonic_reads,network_partition,reader-1,read,mr-30d63777-602e-436c-89af-f006c04da6f6,,1994,QUORUM,ONE,cassandra-2,True,False,6.023,2026-09-16T06:24:23.585934+00:00,
30d63777-602e-436c-89af-f006c04da6f6,monotonic_reads,network_partition,writer-1,write,mr-30d63777-602e-436c-89af-f006c04da6f6,1995,,,ONE,cassandra-1,True,False,3.568,2026-09-16T06:24:23.591489+00:00,
30d63777-602e-436c-89af-f006c04da6f6,monotonic_reads,network_partition,reader-1,read,mr-30d63777-602e-436c-89af-f006c04da6f6,,1995,QUORUM,ONE,cassandra-3,True,False,5.3,2026-09-16T06:24:23.603564+00:00,
30d63777-602e-436c-89af-f006c04da6f6,monotonic_reads,network_partition,writer-1,write,mr-30d63777-602e-436c-89af-f006c04da6f6,1996,,,ONE,cassandra-1,True,False,2.935,2026-09-16T06:24:23.617349+00:00,
30d63777-602e-436c-89af-f006c04da6f6,monotonic_reads,network_partition,reader-1,read,mr-30d63777-602e-436c-89af-f006c04da6f6,,1996,QUORUM,ONE,cassandra-1,True,False,5.083,2026-09-16T06:24:23.621335+00:00,
30d63777-602e-436c-89af-f006c04da6f6,monotonic_reads,network_partition,reader-1,read,mr-30d63777-602e-436c-89af-f006c04da6f6,,1996,QUORUM,ONE,cassandra-2,True,False,17.01,2026-09-16T06:24:23.650939+00:00,
30d63777-602e-436c-89af-f006c04da6f6,monotonic_reads,network_partition,writer-1,write,mr-30d63777-602e-436c-89af-f006c04da6f6,1997,,,ONE,cassandra-1,True,False,9.126,2026-09-16T06:24:23.651709+00:00,
30d63777-602e-436c-89af-f006c04da6f6,monotonic_reads,network_partition,reader-1,read,mr-30d63777-602e-436c-89af-f006c04da6f6,,1997,QUORUM,ONE,cassandra-3,True,False,4.91,2026-09-16T06:24:23.668598+00:00,
30d63777-602e-436c-89af-f006c04da6f6,monotonic_reads,network_partition,writer-1,write,mr-30d63777-602e-436c-89af-f006c04da6f6,1998,,,ONE,cassandra-1,True,False,2.404,2026-09-16T06:24:23.676697+00:00,
30d63777-602e-436c-89af-f006c04da6f6,monotonic_reads,network_partition,reader-1,read,mr-30d63777-602e-436c-89af-f006c04da6f6,,1998,QUORUM,ONE,cassandra-1,True,False,4.966,2026-09-16T06:24:23.684534+00:00,
30d63777-602e-436c-89af-f006c04da6f6,monotonic_reads,network_partition,reader-1,read,mr-30d63777-602e-436c-89af-f006c04da6f6,,1998,QUORUM,ONE,cassandra-2,True,False,5.715,2026-09-16T06:24:23.700653+00:00,
30d63777-602e-436c-89af-f006c04da6f6,monotonic_reads,network_partition,writer-1,write,mr-30d63777-602e-436c-89af-f006c04da6f6,1999,,,ONE,cassandra-1,True,False,2.646,2026-09-16T06:24:23.701127+00:00,
30d63777-602e-436c-89af-f006c04da6f6,monotonic_reads,network_partition,reader-1,read,mr-30d63777-602e-436c-89af-f006c04da6f6,,1999,QUORUM,ONE,cassandra-3,True,False,4.379,2026-09-16T06:24:23.717223+00:00,
30d63777-602e-436c-89af-f006c04da6f6,monotonic_reads,network_partition,writer-1,write,mr-30d63777-602e-436c-89af-f006c04da6f6,2000,,,ONE,cassandra-1,True,False,3.036,2026-09-16T06:24:23.727967+00:00,
30d63777-602e-436c-89af-f006c04da6f6,monotonic_reads,network_partition,reader-1,read,mr-30d63777-602e-436c-89af-f006c04da6f6,,2000,QUORUM,ONE,cassandra-1,True,False,5.527,2026-09-16T06:24:23.734385+00:00,
30d63777-602e-436c-89af-f006c04da6f6,monotonic_reads,network_partition,reader-1,read,mr-30d63777-602e-436c-89af-f006c04da6f6,,2000,QUORUM,ONE,cassandra-2,True,False,4.694,2026-09-16T06:24:23.750629+00:00,
30d63777-602e-436c-89af-f006c04da6f6,monotonic_reads,network_partition,writer-1,write,mr-30d63777-602e-436c-89af-f006c04da6f6,2001,,,ONE,cassandra-1,True,False,2.91,2026-09-16T06:24:23.755559+00:00,
30d63777-602e-436c-89af-f006c04da6f6,monotonic_reads,network_partition,reader-1,read,mr-30d63777-602e-436c-89af-f006c04da6f6,,2001,QUORUM,ONE,cassandra-3,True,False,4.598,2026-09-16T06:24:23.767400+00:00,
30d63777-602e-436c-89af-f006c04da6f6,monotonic_reads,network_partition,writer-1,write,mr-30d63777-602e-436c-89af-f006c04da6f6,2002,,,ONE,cassandra-1,True,False,4.521,2026-09-16T06:24:23.783930+00:00,
30d63777-602e-436c-89af-f006c04da6f6,monotonic_reads,network_partition,reader-1,read,mr-30d63777-602e-436c-89af-f006c04da6f6,,2001,QUORUM,ONE,cassandra-1,True,False,4.694,2026-09-16T06:24:23.784906+00:00,
30d63777-602e-436c-89af-f006c04da6f6,monotonic_reads,network_partition,reader-1,read,mr-30d63777-602e-436c-89af-f006c04da6f6,,2002,QUORUM,ONE,cassandra-2,True,False,4.531,2026-09-16T06:24:23.800448+00:00,
30d63777-602e-436c-89af-f006c04da6f6,monotonic_reads,network_partition,writer-1,write,mr-30d63777-602e-436c-89af-f006c04da6f6,2003,,,ONE,cassandra-1,True,False,11.095,2026-09-16T06:24:23.817462+00:00,
30d63777-602e-436c-89af-f006c04da6f6,monotonic_reads,network_partition,reader-1,read,mr-30d63777-602e-436c-89af-f006c04da6f6,,2002,QUORUM,ONE,cassandra-3,True,False,5.939,2026-09-16T06:24:23.819074+00:00,
30d63777-602e-436c-89af-f006c04da6f6,monotonic_reads,network_partition,reader-1,read,mr-30d63777-602e-436c-89af-f006c04da6f6,,2003,QUORUM,ONE,cassandra-1,True,False,4.415,2026-09-16T06:24:23.834847+00:00,
30d63777-602e-436c-89af-f006c04da6f6,monotonic_reads,network_partition,writer-1,write,mr-30d63777-602e-436c-89af-f006c04da6f6,2004,,,ONE,cassandra-1,True,False,3.855,2026-09-16T06:24:23.846475+00:00,
30d63777-602e-436c-89af-f006c04da6f6,monotonic_reads,network_partition,reader-1,read,mr-30d63777-602e-436c-89af-f006c04da6f6,,2004,QUORUM,ONE,cassandra-2,True,False,5.404,2026-09-16T06:24:23.851219+00:00,
30d63777-602e-436c-89af-f006c04da6f6,monotonic_reads,network_partition,reader-1,read,mr-30d63777-602e-436c-89af-f006c04da6f6,,2004,QUORUM,ONE,cassandra-3,True,False,5.124,2026-09-16T06:24:23.868305+00:00,
30d63777-602e-436c-89af-f006c04da6f6,monotonic_reads,network_partition,writer-1,write,mr-30d63777-602e-436c-89af-f006c04da6f6,2005,,,ONE,cassandra-1,True,False,2.522,2026-09-16T06:24:23.869299+00:00,
30d63777-602e-436c-89af-f006c04da6f6,monotonic_reads,network_partition,reader-1,read,mr-30d63777-602e-436c-89af-f006c04da6f6,,2005,QUORUM,ONE,cassandra-1,True,False,5.958,2026-09-16T06:24:23.885885+00:00,
30d63777-602e-436c-89af-f006c04da6f6,monotonic_reads,network_partition,writer-1,write,mr-30d63777-602e-436c-89af-f006c04da6f6,2006,,,ONE,cassandra-1,True,False,3.059,2026-09-16T06:24:23.896879+00:00,
30d63777-602e-436c-89af-f006c04da6f6,monotonic_reads,network_partition,reader-1,read,mr-30d63777-602e-436c-89af-f006c04da6f6,,2006,QUORUM,ONE,cassandra-2,True,False,4.558,2026-09-16T06:24:23.901535+00:00,
30d63777-602e-436c-89af-f006c04da6f6,monotonic_reads,network_partition,reader-1,read,mr-30d63777-602e-436c-89af-f006c04da6f6,,2006,QUORUM,ONE,cassandra-3,True,False,4.691,2026-09-16T06:24:23.918529+00:00,
30d63777-602e-436c-89af-f006c04da6f6,monotonic_reads,network_partition,writer-1,write,mr-30d63777-602e-436c-89af-f006c04da6f6,2007,,,ONE,cassandra-1,True,False,2.536,2026-09-16T06:24:23.923484+00:00,
30d63777-602e-436c-89af-f006c04da6f6,monotonic_reads,network_partition,reader-1,read,mr-30d63777-602e-436c-89af-f006c04da6f6,,2007,QUORUM,ONE,cassandra-1,True,False,5.147,2026-09-16T06:24:23.935050+00:00,
30d63777-602e-436c-89af-f006c04da6f6,monotonic_reads,network_partition,writer-1,write,mr-30d63777-602e-436c-89af-f006c04da6f6,2008,,,ONE,cassandra-1,True,False,2.113,2026-09-16T06:24:23.950495+00:00,
30d63777-602e-436c-89af-f006c04da6f6,monotonic_reads,network_partition,reader-1,read,mr-30d63777-602e-436c-89af-f006c04da6f6,,2008,QUORUM,ONE,cassandra-2,True,False,7.449,2026-09-16T06:24:23.955151+00:00,
30d63777-602e-436c-89af-f006c04da6f6,monotonic_reads,network_partition,reader-1,read,mr-30d63777-602e-436c-89af-f006c04da6f6,,2008,QUORUM,ONE,cassandra-3,True,False,4.94,2026-09-16T06:24:23.971859+00:00,
30d63777-602e-436c-89af-f006c04da6f6,monotonic_reads,network_partition,writer-1,write,mr-30d63777-602e-436c-89af-f006c04da6f6,2009,,,ONE,cassandra-1,True,False,8.191,2026-09-16T06:24:23.982796+00:00,
30d63777-602e-436c-89af-f006c04da6f6,monotonic_reads,network_partition,reader-1,read,mr-30d63777-602e-436c-89af-f006c04da6f6,,2009,QUORUM,ONE,cassandra-1,True,False,4.214,2026-09-16T06:24:23.988785+00:00,
30d63777-602e-436c-89af-f006c04da6f6,monotonic_reads,network_partition,reader-1,read,mr-30d63777-602e-436c-89af-f006c04da6f6,,2009,QUORUM,ONE,cassandra-2,True,False,3.68,2026-09-16T06:24:24.004972+00:00,
30d63777-602e-436c-89af-f006c04da6f6,monotonic_reads,network_partition,writer-1,write,mr-30d63777-602e-436c-89af-f006c04da6f6,2010,,,ONE,cassandra-1,True,False,1.379,2026-09-16T06:24:24.009394+00:00,
30d63777-602e-436c-89af-f006c04da6f6,monotonic_reads,network_partition,reader-1,read,mr-30d63777-602e-436c-89af-f006c04da6f6,,2010,QUORUM,ONE,cassandra-3,True,False,4.407,2026-09-16T06:24:24.021045+00:00,
30d63777-602e-436c-89af-f006c04da6f6,monotonic_reads,network_partition,writer-1,write,mr-30d63777-602e-436c-89af-f006c04da6f6,2011,,,ONE,cassandra-1,True,False,1.032,2026-09-16T06:24:24.034349+00:00,
30d63777-602e-436c-89af-f006c04da6f6,monotonic_reads,network_partition,reader-1,read,mr-30d63777-602e-436c-89af-f006c04da6f6,,2011,QUORUM,ONE,cassandra-1,True,False,5.715,2026-09-16T06:24:24.038160+00:00,
30d63777-602e-436c-89af-f006c04da6f6,monotonic_reads,network_partition,reader-1,read,mr-30d63777-602e-436c-89af-f006c04da6f6,,2011,QUORUM,ONE,cassandra-2,True,False,5.33,2026-09-16T06:24:24.055583+00:00,
30d63777-602e-436c-89af-f006c04da6f6,monotonic_reads,network_partition,writer-1,write,mr-30d63777-602e-436c-89af-f006c04da6f6,2012,,,ONE,cassandra-1,True,False,2.88,2026-09-16T06:24:24.061142+00:00,
30d63777-602e-436c-89af-f006c04da6f6,monotonic_reads,network_partition,reader-1,read,mr-30d63777-602e-436c-89af-f006c04da6f6,,2012,QUORUM,ONE,cassandra-3,True,False,4.465,2026-09-16T06:24:24.070384+00:00,
30d63777-602e-436c-89af-f006c04da6f6,monotonic_reads,network_partition,writer-1,write,mr-30d63777-602e-436c-89af-f006c04da6f6,2013,,,ONE,cassandra-1,True,False,2.818,2026-09-16T06:24:24.086644+00:00,
30d63777-602e-436c-89af-f006c04da6f6,monotonic_reads,network_partition,reader-1,read,mr-30d63777-602e-436c-89af-f006c04da6f6,,2012,QUORUM,ONE,cassandra-1,True,False,5.676,2026-09-16T06:24:24.087562+00:00,
30d63777-602e-436c-89af-f006c04da6f6,monotonic_reads,network_partition,reader-1,read,mr-30d63777-602e-436c-89af-f006c04da6f6,,2013,QUORUM,ONE,cassandra-2,True,False,5.495,2026-09-16T06:24:24.103444+00:00,
30d63777-602e-436c-89af-f006c04da6f6,monotonic_reads,network_partition,writer-1,write,mr-30d63777-602e-436c-89af-f006c04da6f6,2014,,,ONE,cassandra-1,True,False,5.921,2026-09-16T06:24:24.116409+00:00,
30d63777-602e-436c-89af-f006c04da6f6,monotonic_reads,network_partition,reader-1,read,mr-30d63777-602e-436c-89af-f006c04da6f6,,2013,QUORUM,ONE,cassandra-3,True,False,4.68,2026-09-16T06:24:24.118848+00:00,
30d63777-602e-436c-89af-f006c04da6f6,monotonic_reads,network_partition,reader-1,read,mr-30d63777-602e-436c-89af-f006c04da6f6,,2014,QUORUM,ONE,cassandra-1,True,False,5.407,2026-09-16T06:24:24.136748+00:00,
30d63777-602e-436c-89af-f006c04da6f6,monotonic_reads,network_partition,writer-1,write,mr-30d63777-602e-436c-89af-f006c04da6f6,2015,,,ONE,cassandra-1,True,False,11.533,2026-09-16T06:24:24.149479+00:00,
30d63777-602e-436c-89af-f006c04da6f6,monotonic_reads,network_partition,reader-1,read,mr-30d63777-602e-436c-89af-f006c04da6f6,,2015,QUORUM,ONE,cassandra-2,True,False,6.822,2026-09-16T06:24:24.153998+00:00,
30d63777-602e-436c-89af-f006c04da6f6,monotonic_reads,network_partition,reader-1,read,mr-30d63777-602e-436c-89af-f006c04da6f6,,2015,QUORUM,ONE,cassandra-3,True,False,4.322,2026-09-16T06:24:24.169632+00:00,
30d63777-602e-436c-89af-f006c04da6f6,monotonic_reads,network_partition,writer-1,write,mr-30d63777-602e-436c-89af-f006c04da6f6,2016,,,ONE,cassandra-1,True,False,2.759,2026-09-16T06:24:24.175673+00:00,
30d63777-602e-436c-89af-f006c04da6f6,monotonic_reads,network_partition,reader-1,read,mr-30d63777-602e-436c-89af-f006c04da6f6,,2016,QUORUM,ONE,cassandra-1,True,False,4.515,2026-09-16T06:24:24.185303+00:00,
30d63777-602e-436c-89af-f006c04da6f6,monotonic_reads,network_partition,reader-1,read,mr-30d63777-602e-436c-89af-f006c04da6f6,,2016,QUORUM,ONE,cassandra-2,True,False,5.619,2026-09-16T06:24:24.201539+00:00,
30d63777-602e-436c-89af-f006c04da6f6,monotonic_reads,network_partition,writer-1,write,mr-30d63777-602e-436c-89af-f006c04da6f6,2017,,,ONE,cassandra-1,True,False,2.613,2026-09-16T06:24:24.203012+00:00,
30d63777-602e-436c-89af-f006c04da6f6,monotonic_reads,network_partition,reader-1,read,mr-30d63777-602e-436c-89af-f006c04da6f6,,2017,QUORUM,ONE,cassandra-3,True,False,4.256,2026-09-16T06:24:24.216383+00:00,
30d63777-602e-436c-89af-f006c04da6f6,monotonic_reads,network_partition,writer-1,write,mr-30d63777-602e-436c-89af-f006c04da6f6,2018,,,ONE,cassandra-1,True,False,3.064,2026-09-16T06:24:24.230210+00:00,
30d63777-602e-436c-89af-f006c04da6f6,monotonic_reads,network_partition,reader-1,read,mr-30d63777-602e-436c-89af-f006c04da6f6,,2018,QUORUM,ONE,cassandra-1,True,False,5.415,2026-09-16T06:24:24.234412+00:00,
30d63777-602e-436c-89af-f006c04da6f6,monotonic_reads,network_partition,reader-1,read,mr-30d63777-602e-436c-89af-f006c04da6f6,,2018,QUORUM,ONE,cassandra-2,True,False,5.512,2026-09-16T06:24:24.251658+00:00,
30d63777-602e-436c-89af-f006c04da6f6,monotonic_reads,network_partition,writer-1,write,mr-30d63777-602e-436c-89af-f006c04da6f6,2019,,,ONE,cassandra-1,True,False,2.814,2026-09-16T06:24:24.256552+00:00,
30d63777-602e-436c-89af-f006c04da6f6,monotonic_reads,network_partition,reader-1,read,mr-30d63777-602e-436c-89af-f006c04da6f6,,2019,QUORUM,ONE,cassandra-3,True,False,4.611,2026-09-16T06:24:24.267433+00:00,
30d63777-602e-436c-89af-f006c04da6f6,monotonic_reads,network_partition,writer-1,write,mr-30d63777-602e-436c-89af-f006c04da6f6,2020,,,ONE,cassandra-1,True,False,3.622,2026-09-16T06:24:24.282603+00:00,
30d63777-602e-436c-89af-f006c04da6f6,monotonic_reads,network_partition,reader-1,read,mr-30d63777-602e-436c-89af-f006c04da6f6,,2019,QUORUM,ONE,cassandra-1,True,False,4.027,2026-09-16T06:24:24.284162+00:00,
30d63777-602e-436c-89af-f006c04da6f6,monotonic_reads,network_partition,reader-1,read,mr-30d63777-602e-436c-89af-f006c04da6f6,,2020,QUORUM,ONE,cassandra-2,True,False,5.82,2026-09-16T06:24:24.300733+00:00,
30d63777-602e-436c-89af-f006c04da6f6,monotonic_reads,network_partition,writer-1,write,mr-30d63777-602e-436c-89af-f006c04da6f6,2021,,,ONE,cassandra-1,True,False,3.892,2026-09-16T06:24:24.309855+00:00,
30d63777-602e-436c-89af-f006c04da6f6,monotonic_reads,network_partition,reader-1,read,mr-30d63777-602e-436c-89af-f006c04da6f6,,2021,QUORUM,ONE,cassandra-3,True,False,4.998,2026-09-16T06:24:24.318439+00:00,
30d63777-602e-436c-89af-f006c04da6f6,monotonic_reads,network_partition,writer-1,write,mr-30d63777-602e-436c-89af-f006c04da6f6,2022,,,ONE,cassandra-1,True,False,4.129,2026-09-16T06:24:24.334940+00:00,
30d63777-602e-436c-89af-f006c04da6f6,monotonic_reads,network_partition,reader-1,read,mr-30d63777-602e-436c-89af-f006c04da6f6,,2021,QUORUM,ONE,cassandra-1,True,False,5.23,2026-09-16T06:24:24.336417+00:00,
30d63777-602e-436c-89af-f006c04da6f6,monotonic_reads,network_partition,reader-1,read,mr-30d63777-602e-436c-89af-f006c04da6f6,,2022,QUORUM,ONE,cassandra-2,True,False,5.214,2026-09-16T06:24:24.353144+00:00,
30d63777-602e-436c-89af-f006c04da6f6,monotonic_reads,network_partition,writer-1,write,mr-30d63777-602e-436c-89af-f006c04da6f6,2023,,,ONE,cassandra-1,True,False,3.826,2026-09-16T06:24:24.362715+00:00,
30d63777-602e-436c-89af-f006c04da6f6,monotonic_reads,network_partition,reader-1,read,mr-30d63777-602e-436c-89af-f006c04da6f6,,2023,QUORUM,ONE,cassandra-3,True,False,5.167,2026-09-16T06:24:24.368591+00:00,
30d63777-602e-436c-89af-f006c04da6f6,monotonic_reads,network_partition,reader-1,read,mr-30d63777-602e-436c-89af-f006c04da6f6,,2023,QUORUM,ONE,cassandra-1,True,False,4.603,2026-09-16T06:24:24.383433+00:00,
30d63777-602e-436c-89af-f006c04da6f6,monotonic_reads,network_partition,writer-1,write,mr-30d63777-602e-436c-89af-f006c04da6f6,2024,,,ONE,cassandra-1,True,False,3.433,2026-09-16T06:24:24.387345+00:00,
30d63777-602e-436c-89af-f006c04da6f6,monotonic_reads,network_partition,reader-1,read,mr-30d63777-602e-436c-89af-f006c04da6f6,,2024,QUORUM,ONE,cassandra-2,True,False,4.596,2026-09-16T06:24:24.398403+00:00,
30d63777-602e-436c-89af-f006c04da6f6,monotonic_reads,network_partition,writer-1,write,mr-30d63777-602e-436c-89af-f006c04da6f6,2025,,,ONE,cassandra-1,True,False,2.508,2026-09-16T06:24:24.410425+00:00,
30d63777-602e-436c-89af-f006c04da6f6,monotonic_reads,network_partition,reader-1,read,mr-30d63777-602e-436c-89af-f006c04da6f6,,2025,QUORUM,ONE,cassandra-3,True,False,4.673,2026-09-16T06:24:24.415304+00:00,
30d63777-602e-436c-89af-f006c04da6f6,monotonic_reads,network_partition,reader-1,read,mr-30d63777-602e-436c-89af-f006c04da6f6,,2025,QUORUM,ONE,cassandra-1,True,False,5.788,2026-09-16T06:24:24.431710+00:00,
30d63777-602e-436c-89af-f006c04da6f6,monotonic_reads,network_partition,writer-1,write,mr-30d63777-602e-436c-89af-f006c04da6f6,2026,,,ONE,cassandra-1,True,False,2.987,2026-09-16T06:24:24.437963+00:00,
30d63777-602e-436c-89af-f006c04da6f6,monotonic_reads,network_partition,reader-1,read,mr-30d63777-602e-436c-89af-f006c04da6f6,,2026,QUORUM,ONE,cassandra-2,True,False,9.599,2026-09-16T06:24:24.453437+00:00,
30d63777-602e-436c-89af-f006c04da6f6,monotonic_reads,network_partition,writer-1,write,mr-30d63777-602e-436c-89af-f006c04da6f6,2027,,,ONE,cassandra-1,True,False,2.255,2026-09-16T06:24:24.463157+00:00,
30d63777-602e-436c-89af-f006c04da6f6,monotonic_reads,network_partition,reader-1,read,mr-30d63777-602e-436c-89af-f006c04da6f6,,2027,QUORUM,ONE,cassandra-3,True,False,4.972,2026-09-16T06:24:24.469889+00:00,
30d63777-602e-436c-89af-f006c04da6f6,monotonic_reads,network_partition,reader-1,read,mr-30d63777-602e-436c-89af-f006c04da6f6,,2027,QUORUM,ONE,cassandra-1,True,False,10.86,2026-09-16T06:24:24.492744+00:00,
30d63777-602e-436c-89af-f006c04da6f6,monotonic_reads,network_partition,writer-1,write,mr-30d63777-602e-436c-89af-f006c04da6f6,2028,,,ONE,cassandra-1,True,False,7.21,2026-09-16T06:24:24.493197+00:00,
30d63777-602e-436c-89af-f006c04da6f6,monotonic_reads,network_partition,reader-1,read,mr-30d63777-602e-436c-89af-f006c04da6f6,,2028,QUORUM,ONE,cassandra-2,True,False,3.541,2026-09-16T06:24:24.506537+00:00,
30d63777-602e-436c-89af-f006c04da6f6,monotonic_reads,network_partition,writer-1,write,mr-30d63777-602e-436c-89af-f006c04da6f6,2029,,,ONE,cassandra-1,True,False,1.516,2026-09-16T06:24:24.519702+00:00,
30d63777-602e-436c-89af-f006c04da6f6,monotonic_reads,network_partition,reader-1,read,mr-30d63777-602e-436c-89af-f006c04da6f6,,2028,QUORUM,ONE,cassandra-3,True,False,3.233,2026-09-16T06:24:24.521629+00:00,
30d63777-602e-436c-89af-f006c04da6f6,monotonic_reads,network_partition,reader-1,read,mr-30d63777-602e-436c-89af-f006c04da6f6,,2029,QUORUM,ONE,cassandra-1,True,False,4.368,2026-09-16T06:24:24.536750+00:00,
30d63777-602e-436c-89af-f006c04da6f6,monotonic_reads,network_partition,writer-1,write,mr-30d63777-602e-436c-89af-f006c04da6f6,2030,,,ONE,cassandra-1,True,False,2.694,2026-09-16T06:24:24.543596+00:00,
30d63777-602e-436c-89af-f006c04da6f6,monotonic_reads,network_partition,reader-1,read,mr-30d63777-602e-436c-89af-f006c04da6f6,,2030,QUORUM,ONE,cassandra-2,True,False,5.002,2026-09-16T06:24:24.551932+00:00,
30d63777-602e-436c-89af-f006c04da6f6,monotonic_reads,network_partition,writer-1,write,mr-30d63777-602e-436c-89af-f006c04da6f6,2031,,,ONE,cassandra-1,True,False,2.433,2026-09-16T06:24:24.567361+00:00,
30d63777-602e-436c-89af-f006c04da6f6,monotonic_reads,network_partition,reader-1,read,mr-30d63777-602e-436c-89af-f006c04da6f6,,2030,QUORUM,ONE,cassandra-3,True,False,5.09,2026-09-16T06:24:24.569062+00:00,
30d63777-602e-436c-89af-f006c04da6f6,monotonic_reads,network_partition,reader-1,read,mr-30d63777-602e-436c-89af-f006c04da6f6,,2031,QUORUM,ONE,cassandra-1,True,False,6.992,2026-09-16T06:24:24.588694+00:00,
30d63777-602e-436c-89af-f006c04da6f6,monotonic_reads,network_partition,writer-1,write,mr-30d63777-602e-436c-89af-f006c04da6f6,2032,,,ONE,cassandra-1,True,False,3.712,2026-09-16T06:24:24.594637+00:00,
30d63777-602e-436c-89af-f006c04da6f6,monotonic_reads,network_partition,reader-1,read,mr-30d63777-602e-436c-89af-f006c04da6f6,,2032,QUORUM,ONE,cassandra-2,True,False,4.983,2026-09-16T06:24:24.605896+00:00,
30d63777-602e-436c-89af-f006c04da6f6,monotonic_reads,network_partition,writer-1,write,mr-30d63777-602e-436c-89af-f006c04da6f6,2033,,,ONE,cassandra-1,True,False,2.099,2026-09-16T06:24:24.620474+00:00,
30d63777-602e-436c-89af-f006c04da6f6,monotonic_reads,network_partition,reader-1,read,mr-30d63777-602e-436c-89af-f006c04da6f6,,2032,QUORUM,ONE,cassandra-3,True,False,6.071,2026-09-16T06:24:24.622625+00:00,
30d63777-602e-436c-89af-f006c04da6f6,monotonic_reads,network_partition,reader-1,read,mr-30d63777-602e-436c-89af-f006c04da6f6,,2033,QUORUM,ONE,cassandra-1,True,False,5.007,2026-09-16T06:24:24.640290+00:00,
30d63777-602e-436c-89af-f006c04da6f6,monotonic_reads,network_partition,writer-1,write,mr-30d63777-602e-436c-89af-f006c04da6f6,2034,,,ONE,cassandra-1,True,False,4.111,2026-09-16T06:24:24.647057+00:00,
30d63777-602e-436c-89af-f006c04da6f6,monotonic_reads,network_partition,reader-1,read,mr-30d63777-602e-436c-89af-f006c04da6f6,,2034,QUORUM,ONE,cassandra-2,True,False,4.261,2026-09-16T06:24:24.656189+00:00,
30d63777-602e-436c-89af-f006c04da6f6,monotonic_reads,network_partition,reader-1,read,mr-30d63777-602e-436c-89af-f006c04da6f6,,2034,QUORUM,ONE,cassandra-3,True,False,5.813,2026-09-16T06:24:24.673688+00:00,
30d63777-602e-436c-89af-f006c04da6f6,monotonic_reads,network_partition,writer-1,write,mr-30d63777-602e-436c-89af-f006c04da6f6,2035,,,ONE,cassandra-1,True,False,4.366,2026-09-16T06:24:24.674198+00:00,
30d63777-602e-436c-89af-f006c04da6f6,monotonic_reads,network_partition,reader-1,read,mr-30d63777-602e-436c-89af-f006c04da6f6,,2035,QUORUM,ONE,cassandra-1,True,False,15.836,2026-09-16T06:24:24.702201+00:00,
30d63777-602e-436c-89af-f006c04da6f6,monotonic_reads,network_partition,writer-1,write,mr-30d63777-602e-436c-89af-f006c04da6f6,2036,,,ONE,cassandra-1,True,False,4.17,2026-09-16T06:24:24.702431+00:00,
30d63777-602e-436c-89af-f006c04da6f6,monotonic_reads,network_partition,reader-1,read,mr-30d63777-602e-436c-89af-f006c04da6f6,,2036,QUORUM,ONE,cassandra-2,True,False,4.67,2026-09-16T06:24:24.719622+00:00,
30d63777-602e-436c-89af-f006c04da6f6,monotonic_reads,network_partition,writer-1,write,mr-30d63777-602e-436c-89af-f006c04da6f6,2037,,,ONE,cassandra-1,True,False,3.337,2026-09-16T06:24:24.729265+00:00,
30d63777-602e-436c-89af-f006c04da6f6,monotonic_reads,network_partition,reader-1,read,mr-30d63777-602e-436c-89af-f006c04da6f6,,2037,QUORUM,ONE,cassandra-3,True,False,5.592,2026-09-16T06:24:24.736755+00:00,
30d63777-602e-436c-89af-f006c04da6f6,monotonic_reads,network_partition,reader-1,read,mr-30d63777-602e-436c-89af-f006c04da6f6,,2037,QUORUM,ONE,cassandra-1,True,False,6.533,2026-09-16T06:24:24.754591+00:00,
30d63777-602e-436c-89af-f006c04da6f6,monotonic_reads,network_partition,writer-1,write,mr-30d63777-602e-436c-89af-f006c04da6f6,2038,,,ONE,cassandra-1,True,False,4.511,2026-09-16T06:24:24.759204+00:00,
30d63777-602e-436c-89af-f006c04da6f6,monotonic_reads,network_partition,reader-1,read,mr-30d63777-602e-436c-89af-f006c04da6f6,,2038,QUORUM,ONE,cassandra-2,True,False,5.277,2026-09-16T06:24:24.772973+00:00,
30d63777-602e-436c-89af-f006c04da6f6,monotonic_reads,network_partition,writer-1,write,mr-30d63777-602e-436c-89af-f006c04da6f6,2039,,,ONE,cassandra-1,True,False,1.545,2026-09-16T06:24:24.781467+00:00,
30d63777-602e-436c-89af-f006c04da6f6,monotonic_reads,network_partition,reader-1,read,mr-30d63777-602e-436c-89af-f006c04da6f6,,2039,QUORUM,ONE,cassandra-3,True,False,4.033,2026-09-16T06:24:24.789738+00:00,
30d63777-602e-436c-89af-f006c04da6f6,monotonic_reads,network_partition,reader-1,read,mr-30d63777-602e-436c-89af-f006c04da6f6,,2039,QUORUM,ONE,cassandra-1,True,False,3.237,2026-09-16T06:24:24.805705+00:00,
30d63777-602e-436c-89af-f006c04da6f6,monotonic_reads,network_partition,writer-1,write,mr-30d63777-602e-436c-89af-f006c04da6f6,2040,,,ONE,cassandra-1,True,False,2.18,2026-09-16T06:24:24.805779+00:00,
30d63777-602e-436c-89af-f006c04da6f6,monotonic_reads,network_partition,reader-1,read,mr-30d63777-602e-436c-89af-f006c04da6f6,,2040,QUORUM,ONE,cassandra-2,True,False,3.798,2026-09-16T06:24:24.819728+00:00,
30d63777-602e-436c-89af-f006c04da6f6,monotonic_reads,network_partition,writer-1,write,mr-30d63777-602e-436c-89af-f006c04da6f6,2041,,,ONE,cassandra-1,True,False,2.119,2026-09-16T06:24:24.830037+00:00,
30d63777-602e-436c-89af-f006c04da6f6,monotonic_reads,network_partition,reader-1,read,mr-30d63777-602e-436c-89af-f006c04da6f6,,2041,QUORUM,ONE,cassandra-3,True,False,4.622,2026-09-16T06:24:24.836524+00:00,
30d63777-602e-436c-89af-f006c04da6f6,monotonic_reads,network_partition,reader-1,read,mr-30d63777-602e-436c-89af-f006c04da6f6,,2041,QUORUM,ONE,cassandra-1,True,False,4.341,2026-09-16T06:24:24.853267+00:00,
30d63777-602e-436c-89af-f006c04da6f6,monotonic_reads,network_partition,writer-1,write,mr-30d63777-602e-436c-89af-f006c04da6f6,2042,,,ONE,cassandra-1,True,False,10.081,2026-09-16T06:24:24.864271+00:00,
30d63777-602e-436c-89af-f006c04da6f6,monotonic_reads,network_partition,reader-1,read,mr-30d63777-602e-436c-89af-f006c04da6f6,,2042,QUORUM,ONE,cassandra-2,True,False,5.135,2026-09-16T06:24:24.868653+00:00,
30d63777-602e-436c-89af-f006c04da6f6,monotonic_reads,network_partition,reader-1,read,mr-30d63777-602e-436c-89af-f006c04da6f6,,2042,QUORUM,ONE,cassandra-3,True,False,5.586,2026-09-16T06:24:24.885688+00:00,
30d63777-602e-436c-89af-f006c04da6f6,monotonic_reads,network_partition,writer-1,write,mr-30d63777-602e-436c-89af-f006c04da6f6,2043,,,ONE,cassandra-1,True,False,2.377,2026-09-16T06:24:24.888305+00:00,
30d63777-602e-436c-89af-f006c04da6f6,monotonic_reads,network_partition,reader-1,read,mr-30d63777-602e-436c-89af-f006c04da6f6,,2043,QUORUM,ONE,cassandra-1,True,False,4.848,2026-09-16T06:24:24.903108+00:00,
30d63777-602e-436c-89af-f006c04da6f6,monotonic_reads,network_partition,writer-1,write,mr-30d63777-602e-436c-89af-f006c04da6f6,2044,,,ONE,cassandra-1,True,False,2.811,2026-09-16T06:24:24.911722+00:00,
30d63777-602e-436c-89af-f006c04da6f6,monotonic_reads,network_partition,reader-1,read,mr-30d63777-602e-436c-89af-f006c04da6f6,,2044,QUORUM,ONE,cassandra-2,True,False,4.551,2026-09-16T06:24:24.918396+00:00,
30d63777-602e-436c-89af-f006c04da6f6,monotonic_reads,network_partition,reader-1,read,mr-30d63777-602e-436c-89af-f006c04da6f6,,2044,QUORUM,ONE,cassandra-3,True,False,4.437,2026-09-16T06:24:24.935346+00:00,
30d63777-602e-436c-89af-f006c04da6f6,monotonic_reads,network_partition,writer-1,write,mr-30d63777-602e-436c-89af-f006c04da6f6,2045,,,ONE,cassandra-1,True,False,12.787,2026-09-16T06:24:24.948823+00:00,
30d63777-602e-436c-89af-f006c04da6f6,monotonic_reads,network_partition,reader-1,read,mr-30d63777-602e-436c-89af-f006c04da6f6,,2045,QUORUM,ONE,cassandra-1,True,False,7.08,2026-09-16T06:24:24.953032+00:00,
30d63777-602e-436c-89af-f006c04da6f6,monotonic_reads,network_partition,reader-1,read,mr-30d63777-602e-436c-89af-f006c04da6f6,,2045,QUORUM,ONE,cassandra-2,True,False,7.267,2026-09-16T06:24:24.972930+00:00,
30d63777-602e-436c-89af-f006c04da6f6,monotonic_reads,network_partition,writer-1,write,mr-30d63777-602e-436c-89af-f006c04da6f6,2046,,,ONE,cassandra-1,True,False,5.47,2026-09-16T06:24:24.975219+00:00,
30d63777-602e-436c-89af-f006c04da6f6,monotonic_reads,network_partition,reader-1,read,mr-30d63777-602e-436c-89af-f006c04da6f6,,2046,QUORUM,ONE,cassandra-3,True,False,5.435,2026-09-16T06:24:24.989360+00:00,
30d63777-602e-436c-89af-f006c04da6f6,monotonic_reads,network_partition,writer-1,write,mr-30d63777-602e-436c-89af-f006c04da6f6,2047,,,ONE,cassandra-1,True,False,2.919,2026-09-16T06:24:25.001750+00:00,
30d63777-602e-436c-89af-f006c04da6f6,monotonic_reads,network_partition,reader-1,read,mr-30d63777-602e-436c-89af-f006c04da6f6,,2047,QUORUM,ONE,cassandra-1,True,False,5.657,2026-09-16T06:24:25.006407+00:00,
30d63777-602e-436c-89af-f006c04da6f6,monotonic_reads,network_partition,reader-1,read,mr-30d63777-602e-436c-89af-f006c04da6f6,,2047,QUORUM,ONE,cassandra-2,True,False,5.677,2026-09-16T06:24:25.024596+00:00,
30d63777-602e-436c-89af-f006c04da6f6,monotonic_reads,network_partition,writer-1,write,mr-30d63777-602e-436c-89af-f006c04da6f6,2048,,,ONE,cassandra-1,True,False,2.573,2026-09-16T06:24:25.028514+00:00,
30d63777-602e-436c-89af-f006c04da6f6,monotonic_reads,network_partition,reader-1,read,mr-30d63777-602e-436c-89af-f006c04da6f6,,2048,QUORUM,ONE,cassandra-3,True,False,5.626,2026-09-16T06:24:25.042528+00:00,
30d63777-602e-436c-89af-f006c04da6f6,monotonic_reads,network_partition,writer-1,write,mr-30d63777-602e-436c-89af-f006c04da6f6,2049,,,ONE,cassandra-1,True,False,3.886,2026-09-16T06:24:25.055818+00:00,
30d63777-602e-436c-89af-f006c04da6f6,monotonic_reads,network_partition,reader-1,read,mr-30d63777-602e-436c-89af-f006c04da6f6,,2049,QUORUM,ONE,cassandra-1,True,False,4.293,2026-09-16T06:24:25.057470+00:00,
30d63777-602e-436c-89af-f006c04da6f6,monotonic_reads,network_partition,reader-1,read,mr-30d63777-602e-436c-89af-f006c04da6f6,,2049,QUORUM,ONE,cassandra-2,True,False,5.483,2026-09-16T06:24:25.074805+00:00,
30d63777-602e-436c-89af-f006c04da6f6,monotonic_reads,network_partition,writer-1,write,mr-30d63777-602e-436c-89af-f006c04da6f6,2050,,,ONE,cassandra-1,True,False,2.625,2026-09-16T06:24:25.081462+00:00,
30d63777-602e-436c-89af-f006c04da6f6,monotonic_reads,network_partition,reader-1,read,mr-30d63777-602e-436c-89af-f006c04da6f6,,2050,QUORUM,ONE,cassandra-3,True,False,5.952,2026-09-16T06:24:25.092789+00:00,
30d63777-602e-436c-89af-f006c04da6f6,monotonic_reads,network_partition,writer-1,write,mr-30d63777-602e-436c-89af-f006c04da6f6,2051,,,ONE,cassandra-1,True,False,10.182,2026-09-16T06:24:25.116544+00:00,
30d63777-602e-436c-89af-f006c04da6f6,monotonic_reads,network_partition,reader-1,read,mr-30d63777-602e-436c-89af-f006c04da6f6,,2050,QUORUM,ONE,cassandra-1,True,False,13.261,2026-09-16T06:24:25.118818+00:00,
30d63777-602e-436c-89af-f006c04da6f6,monotonic_reads,network_partition,reader-1,read,mr-30d63777-602e-436c-89af-f006c04da6f6,,2051,QUORUM,ONE,cassandra-2,True,False,7.208,2026-09-16T06:24:25.137156+00:00,
30d63777-602e-436c-89af-f006c04da6f6,monotonic_reads,network_partition,writer-1,write,mr-30d63777-602e-436c-89af-f006c04da6f6,2052,,,ONE,cassandra-1,True,False,3.905,2026-09-16T06:24:25.141829+00:00,
30d63777-602e-436c-89af-f006c04da6f6,monotonic_reads,network_partition,reader-1,read,mr-30d63777-602e-436c-89af-f006c04da6f6,,2052,QUORUM,ONE,cassandra-3,True,False,6.521,2026-09-16T06:24:25.154476+00:00,
30d63777-602e-436c-89af-f006c04da6f6,monotonic_reads,network_partition,writer-1,write,mr-30d63777-602e-436c-89af-f006c04da6f6,2053,,,ONE,cassandra-1,True,False,3.944,2026-09-16T06:24:25.167886+00:00,
30d63777-602e-436c-89af-f006c04da6f6,monotonic_reads,network_partition,reader-1,read,mr-30d63777-602e-436c-89af-f006c04da6f6,,2053,QUORUM,ONE,cassandra-1,True,False,5.56,2026-09-16T06:24:25.172768+00:00,
30d63777-602e-436c-89af-f006c04da6f6,monotonic_reads,network_partition,reader-1,read,mr-30d63777-602e-436c-89af-f006c04da6f6,,2053,QUORUM,ONE,cassandra-2,True,False,3.556,2026-09-16T06:24:25.188707+00:00,
30d63777-602e-436c-89af-f006c04da6f6,monotonic_reads,network_partition,writer-1,write,mr-30d63777-602e-436c-89af-f006c04da6f6,2054,,,ONE,cassandra-1,True,False,4.054,2026-09-16T06:24:25.194969+00:00,
30d63777-602e-436c-89af-f006c04da6f6,monotonic_reads,network_partition,reader-1,read,mr-30d63777-602e-436c-89af-f006c04da6f6,,2054,QUORUM,ONE,cassandra-3,True,False,4.124,2026-09-16T06:24:25.204019+00:00,
30d63777-602e-436c-89af-f006c04da6f6,monotonic_reads,network_partition,writer-1,write,mr-30d63777-602e-436c-89af-f006c04da6f6,2055,,,ONE,cassandra-1,True,False,3.903,2026-09-16T06:24:25.219823+00:00,
30d63777-602e-436c-89af-f006c04da6f6,monotonic_reads,network_partition,reader-1,read,mr-30d63777-602e-436c-89af-f006c04da6f6,,2054,QUORUM,ONE,cassandra-1,True,False,5.962,2026-09-16T06:24:25.220868+00:00,
30d63777-602e-436c-89af-f006c04da6f6,monotonic_reads,network_partition,reader-1,read,mr-30d63777-602e-436c-89af-f006c04da6f6,,2055,QUORUM,ONE,cassandra-2,True,False,5.211,2026-09-16T06:24:25.237135+00:00,
30d63777-602e-436c-89af-f006c04da6f6,monotonic_reads,network_partition,writer-1,write,mr-30d63777-602e-436c-89af-f006c04da6f6,2056,,,ONE,cassandra-1,True,False,2.467,2026-09-16T06:24:25.246372+00:00,
30d63777-602e-436c-89af-f006c04da6f6,monotonic_reads,network_partition,reader-1,read,mr-30d63777-602e-436c-89af-f006c04da6f6,,2056,QUORUM,ONE,cassandra-3,True,False,5.14,2026-09-16T06:24:25.253087+00:00,
30d63777-602e-436c-89af-f006c04da6f6,monotonic_reads,network_partition,reader-1,read,mr-30d63777-602e-436c-89af-f006c04da6f6,,2056,QUORUM,ONE,cassandra-1,True,False,4.948,2026-09-16T06:24:25.268444+00:00,
30d63777-602e-436c-89af-f006c04da6f6,monotonic_reads,network_partition,writer-1,write,mr-30d63777-602e-436c-89af-f006c04da6f6,2057,,,ONE,cassandra-1,True,False,13.789,2026-09-16T06:24:25.283711+00:00,
30d63777-602e-436c-89af-f006c04da6f6,monotonic_reads,network_partition,reader-1,read,mr-30d63777-602e-436c-89af-f006c04da6f6,,2057,QUORUM,ONE,cassandra-2,True,False,7.759,2026-09-16T06:24:25.287032+00:00,
30d63777-602e-436c-89af-f006c04da6f6,monotonic_reads,network_partition,reader-1,read,mr-30d63777-602e-436c-89af-f006c04da6f6,,2057,QUORUM,ONE,cassandra-3,True,False,5.192,2026-09-16T06:24:25.304843+00:00,
30d63777-602e-436c-89af-f006c04da6f6,monotonic_reads,network_partition,writer-1,write,mr-30d63777-602e-436c-89af-f006c04da6f6,2058,,,ONE,cassandra-1,True,False,3.952,2026-09-16T06:24:25.309874+00:00,
30d63777-602e-436c-89af-f006c04da6f6,monotonic_reads,network_partition,reader-1,read,mr-30d63777-602e-436c-89af-f006c04da6f6,,2058,QUORUM,ONE,cassandra-1,True,False,4.701,2026-09-16T06:24:25.322279+00:00,
30d63777-602e-436c-89af-f006c04da6f6,monotonic_reads,network_partition,writer-1,write,mr-30d63777-602e-436c-89af-f006c04da6f6,2059,,,ONE,cassandra-1,True,False,2.389,2026-09-16T06:24:25.334325+00:00,
30d63777-602e-436c-89af-f006c04da6f6,monotonic_reads,network_partition,reader-1,read,mr-30d63777-602e-436c-89af-f006c04da6f6,,2059,QUORUM,ONE,cassandra-2,True,False,4.593,2026-09-16T06:24:25.339201+00:00,
30d63777-602e-436c-89af-f006c04da6f6,monotonic_reads,network_partition,reader-1,read,mr-30d63777-602e-436c-89af-f006c04da6f6,,2059,QUORUM,ONE,cassandra-3,True,False,8.513,2026-09-16T06:24:25.359441+00:00,
30d63777-602e-436c-89af-f006c04da6f6,monotonic_reads,network_partition,writer-1,write,mr-30d63777-602e-436c-89af-f006c04da6f6,2060,,,ONE,cassandra-1,True,False,11.538,2026-09-16T06:24:25.366421+00:00,
30d63777-602e-436c-89af-f006c04da6f6,monotonic_reads,network_partition,reader-1,read,mr-30d63777-602e-436c-89af-f006c04da6f6,,2060,QUORUM,ONE,cassandra-1,True,False,4.133,2026-09-16T06:24:25.374043+00:00,
30d63777-602e-436c-89af-f006c04da6f6,monotonic_reads,network_partition,reader-1,read,mr-30d63777-602e-436c-89af-f006c04da6f6,,2060,QUORUM,ONE,cassandra-2,True,False,5.095,2026-09-16T06:24:25.390501+00:00,
30d63777-602e-436c-89af-f006c04da6f6,monotonic_reads,network_partition,writer-1,write,mr-30d63777-602e-436c-89af-f006c04da6f6,2061,,,ONE,cassandra-1,True,False,2.155,2026-09-16T06:24:25.393076+00:00,
30d63777-602e-436c-89af-f006c04da6f6,monotonic_reads,network_partition,reader-1,read,mr-30d63777-602e-436c-89af-f006c04da6f6,,2061,QUORUM,ONE,cassandra-3,True,False,6.487,2026-09-16T06:24:25.407445+00:00,
30d63777-602e-436c-89af-f006c04da6f6,monotonic_reads,network_partition,writer-1,write,mr-30d63777-602e-436c-89af-f006c04da6f6,2062,,,ONE,cassandra-1,True,False,3.469,2026-09-16T06:24:25.421402+00:00,
30d63777-602e-436c-89af-f006c04da6f6,monotonic_reads,network_partition,reader-1,read,mr-30d63777-602e-436c-89af-f006c04da6f6,,2062,QUORUM,ONE,cassandra-1,True,False,6.782,2026-09-16T06:24:25.425685+00:00,
30d63777-602e-436c-89af-f006c04da6f6,monotonic_reads,network_partition,reader-1,read,mr-30d63777-602e-436c-89af-f006c04da6f6,,2062,QUORUM,ONE,cassandra-2,True,False,12.533,2026-09-16T06:24:25.450814+00:00,
30d63777-602e-436c-89af-f006c04da6f6,monotonic_reads,network_partition,writer-1,write,mr-30d63777-602e-436c-89af-f006c04da6f6,2063,,,ONE,cassandra-1,True,False,7.307,2026-09-16T06:24:25.451105+00:00,
30d63777-602e-436c-89af-f006c04da6f6,monotonic_reads,network_partition,reader-1,read,mr-30d63777-602e-436c-89af-f006c04da6f6,,2063,QUORUM,ONE,cassandra-3,True,False,5.165,2026-09-16T06:24:25.468458+00:00,
30d63777-602e-436c-89af-f006c04da6f6,monotonic_reads,network_partition,writer-1,write,mr-30d63777-602e-436c-89af-f006c04da6f6,2064,,,ONE,cassandra-1,True,False,1.535,2026-09-16T06:24:25.477624+00:00,
30d63777-602e-436c-89af-f006c04da6f6,monotonic_reads,network_partition,reader-1,read,mr-30d63777-602e-436c-89af-f006c04da6f6,,2064,QUORUM,ONE,cassandra-1,True,False,4.582,2026-09-16T06:24:25.483480+00:00,
30d63777-602e-436c-89af-f006c04da6f6,monotonic_reads,network_partition,reader-1,read,mr-30d63777-602e-436c-89af-f006c04da6f6,,2064,QUORUM,ONE,cassandra-2,True,False,5.199,2026-09-16T06:24:25.500721+00:00,
30d63777-602e-436c-89af-f006c04da6f6,monotonic_reads,network_partition,writer-1,write,mr-30d63777-602e-436c-89af-f006c04da6f6,2065,,,ONE,cassandra-1,True,False,3.825,2026-09-16T06:24:25.505741+00:00,
30d63777-602e-436c-89af-f006c04da6f6,monotonic_reads,network_partition,reader-1,read,mr-30d63777-602e-436c-89af-f006c04da6f6,,2065,QUORUM,ONE,cassandra-3,True,False,4.605,2026-09-16T06:24:25.516513+00:00,
30d63777-602e-436c-89af-f006c04da6f6,monotonic_reads,network_partition,writer-1,write,mr-30d63777-602e-436c-89af-f006c04da6f6,2066,,,ONE,cassandra-1,True,False,3.799,2026-09-16T06:24:25.530738+00:00,
30d63777-602e-436c-89af-f006c04da6f6,monotonic_reads,network_partition,reader-1,read,mr-30d63777-602e-436c-89af-f006c04da6f6,,2065,QUORUM,ONE,cassandra-1,True,False,4.837,2026-09-16T06:24:25.532422+00:00,
30d63777-602e-436c-89af-f006c04da6f6,monotonic_reads,network_partition,reader-1,read,mr-30d63777-602e-436c-89af-f006c04da6f6,,2066,QUORUM,ONE,cassandra-2,True,False,5.89,2026-09-16T06:24:25.549703+00:00,
30d63777-602e-436c-89af-f006c04da6f6,monotonic_reads,network_partition,writer-1,write,mr-30d63777-602e-436c-89af-f006c04da6f6,2067,,,ONE,cassandra-1,True,False,3.058,2026-09-16T06:24:25.557467+00:00,
30d63777-602e-436c-89af-f006c04da6f6,monotonic_reads,network_partition,reader-1,read,mr-30d63777-602e-436c-89af-f006c04da6f6,,2067,QUORUM,ONE,cassandra-3,True,False,4.372,2026-09-16T06:24:25.564420+00:00,
30d63777-602e-436c-89af-f006c04da6f6,monotonic_reads,network_partition,reader-1,read,mr-30d63777-602e-436c-89af-f006c04da6f6,,2067,QUORUM,ONE,cassandra-1,True,False,4.943,2026-09-16T06:24:25.581348+00:00,
30d63777-602e-436c-89af-f006c04da6f6,monotonic_reads,network_partition,writer-1,write,mr-30d63777-602e-436c-89af-f006c04da6f6,2068,,,ONE,cassandra-1,True,False,3.626,2026-09-16T06:24:25.582623+00:00,
30d63777-602e-436c-89af-f006c04da6f6,monotonic_reads,network_partition,reader-1,read,mr-30d63777-602e-436c-89af-f006c04da6f6,,2068,QUORUM,ONE,cassandra-2,True,False,5.6,2026-09-16T06:24:25.597532+00:00,
30d63777-602e-436c-89af-f006c04da6f6,monotonic_reads,network_partition,writer-1,write,mr-30d63777-602e-436c-89af-f006c04da6f6,2069,,,ONE,cassandra-1,True,False,7.436,2026-09-16T06:24:25.615213+00:00,
30d63777-602e-436c-89af-f006c04da6f6,monotonic_reads,network_partition,reader-1,read,mr-30d63777-602e-436c-89af-f006c04da6f6,,2068,QUORUM,ONE,cassandra-3,True,False,9.262,2026-09-16T06:24:25.617448+00:00,
30d63777-602e-436c-89af-f006c04da6f6,monotonic_reads,network_partition,reader-1,read,mr-30d63777-602e-436c-89af-f006c04da6f6,,2069,QUORUM,ONE,cassandra-1,True,False,4.247,2026-09-16T06:24:25.634324+00:00,
30d63777-602e-436c-89af-f006c04da6f6,monotonic_reads,network_partition,writer-1,write,mr-30d63777-602e-436c-89af-f006c04da6f6,2070,,,ONE,cassandra-1,True,False,3.511,2026-09-16T06:24:25.641792+00:00,
30d63777-602e-436c-89af-f006c04da6f6,monotonic_reads,network_partition,reader-1,read,mr-30d63777-602e-436c-89af-f006c04da6f6,,2070,QUORUM,ONE,cassandra-2,True,False,5.318,2026-09-16T06:24:25.652356+00:00,
30d63777-602e-436c-89af-f006c04da6f6,monotonic_reads,network_partition,writer-1,write,mr-30d63777-602e-436c-89af-f006c04da6f6,2071,,,ONE,cassandra-1,True,False,3.04,2026-09-16T06:24:25.666343+00:00,
30d63777-602e-436c-89af-f006c04da6f6,monotonic_reads,network_partition,reader-1,read,mr-30d63777-602e-436c-89af-f006c04da6f6,,2070,QUORUM,ONE,cassandra-3,True,False,4.295,2026-09-16T06:24:25.667196+00:00,
30d63777-602e-436c-89af-f006c04da6f6,monotonic_reads,network_partition,reader-1,read,mr-30d63777-602e-436c-89af-f006c04da6f6,,2071,QUORUM,ONE,cassandra-1,True,False,5.354,2026-09-16T06:24:25.683634+00:00,
30d63777-602e-436c-89af-f006c04da6f6,monotonic_reads,network_partition,writer-1,write,mr-30d63777-602e-436c-89af-f006c04da6f6,2072,,,ONE,cassandra-1,True,False,3.797,2026-09-16T06:24:25.691156+00:00,
30d63777-602e-436c-89af-f006c04da6f6,monotonic_reads,network_partition,reader-1,read,mr-30d63777-602e-436c-89af-f006c04da6f6,,2072,QUORUM,ONE,cassandra-2,True,False,6.95,2026-09-16T06:24:25.701883+00:00,
30d63777-602e-436c-89af-f006c04da6f6,monotonic_reads,network_partition,writer-1,write,mr-30d63777-602e-436c-89af-f006c04da6f6,2073,,,ONE,cassandra-1,True,False,2.771,2026-09-16T06:24:25.717059+00:00,
30d63777-602e-436c-89af-f006c04da6f6,monotonic_reads,network_partition,reader-1,read,mr-30d63777-602e-436c-89af-f006c04da6f6,,2072,QUORUM,ONE,cassandra-3,True,False,5.815,2026-09-16T06:24:25.719603+00:00,
30d63777-602e-436c-89af-f006c04da6f6,monotonic_reads,network_partition,reader-1,read,mr-30d63777-602e-436c-89af-f006c04da6f6,,2073,QUORUM,ONE,cassandra-1,True,False,5.613,2026-09-16T06:24:25.736490+00:00,
30d63777-602e-436c-89af-f006c04da6f6,monotonic_reads,network_partition,writer-1,write,mr-30d63777-602e-436c-89af-f006c04da6f6,2074,,,ONE,cassandra-1,True,False,3.45,2026-09-16T06:24:25.742907+00:00,
30d63777-602e-436c-89af-f006c04da6f6,monotonic_reads,network_partition,reader-1,read,mr-30d63777-602e-436c-89af-f006c04da6f6,,2074,QUORUM,ONE,cassandra-2,True,False,5.373,2026-09-16T06:24:25.753823+00:00,
30d63777-602e-436c-89af-f006c04da6f6,monotonic_reads,network_partition,writer-1,write,mr-30d63777-602e-436c-89af-f006c04da6f6,2075,,,ONE,cassandra-1,True,False,3.321,2026-09-16T06:24:25.767252+00:00,
30d63777-602e-436c-89af-f006c04da6f6,monotonic_reads,network_partition,reader-1,read,mr-30d63777-602e-436c-89af-f006c04da6f6,,2074,QUORUM,ONE,cassandra-3,True,False,4.648,2026-09-16T06:24:25.769354+00:00,
30d63777-602e-436c-89af-f006c04da6f6,monotonic_reads,network_partition,reader-1,read,mr-30d63777-602e-436c-89af-f006c04da6f6,,2075,QUORUM,ONE,cassandra-1,True,False,7.699,2026-09-16T06:24:25.789760+00:00,
30d63777-602e-436c-89af-f006c04da6f6,monotonic_reads,network_partition,writer-1,write,mr-30d63777-602e-436c-89af-f006c04da6f6,2076,,,ONE,cassandra-1,True,False,3.811,2026-09-16T06:24:25.791499+00:00,
30d63777-602e-436c-89af-f006c04da6f6,monotonic_reads,network_partition,reader-1,read,mr-30d63777-602e-436c-89af-f006c04da6f6,,2076,QUORUM,ONE,cassandra-2,True,False,6.268,2026-09-16T06:24:25.807788+00:00,
30d63777-602e-436c-89af-f006c04da6f6,monotonic_reads,network_partition,writer-1,write,mr-30d63777-602e-436c-89af-f006c04da6f6,2077,,,ONE,cassandra-1,True,False,1.98,2026-09-16T06:24:25.813878+00:00,
30d63777-602e-436c-89af-f006c04da6f6,monotonic_reads,network_partition,reader-1,read,mr-30d63777-602e-436c-89af-f006c04da6f6,,2077,QUORUM,ONE,cassandra-3,True,False,5.703,2026-09-16T06:24:25.824639+00:00,
30d63777-602e-436c-89af-f006c04da6f6,monotonic_reads,network_partition,reader-1,read,mr-30d63777-602e-436c-89af-f006c04da6f6,,2077,QUORUM,ONE,cassandra-1,True,False,5.589,2026-09-16T06:24:25.840586+00:00,
30d63777-602e-436c-89af-f006c04da6f6,monotonic_reads,network_partition,writer-1,write,mr-30d63777-602e-436c-89af-f006c04da6f6,2078,,,ONE,cassandra-1,True,False,3.018,2026-09-16T06:24:25.841921+00:00,
30d63777-602e-436c-89af-f006c04da6f6,monotonic_reads,network_partition,reader-1,read,mr-30d63777-602e-436c-89af-f006c04da6f6,,2078,QUORUM,ONE,cassandra-2,True,False,5.309,2026-09-16T06:24:25.858219+00:00,
30d63777-602e-436c-89af-f006c04da6f6,monotonic_reads,network_partition,writer-1,write,mr-30d63777-602e-436c-89af-f006c04da6f6,2079,,,ONE,cassandra-1,True,False,3.182,2026-09-16T06:24:25.866607+00:00,
30d63777-602e-436c-89af-f006c04da6f6,monotonic_reads,network_partition,reader-1,read,mr-30d63777-602e-436c-89af-f006c04da6f6,,2079,QUORUM,ONE,cassandra-3,True,False,4.569,2026-09-16T06:24:25.873451+00:00,
30d63777-602e-436c-89af-f006c04da6f6,monotonic_reads,network_partition,reader-1,read,mr-30d63777-602e-436c-89af-f006c04da6f6,,2079,QUORUM,ONE,cassandra-1,True,False,4.588,2026-09-16T06:24:25.890536+00:00,
30d63777-602e-436c-89af-f006c04da6f6,monotonic_reads,network_partition,writer-1,write,mr-30d63777-602e-436c-89af-f006c04da6f6,2080,,,ONE,cassandra-1,True,False,3.029,2026-09-16T06:24:25.893663+00:00,
30d63777-602e-436c-89af-f006c04da6f6,monotonic_reads,network_partition,reader-1,read,mr-30d63777-602e-436c-89af-f006c04da6f6,,2080,QUORUM,ONE,cassandra-2,True,False,4.68,2026-09-16T06:24:25.906596+00:00,
30d63777-602e-436c-89af-f006c04da6f6,monotonic_reads,network_partition,writer-1,write,mr-30d63777-602e-436c-89af-f006c04da6f6,2081,,,ONE,cassandra-1,True,False,3.124,2026-09-16T06:24:25.921444+00:00,
30d63777-602e-436c-89af-f006c04da6f6,monotonic_reads,network_partition,reader-1,read,mr-30d63777-602e-436c-89af-f006c04da6f6,,2080,QUORUM,ONE,cassandra-3,True,False,4.085,2026-09-16T06:24:25.923025+00:00,
30d63777-602e-436c-89af-f006c04da6f6,monotonic_reads,network_partition,reader-1,read,mr-30d63777-602e-436c-89af-f006c04da6f6,,2081,QUORUM,ONE,cassandra-1,True,False,4.684,2026-09-16T06:24:25.939664+00:00,
30d63777-602e-436c-89af-f006c04da6f6,monotonic_reads,network_partition,writer-1,write,mr-30d63777-602e-436c-89af-f006c04da6f6,2082,,,ONE,cassandra-1,True,False,4.385,2026-09-16T06:24:25.950874+00:00,
30d63777-602e-436c-89af-f006c04da6f6,monotonic_reads,network_partition,reader-1,read,mr-30d63777-602e-436c-89af-f006c04da6f6,,2082,QUORUM,ONE,cassandra-2,True,False,4.47,2026-09-16T06:24:25.956521+00:00,
30d63777-602e-436c-89af-f006c04da6f6,monotonic_reads,network_partition,reader-1,read,mr-30d63777-602e-436c-89af-f006c04da6f6,,2082,QUORUM,ONE,cassandra-3,True,False,5.008,2026-09-16T06:24:25.973203+00:00,
30d63777-602e-436c-89af-f006c04da6f6,monotonic_reads,network_partition,writer-1,write,mr-30d63777-602e-436c-89af-f006c04da6f6,2083,,,ONE,cassandra-1,True,False,1.994,2026-09-16T06:24:25.975913+00:00,
30d63777-602e-436c-89af-f006c04da6f6,monotonic_reads,network_partition,reader-1,read,mr-30d63777-602e-436c-89af-f006c04da6f6,,2083,QUORUM,ONE,cassandra-1,True,False,5.468,2026-09-16T06:24:25.989362+00:00,
30d63777-602e-436c-89af-f006c04da6f6,monotonic_reads,network_partition,writer-1,write,mr-30d63777-602e-436c-89af-f006c04da6f6,2084,,,ONE,cassandra-1,True,False,3.071,2026-09-16T06:24:26.001343+00:00,
30d63777-602e-436c-89af-f006c04da6f6,monotonic_reads,network_partition,reader-1,read,mr-30d63777-602e-436c-89af-f006c04da6f6,,2084,QUORUM,ONE,cassandra-2,True,False,5.584,2026-09-16T06:24:26.007532+00:00,
30d63777-602e-436c-89af-f006c04da6f6,monotonic_reads,network_partition,reader-1,read,mr-30d63777-602e-436c-89af-f006c04da6f6,,2084,QUORUM,ONE,cassandra-3,True,False,18.304,2026-09-16T06:24:26.037254+00:00,
30d63777-602e-436c-89af-f006c04da6f6,monotonic_reads,network_partition,writer-1,write,mr-30d63777-602e-436c-89af-f006c04da6f6,2085,,,ONE,cassandra-1,True,False,15.669,2026-09-16T06:24:26.037494+00:00,
30d63777-602e-436c-89af-f006c04da6f6,monotonic_reads,network_partition,reader-1,read,mr-30d63777-602e-436c-89af-f006c04da6f6,,2085,QUORUM,ONE,cassandra-1,True,False,3.346,2026-09-16T06:24:26.052814+00:00,
30d63777-602e-436c-89af-f006c04da6f6,monotonic_reads,network_partition,writer-1,write,mr-30d63777-602e-436c-89af-f006c04da6f6,2086,,,ONE,cassandra-1,True,False,1.976,2026-09-16T06:24:26.064564+00:00,
30d63777-602e-436c-89af-f006c04da6f6,monotonic_reads,network_partition,reader-1,read,mr-30d63777-602e-436c-89af-f006c04da6f6,,2086,QUORUM,ONE,cassandra-2,True,False,4.271,2026-09-16T06:24:26.069787+00:00,
30d63777-602e-436c-89af-f006c04da6f6,monotonic_reads,network_partition,reader-1,read,mr-30d63777-602e-436c-89af-f006c04da6f6,,2086,QUORUM,ONE,cassandra-3,True,False,6.149,2026-09-16T06:24:26.088146+00:00,
30d63777-602e-436c-89af-f006c04da6f6,monotonic_reads,network_partition,writer-1,write,mr-30d63777-602e-436c-89af-f006c04da6f6,2087,,,ONE,cassandra-1,True,False,3.45,2026-09-16T06:24:26.090235+00:00,
30d63777-602e-436c-89af-f006c04da6f6,monotonic_reads,network_partition,reader-1,read,mr-30d63777-602e-436c-89af-f006c04da6f6,,2087,QUORUM,ONE,cassandra-1,True,False,16.721,2026-09-16T06:24:26.116629+00:00,
30d63777-602e-436c-89af-f006c04da6f6,monotonic_reads,network_partition,writer-1,write,mr-30d63777-602e-436c-89af-f006c04da6f6,2088,,,ONE,cassandra-1,True,False,3.183,2026-09-16T06:24:26.117958+00:00,
30d63777-602e-436c-89af-f006c04da6f6,monotonic_reads,network_partition,reader-1,read,mr-30d63777-602e-436c-89af-f006c04da6f6,,2088,QUORUM,ONE,cassandra-2,True,False,4.841,2026-09-16T06:24:26.134132+00:00,
30d63777-602e-436c-89af-f006c04da6f6,monotonic_reads,network_partition,writer-1,write,mr-30d63777-602e-436c-89af-f006c04da6f6,2089,,,ONE,cassandra-1,True,False,12.156,2026-09-16T06:24:26.150417+00:00,
30d63777-602e-436c-89af-f006c04da6f6,monotonic_reads,network_partition,reader-1,read,mr-30d63777-602e-436c-89af-f006c04da6f6,,2088,QUORUM,ONE,cassandra-3,True,False,5.877,2026-09-16T06:24:26.151037+00:00,
30d63777-602e-436c-89af-f006c04da6f6,monotonic_reads,network_partition,reader-1,read,mr-30d63777-602e-436c-89af-f006c04da6f6,,2089,QUORUM,ONE,cassandra-1,True,False,3.291,2026-09-16T06:24:26.166969+00:00,
30d63777-602e-436c-89af-f006c04da6f6,monotonic_reads,network_partition,writer-1,write,mr-30d63777-602e-436c-89af-f006c04da6f6,2090,,,ONE,cassandra-1,True,False,3.217,2026-09-16T06:24:26.179331+00:00,
30d63777-602e-436c-89af-f006c04da6f6,monotonic_reads,network_partition,reader-1,read,mr-30d63777-602e-436c-89af-f006c04da6f6,,2090,QUORUM,ONE,cassandra-2,True,False,4.612,2026-09-16T06:24:26.184252+00:00,
30d63777-602e-436c-89af-f006c04da6f6,monotonic_reads,network_partition,reader-1,read,mr-30d63777-602e-436c-89af-f006c04da6f6,,2090,QUORUM,ONE,cassandra-3,True,False,6.008,2026-09-16T06:24:26.201943+00:00,
30d63777-602e-436c-89af-f006c04da6f6,monotonic_reads,network_partition,writer-1,write,mr-30d63777-602e-436c-89af-f006c04da6f6,2091,,,ONE,cassandra-1,True,False,2.789,2026-09-16T06:24:26.207042+00:00,
30d63777-602e-436c-89af-f006c04da6f6,monotonic_reads,network_partition,reader-1,read,mr-30d63777-602e-436c-89af-f006c04da6f6,,2091,QUORUM,ONE,cassandra-1,True,False,6.235,2026-09-16T06:24:26.220158+00:00,
30d63777-602e-436c-89af-f006c04da6f6,monotonic_reads,network_partition,writer-1,write,mr-30d63777-602e-436c-89af-f006c04da6f6,2092,,,ONE,cassandra-1,True,False,3.765,2026-09-16T06:24:26.234695+00:00,
30d63777-602e-436c-89af-f006c04da6f6,monotonic_reads,network_partition,reader-1,read,mr-30d63777-602e-436c-89af-f006c04da6f6,,2092,QUORUM,ONE,cassandra-2,True,False,7.064,2026-09-16T06:24:26.238797+00:00,
30d63777-602e-436c-89af-f006c04da6f6,monotonic_reads,network_partition,reader-1,read,mr-30d63777-602e-436c-89af-f006c04da6f6,,2092,QUORUM,ONE,cassandra-3,True,False,5.949,2026-09-16T06:24:26.256896+00:00,
30d63777-602e-436c-89af-f006c04da6f6,monotonic_reads,network_partition,writer-1,write,mr-30d63777-602e-436c-89af-f006c04da6f6,2093,,,ONE,cassandra-1,True,False,4.178,2026-09-16T06:24:26.263096+00:00,
30d63777-602e-436c-89af-f006c04da6f6,monotonic_reads,network_partition,reader-1,read,mr-30d63777-602e-436c-89af-f006c04da6f6,,2093,QUORUM,ONE,cassandra-1,True,False,6.887,2026-09-16T06:24:26.275856+00:00,
30d63777-602e-436c-89af-f006c04da6f6,monotonic_reads,network_partition,writer-1,write,mr-30d63777-602e-436c-89af-f006c04da6f6,2094,,,ONE,cassandra-1,True,False,3.997,2026-09-16T06:24:26.290878+00:00,
30d63777-602e-436c-89af-f006c04da6f6,monotonic_reads,network_partition,reader-1,read,mr-30d63777-602e-436c-89af-f006c04da6f6,,2094,QUORUM,ONE,cassandra-2,True,False,7.84,2026-09-16T06:24:26.295670+00:00,
30d63777-602e-436c-89af-f006c04da6f6,monotonic_reads,network_partition,reader-1,read,mr-30d63777-602e-436c-89af-f006c04da6f6,,2094,QUORUM,ONE,cassandra-3,True,False,7.008,2026-09-16T06:24:26.315385+00:00,
30d63777-602e-436c-89af-f006c04da6f6,monotonic_reads,network_partition,writer-1,write,mr-30d63777-602e-436c-89af-f006c04da6f6,2095,,,ONE,cassandra-1,True,False,2.654,2026-09-16T06:24:26.317651+00:00,
30d63777-602e-436c-89af-f006c04da6f6,monotonic_reads,network_partition,reader-1,read,mr-30d63777-602e-436c-89af-f006c04da6f6,,2095,QUORUM,ONE,cassandra-1,True,False,4.736,2026-09-16T06:24:26.331879+00:00,
30d63777-602e-436c-89af-f006c04da6f6,monotonic_reads,network_partition,writer-1,write,mr-30d63777-602e-436c-89af-f006c04da6f6,2096,,,ONE,cassandra-1,True,False,4.09,2026-09-16T06:24:26.343029+00:00,
30d63777-602e-436c-89af-f006c04da6f6,monotonic_reads,network_partition,reader-1,read,mr-30d63777-602e-436c-89af-f006c04da6f6,,2096,QUORUM,ONE,cassandra-2,True,False,5.134,2026-09-16T06:24:26.347354+00:00,
30d63777-602e-436c-89af-f006c04da6f6,monotonic_reads,network_partition,reader-1,read,mr-30d63777-602e-436c-89af-f006c04da6f6,,2096,QUORUM,ONE,cassandra-3,True,False,11.232,2026-09-16T06:24:26.369511+00:00,
30d63777-602e-436c-89af-f006c04da6f6,monotonic_reads,network_partition,writer-1,write,mr-30d63777-602e-436c-89af-f006c04da6f6,2097,,,ONE,cassandra-1,True,False,3.517,2026-09-16T06:24:26.371420+00:00,
30d63777-602e-436c-89af-f006c04da6f6,monotonic_reads,network_partition,reader-1,read,mr-30d63777-602e-436c-89af-f006c04da6f6,,2097,QUORUM,ONE,cassandra-1,True,False,6.078,2026-09-16T06:24:26.388025+00:00,
30d63777-602e-436c-89af-f006c04da6f6,monotonic_reads,network_partition,writer-1,write,mr-30d63777-602e-436c-89af-f006c04da6f6,2098,,,ONE,cassandra-1,True,False,4.05,2026-09-16T06:24:26.396965+00:00,
30d63777-602e-436c-89af-f006c04da6f6,monotonic_reads,network_partition,reader-1,read,mr-30d63777-602e-436c-89af-f006c04da6f6,,2098,QUORUM,ONE,cassandra-2,True,False,5.904,2026-09-16T06:24:26.406309+00:00,
30d63777-602e-436c-89af-f006c04da6f6,monotonic_reads,network_partition,writer-1,write,mr-30d63777-602e-436c-89af-f006c04da6f6,2099,,,ONE,cassandra-1,True,False,3.141,2026-09-16T06:24:26.423866+00:00,
30d63777-602e-436c-89af-f006c04da6f6,monotonic_reads,network_partition,reader-1,read,mr-30d63777-602e-436c-89af-f006c04da6f6,,2098,QUORUM,ONE,cassandra-3,True,False,6.359,2026-09-16T06:24:26.424621+00:00,
30d63777-602e-436c-89af-f006c04da6f6,monotonic_reads,network_partition,reader-1,read,mr-30d63777-602e-436c-89af-f006c04da6f6,,2099,QUORUM,ONE,cassandra-1,True,False,6.241,2026-09-16T06:24:26.443190+00:00,
30d63777-602e-436c-89af-f006c04da6f6,monotonic_reads,network_partition,writer-1,write,mr-30d63777-602e-436c-89af-f006c04da6f6,2100,,,ONE,cassandra-1,True,False,3.924,2026-09-16T06:24:26.451846+00:00,
30d63777-602e-436c-89af-f006c04da6f6,monotonic_reads,network_partition,reader-1,read,mr-30d63777-602e-436c-89af-f006c04da6f6,,2100,QUORUM,ONE,cassandra-2,True,False,4.331,2026-09-16T06:24:26.460196+00:00,
30d63777-602e-436c-89af-f006c04da6f6,monotonic_reads,network_partition,reader-1,read,mr-30d63777-602e-436c-89af-f006c04da6f6,,2100,QUORUM,ONE,cassandra-3,True,False,6.628,2026-09-16T06:24:26.477581+00:00,
30d63777-602e-436c-89af-f006c04da6f6,monotonic_reads,network_partition,writer-1,write,mr-30d63777-602e-436c-89af-f006c04da6f6,2101,,,ONE,cassandra-1,True,False,4.165,2026-09-16T06:24:26.481152+00:00,
30d63777-602e-436c-89af-f006c04da6f6,monotonic_reads,network_partition,reader-1,read,mr-30d63777-602e-436c-89af-f006c04da6f6,,2101,QUORUM,ONE,cassandra-1,True,False,6.64,2026-09-16T06:24:26.496557+00:00,
30d63777-602e-436c-89af-f006c04da6f6,monotonic_reads,network_partition,writer-1,write,mr-30d63777-602e-436c-89af-f006c04da6f6,2102,,,ONE,cassandra-1,True,False,4.558,2026-09-16T06:24:26.508204+00:00,
30d63777-602e-436c-89af-f006c04da6f6,monotonic_reads,network_partition,reader-1,read,mr-30d63777-602e-436c-89af-f006c04da6f6,,2102,QUORUM,ONE,cassandra-2,True,False,4.62,2026-09-16T06:24:26.512403+00:00,
30d63777-602e-436c-89af-f006c04da6f6,monotonic_reads,network_partition,reader-1,read,mr-30d63777-602e-436c-89af-f006c04da6f6,,2102,QUORUM,ONE,cassandra-3,True,False,4.472,2026-09-16T06:24:26.529261+00:00,
30d63777-602e-436c-89af-f006c04da6f6,monotonic_reads,network_partition,writer-1,write,mr-30d63777-602e-436c-89af-f006c04da6f6,2103,,,ONE,cassandra-1,True,False,2.689,2026-09-16T06:24:26.533597+00:00,
30d63777-602e-436c-89af-f006c04da6f6,monotonic_reads,network_partition,reader-1,read,mr-30d63777-602e-436c-89af-f006c04da6f6,,2103,QUORUM,ONE,cassandra-1,True,False,4.266,2026-09-16T06:24:26.545177+00:00,
30d63777-602e-436c-89af-f006c04da6f6,monotonic_reads,network_partition,writer-1,write,mr-30d63777-602e-436c-89af-f006c04da6f6,2104,,,ONE,cassandra-1,True,False,2.21,2026-09-16T06:24:26.560474+00:00,
30d63777-602e-436c-89af-f006c04da6f6,monotonic_reads,network_partition,reader-1,read,mr-30d63777-602e-436c-89af-f006c04da6f6,,2103,QUORUM,ONE,cassandra-2,True,False,4.28,2026-09-16T06:24:26.561205+00:00,
30d63777-602e-436c-89af-f006c04da6f6,monotonic_reads,network_partition,reader-1,read,mr-30d63777-602e-436c-89af-f006c04da6f6,,2104,QUORUM,ONE,cassandra-3,True,False,4.471,2026-09-16T06:24:26.576403+00:00,
30d63777-602e-436c-89af-f006c04da6f6,monotonic_reads,network_partition,writer-1,write,mr-30d63777-602e-436c-89af-f006c04da6f6,2105,,,ONE,cassandra-1,True,False,3.643,2026-09-16T06:24:26.589583+00:00,
30d63777-602e-436c-89af-f006c04da6f6,monotonic_reads,network_partition,reader-1,read,mr-30d63777-602e-436c-89af-f006c04da6f6,,2104,QUORUM,ONE,cassandra-1,True,False,5.04,2026-09-16T06:24:26.592017+00:00,
30d63777-602e-436c-89af-f006c04da6f6,monotonic_reads,network_partition,writer-1,write,mr-30d63777-602e-436c-89af-f006c04da6f6,2106,,,ONE,cassandra-1,True,False,5.948,2026-09-16T06:24:26.616902+00:00,
30d63777-602e-436c-89af-f006c04da6f6,monotonic_reads,network_partition,reader-1,read,mr-30d63777-602e-436c-89af-f006c04da6f6,,2105,QUORUM,ONE,cassandra-2,True,False,14.016,2026-09-16T06:24:26.617593+00:00,
30d63777-602e-436c-89af-f006c04da6f6,monotonic_reads,network_partition,reader-1,read,mr-30d63777-602e-436c-89af-f006c04da6f6,,2106,QUORUM,ONE,cassandra-3,True,False,4.369,2026-09-16T06:24:26.633284+00:00,
30d63777-602e-436c-89af-f006c04da6f6,monotonic_reads,network_partition,writer-1,write,mr-30d63777-602e-436c-89af-f006c04da6f6,2107,,,ONE,cassandra-1,True,False,9.815,2026-09-16T06:24:26.648082+00:00,
30d63777-602e-436c-89af-f006c04da6f6,monotonic_reads,network_partition,reader-1,read,mr-30d63777-602e-436c-89af-f006c04da6f6,,2107,QUORUM,ONE,cassandra-1,True,False,7.317,2026-09-16T06:24:26.651128+00:00,
30d63777-602e-436c-89af-f006c04da6f6,monotonic_reads,network_partition,reader-1,read,mr-30d63777-602e-436c-89af-f006c04da6f6,,2107,QUORUM,ONE,cassandra-2,True,False,4.556,2026-09-16T06:24:26.666486+00:00,
30d63777-602e-436c-89af-f006c04da6f6,monotonic_reads,network_partition,writer-1,write,mr-30d63777-602e-436c-89af-f006c04da6f6,2108,,,ONE,cassandra-1,True,False,3.516,2026-09-16T06:24:26.676585+00:00,
30d63777-602e-436c-89af-f006c04da6f6,monotonic_reads,network_partition,reader-1,read,mr-30d63777-602e-436c-89af-f006c04da6f6,,2108,QUORUM,ONE,cassandra-3,True,False,4.825,2026-09-16T06:24:26.682716+00:00,
30d63777-602e-436c-89af-f006c04da6f6,monotonic_reads,network_partition,reader-1,read,mr-30d63777-602e-436c-89af-f006c04da6f6,,2108,QUORUM,ONE,cassandra-1,True,False,5.526,2026-09-16T06:24:26.700875+00:00,
30d63777-602e-436c-89af-f006c04da6f6,monotonic_reads,network_partition,writer-1,write,mr-30d63777-602e-436c-89af-f006c04da6f6,2109,,,ONE,cassandra-1,True,False,2.769,2026-09-16T06:24:26.704501+00:00,
30d63777-602e-436c-89af-f006c04da6f6,monotonic_reads,network_partition,reader-1,read,mr-30d63777-602e-436c-89af-f006c04da6f6,,2109,QUORUM,ONE,cassandra-2,True,False,5.049,2026-09-16T06:24:26.718396+00:00,
30d63777-602e-436c-89af-f006c04da6f6,monotonic_reads,network_partition,writer-1,write,mr-30d63777-602e-436c-89af-f006c04da6f6,2110,,,ONE,cassandra-1,True,False,3.677,2026-09-16T06:24:26.728621+00:00,
30d63777-602e-436c-89af-f006c04da6f6,monotonic_reads,network_partition,reader-1,read,mr-30d63777-602e-436c-89af-f006c04da6f6,,2110,QUORUM,ONE,cassandra-3,True,False,5.459,2026-09-16T06:24:26.736884+00:00,
30d63777-602e-436c-89af-f006c04da6f6,monotonic_reads,network_partition,reader-1,read,mr-30d63777-602e-436c-89af-f006c04da6f6,,2110,QUORUM,ONE,cassandra-1,True,False,6.303,2026-09-16T06:24:26.754175+00:00,
30d63777-602e-436c-89af-f006c04da6f6,monotonic_reads,network_partition,writer-1,write,mr-30d63777-602e-436c-89af-f006c04da6f6,2111,,,ONE,cassandra-1,True,False,3.921,2026-09-16T06:24:26.756753+00:00,
30d63777-602e-436c-89af-f006c04da6f6,monotonic_reads,network_partition,reader-1,read,mr-30d63777-602e-436c-89af-f006c04da6f6,,2111,QUORUM,ONE,cassandra-2,True,False,5.901,2026-09-16T06:24:26.770842+00:00,
30d63777-602e-436c-89af-f006c04da6f6,monotonic_reads,network_partition,writer-1,write,mr-30d63777-602e-436c-89af-f006c04da6f6,2112,,,ONE,cassandra-1,True,False,3.051,2026-09-16T06:24:26.782961+00:00,
30d63777-602e-436c-89af-f006c04da6f6,monotonic_reads,network_partition,reader-1,read,mr-30d63777-602e-436c-89af-f006c04da6f6,,2112,QUORUM,ONE,cassandra-3,True,False,5.51,2026-09-16T06:24:26.788600+00:00,
30d63777-602e-436c-89af-f006c04da6f6,monotonic_reads,network_partition,reader-1,read,mr-30d63777-602e-436c-89af-f006c04da6f6,,2112,QUORUM,ONE,cassandra-1,True,False,5.603,2026-09-16T06:24:26.806921+00:00,
30d63777-602e-436c-89af-f006c04da6f6,monotonic_reads,network_partition,writer-1,write,mr-30d63777-602e-436c-89af-f006c04da6f6,2113,,,ONE,cassandra-1,True,False,4.912,2026-09-16T06:24:26.808804+00:00,
30d63777-602e-436c-89af-f006c04da6f6,monotonic_reads,network_partition,reader-1,read,mr-30d63777-602e-436c-89af-f006c04da6f6,,2113,QUORUM,ONE,cassandra-2,True,False,5.076,2026-09-16T06:24:26.823351+00:00,
30d63777-602e-436c-89af-f006c04da6f6,monotonic_reads,network_partition,writer-1,write,mr-30d63777-602e-436c-89af-f006c04da6f6,2114,,,ONE,cassandra-1,True,False,2.345,2026-09-16T06:24:26.833267+00:00,
30d63777-602e-436c-89af-f006c04da6f6,monotonic_reads,network_partition,reader-1,read,mr-30d63777-602e-436c-89af-f006c04da6f6,,2114,QUORUM,ONE,cassandra-3,True,False,4.364,2026-09-16T06:24:26.839322+00:00,
30d63777-602e-436c-89af-f006c04da6f6,monotonic_reads,network_partition,reader-1,read,mr-30d63777-602e-436c-89af-f006c04da6f6,,2114,QUORUM,ONE,cassandra-1,True,False,10.259,2026-09-16T06:24:26.861204+00:00,
30d63777-602e-436c-89af-f006c04da6f6,monotonic_reads,network_partition,writer-1,write,mr-30d63777-602e-436c-89af-f006c04da6f6,2115,,,ONE,cassandra-1,True,False,4.924,2026-09-16T06:24:26.861401+00:00,
30d63777-602e-436c-89af-f006c04da6f6,monotonic_reads,network_partition,reader-1,read,mr-30d63777-602e-436c-89af-f006c04da6f6,,2115,QUORUM,ONE,cassandra-2,True,False,4.249,2026-09-16T06:24:26.876166+00:00,
30d63777-602e-436c-89af-f006c04da6f6,monotonic_reads,network_partition,writer-1,write,mr-30d63777-602e-436c-89af-f006c04da6f6,2116,,,ONE,cassandra-1,True,False,2.939,2026-09-16T06:24:26.889359+00:00,
30d63777-602e-436c-89af-f006c04da6f6,monotonic_reads,network_partition,reader-1,read,mr-30d63777-602e-436c-89af-f006c04da6f6,,2115,QUORUM,ONE,cassandra-3,True,False,4.002,2026-09-16T06:24:26.891076+00:00,
30d63777-602e-436c-89af-f006c04da6f6,monotonic_reads,network_partition,reader-1,read,mr-30d63777-602e-436c-89af-f006c04da6f6,,2116,QUORUM,ONE,cassandra-1,True,False,5.401,2026-09-16T06:24:26.908314+00:00,
30d63777-602e-436c-89af-f006c04da6f6,monotonic_reads,network_partition,writer-1,write,mr-30d63777-602e-436c-89af-f006c04da6f6,2117,,,ONE,cassandra-1,True,False,2.987,2026-09-16T06:24:26.916767+00:00,
30d63777-602e-436c-89af-f006c04da6f6,monotonic_reads,network_partition,reader-1,read,mr-30d63777-602e-436c-89af-f006c04da6f6,,2117,QUORUM,ONE,cassandra-2,True,False,5.841,2026-09-16T06:24:26.926581+00:00,
30d63777-602e-436c-89af-f006c04da6f6,monotonic_reads,network_partition,writer-1,write,mr-30d63777-602e-436c-89af-f006c04da6f6,2118,,,ONE,cassandra-1,True,False,8.998,2026-09-16T06:24:26.950669+00:00,
30d63777-602e-436c-89af-f006c04da6f6,monotonic_reads,network_partition,reader-1,read,mr-30d63777-602e-436c-89af-f006c04da6f6,,2117,QUORUM,ONE,cassandra-3,True,False,13.72,2026-09-16T06:24:26.953036+00:00,
30d63777-602e-436c-89af-f006c04da6f6,monotonic_reads,network_partition,reader-1,read,mr-30d63777-602e-436c-89af-f006c04da6f6,,2118,QUORUM,ONE,cassandra-1,True,False,5.124,2026-09-16T06:24:26.970817+00:00,
30d63777-602e-436c-89af-f006c04da6f6,monotonic_reads,network_partition,writer-1,write,mr-30d63777-602e-436c-89af-f006c04da6f6,2119,,,ONE,cassandra-1,True,False,3.828,2026-09-16T06:24:26.975714+00:00,
30d63777-602e-436c-89af-f006c04da6f6,monotonic_reads,network_partition,reader-1,read,mr-30d63777-602e-436c-89af-f006c04da6f6,,2119,QUORUM,ONE,cassandra-2,True,False,5.388,2026-09-16T06:24:26.988319+00:00,
30d63777-602e-436c-89af-f006c04da6f6,monotonic_reads,network_partition,writer-1,write,mr-30d63777-602e-436c-89af-f006c04da6f6,2120,,,ONE,cassandra-1,True,False,3.07,2026-09-16T06:24:27.002011+00:00,
30d63777-602e-436c-89af-f006c04da6f6,monotonic_reads,network_partition,reader-1,read,mr-30d63777-602e-436c-89af-f006c04da6f6,,2120,QUORUM,ONE,cassandra-3,True,False,5.386,2026-09-16T06:24:27.006193+00:00,
30d63777-602e-436c-89af-f006c04da6f6,monotonic_reads,network_partition,reader-1,read,mr-30d63777-602e-436c-89af-f006c04da6f6,,2120,QUORUM,ONE,cassandra-1,True,False,15.171,2026-09-16T06:24:27.033425+00:00,
30d63777-602e-436c-89af-f006c04da6f6,monotonic_reads,network_partition,writer-1,write,mr-30d63777-602e-436c-89af-f006c04da6f6,2121,,,ONE,cassandra-1,True,False,6.468,2026-09-16T06:24:27.033724+00:00,
30d63777-602e-436c-89af-f006c04da6f6,monotonic_reads,network_partition,reader-1,read,mr-30d63777-602e-436c-89af-f006c04da6f6,,2121,QUORUM,ONE,cassandra-2,True,False,4.042,2026-09-16T06:24:27.048400+00:00,
30d63777-602e-436c-89af-f006c04da6f6,monotonic_reads,network_partition,writer-1,write,mr-30d63777-602e-436c-89af-f006c04da6f6,2122,,,ONE,cassandra-1,True,False,2.427,2026-09-16T06:24:27.056661+00:00,
30d63777-602e-436c-89af-f006c04da6f6,monotonic_reads,network_partition,reader-1,read,mr-30d63777-602e-436c-89af-f006c04da6f6,,2122,QUORUM,ONE,cassandra-3,True,False,4.407,2026-09-16T06:24:27.064463+00:00,
30d63777-602e-436c-89af-f006c04da6f6,monotonic_reads,network_partition,reader-1,read,mr-30d63777-602e-436c-89af-f006c04da6f6,,2122,QUORUM,ONE,cassandra-1,True,False,5.923,2026-09-16T06:24:27.080834+00:00,
30d63777-602e-436c-89af-f006c04da6f6,monotonic_reads,network_partition,writer-1,write,mr-30d63777-602e-436c-89af-f006c04da6f6,2123,,,ONE,cassandra-1,True,False,4.088,2026-09-16T06:24:27.081213+00:00,
30d63777-602e-436c-89af-f006c04da6f6,monotonic_reads,network_partition,reader-1,read,mr-30d63777-602e-436c-89af-f006c04da6f6,,2123,QUORUM,ONE,cassandra-2,True,False,5.66,2026-09-16T06:24:27.097581+00:00,
30d63777-602e-436c-89af-f006c04da6f6,monotonic_reads,network_partition,writer-1,write,mr-30d63777-602e-436c-89af-f006c04da6f6,2124,,,ONE,cassandra-1,True,False,12.693,2026-09-16T06:24:27.116542+00:00,
30d63777-602e-436c-89af-f006c04da6f6,monotonic_reads,network_partition,reader-1,read,mr-30d63777-602e-436c-89af-f006c04da6f6,,2124,QUORUM,ONE,cassandra-3,True,False,10.146,2026-09-16T06:24:27.120002+00:00,
30d63777-602e-436c-89af-f006c04da6f6,monotonic_reads,network_partition,reader-1,read,mr-30d63777-602e-436c-89af-f006c04da6f6,,2124,QUORUM,ONE,cassandra-1,True,False,3.976,2026-09-16T06:24:27.136637+00:00,
30d63777-602e-436c-89af-f006c04da6f6,monotonic_reads,network_partition,writer-1,write,mr-30d63777-602e-436c-89af-f006c04da6f6,2125,,,ONE,cassandra-1,True,False,12.846,2026-09-16T06:24:27.152286+00:00,
30d63777-602e-436c-89af-f006c04da6f6,monotonic_reads,network_partition,reader-1,read,mr-30d63777-602e-436c-89af-f006c04da6f6,,2125,QUORUM,ONE,cassandra-2,True,False,8.607,2026-09-16T06:24:27.156609+00:00,
30d63777-602e-436c-89af-f006c04da6f6,monotonic_reads,network_partition,reader-1,read,mr-30d63777-602e-436c-89af-f006c04da6f6,,2125,QUORUM,ONE,cassandra-3,True,False,4.04,2026-09-16T06:24:27.173034+00:00,
30d63777-602e-436c-89af-f006c04da6f6,monotonic_reads,network_partition,writer-1,write,mr-30d63777-602e-436c-89af-f006c04da6f6,2126,,,ONE,cassandra-1,True,False,2.217,2026-09-16T06:24:27.176124+00:00,
30d63777-602e-436c-89af-f006c04da6f6,monotonic_reads,network_partition,reader-1,read,mr-30d63777-602e-436c-89af-f006c04da6f6,,2126,QUORUM,ONE,cassandra-1,True,False,3.815,2026-09-16T06:24:27.188724+00:00,
30d63777-602e-436c-89af-f006c04da6f6,monotonic_reads,network_partition,reader-1,read,mr-30d63777-602e-436c-89af-f006c04da6f6,,2126,QUORUM,ONE,cassandra-2,True,False,4.13,2026-09-16T06:24:27.203021+00:00,
30d63777-602e-436c-89af-f006c04da6f6,monotonic_reads,network_partition,writer-1,write,mr-30d63777-602e-436c-89af-f006c04da6f6,2127,,,ONE,cassandra-1,True,False,2.562,2026-09-16T06:24:27.203155+00:00,
30d63777-602e-436c-89af-f006c04da6f6,monotonic_reads,network_partition,reader-1,read,mr-30d63777-602e-436c-89af-f006c04da6f6,,2127,QUORUM,ONE,cassandra-3,True,False,8.664,2026-09-16T06:24:27.222588+00:00,
30d63777-602e-436c-89af-f006c04da6f6,monotonic_reads,network_partition,writer-1,write,mr-30d63777-602e-436c-89af-f006c04da6f6,2128,,,ONE,cassandra-1,True,False,2.03,2026-09-16T06:24:27.226691+00:00,
30d63777-602e-436c-89af-f006c04da6f6,monotonic_reads,network_partition,reader-1,read,mr-30d63777-602e-436c-89af-f006c04da6f6,,2128,QUORUM,ONE,cassandra-1,True,False,3.832,2026-09-16T06:24:27.237595+00:00,
30d63777-602e-436c-89af-f006c04da6f6,monotonic_reads,network_partition,reader-1,read,mr-30d63777-602e-436c-89af-f006c04da6f6,,2128,QUORUM,ONE,cassandra-2,True,False,2.652,2026-09-16T06:24:27.251469+00:00,
30d63777-602e-436c-89af-f006c04da6f6,monotonic_reads,network_partition,writer-1,write,mr-30d63777-602e-436c-89af-f006c04da6f6,2129,,,ONE,cassandra-1,True,False,1.681,2026-09-16T06:24:27.253291+00:00,
30d63777-602e-436c-89af-f006c04da6f6,monotonic_reads,network_partition,reader-1,read,mr-30d63777-602e-436c-89af-f006c04da6f6,,2129,QUORUM,ONE,cassandra-3,True,False,3.978,2026-09-16T06:24:27.266489+00:00,
30d63777-602e-436c-89af-f006c04da6f6,monotonic_reads,network_partition,writer-1,write,mr-30d63777-602e-436c-89af-f006c04da6f6,2130,,,ONE,cassandra-1,True,False,0.967,2026-09-16T06:24:27.279197+00:00,
30d63777-602e-436c-89af-f006c04da6f6,monotonic_reads,network_partition,reader-1,read,mr-30d63777-602e-436c-89af-f006c04da6f6,,2129,QUORUM,ONE,cassandra-1,True,False,2.423,2026-09-16T06:24:27.279541+00:00,
30d63777-602e-436c-89af-f006c04da6f6,monotonic_reads,network_partition,reader-1,read,mr-30d63777-602e-436c-89af-f006c04da6f6,,2130,QUORUM,ONE,cassandra-2,True,False,4.123,2026-09-16T06:24:27.295609+00:00,
30d63777-602e-436c-89af-f006c04da6f6,monotonic_reads,network_partition,writer-1,write,mr-30d63777-602e-436c-89af-f006c04da6f6,2131,,,ONE,cassandra-1,True,False,1.648,2026-09-16T06:24:27.306273+00:00,
30d63777-602e-436c-89af-f006c04da6f6,monotonic_reads,network_partition,reader-1,read,mr-30d63777-602e-436c-89af-f006c04da6f6,,2131,QUORUM,ONE,cassandra-3,True,False,3.46,2026-09-16T06:24:27.311722+00:00,
30d63777-602e-436c-89af-f006c04da6f6,monotonic_reads,network_partition,reader-1,read,mr-30d63777-602e-436c-89af-f006c04da6f6,,2131,QUORUM,ONE,cassandra-1,True,False,3.036,2026-09-16T06:24:27.327436+00:00,
30d63777-602e-436c-89af-f006c04da6f6,monotonic_reads,network_partition,writer-1,write,mr-30d63777-602e-436c-89af-f006c04da6f6,2132,,,ONE,cassandra-1,True,False,2.943,2026-09-16T06:24:27.334355+00:00,
30d63777-602e-436c-89af-f006c04da6f6,monotonic_reads,network_partition,reader-1,read,mr-30d63777-602e-436c-89af-f006c04da6f6,,2132,QUORUM,ONE,cassandra-2,True,False,4.247,2026-09-16T06:24:27.344326+00:00,
30d63777-602e-436c-89af-f006c04da6f6,monotonic_reads,network_partition,writer-1,write,mr-30d63777-602e-436c-89af-f006c04da6f6,2133,,,ONE,cassandra-1,True,False,1.414,2026-09-16T06:24:27.357185+00:00,
30d63777-602e-436c-89af-f006c04da6f6,monotonic_reads,network_partition,reader-1,read,mr-30d63777-602e-436c-89af-f006c04da6f6,,2133,QUORUM,ONE,cassandra-3,True,False,5.88,2026-09-16T06:24:27.362017+00:00,
30d63777-602e-436c-89af-f006c04da6f6,monotonic_reads,network_partition,reader-1,read,mr-30d63777-602e-436c-89af-f006c04da6f6,,2133,QUORUM,ONE,cassandra-1,True,False,4.364,2026-09-16T06:24:27.378768+00:00,
30d63777-602e-436c-89af-f006c04da6f6,monotonic_reads,network_partition,writer-1,write,mr-30d63777-602e-436c-89af-f006c04da6f6,2134,,,ONE,cassandra-1,True,False,1.037,2026-09-16T06:24:27.381281+00:00,
30d63777-602e-436c-89af-f006c04da6f6,monotonic_reads,network_partition,reader-1,read,mr-30d63777-602e-436c-89af-f006c04da6f6,,2134,QUORUM,ONE,cassandra-2,True,False,4.663,2026-09-16T06:24:27.393949+00:00,
30d63777-602e-436c-89af-f006c04da6f6,monotonic_reads,network_partition,writer-1,write,mr-30d63777-602e-436c-89af-f006c04da6f6,2135,,,ONE,cassandra-1,True,False,2.158,2026-09-16T06:24:27.405063+00:00,
30d63777-602e-436c-89af-f006c04da6f6,monotonic_reads,network_partition,reader-1,read,mr-30d63777-602e-436c-89af-f006c04da6f6,,2135,QUORUM,ONE,cassandra-3,True,False,4.39,2026-09-16T06:24:27.408927+00:00,
30d63777-602e-436c-89af-f006c04da6f6,monotonic_reads,network_partition,reader-1,read,mr-30d63777-602e-436c-89af-f006c04da6f6,,2135,QUORUM,ONE,cassandra-1,True,False,5.251,2026-09-16T06:24:27.425150+00:00,
30d63777-602e-436c-89af-f006c04da6f6,monotonic_reads,network_partition,writer-1,write,mr-30d63777-602e-436c-89af-f006c04da6f6,2136,,,ONE,cassandra-1,True,False,2.691,2026-09-16T06:24:27.430591+00:00,
30d63777-602e-436c-89af-f006c04da6f6,monotonic_reads,network_partition,reader-1,read,mr-30d63777-602e-436c-89af-f006c04da6f6,,2136,QUORUM,ONE,cassandra-2,True,False,6.533,2026-09-16T06:24:27.443836+00:00,
30d63777-602e-436c-89af-f006c04da6f6,monotonic_reads,network_partition,writer-1,write,mr-30d63777-602e-436c-89af-f006c04da6f6,2137,,,ONE,cassandra-1,True,False,2.276,2026-09-16T06:24:27.457378+00:00,
30d63777-602e-436c-89af-f006c04da6f6,monotonic_reads,network_partition,reader-1,read,mr-30d63777-602e-436c-89af-f006c04da6f6,,2136,QUORUM,ONE,cassandra-3,True,False,5.109,2026-09-16T06:24:27.459271+00:00,
30d63777-602e-436c-89af-f006c04da6f6,monotonic_reads,network_partition,reader-1,read,mr-30d63777-602e-436c-89af-f006c04da6f6,,2137,QUORUM,ONE,cassandra-1,True,False,6.931,2026-09-16T06:24:27.477879+00:00,
30d63777-602e-436c-89af-f006c04da6f6,monotonic_reads,network_partition,writer-1,write,mr-30d63777-602e-436c-89af-f006c04da6f6,2138,,,ONE,cassandra-1,True,False,4.239,2026-09-16T06:24:27.483148+00:00,
30d63777-602e-436c-89af-f006c04da6f6,monotonic_reads,network_partition,reader-1,read,mr-30d63777-602e-436c-89af-f006c04da6f6,,2138,QUORUM,ONE,cassandra-2,True,False,5.469,2026-09-16T06:24:27.494428+00:00,
30d63777-602e-436c-89af-f006c04da6f6,monotonic_reads,network_partition,writer-1,write,mr-30d63777-602e-436c-89af-f006c04da6f6,2139,,,ONE,cassandra-1,True,False,3.121,2026-09-16T06:24:27.507941+00:00,
30d63777-602e-436c-89af-f006c04da6f6,monotonic_reads,network_partition,reader-1,read,mr-30d63777-602e-436c-89af-f006c04da6f6,,2138,QUORUM,ONE,cassandra-3,True,False,4.525,2026-09-16T06:24:27.510245+00:00,
30d63777-602e-436c-89af-f006c04da6f6,monotonic_reads,network_partition,reader-1,read,mr-30d63777-602e-436c-89af-f006c04da6f6,,2139,QUORUM,ONE,cassandra-1,True,False,5.421,2026-09-16T06:24:27.527359+00:00,
30d63777-602e-436c-89af-f006c04da6f6,monotonic_reads,network_partition,writer-1,write,mr-30d63777-602e-436c-89af-f006c04da6f6,2140,,,ONE,cassandra-1,True,False,2.967,2026-09-16T06:24:27.532865+00:00,
30d63777-602e-436c-89af-f006c04da6f6,monotonic_reads,network_partition,reader-1,read,mr-30d63777-602e-436c-89af-f006c04da6f6,,2140,QUORUM,ONE,cassandra-2,True,False,4.413,2026-09-16T06:24:27.544222+00:00,
30d63777-602e-436c-89af-f006c04da6f6,monotonic_reads,network_partition,writer-1,write,mr-30d63777-602e-436c-89af-f006c04da6f6,2141,,,ONE,cassandra-1,True,False,2.942,2026-09-16T06:24:27.556886+00:00,
30d63777-602e-436c-89af-f006c04da6f6,monotonic_reads,network_partition,reader-1,read,mr-30d63777-602e-436c-89af-f006c04da6f6,,2140,QUORUM,ONE,cassandra-3,True,False,5.979,2026-09-16T06:24:27.560752+00:00,
30d63777-602e-436c-89af-f006c04da6f6,monotonic_reads,network_partition,reader-1,read,mr-30d63777-602e-436c-89af-f006c04da6f6,,2141,QUORUM,ONE,cassandra-1,True,False,5.355,2026-09-16T06:24:27.577263+00:00,
30d63777-602e-436c-89af-f006c04da6f6,monotonic_reads,network_partition,writer-1,write,mr-30d63777-602e-436c-89af-f006c04da6f6,2142,,,ONE,cassandra-1,True,False,2.99,2026-09-16T06:24:27.580891+00:00,
30d63777-602e-436c-89af-f006c04da6f6,monotonic_reads,network_partition,reader-1,read,mr-30d63777-602e-436c-89af-f006c04da6f6,,2142,QUORUM,ONE,cassandra-2,True,False,5.37,2026-09-16T06:24:27.593307+00:00,
30d63777-602e-436c-89af-f006c04da6f6,monotonic_reads,network_partition,writer-1,write,mr-30d63777-602e-436c-89af-f006c04da6f6,2143,,,ONE,cassandra-1,True,False,3.015,2026-09-16T06:24:27.604937+00:00,
30d63777-602e-436c-89af-f006c04da6f6,monotonic_reads,network_partition,reader-1,read,mr-30d63777-602e-436c-89af-f006c04da6f6,,2143,QUORUM,ONE,cassandra-3,True,False,5.692,2026-09-16T06:24:27.609610+00:00,
30d63777-602e-436c-89af-f006c04da6f6,monotonic_reads,network_partition,reader-1,read,mr-30d63777-602e-436c-89af-f006c04da6f6,,2143,QUORUM,ONE,cassandra-1,True,False,4.975,2026-09-16T06:24:27.626381+00:00,
30d63777-602e-436c-89af-f006c04da6f6,monotonic_reads,network_partition,writer-1,write,mr-30d63777-602e-436c-89af-f006c04da6f6,2144,,,ONE,cassandra-1,True,False,2.814,2026-09-16T06:24:27.629739+00:00,
30d63777-602e-436c-89af-f006c04da6f6,monotonic_reads,network_partition,reader-1,read,mr-30d63777-602e-436c-89af-f006c04da6f6,,2144,QUORUM,ONE,cassandra-2,True,False,7.47,2026-09-16T06:24:27.644243+00:00,
30d63777-602e-436c-89af-f006c04da6f6,monotonic_reads,network_partition,writer-1,write,mr-30d63777-602e-436c-89af-f006c04da6f6,2145,,,ONE,cassandra-1,True,False,3.668,2026-09-16T06:24:27.658026+00:00,
30d63777-602e-436c-89af-f006c04da6f6,monotonic_reads,network_partition,reader-1,read,mr-30d63777-602e-436c-89af-f006c04da6f6,,2144,QUORUM,ONE,cassandra-3,True,False,5.228,2026-09-16T06:24:27.660210+00:00,
30d63777-602e-436c-89af-f006c04da6f6,monotonic_reads,network_partition,reader-1,read,mr-30d63777-602e-436c-89af-f006c04da6f6,,2145,QUORUM,ONE,cassandra-1,True,False,5.827,2026-09-16T06:24:27.677733+00:00,
30d63777-602e-436c-89af-f006c04da6f6,monotonic_reads,network_partition,writer-1,write,mr-30d63777-602e-436c-89af-f006c04da6f6,2146,,,ONE,cassandra-1,True,False,4.211,2026-09-16T06:24:27.686130+00:00,
30d63777-602e-436c-89af-f006c04da6f6,monotonic_reads,network_partition,reader-1,read,mr-30d63777-602e-436c-89af-f006c04da6f6,,2146,QUORUM,ONE,cassandra-2,True,False,7.194,2026-09-16T06:24:27.696078+00:00,
30d63777-602e-436c-89af-f006c04da6f6,monotonic_reads,network_partition,writer-1,write,mr-30d63777-602e-436c-89af-f006c04da6f6,2147,,,ONE,cassandra-1,True,False,2.867,2026-09-16T06:24:27.710351+00:00,
30d63777-602e-436c-89af-f006c04da6f6,monotonic_reads,network_partition,reader-1,read,mr-30d63777-602e-436c-89af-f006c04da6f6,,2146,QUORUM,ONE,cassandra-3,True,False,5.342,2026-09-16T06:24:27.712250+00:00,
30d63777-602e-436c-89af-f006c04da6f6,monotonic_reads,network_partition,reader-1,read,mr-30d63777-602e-436c-89af-f006c04da6f6,,2147,QUORUM,ONE,cassandra-1,True,False,5.012,2026-09-16T06:24:27.728463+00:00,
30d63777-602e-436c-89af-f006c04da6f6,monotonic_reads,network_partition,writer-1,write,mr-30d63777-602e-436c-89af-f006c04da6f6,2148,,,ONE,cassandra-1,True,False,2.713,2026-09-16T06:24:27.737663+00:00,
30d63777-602e-436c-89af-f006c04da6f6,monotonic_reads,network_partition,reader-1,read,mr-30d63777-602e-436c-89af-f006c04da6f6,,2148,QUORUM,ONE,cassandra-2,True,False,4.322,2026-09-16T06:24:27.744231+00:00,
30d63777-602e-436c-89af-f006c04da6f6,monotonic_reads,network_partition,reader-1,read,mr-30d63777-602e-436c-89af-f006c04da6f6,,2148,QUORUM,ONE,cassandra-3,True,False,5.79,2026-09-16T06:24:27.760561+00:00,
30d63777-602e-436c-89af-f006c04da6f6,monotonic_reads,network_partition,writer-1,write,mr-30d63777-602e-436c-89af-f006c04da6f6,2149,,,ONE,cassandra-1,True,False,2.937,2026-09-16T06:24:27.764326+00:00,
30d63777-602e-436c-89af-f006c04da6f6,monotonic_reads,network_partition,reader-1,read,mr-30d63777-602e-436c-89af-f006c04da6f6,,2149,QUORUM,ONE,cassandra-1,True,False,12.861,2026-09-16T06:24:27.784801+00:00,
30d63777-602e-436c-89af-f006c04da6f6,monotonic_reads,network_partition,writer-1,write,mr-30d63777-602e-436c-89af-f006c04da6f6,2150,,,ONE,cassandra-1,True,False,2.747,2026-09-16T06:24:27.788674+00:00,
30d63777-602e-436c-89af-f006c04da6f6,monotonic_reads,network_partition,reader-1,read,mr-30d63777-602e-436c-89af-f006c04da6f6,,2150,QUORUM,ONE,cassandra-2,True,False,4.3,2026-09-16T06:24:27.801218+00:00,
30d63777-602e-436c-89af-f006c04da6f6,monotonic_reads,network_partition,writer-1,write,mr-30d63777-602e-436c-89af-f006c04da6f6,2151,,,ONE,cassandra-1,True,False,4.225,2026-09-16T06:24:27.818077+00:00,
30d63777-602e-436c-89af-f006c04da6f6,monotonic_reads,network_partition,reader-1,read,mr-30d63777-602e-436c-89af-f006c04da6f6,,2150,QUORUM,ONE,cassandra-3,True,False,5.604,2026-09-16T06:24:27.820122+00:00,
30d63777-602e-436c-89af-f006c04da6f6,monotonic_reads,network_partition,reader-1,read,mr-30d63777-602e-436c-89af-f006c04da6f6,,2151,QUORUM,ONE,cassandra-1,True,False,5.774,2026-09-16T06:24:27.836756+00:00,
30d63777-602e-436c-89af-f006c04da6f6,monotonic_reads,network_partition,writer-1,write,mr-30d63777-602e-436c-89af-f006c04da6f6,2152,,,ONE,cassandra-1,True,False,2.703,2026-09-16T06:24:27.841598+00:00,
30d63777-602e-436c-89af-f006c04da6f6,monotonic_reads,network_partition,reader-1,read,mr-30d63777-602e-436c-89af-f006c04da6f6,,2152,QUORUM,ONE,cassandra-2,True,False,4.935,2026-09-16T06:24:27.854156+00:00,
30d63777-602e-436c-89af-f006c04da6f6,monotonic_reads,network_partition,writer-1,write,mr-30d63777-602e-436c-89af-f006c04da6f6,2153,,,ONE,cassandra-1,True,False,3.355,2026-09-16T06:24:27.865781+00:00,
30d63777-602e-436c-89af-f006c04da6f6,monotonic_reads,network_partition,reader-1,read,mr-30d63777-602e-436c-89af-f006c04da6f6,,2153,QUORUM,ONE,cassandra-3,True,False,4.139,2026-09-16T06:24:27.870040+00:00,
30d63777-602e-436c-89af-f006c04da6f6,monotonic_reads,network_partition,reader-1,read,mr-30d63777-602e-436c-89af-f006c04da6f6,,2153,QUORUM,ONE,cassandra-1,True,False,5.754,2026-09-16T06:24:27.886681+00:00,
30d63777-602e-436c-89af-f006c04da6f6,monotonic_reads,network_partition,writer-1,write,mr-30d63777-602e-436c-89af-f006c04da6f6,2154,,,ONE,cassandra-1,True,False,2.803,2026-09-16T06:24:27.890754+00:00,
30d63777-602e-436c-89af-f006c04da6f6,monotonic_reads,network_partition,reader-1,read,mr-30d63777-602e-436c-89af-f006c04da6f6,,2154,QUORUM,ONE,cassandra-2,True,False,4.96,2026-09-16T06:24:27.903208+00:00,
30d63777-602e-436c-89af-f006c04da6f6,monotonic_reads,network_partition,writer-1,write,mr-30d63777-602e-436c-89af-f006c04da6f6,2155,,,ONE,cassandra-1,True,False,2.362,2026-09-16T06:24:27.916107+00:00,
30d63777-602e-436c-89af-f006c04da6f6,monotonic_reads,network_partition,reader-1,read,mr-30d63777-602e-436c-89af-f006c04da6f6,,2154,QUORUM,ONE,cassandra-3,True,False,4.774,2026-09-16T06:24:27.918202+00:00,
30d63777-602e-436c-89af-f006c04da6f6,monotonic_reads,network_partition,reader-1,read,mr-30d63777-602e-436c-89af-f006c04da6f6,,2155,QUORUM,ONE,cassandra-1,True,False,5.417,2026-09-16T06:24:27.934317+00:00,
30d63777-602e-436c-89af-f006c04da6f6,monotonic_reads,network_partition,writer-1,write,mr-30d63777-602e-436c-89af-f006c04da6f6,2156,,,ONE,cassandra-1,True,False,4.143,2026-09-16T06:24:27.942060+00:00,
30d63777-602e-436c-89af-f006c04da6f6,monotonic_reads,network_partition,reader-1,read,mr-30d63777-602e-436c-89af-f006c04da6f6,,2156,QUORUM,ONE,cassandra-2,True,False,5.827,2026-09-16T06:24:27.952489+00:00,
30d63777-602e-436c-89af-f006c04da6f6,monotonic_reads,network_partition,writer-1,write,mr-30d63777-602e-436c-89af-f006c04da6f6,2157,,,ONE,cassandra-1,True,False,2.17,2026-09-16T06:24:27.966883+00:00,
30d63777-602e-436c-89af-f006c04da6f6,monotonic_reads,network_partition,reader-1,read,mr-30d63777-602e-436c-89af-f006c04da6f6,,2156,QUORUM,ONE,cassandra-3,True,False,6.386,2026-09-16T06:24:27.970300+00:00,
30d63777-602e-436c-89af-f006c04da6f6,monotonic_reads,network_partition,reader-1,read,mr-30d63777-602e-436c-89af-f006c04da6f6,,2157,QUORUM,ONE,cassandra-1,True,False,5.767,2026-09-16T06:24:27.986515+00:00,
30d63777-602e-436c-89af-f006c04da6f6,monotonic_reads,network_partition,writer-1,write,mr-30d63777-602e-436c-89af-f006c04da6f6,2158,,,ONE,cassandra-1,True,False,3.507,2026-09-16T06:24:27.993424+00:00,
30d63777-602e-436c-89af-f006c04da6f6,monotonic_reads,network_partition,reader-1,read,mr-30d63777-602e-436c-89af-f006c04da6f6,,2158,QUORUM,ONE,cassandra-2,True,False,4.479,2026-09-16T06:24:28.001399+00:00,
30d63777-602e-436c-89af-f006c04da6f6,monotonic_reads,network_partition,reader-1,read,mr-30d63777-602e-436c-89af-f006c04da6f6,,2158,QUORUM,ONE,cassandra-3,True,False,5.38,2026-09-16T06:24:28.018267+00:00,
30d63777-602e-436c-89af-f006c04da6f6,monotonic_reads,network_partition,writer-1,write,mr-30d63777-602e-436c-89af-f006c04da6f6,2159,,,ONE,cassandra-1,True,False,2.232,2026-09-16T06:24:28.020602+00:00,
30d63777-602e-436c-89af-f006c04da6f6,monotonic_reads,network_partition,reader-1,read,mr-30d63777-602e-436c-89af-f006c04da6f6,,2159,QUORUM,ONE,cassandra-1,True,False,5.489,2026-09-16T06:24:28.036676+00:00,
30d63777-602e-436c-89af-f006c04da6f6,monotonic_reads,network_partition,writer-1,write,mr-30d63777-602e-436c-89af-f006c04da6f6,2160,,,ONE,cassandra-1,True,False,4.564,2026-09-16T06:24:28.050127+00:00,
30d63777-602e-436c-89af-f006c04da6f6,monotonic_reads,network_partition,reader-1,read,mr-30d63777-602e-436c-89af-f006c04da6f6,,2160,QUORUM,ONE,cassandra-2,True,False,6.863,2026-09-16T06:24:28.054821+00:00,
30d63777-602e-436c-89af-f006c04da6f6,monotonic_reads,network_partition,reader-1,read,mr-30d63777-602e-436c-89af-f006c04da6f6,,2160,QUORUM,ONE,cassandra-3,True,False,6.089,2026-09-16T06:24:28.073767+00:00,
30d63777-602e-436c-89af-f006c04da6f6,monotonic_reads,network_partition,writer-1,write,mr-30d63777-602e-436c-89af-f006c04da6f6,2161,,,ONE,cassandra-1,True,False,3.591,2026-09-16T06:24:28.074545+00:00,
30d63777-602e-436c-89af-f006c04da6f6,monotonic_reads,network_partition,reader-1,read,mr-30d63777-602e-436c-89af-f006c04da6f6,,2161,QUORUM,ONE,cassandra-1,True,False,6.381,2026-09-16T06:24:28.092797+00:00,
30d63777-602e-436c-89af-f006c04da6f6,monotonic_reads,network_partition,writer-1,write,mr-30d63777-602e-436c-89af-f006c04da6f6,2162,,,ONE,cassandra-1,True,False,3.913,2026-09-16T06:24:28.101841+00:00,
30d63777-602e-436c-89af-f006c04da6f6,monotonic_reads,network_partition,reader-1,read,mr-30d63777-602e-436c-89af-f006c04da6f6,,2162,QUORUM,ONE,cassandra-2,True,False,12.271,2026-09-16T06:24:28.117206+00:00,
30d63777-602e-436c-89af-f006c04da6f6,monotonic_reads,network_partition,writer-1,write,mr-30d63777-602e-436c-89af-f006c04da6f6,2163,,,ONE,cassandra-1,True,False,3.494,2026-09-16T06:24:28.126431+00:00,
30d63777-602e-436c-89af-f006c04da6f6,monotonic_reads,network_partition,reader-1,read,mr-30d63777-602e-436c-89af-f006c04da6f6,,2163,QUORUM,ONE,cassandra-3,True,False,4.848,2026-09-16T06:24:28.132770+00:00,
30d63777-602e-436c-89af-f006c04da6f6,monotonic_reads,network_partition,reader-1,read,mr-30d63777-602e-436c-89af-f006c04da6f6,,2163,QUORUM,ONE,cassandra-1,True,False,4.906,2026-09-16T06:24:28.150399+00:00,
30d63777-602e-436c-89af-f006c04da6f6,monotonic_reads,network_partition,writer-1,write,mr-30d63777-602e-436c-89af-f006c04da6f6,2164,,,ONE,cassandra-1,True,False,3.204,2026-09-16T06:24:28.154710+00:00,
30d63777-602e-436c-89af-f006c04da6f6,monotonic_reads,network_partition,reader-1,read,mr-30d63777-602e-436c-89af-f006c04da6f6,,2164,QUORUM,ONE,cassandra-2,True,False,4.544,2026-09-16T06:24:28.165460+00:00,
30d63777-602e-436c-89af-f006c04da6f6,monotonic_reads,network_partition,writer-1,write,mr-30d63777-602e-436c-89af-f006c04da6f6,2165,,,ONE,cassandra-1,True,False,2.2,2026-09-16T06:24:28.181117+00:00,
30d63777-602e-436c-89af-f006c04da6f6,monotonic_reads,network_partition,reader-1,read,mr-30d63777-602e-436c-89af-f006c04da6f6,,2164,QUORUM,ONE,cassandra-3,True,False,6.179,2026-09-16T06:24:28.184128+00:00,
30d63777-602e-436c-89af-f006c04da6f6,monotonic_reads,network_partition,reader-1,read,mr-30d63777-602e-436c-89af-f006c04da6f6,,2165,QUORUM,ONE,cassandra-1,True,False,5.635,2026-09-16T06:24:28.202420+00:00,
30d63777-602e-436c-89af-f006c04da6f6,monotonic_reads,network_partition,writer-1,write,mr-30d63777-602e-436c-89af-f006c04da6f6,2166,,,ONE,cassandra-1,True,False,2.843,2026-09-16T06:24:28.205352+00:00,
30d63777-602e-436c-89af-f006c04da6f6,monotonic_reads,network_partition,reader-1,read,mr-30d63777-602e-436c-89af-f006c04da6f6,,2166,QUORUM,ONE,cassandra-2,True,False,5.638,2026-09-16T06:24:28.220989+00:00,
30d63777-602e-436c-89af-f006c04da6f6,monotonic_reads,network_partition,writer-1,write,mr-30d63777-602e-436c-89af-f006c04da6f6,2167,,,ONE,cassandra-1,True,False,2.29,2026-09-16T06:24:28.231205+00:00,
30d63777-602e-436c-89af-f006c04da6f6,monotonic_reads,network_partition,reader-1,read,mr-30d63777-602e-436c-89af-f006c04da6f6,,2167,QUORUM,ONE,cassandra-3,True,False,4.224,2026-09-16T06:24:28.237147+00:00,
30d63777-602e-436c-89af-f006c04da6f6,monotonic_reads,network_partition,reader-1,read,mr-30d63777-602e-436c-89af-f006c04da6f6,,2167,QUORUM,ONE,cassandra-1,True,False,4.378,2026-09-16T06:24:28.253295+00:00,
30d63777-602e-436c-89af-f006c04da6f6,monotonic_reads,network_partition,writer-1,write,mr-30d63777-602e-436c-89af-f006c04da6f6,2168,,,ONE,cassandra-1,True,False,3.497,2026-09-16T06:24:28.256901+00:00,
30d63777-602e-436c-89af-f006c04da6f6,monotonic_reads,network_partition,reader-1,read,mr-30d63777-602e-436c-89af-f006c04da6f6,,2168,QUORUM,ONE,cassandra-2,True,False,5.316,2026-09-16T06:24:28.270237+00:00,
30d63777-602e-436c-89af-f006c04da6f6,monotonic_reads,network_partition,writer-1,write,mr-30d63777-602e-436c-89af-f006c04da6f6,2169,,,ONE,cassandra-1,True,False,1.99,2026-09-16T06:24:28.284053+00:00,
30d63777-602e-436c-89af-f006c04da6f6,monotonic_reads,network_partition,reader-1,read,mr-30d63777-602e-436c-89af-f006c04da6f6,,2168,QUORUM,ONE,cassandra-3,True,False,4.832,2026-09-16T06:24:28.285791+00:00,
30d63777-602e-436c-89af-f006c04da6f6,monotonic_reads,network_partition,reader-1,read,mr-30d63777-602e-436c-89af-f006c04da6f6,,2169,QUORUM,ONE,cassandra-1,True,False,4.224,2026-09-16T06:24:28.301151+00:00,
30d63777-602e-436c-89af-f006c04da6f6,monotonic_reads,network_partition,writer-1,write,mr-30d63777-602e-436c-89af-f006c04da6f6,2170,,,ONE,cassandra-1,True,False,2.918,2026-09-16T06:24:28.307823+00:00,
30d63777-602e-436c-89af-f006c04da6f6,monotonic_reads,network_partition,reader-1,read,mr-30d63777-602e-436c-89af-f006c04da6f6,,2170,QUORUM,ONE,cassandra-2,True,False,5.02,2026-09-16T06:24:28.318353+00:00,
30d63777-602e-436c-89af-f006c04da6f6,monotonic_reads,network_partition,writer-1,write,mr-30d63777-602e-436c-89af-f006c04da6f6,2171,,,ONE,cassandra-1,True,False,1.64,2026-09-16T06:24:28.329725+00:00,
30d63777-602e-436c-89af-f006c04da6f6,monotonic_reads,network_partition,reader-1,read,mr-30d63777-602e-436c-89af-f006c04da6f6,,2171,QUORUM,ONE,cassandra-3,True,False,3.658,2026-09-16T06:24:28.334476+00:00,
30d63777-602e-436c-89af-f006c04da6f6,monotonic_reads,network_partition,reader-1,read,mr-30d63777-602e-436c-89af-f006c04da6f6,,2171,QUORUM,ONE,cassandra-1,True,False,2.388,2026-09-16T06:24:28.349453+00:00,
30d63777-602e-436c-89af-f006c04da6f6,monotonic_reads,network_partition,writer-1,write,mr-30d63777-602e-436c-89af-f006c04da6f6,2172,,,ONE,cassandra-1,True,False,1.912,2026-09-16T06:24:28.356849+00:00,
30d63777-602e-436c-89af-f006c04da6f6,monotonic_reads,network_partition,reader-1,read,mr-30d63777-602e-436c-89af-f006c04da6f6,,2172,QUORUM,ONE,cassandra-2,True,False,3.464,2026-09-16T06:24:28.365535+00:00,
30d63777-602e-436c-89af-f006c04da6f6,monotonic_reads,network_partition,writer-1,write,mr-30d63777-602e-436c-89af-f006c04da6f6,2173,,,ONE,cassandra-1,True,False,1.304,2026-09-16T06:24:28.378705+00:00,
30d63777-602e-436c-89af-f006c04da6f6,monotonic_reads,network_partition,reader-1,read,mr-30d63777-602e-436c-89af-f006c04da6f6,,2173,QUORUM,ONE,cassandra-3,True,False,3.821,2026-09-16T06:24:28.381937+00:00,
30d63777-602e-436c-89af-f006c04da6f6,monotonic_reads,network_partition,reader-1,read,mr-30d63777-602e-436c-89af-f006c04da6f6,,2173,QUORUM,ONE,cassandra-1,True,False,2.679,2026-09-16T06:24:28.396453+00:00,
30d63777-602e-436c-89af-f006c04da6f6,monotonic_reads,network_partition,writer-1,write,mr-30d63777-602e-436c-89af-f006c04da6f6,2174,,,ONE,cassandra-1,True,False,2.283,2026-09-16T06:24:28.401154+00:00,
30d63777-602e-436c-89af-f006c04da6f6,monotonic_reads,network_partition,reader-1,read,mr-30d63777-602e-436c-89af-f006c04da6f6,,2174,QUORUM,ONE,cassandra-2,True,False,3.528,2026-09-16T06:24:28.412569+00:00,
30d63777-602e-436c-89af-f006c04da6f6,monotonic_reads,network_partition,writer-1,write,mr-30d63777-602e-436c-89af-f006c04da6f6,2175,,,ONE,cassandra-1,True,False,1.559,2026-09-16T06:24:28.424312+00:00,
30d63777-602e-436c-89af-f006c04da6f6,monotonic_reads,network_partition,reader-1,read,mr-30d63777-602e-436c-89af-f006c04da6f6,,2174,QUORUM,ONE,cassandra-3,True,False,2.43,2026-09-16T06:24:28.425450+00:00,
30d63777-602e-436c-89af-f006c04da6f6,monotonic_reads,network_partition,reader-1,read,mr-30d63777-602e-436c-89af-f006c04da6f6,,2175,QUORUM,ONE,cassandra-1,True,False,3.101,2026-09-16T06:24:28.439722+00:00,
30d63777-602e-436c-89af-f006c04da6f6,monotonic_reads,network_partition,writer-1,write,mr-30d63777-602e-436c-89af-f006c04da6f6,2176,,,ONE,cassandra-1,True,False,2.379,2026-09-16T06:24:28.449279+00:00,
30d63777-602e-436c-89af-f006c04da6f6,monotonic_reads,network_partition,reader-1,read,mr-30d63777-602e-436c-89af-f006c04da6f6,,2176,QUORUM,ONE,cassandra-2,True,False,3.208,2026-09-16T06:24:28.455531+00:00,
30d63777-602e-436c-89af-f006c04da6f6,monotonic_reads,network_partition,reader-1,read,mr-30d63777-602e-436c-89af-f006c04da6f6,,2176,QUORUM,ONE,cassandra-3,True,False,3.43,2026-09-16T06:24:28.471536+00:00,
30d63777-602e-436c-89af-f006c04da6f6,monotonic_reads,network_partition,writer-1,write,mr-30d63777-602e-436c-89af-f006c04da6f6,2177,,,ONE,cassandra-1,True,False,0.862,2026-09-16T06:24:28.473106+00:00,
30d63777-602e-436c-89af-f006c04da6f6,monotonic_reads,network_partition,reader-1,read,mr-30d63777-602e-436c-89af-f006c04da6f6,,2177,QUORUM,ONE,cassandra-1,True,False,3.363,2026-09-16T06:24:28.485501+00:00,
30d63777-602e-436c-89af-f006c04da6f6,monotonic_reads,network_partition,reader-1,read,mr-30d63777-602e-436c-89af-f006c04da6f6,,2177,QUORUM,ONE,cassandra-2,True,False,10.384,2026-09-16T06:24:28.506540+00:00,
30d63777-602e-436c-89af-f006c04da6f6,monotonic_reads,network_partition,writer-1,write,mr-30d63777-602e-436c-89af-f006c04da6f6,2178,,,ONE,cassandra-1,True,False,8.505,2026-09-16T06:24:28.506673+00:00,
30d63777-602e-436c-89af-f006c04da6f6,monotonic_reads,network_partition,reader-1,read,mr-30d63777-602e-436c-89af-f006c04da6f6,,2178,QUORUM,ONE,cassandra-3,True,False,5.807,2026-09-16T06:24:28.524711+00:00,
30d63777-602e-436c-89af-f006c04da6f6,monotonic_reads,network_partition,writer-1,write,mr-30d63777-602e-436c-89af-f006c04da6f6,2179,,,ONE,cassandra-1,True,False,0.972,2026-09-16T06:24:28.532697+00:00,
30d63777-602e-436c-89af-f006c04da6f6,monotonic_reads,network_partition,reader-1,read,mr-30d63777-602e-436c-89af-f006c04da6f6,,2179,QUORUM,ONE,cassandra-1,True,False,3.583,2026-09-16T06:24:28.538458+00:00,
30d63777-602e-436c-89af-f006c04da6f6,monotonic_reads,network_partition,reader-1,read,mr-30d63777-602e-436c-89af-f006c04da6f6,,2179,QUORUM,ONE,cassandra-2,True,False,3.491,2026-09-16T06:24:28.554525+00:00,
30d63777-602e-436c-89af-f006c04da6f6,monotonic_reads,network_partition,writer-1,write,mr-30d63777-602e-436c-89af-f006c04da6f6,2180,,,ONE,cassandra-1,True,False,1.644,2026-09-16T06:24:28.556290+00:00,
30d63777-602e-436c-89af-f006c04da6f6,monotonic_reads,network_partition,reader-1,read,mr-30d63777-602e-436c-89af-f006c04da6f6,,2180,QUORUM,ONE,cassandra-3,True,False,4.45,2026-09-16T06:24:28.570921+00:00,
30d63777-602e-436c-89af-f006c04da6f6,monotonic_reads,network_partition,reader-1,read,mr-30d63777-602e-436c-89af-f006c04da6f6,,2180,QUORUM,ONE,cassandra-1,True,False,2.38,2026-09-16T06:24:28.583452+00:00,
30d63777-602e-436c-89af-f006c04da6f6,monotonic_reads,network_partition,writer-1,write,mr-30d63777-602e-436c-89af-f006c04da6f6,2181,,,ONE,cassandra-1,True,False,2.779,2026-09-16T06:24:28.583604+00:00,
30d63777-602e-436c-89af-f006c04da6f6,monotonic_reads,network_partition,reader-1,read,mr-30d63777-602e-436c-89af-f006c04da6f6,,2181,QUORUM,ONE,cassandra-2,True,False,3.932,2026-09-16T06:24:28.597710+00:00,
30d63777-602e-436c-89af-f006c04da6f6,monotonic_reads,network_partition,writer-1,write,mr-30d63777-602e-436c-89af-f006c04da6f6,2182,,,ONE,cassandra-1,True,False,2.792,2026-09-16T06:24:28.607879+00:00,
30d63777-602e-436c-89af-f006c04da6f6,monotonic_reads,network_partition,reader-1,read,mr-30d63777-602e-436c-89af-f006c04da6f6,,2182,QUORUM,ONE,cassandra-3,True,False,4.157,2026-09-16T06:24:28.614469+00:00,
30d63777-602e-436c-89af-f006c04da6f6,monotonic_reads,network_partition,reader-1,read,mr-30d63777-602e-436c-89af-f006c04da6f6,,2182,QUORUM,ONE,cassandra-1,True,False,3.601,2026-09-16T06:24:28.628522+00:00,
30d63777-602e-436c-89af-f006c04da6f6,monotonic_reads,network_partition,writer-1,write,mr-30d63777-602e-436c-89af-f006c04da6f6,2183,,,ONE,cassandra-1,True,False,2.343,2026-09-16T06:24:28.635272+00:00,
30d63777-602e-436c-89af-f006c04da6f6,monotonic_reads,network_partition,reader-1,read,mr-30d63777-602e-436c-89af-f006c04da6f6,,2183,QUORUM,ONE,cassandra-2,True,False,3.69,2026-09-16T06:24:28.644809+00:00,
30d63777-602e-436c-89af-f006c04da6f6,monotonic_reads,network_partition,writer-1,write,mr-30d63777-602e-436c-89af-f006c04da6f6,2184,,,ONE,cassandra-1,True,False,0.906,2026-09-16T06:24:28.660742+00:00,
30d63777-602e-436c-89af-f006c04da6f6,monotonic_reads,network_partition,reader-1,read,mr-30d63777-602e-436c-89af-f006c04da6f6,,2183,QUORUM,ONE,cassandra-3,True,False,3.278,2026-09-16T06:24:28.660814+00:00,
30d63777-602e-436c-89af-f006c04da6f6,monotonic_reads,network_partition,reader-1,read,mr-30d63777-602e-436c-89af-f006c04da6f6,,2184,QUORUM,ONE,cassandra-1,True,False,3.093,2026-09-16T06:24:28.676513+00:00,
30d63777-602e-436c-89af-f006c04da6f6,monotonic_reads,network_partition,writer-1,write,mr-30d63777-602e-436c-89af-f006c04da6f6,2185,,,ONE,cassandra-1,True,False,1.45,2026-09-16T06:24:28.687336+00:00,
30d63777-602e-436c-89af-f006c04da6f6,monotonic_reads,network_partition,reader-1,read,mr-30d63777-602e-436c-89af-f006c04da6f6,,2185,QUORUM,ONE,cassandra-2,True,False,4.486,2026-09-16T06:24:28.693718+00:00,
30d63777-602e-436c-89af-f006c04da6f6,monotonic_reads,network_partition,reader-1,read,mr-30d63777-602e-436c-89af-f006c04da6f6,,2185,QUORUM,ONE,cassandra-3,True,False,3.591,2026-09-16T06:24:28.710011+00:00,
30d63777-602e-436c-89af-f006c04da6f6,monotonic_reads,network_partition,writer-1,write,mr-30d63777-602e-436c-89af-f006c04da6f6,2186,,,ONE,cassandra-1,True,False,1.045,2026-09-16T06:24:28.713015+00:00,
30d63777-602e-436c-89af-f006c04da6f6,monotonic_reads,network_partition,reader-1,read,mr-30d63777-602e-436c-89af-f006c04da6f6,,2186,QUORUM,ONE,cassandra-1,True,False,4.716,2026-09-16T06:24:28.727001+00:00,
30d63777-602e-436c-89af-f006c04da6f6,monotonic_reads,network_partition,writer-1,write,mr-30d63777-602e-436c-89af-f006c04da6f6,2187,,,ONE,cassandra-1,True,False,1.602,2026-09-16T06:24:28.739284+00:00,
30d63777-602e-436c-89af-f006c04da6f6,monotonic_reads,network_partition,reader-1,read,mr-30d63777-602e-436c-89af-f006c04da6f6,,2187,QUORUM,ONE,cassandra-2,True,False,4.008,2026-09-16T06:24:28.743418+00:00,
30d63777-602e-436c-89af-f006c04da6f6,monotonic_reads,network_partition,reader-1,read,mr-30d63777-602e-436c-89af-f006c04da6f6,,2187,QUORUM,ONE,cassandra-3,True,False,2.676,2026-09-16T06:24:28.758682+00:00,
30d63777-602e-436c-89af-f006c04da6f6,monotonic_reads,network_partition,writer-1,write,mr-30d63777-602e-436c-89af-f006c04da6f6,2188,,,ONE,cassandra-1,True,False,1.321,2026-09-16T06:24:28.764353+00:00,
30d63777-602e-436c-89af-f006c04da6f6,monotonic_reads,network_partition,reader-1,read,mr-30d63777-602e-436c-89af-f006c04da6f6,,2188,QUORUM,ONE,cassandra-1,True,False,5.207,2026-09-16T06:24:28.774536+00:00,
30d63777-602e-436c-89af-f006c04da6f6,monotonic_reads,network_partition,writer-1,write,mr-30d63777-602e-436c-89af-f006c04da6f6,2189,,,ONE,cassandra-1,True,False,1.357,2026-09-16T06:24:28.787290+00:00,
30d63777-602e-436c-89af-f006c04da6f6,monotonic_reads,network_partition,reader-1,read,mr-30d63777-602e-436c-89af-f006c04da6f6,,2189,QUORUM,ONE,cassandra-2,True,False,3.201,2026-09-16T06:24:28.794487+00:00,
30d63777-602e-436c-89af-f006c04da6f6,monotonic_reads,network_partition,reader-1,read,mr-30d63777-602e-436c-89af-f006c04da6f6,,2189,QUORUM,ONE,cassandra-3,True,False,3.831,2026-09-16T06:24:28.810935+00:00,
30d63777-602e-436c-89af-f006c04da6f6,monotonic_reads,network_partition,writer-1,write,mr-30d63777-602e-436c-89af-f006c04da6f6,2190,,,ONE,cassandra-1,True,False,1.158,2026-09-16T06:24:28.816864+00:00,
30d63777-602e-436c-89af-f006c04da6f6,monotonic_reads,network_partition,reader-1,read,mr-30d63777-602e-436c-89af-f006c04da6f6,,2190,QUORUM,ONE,cassandra-1,True,False,4.312,2026-09-16T06:24:28.827909+00:00,
30d63777-602e-436c-89af-f006c04da6f6,monotonic_reads,network_partition,writer-1,write,mr-30d63777-602e-436c-89af-f006c04da6f6,2191,,,ONE,cassandra-1,True,False,2.401,2026-09-16T06:24:28.843281+00:00,
30d63777-602e-436c-89af-f006c04da6f6,monotonic_reads,network_partition,reader-1,read,mr-30d63777-602e-436c-89af-f006c04da6f6,,2190,QUORUM,ONE,cassandra-2,True,False,3.384,2026-09-16T06:24:28.843718+00:00,
30d63777-602e-436c-89af-f006c04da6f6,monotonic_reads,network_partition,reader-1,read,mr-30d63777-602e-436c-89af-f006c04da6f6,,2191,QUORUM,ONE,cassandra-3,True,False,3.741,2026-09-16T06:24:28.859880+00:00,
30d63777-602e-436c-89af-f006c04da6f6,monotonic_reads,network_partition,writer-1,write,mr-30d63777-602e-436c-89af-f006c04da6f6,2192,,,ONE,cassandra-1,True,False,1.642,2026-09-16T06:24:28.869477+00:00,
30d63777-602e-436c-89af-f006c04da6f6,monotonic_reads,network_partition,reader-1,read,mr-30d63777-602e-436c-89af-f006c04da6f6,,2192,QUORUM,ONE,cassandra-1,True,False,3.943,2026-09-16T06:24:28.876505+00:00,
30d63777-602e-436c-89af-f006c04da6f6,monotonic_reads,network_partition,reader-1,read,mr-30d63777-602e-436c-89af-f006c04da6f6,,2192,QUORUM,ONE,cassandra-2,True,False,4.198,2026-09-16T06:24:28.891130+00:00,
30d63777-602e-436c-89af-f006c04da6f6,monotonic_reads,network_partition,writer-1,write,mr-30d63777-602e-436c-89af-f006c04da6f6,2193,,,ONE,cassandra-1,True,False,1.982,2026-09-16T06:24:28.895870+00:00,
30d63777-602e-436c-89af-f006c04da6f6,monotonic_reads,network_partition,reader-1,read,mr-30d63777-602e-436c-89af-f006c04da6f6,,2193,QUORUM,ONE,cassandra-3,True,False,4.547,2026-09-16T06:24:28.907993+00:00,
30d63777-602e-436c-89af-f006c04da6f6,monotonic_reads,network_partition,writer-1,write,mr-30d63777-602e-436c-89af-f006c04da6f6,2194,,,ONE,cassandra-1,True,False,2.59,2026-09-16T06:24:28.920838+00:00,
30d63777-602e-436c-89af-f006c04da6f6,monotonic_reads,network_partition,reader-1,read,mr-30d63777-602e-436c-89af-f006c04da6f6,,2193,QUORUM,ONE,cassandra-1,True,False,3.116,2026-09-16T06:24:28.921874+00:00,
30d63777-602e-436c-89af-f006c04da6f6,monotonic_reads,network_partition,reader-1,read,mr-30d63777-602e-436c-89af-f006c04da6f6,,2194,QUORUM,ONE,cassandra-2,True,False,16.228,2026-09-16T06:24:28.950703+00:00,
30d63777-602e-436c-89af-f006c04da6f6,monotonic_reads,network_partition,writer-1,write,mr-30d63777-602e-436c-89af-f006c04da6f6,2195,,,ONE,cassandra-1,True,False,4.992,2026-09-16T06:24:28.951011+00:00,
30d63777-602e-436c-89af-f006c04da6f6,monotonic_reads,network_partition,reader-1,read,mr-30d63777-602e-436c-89af-f006c04da6f6,,2195,QUORUM,ONE,cassandra-3,True,False,4.332,2026-09-16T06:24:28.966051+00:00,
30d63777-602e-436c-89af-f006c04da6f6,monotonic_reads,network_partition,writer-1,write,mr-30d63777-602e-436c-89af-f006c04da6f6,2196,,,ONE,cassandra-1,True,False,1.647,2026-09-16T06:24:28.977753+00:00,
30d63777-602e-436c-89af-f006c04da6f6,monotonic_reads,network_partition,reader-1,read,mr-30d63777-602e-436c-89af-f006c04da6f6,,2196,QUORUM,ONE,cassandra-1,True,False,6.135,2026-09-16T06:24:28.984004+00:00,
30d63777-602e-436c-89af-f006c04da6f6,monotonic_reads,network_partition,reader-1,read,mr-30d63777-602e-436c-89af-f006c04da6f6,,2196,QUORUM,ONE,cassandra-2,True,False,6.341,2026-09-16T06:24:29.002278+00:00,
30d63777-602e-436c-89af-f006c04da6f6,monotonic_reads,network_partition,writer-1,write,mr-30d63777-602e-436c-89af-f006c04da6f6,2197,,,ONE,cassandra-1,True,False,2.965,2026-09-16T06:24:29.005347+00:00,
30d63777-602e-436c-89af-f006c04da6f6,monotonic_reads,network_partition,reader-1,read,mr-30d63777-602e-436c-89af-f006c04da6f6,,2197,QUORUM,ONE,cassandra-3,True,False,4.548,2026-09-16T06:24:29.018478+00:00,
30d63777-602e-436c-89af-f006c04da6f6,monotonic_reads,network_partition,writer-1,write,mr-30d63777-602e-436c-89af-f006c04da6f6,2198,,,ONE,cassandra-1,True,False,3.82,2026-09-16T06:24:29.030766+00:00,
30d63777-602e-436c-89af-f006c04da6f6,monotonic_reads,network_partition,reader-1,read,mr-30d63777-602e-436c-89af-f006c04da6f6,,2198,QUORUM,ONE,cassandra-1,True,False,4.615,2026-09-16T06:24:29.033399+00:00,
30d63777-602e-436c-89af-f006c04da6f6,monotonic_reads,network_partition,reader-1,read,mr-30d63777-602e-436c-89af-f006c04da6f6,,2198,QUORUM,ONE,cassandra-2,True,False,6.102,2026-09-16T06:24:29.050027+00:00,
30d63777-602e-436c-89af-f006c04da6f6,monotonic_reads,network_partition,writer-1,write,mr-30d63777-602e-436c-89af-f006c04da6f6,2199,,,ONE,cassandra-1,True,False,4.412,2026-09-16T06:24:29.058891+00:00,
30d63777-602e-436c-89af-f006c04da6f6,monotonic_reads,network_partition,reader-1,read,mr-30d63777-602e-436c-89af-f006c04da6f6,,2199,QUORUM,ONE,cassandra-3,True,False,4.951,2026-09-16T06:24:29.065771+00:00,
30d63777-602e-436c-89af-f006c04da6f6,monotonic_reads,network_partition,reader-1,read,mr-30d63777-602e-436c-89af-f006c04da6f6,,2199,QUORUM,ONE,cassandra-1,True,False,5.19,2026-09-16T06:24:29.083464+00:00,
30d63777-602e-436c-89af-f006c04da6f6,monotonic_reads,network_partition,writer-1,write,mr-30d63777-602e-436c-89af-f006c04da6f6,2200,,,ONE,cassandra-1,True,False,3.183,2026-09-16T06:24:29.086747+00:00,
30d63777-602e-436c-89af-f006c04da6f6,monotonic_reads,network_partition,reader-1,read,mr-30d63777-602e-436c-89af-f006c04da6f6,,2200,QUORUM,ONE,cassandra-2,True,False,5.034,2026-09-16T06:24:29.101536+00:00,
30d63777-602e-436c-89af-f006c04da6f6,monotonic_reads,network_partition,writer-1,write,mr-30d63777-602e-436c-89af-f006c04da6f6,2201,,,ONE,cassandra-1,True,False,3.528,2026-09-16T06:24:29.114222+00:00,
30d63777-602e-436c-89af-f006c04da6f6,monotonic_reads,network_partition,reader-1,read,mr-30d63777-602e-436c-89af-f006c04da6f6,,2200,QUORUM,ONE,cassandra-3,True,False,4.727,2026-09-16T06:24:29.116679+00:00,
30d63777-602e-436c-89af-f006c04da6f6,monotonic_reads,network_partition,reader-1,read,mr-30d63777-602e-436c-89af-f006c04da6f6,,2201,QUORUM,ONE,cassandra-1,True,False,5.973,2026-09-16T06:24:29.134846+00:00,
30d63777-602e-436c-89af-f006c04da6f6,monotonic_reads,network_partition,writer-1,write,mr-30d63777-602e-436c-89af-f006c04da6f6,2202,,,ONE,cassandra-1,True,False,4.177,2026-09-16T06:24:29.139145+00:00,
30d63777-602e-436c-89af-f006c04da6f6,monotonic_reads,network_partition,reader-1,read,mr-30d63777-602e-436c-89af-f006c04da6f6,,2202,QUORUM,ONE,cassandra-2,True,False,6.691,2026-09-16T06:24:29.153604+00:00,
30d63777-602e-436c-89af-f006c04da6f6,monotonic_reads,network_partition,writer-1,write,mr-30d63777-602e-436c-89af-f006c04da6f6,2203,,,ONE,cassandra-1,True,False,5.295,2026-09-16T06:24:29.168819+00:00,
30d63777-602e-436c-89af-f006c04da6f6,monotonic_reads,network_partition,reader-1,read,mr-30d63777-602e-436c-89af-f006c04da6f6,,2202,QUORUM,ONE,cassandra-3,True,False,5.285,2026-09-16T06:24:29.170049+00:00,
30d63777-602e-436c-89af-f006c04da6f6,monotonic_reads,network_partition,reader-1,read,mr-30d63777-602e-436c-89af-f006c04da6f6,,2203,QUORUM,ONE,cassandra-1,True,False,3.803,2026-09-16T06:24:29.185849+00:00,
30d63777-602e-436c-89af-f006c04da6f6,monotonic_reads,network_partition,writer-1,write,mr-30d63777-602e-436c-89af-f006c04da6f6,2204,,,ONE,cassandra-1,True,False,2.621,2026-09-16T06:24:29.192516+00:00,
30d63777-602e-436c-89af-f006c04da6f6,monotonic_reads,network_partition,reader-1,read,mr-30d63777-602e-436c-89af-f006c04da6f6,,2204,QUORUM,ONE,cassandra-2,True,False,5.26,2026-09-16T06:24:29.203466+00:00,
30d63777-602e-436c-89af-f006c04da6f6,monotonic_reads,network_partition,reader-1,read,mr-30d63777-602e-436c-89af-f006c04da6f6,,2204,QUORUM,ONE,cassandra-3,True,False,6.361,2026-09-16T06:24:29.220206+00:00,
30d63777-602e-436c-89af-f006c04da6f6,monotonic_reads,network_partition,writer-1,write,mr-30d63777-602e-436c-89af-f006c04da6f6,2205,,,ONE,cassandra-1,True,False,3.614,2026-09-16T06:24:29.220508+00:00,
30d63777-602e-436c-89af-f006c04da6f6,monotonic_reads,network_partition,reader-1,read,mr-30d63777-602e-436c-89af-f006c04da6f6,,2205,QUORUM,ONE,cassandra-1,True,False,5.333,2026-09-16T06:24:29.236325+00:00,
30d63777-602e-436c-89af-f006c04da6f6,monotonic_reads,network_partition,writer-1,write,mr-30d63777-602e-436c-89af-f006c04da6f6,2206,,,ONE,cassandra-1,True,False,3.585,2026-09-16T06:24:29.248625+00:00,
30d63777-602e-436c-89af-f006c04da6f6,monotonic_reads,network_partition,reader-1,read,mr-30d63777-602e-436c-89af-f006c04da6f6,,2206,QUORUM,ONE,cassandra-2,True,False,5.711,2026-09-16T06:24:29.253473+00:00,
30d63777-602e-436c-89af-f006c04da6f6,monotonic_reads,network_partition,reader-1,read,mr-30d63777-602e-436c-89af-f006c04da6f6,,2206,QUORUM,ONE,cassandra-3,True,False,8.226,2026-09-16T06:24:29.274049+00:00,
30d63777-602e-436c-89af-f006c04da6f6,monotonic_reads,network_partition,writer-1,write,mr-30d63777-602e-436c-89af-f006c04da6f6,2207,,,ONE,cassandra-1,True,False,4.541,2026-09-16T06:24:29.276532+00:00,
30d63777-602e-436c-89af-f006c04da6f6,monotonic_reads,network_partition,reader-1,read,mr-30d63777-602e-436c-89af-f006c04da6f6,,2207,QUORUM,ONE,cassandra-1,True,False,7.311,2026-09-16T06:24:29.292230+00:00,
30d63777-602e-436c-89af-f006c04da6f6,monotonic_reads,network_partition,writer-1,write,mr-30d63777-602e-436c-89af-f006c04da6f6,2208,,,ONE,cassandra-1,True,False,2.323,2026-09-16T06:24:29.303055+00:00,
30d63777-602e-436c-89af-f006c04da6f6,monotonic_reads,network_partition,reader-1,read,mr-30d63777-602e-436c-89af-f006c04da6f6,,2208,QUORUM,ONE,cassandra-2,True,False,4.18,2026-09-16T06:24:29.307001+00:00,
30d63777-602e-436c-89af-f006c04da6f6,monotonic_reads,network_partition,reader-1,read,mr-30d63777-602e-436c-89af-f006c04da6f6,,2208,QUORUM,ONE,cassandra-3,True,False,3.083,2026-09-16T06:24:29.322686+00:00,
30d63777-602e-436c-89af-f006c04da6f6,monotonic_reads,network_partition,writer-1,write,mr-30d63777-602e-436c-89af-f006c04da6f6,2209,,,ONE,cassandra-1,True,False,1.006,2026-09-16T06:24:29.325456+00:00,
30d63777-602e-436c-89af-f006c04da6f6,monotonic_reads,network_partition,reader-1,read,mr-30d63777-602e-436c-89af-f006c04da6f6,,2209,QUORUM,ONE,cassandra-1,True,False,4.435,2026-09-16T06:24:29.339744+00:00,
30d63777-602e-436c-89af-f006c04da6f6,monotonic_reads,network_partition,writer-1,write,mr-30d63777-602e-436c-89af-f006c04da6f6,2210,,,ONE,cassandra-1,True,False,3.12,2026-09-16T06:24:29.349422+00:00,
30d63777-602e-436c-89af-f006c04da6f6,monotonic_reads,network_partition,reader-1,read,mr-30d63777-602e-436c-89af-f006c04da6f6,,2210,QUORUM,ONE,cassandra-2,True,False,4.711,2026-09-16T06:24:29.357096+00:00,
30d63777-602e-436c-89af-f006c04da6f6,monotonic_reads,network_partition,reader-1,read,mr-30d63777-602e-436c-89af-f006c04da6f6,,2210,QUORUM,ONE,cassandra-3,True,False,3.145,2026-09-16T06:24:29.372763+00:00,
30d63777-602e-436c-89af-f006c04da6f6,monotonic_reads,network_partition,writer-1,write,mr-30d63777-602e-436c-89af-f006c04da6f6,2211,,,ONE,cassandra-1,True,False,1.734,2026-09-16T06:24:29.376319+00:00,
30d63777-602e-436c-89af-f006c04da6f6,monotonic_reads,network_partition,reader-1,read,mr-30d63777-602e-436c-89af-f006c04da6f6,,2211,QUORUM,ONE,cassandra-1,True,False,4.064,2026-09-16T06:24:29.389065+00:00,
30d63777-602e-436c-89af-f006c04da6f6,monotonic_reads,network_partition,writer-1,write,mr-30d63777-602e-436c-89af-f006c04da6f6,2212,,,ONE,cassandra-1,True,False,2.17,2026-09-16T06:24:29.400413+00:00,
30d63777-602e-436c-89af-f006c04da6f6,monotonic_reads,network_partition,reader-1,read,mr-30d63777-602e-436c-89af-f006c04da6f6,,2212,QUORUM,ONE,cassandra-2,True,False,4.057,2026-09-16T06:24:29.405679+00:00,
30d63777-602e-436c-89af-f006c04da6f6,monotonic_reads,network_partition,reader-1,read,mr-30d63777-602e-436c-89af-f006c04da6f6,,2212,QUORUM,ONE,cassandra-3,True,False,4.212,2026-09-16T06:24:29.422395+00:00,
30d63777-602e-436c-89af-f006c04da6f6,monotonic_reads,network_partition,writer-1,write,mr-30d63777-602e-436c-89af-f006c04da6f6,2213,,,ONE,cassandra-1,True,False,1.869,2026-09-16T06:24:29.424337+00:00,
30d63777-602e-436c-89af-f006c04da6f6,monotonic_reads,network_partition,reader-1,read,mr-30d63777-602e-436c-89af-f006c04da6f6,,2213,QUORUM,ONE,cassandra-1,True,False,4.803,2026-09-16T06:24:29.440089+00:00,
30d63777-602e-436c-89af-f006c04da6f6,monotonic_reads,network_partition,writer-1,write,mr-30d63777-602e-436c-89af-f006c04da6f6,2214,,,ONE,cassandra-1,True,False,2.039,2026-09-16T06:24:29.451451+00:00,
30d63777-602e-436c-89af-f006c04da6f6,monotonic_reads,network_partition,reader-1,read,mr-30d63777-602e-436c-89af-f006c04da6f6,,2214,QUORUM,ONE,cassandra-2,True,False,3.926,2026-09-16T06:24:29.456552+00:00,
30d63777-602e-436c-89af-f006c04da6f6,monotonic_reads,network_partition,reader-1,read,mr-30d63777-602e-436c-89af-f006c04da6f6,,2214,QUORUM,ONE,cassandra-3,True,False,3.809,2026-09-16T06:24:29.472708+00:00,
30d63777-602e-436c-89af-f006c04da6f6,monotonic_reads,network_partition,writer-1,write,mr-30d63777-602e-436c-89af-f006c04da6f6,2215,,,ONE,cassandra-1,True,False,1.855,2026-09-16T06:24:29.477669+00:00,
30d63777-602e-436c-89af-f006c04da6f6,monotonic_reads,network_partition,reader-1,read,mr-30d63777-602e-436c-89af-f006c04da6f6,,2215,QUORUM,ONE,cassandra-1,True,False,13.139,2026-09-16T06:24:29.498048+00:00,
30d63777-602e-436c-89af-f006c04da6f6,monotonic_reads,network_partition,writer-1,write,mr-30d63777-602e-436c-89af-f006c04da6f6,2216,,,ONE,cassandra-1,True,False,3.164,2026-09-16T06:24:29.501416+00:00,
30d63777-602e-436c-89af-f006c04da6f6,monotonic_reads,network_partition,reader-1,read,mr-30d63777-602e-436c-89af-f006c04da6f6,,2216,QUORUM,ONE,cassandra-2,True,False,5.121,2026-09-16T06:24:29.515592+00:00,
30d63777-602e-436c-89af-f006c04da6f6,monotonic_reads,network_partition,writer-1,write,mr-30d63777-602e-436c-89af-f006c04da6f6,2217,,,ONE,cassandra-1,True,False,1.49,2026-09-16T06:24:29.527388+00:00,
30d63777-602e-436c-89af-f006c04da6f6,monotonic_reads,network_partition,reader-1,read,mr-30d63777-602e-436c-89af-f006c04da6f6,,2217,QUORUM,ONE,cassandra-3,True,False,4.178,2026-09-16T06:24:29.532046+00:00,
30d63777-602e-436c-89af-f006c04da6f6,monotonic_reads,network_partition,reader-1,read,mr-30d63777-602e-436c-89af-f006c04da6f6,,2217,QUORUM,ONE,cassandra-1,True,False,5.542,2026-09-16T06:24:29.549455+00:00,
30d63777-602e-436c-89af-f006c04da6f6,monotonic_reads,network_partition,writer-1,write,mr-30d63777-602e-436c-89af-f006c04da6f6,2218,,,ONE,cassandra-1,True,False,3.268,2026-09-16T06:24:29.552819+00:00,
30d63777-602e-436c-89af-f006c04da6f6,monotonic_reads,network_partition,reader-1,read,mr-30d63777-602e-436c-89af-f006c04da6f6,,2218,QUORUM,ONE,cassandra-2,True,False,4.121,2026-09-16T06:24:29.565046+00:00,
30d63777-602e-436c-89af-f006c04da6f6,monotonic_reads,network_partition,writer-1,write,mr-30d63777-602e-436c-89af-f006c04da6f6,2219,,,ONE,cassandra-1,True,False,2.313,2026-09-16T06:24:29.579795+00:00,
30d63777-602e-436c-89af-f006c04da6f6,monotonic_reads,network_partition,reader-1,read,mr-30d63777-602e-436c-89af-f006c04da6f6,,2218,QUORUM,ONE,cassandra-3,True,False,4.952,2026-09-16T06:24:29.582062+00:00,
30d63777-602e-436c-89af-f006c04da6f6,monotonic_reads,network_partition,reader-1,read,mr-30d63777-602e-436c-89af-f006c04da6f6,,2219,QUORUM,ONE,cassandra-1,True,False,4.601,2026-09-16T06:24:29.598523+00:00,
30d63777-602e-436c-89af-f006c04da6f6,monotonic_reads,network_partition,writer-1,write,mr-30d63777-602e-436c-89af-f006c04da6f6,2220,,,ONE,cassandra-1,True,False,4.544,2026-09-16T06:24:29.608398+00:00,
30d63777-602e-436c-89af-f006c04da6f6,monotonic_reads,network_partition,reader-1,read,mr-30d63777-602e-436c-89af-f006c04da6f6,,2220,QUORUM,ONE,cassandra-2,True,False,5.104,2026-09-16T06:24:29.615949+00:00,
30d63777-602e-436c-89af-f006c04da6f6,monotonic_reads,network_partition,reader-1,read,mr-30d63777-602e-436c-89af-f006c04da6f6,,2220,QUORUM,ONE,cassandra-3,True,False,5.641,2026-09-16T06:24:29.632372+00:00,
30d63777-602e-436c-89af-f006c04da6f6,monotonic_reads,network_partition,writer-1,write,mr-30d63777-602e-436c-89af-f006c04da6f6,2221,,,ONE,cassandra-1,True,False,4.087,2026-09-16T06:24:29.634506+00:00,
30d63777-602e-436c-89af-f006c04da6f6,monotonic_reads,network_partition,reader-1,read,mr-30d63777-602e-436c-89af-f006c04da6f6,,2221,QUORUM,ONE,cassandra-1,True,False,5.796,2026-09-16T06:24:29.650711+00:00,
30d63777-602e-436c-89af-f006c04da6f6,monotonic_reads,network_partition,writer-1,write,mr-30d63777-602e-436c-89af-f006c04da6f6,2222,,,ONE,cassandra-1,True,False,3.494,2026-09-16T06:24:29.661753+00:00,
30d63777-602e-436c-89af-f006c04da6f6,monotonic_reads,network_partition,reader-1,read,mr-30d63777-602e-436c-89af-f006c04da6f6,,2222,QUORUM,ONE,cassandra-2,True,False,5.715,2026-09-16T06:24:29.669608+00:00,
30d63777-602e-436c-89af-f006c04da6f6,monotonic_reads,network_partition,reader-1,read,mr-30d63777-602e-436c-89af-f006c04da6f6,,2222,QUORUM,ONE,cassandra-3,True,False,6.029,2026-09-16T06:24:29.686953+00:00,
30d63777-602e-436c-89af-f006c04da6f6,monotonic_reads,network_partition,writer-1,write,mr-30d63777-602e-436c-89af-f006c04da6f6,2223,,,ONE,cassandra-1,True,False,3.571,2026-09-16T06:24:29.687274+00:00,
30d63777-602e-436c-89af-f006c04da6f6,monotonic_reads,network_partition,reader-1,read,mr-30d63777-602e-436c-89af-f006c04da6f6,,2223,QUORUM,ONE,cassandra-1,True,False,5.516,2026-09-16T06:24:29.703460+00:00,
30d63777-602e-436c-89af-f006c04da6f6,monotonic_reads,network_partition,writer-1,write,mr-30d63777-602e-436c-89af-f006c04da6f6,2224,,,ONE,cassandra-1,True,False,3.62,2026-09-16T06:24:29.715117+00:00,
30d63777-602e-436c-89af-f006c04da6f6,monotonic_reads,network_partition,reader-1,read,mr-30d63777-602e-436c-89af-f006c04da6f6,,2224,QUORUM,ONE,cassandra-2,True,False,5.032,2026-09-16T06:24:29.720809+00:00,
30d63777-602e-436c-89af-f006c04da6f6,monotonic_reads,network_partition,reader-1,read,mr-30d63777-602e-436c-89af-f006c04da6f6,,2224,QUORUM,ONE,cassandra-3,True,False,6.336,2026-09-16T06:24:29.739256+00:00,
30d63777-602e-436c-89af-f006c04da6f6,monotonic_reads,network_partition,writer-1,write,mr-30d63777-602e-436c-89af-f006c04da6f6,2225,,,ONE,cassandra-1,True,False,2.559,2026-09-16T06:24:29.741909+00:00,
30d63777-602e-436c-89af-f006c04da6f6,monotonic_reads,network_partition,reader-1,read,mr-30d63777-602e-436c-89af-f006c04da6f6,,2225,QUORUM,ONE,cassandra-1,True,False,5.359,2026-09-16T06:24:29.756280+00:00,
30d63777-602e-436c-89af-f006c04da6f6,monotonic_reads,network_partition,writer-1,write,mr-30d63777-602e-436c-89af-f006c04da6f6,2226,,,ONE,cassandra-1,True,False,2.641,2026-09-16T06:24:29.766548+00:00,
30d63777-602e-436c-89af-f006c04da6f6,monotonic_reads,network_partition,reader-1,read,mr-30d63777-602e-436c-89af-f006c04da6f6,,2226,QUORUM,ONE,cassandra-2,True,False,5.551,2026-09-16T06:24:29.774145+00:00,
30d63777-602e-436c-89af-f006c04da6f6,monotonic_reads,network_partition,reader-1,read,mr-30d63777-602e-436c-89af-f006c04da6f6,,2226,QUORUM,ONE,cassandra-3,True,False,5.236,2026-09-16T06:24:29.791245+00:00,
30d63777-602e-436c-89af-f006c04da6f6,monotonic_reads,network_partition,writer-1,write,mr-30d63777-602e-436c-89af-f006c04da6f6,2227,,,ONE,cassandra-1,True,False,2.572,2026-09-16T06:24:29.791484+00:00,
30d63777-602e-436c-89af-f006c04da6f6,monotonic_reads,network_partition,reader-1,read,mr-30d63777-602e-436c-89af-f006c04da6f6,,2227,QUORUM,ONE,cassandra-1,True,False,5.402,2026-09-16T06:24:29.809340+00:00,
30d63777-602e-436c-89af-f006c04da6f6,monotonic_reads,network_partition,writer-1,write,mr-30d63777-602e-436c-89af-f006c04da6f6,2228,,,ONE,cassandra-1,True,False,2.03,2026-09-16T06:24:29.814928+00:00,
30d63777-602e-436c-89af-f006c04da6f6,monotonic_reads,network_partition,reader-1,read,mr-30d63777-602e-436c-89af-f006c04da6f6,,2228,QUORUM,ONE,cassandra-2,True,False,15.475,2026-09-16T06:24:29.835351+00:00,
30d63777-602e-436c-89af-f006c04da6f6,monotonic_reads,network_partition,writer-1,write,mr-30d63777-602e-436c-89af-f006c04da6f6,2229,,,ONE,cassandra-1,True,False,1.898,2026-09-16T06:24:29.838813+00:00,
30d63777-602e-436c-89af-f006c04da6f6,monotonic_reads,network_partition,reader-1,read,mr-30d63777-602e-436c-89af-f006c04da6f6,,2229,QUORUM,ONE,cassandra-3,True,False,7.182,2026-09-16T06:24:29.853100+00:00,
30d63777-602e-436c-89af-f006c04da6f6,monotonic_reads,network_partition,writer-1,write,mr-30d63777-602e-436c-89af-f006c04da6f6,2230,,,ONE,cassandra-1,True,False,2.591,2026-09-16T06:24:29.862498+00:00,
30d63777-602e-436c-89af-f006c04da6f6,monotonic_reads,network_partition,reader-1,read,mr-30d63777-602e-436c-89af-f006c04da6f6,,2230,QUORUM,ONE,cassandra-1,True,False,4.059,2026-09-16T06:24:29.868983+00:00,
30d63777-602e-436c-89af-f006c04da6f6,monotonic_reads,network_partition,reader-1,read,mr-30d63777-602e-436c-89af-f006c04da6f6,,2230,QUORUM,ONE,cassandra-2,True,False,4.719,2026-09-16T06:24:29.885650+00:00,
30d63777-602e-436c-89af-f006c04da6f6,monotonic_reads,network_partition,writer-1,write,mr-30d63777-602e-436c-89af-f006c04da6f6,2231,,,ONE,cassandra-1,True,False,1.899,2026-09-16T06:24:29.887815+00:00,
30d63777-602e-436c-89af-f006c04da6f6,monotonic_reads,network_partition,reader-1,read,mr-30d63777-602e-436c-89af-f006c04da6f6,,2231,QUORUM,ONE,cassandra-3,True,False,4.252,2026-09-16T06:24:29.902178+00:00,
30d63777-602e-436c-89af-f006c04da6f6,monotonic_reads,network_partition,writer-1,write,mr-30d63777-602e-436c-89af-f006c04da6f6,2232,,,ONE,cassandra-1,True,False,2.263,2026-09-16T06:24:29.911177+00:00,
30d63777-602e-436c-89af-f006c04da6f6,monotonic_reads,network_partition,reader-1,read,mr-30d63777-602e-436c-89af-f006c04da6f6,,2232,QUORUM,ONE,cassandra-1,True,False,4.02,2026-09-16T06:24:29.916911+00:00,
30d63777-602e-436c-89af-f006c04da6f6,monotonic_reads,network_partition,reader-1,read,mr-30d63777-602e-436c-89af-f006c04da6f6,,2232,QUORUM,ONE,cassandra-2,True,False,4.121,2026-09-16T06:24:29.933284+00:00,
30d63777-602e-436c-89af-f006c04da6f6,monotonic_reads,network_partition,writer-1,write,mr-30d63777-602e-436c-89af-f006c04da6f6,2233,,,ONE,cassandra-1,True,False,14.587,2026-09-16T06:24:29.950550+00:00,
30d63777-602e-436c-89af-f006c04da6f6,monotonic_reads,network_partition,reader-1,read,mr-30d63777-602e-436c-89af-f006c04da6f6,,2233,QUORUM,ONE,cassandra-3,True,False,9.169,2026-09-16T06:24:29.953015+00:00,
30d63777-602e-436c-89af-f006c04da6f6,monotonic_reads,network_partition,reader-1,read,mr-30d63777-602e-436c-89af-f006c04da6f6,,2233,QUORUM,ONE,cassandra-1,True,False,3.114,2026-09-16T06:24:29.966702+00:00,
30d63777-602e-436c-89af-f006c04da6f6,monotonic_reads,network_partition,writer-1,write,mr-30d63777-602e-436c-89af-f006c04da6f6,2234,,,ONE,cassandra-1,True,False,3.553,2026-09-16T06:24:29.976638+00:00,
30d63777-602e-436c-89af-f006c04da6f6,monotonic_reads,network_partition,reader-1,read,mr-30d63777-602e-436c-89af-f006c04da6f6,,2234,QUORUM,ONE,cassandra-2,True,False,4.147,2026-09-16T06:24:29.982071+00:00,
30d63777-602e-436c-89af-f006c04da6f6,monotonic_reads,network_partition,writer-1,write,mr-30d63777-602e-436c-89af-f006c04da6f6,2235,,,ONE,cassandra-1,True,False,3.668,2026-09-16T06:24:30.001955+00:00,
30d63777-602e-436c-89af-f006c04da6f6,monotonic_reads,network_partition,reader-1,read,mr-30d63777-602e-436c-89af-f006c04da6f6,,2234,QUORUM,ONE,cassandra-3,True,False,9.544,2026-09-16T06:24:30.002777+00:00,
30d63777-602e-436c-89af-f006c04da6f6,monotonic_reads,network_partition,reader-1,read,mr-30d63777-602e-436c-89af-f006c04da6f6,,2235,QUORUM,ONE,cassandra-1,True,False,5.768,2026-09-16T06:24:30.020627+00:00,
30d63777-602e-436c-89af-f006c04da6f6,monotonic_reads,network_partition,writer-1,write,mr-30d63777-602e-436c-89af-f006c04da6f6,2236,,,ONE,cassandra-1,True,False,6.692,2026-09-16T06:24:30.033214+00:00,
30d63777-602e-436c-89af-f006c04da6f6,monotonic_reads,network_partition,reader-1,read,mr-30d63777-602e-436c-89af-f006c04da6f6,,2236,QUORUM,ONE,cassandra-2,True,False,4.659,2026-09-16T06:24:30.037971+00:00,
30d63777-602e-436c-89af-f006c04da6f6,monotonic_reads,network_partition,reader-1,read,mr-30d63777-602e-436c-89af-f006c04da6f6,,2236,QUORUM,ONE,cassandra-3,True,False,4.016,2026-09-16T06:24:30.052381+00:00,
30d63777-602e-436c-89af-f006c04da6f6,monotonic_reads,network_partition,writer-1,write,mr-30d63777-602e-436c-89af-f006c04da6f6,2237,,,ONE,cassandra-1,True,False,3.694,2026-09-16T06:24:30.057613+00:00,
30d63777-602e-436c-89af-f006c04da6f6,monotonic_reads,network_partition,reader-1,read,mr-30d63777-602e-436c-89af-f006c04da6f6,,2237,QUORUM,ONE,cassandra-1,True,False,5.863,2026-09-16T06:24:30.069757+00:00,
30d63777-602e-436c-89af-f006c04da6f6,monotonic_reads,network_partition,writer-1,write,mr-30d63777-602e-436c-89af-f006c04da6f6,2238,,,ONE,cassandra-1,True,False,4.58,2026-09-16T06:24:30.084989+00:00,
30d63777-602e-436c-89af-f006c04da6f6,monotonic_reads,network_partition,reader-1,read,mr-30d63777-602e-436c-89af-f006c04da6f6,,2237,QUORUM,ONE,cassandra-2,True,False,4.847,2026-09-16T06:24:30.085811+00:00,
30d63777-602e-436c-89af-f006c04da6f6,monotonic_reads,network_partition,reader-1,read,mr-30d63777-602e-436c-89af-f006c04da6f6,,2238,QUORUM,ONE,cassandra-3,True,False,5.366,2026-09-16T06:24:30.103949+00:00,
30d63777-602e-436c-89af-f006c04da6f6,monotonic_reads,network_partition,writer-1,write,mr-30d63777-602e-436c-89af-f006c04da6f6,2239,,,ONE,cassandra-1,True,False,5.173,2026-09-16T06:24:30.116061+00:00,
30d63777-602e-436c-89af-f006c04da6f6,monotonic_reads,network_partition,reader-1,read,mr-30d63777-602e-436c-89af-f006c04da6f6,,2239,QUORUM,ONE,cassandra-1,True,False,4.702,2026-09-16T06:24:30.121359+00:00,
30d63777-602e-436c-89af-f006c04da6f6,monotonic_reads,network_partition,reader-1,read,mr-30d63777-602e-436c-89af-f006c04da6f6,,2239,QUORUM,ONE,cassandra-2,True,False,5.129,2026-09-16T06:24:30.137473+00:00,
30d63777-602e-436c-89af-f006c04da6f6,monotonic_reads,network_partition,writer-1,write,mr-30d63777-602e-436c-89af-f006c04da6f6,2240,,,ONE,cassandra-1,True,False,2.464,2026-09-16T06:24:30.140035+00:00,
30d63777-602e-436c-89af-f006c04da6f6,monotonic_reads,network_partition,reader-1,read,mr-30d63777-602e-436c-89af-f006c04da6f6,,2240,QUORUM,ONE,cassandra-3,True,False,4.634,2026-09-16T06:24:30.153562+00:00,
30d63777-602e-436c-89af-f006c04da6f6,monotonic_reads,network_partition,writer-1,write,mr-30d63777-602e-436c-89af-f006c04da6f6,2241,,,ONE,cassandra-1,True,False,8.662,2026-09-16T06:24:30.169913+00:00,
30d63777-602e-436c-89af-f006c04da6f6,monotonic_reads,network_partition,reader-1,read,mr-30d63777-602e-436c-89af-f006c04da6f6,,2240,QUORUM,ONE,cassandra-1,True,False,4.462,2026-09-16T06:24:30.170705+00:00,
30d63777-602e-436c-89af-f006c04da6f6,monotonic_reads,network_partition,reader-1,read,mr-30d63777-602e-436c-89af-f006c04da6f6,,2241,QUORUM,ONE,cassandra-2,True,False,3.88,2026-09-16T06:24:30.184695+00:00,
30d63777-602e-436c-89af-f006c04da6f6,monotonic_reads,network_partition,writer-1,write,mr-30d63777-602e-436c-89af-f006c04da6f6,2242,,,ONE,cassandra-1,True,False,1.959,2026-09-16T06:24:30.192471+00:00,
30d63777-602e-436c-89af-f006c04da6f6,monotonic_reads,network_partition,reader-1,read,mr-30d63777-602e-436c-89af-f006c04da6f6,,2242,QUORUM,ONE,cassandra-3,True,False,4.034,2026-09-16T06:24:30.201449+00:00,
30d63777-602e-436c-89af-f006c04da6f6,monotonic_reads,network_partition,writer-1,write,mr-30d63777-602e-436c-89af-f006c04da6f6,2243,,,ONE,cassandra-1,True,False,3.451,2026-09-16T06:24:30.217727+00:00,
30d63777-602e-436c-89af-f006c04da6f6,monotonic_reads,network_partition,reader-1,read,mr-30d63777-602e-436c-89af-f006c04da6f6,,2242,QUORUM,ONE,cassandra-1,True,False,5.508,2026-09-16T06:24:30.219411+00:00,
30d63777-602e-436c-89af-f006c04da6f6,monotonic_reads,network_partition,reader-1,read,mr-30d63777-602e-436c-89af-f006c04da6f6,,2243,QUORUM,ONE,cassandra-2,True,False,5.757,2026-09-16T06:24:30.237666+00:00,
30d63777-602e-436c-89af-f006c04da6f6,monotonic_reads,network_partition,writer-1,write,mr-30d63777-602e-436c-89af-f006c04da6f6,2244,,,ONE,cassandra-1,True,False,3.757,2026-09-16T06:24:30.243530+00:00,
30d63777-602e-436c-89af-f006c04da6f6,monotonic_reads,network_partition,reader-1,read,mr-30d63777-602e-436c-89af-f006c04da6f6,,2244,QUORUM,ONE,cassandra-3,True,False,7.184,2026-09-16T06:24:30.257110+00:00,
30d63777-602e-436c-89af-f006c04da6f6,monotonic_reads,network_partition,writer-1,write,mr-30d63777-602e-436c-89af-f006c04da6f6,2245,,,ONE,cassandra-1,True,False,7.975,2026-09-16T06:24:30.275624+00:00,
30d63777-602e-436c-89af-f006c04da6f6,monotonic_reads,network_partition,reader-1,read,mr-30d63777-602e-436c-89af-f006c04da6f6,,2245,QUORUM,ONE,cassandra-1,True,False,16.952,2026-09-16T06:24:30.285765+00:00,
30d63777-602e-436c-89af-f006c04da6f6,monotonic_reads,network_partition,writer-1,write,mr-30d63777-602e-436c-89af-f006c04da6f6,2246,,,ONE,cassandra-1,True,False,3.47,2026-09-16T06:24:30.299866+00:00,
30d63777-602e-436c-89af-f006c04da6f6,monotonic_reads,network_partition,reader-1,read,mr-30d63777-602e-436c-89af-f006c04da6f6,,2246,QUORUM,ONE,cassandra-2,True,False,7.04,2026-09-16T06:24:30.304946+00:00,
30d63777-602e-436c-89af-f006c04da6f6,monotonic_reads,network_partition,reader-1,read,mr-30d63777-602e-436c-89af-f006c04da6f6,,2246,QUORUM,ONE,cassandra-3,True,False,5.036,2026-09-16T06:24:30.320960+00:00,
30d63777-602e-436c-89af-f006c04da6f6,monotonic_reads,network_partition,writer-1,write,mr-30d63777-602e-436c-89af-f006c04da6f6,2247,,,ONE,cassandra-1,True,False,7.021,2026-09-16T06:24:30.328983+00:00,
30d63777-602e-436c-89af-f006c04da6f6,monotonic_reads,network_partition,reader-1,read,mr-30d63777-602e-436c-89af-f006c04da6f6,,2247,QUORUM,ONE,cassandra-1,True,False,4.816,2026-09-16T06:24:30.338204+00:00,
30d63777-602e-436c-89af-f006c04da6f6,monotonic_reads,network_partition,writer-1,write,mr-30d63777-602e-436c-89af-f006c04da6f6,2248,,,ONE,cassandra-1,True,False,4.354,2026-09-16T06:24:30.354264+00:00,
30d63777-602e-436c-89af-f006c04da6f6,monotonic_reads,network_partition,reader-1,read,mr-30d63777-602e-436c-89af-f006c04da6f6,,2247,QUORUM,ONE,cassandra-2,True,False,5.119,2026-09-16T06:24:30.355575+00:00,
30d63777-602e-436c-89af-f006c04da6f6,monotonic_reads,network_partition,reader-1,read,mr-30d63777-602e-436c-89af-f006c04da6f6,,2248,QUORUM,ONE,cassandra-3,True,False,4.47,2026-09-16T06:24:30.371359+00:00,
30d63777-602e-436c-89af-f006c04da6f6,monotonic_reads,network_partition,writer-1,write,mr-30d63777-602e-436c-89af-f006c04da6f6,2249,,,ONE,cassandra-1,True,False,2.089,2026-09-16T06:24:30.380554+00:00,
30d63777-602e-436c-89af-f006c04da6f6,monotonic_reads,network_partition,reader-1,read,mr-30d63777-602e-436c-89af-f006c04da6f6,,2249,QUORUM,ONE,cassandra-1,True,False,5.104,2026-09-16T06:24:30.387531+00:00,
30d63777-602e-436c-89af-f006c04da6f6,monotonic_reads,network_partition,reader-1,read,mr-30d63777-602e-436c-89af-f006c04da6f6,,2249,QUORUM,ONE,cassandra-2,True,False,6.851,2026-09-16T06:24:30.406150+00:00,
30d63777-602e-436c-89af-f006c04da6f6,monotonic_reads,network_partition,writer-1,write,mr-30d63777-602e-436c-89af-f006c04da6f6,2250,,,ONE,cassandra-1,True,False,3.029,2026-09-16T06:24:30.407354+00:00,
30d63777-602e-436c-89af-f006c04da6f6,monotonic_reads,network_partition,reader-1,read,mr-30d63777-602e-436c-89af-f006c04da6f6,,2250,QUORUM,ONE,cassandra-3,True,False,5.215,2026-09-16T06:24:30.422525+00:00,
30d63777-602e-436c-89af-f006c04da6f6,monotonic_reads,network_partition,writer-1,write,mr-30d63777-602e-436c-89af-f006c04da6f6,2251,,,ONE,cassandra-1,True,False,2.34,2026-09-16T06:24:30.434289+00:00,
30d63777-602e-436c-89af-f006c04da6f6,monotonic_reads,network_partition,reader-1,read,mr-30d63777-602e-436c-89af-f006c04da6f6,,2251,QUORUM,ONE,cassandra-1,True,False,4.511,2026-09-16T06:24:30.439373+00:00,
30d63777-602e-436c-89af-f006c04da6f6,monotonic_reads,network_partition,reader-1,read,mr-30d63777-602e-436c-89af-f006c04da6f6,,2251,QUORUM,ONE,cassandra-2,True,False,5.076,2026-09-16T06:24:30.456571+00:00,
30d63777-602e-436c-89af-f006c04da6f6,monotonic_reads,network_partition,writer-1,write,mr-30d63777-602e-436c-89af-f006c04da6f6,2252,,,ONE,cassandra-1,True,False,2.948,2026-09-16T06:24:30.459638+00:00,
30d63777-602e-436c-89af-f006c04da6f6,monotonic_reads,network_partition,reader-1,read,mr-30d63777-602e-436c-89af-f006c04da6f6,,2252,QUORUM,ONE,cassandra-3,True,False,6.635,2026-09-16T06:24:30.475579+00:00,
30d63777-602e-436c-89af-f006c04da6f6,monotonic_reads,network_partition,writer-1,write,mr-30d63777-602e-436c-89af-f006c04da6f6,2253,,,ONE,cassandra-1,True,False,3.835,2026-09-16T06:24:30.487759+00:00,
30d63777-602e-436c-89af-f006c04da6f6,monotonic_reads,network_partition,reader-1,read,mr-30d63777-602e-436c-89af-f006c04da6f6,,2253,QUORUM,ONE,cassandra-1,True,False,16.053,2026-09-16T06:24:30.502190+00:00,
30d63777-602e-436c-89af-f006c04da6f6,monotonic_reads,network_partition,writer-1,write,mr-30d63777-602e-436c-89af-f006c04da6f6,2254,,,ONE,cassandra-1,True,False,3.666,2026-09-16T06:24:30.512585+00:00,
30d63777-602e-436c-89af-f006c04da6f6,monotonic_reads,network_partition,reader-1,read,mr-30d63777-602e-436c-89af-f006c04da6f6,,2254,QUORUM,ONE,cassandra-2,True,False,4.411,2026-09-16T06:24:30.517202+00:00,
30d63777-602e-436c-89af-f006c04da6f6,monotonic_reads,network_partition,reader-1,read,mr-30d63777-602e-436c-89af-f006c04da6f6,,2254,QUORUM,ONE,cassandra-3,True,False,5.862,2026-09-16T06:24:30.533796+00:00,
30d63777-602e-436c-89af-f006c04da6f6,monotonic_reads,network_partition,writer-1,write,mr-30d63777-602e-436c-89af-f006c04da6f6,2255,,,ONE,cassandra-1,True,False,1.902,2026-09-16T06:24:30.537809+00:00,
30d63777-602e-436c-89af-f006c04da6f6,monotonic_reads,network_partition,reader-1,read,mr-30d63777-602e-436c-89af-f006c04da6f6,,2255,QUORUM,ONE,cassandra-1,True,False,4.46,2026-09-16T06:24:30.549397+00:00,
30d63777-602e-436c-89af-f006c04da6f6,monotonic_reads,network_partition,reader-1,read,mr-30d63777-602e-436c-89af-f006c04da6f6,,2255,QUORUM,ONE,cassandra-2,True,False,3.621,2026-09-16T06:24:30.565115+00:00,
30d63777-602e-436c-89af-f006c04da6f6,monotonic_reads,network_partition,writer-1,write,mr-30d63777-602e-436c-89af-f006c04da6f6,2256,,,ONE,cassandra-1,True,False,4.6,2026-09-16T06:24:30.565377+00:00,
30d63777-602e-436c-89af-f006c04da6f6,monotonic_reads,network_partition,reader-1,read,mr-30d63777-602e-436c-89af-f006c04da6f6,,2256,QUORUM,ONE,cassandra-3,True,False,4.327,2026-09-16T06:24:30.581231+00:00,
30d63777-602e-436c-89af-f006c04da6f6,monotonic_reads,network_partition,writer-1,write,mr-30d63777-602e-436c-89af-f006c04da6f6,2257,,,ONE,cassandra-1,True,False,2.313,2026-09-16T06:24:30.589516+00:00,
30d63777-602e-436c-89af-f006c04da6f6,monotonic_reads,network_partition,reader-1,read,mr-30d63777-602e-436c-89af-f006c04da6f6,,2257,QUORUM,ONE,cassandra-1,True,False,4.358,2026-09-16T06:24:30.596091+00:00,
30d63777-602e-436c-89af-f006c04da6f6,monotonic_reads,network_partition,writer-1,write,mr-30d63777-602e-436c-89af-f006c04da6f6,2258,,,ONE,cassandra-1,True,False,5.907,2026-09-16T06:24:30.616364+00:00,
30d63777-602e-436c-89af-f006c04da6f6,monotonic_reads,network_partition,reader-1,read,mr-30d63777-602e-436c-89af-f006c04da6f6,,2258,QUORUM,ONE,cassandra-2,True,False,13.534,2026-09-16T06:24:30.620460+00:00,
30d63777-602e-436c-89af-f006c04da6f6,monotonic_reads,network_partition,reader-1,read,mr-30d63777-602e-436c-89af-f006c04da6f6,,2258,QUORUM,ONE,cassandra-3,True,False,5.477,2026-09-16T06:24:30.637771+00:00,
30d63777-602e-436c-89af-f006c04da6f6,monotonic_reads,network_partition,writer-1,write,mr-30d63777-602e-436c-89af-f006c04da6f6,2259,,,ONE,cassandra-1,True,False,2.447,2026-09-16T06:24:30.643340+00:00,
30d63777-602e-436c-89af-f006c04da6f6,monotonic_reads,network_partition,reader-1,read,mr-30d63777-602e-436c-89af-f006c04da6f6,,2259,QUORUM,ONE,cassandra-1,True,False,4.33,2026-09-16T06:24:30.653249+00:00,
30d63777-602e-436c-89af-f006c04da6f6,monotonic_reads,network_partition,reader-1,read,mr-30d63777-602e-436c-89af-f006c04da6f6,,2259,QUORUM,ONE,cassandra-2,True,False,5.0,2026-09-16T06:24:30.670340+00:00,
30d63777-602e-436c-89af-f006c04da6f6,monotonic_reads,network_partition,writer-1,write,mr-30d63777-602e-436c-89af-f006c04da6f6,2260,,,ONE,cassandra-1,True,False,2.937,2026-09-16T06:24:30.671222+00:00,
30d63777-602e-436c-89af-f006c04da6f6,monotonic_reads,network_partition,reader-1,read,mr-30d63777-602e-436c-89af-f006c04da6f6,,2260,QUORUM,ONE,cassandra-3,True,False,5.961,2026-09-16T06:24:30.686866+00:00,
30d63777-602e-436c-89af-f006c04da6f6,monotonic_reads,network_partition,writer-1,write,mr-30d63777-602e-436c-89af-f006c04da6f6,2261,,,ONE,cassandra-1,True,False,3.535,2026-09-16T06:24:30.697354+00:00,
30d63777-602e-436c-89af-f006c04da6f6,monotonic_reads,network_partition,reader-1,read,mr-30d63777-602e-436c-89af-f006c04da6f6,,2261,QUORUM,ONE,cassandra-1,True,False,4.649,2026-09-16T06:24:30.703576+00:00,
30d63777-602e-436c-89af-f006c04da6f6,monotonic_reads,network_partition,reader-1,read,mr-30d63777-602e-436c-89af-f006c04da6f6,,2261,QUORUM,ONE,cassandra-2,True,False,5.251,2026-09-16T06:24:30.720156+00:00,
30d63777-602e-436c-89af-f006c04da6f6,monotonic_reads,network_partition,writer-1,write,mr-30d63777-602e-436c-89af-f006c04da6f6,2262,,,ONE,cassandra-1,True,False,3.112,2026-09-16T06:24:30.724527+00:00,
30d63777-602e-436c-89af-f006c04da6f6,monotonic_reads,network_partition,reader-1,read,mr-30d63777-602e-436c-89af-f006c04da6f6,,2262,QUORUM,ONE,cassandra-3,True,False,4.339,2026-09-16T06:24:30.735255+00:00,
30d63777-602e-436c-89af-f006c04da6f6,monotonic_reads,network_partition,reader-1,read,mr-30d63777-602e-436c-89af-f006c04da6f6,,2262,QUORUM,ONE,cassandra-1,True,False,4.527,2026-09-16T06:24:30.751445+00:00,
30d63777-602e-436c-89af-f006c04da6f6,monotonic_reads,network_partition,writer-1,write,mr-30d63777-602e-436c-89af-f006c04da6f6,2263,,,ONE,cassandra-1,True,False,2.467,2026-09-16T06:24:30.751762+00:00,
30d63777-602e-436c-89af-f006c04da6f6,monotonic_reads,network_partition,reader-1,read,mr-30d63777-602e-436c-89af-f006c04da6f6,,2263,QUORUM,ONE,cassandra-2,True,False,5.847,2026-09-16T06:24:30.768753+00:00,
30d63777-602e-436c-89af-f006c04da6f6,monotonic_reads,network_partition,writer-1,write,mr-30d63777-602e-436c-89af-f006c04da6f6,2264,,,ONE,cassandra-1,True,False,3.999,2026-09-16T06:24:30.778919+00:00,
30d63777-602e-436c-89af-f006c04da6f6,monotonic_reads,network_partition,reader-1,read,mr-30d63777-602e-436c-89af-f006c04da6f6,,2264,QUORUM,ONE,cassandra-3,True,False,5.927,2026-09-16T06:24:30.786865+00:00,
30d63777-602e-436c-89af-f006c04da6f6,monotonic_reads,network_partition,reader-1,read,mr-30d63777-602e-436c-89af-f006c04da6f6,,2264,QUORUM,ONE,cassandra-1,True,False,5.855,2026-09-16T06:24:30.803786+00:00,
30d63777-602e-436c-89af-f006c04da6f6,monotonic_reads,network_partition,writer-1,write,mr-30d63777-602e-436c-89af-f006c04da6f6,2265,,,ONE,cassandra-1,True,False,3.458,2026-09-16T06:24:30.804186+00:00,
30d63777-602e-436c-89af-f006c04da6f6,monotonic_reads,network_partition,reader-1,read,mr-30d63777-602e-436c-89af-f006c04da6f6,,2265,QUORUM,ONE,cassandra-2,True,False,4.842,2026-09-16T06:24:30.819721+00:00,
30d63777-602e-436c-89af-f006c04da6f6,monotonic_reads,network_partition,writer-1,write,mr-30d63777-602e-436c-89af-f006c04da6f6,2266,,,ONE,cassandra-1,True,False,4.163,2026-09-16T06:24:30.832005+00:00,
30d63777-602e-436c-89af-f006c04da6f6,monotonic_reads,network_partition,reader-1,read,mr-30d63777-602e-436c-89af-f006c04da6f6,,2266,QUORUM,ONE,cassandra-3,True,False,4.864,2026-09-16T06:24:30.837276+00:00,
30d63777-602e-436c-89af-f006c04da6f6,monotonic_reads,network_partition,reader-1,read,mr-30d63777-602e-436c-89af-f006c04da6f6,,2266,QUORUM,ONE,cassandra-1,True,False,5.795,2026-09-16T06:24:30.853721+00:00,
30d63777-602e-436c-89af-f006c04da6f6,monotonic_reads,network_partition,writer-1,write,mr-30d63777-602e-436c-89af-f006c04da6f6,2267,,,ONE,cassandra-1,True,False,3.593,2026-09-16T06:24:30.856388+00:00,
30d63777-602e-436c-89af-f006c04da6f6,monotonic_reads,network_partition,reader-1,read,mr-30d63777-602e-436c-89af-f006c04da6f6,,2267,QUORUM,ONE,cassandra-2,True,False,5.099,2026-09-16T06:24:30.870006+00:00,
30d63777-602e-436c-89af-f006c04da6f6,monotonic_reads,network_partition,writer-1,write,mr-30d63777-602e-436c-89af-f006c04da6f6,2268,,,ONE,cassandra-1,True,False,2.84,2026-09-16T06:24:30.881697+00:00,
30d63777-602e-436c-89af-f006c04da6f6,monotonic_reads,network_partition,reader-1,read,mr-30d63777-602e-436c-89af-f006c04da6f6,,2268,QUORUM,ONE,cassandra-3,True,False,5.668,2026-09-16T06:24:30.886616+00:00,
30d63777-602e-436c-89af-f006c04da6f6,monotonic_reads,network_partition,reader-1,read,mr-30d63777-602e-436c-89af-f006c04da6f6,,2268,QUORUM,ONE,cassandra-1,True,False,4.468,2026-09-16T06:24:30.901374+00:00,
30d63777-602e-436c-89af-f006c04da6f6,monotonic_reads,network_partition,writer-1,write,mr-30d63777-602e-436c-89af-f006c04da6f6,2269,,,ONE,cassandra-1,True,False,3.838,2026-09-16T06:24:30.908736+00:00,
30d63777-602e-436c-89af-f006c04da6f6,monotonic_reads,network_partition,reader-1,read,mr-30d63777-602e-436c-89af-f006c04da6f6,,2269,QUORUM,ONE,cassandra-2,True,False,4.483,2026-09-16T06:24:30.916379+00:00,
30d63777-602e-436c-89af-f006c04da6f6,monotonic_reads,network_partition,reader-1,read,mr-30d63777-602e-436c-89af-f006c04da6f6,,2269,QUORUM,ONE,cassandra-3,True,False,4.925,2026-09-16T06:24:30.933322+00:00,
30d63777-602e-436c-89af-f006c04da6f6,monotonic_reads,network_partition,writer-1,write,mr-30d63777-602e-436c-89af-f006c04da6f6,2270,,,ONE,cassandra-1,True,False,2.648,2026-09-16T06:24:30.933570+00:00,
30d63777-602e-436c-89af-f006c04da6f6,monotonic_reads,network_partition,reader-1,read,mr-30d63777-602e-436c-89af-f006c04da6f6,,2270,QUORUM,ONE,cassandra-1,True,False,5.789,2026-09-16T06:24:30.949601+00:00,
30d63777-602e-436c-89af-f006c04da6f6,monotonic_reads,network_partition,writer-1,write,mr-30d63777-602e-436c-89af-f006c04da6f6,2271,,,ONE,cassandra-1,True,False,3.485,2026-09-16T06:24:30.957406+00:00,
30d63777-602e-436c-89af-f006c04da6f6,monotonic_reads,network_partition,reader-1,read,mr-30d63777-602e-436c-89af-f006c04da6f6,,2271,QUORUM,ONE,cassandra-2,True,False,4.359,2026-09-16T06:24:30.964271+00:00,
30d63777-602e-436c-89af-f006c04da6f6,monotonic_reads,network_partition,writer-1,write,mr-30d63777-602e-436c-89af-f006c04da6f6,2272,,,ONE,cassandra-1,True,False,2.311,2026-09-16T06:24:30.980265+00:00,
30d63777-602e-436c-89af-f006c04da6f6,monotonic_reads,network_partition,reader-1,read,mr-30d63777-602e-436c-89af-f006c04da6f6,,2271,QUORUM,ONE,cassandra-3,True,False,5.602,2026-09-16T06:24:30.982505+00:00,
30d63777-602e-436c-89af-f006c04da6f6,monotonic_reads,network_partition,reader-1,read,mr-30d63777-602e-436c-89af-f006c04da6f6,,2272,QUORUM,ONE,cassandra-1,True,False,6.951,2026-09-16T06:24:31.000751+00:00,
30d63777-602e-436c-89af-f006c04da6f6,monotonic_reads,network_partition,writer-1,write,mr-30d63777-602e-436c-89af-f006c04da6f6,2273,,,ONE,cassandra-1,True,False,2.915,2026-09-16T06:24:31.004820+00:00,
30d63777-602e-436c-89af-f006c04da6f6,monotonic_reads,network_partition,reader-1,read,mr-30d63777-602e-436c-89af-f006c04da6f6,,2273,QUORUM,ONE,cassandra-2,True,False,4.394,2026-09-16T06:24:31.017188+00:00,
30d63777-602e-436c-89af-f006c04da6f6,monotonic_reads,network_partition,writer-1,write,mr-30d63777-602e-436c-89af-f006c04da6f6,2274,,,ONE,cassandra-1,True,False,2.951,2026-09-16T06:24:31.032527+00:00,
30d63777-602e-436c-89af-f006c04da6f6,monotonic_reads,network_partition,reader-1,read,mr-30d63777-602e-436c-89af-f006c04da6f6,,2273,QUORUM,ONE,cassandra-3,True,False,5.344,2026-09-16T06:24:31.034170+00:00,
30d63777-602e-436c-89af-f006c04da6f6,monotonic_reads,network_partition,reader-1,read,mr-30d63777-602e-436c-89af-f006c04da6f6,,2274,QUORUM,ONE,cassandra-1,True,False,5.994,2026-09-16T06:24:31.050940+00:00,
30d63777-602e-436c-89af-f006c04da6f6,monotonic_reads,network_partition,writer-1,write,mr-30d63777-602e-436c-89af-f006c04da6f6,2275,,,ONE,cassandra-1,True,False,4.482,2026-09-16T06:24:31.062124+00:00,
30d63777-602e-436c-89af-f006c04da6f6,monotonic_reads,network_partition,reader-1,read,mr-30d63777-602e-436c-89af-f006c04da6f6,,2275,QUORUM,ONE,cassandra-2,True,False,5.041,2026-09-16T06:24:31.067269+00:00,
30d63777-602e-436c-89af-f006c04da6f6,monotonic_reads,network_partition,reader-1,read,mr-30d63777-602e-436c-89af-f006c04da6f6,,2275,QUORUM,ONE,cassandra-3,True,False,5.3,2026-09-16T06:24:31.084585+00:00,
30d63777-602e-436c-89af-f006c04da6f6,monotonic_reads,network_partition,writer-1,write,mr-30d63777-602e-436c-89af-f006c04da6f6,2276,,,ONE,cassandra-1,True,False,2.935,2026-09-16T06:24:31.085703+00:00,
30d63777-602e-436c-89af-f006c04da6f6,monotonic_reads,network_partition,reader-1,read,mr-30d63777-602e-436c-89af-f006c04da6f6,,2276,QUORUM,ONE,cassandra-1,True,False,6.708,2026-09-16T06:24:31.102637+00:00,
30d63777-602e-436c-89af-f006c04da6f6,monotonic_reads,network_partition,writer-1,write,mr-30d63777-602e-436c-89af-f006c04da6f6,2277,,,ONE,cassandra-1,True,False,4.5,2026-09-16T06:24:31.112997+00:00,
30d63777-602e-436c-89af-f006c04da6f6,monotonic_reads,network_partition,reader-1,read,mr-30d63777-602e-436c-89af-f006c04da6f6,,2277,QUORUM,ONE,cassandra-2,True,False,5.355,2026-09-16T06:24:31.120631+00:00,
30d63777-602e-436c-89af-f006c04da6f6,monotonic_reads,network_partition,reader-1,read,mr-30d63777-602e-436c-89af-f006c04da6f6,,2277,QUORUM,ONE,cassandra-3,True,False,5.964,2026-09-16T06:24:31.137984+00:00,
30d63777-602e-436c-89af-f006c04da6f6,monotonic_reads,network_partition,writer-1,write,mr-30d63777-602e-436c-89af-f006c04da6f6,2278,,,ONE,cassandra-1,True,False,2.899,2026-09-16T06:24:31.138775+00:00,
30d63777-602e-436c-89af-f006c04da6f6,monotonic_reads,network_partition,reader-1,read,mr-30d63777-602e-436c-89af-f006c04da6f6,,2278,QUORUM,ONE,cassandra-1,True,False,6.056,2026-09-16T06:24:31.156780+00:00,
30d63777-602e-436c-89af-f006c04da6f6,monotonic_reads,network_partition,writer-1,write,mr-30d63777-602e-436c-89af-f006c04da6f6,2279,,,ONE,cassandra-1,True,False,3.712,2026-09-16T06:24:31.165626+00:00,
30d63777-602e-436c-89af-f006c04da6f6,monotonic_reads,network_partition,reader-1,read,mr-30d63777-602e-436c-89af-f006c04da6f6,,2279,QUORUM,ONE,cassandra-2,True,False,4.561,2026-09-16T06:24:31.173476+00:00,
30d63777-602e-436c-89af-f006c04da6f6,monotonic_reads,network_partition,reader-1,read,mr-30d63777-602e-436c-89af-f006c04da6f6,,2279,QUORUM,ONE,cassandra-3,True,False,4.22,2026-09-16T06:24:31.189992+00:00,
30d63777-602e-436c-89af-f006c04da6f6,monotonic_reads,network_partition,writer-1,write,mr-30d63777-602e-436c-89af-f006c04da6f6,2280,,,ONE,cassandra-1,True,False,1.642,2026-09-16T06:24:31.190523+00:00,
30d63777-602e-436c-89af-f006c04da6f6,monotonic_reads,network_partition,reader-1,read,mr-30d63777-602e-436c-89af-f006c04da6f6,,2280,QUORUM,ONE,cassandra-1,True,False,4.994,2026-09-16T06:24:31.205144+00:00,
30d63777-602e-436c-89af-f006c04da6f6,monotonic_reads,network_partition,writer-1,write,mr-30d63777-602e-436c-89af-f006c04da6f6,2281,,,ONE,cassandra-1,True,False,2.065,2026-09-16T06:24:31.212964+00:00,
30d63777-602e-436c-89af-f006c04da6f6,monotonic_reads,network_partition,reader-1,read,mr-30d63777-602e-436c-89af-f006c04da6f6,,2281,QUORUM,ONE,cassandra-2,True,False,5.551,2026-09-16T06:24:31.223218+00:00,
30d63777-602e-436c-89af-f006c04da6f6,monotonic_reads,network_partition,reader-1,read,mr-30d63777-602e-436c-89af-f006c04da6f6,,2281,QUORUM,ONE,cassandra-3,True,False,4.468,2026-09-16T06:24:31.239419+00:00,
30d63777-602e-436c-89af-f006c04da6f6,monotonic_reads,network_partition,writer-1,write,mr-30d63777-602e-436c-89af-f006c04da6f6,2282,,,ONE,cassandra-1,True,False,2.26,2026-09-16T06:24:31.239993+00:00,
30d63777-602e-436c-89af-f006c04da6f6,monotonic_reads,network_partition,reader-1,read,mr-30d63777-602e-436c-89af-f006c04da6f6,,2282,QUORUM,ONE,cassandra-1,True,False,6.591,2026-09-16T06:24:31.258167+00:00,
30d63777-602e-436c-89af-f006c04da6f6,monotonic_reads,network_partition,writer-1,write,mr-30d63777-602e-436c-89af-f006c04da6f6,2283,,,ONE,cassandra-1,True,False,4.09,2026-09-16T06:24:31.266994+00:00,
30d63777-602e-436c-89af-f006c04da6f6,monotonic_reads,network_partition,reader-1,read,mr-30d63777-602e-436c-89af-f006c04da6f6,,2283,QUORUM,ONE,cassandra-2,True,False,4.255,2026-09-16T06:24:31.274742+00:00,
30d63777-602e-436c-89af-f006c04da6f6,monotonic_reads,network_partition,reader-1,read,mr-30d63777-602e-436c-89af-f006c04da6f6,,2283,QUORUM,ONE,cassandra-3,True,False,3.78,2026-09-16T06:24:31.288674+00:00,
30d63777-602e-436c-89af-f006c04da6f6,monotonic_reads,network_partition,writer-1,write,mr-30d63777-602e-436c-89af-f006c04da6f6,2284,,,ONE,cassandra-1,True,False,3.363,2026-09-16T06:24:31.292269+00:00,
30d63777-602e-436c-89af-f006c04da6f6,monotonic_reads,network_partition,reader-1,read,mr-30d63777-602e-436c-89af-f006c04da6f6,,2284,QUORUM,ONE,cassandra-1,True,False,5.242,2026-09-16T06:24:31.306151+00:00,
30d63777-602e-436c-89af-f006c04da6f6,monotonic_reads,network_partition,writer-1,write,mr-30d63777-602e-436c-89af-f006c04da6f6,2285,,,ONE,cassandra-1,True,False,2.676,2026-09-16T06:24:31.317437+00:00,
30d63777-602e-436c-89af-f006c04da6f6,monotonic_reads,network_partition,reader-1,read,mr-30d63777-602e-436c-89af-f006c04da6f6,,2285,QUORUM,ONE,cassandra-2,True,False,3.915,2026-09-16T06:24:31.321764+00:00,
30d63777-602e-436c-89af-f006c04da6f6,monotonic_reads,network_partition,reader-1,read,mr-30d63777-602e-436c-89af-f006c04da6f6,,2285,QUORUM,ONE,cassandra-3,True,False,5.194,2026-09-16T06:24:31.339626+00:00,
30d63777-602e-436c-89af-f006c04da6f6,monotonic_reads,network_partition,writer-1,write,mr-30d63777-602e-436c-89af-f006c04da6f6,2286,,,ONE,cassandra-1,True,False,2.416,2026-09-16T06:24:31.342821+00:00,
30d63777-602e-436c-89af-f006c04da6f6,monotonic_reads,network_partition,reader-1,read,mr-30d63777-602e-436c-89af-f006c04da6f6,,2286,QUORUM,ONE,cassandra-1,True,False,3.702,2026-09-16T06:24:31.353591+00:00,
30d63777-602e-436c-89af-f006c04da6f6,monotonic_reads,network_partition,reader-1,read,mr-30d63777-602e-436c-89af-f006c04da6f6,,2286,QUORUM,ONE,cassandra-2,True,False,4.541,2026-09-16T06:24:31.369379+00:00,
30d63777-602e-436c-89af-f006c04da6f6,monotonic_reads,network_partition,writer-1,write,mr-30d63777-602e-436c-89af-f006c04da6f6,2287,,,ONE,cassandra-1,True,False,2.563,2026-09-16T06:24:31.369709+00:00,
30d63777-602e-436c-89af-f006c04da6f6,monotonic_reads,network_partition,reader-1,read,mr-30d63777-602e-436c-89af-f006c04da6f6,,2287,QUORUM,ONE,cassandra-3,True,False,5.675,2026-09-16T06:24:31.385832+00:00,
30d63777-602e-436c-89af-f006c04da6f6,monotonic_reads,network_partition,writer-1,write,mr-30d63777-602e-436c-89af-f006c04da6f6,2288,,,ONE,cassandra-1,True,False,3.609,2026-09-16T06:24:31.393553+00:00,
30d63777-602e-436c-89af-f006c04da6f6,monotonic_reads,network_partition,reader-1,read,mr-30d63777-602e-436c-89af-f006c04da6f6,,2288,QUORUM,ONE,cassandra-1,True,False,4.813,2026-09-16T06:24:31.403063+00:00,
30d63777-602e-436c-89af-f006c04da6f6,monotonic_reads,network_partition,reader-1,read,mr-30d63777-602e-436c-89af-f006c04da6f6,,2288,QUORUM,ONE,cassandra-2,True,False,5.913,2026-09-16T06:24:31.421665+00:00,
30d63777-602e-436c-89af-f006c04da6f6,monotonic_reads,network_partition,writer-1,write,mr-30d63777-602e-436c-89af-f006c04da6f6,2289,,,ONE,cassandra-1,True,False,3.849,2026-09-16T06:24:31.422119+00:00,
30d63777-602e-436c-89af-f006c04da6f6,monotonic_reads,network_partition,reader-1,read,mr-30d63777-602e-436c-89af-f006c04da6f6,,2289,QUORUM,ONE,cassandra-3,True,False,6.057,2026-09-16T06:24:31.440511+00:00,
30d63777-602e-436c-89af-f006c04da6f6,monotonic_reads,network_partition,writer-1,write,mr-30d63777-602e-436c-89af-f006c04da6f6,2290,,,ONE,cassandra-1,True,False,2.124,2026-09-16T06:24:31.449028+00:00,
30d63777-602e-436c-89af-f006c04da6f6,monotonic_reads,network_partition,reader-1,read,mr-30d63777-602e-436c-89af-f006c04da6f6,,2290,QUORUM,ONE,cassandra-1,True,False,4.507,2026-09-16T06:24:31.456408+00:00,
30d63777-602e-436c-89af-f006c04da6f6,monotonic_reads,network_partition,reader-1,read,mr-30d63777-602e-436c-89af-f006c04da6f6,,2290,QUORUM,ONE,cassandra-2,True,False,6.228,2026-09-16T06:24:31.473805+00:00,
30d63777-602e-436c-89af-f006c04da6f6,monotonic_reads,network_partition,writer-1,write,mr-30d63777-602e-436c-89af-f006c04da6f6,2291,,,ONE,cassandra-1,True,False,3.787,2026-09-16T06:24:31.474174+00:00,
30d63777-602e-436c-89af-f006c04da6f6,monotonic_reads,network_partition,reader-1,read,mr-30d63777-602e-436c-89af-f006c04da6f6,,2291,QUORUM,ONE,cassandra-3,True,False,4.914,2026-09-16T06:24:31.489836+00:00,
30d63777-602e-436c-89af-f006c04da6f6,monotonic_reads,network_partition,writer-1,write,mr-30d63777-602e-436c-89af-f006c04da6f6,2292,,,ONE,cassandra-1,True,False,3.635,2026-09-16T06:24:31.502541+00:00,
30d63777-602e-436c-89af-f006c04da6f6,monotonic_reads,network_partition,reader-1,read,mr-30d63777-602e-436c-89af-f006c04da6f6,,2292,QUORUM,ONE,cassandra-1,True,False,3.167,2026-09-16T06:24:31.503714+00:00,
30d63777-602e-436c-89af-f006c04da6f6,monotonic_reads,network_partition,reader-1,read,mr-30d63777-602e-436c-89af-f006c04da6f6,,2292,QUORUM,ONE,cassandra-2,True,False,6.468,2026-09-16T06:24:31.522614+00:00,
30d63777-602e-436c-89af-f006c04da6f6,monotonic_reads,network_partition,writer-1,write,mr-30d63777-602e-436c-89af-f006c04da6f6,2293,,,ONE,cassandra-1,True,False,3.553,2026-09-16T06:24:31.527404+00:00,
30d63777-602e-436c-89af-f006c04da6f6,monotonic_reads,network_partition,reader-1,read,mr-30d63777-602e-436c-89af-f006c04da6f6,,2293,QUORUM,ONE,cassandra-3,True,False,4.189,2026-09-16T06:24:31.538090+00:00,
30d63777-602e-436c-89af-f006c04da6f6,monotonic_reads,network_partition,reader-1,read,mr-30d63777-602e-436c-89af-f006c04da6f6,,2293,QUORUM,ONE,cassandra-1,True,False,4.479,2026-09-16T06:24:31.554392+00:00,
30d63777-602e-436c-89af-f006c04da6f6,monotonic_reads,network_partition,writer-1,write,mr-30d63777-602e-436c-89af-f006c04da6f6,2294,,,ONE,cassandra-1,True,False,2.897,2026-09-16T06:24:31.554671+00:00,
30d63777-602e-436c-89af-f006c04da6f6,monotonic_reads,network_partition,reader-1,read,mr-30d63777-602e-436c-89af-f006c04da6f6,,2294,QUORUM,ONE,cassandra-2,True,False,5.401,2026-09-16T06:24:31.571322+00:00,
30d63777-602e-436c-89af-f006c04da6f6,monotonic_reads,network_partition,writer-1,write,mr-30d63777-602e-436c-89af-f006c04da6f6,2295,,,ONE,cassandra-1,True,False,3.527,2026-09-16T06:24:31.582445+00:00,
30d63777-602e-436c-89af-f006c04da6f6,monotonic_reads,network_partition,reader-1,read,mr-30d63777-602e-436c-89af-f006c04da6f6,,2295,QUORUM,ONE,cassandra-3,True,False,4.727,2026-09-16T06:24:31.587672+00:00,
30d63777-602e-436c-89af-f006c04da6f6,monotonic_reads,network_partition,reader-1,read,mr-30d63777-602e-436c-89af-f006c04da6f6,,2295,QUORUM,ONE,cassandra-1,True,False,5.185,2026-09-16T06:24:31.603432+00:00,
30d63777-602e-436c-89af-f006c04da6f6,monotonic_reads,network_partition,writer-1,write,mr-30d63777-602e-436c-89af-f006c04da6f6,2296,,,ONE,cassandra-1,True,False,2.552,2026-09-16T06:24:31.605295+00:00,
30d63777-602e-436c-89af-f006c04da6f6,monotonic_reads,network_partition,reader-1,read,mr-30d63777-602e-436c-89af-f006c04da6f6,,2296,QUORUM,ONE,cassandra-2,True,False,4.823,2026-09-16T06:24:31.618718+00:00,
30d63777-602e-436c-89af-f006c04da6f6,monotonic_reads,network_partition,writer-1,write,mr-30d63777-602e-436c-89af-f006c04da6f6,2297,,,ONE,cassandra-1,True,False,3.036,2026-09-16T06:24:31.632447+00:00,
30d63777-602e-436c-89af-f006c04da6f6,monotonic_reads,network_partition,reader-1,read,mr-30d63777-602e-436c-89af-f006c04da6f6,,2296,QUORUM,ONE,cassandra-3,True,False,4.026,2026-09-16T06:24:31.634138+00:00,
30d63777-602e-436c-89af-f006c04da6f6,monotonic_reads,network_partition,reader-1,read,mr-30d63777-602e-436c-89af-f006c04da6f6,,2297,QUORUM,ONE,cassandra-1,True,False,5.435,2026-09-16T06:24:31.650364+00:00,
30d63777-602e-436c-89af-f006c04da6f6,monotonic_reads,network_partition,writer-1,write,mr-30d63777-602e-436c-89af-f006c04da6f6,2298,,,ONE,cassandra-1,True,False,2.575,2026-09-16T06:24:31.658469+00:00,
30d63777-602e-436c-89af-f006c04da6f6,monotonic_reads,network_partition,reader-1,read,mr-30d63777-602e-436c-89af-f006c04da6f6,,2298,QUORUM,ONE,cassandra-2,True,False,5.103,2026-09-16T06:24:31.667523+00:00,
30d63777-602e-436c-89af-f006c04da6f6,monotonic_reads,network_partition,reader-1,read,mr-30d63777-602e-436c-89af-f006c04da6f6,,2298,QUORUM,ONE,cassandra-3,True,False,4.573,2026-09-16T06:24:31.683388+00:00,
30d63777-602e-436c-89af-f006c04da6f6,monotonic_reads,network_partition,writer-1,write,mr-30d63777-602e-436c-89af-f006c04da6f6,2299,,,ONE,cassandra-1,True,False,2.933,2026-09-16T06:24:31.683722+00:00,
30d63777-602e-436c-89af-f006c04da6f6,monotonic_reads,network_partition,reader-1,read,mr-30d63777-602e-436c-89af-f006c04da6f6,,2299,QUORUM,ONE,cassandra-1,True,False,6.241,2026-09-16T06:24:31.701172+00:00,
30d63777-602e-436c-89af-f006c04da6f6,monotonic_reads,network_partition,writer-1,write,mr-30d63777-602e-436c-89af-f006c04da6f6,2300,,,ONE,cassandra-1,True,False,2.495,2026-09-16T06:24:31.707392+00:00,
30d63777-602e-436c-89af-f006c04da6f6,monotonic_reads,network_partition,reader-1,read,mr-30d63777-602e-436c-89af-f006c04da6f6,,2300,QUORUM,ONE,cassandra-2,True,False,4.507,2026-09-16T06:24:31.717336+00:00,
30d63777-602e-436c-89af-f006c04da6f6,monotonic_reads,network_partition,reader-1,read,mr-30d63777-602e-436c-89af-f006c04da6f6,,2300,QUORUM,ONE,cassandra-3,True,False,4.8,2026-09-16T06:24:31.733669+00:00,
30d63777-602e-436c-89af-f006c04da6f6,monotonic_reads,network_partition,writer-1,write,mr-30d63777-602e-436c-89af-f006c04da6f6,2301,,,ONE,cassandra-1,True,False,2.478,2026-09-16T06:24:31.734424+00:00,
30d63777-602e-436c-89af-f006c04da6f6,monotonic_reads,network_partition,reader-1,read,mr-30d63777-602e-436c-89af-f006c04da6f6,,2301,QUORUM,ONE,cassandra-1,True,False,6.172,2026-09-16T06:24:31.750962+00:00,
30d63777-602e-436c-89af-f006c04da6f6,monotonic_reads,network_partition,writer-1,write,mr-30d63777-602e-436c-89af-f006c04da6f6,2302,,,ONE,cassandra-1,True,False,2.987,2026-09-16T06:24:31.761254+00:00,
30d63777-602e-436c-89af-f006c04da6f6,monotonic_reads,network_partition,reader-1,read,mr-30d63777-602e-436c-89af-f006c04da6f6,,2302,QUORUM,ONE,cassandra-2,True,False,4.427,2026-09-16T06:24:31.767332+00:00,
30d63777-602e-436c-89af-f006c04da6f6,monotonic_reads,network_partition,reader-1,read,mr-30d63777-602e-436c-89af-f006c04da6f6,,2302,QUORUM,ONE,cassandra-3,True,False,5.511,2026-09-16T06:24:31.783790+00:00,
30d63777-602e-436c-89af-f006c04da6f6,monotonic_reads,network_partition,writer-1,write,mr-30d63777-602e-436c-89af-f006c04da6f6,2303,,,ONE,cassandra-1,True,False,1.821,2026-09-16T06:24:31.786605+00:00,
30d63777-602e-436c-89af-f006c04da6f6,monotonic_reads,network_partition,reader-1,read,mr-30d63777-602e-436c-89af-f006c04da6f6,,2303,QUORUM,ONE,cassandra-1,True,False,4.508,2026-09-16T06:24:31.800411+00:00,
30d63777-602e-436c-89af-f006c04da6f6,monotonic_reads,network_partition,writer-1,write,mr-30d63777-602e-436c-89af-f006c04da6f6,2304,,,ONE,cassandra-1,True,False,3.63,2026-09-16T06:24:31.810543+00:00,
30d63777-602e-436c-89af-f006c04da6f6,monotonic_reads,network_partition,reader-1,read,mr-30d63777-602e-436c-89af-f006c04da6f6,,2304,QUORUM,ONE,cassandra-2,True,False,4.576,2026-09-16T06:24:31.815362+00:00,
30d63777-602e-436c-89af-f006c04da6f6,monotonic_reads,network_partition,reader-1,read,mr-30d63777-602e-436c-89af-f006c04da6f6,,2304,QUORUM,ONE,cassandra-3,True,False,5.134,2026-09-16T06:24:31.833149+00:00,
30d63777-602e-436c-89af-f006c04da6f6,monotonic_reads,network_partition,writer-1,write,mr-30d63777-602e-436c-89af-f006c04da6f6,2305,,,ONE,cassandra-1,True,False,1.847,2026-09-16T06:24:31.836752+00:00,
30d63777-602e-436c-89af-f006c04da6f6,monotonic_reads,network_partition,reader-1,read,mr-30d63777-602e-436c-89af-f006c04da6f6,,2305,QUORUM,ONE,cassandra-1,True,False,4.363,2026-09-16T06:24:31.848257+00:00,
30d63777-602e-436c-89af-f006c04da6f6,monotonic_reads,network_partition,writer-1,write,mr-30d63777-602e-436c-89af-f006c04da6f6,2306,,,ONE,cassandra-1,True,False,2.546,2026-09-16T06:24:31.863914+00:00,
30d63777-602e-436c-89af-f006c04da6f6,monotonic_reads,network_partition,reader-1,read,mr-30d63777-602e-436c-89af-f006c04da6f6,,2305,QUORUM,ONE,cassandra-2,True,False,5.887,2026-09-16T06:24:31.864554+00:00,
30d63777-602e-436c-89af-f006c04da6f6,monotonic_reads,network_partition,reader-1,read,mr-30d63777-602e-436c-89af-f006c04da6f6,,2306,QUORUM,ONE,cassandra-3,True,False,4.419,2026-09-16T06:24:31.881545+00:00,
30d63777-602e-436c-89af-f006c04da6f6,monotonic_reads,network_partition,writer-1,write,mr-30d63777-602e-436c-89af-f006c04da6f6,2307,,,ONE,cassandra-1,True,False,3.094,2026-09-16T06:24:31.890169+00:00,
30d63777-602e-436c-89af-f006c04da6f6,monotonic_reads,network_partition,reader-1,read,mr-30d63777-602e-436c-89af-f006c04da6f6,,2307,QUORUM,ONE,cassandra-1,True,False,5.433,2026-09-16T06:24:31.899208+00:00,
30d63777-602e-436c-89af-f006c04da6f6,monotonic_reads,network_partition,writer-1,write,mr-30d63777-602e-436c-89af-f006c04da6f6,2308,,,ONE,cassandra-1,True,False,2.402,2026-09-16T06:24:31.914166+00:00,
30d63777-602e-436c-89af-f006c04da6f6,monotonic_reads,network_partition,reader-1,read,mr-30d63777-602e-436c-89af-f006c04da6f6,,2307,QUORUM,ONE,cassandra-2,True,False,4.184,2026-09-16T06:24:31.915120+00:00,
30d63777-602e-436c-89af-f006c04da6f6,monotonic_reads,network_partition,reader-1,read,mr-30d63777-602e-436c-89af-f006c04da6f6,,2308,QUORUM,ONE,cassandra-3,True,False,5.666,2026-09-16T06:24:31.931584+00:00,
30d63777-602e-436c-89af-f006c04da6f6,monotonic_reads,network_partition,writer-1,write,mr-30d63777-602e-436c-89af-f006c04da6f6,2309,,,ONE,cassandra-1,True,False,1.76,2026-09-16T06:24:31.939654+00:00,
30d63777-602e-436c-89af-f006c04da6f6,monotonic_reads,network_partition,reader-1,read,mr-30d63777-602e-436c-89af-f006c04da6f6,,2309,QUORUM,ONE,cassandra-1,True,False,3.741,2026-09-16T06:24:31.946639+00:00,
30d63777-602e-436c-89af-f006c04da6f6,monotonic_reads,network_partition,reader-1,read,mr-30d63777-602e-436c-89af-f006c04da6f6,,2309,QUORUM,ONE,cassandra-2,True,False,4.517,2026-09-16T06:24:31.961425+00:00,
30d63777-602e-436c-89af-f006c04da6f6,monotonic_reads,network_partition,writer-1,write,mr-30d63777-602e-436c-89af-f006c04da6f6,2310,,,ONE,cassandra-1,True,False,2.902,2026-09-16T06:24:31.963165+00:00,
30d63777-602e-436c-89af-f006c04da6f6,monotonic_reads,network_partition,writer-1,write,mr-30d63777-602e-436c-89af-f006c04da6f6,2311,,,ONE,cassandra-1,True,False,2.412,2026-09-16T06:24:31.988321+00:00,
30d63777-602e-436c-89af-f006c04da6f6,monotonic_reads,network_partition,writer-1,write,mr-30d63777-602e-436c-89af-f006c04da6f6,2312,,,ONE,cassandra-1,True,False,3.045,2026-09-16T06:24:32.016350+00:00,
30d63777-602e-436c-89af-f006c04da6f6,monotonic_reads,network_partition,writer-1,write,mr-30d63777-602e-436c-89af-f006c04da6f6,2313,,,ONE,cassandra-1,True,False,3.386,2026-09-16T06:24:32.041842+00:00,
30d63777-602e-436c-89af-f006c04da6f6,monotonic_reads,network_partition,writer-1,write,mr-30d63777-602e-436c-89af-f006c04da6f6,2314,,,ONE,cassandra-1,True,False,3.387,2026-09-16T06:24:32.067305+00:00,
30d63777-602e-436c-89af-f006c04da6f6,monotonic_reads,network_partition,writer-1,write,mr-30d63777-602e-436c-89af-f006c04da6f6,2315,,,ONE,cassandra-1,True,False,3.562,2026-09-16T06:24:32.091869+00:00,
30d63777-602e-436c-89af-f006c04da6f6,monotonic_reads,network_partition,writer-1,write,mr-30d63777-602e-436c-89af-f006c04da6f6,2316,,,ONE,cassandra-1,True,False,3.451,2026-09-16T06:24:32.117769+00:00,
30d63777-602e-436c-89af-f006c04da6f6,monotonic_reads,network_partition,writer-1,write,mr-30d63777-602e-436c-89af-f006c04da6f6,2317,,,ONE,cassandra-1,True,False,3.395,2026-09-16T06:24:32.143685+00:00,
30d63777-602e-436c-89af-f006c04da6f6,monotonic_reads,network_partition,writer-1,write,mr-30d63777-602e-436c-89af-f006c04da6f6,2318,,,ONE,cassandra-1,True,False,2.544,2026-09-16T06:24:32.170845+00:00,
30d63777-602e-436c-89af-f006c04da6f6,monotonic_reads,network_partition,writer-1,write,mr-30d63777-602e-436c-89af-f006c04da6f6,2319,,,ONE,cassandra-1,True,False,3.223,2026-09-16T06:24:32.199056+00:00,
30d63777-602e-436c-89af-f006c04da6f6,monotonic_reads,network_partition,writer-1,write,mr-30d63777-602e-436c-89af-f006c04da6f6,2320,,,ONE,cassandra-1,True,False,3.485,2026-09-16T06:24:32.225415+00:00,
30d63777-602e-436c-89af-f006c04da6f6,monotonic_reads,network_partition,writer-1,write,mr-30d63777-602e-436c-89af-f006c04da6f6,2321,,,ONE,cassandra-1,True,False,3.03,2026-09-16T06:24:32.250364+00:00,
30d63777-602e-436c-89af-f006c04da6f6,monotonic_reads,network_partition,writer-1,write,mr-30d63777-602e-436c-89af-f006c04da6f6,2322,,,ONE,cassandra-1,True,False,2.086,2026-09-16T06:24:32.272994+00:00,
30d63777-602e-436c-89af-f006c04da6f6,monotonic_reads,network_partition,writer-1,write,mr-30d63777-602e-436c-89af-f006c04da6f6,2323,,,ONE,cassandra-1,True,False,3.184,2026-09-16T06:24:32.301088+00:00,
30d63777-602e-436c-89af-f006c04da6f6,monotonic_reads,network_partition,writer-1,write,mr-30d63777-602e-436c-89af-f006c04da6f6,2324,,,ONE,cassandra-1,True,False,1.645,2026-09-16T06:24:32.324629+00:00,
30d63777-602e-436c-89af-f006c04da6f6,monotonic_reads,network_partition,writer-1,write,mr-30d63777-602e-436c-89af-f006c04da6f6,2325,,,ONE,cassandra-1,True,False,3.429,2026-09-16T06:24:32.353181+00:00,
30d63777-602e-436c-89af-f006c04da6f6,monotonic_reads,network_partition,writer-1,write,mr-30d63777-602e-436c-89af-f006c04da6f6,2326,,,ONE,cassandra-1,True,False,3.609,2026-09-16T06:24:32.378555+00:00,
30d63777-602e-436c-89af-f006c04da6f6,monotonic_reads,network_partition,writer-1,write,mr-30d63777-602e-436c-89af-f006c04da6f6,2327,,,ONE,cassandra-1,True,False,4.232,2026-09-16T06:24:32.407676+00:00,
30d63777-602e-436c-89af-f006c04da6f6,monotonic_reads,network_partition,writer-1,write,mr-30d63777-602e-436c-89af-f006c04da6f6,2328,,,ONE,cassandra-1,True,False,3.362,2026-09-16T06:24:32.432809+00:00,
30d63777-602e-436c-89af-f006c04da6f6,monotonic_reads,network_partition,writer-1,write,mr-30d63777-602e-436c-89af-f006c04da6f6,2329,,,ONE,cassandra-1,True,False,3.429,2026-09-16T06:24:32.458750+00:00,
30d63777-602e-436c-89af-f006c04da6f6,monotonic_reads,network_partition,writer-1,write,mr-30d63777-602e-436c-89af-f006c04da6f6,2330,,,ONE,cassandra-1,True,False,3.551,2026-09-16T06:24:32.484535+00:00,
30d63777-602e-436c-89af-f006c04da6f6,monotonic_reads,network_partition,writer-1,write,mr-30d63777-602e-436c-89af-f006c04da6f6,2331,,,ONE,cassandra-1,True,False,3.859,2026-09-16T06:24:32.508792+00:00,
30d63777-602e-436c-89af-f006c04da6f6,monotonic_reads,network_partition,writer-1,write,mr-30d63777-602e-436c-89af-f006c04da6f6,2332,,,ONE,cassandra-1,True,False,2.944,2026-09-16T06:24:32.537003+00:00,
30d63777-602e-436c-89af-f006c04da6f6,monotonic_reads,network_partition,writer-1,write,mr-30d63777-602e-436c-89af-f006c04da6f6,2333,,,ONE,cassandra-1,True,False,3.324,2026-09-16T06:24:32.563780+00:00,
30d63777-602e-436c-89af-f006c04da6f6,monotonic_reads,network_partition,writer-1,write,mr-30d63777-602e-436c-89af-f006c04da6f6,2334,,,ONE,cassandra-1,True,False,3.445,2026-09-16T06:24:32.591927+00:00,
30d63777-602e-436c-89af-f006c04da6f6,monotonic_reads,network_partition,writer-1,write,mr-30d63777-602e-436c-89af-f006c04da6f6,2335,,,ONE,cassandra-1,True,False,3.05,2026-09-16T06:24:32.619867+00:00,
30d63777-602e-436c-89af-f006c04da6f6,monotonic_reads,network_partition,writer-1,write,mr-30d63777-602e-436c-89af-f006c04da6f6,2336,,,ONE,cassandra-1,True,False,3.388,2026-09-16T06:24:32.645355+00:00,
30d63777-602e-436c-89af-f006c04da6f6,monotonic_reads,network_partition,writer-1,write,mr-30d63777-602e-436c-89af-f006c04da6f6,2337,,,ONE,cassandra-1,True,False,3.875,2026-09-16T06:24:32.672821+00:00,
30d63777-602e-436c-89af-f006c04da6f6,monotonic_reads,network_partition,writer-1,write,mr-30d63777-602e-436c-89af-f006c04da6f6,2338,,,ONE,cassandra-1,True,False,3.025,2026-09-16T06:24:32.697050+00:00,
30d63777-602e-436c-89af-f006c04da6f6,monotonic_reads,network_partition,writer-1,write,mr-30d63777-602e-436c-89af-f006c04da6f6,2339,,,ONE,cassandra-1,True,False,3.435,2026-09-16T06:24:32.725270+00:00,
30d63777-602e-436c-89af-f006c04da6f6,monotonic_reads,network_partition,writer-1,write,mr-30d63777-602e-436c-89af-f006c04da6f6,2340,,,ONE,cassandra-1,True,False,3.554,2026-09-16T06:24:32.749739+00:00,
30d63777-602e-436c-89af-f006c04da6f6,monotonic_reads,network_partition,writer-1,write,mr-30d63777-602e-436c-89af-f006c04da6f6,2341,,,ONE,cassandra-1,True,False,3.499,2026-09-16T06:24:32.775429+00:00,
30d63777-602e-436c-89af-f006c04da6f6,monotonic_reads,network_partition,writer-1,write,mr-30d63777-602e-436c-89af-f006c04da6f6,2342,,,ONE,cassandra-1,True,False,3.359,2026-09-16T06:24:32.803427+00:00,
30d63777-602e-436c-89af-f006c04da6f6,monotonic_reads,network_partition,writer-1,write,mr-30d63777-602e-436c-89af-f006c04da6f6,2343,,,ONE,cassandra-1,True,False,3.709,2026-09-16T06:24:32.831691+00:00,
30d63777-602e-436c-89af-f006c04da6f6,monotonic_reads,network_partition,writer-1,write,mr-30d63777-602e-436c-89af-f006c04da6f6,2344,,,ONE,cassandra-1,True,False,3.608,2026-09-16T06:24:32.859957+00:00,
30d63777-602e-436c-89af-f006c04da6f6,monotonic_reads,network_partition,writer-1,write,mr-30d63777-602e-436c-89af-f006c04da6f6,2345,,,ONE,cassandra-1,True,False,4.0,2026-09-16T06:24:32.884868+00:00,
30d63777-602e-436c-89af-f006c04da6f6,monotonic_reads,network_partition,writer-1,write,mr-30d63777-602e-436c-89af-f006c04da6f6,2346,,,ONE,cassandra-1,True,False,3.395,2026-09-16T06:24:32.909599+00:00,
30d63777-602e-436c-89af-f006c04da6f6,monotonic_reads,network_partition,writer-1,write,mr-30d63777-602e-436c-89af-f006c04da6f6,2347,,,ONE,cassandra-1,True,False,3.766,2026-09-16T06:24:32.933808+00:00,
30d63777-602e-436c-89af-f006c04da6f6,monotonic_reads,network_partition,writer-1,write,mr-30d63777-602e-436c-89af-f006c04da6f6,2348,,,ONE,cassandra-1,True,False,3.443,2026-09-16T06:24:32.959376+00:00,
30d63777-602e-436c-89af-f006c04da6f6,monotonic_reads,network_partition,writer-1,write,mr-30d63777-602e-436c-89af-f006c04da6f6,2349,,,ONE,cassandra-1,True,False,3.325,2026-09-16T06:24:32.985905+00:00,
30d63777-602e-436c-89af-f006c04da6f6,monotonic_reads,network_partition,writer-1,write,mr-30d63777-602e-436c-89af-f006c04da6f6,2350,,,ONE,cassandra-1,True,False,3.003,2026-09-16T06:24:33.013179+00:00,
30d63777-602e-436c-89af-f006c04da6f6,monotonic_reads,network_partition,writer-1,write,mr-30d63777-602e-436c-89af-f006c04da6f6,2351,,,ONE,cassandra-1,True,False,3.705,2026-09-16T06:24:33.039049+00:00,
30d63777-602e-436c-89af-f006c04da6f6,monotonic_reads,network_partition,writer-1,write,mr-30d63777-602e-436c-89af-f006c04da6f6,2352,,,ONE,cassandra-1,True,False,3.686,2026-09-16T06:24:33.067941+00:00,
30d63777-602e-436c-89af-f006c04da6f6,monotonic_reads,network_partition,writer-1,write,mr-30d63777-602e-436c-89af-f006c04da6f6,2353,,,ONE,cassandra-1,True,False,3.098,2026-09-16T06:24:33.096325+00:00,
30d63777-602e-436c-89af-f006c04da6f6,monotonic_reads,network_partition,writer-1,write,mr-30d63777-602e-436c-89af-f006c04da6f6,2354,,,ONE,cassandra-1,True,False,3.548,2026-09-16T06:24:33.123854+00:00,
30d63777-602e-436c-89af-f006c04da6f6,monotonic_reads,network_partition,writer-1,write,mr-30d63777-602e-436c-89af-f006c04da6f6,2355,,,ONE,cassandra-1,True,False,3.699,2026-09-16T06:24:33.148657+00:00,
30d63777-602e-436c-89af-f006c04da6f6,monotonic_reads,network_partition,writer-1,write,mr-30d63777-602e-436c-89af-f006c04da6f6,2356,,,ONE,cassandra-1,True,False,3.178,2026-09-16T06:24:33.177033+00:00,
30d63777-602e-436c-89af-f006c04da6f6,monotonic_reads,network_partition,writer-1,write,mr-30d63777-602e-436c-89af-f006c04da6f6,2357,,,ONE,cassandra-1,True,False,3.394,2026-09-16T06:24:33.201860+00:00,
30d63777-602e-436c-89af-f006c04da6f6,monotonic_reads,network_partition,writer-1,write,mr-30d63777-602e-436c-89af-f006c04da6f6,2358,,,ONE,cassandra-1,True,False,3.206,2026-09-16T06:24:33.227120+00:00,
30d63777-602e-436c-89af-f006c04da6f6,monotonic_reads,network_partition,writer-1,write,mr-30d63777-602e-436c-89af-f006c04da6f6,2359,,,ONE,cassandra-1,True,False,2.955,2026-09-16T06:24:33.250705+00:00,
30d63777-602e-436c-89af-f006c04da6f6,monotonic_reads,network_partition,writer-1,write,mr-30d63777-602e-436c-89af-f006c04da6f6,2360,,,ONE,cassandra-1,True,False,3.435,2026-09-16T06:24:33.275380+00:00,
30d63777-602e-436c-89af-f006c04da6f6,monotonic_reads,network_partition,writer-1,write,mr-30d63777-602e-436c-89af-f006c04da6f6,2361,,,ONE,cassandra-1,True,False,3.481,2026-09-16T06:24:33.301742+00:00,
30d63777-602e-436c-89af-f006c04da6f6,monotonic_reads,network_partition,writer-1,write,mr-30d63777-602e-436c-89af-f006c04da6f6,2362,,,ONE,cassandra-1,True,False,3.551,2026-09-16T06:24:33.326482+00:00,
30d63777-602e-436c-89af-f006c04da6f6,monotonic_reads,network_partition,writer-1,write,mr-30d63777-602e-436c-89af-f006c04da6f6,2363,,,ONE,cassandra-1,True,False,3.219,2026-09-16T06:24:33.353202+00:00,
30d63777-602e-436c-89af-f006c04da6f6,monotonic_reads,network_partition,writer-1,write,mr-30d63777-602e-436c-89af-f006c04da6f6,2364,,,ONE,cassandra-1,True,False,3.016,2026-09-16T06:24:33.381278+00:00,
30d63777-602e-436c-89af-f006c04da6f6,monotonic_reads,network_partition,writer-1,write,mr-30d63777-602e-436c-89af-f006c04da6f6,2365,,,ONE,cassandra-1,True,False,1.667,2026-09-16T06:24:33.407924+00:00,
30d63777-602e-436c-89af-f006c04da6f6,monotonic_reads,network_partition,writer-1,write,mr-30d63777-602e-436c-89af-f006c04da6f6,2366,,,ONE,cassandra-1,True,False,4.156,2026-09-16T06:24:33.435036+00:00,
30d63777-602e-436c-89af-f006c04da6f6,monotonic_reads,network_partition,writer-1,write,mr-30d63777-602e-436c-89af-f006c04da6f6,2367,,,ONE,cassandra-1,True,False,2.937,2026-09-16T06:24:33.462128+00:00,
30d63777-602e-436c-89af-f006c04da6f6,monotonic_reads,network_partition,writer-1,write,mr-30d63777-602e-436c-89af-f006c04da6f6,2368,,,ONE,cassandra-1,True,False,4.172,2026-09-16T06:24:33.491019+00:00,
30d63777-602e-436c-89af-f006c04da6f6,monotonic_reads,network_partition,writer-1,write,mr-30d63777-602e-436c-89af-f006c04da6f6,2369,,,ONE,cassandra-1,True,False,3.963,2026-09-16T06:24:33.516811+00:00,
30d63777-602e-436c-89af-f006c04da6f6,monotonic_reads,network_partition,writer-1,write,mr-30d63777-602e-436c-89af-f006c04da6f6,2370,,,ONE,cassandra-1,True,False,3.582,2026-09-16T06:24:33.541745+00:00,
30d63777-602e-436c-89af-f006c04da6f6,monotonic_reads,network_partition,writer-1,write,mr-30d63777-602e-436c-89af-f006c04da6f6,2371,,,ONE,cassandra-1,True,False,3.217,2026-09-16T06:24:33.568735+00:00,
30d63777-602e-436c-89af-f006c04da6f6,monotonic_reads,network_partition,writer-1,write,mr-30d63777-602e-436c-89af-f006c04da6f6,2372,,,ONE,cassandra-1,True,False,2.357,2026-09-16T06:24:33.596151+00:00,
30d63777-602e-436c-89af-f006c04da6f6,monotonic_reads,network_partition,writer-1,write,mr-30d63777-602e-436c-89af-f006c04da6f6,2373,,,ONE,cassandra-1,True,False,3.26,2026-09-16T06:24:33.623183+00:00,
30d63777-602e-436c-89af-f006c04da6f6,monotonic_reads,network_partition,writer-1,write,mr-30d63777-602e-436c-89af-f006c04da6f6,2374,,,ONE,cassandra-1,True,False,3.976,2026-09-16T06:24:33.650697+00:00,
30d63777-602e-436c-89af-f006c04da6f6,monotonic_reads,network_partition,writer-1,write,mr-30d63777-602e-436c-89af-f006c04da6f6,2375,,,ONE,cassandra-1,True,False,3.342,2026-09-16T06:24:33.679317+00:00,
30d63777-602e-436c-89af-f006c04da6f6,monotonic_reads,network_partition,writer-1,write,mr-30d63777-602e-436c-89af-f006c04da6f6,2376,,,ONE,cassandra-1,True,False,2.966,2026-09-16T06:24:33.703126+00:00,
30d63777-602e-436c-89af-f006c04da6f6,monotonic_reads,network_partition,writer-1,write,mr-30d63777-602e-436c-89af-f006c04da6f6,2377,,,ONE,cassandra-1,True,False,3.326,2026-09-16T06:24:33.729511+00:00,
30d63777-602e-436c-89af-f006c04da6f6,monotonic_reads,network_partition,writer-1,write,mr-30d63777-602e-436c-89af-f006c04da6f6,2378,,,ONE,cassandra-1,True,False,3.48,2026-09-16T06:24:33.756770+00:00,
30d63777-602e-436c-89af-f006c04da6f6,monotonic_reads,network_partition,writer-1,write,mr-30d63777-602e-436c-89af-f006c04da6f6,2379,,,ONE,cassandra-1,True,False,3.154,2026-09-16T06:24:33.780580+00:00,
30d63777-602e-436c-89af-f006c04da6f6,monotonic_reads,network_partition,writer-1,write,mr-30d63777-602e-436c-89af-f006c04da6f6,2380,,,ONE,cassandra-1,True,False,3.238,2026-09-16T06:24:33.807108+00:00,
30d63777-602e-436c-89af-f006c04da6f6,monotonic_reads,network_partition,writer-1,write,mr-30d63777-602e-436c-89af-f006c04da6f6,2381,,,ONE,cassandra-1,True,False,3.853,2026-09-16T06:24:33.832781+00:00,
30d63777-602e-436c-89af-f006c04da6f6,monotonic_reads,network_partition,writer-1,write,mr-30d63777-602e-436c-89af-f006c04da6f6,2382,,,ONE,cassandra-1,True,False,2.237,2026-09-16T06:24:33.856149+00:00,
30d63777-602e-436c-89af-f006c04da6f6,monotonic_reads,network_partition,writer-1,write,mr-30d63777-602e-436c-89af-f006c04da6f6,2383,,,ONE,cassandra-1,True,False,3.656,2026-09-16T06:24:33.884653+00:00,
30d63777-602e-436c-89af-f006c04da6f6,monotonic_reads,network_partition,writer-1,write,mr-30d63777-602e-436c-89af-f006c04da6f6,2384,,,ONE,cassandra-1,True,False,3.41,2026-09-16T06:24:33.913278+00:00,
30d63777-602e-436c-89af-f006c04da6f6,monotonic_reads,network_partition,writer-1,write,mr-30d63777-602e-436c-89af-f006c04da6f6,2385,,,ONE,cassandra-1,True,False,4.4,2026-09-16T06:24:33.939334+00:00,
30d63777-602e-436c-89af-f006c04da6f6,monotonic_reads,network_partition,writer-1,write,mr-30d63777-602e-436c-89af-f006c04da6f6,2386,,,ONE,cassandra-1,True,False,3.493,2026-09-16T06:24:33.966424+00:00,
30d63777-602e-436c-89af-f006c04da6f6,monotonic_reads,network_partition,writer-1,write,mr-30d63777-602e-436c-89af-f006c04da6f6,2387,,,ONE,cassandra-1,True,False,3.666,2026-09-16T06:24:33.995046+00:00,
30d63777-602e-436c-89af-f006c04da6f6,monotonic_reads,network_partition,writer-1,write,mr-30d63777-602e-436c-89af-f006c04da6f6,2388,,,ONE,cassandra-1,True,False,3.729,2026-09-16T06:24:34.021990+00:00,
30d63777-602e-436c-89af-f006c04da6f6,monotonic_reads,network_partition,writer-1,write,mr-30d63777-602e-436c-89af-f006c04da6f6,2389,,,ONE,cassandra-1,True,False,3.423,2026-09-16T06:24:34.049598+00:00,
30d63777-602e-436c-89af-f006c04da6f6,monotonic_reads,network_partition,writer-1,write,mr-30d63777-602e-436c-89af-f006c04da6f6,2390,,,ONE,cassandra-1,True,False,3.883,2026-09-16T06:24:34.074954+00:00,
30d63777-602e-436c-89af-f006c04da6f6,monotonic_reads,network_partition,writer-1,write,mr-30d63777-602e-436c-89af-f006c04da6f6,2391,,,ONE,cassandra-1,True,False,4.299,2026-09-16T06:24:34.100215+00:00,
30d63777-602e-436c-89af-f006c04da6f6,monotonic_reads,network_partition,writer-1,write,mr-30d63777-602e-436c-89af-f006c04da6f6,2392,,,ONE,cassandra-1,True,False,3.342,2026-09-16T06:24:34.127235+00:00,
30d63777-602e-436c-89af-f006c04da6f6,monotonic_reads,network_partition,writer-1,write,mr-30d63777-602e-436c-89af-f006c04da6f6,2393,,,ONE,cassandra-1,True,False,3.91,2026-09-16T06:24:34.156337+00:00,
30d63777-602e-436c-89af-f006c04da6f6,monotonic_reads,network_partition,writer-1,write,mr-30d63777-602e-436c-89af-f006c04da6f6,2394,,,ONE,cassandra-1,True,False,4.408,2026-09-16T06:24:34.182236+00:00,
30d63777-602e-436c-89af-f006c04da6f6,monotonic_reads,network_partition,writer-1,write,mr-30d63777-602e-436c-89af-f006c04da6f6,2395,,,ONE,cassandra-1,True,False,2.822,2026-09-16T06:24:34.206642+00:00,
30d63777-602e-436c-89af-f006c04da6f6,monotonic_reads,network_partition,writer-1,write,mr-30d63777-602e-436c-89af-f006c04da6f6,2396,,,ONE,cassandra-1,True,False,3.786,2026-09-16T06:24:34.235290+00:00,
30d63777-602e-436c-89af-f006c04da6f6,monotonic_reads,network_partition,writer-1,write,mr-30d63777-602e-436c-89af-f006c04da6f6,2397,,,ONE,cassandra-1,True,False,3.57,2026-09-16T06:24:34.263783+00:00,
30d63777-602e-436c-89af-f006c04da6f6,monotonic_reads,network_partition,writer-1,write,mr-30d63777-602e-436c-89af-f006c04da6f6,2398,,,ONE,cassandra-1,True,False,3.43,2026-09-16T06:24:34.290406+00:00,
30d63777-602e-436c-89af-f006c04da6f6,monotonic_reads,network_partition,writer-1,write,mr-30d63777-602e-436c-89af-f006c04da6f6,2399,,,ONE,cassandra-1,True,False,3.239,2026-09-16T06:24:34.318105+00:00,
30d63777-602e-436c-89af-f006c04da6f6,monotonic_reads,network_partition,writer-1,write,mr-30d63777-602e-436c-89af-f006c04da6f6,2400,,,ONE,cassandra-1,True,False,3.155,2026-09-16T06:24:34.346446+00:00,
30d63777-602e-436c-89af-f006c04da6f6,monotonic_reads,network_partition,writer-1,write,mr-30d63777-602e-436c-89af-f006c04da6f6,2401,,,ONE,cassandra-1,True,False,3.393,2026-09-16T06:24:34.374341+00:00,
30d63777-602e-436c-89af-f006c04da6f6,monotonic_reads,network_partition,writer-1,write,mr-30d63777-602e-436c-89af-f006c04da6f6,2402,,,ONE,cassandra-1,True,False,2.94,2026-09-16T06:24:34.402254+00:00,
30d63777-602e-436c-89af-f006c04da6f6,monotonic_reads,network_partition,writer-1,write,mr-30d63777-602e-436c-89af-f006c04da6f6,2403,,,ONE,cassandra-1,True,False,2.978,2026-09-16T06:24:34.428842+00:00,
30d63777-602e-436c-89af-f006c04da6f6,monotonic_reads,network_partition,writer-1,write,mr-30d63777-602e-436c-89af-f006c04da6f6,2404,,,ONE,cassandra-1,True,False,2.879,2026-09-16T06:24:34.453655+00:00,
30d63777-602e-436c-89af-f006c04da6f6,monotonic_reads,network_partition,writer-1,write,mr-30d63777-602e-436c-89af-f006c04da6f6,2405,,,ONE,cassandra-1,True,False,3.33,2026-09-16T06:24:34.481596+00:00,
30d63777-602e-436c-89af-f006c04da6f6,monotonic_reads,network_partition,writer-1,write,mr-30d63777-602e-436c-89af-f006c04da6f6,2406,,,ONE,cassandra-1,True,False,3.921,2026-09-16T06:24:34.506845+00:00,
30d63777-602e-436c-89af-f006c04da6f6,monotonic_reads,network_partition,writer-1,write,mr-30d63777-602e-436c-89af-f006c04da6f6,2407,,,ONE,cassandra-1,True,False,3.327,2026-09-16T06:24:34.532008+00:00,
30d63777-602e-436c-89af-f006c04da6f6,monotonic_reads,network_partition,writer-1,write,mr-30d63777-602e-436c-89af-f006c04da6f6,2408,,,ONE,cassandra-1,True,False,3.092,2026-09-16T06:24:34.560012+00:00,
30d63777-602e-436c-89af-f006c04da6f6,monotonic_reads,network_partition,writer-1,write,mr-30d63777-602e-436c-89af-f006c04da6f6,2409,,,ONE,cassandra-1,True,False,3.156,2026-09-16T06:24:34.586966+00:00,
30d63777-602e-436c-89af-f006c04da6f6,monotonic_reads,network_partition,writer-1,write,mr-30d63777-602e-436c-89af-f006c04da6f6,2410,,,ONE,cassandra-1,True,False,3.271,2026-09-16T06:24:34.612729+00:00,
30d63777-602e-436c-89af-f006c04da6f6,monotonic_reads,network_partition,writer-1,write,mr-30d63777-602e-436c-89af-f006c04da6f6,2411,,,ONE,cassandra-1,True,False,3.288,2026-09-16T06:24:34.640460+00:00,
30d63777-602e-436c-89af-f006c04da6f6,monotonic_reads,network_partition,writer-1,write,mr-30d63777-602e-436c-89af-f006c04da6f6,2412,,,ONE,cassandra-1,True,False,4.468,2026-09-16T06:24:34.667941+00:00,
30d63777-602e-436c-89af-f006c04da6f6,monotonic_reads,network_partition,writer-1,write,mr-30d63777-602e-436c-89af-f006c04da6f6,2413,,,ONE,cassandra-1,True,False,3.293,2026-09-16T06:24:34.696013+00:00,
30d63777-602e-436c-89af-f006c04da6f6,monotonic_reads,network_partition,writer-1,write,mr-30d63777-602e-436c-89af-f006c04da6f6,2414,,,ONE,cassandra-1,True,False,3.97,2026-09-16T06:24:34.722941+00:00,
30d63777-602e-436c-89af-f006c04da6f6,monotonic_reads,network_partition,writer-1,write,mr-30d63777-602e-436c-89af-f006c04da6f6,2415,,,ONE,cassandra-1,True,False,4.829,2026-09-16T06:24:34.752680+00:00,
30d63777-602e-436c-89af-f006c04da6f6,monotonic_reads,network_partition,writer-1,write,mr-30d63777-602e-436c-89af-f006c04da6f6,2416,,,ONE,cassandra-1,True,False,3.216,2026-09-16T06:24:34.781145+00:00,
30d63777-602e-436c-89af-f006c04da6f6,monotonic_reads,network_partition,writer-1,write,mr-30d63777-602e-436c-89af-f006c04da6f6,2417,,,ONE,cassandra-1,True,False,3.188,2026-09-16T06:24:34.806163+00:00,
30d63777-602e-436c-89af-f006c04da6f6,monotonic_reads,network_partition,writer-1,write,mr-30d63777-602e-436c-89af-f006c04da6f6,2418,,,ONE,cassandra-1,True,False,3.216,2026-09-16T06:24:34.832135+00:00,
30d63777-602e-436c-89af-f006c04da6f6,monotonic_reads,network_partition,writer-1,write,mr-30d63777-602e-436c-89af-f006c04da6f6,2419,,,ONE,cassandra-1,True,False,3.377,2026-09-16T06:24:34.857857+00:00,
30d63777-602e-436c-89af-f006c04da6f6,monotonic_reads,network_partition,writer-1,write,mr-30d63777-602e-436c-89af-f006c04da6f6,2420,,,ONE,cassandra-1,True,False,3.589,2026-09-16T06:24:34.886038+00:00,
30d63777-602e-436c-89af-f006c04da6f6,monotonic_reads,network_partition,writer-1,write,mr-30d63777-602e-436c-89af-f006c04da6f6,2421,,,ONE,cassandra-1,True,False,3.535,2026-09-16T06:24:34.911460+00:00,
30d63777-602e-436c-89af-f006c04da6f6,monotonic_reads,network_partition,writer-1,write,mr-30d63777-602e-436c-89af-f006c04da6f6,2422,,,ONE,cassandra-1,True,False,3.732,2026-09-16T06:24:34.939758+00:00,
30d63777-602e-436c-89af-f006c04da6f6,monotonic_reads,network_partition,writer-1,write,mr-30d63777-602e-436c-89af-f006c04da6f6,2423,,,ONE,cassandra-1,True,False,3.26,2026-09-16T06:24:34.963584+00:00,
30d63777-602e-436c-89af-f006c04da6f6,monotonic_reads,network_partition,writer-1,write,mr-30d63777-602e-436c-89af-f006c04da6f6,2424,,,ONE,cassandra-1,True,False,3.741,2026-09-16T06:24:34.990518+00:00,
30d63777-602e-436c-89af-f006c04da6f6,monotonic_reads,network_partition,writer-1,write,mr-30d63777-602e-436c-89af-f006c04da6f6,2425,,,ONE,cassandra-1,True,False,3.208,2026-09-16T06:24:35.018409+00:00,
30d63777-602e-436c-89af-f006c04da6f6,monotonic_reads,network_partition,writer-1,write,mr-30d63777-602e-436c-89af-f006c04da6f6,2426,,,ONE,cassandra-1,True,False,3.079,2026-09-16T06:24:35.046248+00:00,
30d63777-602e-436c-89af-f006c04da6f6,monotonic_reads,network_partition,writer-1,write,mr-30d63777-602e-436c-89af-f006c04da6f6,2427,,,ONE,cassandra-1,True,False,3.732,2026-09-16T06:24:35.074786+00:00,
30d63777-602e-436c-89af-f006c04da6f6,monotonic_reads,network_partition,writer-1,write,mr-30d63777-602e-436c-89af-f006c04da6f6,2428,,,ONE,cassandra-1,True,False,3.771,2026-09-16T06:24:35.102047+00:00,
30d63777-602e-436c-89af-f006c04da6f6,monotonic_reads,network_partition,writer-1,write,mr-30d63777-602e-436c-89af-f006c04da6f6,2429,,,ONE,cassandra-1,True,False,3.682,2026-09-16T06:24:35.127665+00:00,
30d63777-602e-436c-89af-f006c04da6f6,monotonic_reads,network_partition,writer-1,write,mr-30d63777-602e-436c-89af-f006c04da6f6,2430,,,ONE,cassandra-1,True,False,3.833,2026-09-16T06:24:35.156748+00:00,
30d63777-602e-436c-89af-f006c04da6f6,monotonic_reads,network_partition,writer-1,write,mr-30d63777-602e-436c-89af-f006c04da6f6,2431,,,ONE,cassandra-1,True,False,4.693,2026-09-16T06:24:35.186029+00:00,
30d63777-602e-436c-89af-f006c04da6f6,monotonic_reads,network_partition,writer-1,write,mr-30d63777-602e-436c-89af-f006c04da6f6,2432,,,ONE,cassandra-1,True,False,3.196,2026-09-16T06:24:35.214291+00:00,
30d63777-602e-436c-89af-f006c04da6f6,monotonic_reads,network_partition,writer-1,write,mr-30d63777-602e-436c-89af-f006c04da6f6,2433,,,ONE,cassandra-1,True,False,3.829,2026-09-16T06:24:35.241754+00:00,
30d63777-602e-436c-89af-f006c04da6f6,monotonic_reads,network_partition,writer-1,write,mr-30d63777-602e-436c-89af-f006c04da6f6,2434,,,ONE,cassandra-1,True,False,3.345,2026-09-16T06:24:35.268228+00:00,
30d63777-602e-436c-89af-f006c04da6f6,monotonic_reads,network_partition,writer-1,write,mr-30d63777-602e-436c-89af-f006c04da6f6,2435,,,ONE,cassandra-1,True,False,2.8,2026-09-16T06:24:35.294713+00:00,
30d63777-602e-436c-89af-f006c04da6f6,monotonic_reads,network_partition,writer-1,write,mr-30d63777-602e-436c-89af-f006c04da6f6,2436,,,ONE,cassandra-1,True,False,3.009,2026-09-16T06:24:35.321314+00:00,
30d63777-602e-436c-89af-f006c04da6f6,monotonic_reads,network_partition,writer-1,write,mr-30d63777-602e-436c-89af-f006c04da6f6,2437,,,ONE,cassandra-1,True,False,3.469,2026-09-16T06:24:35.348775+00:00,
30d63777-602e-436c-89af-f006c04da6f6,monotonic_reads,network_partition,writer-1,write,mr-30d63777-602e-436c-89af-f006c04da6f6,2438,,,ONE,cassandra-1,True,False,1.533,2026-09-16T06:24:35.374775+00:00,
30d63777-602e-436c-89af-f006c04da6f6,monotonic_reads,network_partition,writer-1,write,mr-30d63777-602e-436c-89af-f006c04da6f6,2439,,,ONE,cassandra-1,True,False,3.275,2026-09-16T06:24:35.402170+00:00,
30d63777-602e-436c-89af-f006c04da6f6,monotonic_reads,network_partition,writer-1,write,mr-30d63777-602e-436c-89af-f006c04da6f6,2440,,,ONE,cassandra-1,True,False,3.782,2026-09-16T06:24:35.426702+00:00,
30d63777-602e-436c-89af-f006c04da6f6,monotonic_reads,network_partition,writer-1,write,mr-30d63777-602e-436c-89af-f006c04da6f6,2441,,,ONE,cassandra-1,True,False,3.123,2026-09-16T06:24:35.453019+00:00,
30d63777-602e-436c-89af-f006c04da6f6,monotonic_reads,network_partition,writer-1,write,mr-30d63777-602e-436c-89af-f006c04da6f6,2442,,,ONE,cassandra-1,True,False,4.185,2026-09-16T06:24:35.477610+00:00,
30d63777-602e-436c-89af-f006c04da6f6,monotonic_reads,network_partition,writer-1,write,mr-30d63777-602e-436c-89af-f006c04da6f6,2443,,,ONE,cassandra-1,True,False,2.098,2026-09-16T06:24:35.503734+00:00,
30d63777-602e-436c-89af-f006c04da6f6,monotonic_reads,network_partition,writer-1,write,mr-30d63777-602e-436c-89af-f006c04da6f6,2444,,,ONE,cassandra-1,True,False,2.947,2026-09-16T06:24:35.530871+00:00,
30d63777-602e-436c-89af-f006c04da6f6,monotonic_reads,network_partition,writer-1,write,mr-30d63777-602e-436c-89af-f006c04da6f6,2445,,,ONE,cassandra-1,True,False,3.349,2026-09-16T06:24:35.558620+00:00,
30d63777-602e-436c-89af-f006c04da6f6,monotonic_reads,network_partition,writer-1,write,mr-30d63777-602e-436c-89af-f006c04da6f6,2446,,,ONE,cassandra-1,True,False,3.412,2026-09-16T06:24:35.584662+00:00,
30d63777-602e-436c-89af-f006c04da6f6,monotonic_reads,network_partition,writer-1,write,mr-30d63777-602e-436c-89af-f006c04da6f6,2447,,,ONE,cassandra-1,True,False,2.947,2026-09-16T06:24:35.612391+00:00,
30d63777-602e-436c-89af-f006c04da6f6,monotonic_reads,network_partition,writer-1,write,mr-30d63777-602e-436c-89af-f006c04da6f6,2448,,,ONE,cassandra-1,True,False,3.847,2026-09-16T06:24:35.638800+00:00,
30d63777-602e-436c-89af-f006c04da6f6,monotonic_reads,network_partition,writer-1,write,mr-30d63777-602e-436c-89af-f006c04da6f6,2449,,,ONE,cassandra-1,True,False,3.162,2026-09-16T06:24:35.662991+00:00,
30d63777-602e-436c-89af-f006c04da6f6,monotonic_reads,network_partition,writer-1,write,mr-30d63777-602e-436c-89af-f006c04da6f6,2450,,,ONE,cassandra-1,True,False,2.7,2026-09-16T06:24:35.689827+00:00,
30d63777-602e-436c-89af-f006c04da6f6,monotonic_reads,network_partition,writer-1,write,mr-30d63777-602e-436c-89af-f006c04da6f6,2451,,,ONE,cassandra-1,True,False,4.112,2026-09-16T06:24:35.714900+00:00,
30d63777-602e-436c-89af-f006c04da6f6,monotonic_reads,network_partition,writer-1,write,mr-30d63777-602e-436c-89af-f006c04da6f6,2452,,,ONE,cassandra-1,True,False,1.76,2026-09-16T06:24:35.741553+00:00,
30d63777-602e-436c-89af-f006c04da6f6,monotonic_reads,network_partition,writer-1,write,mr-30d63777-602e-436c-89af-f006c04da6f6,2453,,,ONE,cassandra-1,True,False,2.849,2026-09-16T06:24:35.764591+00:00,
30d63777-602e-436c-89af-f006c04da6f6,monotonic_reads,network_partition,writer-1,write,mr-30d63777-602e-436c-89af-f006c04da6f6,2454,,,ONE,cassandra-1,True,False,3.307,2026-09-16T06:24:35.790732+00:00,
30d63777-602e-436c-89af-f006c04da6f6,monotonic_reads,network_partition,writer-1,write,mr-30d63777-602e-436c-89af-f006c04da6f6,2455,,,ONE,cassandra-1,True,False,3.581,2026-09-16T06:24:35.817485+00:00,
30d63777-602e-436c-89af-f006c04da6f6,monotonic_reads,network_partition,writer-1,write,mr-30d63777-602e-436c-89af-f006c04da6f6,2456,,,ONE,cassandra-1,True,False,3.409,2026-09-16T06:24:35.843733+00:00,
30d63777-602e-436c-89af-f006c04da6f6,monotonic_reads,network_partition,writer-1,write,mr-30d63777-602e-436c-89af-f006c04da6f6,2457,,,ONE,cassandra-1,True,False,2.448,2026-09-16T06:24:35.870590+00:00,
30d63777-602e-436c-89af-f006c04da6f6,monotonic_reads,network_partition,writer-1,write,mr-30d63777-602e-436c-89af-f006c04da6f6,2458,,,ONE,cassandra-1,True,False,2.953,2026-09-16T06:24:35.898196+00:00,
30d63777-602e-436c-89af-f006c04da6f6,monotonic_reads,network_partition,writer-1,write,mr-30d63777-602e-436c-89af-f006c04da6f6,2459,,,ONE,cassandra-1,True,False,3.514,2026-09-16T06:24:35.925449+00:00,
30d63777-602e-436c-89af-f006c04da6f6,monotonic_reads,network_partition,writer-1,write,mr-30d63777-602e-436c-89af-f006c04da6f6,2460,,,ONE,cassandra-1,True,False,3.114,2026-09-16T06:24:35.952772+00:00,
30d63777-602e-436c-89af-f006c04da6f6,monotonic_reads,network_partition,writer-1,write,mr-30d63777-602e-436c-89af-f006c04da6f6,2461,,,ONE,cassandra-1,True,False,3.127,2026-09-16T06:24:35.981114+00:00,
30d63777-602e-436c-89af-f006c04da6f6,monotonic_reads,network_partition,writer-1,write,mr-30d63777-602e-436c-89af-f006c04da6f6,2462,,,ONE,cassandra-1,True,False,3.79,2026-09-16T06:24:36.009705+00:00,
30d63777-602e-436c-89af-f006c04da6f6,monotonic_reads,network_partition,writer-1,write,mr-30d63777-602e-436c-89af-f006c04da6f6,2463,,,ONE,cassandra-1,True,False,1.865,2026-09-16T06:24:36.034773+00:00,
30d63777-602e-436c-89af-f006c04da6f6,monotonic_reads,network_partition,writer-1,write,mr-30d63777-602e-436c-89af-f006c04da6f6,2464,,,ONE,cassandra-1,True,False,3.382,2026-09-16T06:24:36.060297+00:00,
30d63777-602e-436c-89af-f006c04da6f6,monotonic_reads,network_partition,writer-1,write,mr-30d63777-602e-436c-89af-f006c04da6f6,2465,,,ONE,cassandra-1,True,False,2.484,2026-09-16T06:24:36.087442+00:00,
30d63777-602e-436c-89af-f006c04da6f6,monotonic_reads,network_partition,writer-1,write,mr-30d63777-602e-436c-89af-f006c04da6f6,2466,,,ONE,cassandra-1,True,False,4.02,2026-09-16T06:24:36.115939+00:00,
30d63777-602e-436c-89af-f006c04da6f6,monotonic_reads,network_partition,writer-1,write,mr-30d63777-602e-436c-89af-f006c04da6f6,2467,,,ONE,cassandra-1,True,False,3.07,2026-09-16T06:24:36.140501+00:00,
30d63777-602e-436c-89af-f006c04da6f6,monotonic_reads,network_partition,writer-1,write,mr-30d63777-602e-436c-89af-f006c04da6f6,2468,,,ONE,cassandra-1,True,False,3.212,2026-09-16T06:24:36.165797+00:00,
30d63777-602e-436c-89af-f006c04da6f6,monotonic_reads,network_partition,writer-1,write,mr-30d63777-602e-436c-89af-f006c04da6f6,2469,,,ONE,cassandra-1,True,False,1.394,2026-09-16T06:24:36.191682+00:00,
30d63777-602e-436c-89af-f006c04da6f6,monotonic_reads,network_partition,writer-1,write,mr-30d63777-602e-436c-89af-f006c04da6f6,2470,,,ONE,cassandra-1,True,False,3.675,2026-09-16T06:24:36.216587+00:00,
